

================================================================
== Vitis HLS Report for 'dense_latency_ap_fixed_16_6_5_3_0_ap_fixed_16_6_5_3_0_config5_s'
================================================================
* Date:           Tue Oct 14 14:45:44 2025

* Version:        2024.2 (Build 5238294 on Nov  8 2024)
* Project:        myproject_prj
* Solution:       solution1 (Vivado IP Flow Target)
* Product family: virtexuplus
* Target device:  xcu250-figd2104-2L-e


================================================================
== Performance Estimates
================================================================
+ Timing: 
    * Summary: 
    +--------+---------+----------+------------+
    |  Clock |  Target | Estimated| Uncertainty|
    +--------+---------+----------+------------+
    |ap_clk  |  5.00 ns|  3.480 ns|     1.35 ns|
    +--------+---------+----------+------------+

+ Latency: 
    * Summary: 
    +---------+---------+----------+----------+-----+-----+---------+
    |  Latency (cycles) |  Latency (absolute) |  Interval | Pipeline|
    |   min   |   max   |    min   |    max   | min | max |   Type  |
    +---------+---------+----------+----------+-----+-----+---------+
    |        1|        1|  5.000 ns|  5.000 ns|    1|    1|      yes|
    +---------+---------+----------+----------+-----+-----+---------+

    + Detail: 
        * Instance: 
        N/A

        * Loop: 
        N/A



================================================================
== Utilization Estimates
================================================================
* Summary: 
+---------------------+---------+-------+---------+---------+------+
|         Name        | BRAM_18K|  DSP  |    FF   |   LUT   | URAM |
+---------------------+---------+-------+---------+---------+------+
|DSP                  |        -|      -|        -|        -|     -|
|Expression           |        -|      -|        0|    52170|     -|
|FIFO                 |        -|      -|        -|        -|     -|
|Instance             |        -|   1017|        0|     5085|     -|
|Memory               |        -|      -|        -|        -|     -|
|Multiplexer          |        -|      -|        -|        -|     -|
|Register             |        -|      -|     8036|        -|     -|
+---------------------+---------+-------+---------+---------+------+
|Total                |        0|   1017|     8036|    57255|     0|
+---------------------+---------+-------+---------+---------+------+
|Available SLR        |     1344|   3072|   864000|   432000|   320|
+---------------------+---------+-------+---------+---------+------+
|Utilization SLR (%)  |        0|     33|       ~0|       13|     0|
+---------------------+---------+-------+---------+---------+------+
|Available            |     5376|  12288|  3456000|  1728000|  1280|
+---------------------+---------+-------+---------+---------+------+
|Utilization (%)      |        0|      8|       ~0|        3|     0|
+---------------------+---------+-------+---------+---------+------+

+ Detail: 
    * Instance: 
    +---------------------------+---------------------+---------+----+---+----+-----+
    |          Instance         |        Module       | BRAM_18K| DSP| FF| LUT| URAM|
    +---------------------------+---------------------+---------+----+---+----+-----+
    |mul_16s_10ns_26_1_1_U767   |mul_16s_10ns_26_1_1  |        0|   1|  0|   5|    0|
    |mul_16s_10ns_26_1_1_U804   |mul_16s_10ns_26_1_1  |        0|   1|  0|   5|    0|
    |mul_16s_10ns_26_1_1_U821   |mul_16s_10ns_26_1_1  |        0|   1|  0|   5|    0|
    |mul_16s_10ns_26_1_1_U833   |mul_16s_10ns_26_1_1  |        0|   1|  0|   5|    0|
    |mul_16s_10ns_26_1_1_U837   |mul_16s_10ns_26_1_1  |        0|   1|  0|   5|    0|
    |mul_16s_10ns_26_1_1_U842   |mul_16s_10ns_26_1_1  |        0|   1|  0|   5|    0|
    |mul_16s_10ns_26_1_1_U845   |mul_16s_10ns_26_1_1  |        0|   1|  0|   5|    0|
    |mul_16s_10ns_26_1_1_U850   |mul_16s_10ns_26_1_1  |        0|   1|  0|   5|    0|
    |mul_16s_10ns_26_1_1_U855   |mul_16s_10ns_26_1_1  |        0|   1|  0|   5|    0|
    |mul_16s_10ns_26_1_1_U875   |mul_16s_10ns_26_1_1  |        0|   1|  0|   5|    0|
    |mul_16s_10ns_26_1_1_U877   |mul_16s_10ns_26_1_1  |        0|   1|  0|   5|    0|
    |mul_16s_10ns_26_1_1_U899   |mul_16s_10ns_26_1_1  |        0|   1|  0|   5|    0|
    |mul_16s_10ns_26_1_1_U902   |mul_16s_10ns_26_1_1  |        0|   1|  0|   5|    0|
    |mul_16s_10ns_26_1_1_U904   |mul_16s_10ns_26_1_1  |        0|   1|  0|   5|    0|
    |mul_16s_10ns_26_1_1_U905   |mul_16s_10ns_26_1_1  |        0|   1|  0|   5|    0|
    |mul_16s_10ns_26_1_1_U908   |mul_16s_10ns_26_1_1  |        0|   1|  0|   5|    0|
    |mul_16s_10ns_26_1_1_U922   |mul_16s_10ns_26_1_1  |        0|   1|  0|   5|    0|
    |mul_16s_10ns_26_1_1_U923   |mul_16s_10ns_26_1_1  |        0|   1|  0|   5|    0|
    |mul_16s_10ns_26_1_1_U957   |mul_16s_10ns_26_1_1  |        0|   1|  0|   5|    0|
    |mul_16s_10ns_26_1_1_U970   |mul_16s_10ns_26_1_1  |        0|   1|  0|   5|    0|
    |mul_16s_10ns_26_1_1_U1003  |mul_16s_10ns_26_1_1  |        0|   1|  0|   5|    0|
    |mul_16s_10ns_26_1_1_U1020  |mul_16s_10ns_26_1_1  |        0|   1|  0|   5|    0|
    |mul_16s_10ns_26_1_1_U1025  |mul_16s_10ns_26_1_1  |        0|   1|  0|   5|    0|
    |mul_16s_10ns_26_1_1_U1028  |mul_16s_10ns_26_1_1  |        0|   1|  0|   5|    0|
    |mul_16s_10ns_26_1_1_U1038  |mul_16s_10ns_26_1_1  |        0|   1|  0|   5|    0|
    |mul_16s_10ns_26_1_1_U1041  |mul_16s_10ns_26_1_1  |        0|   1|  0|   5|    0|
    |mul_16s_10ns_26_1_1_U1050  |mul_16s_10ns_26_1_1  |        0|   1|  0|   5|    0|
    |mul_16s_10ns_26_1_1_U1054  |mul_16s_10ns_26_1_1  |        0|   1|  0|   5|    0|
    |mul_16s_10ns_26_1_1_U1058  |mul_16s_10ns_26_1_1  |        0|   1|  0|   5|    0|
    |mul_16s_10ns_26_1_1_U1061  |mul_16s_10ns_26_1_1  |        0|   1|  0|   5|    0|
    |mul_16s_10ns_26_1_1_U1083  |mul_16s_10ns_26_1_1  |        0|   1|  0|   5|    0|
    |mul_16s_10ns_26_1_1_U1085  |mul_16s_10ns_26_1_1  |        0|   1|  0|   5|    0|
    |mul_16s_10ns_26_1_1_U1094  |mul_16s_10ns_26_1_1  |        0|   1|  0|   5|    0|
    |mul_16s_10ns_26_1_1_U1096  |mul_16s_10ns_26_1_1  |        0|   1|  0|   5|    0|
    |mul_16s_10ns_26_1_1_U1101  |mul_16s_10ns_26_1_1  |        0|   1|  0|   5|    0|
    |mul_16s_10ns_26_1_1_U1122  |mul_16s_10ns_26_1_1  |        0|   1|  0|   5|    0|
    |mul_16s_10ns_26_1_1_U1164  |mul_16s_10ns_26_1_1  |        0|   1|  0|   5|    0|
    |mul_16s_10ns_26_1_1_U1165  |mul_16s_10ns_26_1_1  |        0|   1|  0|   5|    0|
    |mul_16s_10ns_26_1_1_U1166  |mul_16s_10ns_26_1_1  |        0|   1|  0|   5|    0|
    |mul_16s_10ns_26_1_1_U1170  |mul_16s_10ns_26_1_1  |        0|   1|  0|   5|    0|
    |mul_16s_10ns_26_1_1_U1181  |mul_16s_10ns_26_1_1  |        0|   1|  0|   5|    0|
    |mul_16s_10ns_26_1_1_U1183  |mul_16s_10ns_26_1_1  |        0|   1|  0|   5|    0|
    |mul_16s_10ns_26_1_1_U1191  |mul_16s_10ns_26_1_1  |        0|   1|  0|   5|    0|
    |mul_16s_10ns_26_1_1_U1199  |mul_16s_10ns_26_1_1  |        0|   1|  0|   5|    0|
    |mul_16s_10ns_26_1_1_U1204  |mul_16s_10ns_26_1_1  |        0|   1|  0|   5|    0|
    |mul_16s_10ns_26_1_1_U1209  |mul_16s_10ns_26_1_1  |        0|   1|  0|   5|    0|
    |mul_16s_10ns_26_1_1_U1223  |mul_16s_10ns_26_1_1  |        0|   1|  0|   5|    0|
    |mul_16s_10ns_26_1_1_U1228  |mul_16s_10ns_26_1_1  |        0|   1|  0|   5|    0|
    |mul_16s_10ns_26_1_1_U1238  |mul_16s_10ns_26_1_1  |        0|   1|  0|   5|    0|
    |mul_16s_10ns_26_1_1_U1242  |mul_16s_10ns_26_1_1  |        0|   1|  0|   5|    0|
    |mul_16s_10ns_26_1_1_U1248  |mul_16s_10ns_26_1_1  |        0|   1|  0|   5|    0|
    |mul_16s_10ns_26_1_1_U1253  |mul_16s_10ns_26_1_1  |        0|   1|  0|   5|    0|
    |mul_16s_10ns_26_1_1_U1285  |mul_16s_10ns_26_1_1  |        0|   1|  0|   5|    0|
    |mul_16s_10ns_26_1_1_U1287  |mul_16s_10ns_26_1_1  |        0|   1|  0|   5|    0|
    |mul_16s_10ns_26_1_1_U1302  |mul_16s_10ns_26_1_1  |        0|   1|  0|   5|    0|
    |mul_16s_10ns_26_1_1_U1320  |mul_16s_10ns_26_1_1  |        0|   1|  0|   5|    0|
    |mul_16s_10ns_26_1_1_U1329  |mul_16s_10ns_26_1_1  |        0|   1|  0|   5|    0|
    |mul_16s_10ns_26_1_1_U1353  |mul_16s_10ns_26_1_1  |        0|   1|  0|   5|    0|
    |mul_16s_10ns_26_1_1_U1358  |mul_16s_10ns_26_1_1  |        0|   1|  0|   5|    0|
    |mul_16s_10ns_26_1_1_U1368  |mul_16s_10ns_26_1_1  |        0|   1|  0|   5|    0|
    |mul_16s_10ns_26_1_1_U1377  |mul_16s_10ns_26_1_1  |        0|   1|  0|   5|    0|
    |mul_16s_10ns_26_1_1_U1379  |mul_16s_10ns_26_1_1  |        0|   1|  0|   5|    0|
    |mul_16s_10ns_26_1_1_U1395  |mul_16s_10ns_26_1_1  |        0|   1|  0|   5|    0|
    |mul_16s_10ns_26_1_1_U1401  |mul_16s_10ns_26_1_1  |        0|   1|  0|   5|    0|
    |mul_16s_10ns_26_1_1_U1409  |mul_16s_10ns_26_1_1  |        0|   1|  0|   5|    0|
    |mul_16s_10ns_26_1_1_U1429  |mul_16s_10ns_26_1_1  |        0|   1|  0|   5|    0|
    |mul_16s_10ns_26_1_1_U1431  |mul_16s_10ns_26_1_1  |        0|   1|  0|   5|    0|
    |mul_16s_10ns_26_1_1_U1445  |mul_16s_10ns_26_1_1  |        0|   1|  0|   5|    0|
    |mul_16s_10ns_26_1_1_U1461  |mul_16s_10ns_26_1_1  |        0|   1|  0|   5|    0|
    |mul_16s_10ns_26_1_1_U1467  |mul_16s_10ns_26_1_1  |        0|   1|  0|   5|    0|
    |mul_16s_10ns_26_1_1_U1533  |mul_16s_10ns_26_1_1  |        0|   1|  0|   5|    0|
    |mul_16s_10ns_26_1_1_U1549  |mul_16s_10ns_26_1_1  |        0|   1|  0|   5|    0|
    |mul_16s_10ns_26_1_1_U1551  |mul_16s_10ns_26_1_1  |        0|   1|  0|   5|    0|
    |mul_16s_10ns_26_1_1_U1572  |mul_16s_10ns_26_1_1  |        0|   1|  0|   5|    0|
    |mul_16s_10ns_26_1_1_U1573  |mul_16s_10ns_26_1_1  |        0|   1|  0|   5|    0|
    |mul_16s_10ns_26_1_1_U1578  |mul_16s_10ns_26_1_1  |        0|   1|  0|   5|    0|
    |mul_16s_10ns_26_1_1_U1587  |mul_16s_10ns_26_1_1  |        0|   1|  0|   5|    0|
    |mul_16s_10ns_26_1_1_U1599  |mul_16s_10ns_26_1_1  |        0|   1|  0|   5|    0|
    |mul_16s_10ns_26_1_1_U1616  |mul_16s_10ns_26_1_1  |        0|   1|  0|   5|    0|
    |mul_16s_10ns_26_1_1_U1618  |mul_16s_10ns_26_1_1  |        0|   1|  0|   5|    0|
    |mul_16s_10ns_26_1_1_U1634  |mul_16s_10ns_26_1_1  |        0|   1|  0|   5|    0|
    |mul_16s_10ns_26_1_1_U1642  |mul_16s_10ns_26_1_1  |        0|   1|  0|   5|    0|
    |mul_16s_10ns_26_1_1_U1672  |mul_16s_10ns_26_1_1  |        0|   1|  0|   5|    0|
    |mul_16s_10ns_26_1_1_U1676  |mul_16s_10ns_26_1_1  |        0|   1|  0|   5|    0|
    |mul_16s_10ns_26_1_1_U1680  |mul_16s_10ns_26_1_1  |        0|   1|  0|   5|    0|
    |mul_16s_10ns_26_1_1_U1687  |mul_16s_10ns_26_1_1  |        0|   1|  0|   5|    0|
    |mul_16s_10ns_26_1_1_U1698  |mul_16s_10ns_26_1_1  |        0|   1|  0|   5|    0|
    |mul_16s_10ns_26_1_1_U1705  |mul_16s_10ns_26_1_1  |        0|   1|  0|   5|    0|
    |mul_16s_10ns_26_1_1_U1728  |mul_16s_10ns_26_1_1  |        0|   1|  0|   5|    0|
    |mul_16s_10ns_26_1_1_U1737  |mul_16s_10ns_26_1_1  |        0|   1|  0|   5|    0|
    |mul_16s_10ns_26_1_1_U1744  |mul_16s_10ns_26_1_1  |        0|   1|  0|   5|    0|
    |mul_16s_10ns_26_1_1_U1747  |mul_16s_10ns_26_1_1  |        0|   1|  0|   5|    0|
    |mul_16s_10s_26_1_1_U768    |mul_16s_10s_26_1_1   |        0|   1|  0|   5|    0|
    |mul_16s_10s_26_1_1_U784    |mul_16s_10s_26_1_1   |        0|   1|  0|   5|    0|
    |mul_16s_10s_26_1_1_U818    |mul_16s_10s_26_1_1   |        0|   1|  0|   5|    0|
    |mul_16s_10s_26_1_1_U840    |mul_16s_10s_26_1_1   |        0|   1|  0|   5|    0|
    |mul_16s_10s_26_1_1_U857    |mul_16s_10s_26_1_1   |        0|   1|  0|   5|    0|
    |mul_16s_10s_26_1_1_U864    |mul_16s_10s_26_1_1   |        0|   1|  0|   5|    0|
    |mul_16s_10s_26_1_1_U890    |mul_16s_10s_26_1_1   |        0|   1|  0|   5|    0|
    |mul_16s_10s_26_1_1_U910    |mul_16s_10s_26_1_1   |        0|   1|  0|   5|    0|
    |mul_16s_10s_26_1_1_U947    |mul_16s_10s_26_1_1   |        0|   1|  0|   5|    0|
    |mul_16s_10s_26_1_1_U972    |mul_16s_10s_26_1_1   |        0|   1|  0|   5|    0|
    |mul_16s_10s_26_1_1_U974    |mul_16s_10s_26_1_1   |        0|   1|  0|   5|    0|
    |mul_16s_10s_26_1_1_U1046   |mul_16s_10s_26_1_1   |        0|   1|  0|   5|    0|
    |mul_16s_10s_26_1_1_U1051   |mul_16s_10s_26_1_1   |        0|   1|  0|   5|    0|
    |mul_16s_10s_26_1_1_U1057   |mul_16s_10s_26_1_1   |        0|   1|  0|   5|    0|
    |mul_16s_10s_26_1_1_U1066   |mul_16s_10s_26_1_1   |        0|   1|  0|   5|    0|
    |mul_16s_10s_26_1_1_U1104   |mul_16s_10s_26_1_1   |        0|   1|  0|   5|    0|
    |mul_16s_10s_26_1_1_U1119   |mul_16s_10s_26_1_1   |        0|   1|  0|   5|    0|
    |mul_16s_10s_26_1_1_U1123   |mul_16s_10s_26_1_1   |        0|   1|  0|   5|    0|
    |mul_16s_10s_26_1_1_U1124   |mul_16s_10s_26_1_1   |        0|   1|  0|   5|    0|
    |mul_16s_10s_26_1_1_U1208   |mul_16s_10s_26_1_1   |        0|   1|  0|   5|    0|
    |mul_16s_10s_26_1_1_U1217   |mul_16s_10s_26_1_1   |        0|   1|  0|   5|    0|
    |mul_16s_10s_26_1_1_U1279   |mul_16s_10s_26_1_1   |        0|   1|  0|   5|    0|
    |mul_16s_10s_26_1_1_U1283   |mul_16s_10s_26_1_1   |        0|   1|  0|   5|    0|
    |mul_16s_10s_26_1_1_U1294   |mul_16s_10s_26_1_1   |        0|   1|  0|   5|    0|
    |mul_16s_10s_26_1_1_U1299   |mul_16s_10s_26_1_1   |        0|   1|  0|   5|    0|
    |mul_16s_10s_26_1_1_U1322   |mul_16s_10s_26_1_1   |        0|   1|  0|   5|    0|
    |mul_16s_10s_26_1_1_U1357   |mul_16s_10s_26_1_1   |        0|   1|  0|   5|    0|
    |mul_16s_10s_26_1_1_U1370   |mul_16s_10s_26_1_1   |        0|   1|  0|   5|    0|
    |mul_16s_10s_26_1_1_U1371   |mul_16s_10s_26_1_1   |        0|   1|  0|   5|    0|
    |mul_16s_10s_26_1_1_U1386   |mul_16s_10s_26_1_1   |        0|   1|  0|   5|    0|
    |mul_16s_10s_26_1_1_U1397   |mul_16s_10s_26_1_1   |        0|   1|  0|   5|    0|
    |mul_16s_10s_26_1_1_U1464   |mul_16s_10s_26_1_1   |        0|   1|  0|   5|    0|
    |mul_16s_10s_26_1_1_U1472   |mul_16s_10s_26_1_1   |        0|   1|  0|   5|    0|
    |mul_16s_10s_26_1_1_U1496   |mul_16s_10s_26_1_1   |        0|   1|  0|   5|    0|
    |mul_16s_10s_26_1_1_U1522   |mul_16s_10s_26_1_1   |        0|   1|  0|   5|    0|
    |mul_16s_10s_26_1_1_U1558   |mul_16s_10s_26_1_1   |        0|   1|  0|   5|    0|
    |mul_16s_10s_26_1_1_U1560   |mul_16s_10s_26_1_1   |        0|   1|  0|   5|    0|
    |mul_16s_10s_26_1_1_U1604   |mul_16s_10s_26_1_1   |        0|   1|  0|   5|    0|
    |mul_16s_10s_26_1_1_U1620   |mul_16s_10s_26_1_1   |        0|   1|  0|   5|    0|
    |mul_16s_10s_26_1_1_U1635   |mul_16s_10s_26_1_1   |        0|   1|  0|   5|    0|
    |mul_16s_10s_26_1_1_U1644   |mul_16s_10s_26_1_1   |        0|   1|  0|   5|    0|
    |mul_16s_10s_26_1_1_U1645   |mul_16s_10s_26_1_1   |        0|   1|  0|   5|    0|
    |mul_16s_10s_26_1_1_U1681   |mul_16s_10s_26_1_1   |        0|   1|  0|   5|    0|
    |mul_16s_10s_26_1_1_U1725   |mul_16s_10s_26_1_1   |        0|   1|  0|   5|    0|
    |mul_16s_10s_26_1_1_U1733   |mul_16s_10s_26_1_1   |        0|   1|  0|   5|    0|
    |mul_16s_10s_26_1_1_U1735   |mul_16s_10s_26_1_1   |        0|   1|  0|   5|    0|
    |mul_16s_10s_26_1_1_U1776   |mul_16s_10s_26_1_1   |        0|   1|  0|   5|    0|
    |mul_16s_11ns_26_1_1_U1774  |mul_16s_11ns_26_1_1  |        0|   1|  0|   5|    0|
    |mul_16s_11s_26_1_1_U913    |mul_16s_11s_26_1_1   |        0|   1|  0|   5|    0|
    |mul_16s_11s_26_1_1_U1047   |mul_16s_11s_26_1_1   |        0|   1|  0|   5|    0|
    |mul_16s_11s_26_1_1_U1093   |mul_16s_11s_26_1_1   |        0|   1|  0|   5|    0|
    |mul_16s_11s_26_1_1_U1111   |mul_16s_11s_26_1_1   |        0|   1|  0|   5|    0|
    |mul_16s_11s_26_1_1_U1134   |mul_16s_11s_26_1_1   |        0|   1|  0|   5|    0|
    |mul_16s_11s_26_1_1_U1154   |mul_16s_11s_26_1_1   |        0|   1|  0|   5|    0|
    |mul_16s_11s_26_1_1_U1213   |mul_16s_11s_26_1_1   |        0|   1|  0|   5|    0|
    |mul_16s_11s_26_1_1_U1308   |mul_16s_11s_26_1_1   |        0|   1|  0|   5|    0|
    |mul_16s_11s_26_1_1_U1328   |mul_16s_11s_26_1_1   |        0|   1|  0|   5|    0|
    |mul_16s_11s_26_1_1_U1437   |mul_16s_11s_26_1_1   |        0|   1|  0|   5|    0|
    |mul_16s_11s_26_1_1_U1713   |mul_16s_11s_26_1_1   |        0|   1|  0|   5|    0|
    |mul_16s_11s_26_1_1_U1772   |mul_16s_11s_26_1_1   |        0|   1|  0|   5|    0|
    |mul_16s_12s_26_1_1_U1505   |mul_16s_12s_26_1_1   |        0|   1|  0|   5|    0|
    |mul_16s_5ns_21_1_1_U789    |mul_16s_5ns_21_1_1   |        0|   1|  0|   5|    0|
    |mul_16s_5ns_21_1_1_U1073   |mul_16s_5ns_21_1_1   |        0|   1|  0|   5|    0|
    |mul_16s_5ns_21_1_1_U1098   |mul_16s_5ns_21_1_1   |        0|   1|  0|   5|    0|
    |mul_16s_5ns_21_1_1_U1190   |mul_16s_5ns_21_1_1   |        0|   1|  0|   5|    0|
    |mul_16s_5ns_21_1_1_U1546   |mul_16s_5ns_21_1_1   |        0|   1|  0|   5|    0|
    |mul_16s_5ns_21_1_1_U1580   |mul_16s_5ns_21_1_1   |        0|   1|  0|   5|    0|
    |mul_16s_5ns_21_1_1_U1617   |mul_16s_5ns_21_1_1   |        0|   1|  0|   5|    0|
    |mul_16s_5ns_21_1_1_U1690   |mul_16s_5ns_21_1_1   |        0|   1|  0|   5|    0|
    |mul_16s_5ns_21_1_1_U1701   |mul_16s_5ns_21_1_1   |        0|   1|  0|   5|    0|
    |mul_16s_5ns_21_1_1_U1767   |mul_16s_5ns_21_1_1   |        0|   1|  0|   5|    0|
    |mul_16s_5s_21_1_1_U778     |mul_16s_5s_21_1_1    |        0|   1|  0|   5|    0|
    |mul_16s_5s_21_1_1_U959     |mul_16s_5s_21_1_1    |        0|   1|  0|   5|    0|
    |mul_16s_5s_21_1_1_U964     |mul_16s_5s_21_1_1    |        0|   1|  0|   5|    0|
    |mul_16s_5s_21_1_1_U1143    |mul_16s_5s_21_1_1    |        0|   1|  0|   5|    0|
    |mul_16s_5s_21_1_1_U1301    |mul_16s_5s_21_1_1    |        0|   1|  0|   5|    0|
    |mul_16s_5s_21_1_1_U1383    |mul_16s_5s_21_1_1    |        0|   1|  0|   5|    0|
    |mul_16s_5s_21_1_1_U1425    |mul_16s_5s_21_1_1    |        0|   1|  0|   5|    0|
    |mul_16s_5s_21_1_1_U1449    |mul_16s_5s_21_1_1    |        0|   1|  0|   5|    0|
    |mul_16s_5s_21_1_1_U1493    |mul_16s_5s_21_1_1    |        0|   1|  0|   5|    0|
    |mul_16s_5s_21_1_1_U1583    |mul_16s_5s_21_1_1    |        0|   1|  0|   5|    0|
    |mul_16s_5s_21_1_1_U1597    |mul_16s_5s_21_1_1    |        0|   1|  0|   5|    0|
    |mul_16s_6ns_22_1_1_U779    |mul_16s_6ns_22_1_1   |        0|   1|  0|   5|    0|
    |mul_16s_6ns_22_1_1_U791    |mul_16s_6ns_22_1_1   |        0|   1|  0|   5|    0|
    |mul_16s_6ns_22_1_1_U795    |mul_16s_6ns_22_1_1   |        0|   1|  0|   5|    0|
    |mul_16s_6ns_22_1_1_U799    |mul_16s_6ns_22_1_1   |        0|   1|  0|   5|    0|
    |mul_16s_6ns_22_1_1_U802    |mul_16s_6ns_22_1_1   |        0|   1|  0|   5|    0|
    |mul_16s_6ns_22_1_1_U807    |mul_16s_6ns_22_1_1   |        0|   1|  0|   5|    0|
    |mul_16s_6ns_22_1_1_U814    |mul_16s_6ns_22_1_1   |        0|   1|  0|   5|    0|
    |mul_16s_6ns_22_1_1_U874    |mul_16s_6ns_22_1_1   |        0|   1|  0|   5|    0|
    |mul_16s_6ns_22_1_1_U881    |mul_16s_6ns_22_1_1   |        0|   1|  0|   5|    0|
    |mul_16s_6ns_22_1_1_U911    |mul_16s_6ns_22_1_1   |        0|   1|  0|   5|    0|
    |mul_16s_6ns_22_1_1_U948    |mul_16s_6ns_22_1_1   |        0|   1|  0|   5|    0|
    |mul_16s_6ns_22_1_1_U1002   |mul_16s_6ns_22_1_1   |        0|   1|  0|   5|    0|
    |mul_16s_6ns_22_1_1_U1023   |mul_16s_6ns_22_1_1   |        0|   1|  0|   5|    0|
    |mul_16s_6ns_22_1_1_U1026   |mul_16s_6ns_22_1_1   |        0|   1|  0|   5|    0|
    |mul_16s_6ns_22_1_1_U1034   |mul_16s_6ns_22_1_1   |        0|   1|  0|   5|    0|
    |mul_16s_6ns_22_1_1_U1059   |mul_16s_6ns_22_1_1   |        0|   1|  0|   5|    0|
    |mul_16s_6ns_22_1_1_U1060   |mul_16s_6ns_22_1_1   |        0|   1|  0|   5|    0|
    |mul_16s_6ns_22_1_1_U1138   |mul_16s_6ns_22_1_1   |        0|   1|  0|   5|    0|
    |mul_16s_6ns_22_1_1_U1159   |mul_16s_6ns_22_1_1   |        0|   1|  0|   5|    0|
    |mul_16s_6ns_22_1_1_U1175   |mul_16s_6ns_22_1_1   |        0|   1|  0|   5|    0|
    |mul_16s_6ns_22_1_1_U1186   |mul_16s_6ns_22_1_1   |        0|   1|  0|   5|    0|
    |mul_16s_6ns_22_1_1_U1239   |mul_16s_6ns_22_1_1   |        0|   1|  0|   5|    0|
    |mul_16s_6ns_22_1_1_U1260   |mul_16s_6ns_22_1_1   |        0|   1|  0|   5|    0|
    |mul_16s_6ns_22_1_1_U1304   |mul_16s_6ns_22_1_1   |        0|   1|  0|   5|    0|
    |mul_16s_6ns_22_1_1_U1345   |mul_16s_6ns_22_1_1   |        0|   1|  0|   5|    0|
    |mul_16s_6ns_22_1_1_U1367   |mul_16s_6ns_22_1_1   |        0|   1|  0|   5|    0|
    |mul_16s_6ns_22_1_1_U1430   |mul_16s_6ns_22_1_1   |        0|   1|  0|   5|    0|
    |mul_16s_6ns_22_1_1_U1460   |mul_16s_6ns_22_1_1   |        0|   1|  0|   5|    0|
    |mul_16s_6ns_22_1_1_U1468   |mul_16s_6ns_22_1_1   |        0|   1|  0|   5|    0|
    |mul_16s_6ns_22_1_1_U1539   |mul_16s_6ns_22_1_1   |        0|   1|  0|   5|    0|
    |mul_16s_6ns_22_1_1_U1579   |mul_16s_6ns_22_1_1   |        0|   1|  0|   5|    0|
    |mul_16s_6ns_22_1_1_U1623   |mul_16s_6ns_22_1_1   |        0|   1|  0|   5|    0|
    |mul_16s_6ns_22_1_1_U1632   |mul_16s_6ns_22_1_1   |        0|   1|  0|   5|    0|
    |mul_16s_6ns_22_1_1_U1636   |mul_16s_6ns_22_1_1   |        0|   1|  0|   5|    0|
    |mul_16s_6ns_22_1_1_U1641   |mul_16s_6ns_22_1_1   |        0|   1|  0|   5|    0|
    |mul_16s_6ns_22_1_1_U1675   |mul_16s_6ns_22_1_1   |        0|   1|  0|   5|    0|
    |mul_16s_6ns_22_1_1_U1677   |mul_16s_6ns_22_1_1   |        0|   1|  0|   5|    0|
    |mul_16s_6ns_22_1_1_U1716   |mul_16s_6ns_22_1_1   |        0|   1|  0|   5|    0|
    |mul_16s_6ns_22_1_1_U1726   |mul_16s_6ns_22_1_1   |        0|   1|  0|   5|    0|
    |mul_16s_6ns_22_1_1_U1731   |mul_16s_6ns_22_1_1   |        0|   1|  0|   5|    0|
    |mul_16s_6ns_22_1_1_U1740   |mul_16s_6ns_22_1_1   |        0|   1|  0|   5|    0|
    |mul_16s_6ns_22_1_1_U1750   |mul_16s_6ns_22_1_1   |        0|   1|  0|   5|    0|
    |mul_16s_6s_22_1_1_U764     |mul_16s_6s_22_1_1    |        0|   1|  0|   5|    0|
    |mul_16s_6s_22_1_1_U769     |mul_16s_6s_22_1_1    |        0|   1|  0|   5|    0|
    |mul_16s_6s_22_1_1_U780     |mul_16s_6s_22_1_1    |        0|   1|  0|   5|    0|
    |mul_16s_6s_22_1_1_U783     |mul_16s_6s_22_1_1    |        0|   1|  0|   5|    0|
    |mul_16s_6s_22_1_1_U848     |mul_16s_6s_22_1_1    |        0|   1|  0|   5|    0|
    |mul_16s_6s_22_1_1_U849     |mul_16s_6s_22_1_1    |        0|   1|  0|   5|    0|
    |mul_16s_6s_22_1_1_U854     |mul_16s_6s_22_1_1    |        0|   1|  0|   5|    0|
    |mul_16s_6s_22_1_1_U870     |mul_16s_6s_22_1_1    |        0|   1|  0|   5|    0|
    |mul_16s_6s_22_1_1_U873     |mul_16s_6s_22_1_1    |        0|   1|  0|   5|    0|
    |mul_16s_6s_22_1_1_U880     |mul_16s_6s_22_1_1    |        0|   1|  0|   5|    0|
    |mul_16s_6s_22_1_1_U973     |mul_16s_6s_22_1_1    |        0|   1|  0|   5|    0|
    |mul_16s_6s_22_1_1_U1014    |mul_16s_6s_22_1_1    |        0|   1|  0|   5|    0|
    |mul_16s_6s_22_1_1_U1039    |mul_16s_6s_22_1_1    |        0|   1|  0|   5|    0|
    |mul_16s_6s_22_1_1_U1049    |mul_16s_6s_22_1_1    |        0|   1|  0|   5|    0|
    |mul_16s_6s_22_1_1_U1110    |mul_16s_6s_22_1_1    |        0|   1|  0|   5|    0|
    |mul_16s_6s_22_1_1_U1112    |mul_16s_6s_22_1_1    |        0|   1|  0|   5|    0|
    |mul_16s_6s_22_1_1_U1116    |mul_16s_6s_22_1_1    |        0|   1|  0|   5|    0|
    |mul_16s_6s_22_1_1_U1184    |mul_16s_6s_22_1_1    |        0|   1|  0|   5|    0|
    |mul_16s_6s_22_1_1_U1243    |mul_16s_6s_22_1_1    |        0|   1|  0|   5|    0|
    |mul_16s_6s_22_1_1_U1269    |mul_16s_6s_22_1_1    |        0|   1|  0|   5|    0|
    |mul_16s_6s_22_1_1_U1289    |mul_16s_6s_22_1_1    |        0|   1|  0|   5|    0|
    |mul_16s_6s_22_1_1_U1330    |mul_16s_6s_22_1_1    |        0|   1|  0|   5|    0|
    |mul_16s_6s_22_1_1_U1351    |mul_16s_6s_22_1_1    |        0|   1|  0|   5|    0|
    |mul_16s_6s_22_1_1_U1362    |mul_16s_6s_22_1_1    |        0|   1|  0|   5|    0|
    |mul_16s_6s_22_1_1_U1380    |mul_16s_6s_22_1_1    |        0|   1|  0|   5|    0|
    |mul_16s_6s_22_1_1_U1381    |mul_16s_6s_22_1_1    |        0|   1|  0|   5|    0|
    |mul_16s_6s_22_1_1_U1415    |mul_16s_6s_22_1_1    |        0|   1|  0|   5|    0|
    |mul_16s_6s_22_1_1_U1426    |mul_16s_6s_22_1_1    |        0|   1|  0|   5|    0|
    |mul_16s_6s_22_1_1_U1433    |mul_16s_6s_22_1_1    |        0|   1|  0|   5|    0|
    |mul_16s_6s_22_1_1_U1447    |mul_16s_6s_22_1_1    |        0|   1|  0|   5|    0|
    |mul_16s_6s_22_1_1_U1529    |mul_16s_6s_22_1_1    |        0|   1|  0|   5|    0|
    |mul_16s_6s_22_1_1_U1568    |mul_16s_6s_22_1_1    |        0|   1|  0|   5|    0|
    |mul_16s_6s_22_1_1_U1601    |mul_16s_6s_22_1_1    |        0|   1|  0|   5|    0|
    |mul_16s_6s_22_1_1_U1633    |mul_16s_6s_22_1_1    |        0|   1|  0|   5|    0|
    |mul_16s_6s_22_1_1_U1646    |mul_16s_6s_22_1_1    |        0|   1|  0|   5|    0|
    |mul_16s_6s_22_1_1_U1730    |mul_16s_6s_22_1_1    |        0|   1|  0|   5|    0|
    |mul_16s_6s_22_1_1_U1757    |mul_16s_6s_22_1_1    |        0|   1|  0|   5|    0|
    |mul_16s_7ns_23_1_1_U765    |mul_16s_7ns_23_1_1   |        0|   1|  0|   5|    0|
    |mul_16s_7ns_23_1_1_U775    |mul_16s_7ns_23_1_1   |        0|   1|  0|   5|    0|
    |mul_16s_7ns_23_1_1_U777    |mul_16s_7ns_23_1_1   |        0|   1|  0|   5|    0|
    |mul_16s_7ns_23_1_1_U788    |mul_16s_7ns_23_1_1   |        0|   1|  0|   5|    0|
    |mul_16s_7ns_23_1_1_U803    |mul_16s_7ns_23_1_1   |        0|   1|  0|   5|    0|
    |mul_16s_7ns_23_1_1_U812    |mul_16s_7ns_23_1_1   |        0|   1|  0|   5|    0|
    |mul_16s_7ns_23_1_1_U815    |mul_16s_7ns_23_1_1   |        0|   1|  0|   5|    0|
    |mul_16s_7ns_23_1_1_U823    |mul_16s_7ns_23_1_1   |        0|   1|  0|   5|    0|
    |mul_16s_7ns_23_1_1_U826    |mul_16s_7ns_23_1_1   |        0|   1|  0|   5|    0|
    |mul_16s_7ns_23_1_1_U852    |mul_16s_7ns_23_1_1   |        0|   1|  0|   5|    0|
    |mul_16s_7ns_23_1_1_U872    |mul_16s_7ns_23_1_1   |        0|   1|  0|   5|    0|
    |mul_16s_7ns_23_1_1_U882    |mul_16s_7ns_23_1_1   |        0|   1|  0|   5|    0|
    |mul_16s_7ns_23_1_1_U886    |mul_16s_7ns_23_1_1   |        0|   1|  0|   5|    0|
    |mul_16s_7ns_23_1_1_U887    |mul_16s_7ns_23_1_1   |        0|   1|  0|   5|    0|
    |mul_16s_7ns_23_1_1_U894    |mul_16s_7ns_23_1_1   |        0|   1|  0|   5|    0|
    |mul_16s_7ns_23_1_1_U919    |mul_16s_7ns_23_1_1   |        0|   1|  0|   5|    0|
    |mul_16s_7ns_23_1_1_U941    |mul_16s_7ns_23_1_1   |        0|   1|  0|   5|    0|
    |mul_16s_7ns_23_1_1_U981    |mul_16s_7ns_23_1_1   |        0|   1|  0|   5|    0|
    |mul_16s_7ns_23_1_1_U988    |mul_16s_7ns_23_1_1   |        0|   1|  0|   5|    0|
    |mul_16s_7ns_23_1_1_U996    |mul_16s_7ns_23_1_1   |        0|   1|  0|   5|    0|
    |mul_16s_7ns_23_1_1_U997    |mul_16s_7ns_23_1_1   |        0|   1|  0|   5|    0|
    |mul_16s_7ns_23_1_1_U1005   |mul_16s_7ns_23_1_1   |        0|   1|  0|   5|    0|
    |mul_16s_7ns_23_1_1_U1016   |mul_16s_7ns_23_1_1   |        0|   1|  0|   5|    0|
    |mul_16s_7ns_23_1_1_U1021   |mul_16s_7ns_23_1_1   |        0|   1|  0|   5|    0|
    |mul_16s_7ns_23_1_1_U1029   |mul_16s_7ns_23_1_1   |        0|   1|  0|   5|    0|
    |mul_16s_7ns_23_1_1_U1035   |mul_16s_7ns_23_1_1   |        0|   1|  0|   5|    0|
    |mul_16s_7ns_23_1_1_U1044   |mul_16s_7ns_23_1_1   |        0|   1|  0|   5|    0|
    |mul_16s_7ns_23_1_1_U1067   |mul_16s_7ns_23_1_1   |        0|   1|  0|   5|    0|
    |mul_16s_7ns_23_1_1_U1072   |mul_16s_7ns_23_1_1   |        0|   1|  0|   5|    0|
    |mul_16s_7ns_23_1_1_U1077   |mul_16s_7ns_23_1_1   |        0|   1|  0|   5|    0|
    |mul_16s_7ns_23_1_1_U1082   |mul_16s_7ns_23_1_1   |        0|   1|  0|   5|    0|
    |mul_16s_7ns_23_1_1_U1109   |mul_16s_7ns_23_1_1   |        0|   1|  0|   5|    0|
    |mul_16s_7ns_23_1_1_U1144   |mul_16s_7ns_23_1_1   |        0|   1|  0|   5|    0|
    |mul_16s_7ns_23_1_1_U1145   |mul_16s_7ns_23_1_1   |        0|   1|  0|   5|    0|
    |mul_16s_7ns_23_1_1_U1152   |mul_16s_7ns_23_1_1   |        0|   1|  0|   5|    0|
    |mul_16s_7ns_23_1_1_U1153   |mul_16s_7ns_23_1_1   |        0|   1|  0|   5|    0|
    |mul_16s_7ns_23_1_1_U1167   |mul_16s_7ns_23_1_1   |        0|   1|  0|   5|    0|
    |mul_16s_7ns_23_1_1_U1168   |mul_16s_7ns_23_1_1   |        0|   1|  0|   5|    0|
    |mul_16s_7ns_23_1_1_U1173   |mul_16s_7ns_23_1_1   |        0|   1|  0|   5|    0|
    |mul_16s_7ns_23_1_1_U1196   |mul_16s_7ns_23_1_1   |        0|   1|  0|   5|    0|
    |mul_16s_7ns_23_1_1_U1203   |mul_16s_7ns_23_1_1   |        0|   1|  0|   5|    0|
    |mul_16s_7ns_23_1_1_U1214   |mul_16s_7ns_23_1_1   |        0|   1|  0|   5|    0|
    |mul_16s_7ns_23_1_1_U1234   |mul_16s_7ns_23_1_1   |        0|   1|  0|   5|    0|
    |mul_16s_7ns_23_1_1_U1266   |mul_16s_7ns_23_1_1   |        0|   1|  0|   5|    0|
    |mul_16s_7ns_23_1_1_U1270   |mul_16s_7ns_23_1_1   |        0|   1|  0|   5|    0|
    |mul_16s_7ns_23_1_1_U1271   |mul_16s_7ns_23_1_1   |        0|   1|  0|   5|    0|
    |mul_16s_7ns_23_1_1_U1309   |mul_16s_7ns_23_1_1   |        0|   1|  0|   5|    0|
    |mul_16s_7ns_23_1_1_U1334   |mul_16s_7ns_23_1_1   |        0|   1|  0|   5|    0|
    |mul_16s_7ns_23_1_1_U1350   |mul_16s_7ns_23_1_1   |        0|   1|  0|   5|    0|
    |mul_16s_7ns_23_1_1_U1398   |mul_16s_7ns_23_1_1   |        0|   1|  0|   5|    0|
    |mul_16s_7ns_23_1_1_U1406   |mul_16s_7ns_23_1_1   |        0|   1|  0|   5|    0|
    |mul_16s_7ns_23_1_1_U1422   |mul_16s_7ns_23_1_1   |        0|   1|  0|   5|    0|
    |mul_16s_7ns_23_1_1_U1428   |mul_16s_7ns_23_1_1   |        0|   1|  0|   5|    0|
    |mul_16s_7ns_23_1_1_U1448   |mul_16s_7ns_23_1_1   |        0|   1|  0|   5|    0|
    |mul_16s_7ns_23_1_1_U1462   |mul_16s_7ns_23_1_1   |        0|   1|  0|   5|    0|
    |mul_16s_7ns_23_1_1_U1471   |mul_16s_7ns_23_1_1   |        0|   1|  0|   5|    0|
    |mul_16s_7ns_23_1_1_U1481   |mul_16s_7ns_23_1_1   |        0|   1|  0|   5|    0|
    |mul_16s_7ns_23_1_1_U1499   |mul_16s_7ns_23_1_1   |        0|   1|  0|   5|    0|
    |mul_16s_7ns_23_1_1_U1500   |mul_16s_7ns_23_1_1   |        0|   1|  0|   5|    0|
    |mul_16s_7ns_23_1_1_U1509   |mul_16s_7ns_23_1_1   |        0|   1|  0|   5|    0|
    |mul_16s_7ns_23_1_1_U1521   |mul_16s_7ns_23_1_1   |        0|   1|  0|   5|    0|
    |mul_16s_7ns_23_1_1_U1527   |mul_16s_7ns_23_1_1   |        0|   1|  0|   5|    0|
    |mul_16s_7ns_23_1_1_U1531   |mul_16s_7ns_23_1_1   |        0|   1|  0|   5|    0|
    |mul_16s_7ns_23_1_1_U1538   |mul_16s_7ns_23_1_1   |        0|   1|  0|   5|    0|
    |mul_16s_7ns_23_1_1_U1550   |mul_16s_7ns_23_1_1   |        0|   1|  0|   5|    0|
    |mul_16s_7ns_23_1_1_U1557   |mul_16s_7ns_23_1_1   |        0|   1|  0|   5|    0|
    |mul_16s_7ns_23_1_1_U1567   |mul_16s_7ns_23_1_1   |        0|   1|  0|   5|    0|
    |mul_16s_7ns_23_1_1_U1574   |mul_16s_7ns_23_1_1   |        0|   1|  0|   5|    0|
    |mul_16s_7ns_23_1_1_U1582   |mul_16s_7ns_23_1_1   |        0|   1|  0|   5|    0|
    |mul_16s_7ns_23_1_1_U1591   |mul_16s_7ns_23_1_1   |        0|   1|  0|   5|    0|
    |mul_16s_7ns_23_1_1_U1594   |mul_16s_7ns_23_1_1   |        0|   1|  0|   5|    0|
    |mul_16s_7ns_23_1_1_U1613   |mul_16s_7ns_23_1_1   |        0|   1|  0|   5|    0|
    |mul_16s_7ns_23_1_1_U1619   |mul_16s_7ns_23_1_1   |        0|   1|  0|   5|    0|
    |mul_16s_7ns_23_1_1_U1621   |mul_16s_7ns_23_1_1   |        0|   1|  0|   5|    0|
    |mul_16s_7ns_23_1_1_U1629   |mul_16s_7ns_23_1_1   |        0|   1|  0|   5|    0|
    |mul_16s_7ns_23_1_1_U1648   |mul_16s_7ns_23_1_1   |        0|   1|  0|   5|    0|
    |mul_16s_7ns_23_1_1_U1657   |mul_16s_7ns_23_1_1   |        0|   1|  0|   5|    0|
    |mul_16s_7ns_23_1_1_U1659   |mul_16s_7ns_23_1_1   |        0|   1|  0|   5|    0|
    |mul_16s_7ns_23_1_1_U1668   |mul_16s_7ns_23_1_1   |        0|   1|  0|   5|    0|
    |mul_16s_7ns_23_1_1_U1700   |mul_16s_7ns_23_1_1   |        0|   1|  0|   5|    0|
    |mul_16s_7ns_23_1_1_U1714   |mul_16s_7ns_23_1_1   |        0|   1|  0|   5|    0|
    |mul_16s_7ns_23_1_1_U1720   |mul_16s_7ns_23_1_1   |        0|   1|  0|   5|    0|
    |mul_16s_7ns_23_1_1_U1732   |mul_16s_7ns_23_1_1   |        0|   1|  0|   5|    0|
    |mul_16s_7ns_23_1_1_U1742   |mul_16s_7ns_23_1_1   |        0|   1|  0|   5|    0|
    |mul_16s_7ns_23_1_1_U1756   |mul_16s_7ns_23_1_1   |        0|   1|  0|   5|    0|
    |mul_16s_7ns_23_1_1_U1760   |mul_16s_7ns_23_1_1   |        0|   1|  0|   5|    0|
    |mul_16s_7ns_23_1_1_U1766   |mul_16s_7ns_23_1_1   |        0|   1|  0|   5|    0|
    |mul_16s_7ns_23_1_1_U1768   |mul_16s_7ns_23_1_1   |        0|   1|  0|   5|    0|
    |mul_16s_7s_23_1_1_U762     |mul_16s_7s_23_1_1    |        0|   1|  0|   5|    0|
    |mul_16s_7s_23_1_1_U786     |mul_16s_7s_23_1_1    |        0|   1|  0|   5|    0|
    |mul_16s_7s_23_1_1_U798     |mul_16s_7s_23_1_1    |        0|   1|  0|   5|    0|
    |mul_16s_7s_23_1_1_U816     |mul_16s_7s_23_1_1    |        0|   1|  0|   5|    0|
    |mul_16s_7s_23_1_1_U824     |mul_16s_7s_23_1_1    |        0|   1|  0|   5|    0|
    |mul_16s_7s_23_1_1_U856     |mul_16s_7s_23_1_1    |        0|   1|  0|   5|    0|
    |mul_16s_7s_23_1_1_U884     |mul_16s_7s_23_1_1    |        0|   1|  0|   5|    0|
    |mul_16s_7s_23_1_1_U888     |mul_16s_7s_23_1_1    |        0|   1|  0|   5|    0|
    |mul_16s_7s_23_1_1_U892     |mul_16s_7s_23_1_1    |        0|   1|  0|   5|    0|
    |mul_16s_7s_23_1_1_U895     |mul_16s_7s_23_1_1    |        0|   1|  0|   5|    0|
    |mul_16s_7s_23_1_1_U898     |mul_16s_7s_23_1_1    |        0|   1|  0|   5|    0|
    |mul_16s_7s_23_1_1_U901     |mul_16s_7s_23_1_1    |        0|   1|  0|   5|    0|
    |mul_16s_7s_23_1_1_U920     |mul_16s_7s_23_1_1    |        0|   1|  0|   5|    0|
    |mul_16s_7s_23_1_1_U926     |mul_16s_7s_23_1_1    |        0|   1|  0|   5|    0|
    |mul_16s_7s_23_1_1_U931     |mul_16s_7s_23_1_1    |        0|   1|  0|   5|    0|
    |mul_16s_7s_23_1_1_U940     |mul_16s_7s_23_1_1    |        0|   1|  0|   5|    0|
    |mul_16s_7s_23_1_1_U949     |mul_16s_7s_23_1_1    |        0|   1|  0|   5|    0|
    |mul_16s_7s_23_1_1_U961     |mul_16s_7s_23_1_1    |        0|   1|  0|   5|    0|
    |mul_16s_7s_23_1_1_U977     |mul_16s_7s_23_1_1    |        0|   1|  0|   5|    0|
    |mul_16s_7s_23_1_1_U980     |mul_16s_7s_23_1_1    |        0|   1|  0|   5|    0|
    |mul_16s_7s_23_1_1_U983     |mul_16s_7s_23_1_1    |        0|   1|  0|   5|    0|
    |mul_16s_7s_23_1_1_U987     |mul_16s_7s_23_1_1    |        0|   1|  0|   5|    0|
    |mul_16s_7s_23_1_1_U1013    |mul_16s_7s_23_1_1    |        0|   1|  0|   5|    0|
    |mul_16s_7s_23_1_1_U1030    |mul_16s_7s_23_1_1    |        0|   1|  0|   5|    0|
    |mul_16s_7s_23_1_1_U1033    |mul_16s_7s_23_1_1    |        0|   1|  0|   5|    0|
    |mul_16s_7s_23_1_1_U1036    |mul_16s_7s_23_1_1    |        0|   1|  0|   5|    0|
    |mul_16s_7s_23_1_1_U1088    |mul_16s_7s_23_1_1    |        0|   1|  0|   5|    0|
    |mul_16s_7s_23_1_1_U1092    |mul_16s_7s_23_1_1    |        0|   1|  0|   5|    0|
    |mul_16s_7s_23_1_1_U1125    |mul_16s_7s_23_1_1    |        0|   1|  0|   5|    0|
    |mul_16s_7s_23_1_1_U1129    |mul_16s_7s_23_1_1    |        0|   1|  0|   5|    0|
    |mul_16s_7s_23_1_1_U1157    |mul_16s_7s_23_1_1    |        0|   1|  0|   5|    0|
    |mul_16s_7s_23_1_1_U1161    |mul_16s_7s_23_1_1    |        0|   1|  0|   5|    0|
    |mul_16s_7s_23_1_1_U1177    |mul_16s_7s_23_1_1    |        0|   1|  0|   5|    0|
    |mul_16s_7s_23_1_1_U1194    |mul_16s_7s_23_1_1    |        0|   1|  0|   5|    0|
    |mul_16s_7s_23_1_1_U1222    |mul_16s_7s_23_1_1    |        0|   1|  0|   5|    0|
    |mul_16s_7s_23_1_1_U1227    |mul_16s_7s_23_1_1    |        0|   1|  0|   5|    0|
    |mul_16s_7s_23_1_1_U1229    |mul_16s_7s_23_1_1    |        0|   1|  0|   5|    0|
    |mul_16s_7s_23_1_1_U1233    |mul_16s_7s_23_1_1    |        0|   1|  0|   5|    0|
    |mul_16s_7s_23_1_1_U1244    |mul_16s_7s_23_1_1    |        0|   1|  0|   5|    0|
    |mul_16s_7s_23_1_1_U1246    |mul_16s_7s_23_1_1    |        0|   1|  0|   5|    0|
    |mul_16s_7s_23_1_1_U1254    |mul_16s_7s_23_1_1    |        0|   1|  0|   5|    0|
    |mul_16s_7s_23_1_1_U1255    |mul_16s_7s_23_1_1    |        0|   1|  0|   5|    0|
    |mul_16s_7s_23_1_1_U1258    |mul_16s_7s_23_1_1    |        0|   1|  0|   5|    0|
    |mul_16s_7s_23_1_1_U1265    |mul_16s_7s_23_1_1    |        0|   1|  0|   5|    0|
    |mul_16s_7s_23_1_1_U1267    |mul_16s_7s_23_1_1    |        0|   1|  0|   5|    0|
    |mul_16s_7s_23_1_1_U1277    |mul_16s_7s_23_1_1    |        0|   1|  0|   5|    0|
    |mul_16s_7s_23_1_1_U1286    |mul_16s_7s_23_1_1    |        0|   1|  0|   5|    0|
    |mul_16s_7s_23_1_1_U1288    |mul_16s_7s_23_1_1    |        0|   1|  0|   5|    0|
    |mul_16s_7s_23_1_1_U1292    |mul_16s_7s_23_1_1    |        0|   1|  0|   5|    0|
    |mul_16s_7s_23_1_1_U1295    |mul_16s_7s_23_1_1    |        0|   1|  0|   5|    0|
    |mul_16s_7s_23_1_1_U1311    |mul_16s_7s_23_1_1    |        0|   1|  0|   5|    0|
    |mul_16s_7s_23_1_1_U1333    |mul_16s_7s_23_1_1    |        0|   1|  0|   5|    0|
    |mul_16s_7s_23_1_1_U1336    |mul_16s_7s_23_1_1    |        0|   1|  0|   5|    0|
    |mul_16s_7s_23_1_1_U1347    |mul_16s_7s_23_1_1    |        0|   1|  0|   5|    0|
    |mul_16s_7s_23_1_1_U1348    |mul_16s_7s_23_1_1    |        0|   1|  0|   5|    0|
    |mul_16s_7s_23_1_1_U1364    |mul_16s_7s_23_1_1    |        0|   1|  0|   5|    0|
    |mul_16s_7s_23_1_1_U1393    |mul_16s_7s_23_1_1    |        0|   1|  0|   5|    0|
    |mul_16s_7s_23_1_1_U1405    |mul_16s_7s_23_1_1    |        0|   1|  0|   5|    0|
    |mul_16s_7s_23_1_1_U1417    |mul_16s_7s_23_1_1    |        0|   1|  0|   5|    0|
    |mul_16s_7s_23_1_1_U1419    |mul_16s_7s_23_1_1    |        0|   1|  0|   5|    0|
    |mul_16s_7s_23_1_1_U1421    |mul_16s_7s_23_1_1    |        0|   1|  0|   5|    0|
    |mul_16s_7s_23_1_1_U1440    |mul_16s_7s_23_1_1    |        0|   1|  0|   5|    0|
    |mul_16s_7s_23_1_1_U1450    |mul_16s_7s_23_1_1    |        0|   1|  0|   5|    0|
    |mul_16s_7s_23_1_1_U1456    |mul_16s_7s_23_1_1    |        0|   1|  0|   5|    0|
    |mul_16s_7s_23_1_1_U1459    |mul_16s_7s_23_1_1    |        0|   1|  0|   5|    0|
    |mul_16s_7s_23_1_1_U1463    |mul_16s_7s_23_1_1    |        0|   1|  0|   5|    0|
    |mul_16s_7s_23_1_1_U1465    |mul_16s_7s_23_1_1    |        0|   1|  0|   5|    0|
    |mul_16s_7s_23_1_1_U1479    |mul_16s_7s_23_1_1    |        0|   1|  0|   5|    0|
    |mul_16s_7s_23_1_1_U1487    |mul_16s_7s_23_1_1    |        0|   1|  0|   5|    0|
    |mul_16s_7s_23_1_1_U1490    |mul_16s_7s_23_1_1    |        0|   1|  0|   5|    0|
    |mul_16s_7s_23_1_1_U1503    |mul_16s_7s_23_1_1    |        0|   1|  0|   5|    0|
    |mul_16s_7s_23_1_1_U1586    |mul_16s_7s_23_1_1    |        0|   1|  0|   5|    0|
    |mul_16s_7s_23_1_1_U1588    |mul_16s_7s_23_1_1    |        0|   1|  0|   5|    0|
    |mul_16s_7s_23_1_1_U1596    |mul_16s_7s_23_1_1    |        0|   1|  0|   5|    0|
    |mul_16s_7s_23_1_1_U1606    |mul_16s_7s_23_1_1    |        0|   1|  0|   5|    0|
    |mul_16s_7s_23_1_1_U1610    |mul_16s_7s_23_1_1    |        0|   1|  0|   5|    0|
    |mul_16s_7s_23_1_1_U1624    |mul_16s_7s_23_1_1    |        0|   1|  0|   5|    0|
    |mul_16s_7s_23_1_1_U1627    |mul_16s_7s_23_1_1    |        0|   1|  0|   5|    0|
    |mul_16s_7s_23_1_1_U1639    |mul_16s_7s_23_1_1    |        0|   1|  0|   5|    0|
    |mul_16s_7s_23_1_1_U1650    |mul_16s_7s_23_1_1    |        0|   1|  0|   5|    0|
    |mul_16s_7s_23_1_1_U1654    |mul_16s_7s_23_1_1    |        0|   1|  0|   5|    0|
    |mul_16s_7s_23_1_1_U1656    |mul_16s_7s_23_1_1    |        0|   1|  0|   5|    0|
    |mul_16s_7s_23_1_1_U1667    |mul_16s_7s_23_1_1    |        0|   1|  0|   5|    0|
    |mul_16s_7s_23_1_1_U1684    |mul_16s_7s_23_1_1    |        0|   1|  0|   5|    0|
    |mul_16s_7s_23_1_1_U1685    |mul_16s_7s_23_1_1    |        0|   1|  0|   5|    0|
    |mul_16s_7s_23_1_1_U1688    |mul_16s_7s_23_1_1    |        0|   1|  0|   5|    0|
    |mul_16s_7s_23_1_1_U1693    |mul_16s_7s_23_1_1    |        0|   1|  0|   5|    0|
    |mul_16s_7s_23_1_1_U1699    |mul_16s_7s_23_1_1    |        0|   1|  0|   5|    0|
    |mul_16s_7s_23_1_1_U1715    |mul_16s_7s_23_1_1    |        0|   1|  0|   5|    0|
    |mul_16s_7s_23_1_1_U1734    |mul_16s_7s_23_1_1    |        0|   1|  0|   5|    0|
    |mul_16s_7s_23_1_1_U1736    |mul_16s_7s_23_1_1    |        0|   1|  0|   5|    0|
    |mul_16s_7s_23_1_1_U1752    |mul_16s_7s_23_1_1    |        0|   1|  0|   5|    0|
    |mul_16s_7s_23_1_1_U1758    |mul_16s_7s_23_1_1    |        0|   1|  0|   5|    0|
    |mul_16s_7s_23_1_1_U1775    |mul_16s_7s_23_1_1    |        0|   1|  0|   5|    0|
    |mul_16s_8ns_24_1_1_U763    |mul_16s_8ns_24_1_1   |        0|   1|  0|   5|    0|
    |mul_16s_8ns_24_1_1_U771    |mul_16s_8ns_24_1_1   |        0|   1|  0|   5|    0|
    |mul_16s_8ns_24_1_1_U792    |mul_16s_8ns_24_1_1   |        0|   1|  0|   5|    0|
    |mul_16s_8ns_24_1_1_U796    |mul_16s_8ns_24_1_1   |        0|   1|  0|   5|    0|
    |mul_16s_8ns_24_1_1_U797    |mul_16s_8ns_24_1_1   |        0|   1|  0|   5|    0|
    |mul_16s_8ns_24_1_1_U800    |mul_16s_8ns_24_1_1   |        0|   1|  0|   5|    0|
    |mul_16s_8ns_24_1_1_U805    |mul_16s_8ns_24_1_1   |        0|   1|  0|   5|    0|
    |mul_16s_8ns_24_1_1_U806    |mul_16s_8ns_24_1_1   |        0|   1|  0|   5|    0|
    |mul_16s_8ns_24_1_1_U808    |mul_16s_8ns_24_1_1   |        0|   1|  0|   5|    0|
    |mul_16s_8ns_24_1_1_U817    |mul_16s_8ns_24_1_1   |        0|   1|  0|   5|    0|
    |mul_16s_8ns_24_1_1_U825    |mul_16s_8ns_24_1_1   |        0|   1|  0|   5|    0|
    |mul_16s_8ns_24_1_1_U839    |mul_16s_8ns_24_1_1   |        0|   1|  0|   5|    0|
    |mul_16s_8ns_24_1_1_U847    |mul_16s_8ns_24_1_1   |        0|   1|  0|   5|    0|
    |mul_16s_8ns_24_1_1_U851    |mul_16s_8ns_24_1_1   |        0|   1|  0|   5|    0|
    |mul_16s_8ns_24_1_1_U853    |mul_16s_8ns_24_1_1   |        0|   1|  0|   5|    0|
    |mul_16s_8ns_24_1_1_U860    |mul_16s_8ns_24_1_1   |        0|   1|  0|   5|    0|
    |mul_16s_8ns_24_1_1_U862    |mul_16s_8ns_24_1_1   |        0|   1|  0|   5|    0|
    |mul_16s_8ns_24_1_1_U883    |mul_16s_8ns_24_1_1   |        0|   1|  0|   5|    0|
    |mul_16s_8ns_24_1_1_U903    |mul_16s_8ns_24_1_1   |        0|   1|  0|   5|    0|
    |mul_16s_8ns_24_1_1_U906    |mul_16s_8ns_24_1_1   |        0|   1|  0|   5|    0|
    |mul_16s_8ns_24_1_1_U916    |mul_16s_8ns_24_1_1   |        0|   1|  0|   5|    0|
    |mul_16s_8ns_24_1_1_U927    |mul_16s_8ns_24_1_1   |        0|   1|  0|   5|    0|
    |mul_16s_8ns_24_1_1_U928    |mul_16s_8ns_24_1_1   |        0|   1|  0|   5|    0|
    |mul_16s_8ns_24_1_1_U939    |mul_16s_8ns_24_1_1   |        0|   1|  0|   5|    0|
    |mul_16s_8ns_24_1_1_U953    |mul_16s_8ns_24_1_1   |        0|   1|  0|   5|    0|
    |mul_16s_8ns_24_1_1_U956    |mul_16s_8ns_24_1_1   |        0|   1|  0|   5|    0|
    |mul_16s_8ns_24_1_1_U960    |mul_16s_8ns_24_1_1   |        0|   1|  0|   5|    0|
    |mul_16s_8ns_24_1_1_U966    |mul_16s_8ns_24_1_1   |        0|   1|  0|   5|    0|
    |mul_16s_8ns_24_1_1_U967    |mul_16s_8ns_24_1_1   |        0|   1|  0|   5|    0|
    |mul_16s_8ns_24_1_1_U969    |mul_16s_8ns_24_1_1   |        0|   1|  0|   5|    0|
    |mul_16s_8ns_24_1_1_U971    |mul_16s_8ns_24_1_1   |        0|   1|  0|   5|    0|
    |mul_16s_8ns_24_1_1_U975    |mul_16s_8ns_24_1_1   |        0|   1|  0|   5|    0|
    |mul_16s_8ns_24_1_1_U978    |mul_16s_8ns_24_1_1   |        0|   1|  0|   5|    0|
    |mul_16s_8ns_24_1_1_U979    |mul_16s_8ns_24_1_1   |        0|   1|  0|   5|    0|
    |mul_16s_8ns_24_1_1_U990    |mul_16s_8ns_24_1_1   |        0|   1|  0|   5|    0|
    |mul_16s_8ns_24_1_1_U1001   |mul_16s_8ns_24_1_1   |        0|   1|  0|   5|    0|
    |mul_16s_8ns_24_1_1_U1004   |mul_16s_8ns_24_1_1   |        0|   1|  0|   5|    0|
    |mul_16s_8ns_24_1_1_U1006   |mul_16s_8ns_24_1_1   |        0|   1|  0|   5|    0|
    |mul_16s_8ns_24_1_1_U1007   |mul_16s_8ns_24_1_1   |        0|   1|  0|   5|    0|
    |mul_16s_8ns_24_1_1_U1011   |mul_16s_8ns_24_1_1   |        0|   1|  0|   5|    0|
    |mul_16s_8ns_24_1_1_U1015   |mul_16s_8ns_24_1_1   |        0|   1|  0|   5|    0|
    |mul_16s_8ns_24_1_1_U1022   |mul_16s_8ns_24_1_1   |        0|   1|  0|   5|    0|
    |mul_16s_8ns_24_1_1_U1024   |mul_16s_8ns_24_1_1   |        0|   1|  0|   5|    0|
    |mul_16s_8ns_24_1_1_U1042   |mul_16s_8ns_24_1_1   |        0|   1|  0|   5|    0|
    |mul_16s_8ns_24_1_1_U1045   |mul_16s_8ns_24_1_1   |        0|   1|  0|   5|    0|
    |mul_16s_8ns_24_1_1_U1048   |mul_16s_8ns_24_1_1   |        0|   1|  0|   5|    0|
    |mul_16s_8ns_24_1_1_U1069   |mul_16s_8ns_24_1_1   |        0|   1|  0|   5|    0|
    |mul_16s_8ns_24_1_1_U1081   |mul_16s_8ns_24_1_1   |        0|   1|  0|   5|    0|
    |mul_16s_8ns_24_1_1_U1086   |mul_16s_8ns_24_1_1   |        0|   1|  0|   5|    0|
    |mul_16s_8ns_24_1_1_U1102   |mul_16s_8ns_24_1_1   |        0|   1|  0|   5|    0|
    |mul_16s_8ns_24_1_1_U1106   |mul_16s_8ns_24_1_1   |        0|   1|  0|   5|    0|
    |mul_16s_8ns_24_1_1_U1113   |mul_16s_8ns_24_1_1   |        0|   1|  0|   5|    0|
    |mul_16s_8ns_24_1_1_U1117   |mul_16s_8ns_24_1_1   |        0|   1|  0|   5|    0|
    |mul_16s_8ns_24_1_1_U1118   |mul_16s_8ns_24_1_1   |        0|   1|  0|   5|    0|
    |mul_16s_8ns_24_1_1_U1127   |mul_16s_8ns_24_1_1   |        0|   1|  0|   5|    0|
    |mul_16s_8ns_24_1_1_U1131   |mul_16s_8ns_24_1_1   |        0|   1|  0|   5|    0|
    |mul_16s_8ns_24_1_1_U1133   |mul_16s_8ns_24_1_1   |        0|   1|  0|   5|    0|
    |mul_16s_8ns_24_1_1_U1135   |mul_16s_8ns_24_1_1   |        0|   1|  0|   5|    0|
    |mul_16s_8ns_24_1_1_U1149   |mul_16s_8ns_24_1_1   |        0|   1|  0|   5|    0|
    |mul_16s_8ns_24_1_1_U1151   |mul_16s_8ns_24_1_1   |        0|   1|  0|   5|    0|
    |mul_16s_8ns_24_1_1_U1156   |mul_16s_8ns_24_1_1   |        0|   1|  0|   5|    0|
    |mul_16s_8ns_24_1_1_U1162   |mul_16s_8ns_24_1_1   |        0|   1|  0|   5|    0|
    |mul_16s_8ns_24_1_1_U1163   |mul_16s_8ns_24_1_1   |        0|   1|  0|   5|    0|
    |mul_16s_8ns_24_1_1_U1178   |mul_16s_8ns_24_1_1   |        0|   1|  0|   5|    0|
    |mul_16s_8ns_24_1_1_U1185   |mul_16s_8ns_24_1_1   |        0|   1|  0|   5|    0|
    |mul_16s_8ns_24_1_1_U1187   |mul_16s_8ns_24_1_1   |        0|   1|  0|   5|    0|
    |mul_16s_8ns_24_1_1_U1198   |mul_16s_8ns_24_1_1   |        0|   1|  0|   5|    0|
    |mul_16s_8ns_24_1_1_U1201   |mul_16s_8ns_24_1_1   |        0|   1|  0|   5|    0|
    |mul_16s_8ns_24_1_1_U1219   |mul_16s_8ns_24_1_1   |        0|   1|  0|   5|    0|
    |mul_16s_8ns_24_1_1_U1221   |mul_16s_8ns_24_1_1   |        0|   1|  0|   5|    0|
    |mul_16s_8ns_24_1_1_U1240   |mul_16s_8ns_24_1_1   |        0|   1|  0|   5|    0|
    |mul_16s_8ns_24_1_1_U1241   |mul_16s_8ns_24_1_1   |        0|   1|  0|   5|    0|
    |mul_16s_8ns_24_1_1_U1245   |mul_16s_8ns_24_1_1   |        0|   1|  0|   5|    0|
    |mul_16s_8ns_24_1_1_U1262   |mul_16s_8ns_24_1_1   |        0|   1|  0|   5|    0|
    |mul_16s_8ns_24_1_1_U1263   |mul_16s_8ns_24_1_1   |        0|   1|  0|   5|    0|
    |mul_16s_8ns_24_1_1_U1268   |mul_16s_8ns_24_1_1   |        0|   1|  0|   5|    0|
    |mul_16s_8ns_24_1_1_U1274   |mul_16s_8ns_24_1_1   |        0|   1|  0|   5|    0|
    |mul_16s_8ns_24_1_1_U1276   |mul_16s_8ns_24_1_1   |        0|   1|  0|   5|    0|
    |mul_16s_8ns_24_1_1_U1281   |mul_16s_8ns_24_1_1   |        0|   1|  0|   5|    0|
    |mul_16s_8ns_24_1_1_U1296   |mul_16s_8ns_24_1_1   |        0|   1|  0|   5|    0|
    |mul_16s_8ns_24_1_1_U1307   |mul_16s_8ns_24_1_1   |        0|   1|  0|   5|    0|
    |mul_16s_8ns_24_1_1_U1315   |mul_16s_8ns_24_1_1   |        0|   1|  0|   5|    0|
    |mul_16s_8ns_24_1_1_U1323   |mul_16s_8ns_24_1_1   |        0|   1|  0|   5|    0|
    |mul_16s_8ns_24_1_1_U1325   |mul_16s_8ns_24_1_1   |        0|   1|  0|   5|    0|
    |mul_16s_8ns_24_1_1_U1335   |mul_16s_8ns_24_1_1   |        0|   1|  0|   5|    0|
    |mul_16s_8ns_24_1_1_U1340   |mul_16s_8ns_24_1_1   |        0|   1|  0|   5|    0|
    |mul_16s_8ns_24_1_1_U1374   |mul_16s_8ns_24_1_1   |        0|   1|  0|   5|    0|
    |mul_16s_8ns_24_1_1_U1384   |mul_16s_8ns_24_1_1   |        0|   1|  0|   5|    0|
    |mul_16s_8ns_24_1_1_U1385   |mul_16s_8ns_24_1_1   |        0|   1|  0|   5|    0|
    |mul_16s_8ns_24_1_1_U1389   |mul_16s_8ns_24_1_1   |        0|   1|  0|   5|    0|
    |mul_16s_8ns_24_1_1_U1390   |mul_16s_8ns_24_1_1   |        0|   1|  0|   5|    0|
    |mul_16s_8ns_24_1_1_U1394   |mul_16s_8ns_24_1_1   |        0|   1|  0|   5|    0|
    |mul_16s_8ns_24_1_1_U1412   |mul_16s_8ns_24_1_1   |        0|   1|  0|   5|    0|
    |mul_16s_8ns_24_1_1_U1418   |mul_16s_8ns_24_1_1   |        0|   1|  0|   5|    0|
    |mul_16s_8ns_24_1_1_U1424   |mul_16s_8ns_24_1_1   |        0|   1|  0|   5|    0|
    |mul_16s_8ns_24_1_1_U1434   |mul_16s_8ns_24_1_1   |        0|   1|  0|   5|    0|
    |mul_16s_8ns_24_1_1_U1446   |mul_16s_8ns_24_1_1   |        0|   1|  0|   5|    0|
    |mul_16s_8ns_24_1_1_U1452   |mul_16s_8ns_24_1_1   |        0|   1|  0|   5|    0|
    |mul_16s_8ns_24_1_1_U1454   |mul_16s_8ns_24_1_1   |        0|   1|  0|   5|    0|
    |mul_16s_8ns_24_1_1_U1455   |mul_16s_8ns_24_1_1   |        0|   1|  0|   5|    0|
    |mul_16s_8ns_24_1_1_U1469   |mul_16s_8ns_24_1_1   |        0|   1|  0|   5|    0|
    |mul_16s_8ns_24_1_1_U1470   |mul_16s_8ns_24_1_1   |        0|   1|  0|   5|    0|
    |mul_16s_8ns_24_1_1_U1478   |mul_16s_8ns_24_1_1   |        0|   1|  0|   5|    0|
    |mul_16s_8ns_24_1_1_U1480   |mul_16s_8ns_24_1_1   |        0|   1|  0|   5|    0|
    |mul_16s_8ns_24_1_1_U1486   |mul_16s_8ns_24_1_1   |        0|   1|  0|   5|    0|
    |mul_16s_8ns_24_1_1_U1491   |mul_16s_8ns_24_1_1   |        0|   1|  0|   5|    0|
    |mul_16s_8ns_24_1_1_U1492   |mul_16s_8ns_24_1_1   |        0|   1|  0|   5|    0|
    |mul_16s_8ns_24_1_1_U1508   |mul_16s_8ns_24_1_1   |        0|   1|  0|   5|    0|
    |mul_16s_8ns_24_1_1_U1515   |mul_16s_8ns_24_1_1   |        0|   1|  0|   5|    0|
    |mul_16s_8ns_24_1_1_U1516   |mul_16s_8ns_24_1_1   |        0|   1|  0|   5|    0|
    |mul_16s_8ns_24_1_1_U1524   |mul_16s_8ns_24_1_1   |        0|   1|  0|   5|    0|
    |mul_16s_8ns_24_1_1_U1530   |mul_16s_8ns_24_1_1   |        0|   1|  0|   5|    0|
    |mul_16s_8ns_24_1_1_U1543   |mul_16s_8ns_24_1_1   |        0|   1|  0|   5|    0|
    |mul_16s_8ns_24_1_1_U1548   |mul_16s_8ns_24_1_1   |        0|   1|  0|   5|    0|
    |mul_16s_8ns_24_1_1_U1563   |mul_16s_8ns_24_1_1   |        0|   1|  0|   5|    0|
    |mul_16s_8ns_24_1_1_U1564   |mul_16s_8ns_24_1_1   |        0|   1|  0|   5|    0|
    |mul_16s_8ns_24_1_1_U1569   |mul_16s_8ns_24_1_1   |        0|   1|  0|   5|    0|
    |mul_16s_8ns_24_1_1_U1581   |mul_16s_8ns_24_1_1   |        0|   1|  0|   5|    0|
    |mul_16s_8ns_24_1_1_U1589   |mul_16s_8ns_24_1_1   |        0|   1|  0|   5|    0|
    |mul_16s_8ns_24_1_1_U1598   |mul_16s_8ns_24_1_1   |        0|   1|  0|   5|    0|
    |mul_16s_8ns_24_1_1_U1600   |mul_16s_8ns_24_1_1   |        0|   1|  0|   5|    0|
    |mul_16s_8ns_24_1_1_U1602   |mul_16s_8ns_24_1_1   |        0|   1|  0|   5|    0|
    |mul_16s_8ns_24_1_1_U1622   |mul_16s_8ns_24_1_1   |        0|   1|  0|   5|    0|
    |mul_16s_8ns_24_1_1_U1628   |mul_16s_8ns_24_1_1   |        0|   1|  0|   5|    0|
    |mul_16s_8ns_24_1_1_U1631   |mul_16s_8ns_24_1_1   |        0|   1|  0|   5|    0|
    |mul_16s_8ns_24_1_1_U1651   |mul_16s_8ns_24_1_1   |        0|   1|  0|   5|    0|
    |mul_16s_8ns_24_1_1_U1653   |mul_16s_8ns_24_1_1   |        0|   1|  0|   5|    0|
    |mul_16s_8ns_24_1_1_U1662   |mul_16s_8ns_24_1_1   |        0|   1|  0|   5|    0|
    |mul_16s_8ns_24_1_1_U1664   |mul_16s_8ns_24_1_1   |        0|   1|  0|   5|    0|
    |mul_16s_8ns_24_1_1_U1666   |mul_16s_8ns_24_1_1   |        0|   1|  0|   5|    0|
    |mul_16s_8ns_24_1_1_U1673   |mul_16s_8ns_24_1_1   |        0|   1|  0|   5|    0|
    |mul_16s_8ns_24_1_1_U1679   |mul_16s_8ns_24_1_1   |        0|   1|  0|   5|    0|
    |mul_16s_8ns_24_1_1_U1694   |mul_16s_8ns_24_1_1   |        0|   1|  0|   5|    0|
    |mul_16s_8ns_24_1_1_U1695   |mul_16s_8ns_24_1_1   |        0|   1|  0|   5|    0|
    |mul_16s_8ns_24_1_1_U1708   |mul_16s_8ns_24_1_1   |        0|   1|  0|   5|    0|
    |mul_16s_8ns_24_1_1_U1710   |mul_16s_8ns_24_1_1   |        0|   1|  0|   5|    0|
    |mul_16s_8ns_24_1_1_U1717   |mul_16s_8ns_24_1_1   |        0|   1|  0|   5|    0|
    |mul_16s_8ns_24_1_1_U1739   |mul_16s_8ns_24_1_1   |        0|   1|  0|   5|    0|
    |mul_16s_8ns_24_1_1_U1753   |mul_16s_8ns_24_1_1   |        0|   1|  0|   5|    0|
    |mul_16s_8ns_24_1_1_U1754   |mul_16s_8ns_24_1_1   |        0|   1|  0|   5|    0|
    |mul_16s_8ns_24_1_1_U1755   |mul_16s_8ns_24_1_1   |        0|   1|  0|   5|    0|
    |mul_16s_8ns_24_1_1_U1759   |mul_16s_8ns_24_1_1   |        0|   1|  0|   5|    0|
    |mul_16s_8ns_24_1_1_U1761   |mul_16s_8ns_24_1_1   |        0|   1|  0|   5|    0|
    |mul_16s_8ns_24_1_1_U1771   |mul_16s_8ns_24_1_1   |        0|   1|  0|   5|    0|
    |mul_16s_8s_24_1_1_U773     |mul_16s_8s_24_1_1    |        0|   1|  0|   5|    0|
    |mul_16s_8s_24_1_1_U782     |mul_16s_8s_24_1_1    |        0|   1|  0|   5|    0|
    |mul_16s_8s_24_1_1_U793     |mul_16s_8s_24_1_1    |        0|   1|  0|   5|    0|
    |mul_16s_8s_24_1_1_U801     |mul_16s_8s_24_1_1    |        0|   1|  0|   5|    0|
    |mul_16s_8s_24_1_1_U811     |mul_16s_8s_24_1_1    |        0|   1|  0|   5|    0|
    |mul_16s_8s_24_1_1_U813     |mul_16s_8s_24_1_1    |        0|   1|  0|   5|    0|
    |mul_16s_8s_24_1_1_U835     |mul_16s_8s_24_1_1    |        0|   1|  0|   5|    0|
    |mul_16s_8s_24_1_1_U844     |mul_16s_8s_24_1_1    |        0|   1|  0|   5|    0|
    |mul_16s_8s_24_1_1_U858     |mul_16s_8s_24_1_1    |        0|   1|  0|   5|    0|
    |mul_16s_8s_24_1_1_U865     |mul_16s_8s_24_1_1    |        0|   1|  0|   5|    0|
    |mul_16s_8s_24_1_1_U879     |mul_16s_8s_24_1_1    |        0|   1|  0|   5|    0|
    |mul_16s_8s_24_1_1_U885     |mul_16s_8s_24_1_1    |        0|   1|  0|   5|    0|
    |mul_16s_8s_24_1_1_U889     |mul_16s_8s_24_1_1    |        0|   1|  0|   5|    0|
    |mul_16s_8s_24_1_1_U900     |mul_16s_8s_24_1_1    |        0|   1|  0|   5|    0|
    |mul_16s_8s_24_1_1_U909     |mul_16s_8s_24_1_1    |        0|   1|  0|   5|    0|
    |mul_16s_8s_24_1_1_U921     |mul_16s_8s_24_1_1    |        0|   1|  0|   5|    0|
    |mul_16s_8s_24_1_1_U950     |mul_16s_8s_24_1_1    |        0|   1|  0|   5|    0|
    |mul_16s_8s_24_1_1_U955     |mul_16s_8s_24_1_1    |        0|   1|  0|   5|    0|
    |mul_16s_8s_24_1_1_U958     |mul_16s_8s_24_1_1    |        0|   1|  0|   5|    0|
    |mul_16s_8s_24_1_1_U984     |mul_16s_8s_24_1_1    |        0|   1|  0|   5|    0|
    |mul_16s_8s_24_1_1_U985     |mul_16s_8s_24_1_1    |        0|   1|  0|   5|    0|
    |mul_16s_8s_24_1_1_U1000    |mul_16s_8s_24_1_1    |        0|   1|  0|   5|    0|
    |mul_16s_8s_24_1_1_U1053    |mul_16s_8s_24_1_1    |        0|   1|  0|   5|    0|
    |mul_16s_8s_24_1_1_U1075    |mul_16s_8s_24_1_1    |        0|   1|  0|   5|    0|
    |mul_16s_8s_24_1_1_U1097    |mul_16s_8s_24_1_1    |        0|   1|  0|   5|    0|
    |mul_16s_8s_24_1_1_U1099    |mul_16s_8s_24_1_1    |        0|   1|  0|   5|    0|
    |mul_16s_8s_24_1_1_U1103    |mul_16s_8s_24_1_1    |        0|   1|  0|   5|    0|
    |mul_16s_8s_24_1_1_U1107    |mul_16s_8s_24_1_1    |        0|   1|  0|   5|    0|
    |mul_16s_8s_24_1_1_U1120    |mul_16s_8s_24_1_1    |        0|   1|  0|   5|    0|
    |mul_16s_8s_24_1_1_U1142    |mul_16s_8s_24_1_1    |        0|   1|  0|   5|    0|
    |mul_16s_8s_24_1_1_U1147    |mul_16s_8s_24_1_1    |        0|   1|  0|   5|    0|
    |mul_16s_8s_24_1_1_U1182    |mul_16s_8s_24_1_1    |        0|   1|  0|   5|    0|
    |mul_16s_8s_24_1_1_U1189    |mul_16s_8s_24_1_1    |        0|   1|  0|   5|    0|
    |mul_16s_8s_24_1_1_U1224    |mul_16s_8s_24_1_1    |        0|   1|  0|   5|    0|
    |mul_16s_8s_24_1_1_U1230    |mul_16s_8s_24_1_1    |        0|   1|  0|   5|    0|
    |mul_16s_8s_24_1_1_U1249    |mul_16s_8s_24_1_1    |        0|   1|  0|   5|    0|
    |mul_16s_8s_24_1_1_U1250    |mul_16s_8s_24_1_1    |        0|   1|  0|   5|    0|
    |mul_16s_8s_24_1_1_U1251    |mul_16s_8s_24_1_1    |        0|   1|  0|   5|    0|
    |mul_16s_8s_24_1_1_U1259    |mul_16s_8s_24_1_1    |        0|   1|  0|   5|    0|
    |mul_16s_8s_24_1_1_U1261    |mul_16s_8s_24_1_1    |        0|   1|  0|   5|    0|
    |mul_16s_8s_24_1_1_U1264    |mul_16s_8s_24_1_1    |        0|   1|  0|   5|    0|
    |mul_16s_8s_24_1_1_U1275    |mul_16s_8s_24_1_1    |        0|   1|  0|   5|    0|
    |mul_16s_8s_24_1_1_U1278    |mul_16s_8s_24_1_1    |        0|   1|  0|   5|    0|
    |mul_16s_8s_24_1_1_U1280    |mul_16s_8s_24_1_1    |        0|   1|  0|   5|    0|
    |mul_16s_8s_24_1_1_U1291    |mul_16s_8s_24_1_1    |        0|   1|  0|   5|    0|
    |mul_16s_8s_24_1_1_U1297    |mul_16s_8s_24_1_1    |        0|   1|  0|   5|    0|
    |mul_16s_8s_24_1_1_U1305    |mul_16s_8s_24_1_1    |        0|   1|  0|   5|    0|
    |mul_16s_8s_24_1_1_U1319    |mul_16s_8s_24_1_1    |        0|   1|  0|   5|    0|
    |mul_16s_8s_24_1_1_U1326    |mul_16s_8s_24_1_1    |        0|   1|  0|   5|    0|
    |mul_16s_8s_24_1_1_U1354    |mul_16s_8s_24_1_1    |        0|   1|  0|   5|    0|
    |mul_16s_8s_24_1_1_U1360    |mul_16s_8s_24_1_1    |        0|   1|  0|   5|    0|
    |mul_16s_8s_24_1_1_U1373    |mul_16s_8s_24_1_1    |        0|   1|  0|   5|    0|
    |mul_16s_8s_24_1_1_U1375    |mul_16s_8s_24_1_1    |        0|   1|  0|   5|    0|
    |mul_16s_8s_24_1_1_U1388    |mul_16s_8s_24_1_1    |        0|   1|  0|   5|    0|
    |mul_16s_8s_24_1_1_U1396    |mul_16s_8s_24_1_1    |        0|   1|  0|   5|    0|
    |mul_16s_8s_24_1_1_U1402    |mul_16s_8s_24_1_1    |        0|   1|  0|   5|    0|
    |mul_16s_8s_24_1_1_U1403    |mul_16s_8s_24_1_1    |        0|   1|  0|   5|    0|
    |mul_16s_8s_24_1_1_U1444    |mul_16s_8s_24_1_1    |        0|   1|  0|   5|    0|
    |mul_16s_8s_24_1_1_U1451    |mul_16s_8s_24_1_1    |        0|   1|  0|   5|    0|
    |mul_16s_8s_24_1_1_U1453    |mul_16s_8s_24_1_1    |        0|   1|  0|   5|    0|
    |mul_16s_8s_24_1_1_U1466    |mul_16s_8s_24_1_1    |        0|   1|  0|   5|    0|
    |mul_16s_8s_24_1_1_U1474    |mul_16s_8s_24_1_1    |        0|   1|  0|   5|    0|
    |mul_16s_8s_24_1_1_U1475    |mul_16s_8s_24_1_1    |        0|   1|  0|   5|    0|
    |mul_16s_8s_24_1_1_U1482    |mul_16s_8s_24_1_1    |        0|   1|  0|   5|    0|
    |mul_16s_8s_24_1_1_U1489    |mul_16s_8s_24_1_1    |        0|   1|  0|   5|    0|
    |mul_16s_8s_24_1_1_U1494    |mul_16s_8s_24_1_1    |        0|   1|  0|   5|    0|
    |mul_16s_8s_24_1_1_U1502    |mul_16s_8s_24_1_1    |        0|   1|  0|   5|    0|
    |mul_16s_8s_24_1_1_U1510    |mul_16s_8s_24_1_1    |        0|   1|  0|   5|    0|
    |mul_16s_8s_24_1_1_U1512    |mul_16s_8s_24_1_1    |        0|   1|  0|   5|    0|
    |mul_16s_8s_24_1_1_U1514    |mul_16s_8s_24_1_1    |        0|   1|  0|   5|    0|
    |mul_16s_8s_24_1_1_U1535    |mul_16s_8s_24_1_1    |        0|   1|  0|   5|    0|
    |mul_16s_8s_24_1_1_U1536    |mul_16s_8s_24_1_1    |        0|   1|  0|   5|    0|
    |mul_16s_8s_24_1_1_U1540    |mul_16s_8s_24_1_1    |        0|   1|  0|   5|    0|
    |mul_16s_8s_24_1_1_U1541    |mul_16s_8s_24_1_1    |        0|   1|  0|   5|    0|
    |mul_16s_8s_24_1_1_U1566    |mul_16s_8s_24_1_1    |        0|   1|  0|   5|    0|
    |mul_16s_8s_24_1_1_U1576    |mul_16s_8s_24_1_1    |        0|   1|  0|   5|    0|
    |mul_16s_8s_24_1_1_U1590    |mul_16s_8s_24_1_1    |        0|   1|  0|   5|    0|
    |mul_16s_8s_24_1_1_U1592    |mul_16s_8s_24_1_1    |        0|   1|  0|   5|    0|
    |mul_16s_8s_24_1_1_U1593    |mul_16s_8s_24_1_1    |        0|   1|  0|   5|    0|
    |mul_16s_8s_24_1_1_U1595    |mul_16s_8s_24_1_1    |        0|   1|  0|   5|    0|
    |mul_16s_8s_24_1_1_U1608    |mul_16s_8s_24_1_1    |        0|   1|  0|   5|    0|
    |mul_16s_8s_24_1_1_U1609    |mul_16s_8s_24_1_1    |        0|   1|  0|   5|    0|
    |mul_16s_8s_24_1_1_U1612    |mul_16s_8s_24_1_1    |        0|   1|  0|   5|    0|
    |mul_16s_8s_24_1_1_U1640    |mul_16s_8s_24_1_1    |        0|   1|  0|   5|    0|
    |mul_16s_8s_24_1_1_U1649    |mul_16s_8s_24_1_1    |        0|   1|  0|   5|    0|
    |mul_16s_8s_24_1_1_U1655    |mul_16s_8s_24_1_1    |        0|   1|  0|   5|    0|
    |mul_16s_8s_24_1_1_U1658    |mul_16s_8s_24_1_1    |        0|   1|  0|   5|    0|
    |mul_16s_8s_24_1_1_U1671    |mul_16s_8s_24_1_1    |        0|   1|  0|   5|    0|
    |mul_16s_8s_24_1_1_U1682    |mul_16s_8s_24_1_1    |        0|   1|  0|   5|    0|
    |mul_16s_8s_24_1_1_U1691    |mul_16s_8s_24_1_1    |        0|   1|  0|   5|    0|
    |mul_16s_8s_24_1_1_U1692    |mul_16s_8s_24_1_1    |        0|   1|  0|   5|    0|
    |mul_16s_8s_24_1_1_U1696    |mul_16s_8s_24_1_1    |        0|   1|  0|   5|    0|
    |mul_16s_8s_24_1_1_U1719    |mul_16s_8s_24_1_1    |        0|   1|  0|   5|    0|
    |mul_16s_8s_24_1_1_U1721    |mul_16s_8s_24_1_1    |        0|   1|  0|   5|    0|
    |mul_16s_8s_24_1_1_U1738    |mul_16s_8s_24_1_1    |        0|   1|  0|   5|    0|
    |mul_16s_8s_24_1_1_U1741    |mul_16s_8s_24_1_1    |        0|   1|  0|   5|    0|
    |mul_16s_8s_24_1_1_U1746    |mul_16s_8s_24_1_1    |        0|   1|  0|   5|    0|
    |mul_16s_8s_24_1_1_U1749    |mul_16s_8s_24_1_1    |        0|   1|  0|   5|    0|
    |mul_16s_8s_24_1_1_U1763    |mul_16s_8s_24_1_1    |        0|   1|  0|   5|    0|
    |mul_16s_8s_24_1_1_U1769    |mul_16s_8s_24_1_1    |        0|   1|  0|   5|    0|
    |mul_16s_9ns_25_1_1_U774    |mul_16s_9ns_25_1_1   |        0|   1|  0|   5|    0|
    |mul_16s_9ns_25_1_1_U781    |mul_16s_9ns_25_1_1   |        0|   1|  0|   5|    0|
    |mul_16s_9ns_25_1_1_U785    |mul_16s_9ns_25_1_1   |        0|   1|  0|   5|    0|
    |mul_16s_9ns_25_1_1_U787    |mul_16s_9ns_25_1_1   |        0|   1|  0|   5|    0|
    |mul_16s_9ns_25_1_1_U790    |mul_16s_9ns_25_1_1   |        0|   1|  0|   5|    0|
    |mul_16s_9ns_25_1_1_U794    |mul_16s_9ns_25_1_1   |        0|   1|  0|   5|    0|
    |mul_16s_9ns_25_1_1_U819    |mul_16s_9ns_25_1_1   |        0|   1|  0|   5|    0|
    |mul_16s_9ns_25_1_1_U827    |mul_16s_9ns_25_1_1   |        0|   1|  0|   5|    0|
    |mul_16s_9ns_25_1_1_U828    |mul_16s_9ns_25_1_1   |        0|   1|  0|   5|    0|
    |mul_16s_9ns_25_1_1_U831    |mul_16s_9ns_25_1_1   |        0|   1|  0|   5|    0|
    |mul_16s_9ns_25_1_1_U832    |mul_16s_9ns_25_1_1   |        0|   1|  0|   5|    0|
    |mul_16s_9ns_25_1_1_U834    |mul_16s_9ns_25_1_1   |        0|   1|  0|   5|    0|
    |mul_16s_9ns_25_1_1_U843    |mul_16s_9ns_25_1_1   |        0|   1|  0|   5|    0|
    |mul_16s_9ns_25_1_1_U846    |mul_16s_9ns_25_1_1   |        0|   1|  0|   5|    0|
    |mul_16s_9ns_25_1_1_U859    |mul_16s_9ns_25_1_1   |        0|   1|  0|   5|    0|
    |mul_16s_9ns_25_1_1_U861    |mul_16s_9ns_25_1_1   |        0|   1|  0|   5|    0|
    |mul_16s_9ns_25_1_1_U866    |mul_16s_9ns_25_1_1   |        0|   1|  0|   5|    0|
    |mul_16s_9ns_25_1_1_U867    |mul_16s_9ns_25_1_1   |        0|   1|  0|   5|    0|
    |mul_16s_9ns_25_1_1_U876    |mul_16s_9ns_25_1_1   |        0|   1|  0|   5|    0|
    |mul_16s_9ns_25_1_1_U878    |mul_16s_9ns_25_1_1   |        0|   1|  0|   5|    0|
    |mul_16s_9ns_25_1_1_U891    |mul_16s_9ns_25_1_1   |        0|   1|  0|   5|    0|
    |mul_16s_9ns_25_1_1_U893    |mul_16s_9ns_25_1_1   |        0|   1|  0|   5|    0|
    |mul_16s_9ns_25_1_1_U912    |mul_16s_9ns_25_1_1   |        0|   1|  0|   5|    0|
    |mul_16s_9ns_25_1_1_U914    |mul_16s_9ns_25_1_1   |        0|   1|  0|   5|    0|
    |mul_16s_9ns_25_1_1_U917    |mul_16s_9ns_25_1_1   |        0|   1|  0|   5|    0|
    |mul_16s_9ns_25_1_1_U918    |mul_16s_9ns_25_1_1   |        0|   1|  0|   5|    0|
    |mul_16s_9ns_25_1_1_U924    |mul_16s_9ns_25_1_1   |        0|   1|  0|   5|    0|
    |mul_16s_9ns_25_1_1_U925    |mul_16s_9ns_25_1_1   |        0|   1|  0|   5|    0|
    |mul_16s_9ns_25_1_1_U930    |mul_16s_9ns_25_1_1   |        0|   1|  0|   5|    0|
    |mul_16s_9ns_25_1_1_U932    |mul_16s_9ns_25_1_1   |        0|   1|  0|   5|    0|
    |mul_16s_9ns_25_1_1_U933    |mul_16s_9ns_25_1_1   |        0|   1|  0|   5|    0|
    |mul_16s_9ns_25_1_1_U934    |mul_16s_9ns_25_1_1   |        0|   1|  0|   5|    0|
    |mul_16s_9ns_25_1_1_U935    |mul_16s_9ns_25_1_1   |        0|   1|  0|   5|    0|
    |mul_16s_9ns_25_1_1_U936    |mul_16s_9ns_25_1_1   |        0|   1|  0|   5|    0|
    |mul_16s_9ns_25_1_1_U938    |mul_16s_9ns_25_1_1   |        0|   1|  0|   5|    0|
    |mul_16s_9ns_25_1_1_U942    |mul_16s_9ns_25_1_1   |        0|   1|  0|   5|    0|
    |mul_16s_9ns_25_1_1_U943    |mul_16s_9ns_25_1_1   |        0|   1|  0|   5|    0|
    |mul_16s_9ns_25_1_1_U944    |mul_16s_9ns_25_1_1   |        0|   1|  0|   5|    0|
    |mul_16s_9ns_25_1_1_U945    |mul_16s_9ns_25_1_1   |        0|   1|  0|   5|    0|
    |mul_16s_9ns_25_1_1_U951    |mul_16s_9ns_25_1_1   |        0|   1|  0|   5|    0|
    |mul_16s_9ns_25_1_1_U952    |mul_16s_9ns_25_1_1   |        0|   1|  0|   5|    0|
    |mul_16s_9ns_25_1_1_U963    |mul_16s_9ns_25_1_1   |        0|   1|  0|   5|    0|
    |mul_16s_9ns_25_1_1_U965    |mul_16s_9ns_25_1_1   |        0|   1|  0|   5|    0|
    |mul_16s_9ns_25_1_1_U976    |mul_16s_9ns_25_1_1   |        0|   1|  0|   5|    0|
    |mul_16s_9ns_25_1_1_U982    |mul_16s_9ns_25_1_1   |        0|   1|  0|   5|    0|
    |mul_16s_9ns_25_1_1_U992    |mul_16s_9ns_25_1_1   |        0|   1|  0|   5|    0|
    |mul_16s_9ns_25_1_1_U993    |mul_16s_9ns_25_1_1   |        0|   1|  0|   5|    0|
    |mul_16s_9ns_25_1_1_U994    |mul_16s_9ns_25_1_1   |        0|   1|  0|   5|    0|
    |mul_16s_9ns_25_1_1_U995    |mul_16s_9ns_25_1_1   |        0|   1|  0|   5|    0|
    |mul_16s_9ns_25_1_1_U1008   |mul_16s_9ns_25_1_1   |        0|   1|  0|   5|    0|
    |mul_16s_9ns_25_1_1_U1010   |mul_16s_9ns_25_1_1   |        0|   1|  0|   5|    0|
    |mul_16s_9ns_25_1_1_U1012   |mul_16s_9ns_25_1_1   |        0|   1|  0|   5|    0|
    |mul_16s_9ns_25_1_1_U1017   |mul_16s_9ns_25_1_1   |        0|   1|  0|   5|    0|
    |mul_16s_9ns_25_1_1_U1018   |mul_16s_9ns_25_1_1   |        0|   1|  0|   5|    0|
    |mul_16s_9ns_25_1_1_U1027   |mul_16s_9ns_25_1_1   |        0|   1|  0|   5|    0|
    |mul_16s_9ns_25_1_1_U1032   |mul_16s_9ns_25_1_1   |        0|   1|  0|   5|    0|
    |mul_16s_9ns_25_1_1_U1043   |mul_16s_9ns_25_1_1   |        0|   1|  0|   5|    0|
    |mul_16s_9ns_25_1_1_U1055   |mul_16s_9ns_25_1_1   |        0|   1|  0|   5|    0|
    |mul_16s_9ns_25_1_1_U1056   |mul_16s_9ns_25_1_1   |        0|   1|  0|   5|    0|
    |mul_16s_9ns_25_1_1_U1063   |mul_16s_9ns_25_1_1   |        0|   1|  0|   5|    0|
    |mul_16s_9ns_25_1_1_U1064   |mul_16s_9ns_25_1_1   |        0|   1|  0|   5|    0|
    |mul_16s_9ns_25_1_1_U1068   |mul_16s_9ns_25_1_1   |        0|   1|  0|   5|    0|
    |mul_16s_9ns_25_1_1_U1074   |mul_16s_9ns_25_1_1   |        0|   1|  0|   5|    0|
    |mul_16s_9ns_25_1_1_U1076   |mul_16s_9ns_25_1_1   |        0|   1|  0|   5|    0|
    |mul_16s_9ns_25_1_1_U1080   |mul_16s_9ns_25_1_1   |        0|   1|  0|   5|    0|
    |mul_16s_9ns_25_1_1_U1087   |mul_16s_9ns_25_1_1   |        0|   1|  0|   5|    0|
    |mul_16s_9ns_25_1_1_U1100   |mul_16s_9ns_25_1_1   |        0|   1|  0|   5|    0|
    |mul_16s_9ns_25_1_1_U1114   |mul_16s_9ns_25_1_1   |        0|   1|  0|   5|    0|
    |mul_16s_9ns_25_1_1_U1115   |mul_16s_9ns_25_1_1   |        0|   1|  0|   5|    0|
    |mul_16s_9ns_25_1_1_U1121   |mul_16s_9ns_25_1_1   |        0|   1|  0|   5|    0|
    |mul_16s_9ns_25_1_1_U1128   |mul_16s_9ns_25_1_1   |        0|   1|  0|   5|    0|
    |mul_16s_9ns_25_1_1_U1136   |mul_16s_9ns_25_1_1   |        0|   1|  0|   5|    0|
    |mul_16s_9ns_25_1_1_U1139   |mul_16s_9ns_25_1_1   |        0|   1|  0|   5|    0|
    |mul_16s_9ns_25_1_1_U1140   |mul_16s_9ns_25_1_1   |        0|   1|  0|   5|    0|
    |mul_16s_9ns_25_1_1_U1141   |mul_16s_9ns_25_1_1   |        0|   1|  0|   5|    0|
    |mul_16s_9ns_25_1_1_U1146   |mul_16s_9ns_25_1_1   |        0|   1|  0|   5|    0|
    |mul_16s_9ns_25_1_1_U1148   |mul_16s_9ns_25_1_1   |        0|   1|  0|   5|    0|
    |mul_16s_9ns_25_1_1_U1150   |mul_16s_9ns_25_1_1   |        0|   1|  0|   5|    0|
    |mul_16s_9ns_25_1_1_U1172   |mul_16s_9ns_25_1_1   |        0|   1|  0|   5|    0|
    |mul_16s_9ns_25_1_1_U1174   |mul_16s_9ns_25_1_1   |        0|   1|  0|   5|    0|
    |mul_16s_9ns_25_1_1_U1176   |mul_16s_9ns_25_1_1   |        0|   1|  0|   5|    0|
    |mul_16s_9ns_25_1_1_U1179   |mul_16s_9ns_25_1_1   |        0|   1|  0|   5|    0|
    |mul_16s_9ns_25_1_1_U1180   |mul_16s_9ns_25_1_1   |        0|   1|  0|   5|    0|
    |mul_16s_9ns_25_1_1_U1188   |mul_16s_9ns_25_1_1   |        0|   1|  0|   5|    0|
    |mul_16s_9ns_25_1_1_U1192   |mul_16s_9ns_25_1_1   |        0|   1|  0|   5|    0|
    |mul_16s_9ns_25_1_1_U1193   |mul_16s_9ns_25_1_1   |        0|   1|  0|   5|    0|
    |mul_16s_9ns_25_1_1_U1197   |mul_16s_9ns_25_1_1   |        0|   1|  0|   5|    0|
    |mul_16s_9ns_25_1_1_U1200   |mul_16s_9ns_25_1_1   |        0|   1|  0|   5|    0|
    |mul_16s_9ns_25_1_1_U1202   |mul_16s_9ns_25_1_1   |        0|   1|  0|   5|    0|
    |mul_16s_9ns_25_1_1_U1205   |mul_16s_9ns_25_1_1   |        0|   1|  0|   5|    0|
    |mul_16s_9ns_25_1_1_U1206   |mul_16s_9ns_25_1_1   |        0|   1|  0|   5|    0|
    |mul_16s_9ns_25_1_1_U1207   |mul_16s_9ns_25_1_1   |        0|   1|  0|   5|    0|
    |mul_16s_9ns_25_1_1_U1211   |mul_16s_9ns_25_1_1   |        0|   1|  0|   5|    0|
    |mul_16s_9ns_25_1_1_U1215   |mul_16s_9ns_25_1_1   |        0|   1|  0|   5|    0|
    |mul_16s_9ns_25_1_1_U1216   |mul_16s_9ns_25_1_1   |        0|   1|  0|   5|    0|
    |mul_16s_9ns_25_1_1_U1220   |mul_16s_9ns_25_1_1   |        0|   1|  0|   5|    0|
    |mul_16s_9ns_25_1_1_U1235   |mul_16s_9ns_25_1_1   |        0|   1|  0|   5|    0|
    |mul_16s_9ns_25_1_1_U1247   |mul_16s_9ns_25_1_1   |        0|   1|  0|   5|    0|
    |mul_16s_9ns_25_1_1_U1256   |mul_16s_9ns_25_1_1   |        0|   1|  0|   5|    0|
    |mul_16s_9ns_25_1_1_U1257   |mul_16s_9ns_25_1_1   |        0|   1|  0|   5|    0|
    |mul_16s_9ns_25_1_1_U1272   |mul_16s_9ns_25_1_1   |        0|   1|  0|   5|    0|
    |mul_16s_9ns_25_1_1_U1273   |mul_16s_9ns_25_1_1   |        0|   1|  0|   5|    0|
    |mul_16s_9ns_25_1_1_U1290   |mul_16s_9ns_25_1_1   |        0|   1|  0|   5|    0|
    |mul_16s_9ns_25_1_1_U1293   |mul_16s_9ns_25_1_1   |        0|   1|  0|   5|    0|
    |mul_16s_9ns_25_1_1_U1298   |mul_16s_9ns_25_1_1   |        0|   1|  0|   5|    0|
    |mul_16s_9ns_25_1_1_U1300   |mul_16s_9ns_25_1_1   |        0|   1|  0|   5|    0|
    |mul_16s_9ns_25_1_1_U1303   |mul_16s_9ns_25_1_1   |        0|   1|  0|   5|    0|
    |mul_16s_9ns_25_1_1_U1310   |mul_16s_9ns_25_1_1   |        0|   1|  0|   5|    0|
    |mul_16s_9ns_25_1_1_U1313   |mul_16s_9ns_25_1_1   |        0|   1|  0|   5|    0|
    |mul_16s_9ns_25_1_1_U1317   |mul_16s_9ns_25_1_1   |        0|   1|  0|   5|    0|
    |mul_16s_9ns_25_1_1_U1318   |mul_16s_9ns_25_1_1   |        0|   1|  0|   5|    0|
    |mul_16s_9ns_25_1_1_U1321   |mul_16s_9ns_25_1_1   |        0|   1|  0|   5|    0|
    |mul_16s_9ns_25_1_1_U1324   |mul_16s_9ns_25_1_1   |        0|   1|  0|   5|    0|
    |mul_16s_9ns_25_1_1_U1332   |mul_16s_9ns_25_1_1   |        0|   1|  0|   5|    0|
    |mul_16s_9ns_25_1_1_U1338   |mul_16s_9ns_25_1_1   |        0|   1|  0|   5|    0|
    |mul_16s_9ns_25_1_1_U1339   |mul_16s_9ns_25_1_1   |        0|   1|  0|   5|    0|
    |mul_16s_9ns_25_1_1_U1341   |mul_16s_9ns_25_1_1   |        0|   1|  0|   5|    0|
    |mul_16s_9ns_25_1_1_U1342   |mul_16s_9ns_25_1_1   |        0|   1|  0|   5|    0|
    |mul_16s_9ns_25_1_1_U1346   |mul_16s_9ns_25_1_1   |        0|   1|  0|   5|    0|
    |mul_16s_9ns_25_1_1_U1349   |mul_16s_9ns_25_1_1   |        0|   1|  0|   5|    0|
    |mul_16s_9ns_25_1_1_U1352   |mul_16s_9ns_25_1_1   |        0|   1|  0|   5|    0|
    |mul_16s_9ns_25_1_1_U1355   |mul_16s_9ns_25_1_1   |        0|   1|  0|   5|    0|
    |mul_16s_9ns_25_1_1_U1356   |mul_16s_9ns_25_1_1   |        0|   1|  0|   5|    0|
    |mul_16s_9ns_25_1_1_U1359   |mul_16s_9ns_25_1_1   |        0|   1|  0|   5|    0|
    |mul_16s_9ns_25_1_1_U1361   |mul_16s_9ns_25_1_1   |        0|   1|  0|   5|    0|
    |mul_16s_9ns_25_1_1_U1365   |mul_16s_9ns_25_1_1   |        0|   1|  0|   5|    0|
    |mul_16s_9ns_25_1_1_U1366   |mul_16s_9ns_25_1_1   |        0|   1|  0|   5|    0|
    |mul_16s_9ns_25_1_1_U1369   |mul_16s_9ns_25_1_1   |        0|   1|  0|   5|    0|
    |mul_16s_9ns_25_1_1_U1376   |mul_16s_9ns_25_1_1   |        0|   1|  0|   5|    0|
    |mul_16s_9ns_25_1_1_U1382   |mul_16s_9ns_25_1_1   |        0|   1|  0|   5|    0|
    |mul_16s_9ns_25_1_1_U1387   |mul_16s_9ns_25_1_1   |        0|   1|  0|   5|    0|
    |mul_16s_9ns_25_1_1_U1400   |mul_16s_9ns_25_1_1   |        0|   1|  0|   5|    0|
    |mul_16s_9ns_25_1_1_U1404   |mul_16s_9ns_25_1_1   |        0|   1|  0|   5|    0|
    |mul_16s_9ns_25_1_1_U1407   |mul_16s_9ns_25_1_1   |        0|   1|  0|   5|    0|
    |mul_16s_9ns_25_1_1_U1410   |mul_16s_9ns_25_1_1   |        0|   1|  0|   5|    0|
    |mul_16s_9ns_25_1_1_U1411   |mul_16s_9ns_25_1_1   |        0|   1|  0|   5|    0|
    |mul_16s_9ns_25_1_1_U1413   |mul_16s_9ns_25_1_1   |        0|   1|  0|   5|    0|
    |mul_16s_9ns_25_1_1_U1416   |mul_16s_9ns_25_1_1   |        0|   1|  0|   5|    0|
    |mul_16s_9ns_25_1_1_U1420   |mul_16s_9ns_25_1_1   |        0|   1|  0|   5|    0|
    |mul_16s_9ns_25_1_1_U1423   |mul_16s_9ns_25_1_1   |        0|   1|  0|   5|    0|
    |mul_16s_9ns_25_1_1_U1427   |mul_16s_9ns_25_1_1   |        0|   1|  0|   5|    0|
    |mul_16s_9ns_25_1_1_U1435   |mul_16s_9ns_25_1_1   |        0|   1|  0|   5|    0|
    |mul_16s_9ns_25_1_1_U1439   |mul_16s_9ns_25_1_1   |        0|   1|  0|   5|    0|
    |mul_16s_9ns_25_1_1_U1441   |mul_16s_9ns_25_1_1   |        0|   1|  0|   5|    0|
    |mul_16s_9ns_25_1_1_U1443   |mul_16s_9ns_25_1_1   |        0|   1|  0|   5|    0|
    |mul_16s_9ns_25_1_1_U1457   |mul_16s_9ns_25_1_1   |        0|   1|  0|   5|    0|
    |mul_16s_9ns_25_1_1_U1477   |mul_16s_9ns_25_1_1   |        0|   1|  0|   5|    0|
    |mul_16s_9ns_25_1_1_U1485   |mul_16s_9ns_25_1_1   |        0|   1|  0|   5|    0|
    |mul_16s_9ns_25_1_1_U1488   |mul_16s_9ns_25_1_1   |        0|   1|  0|   5|    0|
    |mul_16s_9ns_25_1_1_U1495   |mul_16s_9ns_25_1_1   |        0|   1|  0|   5|    0|
    |mul_16s_9ns_25_1_1_U1497   |mul_16s_9ns_25_1_1   |        0|   1|  0|   5|    0|
    |mul_16s_9ns_25_1_1_U1498   |mul_16s_9ns_25_1_1   |        0|   1|  0|   5|    0|
    |mul_16s_9ns_25_1_1_U1506   |mul_16s_9ns_25_1_1   |        0|   1|  0|   5|    0|
    |mul_16s_9ns_25_1_1_U1507   |mul_16s_9ns_25_1_1   |        0|   1|  0|   5|    0|
    |mul_16s_9ns_25_1_1_U1517   |mul_16s_9ns_25_1_1   |        0|   1|  0|   5|    0|
    |mul_16s_9ns_25_1_1_U1519   |mul_16s_9ns_25_1_1   |        0|   1|  0|   5|    0|
    |mul_16s_9ns_25_1_1_U1520   |mul_16s_9ns_25_1_1   |        0|   1|  0|   5|    0|
    |mul_16s_9ns_25_1_1_U1523   |mul_16s_9ns_25_1_1   |        0|   1|  0|   5|    0|
    |mul_16s_9ns_25_1_1_U1525   |mul_16s_9ns_25_1_1   |        0|   1|  0|   5|    0|
    |mul_16s_9ns_25_1_1_U1526   |mul_16s_9ns_25_1_1   |        0|   1|  0|   5|    0|
    |mul_16s_9ns_25_1_1_U1528   |mul_16s_9ns_25_1_1   |        0|   1|  0|   5|    0|
    |mul_16s_9ns_25_1_1_U1534   |mul_16s_9ns_25_1_1   |        0|   1|  0|   5|    0|
    |mul_16s_9ns_25_1_1_U1537   |mul_16s_9ns_25_1_1   |        0|   1|  0|   5|    0|
    |mul_16s_9ns_25_1_1_U1542   |mul_16s_9ns_25_1_1   |        0|   1|  0|   5|    0|
    |mul_16s_9ns_25_1_1_U1544   |mul_16s_9ns_25_1_1   |        0|   1|  0|   5|    0|
    |mul_16s_9ns_25_1_1_U1545   |mul_16s_9ns_25_1_1   |        0|   1|  0|   5|    0|
    |mul_16s_9ns_25_1_1_U1552   |mul_16s_9ns_25_1_1   |        0|   1|  0|   5|    0|
    |mul_16s_9ns_25_1_1_U1554   |mul_16s_9ns_25_1_1   |        0|   1|  0|   5|    0|
    |mul_16s_9ns_25_1_1_U1556   |mul_16s_9ns_25_1_1   |        0|   1|  0|   5|    0|
    |mul_16s_9ns_25_1_1_U1561   |mul_16s_9ns_25_1_1   |        0|   1|  0|   5|    0|
    |mul_16s_9ns_25_1_1_U1562   |mul_16s_9ns_25_1_1   |        0|   1|  0|   5|    0|
    |mul_16s_9ns_25_1_1_U1565   |mul_16s_9ns_25_1_1   |        0|   1|  0|   5|    0|
    |mul_16s_9ns_25_1_1_U1571   |mul_16s_9ns_25_1_1   |        0|   1|  0|   5|    0|
    |mul_16s_9ns_25_1_1_U1577   |mul_16s_9ns_25_1_1   |        0|   1|  0|   5|    0|
    |mul_16s_9ns_25_1_1_U1603   |mul_16s_9ns_25_1_1   |        0|   1|  0|   5|    0|
    |mul_16s_9ns_25_1_1_U1605   |mul_16s_9ns_25_1_1   |        0|   1|  0|   5|    0|
    |mul_16s_9ns_25_1_1_U1611   |mul_16s_9ns_25_1_1   |        0|   1|  0|   5|    0|
    |mul_16s_9ns_25_1_1_U1614   |mul_16s_9ns_25_1_1   |        0|   1|  0|   5|    0|
    |mul_16s_9ns_25_1_1_U1615   |mul_16s_9ns_25_1_1   |        0|   1|  0|   5|    0|
    |mul_16s_9ns_25_1_1_U1625   |mul_16s_9ns_25_1_1   |        0|   1|  0|   5|    0|
    |mul_16s_9ns_25_1_1_U1630   |mul_16s_9ns_25_1_1   |        0|   1|  0|   5|    0|
    |mul_16s_9ns_25_1_1_U1637   |mul_16s_9ns_25_1_1   |        0|   1|  0|   5|    0|
    |mul_16s_9ns_25_1_1_U1638   |mul_16s_9ns_25_1_1   |        0|   1|  0|   5|    0|
    |mul_16s_9ns_25_1_1_U1643   |mul_16s_9ns_25_1_1   |        0|   1|  0|   5|    0|
    |mul_16s_9ns_25_1_1_U1652   |mul_16s_9ns_25_1_1   |        0|   1|  0|   5|    0|
    |mul_16s_9ns_25_1_1_U1661   |mul_16s_9ns_25_1_1   |        0|   1|  0|   5|    0|
    |mul_16s_9ns_25_1_1_U1663   |mul_16s_9ns_25_1_1   |        0|   1|  0|   5|    0|
    |mul_16s_9ns_25_1_1_U1665   |mul_16s_9ns_25_1_1   |        0|   1|  0|   5|    0|
    |mul_16s_9ns_25_1_1_U1670   |mul_16s_9ns_25_1_1   |        0|   1|  0|   5|    0|
    |mul_16s_9ns_25_1_1_U1674   |mul_16s_9ns_25_1_1   |        0|   1|  0|   5|    0|
    |mul_16s_9ns_25_1_1_U1683   |mul_16s_9ns_25_1_1   |        0|   1|  0|   5|    0|
    |mul_16s_9ns_25_1_1_U1686   |mul_16s_9ns_25_1_1   |        0|   1|  0|   5|    0|
    |mul_16s_9ns_25_1_1_U1689   |mul_16s_9ns_25_1_1   |        0|   1|  0|   5|    0|
    |mul_16s_9ns_25_1_1_U1697   |mul_16s_9ns_25_1_1   |        0|   1|  0|   5|    0|
    |mul_16s_9ns_25_1_1_U1703   |mul_16s_9ns_25_1_1   |        0|   1|  0|   5|    0|
    |mul_16s_9ns_25_1_1_U1707   |mul_16s_9ns_25_1_1   |        0|   1|  0|   5|    0|
    |mul_16s_9ns_25_1_1_U1709   |mul_16s_9ns_25_1_1   |        0|   1|  0|   5|    0|
    |mul_16s_9ns_25_1_1_U1711   |mul_16s_9ns_25_1_1   |        0|   1|  0|   5|    0|
    |mul_16s_9ns_25_1_1_U1712   |mul_16s_9ns_25_1_1   |        0|   1|  0|   5|    0|
    |mul_16s_9ns_25_1_1_U1718   |mul_16s_9ns_25_1_1   |        0|   1|  0|   5|    0|
    |mul_16s_9ns_25_1_1_U1722   |mul_16s_9ns_25_1_1   |        0|   1|  0|   5|    0|
    |mul_16s_9ns_25_1_1_U1724   |mul_16s_9ns_25_1_1   |        0|   1|  0|   5|    0|
    |mul_16s_9ns_25_1_1_U1727   |mul_16s_9ns_25_1_1   |        0|   1|  0|   5|    0|
    |mul_16s_9ns_25_1_1_U1729   |mul_16s_9ns_25_1_1   |        0|   1|  0|   5|    0|
    |mul_16s_9ns_25_1_1_U1743   |mul_16s_9ns_25_1_1   |        0|   1|  0|   5|    0|
    |mul_16s_9ns_25_1_1_U1745   |mul_16s_9ns_25_1_1   |        0|   1|  0|   5|    0|
    |mul_16s_9ns_25_1_1_U1748   |mul_16s_9ns_25_1_1   |        0|   1|  0|   5|    0|
    |mul_16s_9ns_25_1_1_U1751   |mul_16s_9ns_25_1_1   |        0|   1|  0|   5|    0|
    |mul_16s_9ns_25_1_1_U1762   |mul_16s_9ns_25_1_1   |        0|   1|  0|   5|    0|
    |mul_16s_9ns_25_1_1_U1764   |mul_16s_9ns_25_1_1   |        0|   1|  0|   5|    0|
    |mul_16s_9ns_25_1_1_U1765   |mul_16s_9ns_25_1_1   |        0|   1|  0|   5|    0|
    |mul_16s_9ns_25_1_1_U1770   |mul_16s_9ns_25_1_1   |        0|   1|  0|   5|    0|
    |mul_16s_9ns_25_1_1_U1777   |mul_16s_9ns_25_1_1   |        0|   1|  0|   5|    0|
    |mul_16s_9s_25_1_1_U761     |mul_16s_9s_25_1_1    |        0|   1|  0|   5|    0|
    |mul_16s_9s_25_1_1_U766     |mul_16s_9s_25_1_1    |        0|   1|  0|   5|    0|
    |mul_16s_9s_25_1_1_U770     |mul_16s_9s_25_1_1    |        0|   1|  0|   5|    0|
    |mul_16s_9s_25_1_1_U772     |mul_16s_9s_25_1_1    |        0|   1|  0|   5|    0|
    |mul_16s_9s_25_1_1_U776     |mul_16s_9s_25_1_1    |        0|   1|  0|   5|    0|
    |mul_16s_9s_25_1_1_U809     |mul_16s_9s_25_1_1    |        0|   1|  0|   5|    0|
    |mul_16s_9s_25_1_1_U810     |mul_16s_9s_25_1_1    |        0|   1|  0|   5|    0|
    |mul_16s_9s_25_1_1_U820     |mul_16s_9s_25_1_1    |        0|   1|  0|   5|    0|
    |mul_16s_9s_25_1_1_U822     |mul_16s_9s_25_1_1    |        0|   1|  0|   5|    0|
    |mul_16s_9s_25_1_1_U829     |mul_16s_9s_25_1_1    |        0|   1|  0|   5|    0|
    |mul_16s_9s_25_1_1_U830     |mul_16s_9s_25_1_1    |        0|   1|  0|   5|    0|
    |mul_16s_9s_25_1_1_U836     |mul_16s_9s_25_1_1    |        0|   1|  0|   5|    0|
    |mul_16s_9s_25_1_1_U838     |mul_16s_9s_25_1_1    |        0|   1|  0|   5|    0|
    |mul_16s_9s_25_1_1_U841     |mul_16s_9s_25_1_1    |        0|   1|  0|   5|    0|
    |mul_16s_9s_25_1_1_U863     |mul_16s_9s_25_1_1    |        0|   1|  0|   5|    0|
    |mul_16s_9s_25_1_1_U868     |mul_16s_9s_25_1_1    |        0|   1|  0|   5|    0|
    |mul_16s_9s_25_1_1_U869     |mul_16s_9s_25_1_1    |        0|   1|  0|   5|    0|
    |mul_16s_9s_25_1_1_U871     |mul_16s_9s_25_1_1    |        0|   1|  0|   5|    0|
    |mul_16s_9s_25_1_1_U896     |mul_16s_9s_25_1_1    |        0|   1|  0|   5|    0|
    |mul_16s_9s_25_1_1_U897     |mul_16s_9s_25_1_1    |        0|   1|  0|   5|    0|
    |mul_16s_9s_25_1_1_U907     |mul_16s_9s_25_1_1    |        0|   1|  0|   5|    0|
    |mul_16s_9s_25_1_1_U915     |mul_16s_9s_25_1_1    |        0|   1|  0|   5|    0|
    |mul_16s_9s_25_1_1_U929     |mul_16s_9s_25_1_1    |        0|   1|  0|   5|    0|
    |mul_16s_9s_25_1_1_U937     |mul_16s_9s_25_1_1    |        0|   1|  0|   5|    0|
    |mul_16s_9s_25_1_1_U946     |mul_16s_9s_25_1_1    |        0|   1|  0|   5|    0|
    |mul_16s_9s_25_1_1_U954     |mul_16s_9s_25_1_1    |        0|   1|  0|   5|    0|
    |mul_16s_9s_25_1_1_U962     |mul_16s_9s_25_1_1    |        0|   1|  0|   5|    0|
    |mul_16s_9s_25_1_1_U968     |mul_16s_9s_25_1_1    |        0|   1|  0|   5|    0|
    |mul_16s_9s_25_1_1_U986     |mul_16s_9s_25_1_1    |        0|   1|  0|   5|    0|
    |mul_16s_9s_25_1_1_U989     |mul_16s_9s_25_1_1    |        0|   1|  0|   5|    0|
    |mul_16s_9s_25_1_1_U991     |mul_16s_9s_25_1_1    |        0|   1|  0|   5|    0|
    |mul_16s_9s_25_1_1_U998     |mul_16s_9s_25_1_1    |        0|   1|  0|   5|    0|
    |mul_16s_9s_25_1_1_U999     |mul_16s_9s_25_1_1    |        0|   1|  0|   5|    0|
    |mul_16s_9s_25_1_1_U1009    |mul_16s_9s_25_1_1    |        0|   1|  0|   5|    0|
    |mul_16s_9s_25_1_1_U1019    |mul_16s_9s_25_1_1    |        0|   1|  0|   5|    0|
    |mul_16s_9s_25_1_1_U1031    |mul_16s_9s_25_1_1    |        0|   1|  0|   5|    0|
    |mul_16s_9s_25_1_1_U1037    |mul_16s_9s_25_1_1    |        0|   1|  0|   5|    0|
    |mul_16s_9s_25_1_1_U1040    |mul_16s_9s_25_1_1    |        0|   1|  0|   5|    0|
    |mul_16s_9s_25_1_1_U1052    |mul_16s_9s_25_1_1    |        0|   1|  0|   5|    0|
    |mul_16s_9s_25_1_1_U1062    |mul_16s_9s_25_1_1    |        0|   1|  0|   5|    0|
    |mul_16s_9s_25_1_1_U1065    |mul_16s_9s_25_1_1    |        0|   1|  0|   5|    0|
    |mul_16s_9s_25_1_1_U1070    |mul_16s_9s_25_1_1    |        0|   1|  0|   5|    0|
    |mul_16s_9s_25_1_1_U1071    |mul_16s_9s_25_1_1    |        0|   1|  0|   5|    0|
    |mul_16s_9s_25_1_1_U1078    |mul_16s_9s_25_1_1    |        0|   1|  0|   5|    0|
    |mul_16s_9s_25_1_1_U1079    |mul_16s_9s_25_1_1    |        0|   1|  0|   5|    0|
    |mul_16s_9s_25_1_1_U1084    |mul_16s_9s_25_1_1    |        0|   1|  0|   5|    0|
    |mul_16s_9s_25_1_1_U1089    |mul_16s_9s_25_1_1    |        0|   1|  0|   5|    0|
    |mul_16s_9s_25_1_1_U1090    |mul_16s_9s_25_1_1    |        0|   1|  0|   5|    0|
    |mul_16s_9s_25_1_1_U1091    |mul_16s_9s_25_1_1    |        0|   1|  0|   5|    0|
    |mul_16s_9s_25_1_1_U1095    |mul_16s_9s_25_1_1    |        0|   1|  0|   5|    0|
    |mul_16s_9s_25_1_1_U1105    |mul_16s_9s_25_1_1    |        0|   1|  0|   5|    0|
    |mul_16s_9s_25_1_1_U1108    |mul_16s_9s_25_1_1    |        0|   1|  0|   5|    0|
    |mul_16s_9s_25_1_1_U1126    |mul_16s_9s_25_1_1    |        0|   1|  0|   5|    0|
    |mul_16s_9s_25_1_1_U1130    |mul_16s_9s_25_1_1    |        0|   1|  0|   5|    0|
    |mul_16s_9s_25_1_1_U1132    |mul_16s_9s_25_1_1    |        0|   1|  0|   5|    0|
    |mul_16s_9s_25_1_1_U1137    |mul_16s_9s_25_1_1    |        0|   1|  0|   5|    0|
    |mul_16s_9s_25_1_1_U1155    |mul_16s_9s_25_1_1    |        0|   1|  0|   5|    0|
    |mul_16s_9s_25_1_1_U1158    |mul_16s_9s_25_1_1    |        0|   1|  0|   5|    0|
    |mul_16s_9s_25_1_1_U1160    |mul_16s_9s_25_1_1    |        0|   1|  0|   5|    0|
    |mul_16s_9s_25_1_1_U1169    |mul_16s_9s_25_1_1    |        0|   1|  0|   5|    0|
    |mul_16s_9s_25_1_1_U1171    |mul_16s_9s_25_1_1    |        0|   1|  0|   5|    0|
    |mul_16s_9s_25_1_1_U1195    |mul_16s_9s_25_1_1    |        0|   1|  0|   5|    0|
    |mul_16s_9s_25_1_1_U1210    |mul_16s_9s_25_1_1    |        0|   1|  0|   5|    0|
    |mul_16s_9s_25_1_1_U1212    |mul_16s_9s_25_1_1    |        0|   1|  0|   5|    0|
    |mul_16s_9s_25_1_1_U1218    |mul_16s_9s_25_1_1    |        0|   1|  0|   5|    0|
    |mul_16s_9s_25_1_1_U1225    |mul_16s_9s_25_1_1    |        0|   1|  0|   5|    0|
    |mul_16s_9s_25_1_1_U1226    |mul_16s_9s_25_1_1    |        0|   1|  0|   5|    0|
    |mul_16s_9s_25_1_1_U1231    |mul_16s_9s_25_1_1    |        0|   1|  0|   5|    0|
    |mul_16s_9s_25_1_1_U1232    |mul_16s_9s_25_1_1    |        0|   1|  0|   5|    0|
    |mul_16s_9s_25_1_1_U1236    |mul_16s_9s_25_1_1    |        0|   1|  0|   5|    0|
    |mul_16s_9s_25_1_1_U1237    |mul_16s_9s_25_1_1    |        0|   1|  0|   5|    0|
    |mul_16s_9s_25_1_1_U1252    |mul_16s_9s_25_1_1    |        0|   1|  0|   5|    0|
    |mul_16s_9s_25_1_1_U1282    |mul_16s_9s_25_1_1    |        0|   1|  0|   5|    0|
    |mul_16s_9s_25_1_1_U1284    |mul_16s_9s_25_1_1    |        0|   1|  0|   5|    0|
    |mul_16s_9s_25_1_1_U1306    |mul_16s_9s_25_1_1    |        0|   1|  0|   5|    0|
    |mul_16s_9s_25_1_1_U1312    |mul_16s_9s_25_1_1    |        0|   1|  0|   5|    0|
    |mul_16s_9s_25_1_1_U1314    |mul_16s_9s_25_1_1    |        0|   1|  0|   5|    0|
    |mul_16s_9s_25_1_1_U1316    |mul_16s_9s_25_1_1    |        0|   1|  0|   5|    0|
    |mul_16s_9s_25_1_1_U1327    |mul_16s_9s_25_1_1    |        0|   1|  0|   5|    0|
    |mul_16s_9s_25_1_1_U1331    |mul_16s_9s_25_1_1    |        0|   1|  0|   5|    0|
    |mul_16s_9s_25_1_1_U1337    |mul_16s_9s_25_1_1    |        0|   1|  0|   5|    0|
    |mul_16s_9s_25_1_1_U1343    |mul_16s_9s_25_1_1    |        0|   1|  0|   5|    0|
    |mul_16s_9s_25_1_1_U1344    |mul_16s_9s_25_1_1    |        0|   1|  0|   5|    0|
    |mul_16s_9s_25_1_1_U1363    |mul_16s_9s_25_1_1    |        0|   1|  0|   5|    0|
    |mul_16s_9s_25_1_1_U1372    |mul_16s_9s_25_1_1    |        0|   1|  0|   5|    0|
    |mul_16s_9s_25_1_1_U1378    |mul_16s_9s_25_1_1    |        0|   1|  0|   5|    0|
    |mul_16s_9s_25_1_1_U1391    |mul_16s_9s_25_1_1    |        0|   1|  0|   5|    0|
    |mul_16s_9s_25_1_1_U1392    |mul_16s_9s_25_1_1    |        0|   1|  0|   5|    0|
    |mul_16s_9s_25_1_1_U1399    |mul_16s_9s_25_1_1    |        0|   1|  0|   5|    0|
    |mul_16s_9s_25_1_1_U1408    |mul_16s_9s_25_1_1    |        0|   1|  0|   5|    0|
    |mul_16s_9s_25_1_1_U1414    |mul_16s_9s_25_1_1    |        0|   1|  0|   5|    0|
    |mul_16s_9s_25_1_1_U1432    |mul_16s_9s_25_1_1    |        0|   1|  0|   5|    0|
    |mul_16s_9s_25_1_1_U1436    |mul_16s_9s_25_1_1    |        0|   1|  0|   5|    0|
    |mul_16s_9s_25_1_1_U1438    |mul_16s_9s_25_1_1    |        0|   1|  0|   5|    0|
    |mul_16s_9s_25_1_1_U1442    |mul_16s_9s_25_1_1    |        0|   1|  0|   5|    0|
    |mul_16s_9s_25_1_1_U1458    |mul_16s_9s_25_1_1    |        0|   1|  0|   5|    0|
    |mul_16s_9s_25_1_1_U1473    |mul_16s_9s_25_1_1    |        0|   1|  0|   5|    0|
    |mul_16s_9s_25_1_1_U1476    |mul_16s_9s_25_1_1    |        0|   1|  0|   5|    0|
    |mul_16s_9s_25_1_1_U1483    |mul_16s_9s_25_1_1    |        0|   1|  0|   5|    0|
    |mul_16s_9s_25_1_1_U1484    |mul_16s_9s_25_1_1    |        0|   1|  0|   5|    0|
    |mul_16s_9s_25_1_1_U1501    |mul_16s_9s_25_1_1    |        0|   1|  0|   5|    0|
    |mul_16s_9s_25_1_1_U1504    |mul_16s_9s_25_1_1    |        0|   1|  0|   5|    0|
    |mul_16s_9s_25_1_1_U1511    |mul_16s_9s_25_1_1    |        0|   1|  0|   5|    0|
    |mul_16s_9s_25_1_1_U1513    |mul_16s_9s_25_1_1    |        0|   1|  0|   5|    0|
    |mul_16s_9s_25_1_1_U1518    |mul_16s_9s_25_1_1    |        0|   1|  0|   5|    0|
    |mul_16s_9s_25_1_1_U1532    |mul_16s_9s_25_1_1    |        0|   1|  0|   5|    0|
    |mul_16s_9s_25_1_1_U1547    |mul_16s_9s_25_1_1    |        0|   1|  0|   5|    0|
    |mul_16s_9s_25_1_1_U1553    |mul_16s_9s_25_1_1    |        0|   1|  0|   5|    0|
    |mul_16s_9s_25_1_1_U1555    |mul_16s_9s_25_1_1    |        0|   1|  0|   5|    0|
    |mul_16s_9s_25_1_1_U1559    |mul_16s_9s_25_1_1    |        0|   1|  0|   5|    0|
    |mul_16s_9s_25_1_1_U1570    |mul_16s_9s_25_1_1    |        0|   1|  0|   5|    0|
    |mul_16s_9s_25_1_1_U1575    |mul_16s_9s_25_1_1    |        0|   1|  0|   5|    0|
    |mul_16s_9s_25_1_1_U1584    |mul_16s_9s_25_1_1    |        0|   1|  0|   5|    0|
    |mul_16s_9s_25_1_1_U1585    |mul_16s_9s_25_1_1    |        0|   1|  0|   5|    0|
    |mul_16s_9s_25_1_1_U1607    |mul_16s_9s_25_1_1    |        0|   1|  0|   5|    0|
    |mul_16s_9s_25_1_1_U1626    |mul_16s_9s_25_1_1    |        0|   1|  0|   5|    0|
    |mul_16s_9s_25_1_1_U1647    |mul_16s_9s_25_1_1    |        0|   1|  0|   5|    0|
    |mul_16s_9s_25_1_1_U1660    |mul_16s_9s_25_1_1    |        0|   1|  0|   5|    0|
    |mul_16s_9s_25_1_1_U1669    |mul_16s_9s_25_1_1    |        0|   1|  0|   5|    0|
    |mul_16s_9s_25_1_1_U1678    |mul_16s_9s_25_1_1    |        0|   1|  0|   5|    0|
    |mul_16s_9s_25_1_1_U1702    |mul_16s_9s_25_1_1    |        0|   1|  0|   5|    0|
    |mul_16s_9s_25_1_1_U1704    |mul_16s_9s_25_1_1    |        0|   1|  0|   5|    0|
    |mul_16s_9s_25_1_1_U1706    |mul_16s_9s_25_1_1    |        0|   1|  0|   5|    0|
    |mul_16s_9s_25_1_1_U1723    |mul_16s_9s_25_1_1    |        0|   1|  0|   5|    0|
    |mul_16s_9s_25_1_1_U1773    |mul_16s_9s_25_1_1    |        0|   1|  0|   5|    0|
    +---------------------------+---------------------+---------+----+---+----+-----+
    |Total                      |                     |        0|1017|  0|5085|    0|
    +---------------------------+---------------------+---------+----+---+----+-----+

    * DSP: 
    N/A

    * Memory: 
    N/A

    * FIFO: 
    N/A

    * Expression: 
    +-----------------------------+----------+----+---+-----+------------+------------+
    |        Variable Name        | Operation| DSP| FF| LUT | Bitwidth P0| Bitwidth P1|
    +-----------------------------+----------+----+---+-----+------------+------------+
    |add_ln58_1000_fu_8388806_p2  |         +|   0|  0|   16|          16|          16|
    |add_ln58_1001_fu_8378523_p2  |         +|   0|  0|   16|          16|          16|
    |add_ln58_1002_fu_8378529_p2  |         +|   0|  0|   16|          16|          16|
    |add_ln58_1003_fu_8378535_p2  |         +|   0|  0|   16|          16|          16|
    |add_ln58_1004_fu_8378541_p2  |         +|   0|  0|   23|          16|          16|
    |add_ln58_1005_fu_8378547_p2  |         +|   0|  0|   16|          16|          16|
    |add_ln58_1006_fu_8388812_p2  |         +|   0|  0|   16|          16|          16|
    |add_ln58_1007_fu_8378553_p2  |         +|   0|  0|   23|          16|          16|
    |add_ln58_1008_fu_8378559_p2  |         +|   0|  0|   23|          16|          16|
    |add_ln58_1009_fu_8388816_p2  |         +|   0|  0|   16|          16|          16|
    |add_ln58_1010_fu_8378565_p2  |         +|   0|  0|   16|          16|          16|
    |add_ln58_1011_fu_8378571_p2  |         +|   0|  0|   23|          16|          16|
    |add_ln58_1012_fu_8378577_p2  |         +|   0|  0|   16|          16|          16|
    |add_ln58_1013_fu_8388820_p2  |         +|   0|  0|   16|          16|          16|
    |add_ln58_1014_fu_8388825_p2  |         +|   0|  0|   16|          16|          16|
    |add_ln58_1015_fu_8378583_p2  |         +|   0|  0|   16|          16|          16|
    |add_ln58_1016_fu_8378589_p2  |         +|   0|  0|   23|          16|          16|
    |add_ln58_1017_fu_8378595_p2  |         +|   0|  0|   16|          16|          16|
    |add_ln58_1018_fu_8378601_p2  |         +|   0|  0|   16|          16|          16|
    |add_ln58_1019_fu_8378607_p2  |         +|   0|  0|   23|          16|          16|
    |add_ln58_1020_fu_8378613_p2  |         +|   0|  0|   16|          16|          16|
    |add_ln58_1021_fu_8388831_p2  |         +|   0|  0|   16|          16|          16|
    |add_ln58_1022_fu_8378619_p2  |         +|   0|  0|   23|          16|          16|
    |add_ln58_1023_fu_8378625_p2  |         +|   0|  0|   23|          16|          16|
    |add_ln58_1024_fu_8388835_p2  |         +|   0|  0|   16|          16|          16|
    |add_ln58_1025_fu_8378631_p2  |         +|   0|  0|   22|          15|          15|
    |add_ln58_1026_fu_8378641_p2  |         +|   0|  0|   16|          16|          16|
    |add_ln58_1027_fu_8378647_p2  |         +|   0|  0|   16|          16|          16|
    |add_ln58_1028_fu_8388839_p2  |         +|   0|  0|   16|          16|          16|
    |add_ln58_1029_fu_8388844_p2  |         +|   0|  0|   16|          16|          16|
    |add_ln58_1030_fu_8388850_p2  |         +|   0|  0|   16|          16|          16|
    |add_ln58_1031_fu_8378653_p2  |         +|   0|  0|   23|          16|          16|
    |add_ln58_1032_fu_8378659_p2  |         +|   0|  0|   23|          16|          16|
    |add_ln58_1033_fu_8388856_p2  |         +|   0|  0|   16|          16|          16|
    |add_ln58_1034_fu_8378665_p2  |         +|   0|  0|   16|          16|          16|
    |add_ln58_1035_fu_8378671_p2  |         +|   0|  0|   23|          16|          16|
    |add_ln58_1036_fu_8378677_p2  |         +|   0|  0|   16|          16|          16|
    |add_ln58_1037_fu_8388860_p2  |         +|   0|  0|   16|          16|          16|
    |add_ln58_1038_fu_8378683_p2  |         +|   0|  0|   23|          16|          16|
    |add_ln58_1039_fu_8378689_p2  |         +|   0|  0|   22|          15|          15|
    |add_ln58_1040_fu_8388868_p2  |         +|   0|  0|   16|          16|          16|
    |add_ln58_1041_fu_8378695_p2  |         +|   0|  0|   16|          16|          16|
    |add_ln58_1042_fu_8378701_p2  |         +|   0|  0|   21|          14|          14|
    |add_ln58_1043_fu_8378711_p2  |         +|   0|  0|   16|          16|          16|
    |add_ln58_1044_fu_8388873_p2  |         +|   0|  0|   16|          16|          16|
    |add_ln58_1045_fu_8388878_p2  |         +|   0|  0|   16|          16|          16|
    |add_ln58_1046_fu_8378717_p2  |         +|   0|  0|   19|          12|          12|
    |add_ln58_1047_fu_8378727_p2  |         +|   0|  0|   16|          15|          15|
    |add_ln58_1048_fu_8378733_p2  |         +|   0|  0|   16|          15|          15|
    |add_ln58_1049_fu_8378739_p2  |         +|   0|  0|   16|          16|          16|
    |add_ln58_1050_fu_8378745_p2  |         +|   0|  0|   22|          15|          15|
    |add_ln58_1051_fu_8378755_p2  |         +|   0|  0|   16|          16|          16|
    |add_ln58_1052_fu_8388887_p2  |         +|   0|  0|   16|          16|          16|
    |add_ln58_1053_fu_8378761_p2  |         +|   0|  0|   23|          16|          16|
    |add_ln58_1054_fu_8378767_p2  |         +|   0|  0|   23|          16|          16|
    |add_ln58_1055_fu_8378773_p2  |         +|   0|  0|   16|          16|          16|
    |add_ln58_1056_fu_8378779_p2  |         +|   0|  0|   17|          11|          11|
    |add_ln58_1057_fu_8378785_p2  |         +|   0|  0|   14|           7|           4|
    |add_ln58_1058_fu_8378795_p2  |         +|   0|  0|   17|          11|          11|
    |add_ln58_1059_fu_8378805_p2  |         +|   0|  0|   16|          16|          16|
    |add_ln58_1060_fu_8388892_p2  |         +|   0|  0|   16|          16|          16|
    |add_ln58_1061_fu_8388897_p2  |         +|   0|  0|   16|          16|          16|
    |add_ln58_1062_fu_8388903_p2  |         +|   0|  0|   16|          16|          16|
    |add_ln58_1063_fu_8378811_p2  |         +|   0|  0|   16|          16|          16|
    |add_ln58_1064_fu_8378817_p2  |         +|   0|  0|   16|          16|          16|
    |add_ln58_1065_fu_8378823_p2  |         +|   0|  0|   16|          16|          16|
    |add_ln58_1066_fu_8378829_p2  |         +|   0|  0|   23|          16|          16|
    |add_ln58_1067_fu_8378835_p2  |         +|   0|  0|   16|          16|          16|
    |add_ln58_1068_fu_8388909_p2  |         +|   0|  0|   16|          16|          16|
    |add_ln58_1069_fu_8378841_p2  |         +|   0|  0|   19|          12|          12|
    |add_ln58_1070_fu_8378851_p2  |         +|   0|  0|   16|          14|          14|
    |add_ln58_1071_fu_8378857_p2  |         +|   0|  0|   16|          14|          14|
    |add_ln58_1072_fu_8378867_p2  |         +|   0|  0|   21|          14|          14|
    |add_ln58_1073_fu_8378877_p2  |         +|   0|  0|   23|          16|          16|
    |add_ln58_1074_fu_8378883_p2  |         +|   0|  0|   16|          16|          16|
    |add_ln58_1075_fu_8378889_p2  |         +|   0|  0|   16|          16|          16|
    |add_ln58_1076_fu_8388913_p2  |         +|   0|  0|   16|          16|          16|
    |add_ln58_1077_fu_8378895_p2  |         +|   0|  0|   16|          16|          16|
    |add_ln58_1078_fu_8378901_p2  |         +|   0|  0|   22|          15|          15|
    |add_ln58_1079_fu_8378911_p2  |         +|   0|  0|   16|          16|          16|
    |add_ln58_1080_fu_8378917_p2  |         +|   0|  0|   21|          14|          14|
    |add_ln58_1081_fu_8378927_p2  |         +|   0|  0|   16|          16|          16|
    |add_ln58_1082_fu_8378933_p2  |         +|   0|  0|   16|          16|          16|
    |add_ln58_1083_fu_8388918_p2  |         +|   0|  0|   16|          16|          16|
    |add_ln58_1084_fu_8378939_p2  |         +|   0|  0|   23|          16|          16|
    |add_ln58_1085_fu_8378945_p2  |         +|   0|  0|   19|          12|          12|
    |add_ln58_1086_fu_8378955_p2  |         +|   0|  0|   16|          16|          16|
    |add_ln58_1087_fu_8378961_p2  |         +|   0|  0|   16|          15|          15|
    |add_ln58_1088_fu_8378967_p2  |         +|   0|  0|   19|          12|          12|
    |add_ln58_1089_fu_8378977_p2  |         +|   0|  0|   16|          15|          15|
    |add_ln58_1090_fu_8378987_p2  |         +|   0|  0|   16|          16|          16|
    |add_ln58_1091_fu_8388922_p2  |         +|   0|  0|   16|          16|          16|
    |add_ln58_1092_fu_8388927_p2  |         +|   0|  0|   16|          16|          16|
    |add_ln58_1093_fu_8378993_p2  |         +|   0|  0|   23|          16|          16|
    |add_ln58_1094_fu_8388933_p2  |         +|   0|  0|   16|          16|          16|
    |add_ln58_1095_fu_8378999_p2  |         +|   0|  0|   16|          16|          16|
    |add_ln58_1096_fu_8379005_p2  |         +|   0|  0|   22|          15|          15|
    |add_ln58_1097_fu_8379015_p2  |         +|   0|  0|   16|          16|          16|
    |add_ln58_1098_fu_8388938_p2  |         +|   0|  0|   16|          16|          16|
    |add_ln58_1099_fu_8379021_p2  |         +|   0|  0|   23|          16|          16|
    |add_ln58_1100_fu_8379027_p2  |         +|   0|  0|   19|          12|          12|
    |add_ln58_1101_fu_8388946_p2  |         +|   0|  0|   16|          16|          16|
    |add_ln58_1102_fu_8379033_p2  |         +|   0|  0|   16|          16|          16|
    |add_ln58_1103_fu_8379039_p2  |         +|   0|  0|   23|          16|          16|
    |add_ln58_1104_fu_8379045_p2  |         +|   0|  0|   16|          16|          16|
    |add_ln58_1105_fu_8388951_p2  |         +|   0|  0|   16|          16|          16|
    |add_ln58_1106_fu_8388956_p2  |         +|   0|  0|   16|          16|          16|
    |add_ln58_1107_fu_8379051_p2  |         +|   0|  0|   21|          14|          14|
    |add_ln58_1108_fu_8379061_p2  |         +|   0|  0|   21|          14|          14|
    |add_ln58_1109_fu_8379071_p2  |         +|   0|  0|   22|          15|          15|
    |add_ln58_1110_fu_8379077_p2  |         +|   0|  0|   16|          16|          16|
    |add_ln58_1111_fu_8379083_p2  |         +|   0|  0|   22|          15|          15|
    |add_ln58_1112_fu_8379093_p2  |         +|   0|  0|   16|          16|          16|
    |add_ln58_1113_fu_8388965_p2  |         +|   0|  0|   16|          16|          16|
    |add_ln58_1114_fu_8379099_p2  |         +|   0|  0|   20|          13|          13|
    |add_ln58_1115_fu_8379105_p2  |         +|   0|  0|   16|           9|           8|
    |add_ln58_1116_fu_8379115_p2  |         +|   0|  0|   17|          13|          13|
    |add_ln58_1117_fu_8379121_p2  |         +|   0|  0|   16|           9|           9|
    |add_ln58_1118_fu_8379131_p2  |         +|   0|  0|   16|           9|           9|
    |add_ln58_1119_fu_8379141_p2  |         +|   0|  0|   17|          10|          10|
    |add_ln58_1120_fu_8379151_p2  |         +|   0|  0|   17|          13|          13|
    |add_ln58_1121_fu_8388973_p2  |         +|   0|  0|   16|          16|          16|
    |add_ln58_1122_fu_8388979_p2  |         +|   0|  0|   16|          16|          16|
    |add_ln58_1123_fu_8388985_p2  |         +|   0|  0|   16|          16|          16|
    |add_ln58_1124_fu_8379157_p2  |         +|   0|  0|   21|          14|          14|
    |add_ln58_1125_fu_8379167_p2  |         +|   0|  0|   16|          15|          15|
    |add_ln58_1126_fu_8379173_p2  |         +|   0|  0|   17|          10|          10|
    |add_ln58_1127_fu_8379183_p2  |         +|   0|  0|   17|          12|          12|
    |add_ln58_1128_fu_8379189_p2  |         +|   0|  0|   17|          12|          12|
    |add_ln58_1129_fu_8379199_p2  |         +|   0|  0|   16|          15|          15|
    |add_ln58_1130_fu_8379205_p2  |         +|   0|  0|   20|          13|          13|
    |add_ln58_1131_fu_8379215_p2  |         +|   0|  0|   16|          16|          16|
    |add_ln58_1132_fu_8379221_p2  |         +|   0|  0|   16|          16|          16|
    |add_ln58_1133_fu_8379227_p2  |         +|   0|  0|   16|          16|          16|
    |add_ln58_1134_fu_8379233_p2  |         +|   0|  0|   22|          15|          15|
    |add_ln58_1135_fu_8379243_p2  |         +|   0|  0|   16|          16|          16|
    |add_ln58_1136_fu_8388994_p2  |         +|   0|  0|   16|          16|          16|
    |add_ln58_1137_fu_8388998_p2  |         +|   0|  0|   16|          16|          16|
    |add_ln58_1138_fu_8379249_p2  |         +|   0|  0|   16|          16|          16|
    |add_ln58_1139_fu_8379255_p2  |         +|   0|  0|   23|          16|          16|
    |add_ln58_1140_fu_8379261_p2  |         +|   0|  0|   16|          16|          16|
    |add_ln58_1141_fu_8379267_p2  |         +|   0|  0|   18|          11|          11|
    |add_ln58_1142_fu_8379277_p2  |         +|   0|  0|   16|          16|          16|
    |add_ln58_1143_fu_8379283_p2  |         +|   0|  0|   16|          16|          16|
    |add_ln58_1144_fu_8389004_p2  |         +|   0|  0|   16|          16|          16|
    |add_ln58_1145_fu_8379289_p2  |         +|   0|  0|   23|          16|          16|
    |add_ln58_1146_fu_8379295_p2  |         +|   0|  0|   23|          16|          16|
    |add_ln58_1147_fu_8389008_p2  |         +|   0|  0|   16|          16|          16|
    |add_ln58_1148_fu_8379301_p2  |         +|   0|  0|   16|          16|          16|
    |add_ln58_1149_fu_8379307_p2  |         +|   0|  0|   23|          16|          16|
    |add_ln58_1150_fu_8379313_p2  |         +|   0|  0|   16|          16|          16|
    |add_ln58_1151_fu_8389012_p2  |         +|   0|  0|   16|          16|          16|
    |add_ln58_1152_fu_8389017_p2  |         +|   0|  0|   16|          16|          16|
    |add_ln58_1153_fu_8389023_p2  |         +|   0|  0|   16|          16|          16|
    |add_ln58_1154_fu_8379319_p2  |         +|   0|  0|   17|          10|          10|
    |add_ln58_1155_fu_8379325_p2  |         +|   0|  0|   23|          16|          16|
    |add_ln58_1156_fu_8389032_p2  |         +|   0|  0|   16|          16|          16|
    |add_ln58_1157_fu_8379331_p2  |         +|   0|  0|   16|          16|          16|
    |add_ln58_1158_fu_8379337_p2  |         +|   0|  0|   23|          16|          16|
    |add_ln58_1159_fu_8379343_p2  |         +|   0|  0|   16|          16|          16|
    |add_ln58_1160_fu_8389037_p2  |         +|   0|  0|   16|          16|          16|
    |add_ln58_1161_fu_8379349_p2  |         +|   0|  0|   17|          10|          10|
    |add_ln58_1162_fu_8379359_p2  |         +|   0|  0|   23|          16|          16|
    |add_ln58_1163_fu_8379365_p2  |         +|   0|  0|   16|          16|          16|
    |add_ln58_1164_fu_8379371_p2  |         +|   0|  0|   17|          13|          13|
    |add_ln58_1165_fu_8379377_p2  |         +|   0|  0|   18|          11|          11|
    |add_ln58_1166_fu_8379387_p2  |         +|   0|  0|   17|          13|          13|
    |add_ln58_1167_fu_8379397_p2  |         +|   0|  0|   16|          16|          16|
    |add_ln58_1168_fu_8389042_p2  |         +|   0|  0|   16|          16|          16|
    |add_ln58_1169_fu_8379403_p2  |         +|   0|  0|   22|          15|          15|
    |add_ln58_1170_fu_8379413_p2  |         +|   0|  0|   16|          16|          16|
    |add_ln58_1171_fu_8379419_p2  |         +|   0|  0|   16|          16|          16|
    |add_ln58_1172_fu_8379425_p2  |         +|   0|  0|   16|          16|          16|
    |add_ln58_1173_fu_8379431_p2  |         +|   0|  0|   19|          12|          12|
    |add_ln58_1174_fu_8379441_p2  |         +|   0|  0|   16|          16|          16|
    |add_ln58_1175_fu_8389047_p2  |         +|   0|  0|   16|          16|          16|
    |add_ln58_1176_fu_8379447_p2  |         +|   0|  0|   23|          16|          16|
    |add_ln58_1177_fu_8379453_p2  |         +|   0|  0|   22|          15|          15|
    |add_ln58_1178_fu_8379463_p2  |         +|   0|  0|   16|          16|          16|
    |add_ln58_1179_fu_8379469_p2  |         +|   0|  0|   16|           9|           8|
    |add_ln58_1180_fu_8379479_p2  |         +|   0|  0|   15|           8|           8|
    |add_ln58_1181_fu_8379489_p2  |         +|   0|  0|   17|          10|          10|
    |add_ln58_1182_fu_8379499_p2  |         +|   0|  0|   16|          16|          16|
    |add_ln58_1183_fu_8389051_p2  |         +|   0|  0|   16|          16|          16|
    |add_ln58_1184_fu_8389056_p2  |         +|   0|  0|   16|          16|          16|
    |add_ln58_1185_fu_8389062_p2  |         +|   0|  0|   16|          16|          16|
    |add_ln58_1186_fu_8379505_p2  |         +|   0|  0|   21|          14|          14|
    |add_ln58_1187_fu_8379515_p2  |         +|   0|  0|   22|          15|          15|
    |add_ln58_1188_fu_8379521_p2  |         +|   0|  0|   22|          15|          15|
    |add_ln58_1189_fu_8379531_p2  |         +|   0|  0|   16|          16|          16|
    |add_ln58_1190_fu_8379537_p2  |         +|   0|  0|   16|          16|          16|
    |add_ln58_1191_fu_8389071_p2  |         +|   0|  0|   16|          16|          16|
    |add_ln58_1192_fu_8379543_p2  |         +|   0|  0|   22|          15|          15|
    |add_ln58_1193_fu_8379549_p2  |         +|   0|  0|   23|          16|          16|
    |add_ln58_1194_fu_8389079_p2  |         +|   0|  0|   16|          16|          16|
    |add_ln58_1195_fu_8379555_p2  |         +|   0|  0|   16|          16|          16|
    |add_ln58_1196_fu_8379561_p2  |         +|   0|  0|   23|          16|          16|
    |add_ln58_1197_fu_8379567_p2  |         +|   0|  0|   16|          16|          16|
    |add_ln58_1198_fu_8389084_p2  |         +|   0|  0|   16|          16|          16|
    |add_ln58_1199_fu_8389089_p2  |         +|   0|  0|   16|          16|          16|
    |add_ln58_1200_fu_8379573_p2  |         +|   0|  0|   16|          16|          16|
    |add_ln58_1201_fu_8379579_p2  |         +|   0|  0|   23|          16|          16|
    |add_ln58_1202_fu_8379585_p2  |         +|   0|  0|   16|          16|          16|
    |add_ln58_1203_fu_8379591_p2  |         +|   0|  0|   16|          16|          16|
    |add_ln58_1204_fu_8379597_p2  |         +|   0|  0|   23|          16|          16|
    |add_ln58_1205_fu_8379603_p2  |         +|   0|  0|   16|          16|          16|
    |add_ln58_1206_fu_8389095_p2  |         +|   0|  0|   16|          16|          16|
    |add_ln58_1207_fu_8379609_p2  |         +|   0|  0|   22|          15|          15|
    |add_ln58_1208_fu_8379615_p2  |         +|   0|  0|   23|          16|          16|
    |add_ln58_1209_fu_8389102_p2  |         +|   0|  0|   16|          16|          16|
    |add_ln58_1210_fu_8379621_p2  |         +|   0|  0|   19|          12|          12|
    |add_ln58_1211_fu_8379631_p2  |         +|   0|  0|   16|          15|          15|
    |add_ln58_1212_fu_8379637_p2  |         +|   0|  0|   16|          15|          15|
    |add_ln58_1213_fu_8389110_p2  |         +|   0|  0|   16|          16|          16|
    |add_ln58_1214_fu_8389116_p2  |         +|   0|  0|   16|          16|          16|
    |add_ln58_1215_fu_8389122_p2  |         +|   0|  0|   16|          16|          16|
    |add_ln58_1216_fu_8379643_p2  |         +|   0|  0|   23|          16|          16|
    |add_ln58_1217_fu_8379649_p2  |         +|   0|  0|   21|          14|          14|
    |add_ln58_1218_fu_8389131_p2  |         +|   0|  0|   16|          16|          16|
    |add_ln58_1219_fu_8379655_p2  |         +|   0|  0|   16|          16|          16|
    |add_ln58_1220_fu_8379661_p2  |         +|   0|  0|   23|          16|          16|
    |add_ln58_1221_fu_8379667_p2  |         +|   0|  0|   16|          16|          16|
    |add_ln58_1222_fu_8389136_p2  |         +|   0|  0|   16|          16|          16|
    |add_ln58_1223_fu_8379673_p2  |         +|   0|  0|   22|          15|          15|
    |add_ln58_1224_fu_8379683_p2  |         +|   0|  0|   23|          16|          16|
    |add_ln58_1225_fu_8379689_p2  |         +|   0|  0|   16|          16|          16|
    |add_ln58_1226_fu_8379695_p2  |         +|   0|  0|   22|          15|          15|
    |add_ln58_1227_fu_8379705_p2  |         +|   0|  0|   16|          16|          16|
    |add_ln58_1228_fu_8379711_p2  |         +|   0|  0|   16|          16|          16|
    |add_ln58_1229_fu_8379717_p2  |         +|   0|  0|   16|          16|          16|
    |add_ln58_1230_fu_8389141_p2  |         +|   0|  0|   16|          16|          16|
    |add_ln58_1231_fu_8379723_p2  |         +|   0|  0|   16|          16|          16|
    |add_ln58_1232_fu_8379729_p2  |         +|   0|  0|   22|          15|          15|
    |add_ln58_1233_fu_8379739_p2  |         +|   0|  0|   16|          16|          16|
    |add_ln58_1234_fu_8379745_p2  |         +|   0|  0|   22|          15|          15|
    |add_ln58_1235_fu_8379755_p2  |         +|   0|  0|   16|          16|          16|
    |add_ln58_1236_fu_8379761_p2  |         +|   0|  0|   16|          16|          16|
    |add_ln58_1237_fu_8389146_p2  |         +|   0|  0|   16|          16|          16|
    |add_ln58_1238_fu_8379767_p2  |         +|   0|  0|   22|          15|          15|
    |add_ln58_1239_fu_8379777_p2  |         +|   0|  0|   23|          16|          16|
    |add_ln58_1240_fu_8379783_p2  |         +|   0|  0|   16|          16|          16|
    |add_ln58_1241_fu_8379789_p2  |         +|   0|  0|   15|           8|           8|
    |add_ln58_1242_fu_8379799_p2  |         +|   0|  0|   14|           7|           6|
    |add_ln58_1243_fu_8379809_p2  |         +|   0|  0|   16|           9|           9|
    |add_ln58_1244_fu_8379819_p2  |         +|   0|  0|   16|          16|          16|
    |add_ln58_1245_fu_8389150_p2  |         +|   0|  0|   16|          16|          16|
    |add_ln58_1246_fu_8389155_p2  |         +|   0|  0|   16|          16|          16|
    |add_ln58_1247_fu_8389161_p2  |         +|   0|  0|   16|          16|          16|
    |add_ln58_1248_fu_8379825_p2  |         +|   0|  0|   16|          16|          16|
    |add_ln58_1249_fu_8379831_p2  |         +|   0|  0|   21|          14|          14|
    |add_ln58_1250_fu_8379841_p2  |         +|   0|  0|   16|          16|          16|
    |add_ln58_1251_fu_8379847_p2  |         +|   0|  0|   16|          16|          16|
    |add_ln58_1252_fu_8379853_p2  |         +|   0|  0|   23|          16|          16|
    |add_ln58_1253_fu_8379859_p2  |         +|   0|  0|   16|          16|          16|
    |add_ln58_1254_fu_8389167_p2  |         +|   0|  0|   16|          16|          16|
    |add_ln58_1255_fu_8379865_p2  |         +|   0|  0|   23|          16|          16|
    |add_ln58_1256_fu_8379871_p2  |         +|   0|  0|   23|          16|          16|
    |add_ln58_1257_fu_8389171_p2  |         +|   0|  0|   16|          16|          16|
    |add_ln58_1258_fu_8379877_p2  |         +|   0|  0|   16|          16|          16|
    |add_ln58_1259_fu_8379883_p2  |         +|   0|  0|   23|          16|          16|
    |add_ln58_1260_fu_8379889_p2  |         +|   0|  0|   16|          16|          16|
    |add_ln58_1261_fu_8389175_p2  |         +|   0|  0|   16|          16|          16|
    |add_ln58_1262_fu_8389180_p2  |         +|   0|  0|   16|          16|          16|
    |add_ln58_1263_fu_8379895_p2  |         +|   0|  0|   16|          16|          16|
    |add_ln58_1264_fu_8379901_p2  |         +|   0|  0|   22|          15|          15|
    |add_ln58_1265_fu_8379911_p2  |         +|   0|  0|   16|          16|          16|
    |add_ln58_1266_fu_8379917_p2  |         +|   0|  0|   21|          14|          14|
    |add_ln58_1267_fu_8379927_p2  |         +|   0|  0|   16|          16|          16|
    |add_ln58_1268_fu_8379933_p2  |         +|   0|  0|   16|          16|          16|
    |add_ln58_1269_fu_8389186_p2  |         +|   0|  0|   16|          16|          16|
    |add_ln58_1270_fu_8379939_p2  |         +|   0|  0|   23|          16|          16|
    |add_ln58_1271_fu_8379945_p2  |         +|   0|  0|   23|          16|          16|
    |add_ln58_1272_fu_8389190_p2  |         +|   0|  0|   16|          16|          16|
    |add_ln58_1273_fu_8379951_p2  |         +|   0|  0|   16|          16|          16|
    |add_ln58_1274_fu_8379957_p2  |         +|   0|  0|   23|          16|          16|
    |add_ln58_1275_fu_8379963_p2  |         +|   0|  0|   16|          16|          16|
    |add_ln58_1276_fu_8389194_p2  |         +|   0|  0|   16|          16|          16|
    |add_ln58_1277_fu_8389199_p2  |         +|   0|  0|   16|          16|          16|
    |add_ln58_1278_fu_8389205_p2  |         +|   0|  0|   16|          16|          16|
    |add_ln58_1279_fu_8379969_p2  |         +|   0|  0|   22|          15|          15|
    |add_ln58_1280_fu_8379975_p2  |         +|   0|  0|   23|          16|          16|
    |add_ln58_1281_fu_8389214_p2  |         +|   0|  0|   16|          16|          16|
    |add_ln58_1282_fu_8379981_p2  |         +|   0|  0|   16|          16|          16|
    |add_ln58_1283_fu_8379987_p2  |         +|   0|  0|   21|          14|          14|
    |add_ln58_1284_fu_8379997_p2  |         +|   0|  0|   16|          16|          16|
    |add_ln58_1285_fu_8389219_p2  |         +|   0|  0|   16|          16|          16|
    |add_ln58_1286_fu_8380003_p2  |         +|   0|  0|   23|          16|          16|
    |add_ln58_1287_fu_8380009_p2  |         +|   0|  0|   23|          16|          16|
    |add_ln58_1288_fu_8389224_p2  |         +|   0|  0|   16|          16|          16|
    |add_ln58_1289_fu_8380015_p2  |         +|   0|  0|   22|          15|          15|
    |add_ln58_1290_fu_8380025_p2  |         +|   0|  0|   16|          16|          16|
    |add_ln58_1291_fu_8380031_p2  |         +|   0|  0|   16|          16|          16|
    |add_ln58_1292_fu_8389228_p2  |         +|   0|  0|   16|          16|          16|
    |add_ln58_1293_fu_8389233_p2  |         +|   0|  0|   16|          16|          16|
    |add_ln58_1294_fu_8380037_p2  |         +|   0|  0|   16|          16|          16|
    |add_ln58_1295_fu_8380043_p2  |         +|   0|  0|   21|          14|          14|
    |add_ln58_1296_fu_8380053_p2  |         +|   0|  0|   16|          16|          16|
    |add_ln58_1297_fu_8380059_p2  |         +|   0|  0|   16|          16|          16|
    |add_ln58_1298_fu_8380065_p2  |         +|   0|  0|   23|          16|          16|
    |add_ln58_1299_fu_8380071_p2  |         +|   0|  0|   16|          16|          16|
    |add_ln58_1300_fu_8389239_p2  |         +|   0|  0|   16|          16|          16|
    |add_ln58_1301_fu_8380077_p2  |         +|   0|  0|   22|          15|          15|
    |add_ln58_1302_fu_8380083_p2  |         +|   0|  0|   23|          16|          16|
    |add_ln58_1303_fu_8389246_p2  |         +|   0|  0|   16|          16|          16|
    |add_ln58_1304_fu_8380089_p2  |         +|   0|  0|   20|          13|          13|
    |add_ln58_1305_fu_8380099_p2  |         +|   0|  0|   16|           9|           9|
    |add_ln58_1306_fu_8380109_p2  |         +|   0|  0|   21|          14|          14|
    |add_ln58_1307_fu_8389254_p2  |         +|   0|  0|   16|          16|          16|
    |add_ln58_1308_fu_8389260_p2  |         +|   0|  0|   16|          16|          16|
    |add_ln58_1309_fu_8389266_p2  |         +|   0|  0|   16|          16|          16|
    |add_ln58_1310_fu_8389272_p2  |         +|   0|  0|   16|          16|          16|
    |add_ln58_1311_fu_8380115_p2  |         +|   0|  0|   22|          15|          15|
    |add_ln58_1312_fu_8380125_p2  |         +|   0|  0|   23|          16|          16|
    |add_ln58_1313_fu_8380131_p2  |         +|   0|  0|   16|          14|          14|
    |add_ln58_1314_fu_8380137_p2  |         +|   0|  0|   19|          12|          12|
    |add_ln58_1315_fu_8380147_p2  |         +|   0|  0|   16|          14|          14|
    |add_ln58_1316_fu_8389281_p2  |         +|   0|  0|   16|          16|          16|
    |add_ln58_1317_fu_8380153_p2  |         +|   0|  0|   23|          16|          16|
    |add_ln58_1318_fu_8380159_p2  |         +|   0|  0|   23|          16|          16|
    |add_ln58_1319_fu_8389286_p2  |         +|   0|  0|   16|          16|          16|
    |add_ln58_1320_fu_8380165_p2  |         +|   0|  0|   16|          16|          16|
    |add_ln58_1321_fu_8380171_p2  |         +|   0|  0|   23|          16|          16|
    |add_ln58_1322_fu_8380177_p2  |         +|   0|  0|   16|          16|          16|
    |add_ln58_1323_fu_8389290_p2  |         +|   0|  0|   16|          16|          16|
    |add_ln58_1324_fu_8389295_p2  |         +|   0|  0|   16|          16|          16|
    |add_ln58_1325_fu_8380183_p2  |         +|   0|  0|   16|          16|          16|
    |add_ln58_1326_fu_8380189_p2  |         +|   0|  0|   23|          16|          16|
    |add_ln58_1327_fu_8380195_p2  |         +|   0|  0|   16|          16|          16|
    |add_ln58_1328_fu_8380201_p2  |         +|   0|  0|   20|          13|          13|
    |add_ln58_1329_fu_8380211_p2  |         +|   0|  0|   16|          16|          16|
    |add_ln58_1330_fu_8380217_p2  |         +|   0|  0|   16|          16|          16|
    |add_ln58_1331_fu_8389301_p2  |         +|   0|  0|   16|          16|          16|
    |add_ln58_1332_fu_8380223_p2  |         +|   0|  0|   23|          16|          16|
    |add_ln58_1333_fu_8380229_p2  |         +|   0|  0|   23|          16|          16|
    |add_ln58_1334_fu_8389305_p2  |         +|   0|  0|   16|          16|          16|
    |add_ln58_1335_fu_8380235_p2  |         +|   0|  0|   16|          16|          16|
    |add_ln58_1336_fu_8380241_p2  |         +|   0|  0|   23|          16|          16|
    |add_ln58_1337_fu_8380247_p2  |         +|   0|  0|   16|          16|          16|
    |add_ln58_1338_fu_8389309_p2  |         +|   0|  0|   16|          16|          16|
    |add_ln58_1339_fu_8389314_p2  |         +|   0|  0|   16|          16|          16|
    |add_ln58_1340_fu_8389320_p2  |         +|   0|  0|   16|          16|          16|
    |add_ln58_1341_fu_8380253_p2  |         +|   0|  0|   23|          16|          16|
    |add_ln58_1342_fu_8389326_p2  |         +|   0|  0|   16|          16|          16|
    |add_ln58_1343_fu_8380259_p2  |         +|   0|  0|   16|          16|          16|
    |add_ln58_1344_fu_8380265_p2  |         +|   0|  0|   20|          13|          13|
    |add_ln58_1345_fu_8380275_p2  |         +|   0|  0|   16|          16|          16|
    |add_ln58_1346_fu_8389331_p2  |         +|   0|  0|   16|          16|          16|
    |add_ln58_1347_fu_8380281_p2  |         +|   0|  0|   21|          14|          14|
    |add_ln58_1348_fu_8380291_p2  |         +|   0|  0|   23|          16|          16|
    |add_ln58_1349_fu_8380297_p2  |         +|   0|  0|   16|          16|          16|
    |add_ln58_1350_fu_8380303_p2  |         +|   0|  0|   16|          16|          16|
    |add_ln58_1351_fu_8380309_p2  |         +|   0|  0|   19|          12|          12|
    |add_ln58_1352_fu_8380319_p2  |         +|   0|  0|   16|          16|          16|
    |add_ln58_1353_fu_8380325_p2  |         +|   0|  0|   16|          16|          16|
    |add_ln58_1354_fu_8389336_p2  |         +|   0|  0|   16|          16|          16|
    |add_ln58_1355_fu_8380331_p2  |         +|   0|  0|   16|          16|          16|
    |add_ln58_1356_fu_8380337_p2  |         +|   0|  0|   22|          15|          15|
    |add_ln58_1357_fu_8380347_p2  |         +|   0|  0|   16|          16|          16|
    |add_ln58_1358_fu_8380353_p2  |         +|   0|  0|   16|          16|          16|
    |add_ln58_1359_fu_8380359_p2  |         +|   0|  0|   23|          16|          16|
    |add_ln58_1360_fu_8380365_p2  |         +|   0|  0|   16|          16|          16|
    |add_ln58_1361_fu_8389341_p2  |         +|   0|  0|   16|          16|          16|
    |add_ln58_1362_fu_8380371_p2  |         +|   0|  0|   23|          16|          16|
    |add_ln58_1363_fu_8380377_p2  |         +|   0|  0|   22|          15|          15|
    |add_ln58_1364_fu_8380387_p2  |         +|   0|  0|   16|          16|          16|
    |add_ln58_1365_fu_8380393_p2  |         +|   0|  0|   16|          16|           9|
    |add_ln58_1366_fu_8380399_p2  |         +|   0|  0|   16|           9|           9|
    |add_ln58_1367_fu_8380409_p2  |         +|   0|  0|   16|          16|          16|
    |add_ln58_1368_fu_8380415_p2  |         +|   0|  0|   16|          16|          16|
    |add_ln58_1369_fu_8389345_p2  |         +|   0|  0|   16|          16|          16|
    |add_ln58_1370_fu_8389350_p2  |         +|   0|  0|   16|          16|          16|
    |add_ln58_1371_fu_8389356_p2  |         +|   0|  0|   16|          16|          16|
    |add_ln58_1372_fu_8380421_p2  |         +|   0|  0|   22|          15|          15|
    |add_ln58_1373_fu_8380431_p2  |         +|   0|  0|   21|          14|          14|
    |add_ln58_1374_fu_8380441_p2  |         +|   0|  0|   23|          16|          16|
    |add_ln58_1375_fu_8380447_p2  |         +|   0|  0|   16|          16|          16|
    |add_ln58_1376_fu_8380453_p2  |         +|   0|  0|   18|          11|          11|
    |add_ln58_1377_fu_8380463_p2  |         +|   0|  0|   16|          16|          16|
    |add_ln58_1378_fu_8389362_p2  |         +|   0|  0|   16|          16|          16|
    |add_ln58_1379_fu_8380469_p2  |         +|   0|  0|   23|          16|          16|
    |add_ln58_1380_fu_8380475_p2  |         +|   0|  0|   23|          16|          16|
    |add_ln58_1381_fu_8380481_p2  |         +|   0|  0|   16|          16|          16|
    |add_ln58_1382_fu_8380487_p2  |         +|   0|  0|   18|          11|          11|
    |add_ln58_1383_fu_8380497_p2  |         +|   0|  0|   16|          16|          16|
    |add_ln58_1384_fu_8380503_p2  |         +|   0|  0|   16|          16|          16|
    |add_ln58_1385_fu_8380509_p2  |         +|   0|  0|   16|          16|          16|
    |add_ln58_1386_fu_8389366_p2  |         +|   0|  0|   16|          16|          16|
    |add_ln58_1387_fu_8380515_p2  |         +|   0|  0|   20|          13|          13|
    |add_ln58_1388_fu_8380525_p2  |         +|   0|  0|   16|          14|          14|
    |add_ln58_1389_fu_8380531_p2  |         +|   0|  0|   16|          14|          14|
    |add_ln58_1390_fu_8380537_p2  |         +|   0|  0|   16|          16|          16|
    |add_ln58_1391_fu_8380543_p2  |         +|   0|  0|   20|          13|          13|
    |add_ln58_1392_fu_8380553_p2  |         +|   0|  0|   16|          16|          16|
    |add_ln58_1393_fu_8389374_p2  |         +|   0|  0|   16|          16|          16|
    |add_ln58_1394_fu_8380559_p2  |         +|   0|  0|   21|          14|          14|
    |add_ln58_1395_fu_8380569_p2  |         +|   0|  0|   23|          16|          16|
    |add_ln58_1396_fu_8380575_p2  |         +|   0|  0|   16|          16|          16|
    |add_ln58_1397_fu_8380581_p2  |         +|   0|  0|   16|          14|          14|
    |add_ln58_1398_fu_8380587_p2  |         +|   0|  0|   19|          12|          12|
    |add_ln58_1399_fu_8380597_p2  |         +|   0|  0|   16|          14|          14|
    |add_ln58_1400_fu_8380607_p2  |         +|   0|  0|   16|          16|          16|
    |add_ln58_1401_fu_8389379_p2  |         +|   0|  0|   16|          16|          16|
    |add_ln58_1402_fu_8389384_p2  |         +|   0|  0|   16|          16|          16|
    |add_ln58_1403_fu_8380613_p2  |         +|   0|  0|   23|          16|          16|
    |add_ln58_1404_fu_8380619_p2  |         +|   0|  0|   22|          15|          15|
    |add_ln58_1405_fu_8380629_p2  |         +|   0|  0|   16|          16|          16|
    |add_ln58_1406_fu_8380635_p2  |         +|   0|  0|   16|          15|          15|
    |add_ln58_1407_fu_8380641_p2  |         +|   0|  0|   20|          13|          13|
    |add_ln58_1408_fu_8380651_p2  |         +|   0|  0|   16|          15|          15|
    |add_ln58_1409_fu_8380661_p2  |         +|   0|  0|   16|          16|          16|
    |add_ln58_1410_fu_8380667_p2  |         +|   0|  0|   22|          15|          15|
    |add_ln58_1411_fu_8380673_p2  |         +|   0|  0|   23|          16|          16|
    |add_ln58_1412_fu_8389393_p2  |         +|   0|  0|   16|          16|          16|
    |add_ln58_1413_fu_8380679_p2  |         +|   0|  0|   19|          12|          12|
    |add_ln58_1414_fu_8380689_p2  |         +|   0|  0|   16|          16|          16|
    |add_ln58_1415_fu_8380695_p2  |         +|   0|  0|   16|          16|          16|
    |add_ln58_1416_fu_8389398_p2  |         +|   0|  0|   16|          16|          16|
    |add_ln58_1417_fu_8389403_p2  |         +|   0|  0|   16|          16|          16|
    |add_ln58_1418_fu_8380701_p2  |         +|   0|  0|   16|          16|          16|
    |add_ln58_1419_fu_8380707_p2  |         +|   0|  0|   20|          13|          13|
    |add_ln58_1420_fu_8380717_p2  |         +|   0|  0|   16|          16|          16|
    |add_ln58_1421_fu_8380723_p2  |         +|   0|  0|   16|          16|          16|
    |add_ln58_1422_fu_8380729_p2  |         +|   0|  0|   23|          16|          16|
    |add_ln58_1423_fu_8380735_p2  |         +|   0|  0|   16|          16|          16|
    |add_ln58_1424_fu_8389408_p2  |         +|   0|  0|   16|          16|          16|
    |add_ln58_1425_fu_8380741_p2  |         +|   0|  0|   15|           8|           7|
    |add_ln58_1426_fu_8380751_p2  |         +|   0|  0|   15|           8|           8|
    |add_ln58_1427_fu_8380761_p2  |         +|   0|  0|   16|           9|           9|
    |add_ln58_1428_fu_8380771_p2  |         +|   0|  0|   15|           8|           8|
    |add_ln58_1429_fu_8380781_p2  |         +|   0|  0|   14|           7|           7|
    |add_ln58_1430_fu_8380791_p2  |         +|   0|  0|   15|           8|           8|
    |add_ln58_1431_fu_8380801_p2  |         +|   0|  0|   16|           9|           9|
    |add_ln58_1432_fu_8380811_p2  |         +|   0|  0|   17|          10|          10|
    |add_ln58_1433_fu_8389415_p2  |         +|   0|  0|   16|          16|          16|
    |add_ln58_1434_fu_8389421_p2  |         +|   0|  0|   16|          16|          16|
    |add_ln58_1435_fu_8389427_p2  |         +|   0|  0|   16|          16|          16|
    |add_ln58_1436_fu_8380817_p2  |         +|   0|  0|   21|          14|          14|
    |add_ln58_1437_fu_8380827_p2  |         +|   0|  0|   23|          16|          16|
    |add_ln58_1438_fu_8380833_p2  |         +|   0|  0|   19|          12|          12|
    |add_ln58_1439_fu_8380843_p2  |         +|   0|  0|   16|          16|          16|
    |add_ln58_1440_fu_8380849_p2  |         +|   0|  0|   16|          16|          16|
    |add_ln58_1441_fu_8389433_p2  |         +|   0|  0|   16|          16|          16|
    |add_ln58_1442_fu_8380855_p2  |         +|   0|  0|   23|          16|          16|
    |add_ln58_1443_fu_8380861_p2  |         +|   0|  0|   21|          14|          14|
    |add_ln58_1444_fu_8389440_p2  |         +|   0|  0|   16|          16|          16|
    |add_ln58_1445_fu_8380867_p2  |         +|   0|  0|   16|          16|          16|
    |add_ln58_1446_fu_8380873_p2  |         +|   0|  0|   22|          15|          15|
    |add_ln58_1447_fu_8380883_p2  |         +|   0|  0|   16|          16|          16|
    |add_ln58_1448_fu_8389445_p2  |         +|   0|  0|   16|          16|          16|
    |add_ln58_1449_fu_8389450_p2  |         +|   0|  0|   16|          16|          16|
    |add_ln58_1450_fu_8380889_p2  |         +|   0|  0|   16|          16|          16|
    |add_ln58_1451_fu_8380895_p2  |         +|   0|  0|   22|          15|          15|
    |add_ln58_1452_fu_8380905_p2  |         +|   0|  0|   16|          16|          16|
    |add_ln58_1453_fu_8380911_p2  |         +|   0|  0|   21|          14|          14|
    |add_ln58_1454_fu_8380921_p2  |         +|   0|  0|   21|          14|          14|
    |add_ln58_1455_fu_8380931_p2  |         +|   0|  0|   22|          15|          15|
    |add_ln58_1456_fu_8389459_p2  |         +|   0|  0|   16|          16|          16|
    |add_ln58_1457_fu_8380937_p2  |         +|   0|  0|   23|          16|          16|
    |add_ln58_1458_fu_8380943_p2  |         +|   0|  0|   23|          16|          16|
    |add_ln58_1459_fu_8389464_p2  |         +|   0|  0|   16|          16|          16|
    |add_ln58_1460_fu_8380949_p2  |         +|   0|  0|   16|          16|          16|
    |add_ln58_1461_fu_8380955_p2  |         +|   0|  0|   19|          12|          12|
    |add_ln58_1462_fu_8380965_p2  |         +|   0|  0|   16|          16|          16|
    |add_ln58_1463_fu_8389468_p2  |         +|   0|  0|   16|          16|          16|
    |add_ln58_1464_fu_8389473_p2  |         +|   0|  0|   16|          16|          16|
    |add_ln58_1465_fu_8389479_p2  |         +|   0|  0|   16|          16|          16|
    |add_ln58_1466_fu_8380971_p2  |         +|   0|  0|   23|          16|          16|
    |add_ln58_1467_fu_8380977_p2  |         +|   0|  0|   23|          16|          16|
    |add_ln58_1468_fu_8389485_p2  |         +|   0|  0|   16|          16|          16|
    |add_ln58_1469_fu_8380983_p2  |         +|   0|  0|   16|          16|          16|
    |add_ln58_1470_fu_8380989_p2  |         +|   0|  0|   23|          16|          16|
    |add_ln58_1471_fu_8380995_p2  |         +|   0|  0|   16|          16|          16|
    |add_ln58_1472_fu_8389489_p2  |         +|   0|  0|   16|          16|          16|
    |add_ln58_1473_fu_8381001_p2  |         +|   0|  0|   19|          12|          12|
    |add_ln58_1474_fu_8381011_p2  |         +|   0|  0|   16|          15|          15|
    |add_ln58_1475_fu_8381017_p2  |         +|   0|  0|   16|          15|          15|
    |add_ln58_1476_fu_8381027_p2  |         +|   0|  0|   23|          16|          16|
    |add_ln58_1477_fu_8381033_p2  |         +|   0|  0|   21|          14|          14|
    |add_ln58_1478_fu_8381043_p2  |         +|   0|  0|   16|          16|          16|
    |add_ln58_1479_fu_8381049_p2  |         +|   0|  0|   16|          16|          16|
    |add_ln58_1480_fu_8389494_p2  |         +|   0|  0|   16|          16|          16|
    |add_ln58_1481_fu_8381055_p2  |         +|   0|  0|   19|          12|          12|
    |add_ln58_1482_fu_8381065_p2  |         +|   0|  0|   16|          16|          16|
    |add_ln58_1483_fu_8381071_p2  |         +|   0|  0|   16|          16|          16|
    |add_ln58_1484_fu_8381077_p2  |         +|   0|  0|   22|          15|          15|
    |add_ln58_1485_fu_8381087_p2  |         +|   0|  0|   16|          16|          16|
    |add_ln58_1486_fu_8381093_p2  |         +|   0|  0|   16|          16|          16|
    |add_ln58_1487_fu_8389499_p2  |         +|   0|  0|   16|          16|          16|
    |add_ln58_1488_fu_8381099_p2  |         +|   0|  0|   18|          11|          11|
    |add_ln58_1489_fu_8381109_p2  |         +|   0|  0|   23|          16|          16|
    |add_ln58_1490_fu_8381115_p2  |         +|   0|  0|   16|          16|          16|
    |add_ln58_1491_fu_8381121_p2  |         +|   0|  0|   16|          15|          15|
    |add_ln58_1492_fu_8381127_p2  |         +|   0|  0|   14|           7|           5|
    |add_ln58_1493_fu_8381137_p2  |         +|   0|  0|   16|          15|          15|
    |add_ln58_1494_fu_8381147_p2  |         +|   0|  0|   16|          16|          16|
    |add_ln58_1495_fu_8389503_p2  |         +|   0|  0|   16|          16|          16|
    |add_ln58_1496_fu_8389508_p2  |         +|   0|  0|   16|          16|          16|
    |add_ln58_1497_fu_8389514_p2  |         +|   0|  0|   16|          16|          16|
    |add_ln58_1498_fu_8381153_p2  |         +|   0|  0|   16|          15|          15|
    |add_ln58_1499_fu_8381159_p2  |         +|   0|  0|   16|          15|          15|
    |add_ln58_1500_fu_8381165_p2  |         +|   0|  0|   16|          14|          14|
    |add_ln58_1501_fu_8381171_p2  |         +|   0|  0|   19|          12|          12|
    |add_ln58_1502_fu_8381181_p2  |         +|   0|  0|   16|          14|          14|
    |add_ln58_1503_fu_8389526_p2  |         +|   0|  0|   16|          16|          16|
    |add_ln58_1504_fu_8381187_p2  |         +|   0|  0|   23|          16|          16|
    |add_ln58_1505_fu_8381193_p2  |         +|   0|  0|   18|          11|          11|
    |add_ln58_1506_fu_8389535_p2  |         +|   0|  0|   16|          16|          16|
    |add_ln58_1507_fu_8381199_p2  |         +|   0|  0|   22|          15|          15|
    |add_ln58_1508_fu_8381209_p2  |         +|   0|  0|   22|          15|          15|
    |add_ln58_1509_fu_8381219_p2  |         +|   0|  0|   23|          16|          16|
    |add_ln58_1510_fu_8389540_p2  |         +|   0|  0|   16|          16|          16|
    |add_ln58_1511_fu_8389545_p2  |         +|   0|  0|   16|          16|          16|
    |add_ln58_1512_fu_8381225_p2  |         +|   0|  0|   16|          14|          14|
    |add_ln58_1513_fu_8381231_p2  |         +|   0|  0|   20|          13|          13|
    |add_ln58_1514_fu_8381241_p2  |         +|   0|  0|   16|          14|          14|
    |add_ln58_1515_fu_8381247_p2  |         +|   0|  0|   16|          16|          16|
    |add_ln58_1516_fu_8381253_p2  |         +|   0|  0|   23|          16|          16|
    |add_ln58_1517_fu_8381259_p2  |         +|   0|  0|   16|          16|          16|
    |add_ln58_1518_fu_8389554_p2  |         +|   0|  0|   16|          16|          16|
    |add_ln58_1519_fu_8381265_p2  |         +|   0|  0|   23|          16|          16|
    |add_ln58_1520_fu_8381271_p2  |         +|   0|  0|   23|          16|          16|
    |add_ln58_1521_fu_8389559_p2  |         +|   0|  0|   16|          16|          16|
    |add_ln58_1522_fu_8381277_p2  |         +|   0|  0|   16|          16|          16|
    |add_ln58_1523_fu_8381283_p2  |         +|   0|  0|   23|          16|          16|
    |add_ln58_1524_fu_8381289_p2  |         +|   0|  0|   16|          16|          16|
    |add_ln58_1525_fu_8389563_p2  |         +|   0|  0|   16|          16|          16|
    |add_ln58_1526_fu_8389568_p2  |         +|   0|  0|   16|          16|          16|
    |add_ln58_1527_fu_8389574_p2  |         +|   0|  0|   16|          16|          16|
    |add_ln58_1528_fu_8381295_p2  |         +|   0|  0|   23|          16|          16|
    |add_ln58_1529_fu_8381301_p2  |         +|   0|  0|   22|          15|          15|
    |add_ln58_1530_fu_8389583_p2  |         +|   0|  0|   16|          16|          16|
    |add_ln58_1531_fu_8381307_p2  |         +|   0|  0|   21|          14|          14|
    |add_ln58_1532_fu_8381317_p2  |         +|   0|  0|   16|          16|          16|
    |add_ln58_1533_fu_8381323_p2  |         +|   0|  0|   16|          16|          16|
    |add_ln58_1534_fu_8389588_p2  |         +|   0|  0|   16|          16|          16|
    |add_ln58_1535_fu_8381329_p2  |         +|   0|  0|   23|          16|          16|
    |add_ln58_1536_fu_8381335_p2  |         +|   0|  0|   22|          15|          15|
    |add_ln58_1537_fu_8389596_p2  |         +|   0|  0|   16|          16|          16|
    |add_ln58_1538_fu_8381341_p2  |         +|   0|  0|   16|          16|          16|
    |add_ln58_1539_fu_8381347_p2  |         +|   0|  0|   23|          16|          16|
    |add_ln58_1540_fu_8381353_p2  |         +|   0|  0|   16|          16|          16|
    |add_ln58_1541_fu_8389601_p2  |         +|   0|  0|   16|          16|          16|
    |add_ln58_1542_fu_8389606_p2  |         +|   0|  0|   16|          16|          16|
    |add_ln58_1543_fu_8381359_p2  |         +|   0|  0|   16|          16|          16|
    |add_ln58_1544_fu_8381365_p2  |         +|   0|  0|   23|          16|          16|
    |add_ln58_1545_fu_8381371_p2  |         +|   0|  0|   16|          16|          16|
    |add_ln58_1546_fu_8381377_p2  |         +|   0|  0|   16|          14|          14|
    |add_ln58_1547_fu_8381383_p2  |         +|   0|  0|   16|           9|           8|
    |add_ln58_1548_fu_8381393_p2  |         +|   0|  0|   16|          14|          14|
    |add_ln58_1549_fu_8389615_p2  |         +|   0|  0|   16|          16|          16|
    |add_ln58_1550_fu_8381399_p2  |         +|   0|  0|   15|           8|           8|
    |add_ln58_1551_fu_8381409_p2  |         +|   0|  0|   15|           8|           8|
    |add_ln58_1552_fu_8381419_p2  |         +|   0|  0|   16|           9|           9|
    |add_ln58_1553_fu_8381429_p2  |         +|   0|  0|   14|           7|           7|
    |add_ln58_1554_fu_8381439_p2  |         +|   0|  0|   14|           7|           7|
    |add_ln58_1555_fu_8381449_p2  |         +|   0|  0|   15|           8|           8|
    |add_ln58_1556_fu_8381459_p2  |         +|   0|  0|   17|          10|          10|
    |add_ln58_1557_fu_8389623_p2  |         +|   0|  0|   16|          16|          16|
    |add_ln58_1558_fu_8389629_p2  |         +|   0|  0|   16|          16|          16|
    |add_ln58_1559_fu_8389635_p2  |         +|   0|  0|   16|          16|          16|
    |add_ln58_1560_fu_8381465_p2  |         +|   0|  0|   22|          15|          15|
    |add_ln58_1561_fu_8381475_p2  |         +|   0|  0|   23|          16|          16|
    |add_ln58_1562_fu_8381481_p2  |         +|   0|  0|   16|          16|          16|
    |add_ln58_1563_fu_8381487_p2  |         +|   0|  0|   23|          16|          16|
    |add_ln58_1564_fu_8381493_p2  |         +|   0|  0|   16|          16|          16|
    |add_ln58_1565_fu_8389641_p2  |         +|   0|  0|   16|          16|          16|
    |add_ln58_1566_fu_8381499_p2  |         +|   0|  0|   23|          16|          16|
    |add_ln58_1567_fu_8381505_p2  |         +|   0|  0|   23|          16|          16|
    |add_ln58_1568_fu_8381511_p2  |         +|   0|  0|   16|          16|          16|
    |add_ln58_1569_fu_8381517_p2  |         +|   0|  0|   18|          11|          11|
    |add_ln58_1570_fu_8381527_p2  |         +|   0|  0|   16|          16|          16|
    |add_ln58_1571_fu_8381533_p2  |         +|   0|  0|   16|          16|          16|
    |add_ln58_1572_fu_8381539_p2  |         +|   0|  0|   16|          16|          16|
    |add_ln58_1573_fu_8389645_p2  |         +|   0|  0|   16|          16|          16|
    |add_ln58_1574_fu_8381545_p2  |         +|   0|  0|   21|          14|          14|
    |add_ln58_1575_fu_8381555_p2  |         +|   0|  0|   16|          16|          16|
    |add_ln58_1576_fu_8381561_p2  |         +|   0|  0|   16|          16|          16|
    |add_ln58_1577_fu_8381567_p2  |         +|   0|  0|   22|          15|          15|
    |add_ln58_1578_fu_8381577_p2  |         +|   0|  0|   16|          16|          16|
    |add_ln58_1579_fu_8381583_p2  |         +|   0|  0|   16|          16|          16|
    |add_ln58_1580_fu_8389650_p2  |         +|   0|  0|   16|          16|          16|
    |add_ln58_1581_fu_8381589_p2  |         +|   0|  0|   21|          14|          14|
    |add_ln58_1582_fu_8381599_p2  |         +|   0|  0|   16|          15|          15|
    |add_ln58_1583_fu_8381605_p2  |         +|   0|  0|   16|          15|          15|
    |add_ln58_1584_fu_8381611_p2  |         +|   0|  0|   23|          16|          16|
    |add_ln58_1585_fu_8381617_p2  |         +|   0|  0|   22|          15|          15|
    |add_ln58_1586_fu_8389660_p2  |         +|   0|  0|   16|          16|          16|
    |add_ln58_1587_fu_8389665_p2  |         +|   0|  0|   16|          16|          16|
    |add_ln58_1588_fu_8389671_p2  |         +|   0|  0|   16|          16|          16|
    |add_ln58_1589_fu_8389677_p2  |         +|   0|  0|   16|          16|          16|
    |add_ln58_1590_fu_8381623_p2  |         +|   0|  0|   16|          15|          15|
    |add_ln58_1591_fu_8381629_p2  |         +|   0|  0|   16|          15|          15|
    |add_ln58_1592_fu_8381639_p2  |         +|   0|  0|   21|          14|          14|
    |add_ln58_1593_fu_8381649_p2  |         +|   0|  0|   23|          16|          16|
    |add_ln58_1594_fu_8381655_p2  |         +|   0|  0|   16|          16|          16|
    |add_ln58_1595_fu_8381661_p2  |         +|   0|  0|   16|          16|          16|
    |add_ln58_1596_fu_8381667_p2  |         +|   0|  0|   23|          16|          16|
    |add_ln58_1597_fu_8381673_p2  |         +|   0|  0|   23|          16|          16|
    |add_ln58_1598_fu_8389683_p2  |         +|   0|  0|   16|          16|          16|
    |add_ln58_1599_fu_8381679_p2  |         +|   0|  0|   16|          16|          16|
    |add_ln58_1600_fu_8381685_p2  |         +|   0|  0|   23|          16|          16|
    |add_ln58_1601_fu_8381691_p2  |         +|   0|  0|   16|          16|          16|
    |add_ln58_1602_fu_8389687_p2  |         +|   0|  0|   16|          16|          16|
    |add_ln58_1603_fu_8389692_p2  |         +|   0|  0|   16|          16|          16|
    |add_ln58_1604_fu_8381697_p2  |         +|   0|  0|   20|          13|          13|
    |add_ln58_1605_fu_8381707_p2  |         +|   0|  0|   16|          16|          16|
    |add_ln58_1606_fu_8381713_p2  |         +|   0|  0|   16|          16|          16|
    |add_ln58_1607_fu_8381719_p2  |         +|   0|  0|   16|          16|          16|
    |add_ln58_1608_fu_8381725_p2  |         +|   0|  0|   22|          15|          15|
    |add_ln58_1609_fu_8381735_p2  |         +|   0|  0|   16|          16|          16|
    |add_ln58_1610_fu_8389697_p2  |         +|   0|  0|   16|          16|          16|
    |add_ln58_1611_fu_8381741_p2  |         +|   0|  0|   17|          10|          10|
    |add_ln58_1612_fu_8381751_p2  |         +|   0|  0|   15|           8|           8|
    |add_ln58_1613_fu_8381761_p2  |         +|   0|  0|   17|          11|          11|
    |add_ln58_1614_fu_8381767_p2  |         +|   0|  0|   15|           8|           8|
    |add_ln58_1615_fu_8381777_p2  |         +|   0|  0|   15|           8|           8|
    |add_ln58_1616_fu_8381787_p2  |         +|   0|  0|   16|           9|           9|
    |add_ln58_1617_fu_8381797_p2  |         +|   0|  0|   17|          11|          11|
    |add_ln58_1618_fu_8389704_p2  |         +|   0|  0|   16|          16|          16|
    |add_ln58_1619_fu_8389710_p2  |         +|   0|  0|   16|          16|          16|
    |add_ln58_1620_fu_8389716_p2  |         +|   0|  0|   16|          16|          16|
    |add_ln58_1621_fu_8381803_p2  |         +|   0|  0|   17|          10|          10|
    |add_ln58_1622_fu_8381813_p2  |         +|   0|  0|   18|          11|          11|
    |add_ln58_1623_fu_8381819_p2  |         +|   0|  0|   19|          12|          12|
    |add_ln58_1624_fu_8381829_p2  |         +|   0|  0|   16|          16|          16|
    |add_ln58_1625_fu_8381835_p2  |         +|   0|  0|   16|          16|          16|
    |add_ln58_1626_fu_8389725_p2  |         +|   0|  0|   16|          16|          16|
    |add_ln58_1627_fu_8381841_p2  |         +|   0|  0|   17|          11|          11|
    |add_ln58_1628_fu_8381847_p2  |         +|   0|  0|   17|          11|          11|
    |add_ln58_1629_fu_8381857_p2  |         +|   0|  0|   21|          14|          14|
    |add_ln58_1630_fu_8381863_p2  |         +|   0|  0|   20|          13|          13|
    |add_ln58_1631_fu_8381873_p2  |         +|   0|  0|   16|          14|          14|
    |add_ln58_1632_fu_8381879_p2  |         +|   0|  0|   16|          14|          14|
    |add_ln58_1633_fu_8389733_p2  |         +|   0|  0|   16|          16|          16|
    |add_ln58_1634_fu_8381885_p2  |         +|   0|  0|   16|          15|          15|
    |add_ln58_1635_fu_8381891_p2  |         +|   0|  0|   16|          15|          15|
    |add_ln58_1636_fu_8381897_p2  |         +|   0|  0|   17|          10|          10|
    |add_ln58_1637_fu_8381907_p2  |         +|   0|  0|   16|          16|          16|
    |add_ln58_1638_fu_8381913_p2  |         +|   0|  0|   16|          16|          16|
    |add_ln58_1639_fu_8389742_p2  |         +|   0|  0|   16|          16|          16|
    |add_ln58_1640_fu_8381919_p2  |         +|   0|  0|   16|          15|          15|
    |add_ln58_1641_fu_8381925_p2  |         +|   0|  0|   16|          15|          15|
    |add_ln58_1642_fu_8381935_p2  |         +|   0|  0|   16|          14|          14|
    |add_ln58_1643_fu_8381941_p2  |         +|   0|  0|   17|          10|          10|
    |add_ln58_1644_fu_8381951_p2  |         +|   0|  0|   16|          14|          14|
    |add_ln58_1645_fu_8381961_p2  |         +|   0|  0|   23|          16|          16|
    |add_ln58_1646_fu_8389747_p2  |         +|   0|  0|   16|          16|          16|
    |add_ln58_1647_fu_8389752_p2  |         +|   0|  0|   16|          16|          16|
    |add_ln58_1648_fu_8381967_p2  |         +|   0|  0|   17|          13|          13|
    |add_ln58_1649_fu_8381973_p2  |         +|   0|  0|   17|          13|          13|
    |add_ln58_1650_fu_8381983_p2  |         +|   0|  0|   22|          15|          15|
    |add_ln58_1651_fu_8381993_p2  |         +|   0|  0|   22|          15|          15|
    |add_ln58_1652_fu_8382003_p2  |         +|   0|  0|   16|          16|          16|
    |add_ln58_1653_fu_8382009_p2  |         +|   0|  0|   16|          16|          16|
    |add_ln58_1654_fu_8382015_p2  |         +|   0|  0|   16|           9|           9|
    |add_ln58_1655_fu_8382025_p2  |         +|   0|  0|   16|          16|          16|
    |add_ln58_1656_fu_8382031_p2  |         +|   0|  0|   15|           8|           8|
    |add_ln58_1657_fu_8382041_p2  |         +|   0|  0|   17|          11|          11|
    |add_ln58_1658_fu_8382047_p2  |         +|   0|  0|   17|          11|          11|
    |add_ln58_1659_fu_8382057_p2  |         +|   0|  0|   16|          16|          16|
    |add_ln58_1660_fu_8389758_p2  |         +|   0|  0|   16|          16|          16|
    |add_ln58_1661_fu_8382063_p2  |         +|   0|  0|   17|          12|          12|
    |add_ln58_1662_fu_8382069_p2  |         +|   0|  0|   17|          12|          12|
    |add_ln58_1663_fu_8382075_p2  |         +|   0|  0|   22|          15|          15|
    |add_ln58_1664_fu_8382085_p2  |         +|   0|  0|   21|          14|          14|
    |add_ln58_1665_fu_8382095_p2  |         +|   0|  0|   23|          16|          16|
    |add_ln58_1666_fu_8389765_p2  |         +|   0|  0|   16|          16|          16|
    |add_ln58_1667_fu_8382101_p2  |         +|   0|  0|   23|          16|          16|
    |add_ln58_1668_fu_8382107_p2  |         +|   0|  0|   21|          14|          14|
    |add_ln58_1669_fu_8382117_p2  |         +|   0|  0|   16|          16|          16|
    |add_ln58_1670_fu_8382123_p2  |         +|   0|  0|   16|          14|           8|
    |add_ln58_1671_fu_8382129_p2  |         +|   0|  0|   14|           7|           7|
    |add_ln58_1672_fu_8382139_p2  |         +|   0|  0|   16|          14|          14|
    |add_ln58_1673_fu_8382149_p2  |         +|   0|  0|   16|          16|          16|
    |add_ln58_1674_fu_8389770_p2  |         +|   0|  0|   16|          16|          16|
    |add_ln58_1675_fu_8389775_p2  |         +|   0|  0|   16|          16|          16|
    |add_ln58_1676_fu_8389781_p2  |         +|   0|  0|   16|          16|          16|
    |add_ln58_1677_fu_8382155_p2  |         +|   0|  0|   21|          14|          14|
    |add_ln58_1678_fu_8382165_p2  |         +|   0|  0|   23|          16|          16|
    |add_ln58_1679_fu_8382171_p2  |         +|   0|  0|   22|          15|          15|
    |add_ln58_1680_fu_8382181_p2  |         +|   0|  0|   16|          16|          16|
    |add_ln58_1681_fu_8382187_p2  |         +|   0|  0|   16|          16|          16|
    |add_ln58_1682_fu_8389787_p2  |         +|   0|  0|   16|          16|          16|
    |add_ln58_1683_fu_8382193_p2  |         +|   0|  0|   23|          16|          16|
    |add_ln58_1684_fu_8382199_p2  |         +|   0|  0|   23|          16|          16|
    |add_ln58_1685_fu_8389791_p2  |         +|   0|  0|   16|          16|          16|
    |add_ln58_1686_fu_8382205_p2  |         +|   0|  0|   22|          15|          15|
    |add_ln58_1687_fu_8382215_p2  |         +|   0|  0|   21|          14|          14|
    |add_ln58_1688_fu_8382225_p2  |         +|   0|  0|   23|          16|          16|
    |add_ln58_1689_fu_8389795_p2  |         +|   0|  0|   16|          16|          16|
    |add_ln58_1690_fu_8389800_p2  |         +|   0|  0|   16|          16|          16|
    |add_ln58_1691_fu_8382231_p2  |         +|   0|  0|   16|          16|          16|
    |add_ln58_1692_fu_8382237_p2  |         +|   0|  0|   18|          11|          11|
    |add_ln58_1693_fu_8382247_p2  |         +|   0|  0|   16|          16|          16|
    |add_ln58_1694_fu_8382253_p2  |         +|   0|  0|   16|          15|          15|
    |add_ln58_1695_fu_8382259_p2  |         +|   0|  0|   19|          12|          12|
    |add_ln58_1696_fu_8382269_p2  |         +|   0|  0|   16|          15|          15|
    |add_ln58_1697_fu_8389809_p2  |         +|   0|  0|   16|          16|          16|
    |add_ln58_1698_fu_8382275_p2  |         +|   0|  0|   23|          16|          16|
    |add_ln58_1699_fu_8382281_p2  |         +|   0|  0|   23|          16|          16|
    |add_ln58_1700_fu_8389814_p2  |         +|   0|  0|   16|          16|          16|
    |add_ln58_1701_fu_8382287_p2  |         +|   0|  0|   22|          15|          15|
    |add_ln58_1702_fu_8382297_p2  |         +|   0|  0|   22|          15|          15|
    |add_ln58_1703_fu_8382307_p2  |         +|   0|  0|   23|          16|          16|
    |add_ln58_1704_fu_8389818_p2  |         +|   0|  0|   16|          16|          16|
    |add_ln58_1705_fu_8389823_p2  |         +|   0|  0|   16|          16|          16|
    |add_ln58_1706_fu_8389829_p2  |         +|   0|  0|   16|          16|          16|
    |add_ln58_1707_fu_8382313_p2  |         +|   0|  0|   22|          15|          15|
    |add_ln58_1708_fu_8382319_p2  |         +|   0|  0|   23|          16|          16|
    |add_ln58_1709_fu_8389838_p2  |         +|   0|  0|   16|          16|          16|
    |add_ln58_1710_fu_8382325_p2  |         +|   0|  0|   16|          15|          15|
    |add_ln58_1711_fu_8382331_p2  |         +|   0|  0|   21|          14|          14|
    |add_ln58_1712_fu_8382341_p2  |         +|   0|  0|   16|          15|          15|
    |add_ln58_1713_fu_8389846_p2  |         +|   0|  0|   16|          16|          16|
    |add_ln58_1714_fu_8382347_p2  |         +|   0|  0|   21|          14|          14|
    |add_ln58_1715_fu_8382357_p2  |         +|   0|  0|   22|          15|          15|
    |add_ln58_1716_fu_8382367_p2  |         +|   0|  0|   16|          16|          16|
    |add_ln58_1717_fu_8382373_p2  |         +|   0|  0|   20|          13|          13|
    |add_ln58_1718_fu_8382383_p2  |         +|   0|  0|   16|          15|          15|
    |add_ln58_1719_fu_8382389_p2  |         +|   0|  0|   16|          15|          15|
    |add_ln58_1720_fu_8382399_p2  |         +|   0|  0|   16|          16|          16|
    |add_ln58_1721_fu_8389852_p2  |         +|   0|  0|   16|          16|          16|
    |add_ln58_1722_fu_8382405_p2  |         +|   0|  0|   16|          16|          16|
    |add_ln58_1723_fu_8382411_p2  |         +|   0|  0|   20|          13|          13|
    |add_ln58_1724_fu_8382421_p2  |         +|   0|  0|   16|          16|          16|
    |add_ln58_1725_fu_8382427_p2  |         +|   0|  0|   16|          16|          16|
    |add_ln58_1726_fu_8382433_p2  |         +|   0|  0|   21|          14|          14|
    |add_ln58_1727_fu_8382443_p2  |         +|   0|  0|   16|          16|          16|
    |add_ln58_1728_fu_8389857_p2  |         +|   0|  0|   16|          16|          16|
    |add_ln58_1729_fu_8382449_p2  |         +|   0|  0|   17|          11|           8|
    |add_ln58_1730_fu_8382455_p2  |         +|   0|  0|   16|           9|           9|
    |add_ln58_1731_fu_8382465_p2  |         +|   0|  0|   17|          11|          11|
    |add_ln58_1732_fu_8382475_p2  |         +|   0|  0|   14|           7|           7|
    |add_ln58_1733_fu_8382485_p2  |         +|   0|  0|   14|           7|           7|
    |add_ln58_1734_fu_8382495_p2  |         +|   0|  0|   15|           8|           8|
    |add_ln58_1735_fu_8382505_p2  |         +|   0|  0|   19|          12|          12|
    |add_ln58_1736_fu_8389864_p2  |         +|   0|  0|   16|          16|          16|
    |add_ln58_1737_fu_8389870_p2  |         +|   0|  0|   16|          16|          16|
    |add_ln58_1738_fu_8389876_p2  |         +|   0|  0|   16|          16|          16|
    |add_ln58_1739_fu_8382511_p2  |         +|   0|  0|   21|          14|          14|
    |add_ln58_1740_fu_8382521_p2  |         +|   0|  0|   22|          15|          15|
    |add_ln58_1741_fu_8382527_p2  |         +|   0|  0|   16|          16|          16|
    |add_ln58_1742_fu_8382533_p2  |         +|   0|  0|   22|          15|          15|
    |add_ln58_1743_fu_8382543_p2  |         +|   0|  0|   16|          16|          16|
    |add_ln58_1744_fu_8389885_p2  |         +|   0|  0|   16|          16|          16|
    |add_ln58_1745_fu_8382549_p2  |         +|   0|  0|   22|          15|          15|
    |add_ln58_1746_fu_8382555_p2  |         +|   0|  0|   23|          16|          16|
    |add_ln58_1747_fu_8389893_p2  |         +|   0|  0|   16|          16|          16|
    |add_ln58_1748_fu_8382561_p2  |         +|   0|  0|   16|          16|          16|
    |add_ln58_1749_fu_8382567_p2  |         +|   0|  0|   23|          16|          16|
    |add_ln58_1750_fu_8382573_p2  |         +|   0|  0|   16|          16|          16|
    |add_ln58_1751_fu_8389898_p2  |         +|   0|  0|   16|          16|          16|
    |add_ln58_1752_fu_8389903_p2  |         +|   0|  0|   16|          16|          16|
    |add_ln58_1753_fu_8382579_p2  |         +|   0|  0|   21|          14|          14|
    |add_ln58_1754_fu_8382589_p2  |         +|   0|  0|   16|          16|          16|
    |add_ln58_1755_fu_8382595_p2  |         +|   0|  0|   16|          16|          16|
    |add_ln58_1756_fu_8382601_p2  |         +|   0|  0|   16|          16|          16|
    |add_ln58_1757_fu_8382607_p2  |         +|   0|  0|   22|          15|          15|
    |add_ln58_1758_fu_8382617_p2  |         +|   0|  0|   16|          16|          16|
    |add_ln58_1759_fu_8389909_p2  |         +|   0|  0|   16|          16|          16|
    |add_ln58_1760_fu_8382623_p2  |         +|   0|  0|   23|          16|          16|
    |add_ln58_1761_fu_8382629_p2  |         +|   0|  0|   23|          16|          16|
    |add_ln58_1762_fu_8382635_p2  |         +|   0|  0|   16|          16|          16|
    |add_ln58_1763_fu_8382641_p2  |         +|   0|  0|   16|          16|          16|
    |add_ln58_1764_fu_8382647_p2  |         +|   0|  0|   20|          13|          13|
    |add_ln58_1765_fu_8382657_p2  |         +|   0|  0|   16|          16|          16|
    |add_ln58_1766_fu_8382663_p2  |         +|   0|  0|   16|          16|          16|
    |add_ln58_1767_fu_8389913_p2  |         +|   0|  0|   16|          16|          16|
    |add_ln58_1768_fu_8389918_p2  |         +|   0|  0|   16|          16|          16|
    |add_ln58_1769_fu_8382669_p2  |         +|   0|  0|   22|          15|          15|
    |add_ln58_1770_fu_8382679_p2  |         +|   0|  0|   23|          16|          16|
    |add_ln58_1771_fu_8382685_p2  |         +|   0|  0|   16|          16|          16|
    |add_ln58_1772_fu_8382691_p2  |         +|   0|  0|   16|          16|          16|
    |add_ln58_1773_fu_8382697_p2  |         +|   0|  0|   22|          15|          15|
    |add_ln58_1774_fu_8382707_p2  |         +|   0|  0|   16|          16|          16|
    |add_ln58_1775_fu_8382713_p2  |         +|   0|  0|   16|          16|          16|
    |add_ln58_1776_fu_8382719_p2  |         +|   0|  0|   23|          16|          16|
    |add_ln58_1777_fu_8382725_p2  |         +|   0|  0|   21|          14|          14|
    |add_ln58_1778_fu_8389927_p2  |         +|   0|  0|   16|          16|          16|
    |add_ln58_1779_fu_8382731_p2  |         +|   0|  0|   22|          15|          15|
    |add_ln58_1780_fu_8382741_p2  |         +|   0|  0|   16|          16|          16|
    |add_ln58_1781_fu_8382747_p2  |         +|   0|  0|   16|          16|          16|
    |add_ln58_1782_fu_8389932_p2  |         +|   0|  0|   16|          16|          16|
    |add_ln58_1783_fu_8389937_p2  |         +|   0|  0|   16|          16|          16|
    |add_ln58_1784_fu_8382753_p2  |         +|   0|  0|   16|          16|          16|
    |add_ln58_1785_fu_8382759_p2  |         +|   0|  0|   20|          13|          13|
    |add_ln58_1786_fu_8382769_p2  |         +|   0|  0|   16|          16|          16|
    |add_ln58_1787_fu_8382775_p2  |         +|   0|  0|   16|          16|          16|
    |add_ln58_1788_fu_8382781_p2  |         +|   0|  0|   22|          15|          15|
    |add_ln58_1789_fu_8382791_p2  |         +|   0|  0|   16|          16|          16|
    |add_ln58_1790_fu_8389942_p2  |         +|   0|  0|   16|          16|          16|
    |add_ln58_1791_fu_8382797_p2  |         +|   0|  0|   21|          14|          14|
    |add_ln58_1792_fu_8382807_p2  |         +|   0|  0|   21|          14|          14|
    |add_ln58_1793_fu_8382817_p2  |         +|   0|  0|   16|          15|          15|
    |add_ln58_1794_fu_8382823_p2  |         +|   0|  0|   15|           8|           8|
    |add_ln58_1795_fu_8382833_p2  |         +|   0|  0|   14|           7|           5|
    |add_ln58_1796_fu_8382843_p2  |         +|   0|  0|   16|           9|           9|
    |add_ln58_1797_fu_8382853_p2  |         +|   0|  0|   16|          15|          15|
    |add_ln58_1798_fu_8389949_p2  |         +|   0|  0|   16|          16|          16|
    |add_ln58_1799_fu_8389955_p2  |         +|   0|  0|   16|          16|          16|
    |add_ln58_1800_fu_8389961_p2  |         +|   0|  0|   16|          16|          16|
    |add_ln58_1801_fu_8382859_p2  |         +|   0|  0|   16|          16|          16|
    |add_ln58_1802_fu_8382865_p2  |         +|   0|  0|   16|          16|          16|
    |add_ln58_1803_fu_8382871_p2  |         +|   0|  0|   21|          14|          14|
    |add_ln58_1804_fu_8382881_p2  |         +|   0|  0|   16|          16|          16|
    |add_ln58_1805_fu_8382887_p2  |         +|   0|  0|   16|          16|          16|
    |add_ln58_1806_fu_8389967_p2  |         +|   0|  0|   16|          16|          16|
    |add_ln58_1807_fu_8382893_p2  |         +|   0|  0|   20|          13|          13|
    |add_ln58_1808_fu_8382903_p2  |         +|   0|  0|   22|          15|          15|
    |add_ln58_1809_fu_8382909_p2  |         +|   0|  0|   16|          15|          15|
    |add_ln58_1810_fu_8382915_p2  |         +|   0|  0|   17|          10|          10|
    |add_ln58_1811_fu_8382925_p2  |         +|   0|  0|   17|          13|          13|
    |add_ln58_1812_fu_8382931_p2  |         +|   0|  0|   17|          13|          13|
    |add_ln58_1813_fu_8382941_p2  |         +|   0|  0|   16|          15|          15|
    |add_ln58_1814_fu_8389974_p2  |         +|   0|  0|   16|          16|          16|
    |add_ln58_1815_fu_8382947_p2  |         +|   0|  0|   17|          11|          11|
    |add_ln58_1816_fu_8382953_p2  |         +|   0|  0|   17|          11|          11|
    |add_ln58_1817_fu_8382959_p2  |         +|   0|  0|   22|          15|          15|
    |add_ln58_1818_fu_8382969_p2  |         +|   0|  0|   22|          15|          15|
    |add_ln58_1819_fu_8382979_p2  |         +|   0|  0|   23|          16|          16|
    |add_ln58_1820_fu_8389983_p2  |         +|   0|  0|   16|          16|          16|
    |add_ln58_1821_fu_8382985_p2  |         +|   0|  0|   22|          15|          15|
    |add_ln58_1822_fu_8382991_p2  |         +|   0|  0|   23|          16|          16|
    |add_ln58_1823_fu_8389991_p2  |         +|   0|  0|   16|          16|          16|
    |add_ln58_1824_fu_8382997_p2  |         +|   0|  0|   16|          16|          16|
    |add_ln58_1825_fu_8383003_p2  |         +|   0|  0|   23|          16|          16|
    |add_ln58_1826_fu_8383009_p2  |         +|   0|  0|   16|          16|          16|
    |add_ln58_1827_fu_8389996_p2  |         +|   0|  0|   16|          16|          16|
    |add_ln58_1828_fu_8390001_p2  |         +|   0|  0|   16|          16|          16|
    |add_ln58_1829_fu_8390007_p2  |         +|   0|  0|   16|          16|          16|
    |add_ln58_1830_fu_8383015_p2  |         +|   0|  0|   20|          13|          13|
    |add_ln58_1831_fu_8383025_p2  |         +|   0|  0|   22|          15|          15|
    |add_ln58_1832_fu_8383035_p2  |         +|   0|  0|   23|          16|          16|
    |add_ln58_1833_fu_8383041_p2  |         +|   0|  0|   22|          15|          15|
    |add_ln58_1834_fu_8383051_p2  |         +|   0|  0|   16|          16|          16|
    |add_ln58_1835_fu_8383057_p2  |         +|   0|  0|   16|          16|          16|
    |add_ln58_1836_fu_8383063_p2  |         +|   0|  0|   23|          16|          16|
    |add_ln58_1837_fu_8383069_p2  |         +|   0|  0|   23|          16|          16|
    |add_ln58_1838_fu_8383075_p2  |         +|   0|  0|   16|          16|          16|
    |add_ln58_1839_fu_8383081_p2  |         +|   0|  0|   16|           9|           9|
    |add_ln58_1840_fu_8383091_p2  |         +|   0|  0|   16|          14|          14|
    |add_ln58_1841_fu_8383097_p2  |         +|   0|  0|   16|          14|          14|
    |add_ln58_1842_fu_8383107_p2  |         +|   0|  0|   16|          16|          16|
    |add_ln58_1843_fu_8390013_p2  |         +|   0|  0|   16|          16|          16|
    |add_ln58_1844_fu_8383113_p2  |         +|   0|  0|   18|           9|           9|
    |add_ln58_1845_fu_8383119_p2  |         +|   0|  0|   18|           9|           9|
    |add_ln58_1846_fu_8383125_p2  |         +|   0|  0|   22|          15|          15|
    |add_ln58_1847_fu_8383135_p2  |         +|   0|  0|   22|          15|          15|
    |add_ln58_1848_fu_8383145_p2  |         +|   0|  0|   23|          16|          16|
    |add_ln58_1849_fu_8390020_p2  |         +|   0|  0|   16|          16|          16|
    |add_ln58_1850_fu_8383151_p2  |         +|   0|  0|   22|          15|          15|
    |add_ln58_1851_fu_8383161_p2  |         +|   0|  0|   23|          16|          16|
    |add_ln58_1852_fu_8383167_p2  |         +|   0|  0|   16|          16|          16|
    |add_ln58_1853_fu_8383173_p2  |         +|   0|  0|   16|          16|          16|
    |add_ln58_1854_fu_8383179_p2  |         +|   0|  0|   14|           7|           6|
    |add_ln58_1855_fu_8383189_p2  |         +|   0|  0|   16|          16|          16|
    |add_ln58_1856_fu_8383195_p2  |         +|   0|  0|   16|          16|          16|
    |add_ln58_1857_fu_8390025_p2  |         +|   0|  0|   16|          16|          16|
    |add_ln58_1858_fu_8390030_p2  |         +|   0|  0|   16|          16|          16|
    |add_ln58_1859_fu_8390036_p2  |         +|   0|  0|   16|          16|          16|
    |add_ln58_1860_fu_8383201_p2  |         +|   0|  0|   16|          16|          16|
    |add_ln58_1861_fu_8383207_p2  |         +|   0|  0|   16|          16|          16|
    |add_ln58_1862_fu_8383213_p2  |         +|   0|  0|   16|          16|          16|
    |add_ln58_1863_fu_8383219_p2  |         +|   0|  0|   21|          14|          14|
    |add_ln58_1864_fu_8383229_p2  |         +|   0|  0|   16|          16|          16|
    |add_ln58_1865_fu_8390042_p2  |         +|   0|  0|   16|          16|          16|
    |add_ln58_1866_fu_8383235_p2  |         +|   0|  0|   22|          15|          15|
    |add_ln58_1867_fu_8383241_p2  |         +|   0|  0|   23|          16|          16|
    |add_ln58_1868_fu_8390049_p2  |         +|   0|  0|   16|          16|          16|
    |add_ln58_1869_fu_8383247_p2  |         +|   0|  0|   16|          16|          16|
    |add_ln58_1870_fu_8383253_p2  |         +|   0|  0|   23|          16|          16|
    |add_ln58_1871_fu_8383259_p2  |         +|   0|  0|   16|          16|          16|
    |add_ln58_1872_fu_8390054_p2  |         +|   0|  0|   16|          16|          16|
    |add_ln58_1873_fu_8390059_p2  |         +|   0|  0|   16|          16|          16|
    |add_ln58_1874_fu_8383265_p2  |         +|   0|  0|   16|          16|          16|
    |add_ln58_1875_fu_8383271_p2  |         +|   0|  0|   21|          14|          14|
    |add_ln58_1876_fu_8383281_p2  |         +|   0|  0|   16|          16|          16|
    |add_ln58_1877_fu_8383287_p2  |         +|   0|  0|   16|          14|          14|
    |add_ln58_1878_fu_8383293_p2  |         +|   0|  0|   20|          13|          13|
    |add_ln58_1879_fu_8383303_p2  |         +|   0|  0|   16|          14|          14|
    |add_ln58_1880_fu_8390068_p2  |         +|   0|  0|   16|          16|          16|
    |add_ln58_1881_fu_8383309_p2  |         +|   0|  0|   23|          16|          16|
    |add_ln58_1882_fu_8383315_p2  |         +|   0|  0|   22|          15|          15|
    |add_ln58_1883_fu_8390076_p2  |         +|   0|  0|   16|          16|          16|
    |add_ln58_1884_fu_8383321_p2  |         +|   0|  0|   21|          14|          14|
    |add_ln58_1885_fu_8383331_p2  |         +|   0|  0|   21|          14|          14|
    |add_ln58_1886_fu_8383341_p2  |         +|   0|  0|   22|          15|          15|
    |add_ln58_1887_fu_8390084_p2  |         +|   0|  0|   16|          16|          16|
    |add_ln58_1888_fu_8390090_p2  |         +|   0|  0|   16|          16|          16|
    |add_ln58_1889_fu_8390096_p2  |         +|   0|  0|   16|          16|          16|
    |add_ln58_1890_fu_8383347_p2  |         +|   0|  0|   17|          10|          10|
    |add_ln58_1891_fu_8383353_p2  |         +|   0|  0|   23|          16|          16|
    |add_ln58_1892_fu_8390105_p2  |         +|   0|  0|   16|          16|          16|
    |add_ln58_1893_fu_8383359_p2  |         +|   0|  0|   16|          16|          16|
    |add_ln58_1894_fu_8383365_p2  |         +|   0|  0|   22|          15|          15|
    |add_ln58_1895_fu_8383375_p2  |         +|   0|  0|   16|          16|          16|
    |add_ln58_1896_fu_8390110_p2  |         +|   0|  0|   16|          16|          16|
    |add_ln58_1897_fu_8383381_p2  |         +|   0|  0|   22|          15|          15|
    |add_ln58_1898_fu_8383391_p2  |         +|   0|  0|   22|          15|          15|
    |add_ln58_1899_fu_8383401_p2  |         +|   0|  0|   16|          16|          16|
    |add_ln58_1900_fu_8383407_p2  |         +|   0|  0|   22|          15|          15|
    |add_ln58_1901_fu_8383417_p2  |         +|   0|  0|   16|          16|          16|
    |add_ln58_1902_fu_8383423_p2  |         +|   0|  0|   16|          16|          16|
    |add_ln58_1903_fu_8383429_p2  |         +|   0|  0|   16|          16|          16|
    |add_ln58_1904_fu_8390115_p2  |         +|   0|  0|   16|          16|          16|
    |add_ln58_1905_fu_8383435_p2  |         +|   0|  0|   22|          15|          15|
    |add_ln58_1906_fu_8383445_p2  |         +|   0|  0|   22|          15|          15|
    |add_ln58_1907_fu_8383455_p2  |         +|   0|  0|   23|          16|          16|
    |add_ln58_1908_fu_8383461_p2  |         +|   0|  0|   16|          16|          16|
    |add_ln58_1909_fu_8383467_p2  |         +|   0|  0|   23|          16|          16|
    |add_ln58_1910_fu_8383473_p2  |         +|   0|  0|   16|          16|          16|
    |add_ln58_1911_fu_8390120_p2  |         +|   0|  0|   16|          16|          16|
    |add_ln58_1912_fu_8383479_p2  |         +|   0|  0|   18|          10|          10|
    |add_ln58_1913_fu_8383485_p2  |         +|   0|  0|   15|           8|           7|
    |add_ln58_1914_fu_8383495_p2  |         +|   0|  0|   18|          10|          10|
    |add_ln58_1915_fu_8383505_p2  |         +|   0|  0|   15|           8|           8|
    |add_ln58_1916_fu_8383515_p2  |         +|   0|  0|   14|           7|           7|
    |add_ln58_1917_fu_8383525_p2  |         +|   0|  0|   16|           9|           9|
    |add_ln58_1918_fu_8383535_p2  |         +|   0|  0|   18|          11|          11|
    |add_ln58_1919_fu_8390127_p2  |         +|   0|  0|   16|          16|          16|
    |add_ln58_1920_fu_8390133_p2  |         +|   0|  0|   16|          16|          16|
    |add_ln58_1921_fu_8390139_p2  |         +|   0|  0|   16|          16|          16|
    |add_ln58_1922_fu_8383541_p2  |         +|   0|  0|   16|          16|          16|
    |add_ln58_1923_fu_8383547_p2  |         +|   0|  0|   21|          14|          14|
    |add_ln58_1924_fu_8383557_p2  |         +|   0|  0|   16|          16|          16|
    |add_ln58_1925_fu_8383563_p2  |         +|   0|  0|   16|          16|          16|
    |add_ln58_1926_fu_8383569_p2  |         +|   0|  0|   23|          16|          16|
    |add_ln58_1927_fu_8383575_p2  |         +|   0|  0|   16|          16|          16|
    |add_ln58_1928_fu_8390145_p2  |         +|   0|  0|   16|          16|          16|
    |add_ln58_1929_fu_8383581_p2  |         +|   0|  0|   23|          16|          16|
    |add_ln58_1930_fu_8383587_p2  |         +|   0|  0|   23|          16|          16|
    |add_ln58_1931_fu_8390149_p2  |         +|   0|  0|   16|          16|          16|
    |add_ln58_1932_fu_8383593_p2  |         +|   0|  0|   16|          16|          16|
    |add_ln58_1933_fu_8383599_p2  |         +|   0|  0|   23|          16|          16|
    |add_ln58_1934_fu_8383605_p2  |         +|   0|  0|   16|          16|          16|
    |add_ln58_1935_fu_8390153_p2  |         +|   0|  0|   16|          16|          16|
    |add_ln58_1936_fu_8390158_p2  |         +|   0|  0|   16|          16|          16|
    |add_ln58_1937_fu_8383611_p2  |         +|   0|  0|   16|          16|          16|
    |add_ln58_1938_fu_8383617_p2  |         +|   0|  0|   23|          16|          16|
    |add_ln58_1939_fu_8383623_p2  |         +|   0|  0|   16|          16|          16|
    |add_ln58_1940_fu_8383629_p2  |         +|   0|  0|   16|          16|          16|
    |add_ln58_1941_fu_8383635_p2  |         +|   0|  0|   21|          14|          14|
    |add_ln58_1942_fu_8383645_p2  |         +|   0|  0|   16|          16|          16|
    |add_ln58_1943_fu_8390164_p2  |         +|   0|  0|   16|          16|          16|
    |add_ln58_1944_fu_8383651_p2  |         +|   0|  0|   21|          14|          14|
    |add_ln58_1945_fu_8383657_p2  |         +|   0|  0|   23|          16|          16|
    |add_ln58_1946_fu_8390171_p2  |         +|   0|  0|   16|          16|          16|
    |add_ln58_1947_fu_8383663_p2  |         +|   0|  0|   16|          16|          16|
    |add_ln58_1948_fu_8383669_p2  |         +|   0|  0|   23|          16|          16|
    |add_ln58_1949_fu_8383675_p2  |         +|   0|  0|   16|          16|          16|
    |add_ln58_1950_fu_8390176_p2  |         +|   0|  0|   16|          16|          16|
    |add_ln58_1951_fu_8390181_p2  |         +|   0|  0|   16|          16|          16|
    |add_ln58_1952_fu_8390187_p2  |         +|   0|  0|   16|          16|          16|
    |add_ln58_1953_fu_8383681_p2  |         +|   0|  0|   22|          15|          15|
    |add_ln58_1954_fu_8383687_p2  |         +|   0|  0|   22|          15|          15|
    |add_ln58_1955_fu_8390199_p2  |         +|   0|  0|   16|          16|          16|
    |add_ln58_1956_fu_8383693_p2  |         +|   0|  0|   22|          15|          15|
    |add_ln58_1957_fu_8383703_p2  |         +|   0|  0|   16|          16|          16|
    |add_ln58_1958_fu_8383709_p2  |         +|   0|  0|   16|          16|          16|
    |add_ln58_1959_fu_8390205_p2  |         +|   0|  0|   16|          16|          16|
    |add_ln58_1960_fu_8383715_p2  |         +|   0|  0|   23|          16|          16|
    |add_ln58_1961_fu_8383721_p2  |         +|   0|  0|   20|          13|          13|
    |add_ln58_1962_fu_8390213_p2  |         +|   0|  0|   16|          16|          16|
    |add_ln58_1963_fu_8383727_p2  |         +|   0|  0|   16|          16|          16|
    |add_ln58_1964_fu_8383733_p2  |         +|   0|  0|   23|          16|          16|
    |add_ln58_1965_fu_8383739_p2  |         +|   0|  0|   16|          16|          16|
    |add_ln58_1966_fu_8390218_p2  |         +|   0|  0|   16|          16|          16|
    |add_ln58_1967_fu_8390223_p2  |         +|   0|  0|   16|          16|          16|
    |add_ln58_1968_fu_8383745_p2  |         +|   0|  0|   16|          16|          16|
    |add_ln58_1969_fu_8383751_p2  |         +|   0|  0|   16|           9|           9|
    |add_ln58_1970_fu_8383761_p2  |         +|   0|  0|   16|          16|          16|
    |add_ln58_1971_fu_8383767_p2  |         +|   0|  0|   16|           9|           9|
    |add_ln58_1972_fu_8383777_p2  |         +|   0|  0|   16|           9|           9|
    |add_ln58_1973_fu_8383787_p2  |         +|   0|  0|   17|          10|          10|
    |add_ln58_1974_fu_8383797_p2  |         +|   0|  0|   16|          16|          16|
    |add_ln58_1975_fu_8383803_p2  |         +|   0|  0|   15|           8|           8|
    |add_ln58_1976_fu_8383813_p2  |         +|   0|  0|   15|           8|           8|
    |add_ln58_1977_fu_8383823_p2  |         +|   0|  0|   16|           9|           9|
    |add_ln58_1978_fu_8383833_p2  |         +|   0|  0|   15|           8|           8|
    |add_ln58_1979_fu_8383843_p2  |         +|   0|  0|   14|           7|           7|
    |add_ln58_1980_fu_8383853_p2  |         +|   0|  0|   16|           9|           9|
    |add_ln58_1981_fu_8383863_p2  |         +|   0|  0|   17|          10|          10|
    |add_ln58_1982_fu_8383873_p2  |         +|   0|  0|   16|          16|          16|
    |add_ln58_1983_fu_8390229_p2  |         +|   0|  0|   16|          16|          16|
    |add_ln58_1984_fu_8390234_p2  |         +|   0|  0|   16|          16|          16|
    |add_ln58_1985_fu_8383879_p2  |         +|   0|  0|   20|          13|          13|
    |add_ln58_1986_fu_8383889_p2  |         +|   0|  0|   22|          15|          15|
    |add_ln58_1987_fu_8383895_p2  |         +|   0|  0|   20|          13|          13|
    |add_ln58_1988_fu_8383905_p2  |         +|   0|  0|   21|          14|          14|
    |add_ln58_1989_fu_8383915_p2  |         +|   0|  0|   22|          15|          15|
    |add_ln58_1990_fu_8390246_p2  |         +|   0|  0|   16|          16|          16|
    |add_ln58_1991_fu_8383921_p2  |         +|   0|  0|   23|          16|          16|
    |add_ln58_1992_fu_8383927_p2  |         +|   0|  0|   20|          13|          13|
    |add_ln58_1993_fu_8390255_p2  |         +|   0|  0|   16|          16|          16|
    |add_ln58_1994_fu_8383933_p2  |         +|   0|  0|   16|          16|          16|
    |add_ln58_1995_fu_8383939_p2  |         +|   0|  0|   22|          15|          15|
    |add_ln58_1996_fu_8383949_p2  |         +|   0|  0|   16|          16|          16|
    |add_ln58_1997_fu_8390260_p2  |         +|   0|  0|   16|          16|          16|
    |add_ln58_1998_fu_8390265_p2  |         +|   0|  0|   16|          16|          16|
    |add_ln58_1999_fu_8383955_p2  |         +|   0|  0|   16|          16|          16|
    |add_ln58_2000_fu_8383961_p2  |         +|   0|  0|   20|          13|          13|
    |add_ln58_2001_fu_8383971_p2  |         +|   0|  0|   16|          16|          16|
    |add_ln58_2002_fu_8383977_p2  |         +|   0|  0|   16|          16|          16|
    |add_ln58_2003_fu_8383983_p2  |         +|   0|  0|   23|          16|          16|
    |add_ln58_2004_fu_8383989_p2  |         +|   0|  0|   16|          16|          16|
    |add_ln58_2005_fu_8390271_p2  |         +|   0|  0|   16|          16|          16|
    |add_ln58_2006_fu_8383995_p2  |         +|   0|  0|   23|          16|          16|
    |add_ln58_2007_fu_8384001_p2  |         +|   0|  0|   23|          16|          16|
    |add_ln58_2008_fu_8390275_p2  |         +|   0|  0|   16|          16|          16|
    |add_ln58_2009_fu_8384007_p2  |         +|   0|  0|   20|          13|          13|
    |add_ln58_2010_fu_8384017_p2  |         +|   0|  0|   16|          16|          16|
    |add_ln58_2011_fu_8384023_p2  |         +|   0|  0|   16|          16|          16|
    |add_ln58_2012_fu_8390279_p2  |         +|   0|  0|   16|          16|          16|
    |add_ln58_2013_fu_8390284_p2  |         +|   0|  0|   16|          16|          16|
    |add_ln58_2014_fu_8390290_p2  |         +|   0|  0|   16|          16|          16|
    |add_ln58_2015_fu_8384029_p2  |         +|   0|  0|   20|          13|          13|
    |add_ln58_2016_fu_8384039_p2  |         +|   0|  0|   22|          15|          15|
    |add_ln58_2017_fu_8384045_p2  |         +|   0|  0|   23|          16|          16|
    |add_ln58_2018_fu_8384051_p2  |         +|   0|  0|   21|          14|          14|
    |add_ln58_2019_fu_8390302_p2  |         +|   0|  0|   16|          16|          16|
    |add_ln58_2020_fu_8390307_p2  |         +|   0|  0|   16|          16|          16|
    |add_ln58_2021_fu_8384057_p2  |         +|   0|  0|   23|          16|          16|
    |add_ln58_2022_fu_8384063_p2  |         +|   0|  0|   23|          16|          16|
    |add_ln58_2023_fu_8390313_p2  |         +|   0|  0|   16|          16|          16|
    |add_ln58_2024_fu_8384069_p2  |         +|   0|  0|   16|          16|          16|
    |add_ln58_2025_fu_8384075_p2  |         +|   0|  0|   22|          15|          15|
    |add_ln58_2026_fu_8384085_p2  |         +|   0|  0|   16|          16|          16|
    |add_ln58_2027_fu_8390317_p2  |         +|   0|  0|   16|          16|          16|
    |add_ln58_2028_fu_8390322_p2  |         +|   0|  0|   16|          16|          16|
    |add_ln58_2029_fu_8384091_p2  |         +|   0|  0|   16|          16|          16|
    |add_ln58_2030_fu_8384097_p2  |         +|   0|  0|   22|          15|          15|
    |add_ln58_2031_fu_8384107_p2  |         +|   0|  0|   16|          16|          16|
    |add_ln58_2032_fu_8384113_p2  |         +|   0|  0|   16|          16|          16|
    |add_ln58_2033_fu_8384119_p2  |         +|   0|  0|   20|          13|          13|
    |add_ln58_2034_fu_8384129_p2  |         +|   0|  0|   16|          16|          16|
    |add_ln58_2035_fu_8390328_p2  |         +|   0|  0|   16|          16|          16|
    |add_ln58_2036_fu_8384135_p2  |         +|   0|  0|   23|          16|          16|
    |add_ln58_2037_fu_8384141_p2  |         +|   0|  0|   22|          15|          15|
    |add_ln58_2038_fu_8390335_p2  |         +|   0|  0|   16|          16|          16|
    |add_ln58_2039_fu_8384147_p2  |         +|   0|  0|   22|          15|          15|
    |add_ln58_2040_fu_8384157_p2  |         +|   0|  0|   19|          12|           7|
    |add_ln58_2041_fu_8384167_p2  |         +|   0|  0|   23|          16|          16|
    |add_ln58_2042_fu_8390340_p2  |         +|   0|  0|   16|          16|          16|
    |add_ln58_2043_fu_8390345_p2  |         +|   0|  0|   16|          16|          16|
    |add_ln58_2044_fu_8390351_p2  |         +|   0|  0|   16|          16|          16|
    |add_ln58_2045_fu_8390357_p2  |         +|   0|  0|   16|          16|          16|
    |add_ln58_2046_fu_8384173_p2  |         +|   0|  0|   20|          13|          13|
    |add_ln58_2047_fu_8384183_p2  |         +|   0|  0|   21|          14|          14|
    |add_ln58_2048_fu_8384189_p2  |         +|   0|  0|   22|          15|          15|
    |add_ln58_2049_fu_8384199_p2  |         +|   0|  0|   16|          16|          16|
    |add_ln58_2050_fu_8384205_p2  |         +|   0|  0|   16|          16|          16|
    |add_ln58_2051_fu_8390366_p2  |         +|   0|  0|   16|          16|          16|
    |add_ln58_2052_fu_8384211_p2  |         +|   0|  0|   16|          15|          15|
    |add_ln58_2053_fu_8384217_p2  |         +|   0|  0|   16|          15|          15|
    |add_ln58_2054_fu_8384227_p2  |         +|   0|  0|   21|          14|          14|
    |add_ln58_2055_fu_8384237_p2  |         +|   0|  0|   23|          16|          16|
    |add_ln58_2056_fu_8384243_p2  |         +|   0|  0|   16|          16|          16|
    |add_ln58_2057_fu_8384249_p2  |         +|   0|  0|   16|          16|          16|
    |add_ln58_2058_fu_8390371_p2  |         +|   0|  0|   16|          16|          16|
    |add_ln58_2059_fu_8384255_p2  |         +|   0|  0|   19|          12|          12|
    |add_ln58_2060_fu_8384265_p2  |         +|   0|  0|   20|          13|          13|
    |add_ln58_2061_fu_8384271_p2  |         +|   0|  0|   22|          15|          15|
    |add_ln58_2062_fu_8384281_p2  |         +|   0|  0|   16|          16|          16|
    |add_ln58_2063_fu_8384287_p2  |         +|   0|  0|   16|          16|          16|
    |add_ln58_2064_fu_8390379_p2  |         +|   0|  0|   16|          16|          16|
    |add_ln58_2065_fu_8384293_p2  |         +|   0|  0|   23|          16|          16|
    |add_ln58_2066_fu_8384299_p2  |         +|   0|  0|   23|          16|          16|
    |add_ln58_2067_fu_8390384_p2  |         +|   0|  0|   16|          16|          16|
    |add_ln58_2068_fu_8384305_p2  |         +|   0|  0|   16|          16|          16|
    |add_ln58_2069_fu_8384311_p2  |         +|   0|  0|   23|          16|          16|
    |add_ln58_2070_fu_8384317_p2  |         +|   0|  0|   16|          16|          16|
    |add_ln58_2071_fu_8390388_p2  |         +|   0|  0|   16|          16|          16|
    |add_ln58_2072_fu_8390393_p2  |         +|   0|  0|   16|          16|          16|
    |add_ln58_2073_fu_8390399_p2  |         +|   0|  0|   16|          16|          16|
    |add_ln58_2074_fu_8384323_p2  |         +|   0|  0|   17|          13|          13|
    |add_ln58_2075_fu_8384329_p2  |         +|   0|  0|   17|          13|          13|
    |add_ln58_2076_fu_8384339_p2  |         +|   0|  0|   18|          11|          11|
    |add_ln58_2077_fu_8384349_p2  |         +|   0|  0|   23|          16|          16|
    |add_ln58_2078_fu_8384355_p2  |         +|   0|  0|   16|          16|          16|
    |add_ln58_2079_fu_8384361_p2  |         +|   0|  0|   16|          16|          16|
    |add_ln58_2080_fu_8384367_p2  |         +|   0|  0|   20|          13|          13|
    |add_ln58_2081_fu_8384377_p2  |         +|   0|  0|   16|          14|          14|
    |add_ln58_2082_fu_8384383_p2  |         +|   0|  0|   16|          14|          14|
    |add_ln58_2083_fu_8384389_p2  |         +|   0|  0|   23|          16|          16|
    |add_ln58_2084_fu_8384395_p2  |         +|   0|  0|   22|          15|          15|
    |add_ln58_2085_fu_8390411_p2  |         +|   0|  0|   16|          16|          16|
    |add_ln58_2086_fu_8390416_p2  |         +|   0|  0|   16|          16|          16|
    |add_ln58_2087_fu_8390422_p2  |         +|   0|  0|   16|          16|          16|
    |add_ln58_2088_fu_8384401_p2  |         +|   0|  0|   16|          16|          16|
    |add_ln58_2089_fu_8384407_p2  |         +|   0|  0|   16|          16|          16|
    |add_ln58_2090_fu_8384413_p2  |         +|   0|  0|   17|          10|          10|
    |add_ln58_2091_fu_8384423_p2  |         +|   0|  0|   16|          16|          16|
    |add_ln58_2092_fu_8384429_p2  |         +|   0|  0|   16|          16|          16|
    |add_ln58_2093_fu_8384435_p2  |         +|   0|  0|   16|          16|          16|
    |add_ln58_2094_fu_8384441_p2  |         +|   0|  0|   16|           9|           8|
    |add_ln58_2095_fu_8384451_p2  |         +|   0|  0|   15|           8|           8|
    |add_ln58_2096_fu_8384461_p2  |         +|   0|  0|   18|          10|          10|
    |add_ln58_2097_fu_8384467_p2  |         +|   0|  0|   15|           8|           8|
    |add_ln58_2098_fu_8384477_p2  |         +|   0|  0|   14|           7|           7|
    |add_ln58_2099_fu_8384487_p2  |         +|   0|  0|   16|           9|           9|
    |add_ln58_2100_fu_8384497_p2  |         +|   0|  0|   18|          10|          10|
    |add_ln58_2101_fu_8384507_p2  |         +|   0|  0|   16|          16|          16|
    |add_ln58_2102_fu_8390427_p2  |         +|   0|  0|   16|          16|          16|
    |add_ln58_2103_fu_8390432_p2  |         +|   0|  0|   16|          16|          16|
    |add_ln58_2104_fu_8384513_p2  |         +|   0|  0|   17|          10|          10|
    |add_ln58_2105_fu_8384523_p2  |         +|   0|  0|   22|          15|          15|
    |add_ln58_2106_fu_8384529_p2  |         +|   0|  0|   16|          16|          16|
    |add_ln58_2107_fu_8384535_p2  |         +|   0|  0|   23|          16|          16|
    |add_ln58_2108_fu_8384541_p2  |         +|   0|  0|   16|          16|          16|
    |add_ln58_2109_fu_8390441_p2  |         +|   0|  0|   16|          16|          16|
    |add_ln58_2110_fu_8384547_p2  |         +|   0|  0|   23|          16|          16|
    |add_ln58_2111_fu_8384553_p2  |         +|   0|  0|   23|          16|          16|
    |add_ln58_2112_fu_8390446_p2  |         +|   0|  0|   16|          16|          16|
    |add_ln58_2113_fu_8384559_p2  |         +|   0|  0|   16|          16|          16|
    |add_ln58_2114_fu_8384565_p2  |         +|   0|  0|   23|          16|          16|
    |add_ln58_2115_fu_8384571_p2  |         +|   0|  0|   16|          16|          16|
    |add_ln58_2116_fu_8390450_p2  |         +|   0|  0|   16|          16|          16|
    |add_ln58_2117_fu_8390455_p2  |         +|   0|  0|   16|          16|          16|
    |add_ln58_2118_fu_8384577_p2  |         +|   0|  0|   16|          16|          16|
    |add_ln58_2119_fu_8384583_p2  |         +|   0|  0|   22|          15|          15|
    |add_ln58_2120_fu_8384593_p2  |         +|   0|  0|   16|          16|          16|
    |add_ln58_2121_fu_8384599_p2  |         +|   0|  0|   16|          16|          16|
    |add_ln58_2122_fu_8384605_p2  |         +|   0|  0|   23|          16|          16|
    |add_ln58_2123_fu_8384611_p2  |         +|   0|  0|   16|          16|          16|
    |add_ln58_2124_fu_8390461_p2  |         +|   0|  0|   16|          16|          16|
    |add_ln58_2125_fu_8384617_p2  |         +|   0|  0|   23|          16|          16|
    |add_ln58_2126_fu_8384623_p2  |         +|   0|  0|   22|          15|          15|
    |add_ln58_2127_fu_8390468_p2  |         +|   0|  0|   16|          16|          16|
    |add_ln58_2128_fu_8384629_p2  |         +|   0|  0|   16|          16|          16|
    |add_ln58_2129_fu_8384635_p2  |         +|   0|  0|   23|          16|          16|
    |add_ln58_2130_fu_8384641_p2  |         +|   0|  0|   16|          16|          16|
    |add_ln58_2131_fu_8390473_p2  |         +|   0|  0|   16|          16|          16|
    |add_ln58_2132_fu_8390478_p2  |         +|   0|  0|   16|          16|          16|
    |add_ln58_2133_fu_8390484_p2  |         +|   0|  0|   16|          16|          16|
    |add_ln58_2134_fu_8384647_p2  |         +|   0|  0|   21|          14|          14|
    |add_ln58_2135_fu_8390493_p2  |         +|   0|  0|   16|          16|          16|
    |add_ln58_2136_fu_8384653_p2  |         +|   0|  0|   16|          16|          16|
    |add_ln58_2137_fu_8384659_p2  |         +|   0|  0|   23|          16|          16|
    |add_ln58_2138_fu_8384665_p2  |         +|   0|  0|   16|          16|          16|
    |add_ln58_2139_fu_8390499_p2  |         +|   0|  0|   16|          16|          16|
    |add_ln58_2140_fu_8384671_p2  |         +|   0|  0|   23|          16|          16|
    |add_ln58_2141_fu_8384677_p2  |         +|   0|  0|   23|          16|          16|
    |add_ln58_2142_fu_8390504_p2  |         +|   0|  0|   16|          16|          16|
    |add_ln58_2143_fu_8384683_p2  |         +|   0|  0|   16|          16|          16|
    |add_ln58_2144_fu_8384689_p2  |         +|   0|  0|   23|          16|          16|
    |add_ln58_2145_fu_8384695_p2  |         +|   0|  0|   16|          16|          16|
    |add_ln58_2146_fu_8390508_p2  |         +|   0|  0|   16|          16|          16|
    |add_ln58_2147_fu_8390513_p2  |         +|   0|  0|   16|          16|          16|
    |add_ln58_2148_fu_8384701_p2  |         +|   0|  0|   16|          16|          16|
    |add_ln58_2149_fu_8384707_p2  |         +|   0|  0|   23|          16|          16|
    |add_ln58_2150_fu_8384713_p2  |         +|   0|  0|   16|          16|          16|
    |add_ln58_2151_fu_8384719_p2  |         +|   0|  0|   16|          16|          16|
    |add_ln58_2152_fu_8384725_p2  |         +|   0|  0|   23|          16|          16|
    |add_ln58_2153_fu_8384731_p2  |         +|   0|  0|   16|          16|          16|
    |add_ln58_2154_fu_8390519_p2  |         +|   0|  0|   16|          16|          16|
    |add_ln58_2155_fu_8384737_p2  |         +|   0|  0|   23|          16|          16|
    |add_ln58_2156_fu_8384743_p2  |         +|   0|  0|   16|           9|           8|
    |add_ln58_2157_fu_8384753_p2  |         +|   0|  0|   16|          16|          16|
    |add_ln58_2158_fu_8384759_p2  |         +|   0|  0|   18|           9|           9|
    |add_ln58_2159_fu_8384765_p2  |         +|   0|  0|   14|           7|           7|
    |add_ln58_2160_fu_8384775_p2  |         +|   0|  0|   18|           9|           9|
    |add_ln58_2161_fu_8384785_p2  |         +|   0|  0|   16|          16|          16|
    |add_ln58_2162_fu_8390523_p2  |         +|   0|  0|   16|          16|          16|
    |add_ln58_2163_fu_8390528_p2  |         +|   0|  0|   16|          16|          16|
    |add_ln58_2164_fu_8390534_p2  |         +|   0|  0|   16|          16|          16|
    |add_ln58_2165_fu_8384791_p2  |         +|   0|  0|   16|          16|          16|
    |add_ln58_2166_fu_8384797_p2  |         +|   0|  0|   16|          16|          16|
    |add_ln58_2167_fu_8384803_p2  |         +|   0|  0|   16|          16|          16|
    |add_ln58_2168_fu_8384809_p2  |         +|   0|  0|   16|           9|           9|
    |add_ln58_2169_fu_8384819_p2  |         +|   0|  0|   16|          16|          16|
    |add_ln58_2170_fu_8390540_p2  |         +|   0|  0|   16|          16|          16|
    |add_ln58_2171_fu_8384825_p2  |         +|   0|  0|   20|          13|          13|
    |add_ln58_2172_fu_8384835_p2  |         +|   0|  0|   21|          14|          14|
    |add_ln58_2173_fu_8384841_p2  |         +|   0|  0|   22|          15|          15|
    |add_ln58_2174_fu_8384847_p2  |         +|   0|  0|   23|          16|          16|
    |add_ln58_2175_fu_8390550_p2  |         +|   0|  0|   16|          16|          16|
    |add_ln58_2176_fu_8390555_p2  |         +|   0|  0|   16|          16|          16|
    |add_ln58_2177_fu_8390561_p2  |         +|   0|  0|   16|          16|          16|
    |add_ln58_2178_fu_8384853_p2  |         +|   0|  0|   22|          15|          15|
    |add_ln58_2179_fu_8384863_p2  |         +|   0|  0|   23|          16|          16|
    |add_ln58_2180_fu_8384869_p2  |         +|   0|  0|   20|          13|          13|
    |add_ln58_2181_fu_8384879_p2  |         +|   0|  0|   16|          16|          16|
    |add_ln58_2182_fu_8384885_p2  |         +|   0|  0|   16|          16|          16|
    |add_ln58_2183_fu_8390567_p2  |         +|   0|  0|   16|          16|          16|
    |add_ln58_2184_fu_8384891_p2  |         +|   0|  0|   23|          16|          16|
    |add_ln58_2185_fu_8390571_p2  |         +|   0|  0|   16|          16|          16|
    |add_ln58_2186_fu_8384897_p2  |         +|   0|  0|   22|          15|          15|
    |add_ln58_2187_fu_8384907_p2  |         +|   0|  0|   16|          16|          16|
    |add_ln58_2188_fu_8384913_p2  |         +|   0|  0|   16|          16|          16|
    |add_ln58_2189_fu_8390575_p2  |         +|   0|  0|   16|          16|          16|
    |add_ln58_2190_fu_8390580_p2  |         +|   0|  0|   16|          16|          16|
    |add_ln58_2191_fu_8390586_p2  |         +|   0|  0|   16|          16|          16|
    |add_ln58_2192_fu_8384919_p2  |         +|   0|  0|   23|          16|          16|
    |add_ln58_2193_fu_8384925_p2  |         +|   0|  0|   16|          16|          16|
    |add_ln58_2194_fu_8384931_p2  |         +|   0|  0|   20|          13|          13|
    |add_ln58_2195_fu_8384941_p2  |         +|   0|  0|   16|          16|          16|
    |add_ln58_2196_fu_8384947_p2  |         +|   0|  0|   16|          16|          16|
    |add_ln58_2197_fu_8384953_p2  |         +|   0|  0|   16|          16|          16|
    |add_ln58_2198_fu_8384959_p2  |         +|   0|  0|   16|          15|          15|
    |add_ln58_2199_fu_8384965_p2  |         +|   0|  0|   16|          15|          15|
    |add_ln58_2200_fu_8384975_p2  |         +|   0|  0|   20|          13|          13|
    |add_ln58_2201_fu_8384985_p2  |         +|   0|  0|   23|          16|          16|
    |add_ln58_2202_fu_8384991_p2  |         +|   0|  0|   16|          16|          16|
    |add_ln58_2203_fu_8384997_p2  |         +|   0|  0|   16|          16|          16|
    |add_ln58_2204_fu_8390592_p2  |         +|   0|  0|   16|          16|          16|
    |add_ln58_2205_fu_8385003_p2  |         +|   0|  0|   21|          14|          14|
    |add_ln58_2206_fu_8385013_p2  |         +|   0|  0|   23|          16|          16|
    |add_ln58_2207_fu_8385019_p2  |         +|   0|  0|   22|          15|          15|
    |add_ln58_2208_fu_8385029_p2  |         +|   0|  0|   16|          16|          16|
    |add_ln58_2209_fu_8385035_p2  |         +|   0|  0|   16|          16|          16|
    |add_ln58_2210_fu_8390596_p2  |         +|   0|  0|   16|          16|          16|
    |add_ln58_2211_fu_8385041_p2  |         +|   0|  0|   23|          16|          16|
    |add_ln58_2212_fu_8385047_p2  |         +|   0|  0|   19|          12|          12|
    |add_ln58_2213_fu_8385057_p2  |         +|   0|  0|   16|          16|          16|
    |add_ln58_2214_fu_8385063_p2  |         +|   0|  0|   19|           8|           7|
    |add_ln58_2215_fu_8385069_p2  |         +|   0|  0|   14|           7|           7|
    |add_ln58_2216_fu_8385079_p2  |         +|   0|  0|   19|           8|           8|
    |add_ln58_2217_fu_8385089_p2  |         +|   0|  0|   16|          16|          16|
    |add_ln58_2218_fu_8390600_p2  |         +|   0|  0|   16|          16|          16|
    |add_ln58_2219_fu_8390605_p2  |         +|   0|  0|   16|          16|          16|
    |add_ln58_2220_fu_8390611_p2  |         +|   0|  0|   16|          16|          16|
    |add_ln58_2221_fu_8385095_p2  |         +|   0|  0|   22|          15|          15|
    |add_ln58_2222_fu_8385105_p2  |         +|   0|  0|   16|          16|          16|
    |add_ln58_2223_fu_8385111_p2  |         +|   0|  0|   16|          16|          16|
    |add_ln58_2224_fu_8385117_p2  |         +|   0|  0|   17|          11|          11|
    |add_ln58_2225_fu_8385123_p2  |         +|   0|  0|   17|          10|          10|
    |add_ln58_2226_fu_8385133_p2  |         +|   0|  0|   17|          11|          11|
    |add_ln58_2227_fu_8390620_p2  |         +|   0|  0|   16|          16|          16|
    |add_ln58_2228_fu_8385139_p2  |         +|   0|  0|   21|          14|          14|
    |add_ln58_2229_fu_8385149_p2  |         +|   0|  0|   20|          13|          13|
    |add_ln58_2230_fu_8385159_p2  |         +|   0|  0|   22|          15|          15|
    |add_ln58_2231_fu_8385165_p2  |         +|   0|  0|   23|          16|          16|
    |add_ln58_2232_fu_8385171_p2  |         +|   0|  0|   23|          16|          16|
    |add_ln58_2233_fu_8390628_p2  |         +|   0|  0|   16|          16|          16|
    |add_ln58_2234_fu_8390632_p2  |         +|   0|  0|   16|          16|          16|
    |add_ln58_2235_fu_8390638_p2  |         +|   0|  0|   16|          16|          16|
    |add_ln58_2236_fu_8385177_p2  |         +|   0|  0|   16|          16|          16|
    |add_ln58_2237_fu_8385183_p2  |         +|   0|  0|   23|          16|          16|
    |add_ln58_2238_fu_8385189_p2  |         +|   0|  0|   16|          16|          16|
    |add_ln58_2239_fu_8385195_p2  |         +|   0|  0|   16|          16|          16|
    |add_ln58_2240_fu_8385201_p2  |         +|   0|  0|   17|          10|          10|
    |add_ln58_2241_fu_8385211_p2  |         +|   0|  0|   16|          16|          16|
    |add_ln58_2242_fu_8390644_p2  |         +|   0|  0|   16|          16|          16|
    |add_ln58_2243_fu_8385217_p2  |         +|   0|  0|   23|          16|          16|
    |add_ln58_2244_fu_8385223_p2  |         +|   0|  0|   22|          15|          15|
    |add_ln58_2245_fu_8390651_p2  |         +|   0|  0|   16|          16|          16|
    |add_ln58_2246_fu_8385229_p2  |         +|   0|  0|   16|          16|          16|
    |add_ln58_2247_fu_8385235_p2  |         +|   0|  0|   23|          16|          16|
    |add_ln58_2248_fu_8385241_p2  |         +|   0|  0|   16|          16|          16|
    |add_ln58_2249_fu_8390656_p2  |         +|   0|  0|   16|          16|          16|
    |add_ln58_2250_fu_8390661_p2  |         +|   0|  0|   16|          16|          16|
    |add_ln58_2251_fu_8390667_p2  |         +|   0|  0|   16|          16|          16|
    |add_ln58_2252_fu_8385247_p2  |         +|   0|  0|   23|          16|          16|
    |add_ln58_2253_fu_8385253_p2  |         +|   0|  0|   22|          15|          15|
    |add_ln58_2254_fu_8385263_p2  |         +|   0|  0|   16|          16|          16|
    |add_ln58_2255_fu_8385269_p2  |         +|   0|  0|   17|          10|          10|
    |add_ln58_2256_fu_8385279_p2  |         +|   0|  0|   16|          16|          16|
    |add_ln58_2257_fu_8385285_p2  |         +|   0|  0|   16|          16|          16|
    |add_ln58_2258_fu_8385291_p2  |         +|   0|  0|   16|          16|          16|
    |add_ln58_2259_fu_8385297_p2  |         +|   0|  0|   23|          16|          16|
    |add_ln58_2260_fu_8385303_p2  |         +|   0|  0|   23|          16|          16|
    |add_ln58_2261_fu_8390673_p2  |         +|   0|  0|   16|          16|          16|
    |add_ln58_2262_fu_8385309_p2  |         +|   0|  0|   16|          16|          16|
    |add_ln58_2263_fu_8385315_p2  |         +|   0|  0|   23|          16|          16|
    |add_ln58_2264_fu_8385321_p2  |         +|   0|  0|   16|          16|          16|
    |add_ln58_2265_fu_8390677_p2  |         +|   0|  0|   16|          16|          16|
    |add_ln58_2266_fu_8390682_p2  |         +|   0|  0|   16|          16|          16|
    |add_ln58_2267_fu_8385327_p2  |         +|   0|  0|   16|          16|          16|
    |add_ln58_2268_fu_8385333_p2  |         +|   0|  0|   23|          16|          16|
    |add_ln58_2269_fu_8385339_p2  |         +|   0|  0|   16|          16|          16|
    |add_ln58_2270_fu_8385345_p2  |         +|   0|  0|   22|          15|          15|
    |add_ln58_2271_fu_8385355_p2  |         +|   0|  0|   16|          16|          16|
    |add_ln58_2272_fu_8385361_p2  |         +|   0|  0|   16|          16|          16|
    |add_ln58_2273_fu_8390687_p2  |         +|   0|  0|   16|          16|          16|
    |add_ln58_2274_fu_8385367_p2  |         +|   0|  0|   22|          15|          15|
    |add_ln58_2275_fu_8385377_p2  |         +|   0|  0|   22|          15|          15|
    |add_ln58_2276_fu_8385387_p2  |         +|   0|  0|   16|          16|          16|
    |add_ln58_2277_fu_8385393_p2  |         +|   0|  0|   15|           8|           8|
    |add_ln58_2278_fu_8385403_p2  |         +|   0|  0|   14|           7|           2|
    |add_ln58_2279_fu_8385413_p2  |         +|   0|  0|   16|           9|           9|
    |add_ln58_2280_fu_8385423_p2  |         +|   0|  0|   16|          16|          16|
    |add_ln58_2281_fu_8390691_p2  |         +|   0|  0|   16|          16|          16|
    |add_ln58_2282_fu_8390696_p2  |         +|   0|  0|   16|          16|          16|
    |add_ln58_2283_fu_8390702_p2  |         +|   0|  0|   16|          16|          16|
    |add_ln58_2284_fu_8385429_p2  |         +|   0|  0|   16|          15|          15|
    |add_ln58_2285_fu_8385435_p2  |         +|   0|  0|   16|          15|          15|
    |add_ln58_2286_fu_8385441_p2  |         +|   0|  0|   22|          15|          15|
    |add_ln58_2287_fu_8385451_p2  |         +|   0|  0|   16|          16|          16|
    |add_ln58_2288_fu_8385457_p2  |         +|   0|  0|   16|          16|          16|
    |add_ln58_2289_fu_8390711_p2  |         +|   0|  0|   16|          16|          16|
    |add_ln58_2290_fu_8385463_p2  |         +|   0|  0|   23|          16|          16|
    |add_ln58_2291_fu_8390716_p2  |         +|   0|  0|   16|          16|          16|
    |add_ln58_2292_fu_8385469_p2  |         +|   0|  0|   16|          16|          16|
    |add_ln58_2293_fu_8385475_p2  |         +|   0|  0|   23|          16|          16|
    |add_ln58_2294_fu_8385481_p2  |         +|   0|  0|   16|          16|          16|
    |add_ln58_2295_fu_8390721_p2  |         +|   0|  0|   16|          16|          16|
    |add_ln58_2296_fu_8390726_p2  |         +|   0|  0|   16|          16|          16|
    |add_ln58_2297_fu_8385487_p2  |         +|   0|  0|   16|          16|          16|
    |add_ln58_2298_fu_8385493_p2  |         +|   0|  0|   16|          16|          16|
    |add_ln58_2299_fu_8385499_p2  |         +|   0|  0|   16|          16|          16|
    |add_ln58_2300_fu_8385505_p2  |         +|   0|  0|   23|          16|          16|
    |add_ln58_2301_fu_8385511_p2  |         +|   0|  0|   16|          16|          16|
    |add_ln58_2302_fu_8390732_p2  |         +|   0|  0|   16|          16|          16|
    |add_ln58_2303_fu_8385517_p2  |         +|   0|  0|   23|          16|          16|
    |add_ln58_2304_fu_8385523_p2  |         +|   0|  0|   16|          16|          16|
    |add_ln58_2305_fu_8385529_p2  |         +|   0|  0|   16|          16|          16|
    |add_ln58_2306_fu_8385535_p2  |         +|   0|  0|   17|          10|          10|
    |add_ln58_2307_fu_8385545_p2  |         +|   0|  0|   16|          16|          16|
    |add_ln58_2308_fu_8385551_p2  |         +|   0|  0|   16|          16|          16|
    |add_ln58_2309_fu_8390736_p2  |         +|   0|  0|   16|          16|          16|
    |add_ln58_2310_fu_8390741_p2  |         +|   0|  0|   16|          16|          16|
    |add_ln58_2311_fu_8385557_p2  |         +|   0|  0|   17|          11|          11|
    |add_ln58_2312_fu_8385563_p2  |         +|   0|  0|   17|          11|          11|
    |add_ln58_2313_fu_8385573_p2  |         +|   0|  0|   22|          15|          15|
    |add_ln58_2314_fu_8385579_p2  |         +|   0|  0|   18|          11|          11|
    |add_ln58_2315_fu_8385589_p2  |         +|   0|  0|   16|          15|          15|
    |add_ln58_2316_fu_8385595_p2  |         +|   0|  0|   16|          15|          15|
    |add_ln58_2317_fu_8385601_p2  |         +|   0|  0|   23|          16|          16|
    |add_ln58_2318_fu_8385607_p2  |         +|   0|  0|   16|          16|          16|
    |add_ln58_2319_fu_8385613_p2  |         +|   0|  0|   16|          16|          16|
    |add_ln58_2320_fu_8385619_p2  |         +|   0|  0|   22|          15|          15|
    |add_ln58_2321_fu_8385629_p2  |         +|   0|  0|   16|          16|          16|
    |add_ln58_2322_fu_8385635_p2  |         +|   0|  0|   16|          16|          16|
    |add_ln58_2323_fu_8390750_p2  |         +|   0|  0|   16|          16|          16|
    |add_ln58_2324_fu_8385641_p2  |         +|   0|  0|   16|          16|          16|
    |add_ln58_2325_fu_8385647_p2  |         +|   0|  0|   16|          16|          16|
    |add_ln58_2326_fu_8385653_p2  |         +|   0|  0|   16|          16|          16|
    |add_ln58_2327_fu_8385695_p2  |         +|   0|  0|   16|          16|          16|
    |add_ln58_2328_fu_8385701_p2  |         +|   0|  0|   16|          16|          16|
    |add_ln58_2329_fu_8385707_p2  |         +|   0|  0|   15|           8|           8|
    |add_ln58_2330_fu_8385717_p2  |         +|   0|  0|   16|           9|           9|
    |add_ln58_2331_fu_8385727_p2  |         +|   0|  0|   14|           7|           7|
    |add_ln58_2332_fu_8385737_p2  |         +|   0|  0|   14|           7|           7|
    |add_ln58_2333_fu_8385747_p2  |         +|   0|  0|   15|           8|           8|
    |add_ln58_2334_fu_8385757_p2  |         +|   0|  0|   17|          10|          10|
    |add_ln58_2335_fu_8385767_p2  |         +|   0|  0|   16|          16|          16|
    |add_ln58_2336_fu_8390755_p2  |         +|   0|  0|   16|          16|          16|
    |add_ln58_2337_fu_8390760_p2  |         +|   0|  0|   16|          16|          16|
    |add_ln58_2338_fu_8385773_p2  |         +|   0|  0|   16|          16|          16|
    |add_ln58_2339_fu_8385779_p2  |         +|   0|  0|   16|          16|          16|
    |add_ln58_2340_fu_8385785_p2  |         +|   0|  0|   16|          16|          16|
    |add_ln58_2341_fu_8385791_p2  |         +|   0|  0|   21|          14|          14|
    |add_ln58_2342_fu_8385801_p2  |         +|   0|  0|   16|          16|          16|
    |add_ln58_2343_fu_8390766_p2  |         +|   0|  0|   16|          16|          16|
    |add_ln58_2344_fu_8385807_p2  |         +|   0|  0|   22|          15|          15|
    |add_ln58_2345_fu_8385813_p2  |         +|   0|  0|   23|          16|          16|
    |add_ln58_2346_fu_8390773_p2  |         +|   0|  0|   16|          16|          16|
    |add_ln58_2347_fu_8385819_p2  |         +|   0|  0|   16|          16|          16|
    |add_ln58_2348_fu_8385825_p2  |         +|   0|  0|   23|          16|          16|
    |add_ln58_2349_fu_8385831_p2  |         +|   0|  0|   16|          16|          16|
    |add_ln58_2350_fu_8390778_p2  |         +|   0|  0|   16|          16|          16|
    |add_ln58_2351_fu_8390783_p2  |         +|   0|  0|   16|          16|          16|
    |add_ln58_2352_fu_8385837_p2  |         +|   0|  0|   21|          14|          14|
    |add_ln58_2353_fu_8385847_p2  |         +|   0|  0|   22|          15|          15|
    |add_ln58_2354_fu_8385857_p2  |         +|   0|  0|   23|          16|          16|
    |add_ln58_2355_fu_8385863_p2  |         +|   0|  0|   21|          14|          14|
    |add_ln58_2356_fu_8385873_p2  |         +|   0|  0|   22|          15|          15|
    |add_ln58_2357_fu_8385883_p2  |         +|   0|  0|   23|          16|          16|
    |add_ln58_2358_fu_8390789_p2  |         +|   0|  0|   16|          16|          16|
    |add_ln58_2359_fu_8385889_p2  |         +|   0|  0|   23|          16|          16|
    |add_ln58_2360_fu_8385895_p2  |         +|   0|  0|   20|          13|          13|
    |add_ln58_2361_fu_8390796_p2  |         +|   0|  0|   16|          16|          16|
    |add_ln58_2362_fu_8385901_p2  |         +|   0|  0|   22|          15|          15|
    |add_ln58_2363_fu_8385911_p2  |         +|   0|  0|   21|          14|          14|
    |add_ln58_2364_fu_8385921_p2  |         +|   0|  0|   23|          16|          16|
    |add_ln58_2365_fu_8390801_p2  |         +|   0|  0|   16|          16|          16|
    |add_ln58_2366_fu_8390806_p2  |         +|   0|  0|   16|          16|          16|
    |add_ln58_2367_fu_8390812_p2  |         +|   0|  0|   16|          16|          16|
    |add_ln58_2368_fu_8385927_p2  |         +|   0|  0|   23|          16|          16|
    |add_ln58_2369_fu_8390818_p2  |         +|   0|  0|   16|          16|          16|
    |add_ln58_2370_fu_8385933_p2  |         +|   0|  0|   16|          16|          16|
    |add_ln58_2371_fu_8385939_p2  |         +|   0|  0|   23|          16|          16|
    |add_ln58_2372_fu_8385945_p2  |         +|   0|  0|   16|          16|          16|
    |add_ln58_2373_fu_8390823_p2  |         +|   0|  0|   16|          16|          16|
    |add_ln58_2374_fu_8385951_p2  |         +|   0|  0|   23|          16|          16|
    |add_ln58_2375_fu_8385957_p2  |         +|   0|  0|   21|          14|          14|
    |add_ln58_2376_fu_8385967_p2  |         +|   0|  0|   16|          16|          16|
    |add_ln58_2377_fu_8385973_p2  |         +|   0|  0|   17|          10|          10|
    |add_ln58_2378_fu_8385983_p2  |         +|   0|  0|   16|          15|          15|
    |add_ln58_2379_fu_8385989_p2  |         +|   0|  0|   16|          15|          15|
    |add_ln58_2380_fu_8385999_p2  |         +|   0|  0|   16|          16|          16|
    |add_ln58_2381_fu_8390828_p2  |         +|   0|  0|   16|          16|          16|
    |add_ln58_2382_fu_8386005_p2  |         +|   0|  0|   19|          12|          12|
    |add_ln58_2383_fu_8386015_p2  |         +|   0|  0|   16|          16|          16|
    |add_ln58_2384_fu_8386021_p2  |         +|   0|  0|   16|          16|          16|
    |add_ln58_2385_fu_8386027_p2  |         +|   0|  0|   16|          16|          16|
    |add_ln58_2386_fu_8386033_p2  |         +|   0|  0|   21|          14|          14|
    |add_ln58_2387_fu_8386043_p2  |         +|   0|  0|   16|          16|          16|
    |add_ln58_2388_fu_8390833_p2  |         +|   0|  0|   16|          16|          16|
    |add_ln58_2389_fu_8386049_p2  |         +|   0|  0|   23|          16|          16|
    |add_ln58_2390_fu_8386055_p2  |         +|   0|  0|   20|          13|          13|
    |add_ln58_2391_fu_8390840_p2  |         +|   0|  0|   16|          16|          16|
    |add_ln58_2392_fu_8386061_p2  |         +|   0|  0|   21|          14|          14|
    |add_ln58_2393_fu_8386071_p2  |         +|   0|  0|   15|           8|           5|
    |add_ln58_2394_fu_8386081_p2  |         +|   0|  0|   22|          15|          15|
    |add_ln58_2395_fu_8390848_p2  |         +|   0|  0|   16|          16|          16|
    |add_ln58_2396_fu_8390854_p2  |         +|   0|  0|   16|          16|          16|
    |add_ln58_2397_fu_8390860_p2  |         +|   0|  0|   16|          16|          16|
    |add_ln58_2398_fu_8390866_p2  |         +|   0|  0|   16|          16|          16|
    |add_ln58_2399_fu_8386087_p2  |         +|   0|  0|   16|          14|          14|
    |add_ln58_2400_fu_8386093_p2  |         +|   0|  0|   16|          14|          14|
    |add_ln58_2401_fu_8386099_p2  |         +|   0|  0|   16|          15|          15|
    |add_ln58_2402_fu_8386105_p2  |         +|   0|  0|   21|          14|          14|
    |add_ln58_2403_fu_8386115_p2  |         +|   0|  0|   16|          15|          15|
    |add_ln58_2404_fu_8390878_p2  |         +|   0|  0|   16|          16|          16|
    |add_ln58_2405_fu_8386121_p2  |         +|   0|  0|   23|          16|          16|
    |add_ln58_2406_fu_8386127_p2  |         +|   0|  0|   21|          14|          14|
    |add_ln58_2407_fu_8390887_p2  |         +|   0|  0|   16|          16|          16|
    |add_ln58_2408_fu_8386133_p2  |         +|   0|  0|   21|          14|          14|
    |add_ln58_2409_fu_8386143_p2  |         +|   0|  0|   22|          15|          15|
    |add_ln58_2410_fu_8386153_p2  |         +|   0|  0|   23|          16|          16|
    |add_ln58_2411_fu_8390892_p2  |         +|   0|  0|   16|          16|          16|
    |add_ln58_2412_fu_8390897_p2  |         +|   0|  0|   16|          16|          16|
    |add_ln58_2413_fu_8386159_p2  |         +|   0|  0|   16|          16|          16|
    |add_ln58_2414_fu_8386165_p2  |         +|   0|  0|   18|          11|          11|
    |add_ln58_2415_fu_8386175_p2  |         +|   0|  0|   16|          16|          16|
    |add_ln58_2416_fu_8386181_p2  |         +|   0|  0|   17|          10|          10|
    |add_ln58_2417_fu_8386191_p2  |         +|   0|  0|   16|          15|          15|
    |add_ln58_2418_fu_8386197_p2  |         +|   0|  0|   16|          15|          15|
    |add_ln58_2419_fu_8390906_p2  |         +|   0|  0|   16|          16|          16|
    |add_ln58_2420_fu_8386203_p2  |         +|   0|  0|   23|          16|          16|
    |add_ln58_2421_fu_8386209_p2  |         +|   0|  0|   19|          12|          12|
    |add_ln58_2422_fu_8390914_p2  |         +|   0|  0|   16|          16|          16|
    |add_ln58_2423_fu_8386215_p2  |         +|   0|  0|   22|          15|          15|
    |add_ln58_2424_fu_8386225_p2  |         +|   0|  0|   22|          15|          15|
    |add_ln58_2425_fu_8386235_p2  |         +|   0|  0|   23|          16|          16|
    |add_ln58_2426_fu_8390919_p2  |         +|   0|  0|   16|          16|          16|
    |add_ln58_2427_fu_8390924_p2  |         +|   0|  0|   16|          16|          16|
    |add_ln58_2428_fu_8390930_p2  |         +|   0|  0|   16|          16|          16|
    |add_ln58_2429_fu_8386241_p2  |         +|   0|  0|   20|          13|          13|
    |add_ln58_2430_fu_8386251_p2  |         +|   0|  0|   16|          16|          16|
    |add_ln58_2431_fu_8386257_p2  |         +|   0|  0|   16|          16|          16|
    |add_ln58_2432_fu_8386263_p2  |         +|   0|  0|   22|          15|          15|
    |add_ln58_2433_fu_8386273_p2  |         +|   0|  0|   16|          16|          16|
    |add_ln58_2434_fu_8386279_p2  |         +|   0|  0|   16|          16|          16|
    |add_ln58_2435_fu_8386285_p2  |         +|   0|  0|   23|          16|          16|
    |add_ln58_2436_fu_8386291_p2  |         +|   0|  0|   23|          16|          16|
    |add_ln58_2437_fu_8390936_p2  |         +|   0|  0|   16|          16|          16|
    |add_ln58_2438_fu_8386297_p2  |         +|   0|  0|   21|          14|          14|
    |add_ln58_2439_fu_8386307_p2  |         +|   0|  0|   16|          15|          15|
    |add_ln58_2440_fu_8386313_p2  |         +|   0|  0|   16|          15|          15|
    |add_ln58_2441_fu_8390943_p2  |         +|   0|  0|   16|          16|          16|
    |add_ln58_2442_fu_8390949_p2  |         +|   0|  0|   16|          16|          16|
    |add_ln58_2443_fu_8386319_p2  |         +|   0|  0|   21|          14|          14|
    |add_ln58_2444_fu_8386329_p2  |         +|   0|  0|   16|          16|          16|
    |add_ln58_2445_fu_8386335_p2  |         +|   0|  0|   16|          16|          16|
    |add_ln58_2446_fu_8386341_p2  |         +|   0|  0|   16|          16|          16|
    |add_ln58_2447_fu_8386347_p2  |         +|   0|  0|   18|          11|           9|
    |add_ln58_2448_fu_8386357_p2  |         +|   0|  0|   16|          16|          16|
    |add_ln58_2449_fu_8390954_p2  |         +|   0|  0|   16|          16|          16|
    |add_ln58_2450_fu_8386363_p2  |         +|   0|  0|   16|           9|           9|
    |add_ln58_2451_fu_8386373_p2  |         +|   0|  0|   16|           9|           9|
    |add_ln58_2452_fu_8386383_p2  |         +|   0|  0|   17|          10|          10|
    |add_ln58_2453_fu_8386393_p2  |         +|   0|  0|   16|           9|           9|
    |add_ln58_2454_fu_8386403_p2  |         +|   0|  0|   15|           8|           8|
    |add_ln58_2455_fu_8386413_p2  |         +|   0|  0|   17|          10|          10|
    |add_ln58_2456_fu_8386423_p2  |         +|   0|  0|   18|          11|          11|
    |add_ln58_2457_fu_8390961_p2  |         +|   0|  0|   16|          16|          16|
    |add_ln58_2458_fu_8390967_p2  |         +|   0|  0|   16|          16|          16|
    |add_ln58_2459_fu_8390973_p2  |         +|   0|  0|   16|          16|          16|
    |add_ln58_2460_fu_8386429_p2  |         +|   0|  0|   21|          14|          14|
    |add_ln58_2461_fu_8386439_p2  |         +|   0|  0|   22|          15|          15|
    |add_ln58_2462_fu_8386445_p2  |         +|   0|  0|   16|          16|          16|
    |add_ln58_2463_fu_8386451_p2  |         +|   0|  0|   21|          14|          14|
    |add_ln58_2464_fu_8386461_p2  |         +|   0|  0|   16|          16|          16|
    |add_ln58_2465_fu_8390982_p2  |         +|   0|  0|   16|          16|          16|
    |add_ln58_2466_fu_8386467_p2  |         +|   0|  0|   22|          15|          15|
    |add_ln58_2467_fu_8386477_p2  |         +|   0|  0|   22|          15|          15|
    |add_ln58_2468_fu_8386487_p2  |         +|   0|  0|   16|          16|          16|
    |add_ln58_2469_fu_8386493_p2  |         +|   0|  0|   21|          14|          14|
    |add_ln58_2470_fu_8386503_p2  |         +|   0|  0|   16|          16|          16|
    |add_ln58_2471_fu_8386509_p2  |         +|   0|  0|   16|          16|          16|
    |add_ln58_2472_fu_8386515_p2  |         +|   0|  0|   16|          16|          16|
    |add_ln58_2473_fu_8390987_p2  |         +|   0|  0|   16|          16|          16|
    |add_ln58_2474_fu_8386521_p2  |         +|   0|  0|   18|          11|          11|
    |add_ln58_2475_fu_8386531_p2  |         +|   0|  0|   16|          15|          15|
    |add_ln58_2476_fu_8386537_p2  |         +|   0|  0|   16|          15|          15|
    |add_ln58_2477_fu_8386543_p2  |         +|   0|  0|   21|          14|          14|
    |add_ln58_2478_fu_8386553_p2  |         +|   0|  0|   16|          16|          16|
    |add_ln58_2479_fu_8386559_p2  |         +|   0|  0|   16|          16|          16|
    |add_ln58_2480_fu_8390995_p2  |         +|   0|  0|   16|          16|          16|
    |add_ln58_2481_fu_8386565_p2  |         +|   0|  0|   23|          16|          16|
    |add_ln58_2482_fu_8386571_p2  |         +|   0|  0|   23|          16|          16|
    |add_ln58_2483_fu_8391000_p2  |         +|   0|  0|   16|          16|          16|
    |add_ln58_2484_fu_8386577_p2  |         +|   0|  0|   16|          16|          16|
    |add_ln58_2485_fu_8386583_p2  |         +|   0|  0|   23|          16|          16|
    |add_ln58_2486_fu_8386589_p2  |         +|   0|  0|   16|          16|          16|
    |add_ln58_2487_fu_8391004_p2  |         +|   0|  0|   16|          16|          16|
    |add_ln58_2488_fu_8391009_p2  |         +|   0|  0|   16|          16|          16|
    |add_ln58_2489_fu_8391015_p2  |         +|   0|  0|   16|          16|          16|
    |add_ln58_2490_fu_8386595_p2  |         +|   0|  0|   23|          16|          16|
    |add_ln58_2491_fu_8391021_p2  |         +|   0|  0|   16|          16|          16|
    |add_ln58_2492_fu_8386601_p2  |         +|   0|  0|   16|          16|          16|
    |add_ln58_2493_fu_8386607_p2  |         +|   0|  0|   23|          16|          16|
    |add_ln58_2494_fu_8386613_p2  |         +|   0|  0|   16|          16|          16|
    |add_ln58_2495_fu_8391025_p2  |         +|   0|  0|   16|          16|          16|
    |add_ln58_2496_fu_8386619_p2  |         +|   0|  0|   23|          16|          16|
    |add_ln58_2497_fu_8386625_p2  |         +|   0|  0|   23|          16|          16|
    |add_ln58_2498_fu_8391030_p2  |         +|   0|  0|   16|          16|          16|
    |add_ln58_2499_fu_8386631_p2  |         +|   0|  0|   21|          14|          14|
    |add_ln58_2500_fu_8386641_p2  |         +|   0|  0|   22|          15|          15|
    |add_ln58_2501_fu_8386651_p2  |         +|   0|  0|   23|          16|          16|
    |add_ln58_2502_fu_8391034_p2  |         +|   0|  0|   16|          16|          16|
    |add_ln58_2503_fu_8391039_p2  |         +|   0|  0|   16|          16|          16|
    |add_ln58_2504_fu_8386657_p2  |         +|   0|  0|   21|          14|          14|
    |add_ln58_2505_fu_8386667_p2  |         +|   0|  0|   16|          16|          16|
    |add_ln58_2506_fu_8386673_p2  |         +|   0|  0|   16|          16|          16|
    |add_ln58_2507_fu_8386679_p2  |         +|   0|  0|   16|          16|          16|
    |add_ln58_2508_fu_8386685_p2  |         +|   0|  0|   23|          16|          16|
    |add_ln58_2509_fu_8386691_p2  |         +|   0|  0|   16|          16|          16|
    |add_ln58_2510_fu_8391045_p2  |         +|   0|  0|   16|          16|          16|
    |add_ln58_2511_fu_8386697_p2  |         +|   0|  0|   19|          12|          12|
    |add_ln58_2512_fu_8386703_p2  |         +|   0|  0|   16|           9|           9|
    |add_ln58_2513_fu_8386713_p2  |         +|   0|  0|   17|          12|          12|
    |add_ln58_2514_fu_8386719_p2  |         +|   0|  0|   15|           8|           7|
    |add_ln58_2515_fu_8386729_p2  |         +|   0|  0|   15|           8|           8|
    |add_ln58_2516_fu_8386739_p2  |         +|   0|  0|   16|           9|           9|
    |add_ln58_2517_fu_8386749_p2  |         +|   0|  0|   17|          12|          12|
    |add_ln58_2518_fu_8391052_p2  |         +|   0|  0|   16|          16|          16|
    |add_ln58_2519_fu_8391058_p2  |         +|   0|  0|   16|          16|          16|
    |add_ln58_2520_fu_8391064_p2  |         +|   0|  0|   16|          16|          16|
    |add_ln58_2521_fu_8386755_p2  |         +|   0|  0|   20|          13|          13|
    |add_ln58_2522_fu_8386765_p2  |         +|   0|  0|   23|          16|          16|
    |add_ln58_2523_fu_8386771_p2  |         +|   0|  0|   22|          15|          15|
    |add_ln58_2524_fu_8386781_p2  |         +|   0|  0|   20|          13|          13|
    |add_ln58_2525_fu_8386791_p2  |         +|   0|  0|   23|          16|          16|
    |add_ln58_2526_fu_8391070_p2  |         +|   0|  0|   16|          16|          16|
    |add_ln58_2527_fu_8386797_p2  |         +|   0|  0|   22|          15|          15|
    |add_ln58_2528_fu_8391077_p2  |         +|   0|  0|   16|          16|          16|
    |add_ln58_2529_fu_8386803_p2  |         +|   0|  0|   16|          16|          16|
    |add_ln58_2530_fu_8386809_p2  |         +|   0|  0|   22|          15|          15|
    |add_ln58_2531_fu_8386819_p2  |         +|   0|  0|   16|          16|          16|
    |add_ln58_2532_fu_8391083_p2  |         +|   0|  0|   16|          16|          16|
    |add_ln58_2533_fu_8391088_p2  |         +|   0|  0|   16|          16|          16|
    |add_ln58_2534_fu_8386825_p2  |         +|   0|  0|   16|          16|          16|
    |add_ln58_2535_fu_8386831_p2  |         +|   0|  0|   16|          16|          16|
    |add_ln58_2536_fu_8386837_p2  |         +|   0|  0|   16|          16|          16|
    |add_ln58_2537_fu_8386843_p2  |         +|   0|  0|   17|          10|          10|
    |add_ln58_2538_fu_8386853_p2  |         +|   0|  0|   16|          16|          16|
    |add_ln58_2539_fu_8391094_p2  |         +|   0|  0|   16|          16|          16|
    |add_ln58_2540_fu_8386859_p2  |         +|   0|  0|   22|          15|          15|
    |add_ln58_2541_fu_8386869_p2  |         +|   0|  0|   16|          16|          16|
    |add_ln58_2542_fu_8386875_p2  |         +|   0|  0|   16|          15|          15|
    |add_ln58_2543_fu_8386881_p2  |         +|   0|  0|   15|           8|           8|
    |add_ln58_2544_fu_8386891_p2  |         +|   0|  0|   16|          15|          15|
    |add_ln58_2545_fu_8386901_p2  |         +|   0|  0|   16|          16|          16|
    |add_ln58_2546_fu_8391098_p2  |         +|   0|  0|   16|          16|          16|
    |add_ln58_2547_fu_8391103_p2  |         +|   0|  0|   16|          16|          16|
    |add_ln58_2548_fu_8386907_p2  |         +|   0|  0|   20|          13|          13|
    |add_ln58_2549_fu_8391112_p2  |         +|   0|  0|   16|          16|          16|
    |add_ln58_2550_fu_8386913_p2  |         +|   0|  0|   16|          15|          15|
    |add_ln58_2551_fu_8386919_p2  |         +|   0|  0|   20|          13|          13|
    |add_ln58_2552_fu_8386929_p2  |         +|   0|  0|   16|          15|          15|
    |add_ln58_2553_fu_8391121_p2  |         +|   0|  0|   16|          16|          16|
    |add_ln58_2554_fu_8386935_p2  |         +|   0|  0|   16|          14|          14|
    |add_ln58_2555_fu_8386941_p2  |         +|   0|  0|   16|          14|          14|
    |add_ln58_2556_fu_8386951_p2  |         +|   0|  0|   23|          16|          16|
    |add_ln58_2557_fu_8386957_p2  |         +|   0|  0|   21|          14|          14|
    |add_ln58_2558_fu_8386967_p2  |         +|   0|  0|   16|          16|          16|
    |add_ln58_2559_fu_8386973_p2  |         +|   0|  0|   16|          16|          16|
    |add_ln58_2560_fu_8391127_p2  |         +|   0|  0|   16|          16|          16|
    |add_ln58_2561_fu_8386979_p2  |         +|   0|  0|   16|          15|          15|
    |add_ln58_2562_fu_8386985_p2  |         +|   0|  0|   16|          15|          15|
    |add_ln58_2563_fu_8386991_p2  |         +|   0|  0|   16|          16|          16|
    |add_ln58_2564_fu_8386997_p2  |         +|   0|  0|   22|          15|          15|
    |add_ln58_2565_fu_8387007_p2  |         +|   0|  0|   16|          16|          16|
    |add_ln58_2566_fu_8391135_p2  |         +|   0|  0|   16|          16|          16|
    |add_ln58_2567_fu_8387013_p2  |         +|   0|  0|   17|          11|           8|
    |add_ln58_2568_fu_8387019_p2  |         +|   0|  0|   16|           9|           9|
    |add_ln58_2569_fu_8387029_p2  |         +|   0|  0|   17|          11|          11|
    |add_ln58_2570_fu_8387039_p2  |         +|   0|  0|   18|           9|           9|
    |add_ln58_2571_fu_8387045_p2  |         +|   0|  0|   14|           7|           7|
    |add_ln58_2572_fu_8387055_p2  |         +|   0|  0|   18|           9|           9|
    |add_ln58_2573_fu_8387065_p2  |         +|   0|  0|   19|          12|          12|
    |add_ln58_2574_fu_8391143_p2  |         +|   0|  0|   16|          16|          16|
    |add_ln58_2575_fu_8391149_p2  |         +|   0|  0|   16|          16|          16|
    |add_ln58_2576_fu_8391155_p2  |         +|   0|  0|   16|          16|          16|
    |add_ln58_2577_fu_8387071_p2  |         +|   0|  0|   16|          16|          16|
    |add_ln58_2578_fu_8387077_p2  |         +|   0|  0|   16|          16|          16|
    |add_ln58_2579_fu_8387083_p2  |         +|   0|  0|   16|          16|          16|
    |add_ln58_2580_fu_8387089_p2  |         +|   0|  0|   21|          14|          14|
    |add_ln58_2581_fu_8387099_p2  |         +|   0|  0|   16|          16|          16|
    |add_ln58_2582_fu_8391161_p2  |         +|   0|  0|   16|          16|          16|
    |add_ln58_2583_fu_8387105_p2  |         +|   0|  0|   20|          13|          13|
    |add_ln58_2584_fu_8387115_p2  |         +|   0|  0|   16|          15|          15|
    |add_ln58_2585_fu_8387121_p2  |         +|   0|  0|   16|          15|          15|
    |add_ln58_2586_fu_8387127_p2  |         +|   0|  0|   23|          16|          16|
    |add_ln58_2587_fu_8387133_p2  |         +|   0|  0|   22|          15|          15|
    |add_ln58_2588_fu_8391171_p2  |         +|   0|  0|   16|          16|          16|
    |add_ln58_2589_fu_8391176_p2  |         +|   0|  0|   16|          16|          16|
    |add_ln58_2590_fu_8391182_p2  |         +|   0|  0|   16|          16|          16|
    |add_ln58_2591_fu_8387139_p2  |         +|   0|  0|   16|          16|          16|
    |add_ln58_2592_fu_8387145_p2  |         +|   0|  0|   22|          15|          15|
    |add_ln58_2593_fu_8387155_p2  |         +|   0|  0|   16|          16|          16|
    |add_ln58_2594_fu_8387161_p2  |         +|   0|  0|   16|          15|          15|
    |add_ln58_2595_fu_8387167_p2  |         +|   0|  0|   21|          14|          14|
    |add_ln58_2596_fu_8387177_p2  |         +|   0|  0|   16|          15|          15|
    |add_ln58_2597_fu_8391191_p2  |         +|   0|  0|   16|          16|          16|
    |add_ln58_2598_fu_8387183_p2  |         +|   0|  0|   23|          16|          16|
    |add_ln58_2599_fu_8387189_p2  |         +|   0|  0|   22|          15|          15|
    |add_ln58_2600_fu_8387199_p2  |         +|   0|  0|   16|          16|          16|
    |add_ln58_2601_fu_8387205_p2  |         +|   0|  0|   21|          14|          14|
    |add_ln58_2602_fu_8387215_p2  |         +|   0|  0|   16|          16|          16|
    |add_ln58_2603_fu_8387221_p2  |         +|   0|  0|   16|          16|          16|
    |add_ln58_2604_fu_8387227_p2  |         +|   0|  0|   16|          16|          16|
    |add_ln58_2605_fu_8391196_p2  |         +|   0|  0|   16|          16|          16|
    |add_ln58_2606_fu_8391201_p2  |         +|   0|  0|   16|          16|          16|
    |add_ln58_2607_fu_8387233_p2  |         +|   0|  0|   23|          16|          16|
    |add_ln58_2608_fu_8391207_p2  |         +|   0|  0|   16|          16|          16|
    |add_ln58_2609_fu_8387239_p2  |         +|   0|  0|   16|          16|          16|
    |add_ln58_2610_fu_8387245_p2  |         +|   0|  0|   23|          16|          16|
    |add_ln58_2611_fu_8387251_p2  |         +|   0|  0|   16|          16|          16|
    |add_ln58_2612_fu_8391212_p2  |         +|   0|  0|   16|          16|          16|
    |add_ln58_2613_fu_8387257_p2  |         +|   0|  0|   23|          16|          16|
    |add_ln58_2614_fu_8387263_p2  |         +|   0|  0|   22|          15|          15|
    |add_ln58_2615_fu_8391220_p2  |         +|   0|  0|   16|          16|          16|
    |add_ln58_2616_fu_8387269_p2  |         +|   0|  0|   21|          14|          14|
    |add_ln58_2617_fu_8387279_p2  |         +|   0|  0|   16|          16|          16|
    |add_ln58_2618_fu_8387285_p2  |         +|   0|  0|   16|          16|          16|
    |add_ln58_2619_fu_8391225_p2  |         +|   0|  0|   16|          16|          16|
    |add_ln58_2620_fu_8391230_p2  |         +|   0|  0|   16|          16|          16|
    |add_ln58_2621_fu_8387291_p2  |         +|   0|  0|   16|          16|          16|
    |add_ln58_2622_fu_8387297_p2  |         +|   0|  0|   23|          16|          16|
    |add_ln58_2623_fu_8387303_p2  |         +|   0|  0|   16|          16|          16|
    |add_ln58_2624_fu_8387309_p2  |         +|   0|  0|   16|          16|          16|
    |add_ln58_2625_fu_8387315_p2  |         +|   0|  0|   22|          15|          15|
    |add_ln58_2626_fu_8387325_p2  |         +|   0|  0|   16|          16|          16|
    |add_ln58_2627_fu_8391236_p2  |         +|   0|  0|   16|          16|          16|
    |add_ln58_2628_fu_8387331_p2  |         +|   0|  0|   18|          11|          11|
    |add_ln58_2629_fu_8387337_p2  |         +|   0|  0|   15|           8|           8|
    |add_ln58_2630_fu_8387347_p2  |         +|   0|  0|   17|          11|          11|
    |add_ln58_2631_fu_8387353_p2  |         +|   0|  0|   14|           7|           6|
    |add_ln58_2632_fu_8387363_p2  |         +|   0|  0|   14|           7|           7|
    |add_ln58_2633_fu_8387373_p2  |         +|   0|  0|   16|           9|           9|
    |add_ln58_2634_fu_8387383_p2  |         +|   0|  0|   17|          11|          11|
    |add_ln58_2635_fu_8391243_p2  |         +|   0|  0|   16|          16|          16|
    |add_ln58_2636_fu_8391249_p2  |         +|   0|  0|   16|          16|          16|
    |add_ln58_2637_fu_8391255_p2  |         +|   0|  0|   16|          16|          16|
    |add_ln58_2638_fu_8387389_p2  |         +|   0|  0|   22|          15|          15|
    |add_ln58_2639_fu_8387399_p2  |         +|   0|  0|   23|          16|          16|
    |add_ln58_2640_fu_8387405_p2  |         +|   0|  0|   22|          15|          15|
    |add_ln58_2641_fu_8387415_p2  |         +|   0|  0|   16|          16|          16|
    |add_ln58_2642_fu_8387421_p2  |         +|   0|  0|   16|          16|          16|
    |add_ln58_2643_fu_8391261_p2  |         +|   0|  0|   16|          16|          16|
    |add_ln58_2644_fu_8387427_p2  |         +|   0|  0|   16|          15|          15|
    |add_ln58_2645_fu_8387433_p2  |         +|   0|  0|   19|          12|          12|
    |add_ln58_2646_fu_8387443_p2  |         +|   0|  0|   16|          15|          15|
    |add_ln58_2647_fu_8387453_p2  |         +|   0|  0|   22|          15|          15|
    |add_ln58_2648_fu_8387463_p2  |         +|   0|  0|   23|          16|          16|
    |add_ln58_2649_fu_8387469_p2  |         +|   0|  0|   16|          16|          16|
    |add_ln58_2650_fu_8387475_p2  |         +|   0|  0|   16|          16|          16|
    |add_ln58_2651_fu_8391265_p2  |         +|   0|  0|   16|          16|          16|
    |add_ln58_2652_fu_8387481_p2  |         +|   0|  0|   16|          16|          16|
    |add_ln58_2653_fu_8387487_p2  |         +|   0|  0|   20|          13|          13|
    |add_ln58_2654_fu_8387497_p2  |         +|   0|  0|   16|          16|          16|
    |add_ln58_2655_fu_8387503_p2  |         +|   0|  0|   16|          16|          16|
    |add_ln58_2656_fu_8387509_p2  |         +|   0|  0|   23|          16|          16|
    |add_ln58_2657_fu_8387515_p2  |         +|   0|  0|   16|          16|          16|
    |add_ln58_2658_fu_8391270_p2  |         +|   0|  0|   16|          16|          16|
    |add_ln58_2659_fu_8387521_p2  |         +|   0|  0|   23|          16|          16|
    |add_ln58_2660_fu_8387527_p2  |         +|   0|  0|   23|          16|          16|
    |add_ln58_2661_fu_8391274_p2  |         +|   0|  0|   16|          16|          16|
    |add_ln58_2662_fu_8387533_p2  |         +|   0|  0|   16|          16|          16|
    |add_ln58_2663_fu_8387539_p2  |         +|   0|  0|   23|          16|          16|
    |add_ln58_2664_fu_8387545_p2  |         +|   0|  0|   16|          16|          16|
    |add_ln58_2665_fu_8391278_p2  |         +|   0|  0|   16|          16|          16|
    |add_ln58_2666_fu_8391283_p2  |         +|   0|  0|   16|          16|          16|
    |add_ln58_2667_fu_8391289_p2  |         +|   0|  0|   16|          16|          16|
    |add_ln58_2668_fu_8387551_p2  |         +|   0|  0|   22|          15|          15|
    |add_ln58_2669_fu_8391298_p2  |         +|   0|  0|   16|          16|          16|
    |add_ln58_2670_fu_8387557_p2  |         +|   0|  0|   16|          16|          16|
    |add_ln58_2671_fu_8387563_p2  |         +|   0|  0|   23|          16|          16|
    |add_ln58_2672_fu_8387569_p2  |         +|   0|  0|   16|          16|          16|
    |add_ln58_2673_fu_8391304_p2  |         +|   0|  0|   16|          16|          16|
    |add_ln58_2674_fu_8387575_p2  |         +|   0|  0|   22|          15|          15|
    |add_ln58_2675_fu_8387581_p2  |         +|   0|  0|   23|          16|          16|
    |add_ln58_2676_fu_8391312_p2  |         +|   0|  0|   16|          16|          16|
    |add_ln58_2677_fu_8387587_p2  |         +|   0|  0|   21|          14|          14|
    |add_ln58_2678_fu_8387597_p2  |         +|   0|  0|   16|          15|          15|
    |add_ln58_2679_fu_8387603_p2  |         +|   0|  0|   16|          15|          15|
    |add_ln58_2680_fu_8391320_p2  |         +|   0|  0|   16|          16|          16|
    |add_ln58_2681_fu_8391326_p2  |         +|   0|  0|   16|          16|          16|
    |add_ln58_2682_fu_8387609_p2  |         +|   0|  0|   21|          14|          14|
    |add_ln58_2683_fu_8387619_p2  |         +|   0|  0|   22|          15|          15|
    |add_ln58_2684_fu_8387629_p2  |         +|   0|  0|   23|          16|          16|
    |add_ln58_2685_fu_8387635_p2  |         +|   0|  0|   21|          14|          14|
    |add_ln58_2686_fu_8387645_p2  |         +|   0|  0|   16|          16|          16|
    |add_ln58_2687_fu_8387651_p2  |         +|   0|  0|   16|          16|          16|
    |add_ln58_2688_fu_8391332_p2  |         +|   0|  0|   16|          16|          16|
    |add_ln58_2689_fu_8387657_p2  |         +|   0|  0|   18|          10|           7|
    |add_ln58_2690_fu_8387663_p2  |         +|   0|  0|   15|           8|           8|
    |add_ln58_2691_fu_8387673_p2  |         +|   0|  0|   18|          10|          10|
    |add_ln58_2692_fu_8387683_p2  |         +|   0|  0|   14|           7|           7|
    |add_ln58_2693_fu_8387693_p2  |         +|   0|  0|   14|           7|           7|
    |add_ln58_2694_fu_8387703_p2  |         +|   0|  0|   15|           8|           8|
    |add_ln58_2695_fu_8387713_p2  |         +|   0|  0|   18|          11|          11|
    |add_ln58_2696_fu_8391339_p2  |         +|   0|  0|   16|          16|          16|
    |add_ln58_2697_fu_8391345_p2  |         +|   0|  0|   16|          16|          16|
    |add_ln58_2698_fu_8391351_p2  |         +|   0|  0|   16|          16|          16|
    |add_ln58_2699_fu_8387719_p2  |         +|   0|  0|   16|          16|          16|
    |add_ln58_2700_fu_8387725_p2  |         +|   0|  0|   16|          16|          16|
    |add_ln58_2701_fu_8387731_p2  |         +|   0|  0|   16|          16|          16|
    |add_ln58_2702_fu_8387737_p2  |         +|   0|  0|   23|          16|          16|
    |add_ln58_2703_fu_8387743_p2  |         +|   0|  0|   16|          16|          16|
    |add_ln58_2704_fu_8391357_p2  |         +|   0|  0|   16|          16|          16|
    |add_ln58_2705_fu_8387749_p2  |         +|   0|  0|   23|          16|          16|
    |add_ln58_2706_fu_8387755_p2  |         +|   0|  0|   23|          16|          16|
    |add_ln58_2707_fu_8387761_p2  |         +|   0|  0|   16|          16|          16|
    |add_ln58_2708_fu_8387767_p2  |         +|   0|  0|   19|          12|          12|
    |add_ln58_2709_fu_8387777_p2  |         +|   0|  0|   16|          14|          14|
    |add_ln58_2710_fu_8387783_p2  |         +|   0|  0|   16|          14|          14|
    |add_ln58_2711_fu_8387793_p2  |         +|   0|  0|   16|          16|          16|
    |add_ln58_2712_fu_8391361_p2  |         +|   0|  0|   16|          16|          16|
    |add_ln58_2713_fu_8387799_p2  |         +|   0|  0|   22|          15|          15|
    |add_ln58_2714_fu_8387809_p2  |         +|   0|  0|   21|          14|          14|
    |add_ln58_2715_fu_8387819_p2  |         +|   0|  0|   23|          16|          16|
    |add_ln58_2716_fu_8387825_p2  |         +|   0|  0|   22|          15|          15|
    |add_ln58_2717_fu_8387835_p2  |         +|   0|  0|   16|          16|          16|
    |add_ln58_2718_fu_8387841_p2  |         +|   0|  0|   16|          16|          16|
    |add_ln58_2719_fu_8391366_p2  |         +|   0|  0|   16|          16|          16|
    |add_ln58_2720_fu_8387847_p2  |         +|   0|  0|   22|          15|          15|
    |add_ln58_2721_fu_8387853_p2  |         +|   0|  0|   21|          14|          14|
    |add_ln58_2722_fu_8391376_p2  |         +|   0|  0|   16|          16|          16|
    |add_ln58_2723_fu_8387859_p2  |         +|   0|  0|   16|          16|          16|
    |add_ln58_2724_fu_8387865_p2  |         +|   0|  0|   22|          15|          15|
    |add_ln58_2725_fu_8387875_p2  |         +|   0|  0|   16|          16|          16|
    |add_ln58_2726_fu_8391382_p2  |         +|   0|  0|   16|          16|          16|
    |add_ln58_2727_fu_8391387_p2  |         +|   0|  0|   16|          16|          16|
    |add_ln58_2728_fu_8391393_p2  |         +|   0|  0|   16|          16|          16|
    |add_ln58_2729_fu_8387881_p2  |         +|   0|  0|   23|          16|          16|
    |add_ln58_2730_fu_8387887_p2  |         +|   0|  0|   22|          15|          15|
    |add_ln58_2731_fu_8391402_p2  |         +|   0|  0|   16|          16|          16|
    |add_ln58_2732_fu_8387893_p2  |         +|   0|  0|   16|          16|          16|
    |add_ln58_2733_fu_8387899_p2  |         +|   0|  0|   22|          15|          15|
    |add_ln58_2734_fu_8387909_p2  |         +|   0|  0|   16|          16|          16|
    |add_ln58_2735_fu_8391407_p2  |         +|   0|  0|   16|          16|          16|
    |add_ln58_2736_fu_8387915_p2  |         +|   0|  0|   23|          16|          16|
    |add_ln58_2737_fu_8387921_p2  |         +|   0|  0|   23|          16|          16|
    |add_ln58_2738_fu_8391412_p2  |         +|   0|  0|   16|          16|          16|
    |add_ln58_2739_fu_8387927_p2  |         +|   0|  0|   22|          15|          15|
    |add_ln58_2740_fu_8387937_p2  |         +|   0|  0|   16|          16|          16|
    |add_ln58_2741_fu_8387943_p2  |         +|   0|  0|   16|          16|          16|
    |add_ln58_2742_fu_8391416_p2  |         +|   0|  0|   16|          16|          16|
    |add_ln58_2743_fu_8391421_p2  |         +|   0|  0|   16|          16|          16|
    |add_ln58_2744_fu_8387949_p2  |         +|   0|  0|   16|          16|          16|
    |add_ln58_2745_fu_8387955_p2  |         +|   0|  0|   21|          14|          14|
    |add_ln58_2746_fu_8387965_p2  |         +|   0|  0|   16|          16|          16|
    |add_ln58_2747_fu_8387971_p2  |         +|   0|  0|   16|          16|          16|
    |add_ln58_2748_fu_8387977_p2  |         +|   0|  0|   15|           8|           8|
    |add_ln58_2749_fu_8387987_p2  |         +|   0|  0|   16|          16|          16|
    |add_ln58_2750_fu_8391427_p2  |         +|   0|  0|   16|          16|          16|
    |add_ln58_2751_fu_8387993_p2  |         +|   0|  0|   15|           8|           8|
    |add_ln58_2752_fu_8388003_p2  |         +|   0|  0|   14|           7|           7|
    |add_ln58_2753_fu_8388013_p2  |         +|   0|  0|   16|           9|           9|
    |add_ln58_2754_fu_8388023_p2  |         +|   0|  0|   14|           7|           7|
    |add_ln58_2755_fu_8388033_p2  |         +|   0|  0|   14|           7|           4|
    |add_ln58_2756_fu_8388043_p2  |         +|   0|  0|   15|           8|           8|
    |add_ln58_2757_fu_8388053_p2  |         +|   0|  0|   17|          10|          10|
    |add_ln58_2758_fu_8391434_p2  |         +|   0|  0|   16|          16|          16|
    |add_ln58_2759_fu_8391440_p2  |         +|   0|  0|   16|          16|          16|
    |add_ln58_2760_fu_8391446_p2  |         +|   0|  0|   16|          16|          16|
    |add_ln58_2761_fu_8388059_p2  |         +|   0|  0|   16|          16|          16|
    |add_ln58_2762_fu_8388065_p2  |         +|   0|  0|   16|          16|          16|
    |add_ln58_2763_fu_8388071_p2  |         +|   0|  0|   22|          15|          15|
    |add_ln58_2764_fu_8388081_p2  |         +|   0|  0|   22|          15|          15|
    |add_ln58_2765_fu_8388091_p2  |         +|   0|  0|   23|          16|          16|
    |add_ln58_2766_fu_8391452_p2  |         +|   0|  0|   16|          16|          16|
    |add_ln58_2767_fu_8388097_p2  |         +|   0|  0|   23|          16|          16|
    |add_ln58_2768_fu_8388103_p2  |         +|   0|  0|   23|          16|          16|
    |add_ln58_2769_fu_8391456_p2  |         +|   0|  0|   16|          16|          16|
    |add_ln58_2770_fu_8388109_p2  |         +|   0|  0|   16|          16|          16|
    |add_ln58_2771_fu_8388115_p2  |         +|   0|  0|   20|          13|          13|
    |add_ln58_2772_fu_8388125_p2  |         +|   0|  0|   16|          16|          16|
    |add_ln58_2773_fu_8391460_p2  |         +|   0|  0|   16|          16|          16|
    |add_ln58_2774_fu_8391465_p2  |         +|   0|  0|   16|          16|          16|
    |add_ln58_2775_fu_8388131_p2  |         +|   0|  0|   16|          16|          16|
    |add_ln58_2776_fu_8388137_p2  |         +|   0|  0|   23|          16|          16|
    |add_ln58_2777_fu_8388143_p2  |         +|   0|  0|   16|          16|          16|
    |add_ln58_2778_fu_8388149_p2  |         +|   0|  0|   22|          15|          15|
    |add_ln58_2779_fu_8388159_p2  |         +|   0|  0|   22|          15|          15|
    |add_ln58_2780_fu_8388169_p2  |         +|   0|  0|   23|          16|          16|
    |add_ln58_2781_fu_8391471_p2  |         +|   0|  0|   16|          16|          16|
    |add_ln58_2782_fu_8388175_p2  |         +|   0|  0|   23|          16|          16|
    |add_ln58_2783_fu_8388181_p2  |         +|   0|  0|   22|          15|          15|
    |add_ln58_2784_fu_8391478_p2  |         +|   0|  0|   16|          16|          16|
    |add_ln58_2785_fu_8388187_p2  |         +|   0|  0|   16|          16|          16|
    |add_ln58_2786_fu_8388193_p2  |         +|   0|  0|   23|          16|          16|
    |add_ln58_2787_fu_8388199_p2  |         +|   0|  0|   16|          16|          16|
    |add_ln58_2788_fu_8391483_p2  |         +|   0|  0|   16|          16|          16|
    |add_ln58_2789_fu_8391488_p2  |         +|   0|  0|   16|          16|          16|
    |add_ln58_2790_fu_8391494_p2  |         +|   0|  0|   16|          16|          16|
    |add_ln58_2791_fu_8388205_p2  |         +|   0|  0|   23|          16|          16|
    |add_ln58_2792_fu_8391500_p2  |         +|   0|  0|   16|          16|          16|
    |add_ln58_2793_fu_8388211_p2  |         +|   0|  0|   16|          15|          15|
    |add_ln58_2794_fu_8388217_p2  |         +|   0|  0|   20|          13|          13|
    |add_ln58_2795_fu_8388227_p2  |         +|   0|  0|   16|          15|          15|
    |add_ln58_2796_fu_8391508_p2  |         +|   0|  0|   16|          16|          16|
    |add_ln58_2797_fu_8388233_p2  |         +|   0|  0|   20|          13|          13|
    |add_ln58_2798_fu_8388243_p2  |         +|   0|  0|   16|          15|          15|
    |add_ln58_2799_fu_8388249_p2  |         +|   0|  0|   16|          15|          15|
    |add_ln58_2800_fu_8388255_p2  |         +|   0|  0|   23|          16|          16|
    |add_ln58_2801_fu_8388261_p2  |         +|   0|  0|   22|          15|          15|
    |add_ln58_2802_fu_8391520_p2  |         +|   0|  0|   16|          16|          16|
    |add_ln58_2803_fu_8391525_p2  |         +|   0|  0|   16|          16|          16|
    |add_ln58_2804_fu_8391531_p2  |         +|   0|  0|   16|          16|          16|
    |add_ln58_2805_fu_8388267_p2  |         +|   0|  0|   22|          15|          15|
    |add_ln58_2806_fu_8388277_p2  |         +|   0|  0|   22|          15|          15|
    |add_ln58_2807_fu_8388287_p2  |         +|   0|  0|   23|          16|          16|
    |add_ln58_2808_fu_8388293_p2  |         +|   0|  0|   19|          12|          12|
    |add_ln58_2809_fu_8388303_p2  |         +|   0|  0|   16|          15|          15|
    |add_ln58_2810_fu_8388309_p2  |         +|   0|  0|   16|          15|          15|
    |add_ln58_2811_fu_8391540_p2  |         +|   0|  0|   16|          16|          16|
    |add_ln58_2812_fu_8388315_p2  |         +|   0|  0|   17|          10|           8|
    |add_ln58_2813_fu_8388325_p2  |         +|   0|  0|   16|           9|           9|
    |add_ln58_2814_fu_8388335_p2  |         +|   0|  0|   17|          11|          11|
    |add_ln58_2815_fu_8388341_p2  |         +|   0|  0|   15|           8|           8|
    |add_ln58_2816_fu_8388351_p2  |         +|   0|  0|   16|           9|           9|
    |add_ln58_2817_fu_8388361_p2  |         +|   0|  0|   17|          11|          11|
    |add_ln58_2818_fu_8391548_p2  |         +|   0|  0|   16|          16|          16|
    |add_ln58_2819_fu_8391554_p2  |         +|   0|  0|   16|          16|          16|
    |add_ln58_2820_fu_8391560_p2  |         +|   0|  0|   16|          16|          16|
    |add_ln58_2821_fu_8388367_p2  |         +|   0|  0|   20|          13|          13|
    |add_ln58_2822_fu_8388377_p2  |         +|   0|  0|   21|          14|          14|
    |add_ln58_2823_fu_8388383_p2  |         +|   0|  0|   21|          14|          14|
    |add_ln58_2824_fu_8388393_p2  |         +|   0|  0|   16|          16|          16|
    |add_ln58_2825_fu_8388399_p2  |         +|   0|  0|   16|          16|          16|
    |add_ln58_2826_fu_8391569_p2  |         +|   0|  0|   16|          16|          16|
    |add_ln58_2827_fu_8388405_p2  |         +|   0|  0|   21|          14|          14|
    |add_ln58_2828_fu_8388411_p2  |         +|   0|  0|   23|          16|          16|
    |add_ln58_2829_fu_8391577_p2  |         +|   0|  0|   16|          16|          16|
    |add_ln58_2830_fu_8388417_p2  |         +|   0|  0|   16|          16|          16|
    |add_ln58_2831_fu_8388423_p2  |         +|   0|  0|   23|          16|          16|
    |add_ln58_2832_fu_8388429_p2  |         +|   0|  0|   16|          16|          16|
    |add_ln58_2833_fu_8391582_p2  |         +|   0|  0|   16|          16|          16|
    |add_ln58_2834_fu_8391587_p2  |         +|   0|  0|   16|          16|          16|
    |add_ln58_2835_fu_8388435_p2  |         +|   0|  0|   16|          16|          16|
    |add_ln58_2836_fu_8388441_p2  |         +|   0|  0|   23|          16|          16|
    |add_ln58_2837_fu_8388447_p2  |         +|   0|  0|   16|          16|          16|
    |add_ln58_2838_fu_8388453_p2  |         +|   0|  0|   22|          15|          15|
    |add_ln58_2839_fu_8388463_p2  |         +|   0|  0|   16|          16|          16|
    |add_ln58_2840_fu_8388469_p2  |         +|   0|  0|   16|          16|          16|
    |add_ln58_2841_fu_8391593_p2  |         +|   0|  0|   16|          16|          16|
    |add_ln58_2842_fu_8388475_p2  |         +|   0|  0|   23|          16|          16|
    |add_ln58_2843_fu_8388481_p2  |         +|   0|  0|   23|          16|          16|
    |add_ln58_2844_fu_8391597_p2  |         +|   0|  0|   16|          16|          16|
    |add_ln58_2845_fu_8388487_p2  |         +|   0|  0|   16|          16|          16|
    |add_ln58_2846_fu_8388493_p2  |         +|   0|  0|   22|          15|          15|
    |add_ln58_2847_fu_8388503_p2  |         +|   0|  0|   16|          16|          16|
    |add_ln58_2848_fu_8391601_p2  |         +|   0|  0|   16|          16|          16|
    |add_ln58_2849_fu_8391606_p2  |         +|   0|  0|   16|          16|          16|
    |add_ln58_2850_fu_8391612_p2  |         +|   0|  0|   16|          16|          16|
    |add_ln58_2851_fu_8388509_p2  |         +|   0|  0|   23|          16|          16|
    |add_ln58_2852_fu_8388515_p2  |         +|   0|  0|   21|          14|          14|
    |add_ln58_2853_fu_8388525_p2  |         +|   0|  0|   16|          16|          16|
    |add_ln58_2854_fu_8388531_p2  |         +|   0|  0|   16|          16|          16|
    |add_ln58_2855_fu_8388537_p2  |         +|   0|  0|   23|          16|          16|
    |add_ln58_2856_fu_8388543_p2  |         +|   0|  0|   16|          16|          16|
    |add_ln58_2857_fu_8388549_p2  |         +|   0|  0|   16|          16|          16|
    |add_ln58_2858_fu_8388555_p2  |         +|   0|  0|   16|          15|          15|
    |add_ln58_2859_fu_8388561_p2  |         +|   0|  0|   18|          11|          11|
    |add_ln58_2860_fu_8388571_p2  |         +|   0|  0|   16|          15|          15|
    |add_ln58_2861_fu_8388581_p2  |         +|   0|  0|   21|          14|          14|
    |add_ln58_2862_fu_8388591_p2  |         +|   0|  0|   23|          16|          16|
    |add_ln58_2863_fu_8388597_p2  |         +|   0|  0|   16|          16|          16|
    |add_ln58_2864_fu_8388603_p2  |         +|   0|  0|   16|          16|          16|
    |add_ln58_2865_fu_8391618_p2  |         +|   0|  0|   16|          16|          16|
    |add_ln58_2866_fu_8388609_p2  |         +|   0|  0|   22|          15|          15|
    |add_ln58_2867_fu_8388619_p2  |         +|   0|  0|   22|          15|          15|
    |add_ln58_2868_fu_8388629_p2  |         +|   0|  0|   23|          16|          16|
    |add_ln58_2869_fu_8388635_p2  |         +|   0|  0|   16|          16|          16|
    |add_ln58_2870_fu_8388641_p2  |         +|   0|  0|   23|          16|          16|
    |add_ln58_2871_fu_8388647_p2  |         +|   0|  0|   16|          16|          16|
    |add_ln58_2872_fu_8391622_p2  |         +|   0|  0|   16|          16|          16|
    |add_ln58_2873_fu_8388653_p2  |         +|   0|  0|   23|          16|          16|
    |add_ln58_2874_fu_8388659_p2  |         +|   0|  0|   21|          14|          14|
    |add_ln58_2875_fu_8388669_p2  |         +|   0|  0|   16|          16|          16|
    |add_ln58_2876_fu_8388675_p2  |         +|   0|  0|   18|           9|           9|
    |add_ln58_2877_fu_8388681_p2  |         +|   0|  0|   14|           7|           3|
    |add_ln58_2878_fu_8388691_p2  |         +|   0|  0|   18|           9|           9|
    |add_ln58_2879_fu_8388701_p2  |         +|   0|  0|   16|          16|          16|
    |add_ln58_2880_fu_8391626_p2  |         +|   0|  0|   16|          16|          16|
    |add_ln58_2881_fu_8391631_p2  |         +|   0|  0|   16|          16|          16|
    |add_ln58_2882_fu_8391637_p2  |         +|   0|  0|   16|          16|          16|
    |add_ln58_943_fu_8378171_p2   |         +|   0|  0|   17|          11|          11|
    |add_ln58_944_fu_8378181_p2   |         +|   0|  0|   22|          15|          15|
    |add_ln58_945_fu_8378187_p2   |         +|   0|  0|   21|          14|          14|
    |add_ln58_946_fu_8378197_p2   |         +|   0|  0|   16|          15|          15|
    |add_ln58_947_fu_8378203_p2   |         +|   0|  0|   16|          15|          15|
    |add_ln58_948_fu_8378209_p2   |         +|   0|  0|   19|          12|          12|
    |add_ln58_949_fu_8378219_p2   |         +|   0|  0|   22|          15|          15|
    |add_ln58_950_fu_8378229_p2   |         +|   0|  0|   23|          16|          16|
    |add_ln58_951_fu_8378235_p2   |         +|   0|  0|   16|          16|          16|
    |add_ln58_952_fu_8378241_p2   |         +|   0|  0|   22|          15|          15|
    |add_ln58_953_fu_8378251_p2   |         +|   0|  0|   16|          16|          16|
    |add_ln58_954_fu_8388740_p2   |         +|   0|  0|   16|          16|          16|
    |add_ln58_955_fu_8388744_p2   |         +|   0|  0|   16|          16|          16|
    |add_ln58_956_fu_8378257_p2   |         +|   0|  0|   18|           9|           9|
    |add_ln58_957_fu_8378263_p2   |         +|   0|  0|   18|           9|           9|
    |add_ln58_958_fu_8378269_p2   |         +|   0|  0|   16|          16|          16|
    |add_ln58_959_fu_8378275_p2   |         +|   0|  0|   22|          15|          15|
    |add_ln58_960_fu_8378285_p2   |         +|   0|  0|   16|          16|          16|
    |add_ln58_961_fu_8388753_p2   |         +|   0|  0|   16|          16|          16|
    |add_ln58_962_fu_8378291_p2   |         +|   0|  0|   17|          10|          10|
    |add_ln58_963_fu_8378301_p2   |         +|   0|  0|   17|          10|          10|
    |add_ln58_964_fu_8378311_p2   |         +|   0|  0|   18|          11|          11|
    |add_ln58_965_fu_8378321_p2   |         +|   0|  0|   23|          16|          16|
    |add_ln58_966_fu_8378327_p2   |         +|   0|  0|   16|           9|           9|
    |add_ln58_967_fu_8378337_p2   |         +|   0|  0|   16|          16|          16|
    |add_ln58_968_fu_8378343_p2   |         +|   0|  0|   16|          16|          16|
    |add_ln58_969_fu_8388758_p2   |         +|   0|  0|   16|          16|          16|
    |add_ln58_970_fu_8388763_p2   |         +|   0|  0|   16|          16|          16|
    |add_ln58_971_fu_8378349_p2   |         +|   0|  0|   23|          16|          16|
    |add_ln58_972_fu_8378355_p2   |         +|   0|  0|   16|          16|          16|
    |add_ln58_973_fu_8378361_p2   |         +|   0|  0|   16|          14|          14|
    |add_ln58_974_fu_8378367_p2   |         +|   0|  0|   17|          10|          10|
    |add_ln58_975_fu_8378377_p2   |         +|   0|  0|   16|          14|          14|
    |add_ln58_976_fu_8378387_p2   |         +|   0|  0|   16|          16|          16|
    |add_ln58_977_fu_8378393_p2   |         +|   0|  0|   23|          16|          16|
    |add_ln58_978_fu_8378399_p2   |         +|   0|  0|   22|          15|          15|
    |add_ln58_979_fu_8388772_p2   |         +|   0|  0|   16|          16|          16|
    |add_ln58_980_fu_8378405_p2   |         +|   0|  0|   20|          13|          13|
    |add_ln58_981_fu_8378415_p2   |         +|   0|  0|   16|          16|          16|
    |add_ln58_982_fu_8378421_p2   |         +|   0|  0|   16|          16|          16|
    |add_ln58_983_fu_8388777_p2   |         +|   0|  0|   16|          16|          16|
    |add_ln58_984_fu_8388782_p2   |         +|   0|  0|   16|          16|          16|
    |add_ln58_985_fu_8378427_p2   |         +|   0|  0|   19|          12|          12|
    |add_ln58_986_fu_8378437_p2   |         +|   0|  0|   20|          13|          13|
    |add_ln58_987_fu_8378443_p2   |         +|   0|  0|   16|          16|          16|
    |add_ln58_988_fu_8378449_p2   |         +|   0|  0|   20|          13|          13|
    |add_ln58_989_fu_8378459_p2   |         +|   0|  0|   16|          16|          16|
    |add_ln58_990_fu_8388790_p2   |         +|   0|  0|   16|          16|          16|
    |add_ln58_991_fu_8378465_p2   |         +|   0|  0|   23|          16|          16|
    |add_ln58_992_fu_8378471_p2   |         +|   0|  0|   17|          10|          10|
    |add_ln58_993_fu_8378481_p2   |         +|   0|  0|   16|          16|          16|
    |add_ln58_994_fu_8378487_p2   |         +|   0|  0|   16|           9|           9|
    |add_ln58_995_fu_8378497_p2   |         +|   0|  0|   15|           8|           5|
    |add_ln58_996_fu_8378507_p2   |         +|   0|  0|   17|          10|          10|
    |add_ln58_997_fu_8378517_p2   |         +|   0|  0|   16|          16|          16|
    |add_ln58_998_fu_8388795_p2   |         +|   0|  0|   16|          16|          16|
    |add_ln58_999_fu_8388800_p2   |         +|   0|  0|   16|          16|          16|
    |add_ln58_fu_8378165_p2       |         +|   0|  0|   17|          11|          11|
    |add_ln73_100_fu_8361220_p2   |         +|   0|  0|   30|          23|          23|
    |add_ln73_101_fu_8361493_p2   |         +|   0|  0|   28|          21|          21|
    |add_ln73_102_fu_8361861_p2   |         +|   0|  0|   27|          20|          20|
    |add_ln73_103_fu_8362207_p2   |         +|   0|  0|   31|          24|          24|
    |add_ln73_104_fu_8362692_p2   |         +|   0|  0|   30|          23|          23|
    |add_ln73_105_fu_8362968_p2   |         +|   0|  0|   31|          24|          24|
    |add_ln73_106_fu_8363034_p2   |         +|   0|  0|   30|          23|          23|
    |add_ln73_107_fu_8363938_p2   |         +|   0|  0|   27|          20|          20|
    |add_ln73_108_fu_8364318_p2   |         +|   0|  0|   31|          24|          24|
    |add_ln73_109_fu_8364476_p2   |         +|   0|  0|   29|          22|          22|
    |add_ln73_110_fu_8365183_p2   |         +|   0|  0|   27|          20|          20|
    |add_ln73_111_fu_8365585_p2   |         +|   0|  0|   31|          24|          24|
    |add_ln73_112_fu_8365621_p2   |         +|   0|  0|   33|          26|          26|
    |add_ln73_113_fu_8365763_p2   |         +|   0|  0|   31|          24|          24|
    |add_ln73_114_fu_8365815_p2   |         +|   0|  0|   32|          25|          25|
    |add_ln73_115_fu_8366347_p2   |         +|   0|  0|   32|          25|          25|
    |add_ln73_116_fu_8366703_p2   |         +|   0|  0|   32|          25|          25|
    |add_ln73_117_fu_8366761_p2   |         +|   0|  0|   30|          23|          23|
    |add_ln73_118_fu_8367925_p2   |         +|   0|  0|   30|          23|          23|
    |add_ln73_119_fu_8367981_p2   |         +|   0|  0|   31|          24|          24|
    |add_ln73_120_fu_8368134_p2   |         +|   0|  0|   31|          24|          24|
    |add_ln73_121_fu_8368452_p2   |         +|   0|  0|   27|          20|          20|
    |add_ln73_122_fu_8368512_p2   |         +|   0|  0|   32|          25|          25|
    |add_ln73_123_fu_8368590_p2   |         +|   0|  0|   31|          24|          24|
    |add_ln73_124_fu_8368795_p2   |         +|   0|  0|   28|          21|          21|
    |add_ln73_125_fu_8368839_p2   |         +|   0|  0|   31|          24|          24|
    |add_ln73_126_fu_8369266_p2   |         +|   0|  0|   27|          20|          20|
    |add_ln73_127_fu_8369416_p2   |         +|   0|  0|   28|          21|          21|
    |add_ln73_128_fu_8370458_p2   |         +|   0|  0|   28|          21|          21|
    |add_ln73_129_fu_8370722_p2   |         +|   0|  0|   27|          20|          20|
    |add_ln73_130_fu_8371102_p2   |         +|   0|  0|   31|          24|          24|
    |add_ln73_131_fu_8371596_p2   |         +|   0|  0|   32|          25|          25|
    |add_ln73_132_fu_8371616_p2   |         +|   0|  0|   28|          21|          21|
    |add_ln73_133_fu_8371752_p2   |         +|   0|  0|   29|          22|          22|
    |add_ln73_134_fu_8371830_p2   |         +|   0|  0|   27|          20|          20|
    |add_ln73_135_fu_8372079_p2   |         +|   0|  0|   29|          22|          22|
    |add_ln73_136_fu_8372263_p2   |         +|   0|  0|   32|          25|          25|
    |add_ln73_137_fu_8372857_p2   |         +|   0|  0|   29|          22|          22|
    |add_ln73_138_fu_8372929_p2   |         +|   0|  0|   29|          22|          22|
    |add_ln73_139_fu_8373798_p2   |         +|   0|  0|   29|          22|          22|
    |add_ln73_140_fu_8374288_p2   |         +|   0|  0|   30|          23|          23|
    |add_ln73_141_fu_8374484_p2   |         +|   0|  0|   29|          22|          22|
    |add_ln73_142_fu_8375273_p2   |         +|   0|  0|   31|          24|          24|
    |add_ln73_143_fu_8375776_p2   |         +|   0|  0|   27|          20|          20|
    |add_ln73_144_fu_8375822_p2   |         +|   0|  0|   30|          23|          23|
    |add_ln73_145_fu_8376489_p2   |         +|   0|  0|   29|          22|          22|
    |add_ln73_146_fu_8377584_p2   |         +|   0|  0|   30|          23|          23|
    |add_ln73_147_fu_8378103_p2   |         +|   0|  0|   32|          25|          25|
    |add_ln73_43_fu_8342203_p2    |         +|   0|  0|   31|          24|          24|
    |add_ln73_44_fu_8342357_p2    |         +|   0|  0|   33|          26|          26|
    |add_ln73_45_fu_8342627_p2    |         +|   0|  0|   27|          20|          20|
    |add_ln73_46_fu_8343173_p2    |         +|   0|  0|   31|          24|          24|
    |add_ln73_47_fu_8343661_p2    |         +|   0|  0|   33|          26|          26|
    |add_ln73_48_fu_8343681_p2    |         +|   0|  0|   27|          20|          20|
    |add_ln73_49_fu_8344558_p2    |         +|   0|  0|   33|          26|          26|
    |add_ln73_50_fu_8344652_p2    |         +|   0|  0|   28|          21|          21|
    |add_ln73_51_fu_8344948_p2    |         +|   0|  0|   27|          20|          20|
    |add_ln73_52_fu_8345395_p2    |         +|   0|  0|   27|          20|          20|
    |add_ln73_53_fu_8346062_p2    |         +|   0|  0|   29|          22|          22|
    |add_ln73_54_fu_8346219_p2    |         +|   0|  0|   29|          22|          22|
    |add_ln73_55_fu_8346377_p2    |         +|   0|  0|   30|          23|          23|
    |add_ln73_56_fu_8346421_p2    |         +|   0|  0|   31|          24|          24|
    |add_ln73_57_fu_8346693_p2    |         +|   0|  0|   31|          24|          24|
    |add_ln73_58_fu_8346871_p2    |         +|   0|  0|   29|          22|          22|
    |add_ln73_59_fu_8347075_p2    |         +|   0|  0|   32|          25|          25|
    |add_ln73_60_fu_8347524_p2    |         +|   0|  0|   32|          25|          25|
    |add_ln73_61_fu_8347788_p2    |         +|   0|  0|   29|          22|          22|
    |add_ln73_62_fu_8348445_p2    |         +|   0|  0|   29|          22|          22|
    |add_ln73_63_fu_8348925_p2    |         +|   0|  0|   27|          20|          20|
    |add_ln73_64_fu_8349495_p2    |         +|   0|  0|   30|          23|          23|
    |add_ln73_65_fu_8349693_p2    |         +|   0|  0|   30|          23|          23|
    |add_ln73_66_fu_8349921_p2    |         +|   0|  0|   33|          26|          26|
    |add_ln73_67_fu_8350005_p2    |         +|   0|  0|   31|          24|          24|
    |add_ln73_68_fu_8350079_p2    |         +|   0|  0|   29|          22|          22|
    |add_ln73_69_fu_8350165_p2    |         +|   0|  0|   27|          20|          20|
    |add_ln73_70_fu_8350686_p2    |         +|   0|  0|   27|          20|          20|
    |add_ln73_71_fu_8350897_p2    |         +|   0|  0|   30|          23|          23|
    |add_ln73_72_fu_8351165_p2    |         +|   0|  0|   28|          21|          21|
    |add_ln73_73_fu_8351329_p2    |         +|   0|  0|   32|          25|          25|
    |add_ln73_74_fu_8351834_p2    |         +|   0|  0|   32|          25|          25|
    |add_ln73_75_fu_8351892_p2    |         +|   0|  0|   32|          25|          25|
    |add_ln73_76_fu_8352034_p2    |         +|   0|  0|   30|          23|          23|
    |add_ln73_77_fu_8352420_p2    |         +|   0|  0|   33|          26|          26|
    |add_ln73_78_fu_8352474_p2    |         +|   0|  0|   32|          25|          25|
    |add_ln73_79_fu_8352808_p2    |         +|   0|  0|   31|          24|          24|
    |add_ln73_80_fu_8353492_p2    |         +|   0|  0|   31|          24|          24|
    |add_ln73_81_fu_8353512_p2    |         +|   0|  0|   29|          22|          22|
    |add_ln73_82_fu_8353568_p2    |         +|   0|  0|   29|          22|          22|
    |add_ln73_83_fu_8353910_p2    |         +|   0|  0|   31|          24|          24|
    |add_ln73_84_fu_8354523_p2    |         +|   0|  0|   33|          26|          26|
    |add_ln73_85_fu_8354601_p2    |         +|   0|  0|   28|          21|          21|
    |add_ln73_86_fu_8354992_p2    |         +|   0|  0|   28|          21|          21|
    |add_ln73_87_fu_8355048_p2    |         +|   0|  0|   30|          23|          23|
    |add_ln73_88_fu_8355714_p2    |         +|   0|  0|   27|          20|          20|
    |add_ln73_89_fu_8355794_p2    |         +|   0|  0|   32|          25|          25|
    |add_ln73_90_fu_8356408_p2    |         +|   0|  0|   32|          25|          25|
    |add_ln73_91_fu_8356754_p2    |         +|   0|  0|   31|          24|          24|
    |add_ln73_92_fu_8357237_p2    |         +|   0|  0|   28|          21|          21|
    |add_ln73_93_fu_8358912_p2    |         +|   0|  0|   30|          23|          23|
    |add_ln73_94_fu_8359106_p2    |         +|   0|  0|   32|          25|          25|
    |add_ln73_95_fu_8359422_p2    |         +|   0|  0|   31|          24|          24|
    |add_ln73_96_fu_8359736_p2    |         +|   0|  0|   28|          21|          21|
    |add_ln73_97_fu_8360111_p2    |         +|   0|  0|   29|          22|          22|
    |add_ln73_98_fu_8360321_p2    |         +|   0|  0|   30|          23|          23|
    |add_ln73_99_fu_8360885_p2    |         +|   0|  0|   28|          21|          21|
    |add_ln73_fu_8342183_p2       |         +|   0|  0|   31|          24|          24|
    |sub_ln73_209_fu_8342275_p2   |         -|   0|  0|   29|          22|          22|
    |sub_ln73_210_fu_8342321_p2   |         -|   0|  0|   27|          20|          20|
    |sub_ln73_211_fu_8342391_p2   |         -|   0|  0|   30|           1|          23|
    |sub_ln73_212_fu_8342423_p2   |         -|   0|  0|   25|           1|          18|
    |sub_ln73_213_fu_8342531_p2   |         -|   0|  0|   22|           1|          22|
    |sub_ln73_214_fu_8342537_p2   |         -|   0|  0|   22|          22|          22|
    |sub_ln73_215_fu_8342561_p2   |         -|   0|  0|   26|          19|          19|
    |sub_ln73_216_fu_8342647_p2   |         -|   0|  0|   24|           1|          24|
    |sub_ln73_217_fu_8342657_p2   |         -|   0|  0|   24|          24|          24|
    |sub_ln73_218_fu_8342857_p2   |         -|   0|  0|   26|           1|          19|
    |sub_ln73_219_fu_8342901_p2   |         -|   0|  0|   29|          22|          22|
    |sub_ln73_220_fu_8343085_p2   |         -|   0|  0|   31|          24|          24|
    |sub_ln73_221_fu_8343229_p2   |         -|   0|  0|   27|          20|          20|
    |sub_ln73_222_fu_8343351_p2   |         -|   0|  0|   26|          19|          19|
    |sub_ln73_223_fu_8343399_p2   |         -|   0|  0|   28|          21|          21|
    |sub_ln73_224_fu_8343431_p2   |         -|   0|  0|   30|           1|          23|
    |sub_ln73_225_fu_8343463_p2   |         -|   0|  0|   30|           1|          23|
    |sub_ln73_226_fu_8343473_p2   |         -|   0|  0|   30|          23|          23|
    |sub_ln73_227_fu_8343505_p2   |         -|   0|  0|   27|          20|          20|
    |sub_ln73_228_fu_8343553_p2   |         -|   0|  0|   26|          19|          19|
    |sub_ln73_229_fu_8343581_p2   |         -|   0|  0|   21|           1|          21|
    |sub_ln73_230_fu_8343587_p2   |         -|   0|  0|   21|          21|          21|
    |sub_ln73_231_fu_8343625_p2   |         -|   0|  0|   25|           1|          18|
    |sub_ln73_232_fu_8343719_p2   |         -|   0|  0|   30|          23|          23|
    |sub_ln73_233_fu_8343753_p2   |         -|   0|  0|   28|           1|          21|
    |sub_ln73_234_fu_8343777_p2   |         -|   0|  0|   24|           1|          24|
    |sub_ln73_235_fu_8343787_p2   |         -|   0|  0|   24|          24|          24|
    |sub_ln73_236_fu_8343807_p2   |         -|   0|  0|   28|          21|          21|
    |sub_ln73_237_fu_8343921_p2   |         -|   0|  0|   26|          19|          19|
    |sub_ln73_238_fu_8343977_p2   |         -|   0|  0|   20|           1|          20|
    |sub_ln73_239_fu_8343983_p2   |         -|   0|  0|   20|          20|          20|
    |sub_ln73_240_fu_8344015_p2   |         -|   0|  0|   28|           1|          21|
    |sub_ln73_241_fu_8344033_p2   |         -|   0|  0|   28|          21|          21|
    |sub_ln73_242_fu_8344057_p2   |         -|   0|  0|   25|           1|          18|
    |sub_ln73_243_fu_8344077_p2   |         -|   0|  0|   28|          21|          21|
    |sub_ln73_244_fu_8344111_p2   |         -|   0|  0|   26|          19|          19|
    |sub_ln73_245_fu_8344205_p2   |         -|   0|  0|   27|          20|          20|
    |sub_ln73_246_fu_8344241_p2   |         -|   0|  0|   31|          24|          24|
    |sub_ln73_247_fu_8344261_p2   |         -|   0|  0|   26|           1|          19|
    |sub_ln73_248_fu_8344369_p2   |         -|   0|  0|   27|           1|          20|
    |sub_ln73_249_fu_8344476_p2   |         -|   0|  0|   26|           1|          19|
    |sub_ln73_250_fu_8344586_p2   |         -|   0|  0|   21|           1|          21|
    |sub_ln73_251_fu_8344604_p2   |         -|   0|  0|   21|          21|          21|
    |sub_ln73_252_fu_8344754_p2   |         -|   0|  0|   29|          22|          22|
    |sub_ln73_253_fu_8344868_p2   |         -|   0|  0|   25|           1|          18|
    |sub_ln73_254_fu_8345051_p2   |         -|   0|  0|   27|          20|          20|
    |sub_ln73_255_fu_8345083_p2   |         -|   0|  0|   26|           1|          19|
    |sub_ln73_256_fu_8345139_p2   |         -|   0|  0|   24|           1|          24|
    |sub_ln73_257_fu_8345149_p2   |         -|   0|  0|   24|          24|          24|
    |sub_ln73_258_fu_8345187_p2   |         -|   0|  0|   25|           1|          18|
    |sub_ln73_259_fu_8345225_p2   |         -|   0|  0|   21|           1|          21|
    |sub_ln73_260_fu_8345235_p2   |         -|   0|  0|   21|          21|          21|
    |sub_ln73_261_fu_8345357_p2   |         -|   0|  0|   27|          20|          20|
    |sub_ln73_262_fu_8345626_p2   |         -|   0|  0|   21|           1|          21|
    |sub_ln73_263_fu_8345644_p2   |         -|   0|  0|   21|          21|          21|
    |sub_ln73_264_fu_8345704_p2   |         -|   0|  0|   28|           1|          21|
    |sub_ln73_265_fu_8345740_p2   |         -|   0|  0|   26|          19|          19|
    |sub_ln73_266_fu_8345772_p2   |         -|   0|  0|   30|          23|          23|
    |sub_ln73_267_fu_8345796_p2   |         -|   0|  0|   25|           1|          18|
    |sub_ln73_268_fu_8345840_p2   |         -|   0|  0|   29|          22|          22|
    |sub_ln73_269_fu_8345876_p2   |         -|   0|  0|   32|          25|          25|
    |sub_ln73_270_fu_8346114_p2   |         -|   0|  0|   20|           1|          20|
    |sub_ln73_271_fu_8346120_p2   |         -|   0|  0|   20|          20|          20|
    |sub_ln73_272_fu_8346239_p2   |         -|   0|  0|   22|           1|          22|
    |sub_ln73_273_fu_8346245_p2   |         -|   0|  0|   22|          22|          22|
    |sub_ln73_274_fu_8346307_p2   |         -|   0|  0|   20|           1|          20|
    |sub_ln73_275_fu_8346313_p2   |         -|   0|  0|   20|          20|          20|
    |sub_ln73_276_fu_8346445_p2   |         -|   0|  0|   26|           1|          19|
    |sub_ln73_277_fu_8346501_p2   |         -|   0|  0|   26|          19|          19|
    |sub_ln73_278_fu_8346597_p2   |         -|   0|  0|   29|          22|          22|
    |sub_ln73_279_fu_8346621_p2   |         -|   0|  0|   25|           1|          18|
    |sub_ln73_280_fu_8346641_p2   |         -|   0|  0|   26|          19|          19|
    |sub_ln73_281_fu_8346713_p2   |         -|   0|  0|   27|          20|          20|
    |sub_ln73_282_fu_8346819_p2   |         -|   0|  0|   28|          21|          21|
    |sub_ln73_283_fu_8346935_p2   |         -|   0|  0|   21|           1|          21|
    |sub_ln73_284_fu_8346941_p2   |         -|   0|  0|   21|          21|          21|
    |sub_ln73_285_fu_8346997_p2   |         -|   0|  0|   27|          20|          20|
    |sub_ln73_286_fu_8347039_p2   |         -|   0|  0|   26|          19|          19|
    |sub_ln73_287_fu_8347109_p2   |         -|   0|  0|   22|           1|          22|
    |sub_ln73_288_fu_8347119_p2   |         -|   0|  0|   22|          22|          22|
    |sub_ln73_289_fu_8347269_p2   |         -|   0|  0|   31|          24|          24|
    |sub_ln73_290_fu_8347305_p2   |         -|   0|  0|   32|          25|          25|
    |sub_ln73_291_fu_8347440_p2   |         -|   0|  0|   27|          20|          20|
    |sub_ln73_292_fu_8347584_p2   |         -|   0|  0|   28|          21|          21|
    |sub_ln73_293_fu_8347614_p2   |         -|   0|  0|   27|          20|          20|
    |sub_ln73_294_fu_8347646_p2   |         -|   0|  0|   26|           1|          19|
    |sub_ln73_295_fu_8347826_p2   |         -|   0|  0|   20|           1|          20|
    |sub_ln73_296_fu_8347832_p2   |         -|   0|  0|   20|          20|          20|
    |sub_ln73_297_fu_8347856_p2   |         -|   0|  0|   25|           1|          18|
    |sub_ln73_298_fu_8347985_p2   |         -|   0|  0|   30|          23|          23|
    |sub_ln73_299_fu_8348045_p2   |         -|   0|  0|   32|           1|          25|
    |sub_ln73_300_fu_8348063_p2   |         -|   0|  0|   32|          25|          25|
    |sub_ln73_301_fu_8348083_p2   |         -|   0|  0|   32|          25|          25|
    |sub_ln73_302_fu_8348119_p2   |         -|   0|  0|   29|          22|          22|
    |sub_ln73_303_fu_8348233_p2   |         -|   0|  0|   23|           1|          23|
    |sub_ln73_304_fu_8348239_p2   |         -|   0|  0|   23|          23|          23|
    |sub_ln73_305_fu_8348285_p2   |         -|   0|  0|   25|           1|          18|
    |sub_ln73_306_fu_8348321_p2   |         -|   0|  0|   26|           1|          19|
    |sub_ln73_307_fu_8348345_p2   |         -|   0|  0|   21|           1|          21|
    |sub_ln73_308_fu_8348355_p2   |         -|   0|  0|   21|          21|          21|
    |sub_ln73_309_fu_8348401_p2   |         -|   0|  0|   22|           1|          22|
    |sub_ln73_310_fu_8348407_p2   |         -|   0|  0|   22|          22|          22|
    |sub_ln73_311_fu_8348483_p2   |         -|   0|  0|   28|          21|          21|
    |sub_ln73_312_fu_8348531_p2   |         -|   0|  0|   30|          23|          23|
    |sub_ln73_313_fu_8348617_p2   |         -|   0|  0|   20|           1|          20|
    |sub_ln73_314_fu_8348623_p2   |         -|   0|  0|   20|          20|          20|
    |sub_ln73_315_fu_8348655_p2   |         -|   0|  0|   22|           1|          22|
    |sub_ln73_316_fu_8348665_p2   |         -|   0|  0|   22|          22|          22|
    |sub_ln73_317_fu_8348697_p2   |         -|   0|  0|   25|           1|          18|
    |sub_ln73_318_fu_8348793_p2   |         -|   0|  0|   29|          22|          22|
    |sub_ln73_319_fu_8348863_p2   |         -|   0|  0|   26|          19|          19|
    |sub_ln73_320_fu_8348959_p2   |         -|   0|  0|   29|          22|          22|
    |sub_ln73_321_fu_8348997_p2   |         -|   0|  0|   29|          22|          22|
    |sub_ln73_322_fu_8349183_p2   |         -|   0|  0|   28|           1|          21|
    |sub_ln73_323_fu_8349239_p2   |         -|   0|  0|   27|          20|          20|
    |sub_ln73_324_fu_8349285_p2   |         -|   0|  0|   28|          21|          21|
    |sub_ln73_325_fu_8349389_p2   |         -|   0|  0|   27|          20|          20|
    |sub_ln73_326_fu_8349425_p2   |         -|   0|  0|   29|          22|          22|
    |sub_ln73_327_fu_8349639_p2   |         -|   0|  0|   20|           1|          20|
    |sub_ln73_328_fu_8349645_p2   |         -|   0|  0|   20|          20|          20|
    |sub_ln73_329_fu_8349741_p2   |         -|   0|  0|   26|          19|          19|
    |sub_ln73_32_fu_8343885_p2    |         -|   0|  0|   24|           1|          17|
    |sub_ln73_330_fu_8349777_p2   |         -|   0|  0|   27|          20|          20|
    |sub_ln73_331_fu_8349827_p2   |         -|   0|  0|   31|          24|          24|
    |sub_ln73_332_fu_8349867_p2   |         -|   0|  0|   26|          19|          19|
    |sub_ln73_333_fu_8349945_p2   |         -|   0|  0|   29|          22|          22|
    |sub_ln73_334_fu_8350029_p2   |         -|   0|  0|   25|           1|          18|
    |sub_ln73_335_fu_8350103_p2   |         -|   0|  0|   28|          21|          21|
    |sub_ln73_336_fu_8350231_p2   |         -|   0|  0|   28|          21|          21|
    |sub_ln73_337_fu_8350384_p2   |         -|   0|  0|   26|           1|          19|
    |sub_ln73_338_fu_8350528_p2   |         -|   0|  0|   27|          20|          20|
    |sub_ln73_339_fu_8350598_p2   |         -|   0|  0|   23|           1|          23|
    |sub_ln73_33_fu_8344812_p2    |         -|   0|  0|   24|           1|          17|
    |sub_ln73_340_fu_8350604_p2   |         -|   0|  0|   23|          23|          23|
    |sub_ln73_341_fu_8350955_p2   |         -|   0|  0|   28|          21|          21|
    |sub_ln73_342_fu_8351007_p2   |         -|   0|  0|   27|           1|          20|
    |sub_ln73_343_fu_8351039_p2   |         -|   0|  0|   25|           1|          18|
    |sub_ln73_344_fu_8351085_p2   |         -|   0|  0|   29|          22|          22|
    |sub_ln73_345_fu_8351123_p2   |         -|   0|  0|   26|          19|          19|
    |sub_ln73_346_fu_8351243_p2   |         -|   0|  0|   30|          23|          23|
    |sub_ln73_347_fu_8351279_p2   |         -|   0|  0|   32|          25|          25|
    |sub_ln73_348_fu_8351544_p2   |         -|   0|  0|   32|          25|          25|
    |sub_ln73_349_fu_8351646_p2   |         -|   0|  0|   21|           1|          21|
    |sub_ln73_34_fu_8345103_p2    |         -|   0|  0|   24|           1|          17|
    |sub_ln73_350_fu_8351652_p2   |         -|   0|  0|   21|          21|          21|
    |sub_ln73_351_fu_8351700_p2   |         -|   0|  0|   27|           1|          20|
    |sub_ln73_352_fu_8351994_p2   |         -|   0|  0|   25|           1|          18|
    |sub_ln73_353_fu_8352122_p2   |         -|   0|  0|   26|          19|          19|
    |sub_ln73_354_fu_8352186_p2   |         -|   0|  0|   28|           1|          21|
    |sub_ln73_355_fu_8352206_p2   |         -|   0|  0|   23|           1|          23|
    |sub_ln73_356_fu_8352216_p2   |         -|   0|  0|   23|          23|          23|
    |sub_ln73_357_fu_8352296_p2   |         -|   0|  0|   20|           1|          20|
    |sub_ln73_358_fu_8352302_p2   |         -|   0|  0|   20|          20|          20|
    |sub_ln73_359_fu_8352510_p2   |         -|   0|  0|   32|          25|          25|
    |sub_ln73_35_fu_8345924_p2    |         -|   0|  0|   24|           1|          17|
    |sub_ln73_360_fu_8352570_p2   |         -|   0|  0|   28|          21|          21|
    |sub_ln73_361_fu_8352636_p2   |         -|   0|  0|   20|           1|          20|
    |sub_ln73_362_fu_8352642_p2   |         -|   0|  0|   20|          20|          20|
    |sub_ln73_363_fu_8352666_p2   |         -|   0|  0|   26|          19|          19|
    |sub_ln73_364_fu_8352748_p2   |         -|   0|  0|   29|          22|          22|
    |sub_ln73_365_fu_8352856_p2   |         -|   0|  0|   25|           1|          25|
    |sub_ln73_366_fu_8352862_p2   |         -|   0|  0|   25|          25|          25|
    |sub_ln73_367_fu_8352942_p2   |         -|   0|  0|   22|           1|          22|
    |sub_ln73_368_fu_8352948_p2   |         -|   0|  0|   22|          22|          22|
    |sub_ln73_369_fu_8353066_p2   |         -|   0|  0|   27|          20|          20|
    |sub_ln73_36_fu_8346961_p2    |         -|   0|  0|   24|           1|          17|
    |sub_ln73_370_fu_8353128_p2   |         -|   0|  0|   27|          20|          20|
    |sub_ln73_371_fu_8353160_p2   |         -|   0|  0|   20|           1|          20|
    |sub_ln73_372_fu_8353166_p2   |         -|   0|  0|   20|          20|          20|
    |sub_ln73_373_fu_8353202_p2   |         -|   0|  0|   22|           1|          22|
    |sub_ln73_374_fu_8353212_p2   |         -|   0|  0|   22|          22|          22|
    |sub_ln73_375_fu_8353294_p2   |         -|   0|  0|   27|           1|          20|
    |sub_ln73_376_fu_8353374_p2   |         -|   0|  0|   21|           1|          21|
    |sub_ln73_377_fu_8353380_p2   |         -|   0|  0|   21|          21|          21|
    |sub_ln73_378_fu_8353460_p2   |         -|   0|  0|   25|           1|          18|
    |sub_ln73_379_fu_8353548_p2   |         -|   0|  0|   31|          24|          24|
    |sub_ln73_37_fu_8347680_p2    |         -|   0|  0|   24|           1|          17|
    |sub_ln73_380_fu_8353676_p2   |         -|   0|  0|   31|          24|          24|
    |sub_ln73_381_fu_8353708_p2   |         -|   0|  0|   27|          20|          20|
    |sub_ln73_382_fu_8353778_p2   |         -|   0|  0|   22|           1|          22|
    |sub_ln73_383_fu_8353796_p2   |         -|   0|  0|   22|          22|          22|
    |sub_ln73_384_fu_8353824_p2   |         -|   0|  0|   28|          21|          21|
    |sub_ln73_385_fu_8353848_p2   |         -|   0|  0|   25|           1|          18|
    |sub_ln73_386_fu_8353976_p2   |         -|   0|  0|   26|          19|          19|
    |sub_ln73_387_fu_8354032_p2   |         -|   0|  0|   31|          24|          24|
    |sub_ln73_388_fu_8354052_p2   |         -|   0|  0|   26|          19|          19|
    |sub_ln73_389_fu_8354104_p2   |         -|   0|  0|   27|          20|          20|
    |sub_ln73_38_fu_8348153_p2    |         -|   0|  0|   24|           1|          17|
    |sub_ln73_390_fu_8354277_p2   |         -|   0|  0|   26|          19|          19|
    |sub_ln73_391_fu_8354349_p2   |         -|   0|  0|   21|           1|          21|
    |sub_ln73_392_fu_8354355_p2   |         -|   0|  0|   21|          21|          21|
    |sub_ln73_393_fu_8354419_p2   |         -|   0|  0|   29|          22|          22|
    |sub_ln73_394_fu_8354487_p2   |         -|   0|  0|   26|          19|          19|
    |sub_ln73_395_fu_8354539_p2   |         -|   0|  0|   26|           1|          19|
    |sub_ln73_396_fu_8354651_p2   |         -|   0|  0|   30|          23|          23|
    |sub_ln73_397_fu_8354675_p2   |         -|   0|  0|   20|           1|          20|
    |sub_ln73_398_fu_8354681_p2   |         -|   0|  0|   20|          20|          20|
    |sub_ln73_399_fu_8354784_p2   |         -|   0|  0|   21|           1|          21|
    |sub_ln73_39_fu_8349203_p2    |         -|   0|  0|   24|           1|          17|
    |sub_ln73_400_fu_8354790_p2   |         -|   0|  0|   21|          21|          21|
    |sub_ln73_401_fu_8354836_p2   |         -|   0|  0|   29|          22|          22|
    |sub_ln73_402_fu_8354912_p2   |         -|   0|  0|   30|          23|          23|
    |sub_ln73_403_fu_8354968_p2   |         -|   0|  0|   25|           1|          18|
    |sub_ln73_404_fu_8355114_p2   |         -|   0|  0|   22|           1|          22|
    |sub_ln73_405_fu_8355124_p2   |         -|   0|  0|   22|          22|          22|
    |sub_ln73_406_fu_8355196_p2   |         -|   0|  0|   30|          23|          23|
    |sub_ln73_407_fu_8355220_p2   |         -|   0|  0|   27|          20|          20|
    |sub_ln73_408_fu_8355258_p2   |         -|   0|  0|   28|          21|          21|
    |sub_ln73_409_fu_8355452_p2   |         -|   0|  0|   25|           1|          18|
    |sub_ln73_40_fu_8349847_p2    |         -|   0|  0|   24|           1|          17|
    |sub_ln73_410_fu_8355526_p2   |         -|   0|  0|   26|           1|          19|
    |sub_ln73_411_fu_8355546_p2   |         -|   0|  0|   26|          19|          19|
    |sub_ln73_412_fu_8355582_p2   |         -|   0|  0|   30|          23|          23|
    |sub_ln73_413_fu_8355618_p2   |         -|   0|  0|   28|          21|          21|
    |sub_ln73_414_fu_8355642_p2   |         -|   0|  0|   24|           1|          24|
    |sub_ln73_415_fu_8355652_p2   |         -|   0|  0|   24|          24|          24|
    |sub_ln73_416_fu_8355750_p2   |         -|   0|  0|   32|          25|          25|
    |sub_ln73_417_fu_8355832_p2   |         -|   0|  0|   22|           1|          22|
    |sub_ln73_418_fu_8355838_p2   |         -|   0|  0|   22|          22|          22|
    |sub_ln73_419_fu_8356020_p2   |         -|   0|  0|   30|          23|          23|
    |sub_ln73_41_fu_8350460_p2    |         -|   0|  0|   24|           1|          17|
    |sub_ln73_420_fu_8356132_p2   |         -|   0|  0|   30|          23|          23|
    |sub_ln73_421_fu_8356254_p2   |         -|   0|  0|   26|           1|          19|
    |sub_ln73_422_fu_8356286_p2   |         -|   0|  0|   23|           1|          23|
    |sub_ln73_423_fu_8356304_p2   |         -|   0|  0|   23|          23|          23|
    |sub_ln73_424_fu_8356328_p2   |         -|   0|  0|   20|           1|          20|
    |sub_ln73_425_fu_8356334_p2   |         -|   0|  0|   20|          20|          20|
    |sub_ln73_426_fu_8356524_p2   |         -|   0|  0|   26|           1|          19|
    |sub_ln73_427_fu_8356604_p2   |         -|   0|  0|   25|           1|          18|
    |sub_ln73_428_fu_8356704_p2   |         -|   0|  0|   30|          23|          23|
    |sub_ln73_429_fu_8356844_p2   |         -|   0|  0|   26|          19|          19|
    |sub_ln73_42_fu_8350975_p2    |         -|   0|  0|   24|           1|          17|
    |sub_ln73_430_fu_8356864_p2   |         -|   0|  0|   26|          19|          19|
    |sub_ln73_431_fu_8356900_p2   |         -|   0|  0|   27|          20|          20|
    |sub_ln73_432_fu_8357067_p2   |         -|   0|  0|   28|          21|          21|
    |sub_ln73_433_fu_8357177_p2   |         -|   0|  0|   25|           1|          18|
    |sub_ln73_434_fu_8357327_p2   |         -|   0|  0|   26|          19|          19|
    |sub_ln73_435_fu_8357363_p2   |         -|   0|  0|   33|          26|          26|
    |sub_ln73_436_fu_8357441_p2   |         -|   0|  0|   26|          19|          19|
    |sub_ln73_437_fu_8357564_p2   |         -|   0|  0|   25|           1|          18|
    |sub_ln73_438_fu_8357610_p2   |         -|   0|  0|   20|           1|          20|
    |sub_ln73_439_fu_8357616_p2   |         -|   0|  0|   20|          20|          20|
    |sub_ln73_43_fu_8351592_p2    |         -|   0|  0|   24|           1|          17|
    |sub_ln73_440_fu_8357664_p2   |         -|   0|  0|   26|          19|          19|
    |sub_ln73_441_fu_8357796_p2   |         -|   0|  0|   31|          24|          24|
    |sub_ln73_442_fu_8357880_p2   |         -|   0|  0|   28|          21|          21|
    |sub_ln73_443_fu_8357956_p2   |         -|   0|  0|   31|          24|          24|
    |sub_ln73_444_fu_8358065_p2   |         -|   0|  0|   26|           1|          26|
    |sub_ln73_445_fu_8358083_p2   |         -|   0|  0|   26|          26|          26|
    |sub_ln73_446_fu_8358195_p2   |         -|   0|  0|   25|           1|          18|
    |sub_ln73_447_fu_8358241_p2   |         -|   0|  0|   29|          22|          22|
    |sub_ln73_448_fu_8358319_p2   |         -|   0|  0|   30|          23|          23|
    |sub_ln73_449_fu_8358431_p2   |         -|   0|  0|   31|          24|          24|
    |sub_ln73_44_fu_8352054_p2    |         -|   0|  0|   24|           1|          17|
    |sub_ln73_450_fu_8358479_p2   |         -|   0|  0|   23|           1|          23|
    |sub_ln73_451_fu_8358485_p2   |         -|   0|  0|   23|          23|          23|
    |sub_ln73_452_fu_8358531_p2   |         -|   0|  0|   26|          19|          19|
    |sub_ln73_453_fu_8358605_p2   |         -|   0|  0|   28|           1|          21|
    |sub_ln73_454_fu_8358694_p2   |         -|   0|  0|   21|           1|          21|
    |sub_ln73_455_fu_8358712_p2   |         -|   0|  0|   21|          21|          21|
    |sub_ln73_456_fu_8358820_p2   |         -|   0|  0|   26|          19|          19|
    |sub_ln73_457_fu_8358866_p2   |         -|   0|  0|   24|           1|          24|
    |sub_ln73_458_fu_8358876_p2   |         -|   0|  0|   24|          24|          24|
    |sub_ln73_459_fu_8358944_p2   |         -|   0|  0|   31|          24|          24|
    |sub_ln73_45_fu_8353246_p2    |         -|   0|  0|   24|           1|          17|
    |sub_ln73_460_fu_8358992_p2   |         -|   0|  0|   26|          19|          19|
    |sub_ln73_461_fu_8359016_p2   |         -|   0|  0|   25|           1|          18|
    |sub_ln73_462_fu_8359036_p2   |         -|   0|  0|   26|           1|          19|
    |sub_ln73_463_fu_8359138_p2   |         -|   0|  0|   28|          21|          21|
    |sub_ln73_464_fu_8359166_p2   |         -|   0|  0|   30|          23|          23|
    |sub_ln73_465_fu_8359206_p2   |         -|   0|  0|   30|          23|          23|
    |sub_ln73_466_fu_8359454_p2   |         -|   0|  0|   25|           1|          18|
    |sub_ln73_467_fu_8359500_p2   |         -|   0|  0|   26|          19|          19|
    |sub_ln73_468_fu_8359532_p2   |         -|   0|  0|   27|          20|          20|
    |sub_ln73_469_fu_8359580_p2   |         -|   0|  0|   26|           1|          19|
    |sub_ln73_46_fu_8353728_p2    |         -|   0|  0|   24|           1|          17|
    |sub_ln73_470_fu_8359642_p2   |         -|   0|  0|   26|          19|          19|
    |sub_ln73_471_fu_8359688_p2   |         -|   0|  0|   25|           1|          25|
    |sub_ln73_472_fu_8359694_p2   |         -|   0|  0|   25|          25|          25|
    |sub_ln73_473_fu_8359768_p2   |         -|   0|  0|   28|          21|          21|
    |sub_ln73_474_fu_8359873_p2   |         -|   0|  0|   26|          19|          19|
    |sub_ln73_475_fu_8359933_p2   |         -|   0|  0|   25|           1|          18|
    |sub_ln73_476_fu_8359979_p2   |         -|   0|  0|   21|           1|          21|
    |sub_ln73_477_fu_8359985_p2   |         -|   0|  0|   21|          21|          21|
    |sub_ln73_478_fu_8360013_p2   |         -|   0|  0|   27|          20|          20|
    |sub_ln73_479_fu_8360033_p2   |         -|   0|  0|   26|          19|          19|
    |sub_ln73_47_fu_8354439_p2    |         -|   0|  0|   24|           1|          17|
    |sub_ln73_480_fu_8360289_p2   |         -|   0|  0|   28|          21|          21|
    |sub_ln73_481_fu_8360575_p2   |         -|   0|  0|   26|          19|          19|
    |sub_ln73_482_fu_8360623_p2   |         -|   0|  0|   27|          20|          20|
    |sub_ln73_483_fu_8360659_p2   |         -|   0|  0|   29|          22|          22|
    |sub_ln73_484_fu_8360693_p2   |         -|   0|  0|   26|          19|          19|
    |sub_ln73_485_fu_8360811_p2   |         -|   0|  0|   25|           1|          18|
    |sub_ln73_486_fu_8360847_p2   |         -|   0|  0|   30|          23|          23|
    |sub_ln73_487_fu_8360974_p2   |         -|   0|  0|   26|           1|          19|
    |sub_ln73_488_fu_8361006_p2   |         -|   0|  0|   25|           1|          18|
    |sub_ln73_489_fu_8361108_p2   |         -|   0|  0|   26|          19|          19|
    |sub_ln73_48_fu_8354932_p2    |         -|   0|  0|   24|           1|          17|
    |sub_ln73_490_fu_8361184_p2   |         -|   0|  0|   26|          19|          19|
    |sub_ln73_491_fu_8361364_p2   |         -|   0|  0|   28|           1|          21|
    |sub_ln73_492_fu_8361517_p2   |         -|   0|  0|   25|           1|          18|
    |sub_ln73_493_fu_8361569_p2   |         -|   0|  0|   21|           1|          21|
    |sub_ln73_494_fu_8361575_p2   |         -|   0|  0|   21|          21|          21|
    |sub_ln73_495_fu_8361607_p2   |         -|   0|  0|   32|           1|          25|
    |sub_ln73_496_fu_8361625_p2   |         -|   0|  0|   32|          25|          25|
    |sub_ln73_497_fu_8361667_p2   |         -|   0|  0|   31|          24|          24|
    |sub_ln73_498_fu_8361713_p2   |         -|   0|  0|   26|          19|          19|
    |sub_ln73_499_fu_8361747_p2   |         -|   0|  0|   26|          19|          19|
    |sub_ln73_49_fu_8355672_p2    |         -|   0|  0|   24|           1|          17|
    |sub_ln73_500_fu_8361817_p2   |         -|   0|  0|   32|          25|          25|
    |sub_ln73_501_fu_8362069_p2   |         -|   0|  0|   26|          19|          19|
    |sub_ln73_502_fu_8362139_p2   |         -|   0|  0|   20|           1|          20|
    |sub_ln73_503_fu_8362145_p2   |         -|   0|  0|   20|          20|          20|
    |sub_ln73_504_fu_8362241_p2   |         -|   0|  0|   26|          19|          19|
    |sub_ln73_505_fu_8362281_p2   |         -|   0|  0|   28|          21|          21|
    |sub_ln73_506_fu_8362319_p2   |         -|   0|  0|   25|           1|          18|
    |sub_ln73_507_fu_8362351_p2   |         -|   0|  0|   21|           1|          21|
    |sub_ln73_508_fu_8362361_p2   |         -|   0|  0|   21|          21|          21|
    |sub_ln73_509_fu_8362399_p2   |         -|   0|  0|   30|          23|          23|
    |sub_ln73_50_fu_8356668_p2    |         -|   0|  0|   24|           1|          17|
    |sub_ln73_510_fu_8362522_p2   |         -|   0|  0|   25|           1|          18|
    |sub_ln73_511_fu_8362614_p2   |         -|   0|  0|   27|          20|          20|
    |sub_ln73_512_fu_8362646_p2   |         -|   0|  0|   26|           1|          19|
    |sub_ln73_513_fu_8362728_p2   |         -|   0|  0|   28|          21|          21|
    |sub_ln73_514_fu_8362816_p2   |         -|   0|  0|   30|          23|          23|
    |sub_ln73_515_fu_8363054_p2   |         -|   0|  0|   30|           1|          23|
    |sub_ln73_516_fu_8363148_p2   |         -|   0|  0|   28|          21|          21|
    |sub_ln73_517_fu_8363180_p2   |         -|   0|  0|   30|           1|          23|
    |sub_ln73_518_fu_8363190_p2   |         -|   0|  0|   30|          23|          23|
    |sub_ln73_519_fu_8363274_p2   |         -|   0|  0|   30|          23|          23|
    |sub_ln73_51_fu_8357257_p2    |         -|   0|  0|   24|           1|          17|
    |sub_ln73_520_fu_8363484_p2   |         -|   0|  0|   29|          22|          22|
    |sub_ln73_521_fu_8363516_p2   |         -|   0|  0|   25|           1|          18|
    |sub_ln73_522_fu_8363794_p2   |         -|   0|  0|   20|           1|          20|
    |sub_ln73_523_fu_8363800_p2   |         -|   0|  0|   20|          20|          20|
    |sub_ln73_524_fu_8364150_p2   |         -|   0|  0|   25|           1|          18|
    |sub_ln73_525_fu_8364182_p2   |         -|   0|  0|   28|           1|          21|
    |sub_ln73_526_fu_8364264_p2   |         -|   0|  0|   26|           1|          19|
    |sub_ln73_527_fu_8364342_p2   |         -|   0|  0|   20|           1|          20|
    |sub_ln73_528_fu_8364348_p2   |         -|   0|  0|   20|          20|          20|
    |sub_ln73_529_fu_8364448_p2   |         -|   0|  0|   26|          19|          19|
    |sub_ln73_52_fu_8359186_p2    |         -|   0|  0|   24|           1|          17|
    |sub_ln73_530_fu_8364512_p2   |         -|   0|  0|   27|          20|          20|
    |sub_ln73_531_fu_8364592_p2   |         -|   0|  0|   30|          23|          23|
    |sub_ln73_532_fu_8364612_p2   |         -|   0|  0|   27|           1|          20|
    |sub_ln73_533_fu_8364701_p2   |         -|   0|  0|   27|          20|          20|
    |sub_ln73_534_fu_8364747_p2   |         -|   0|  0|   26|          19|          19|
    |sub_ln73_535_fu_8364795_p2   |         -|   0|  0|   26|          19|          19|
    |sub_ln73_536_fu_8364869_p2   |         -|   0|  0|   25|           1|          18|
    |sub_ln73_537_fu_8364943_p2   |         -|   0|  0|   30|          23|          23|
    |sub_ln73_538_fu_8365009_p2   |         -|   0|  0|   27|          20|          20|
    |sub_ln73_539_fu_8365051_p2   |         -|   0|  0|   29|          22|          22|
    |sub_ln73_53_fu_8359322_p2    |         -|   0|  0|   24|           1|          17|
    |sub_ln73_540_fu_8365099_p2   |         -|   0|  0|   29|           1|          22|
    |sub_ln73_541_fu_8365159_p2   |         -|   0|  0|   31|          24|          24|
    |sub_ln73_542_fu_8365231_p2   |         -|   0|  0|   31|          24|          24|
    |sub_ln73_543_fu_8365331_p2   |         -|   0|  0|   26|          19|          19|
    |sub_ln73_544_fu_8365367_p2   |         -|   0|  0|   24|           1|          24|
    |sub_ln73_545_fu_8365385_p2   |         -|   0|  0|   24|          24|          24|
    |sub_ln73_546_fu_8365459_p2   |         -|   0|  0|   31|          24|          24|
    |sub_ln73_547_fu_8365479_p2   |         -|   0|  0|   26|          19|          19|
    |sub_ln73_548_fu_8365515_p2   |         -|   0|  0|   27|          20|          20|
    |sub_ln73_549_fu_8365561_p2   |         -|   0|  0|   28|          21|          21|
    |sub_ln73_54_fu_8360131_p2    |         -|   0|  0|   24|           1|          17|
    |sub_ln73_550_fu_8365787_p2   |         -|   0|  0|   25|           1|          18|
    |sub_ln73_551_fu_8365917_p2   |         -|   0|  0|   32|           1|          25|
    |sub_ln73_552_fu_8366003_p2   |         -|   0|  0|   29|          22|          22|
    |sub_ln73_553_fu_8366035_p2   |         -|   0|  0|   28|          21|          21|
    |sub_ln73_554_fu_8366059_p2   |         -|   0|  0|   26|           1|          19|
    |sub_ln73_555_fu_8366157_p2   |         -|   0|  0|   25|           1|          18|
    |sub_ln73_556_fu_8366223_p2   |         -|   0|  0|   20|           1|          20|
    |sub_ln73_557_fu_8366229_p2   |         -|   0|  0|   20|          20|          20|
    |sub_ln73_558_fu_8366275_p2   |         -|   0|  0|   25|           1|          25|
    |sub_ln73_559_fu_8366285_p2   |         -|   0|  0|   25|          25|          25|
    |sub_ln73_55_fu_8360759_p2    |         -|   0|  0|   24|           1|          17|
    |sub_ln73_560_fu_8366371_p2   |         -|   0|  0|   28|          21|          21|
    |sub_ln73_561_fu_8366443_p2   |         -|   0|  0|   26|          19|          19|
    |sub_ln73_562_fu_8366543_p2   |         -|   0|  0|   26|          19|          19|
    |sub_ln73_563_fu_8366631_p2   |         -|   0|  0|   27|          20|          20|
    |sub_ln73_564_fu_8366785_p2   |         -|   0|  0|   25|           1|          18|
    |sub_ln73_565_fu_8366821_p2   |         -|   0|  0|   24|           1|          24|
    |sub_ln73_566_fu_8366827_p2   |         -|   0|  0|   24|          24|          24|
    |sub_ln73_567_fu_8366883_p2   |         -|   0|  0|   29|          22|          22|
    |sub_ln73_568_fu_8366931_p2   |         -|   0|  0|   22|           1|          22|
    |sub_ln73_569_fu_8366941_p2   |         -|   0|  0|   22|          22|          22|
    |sub_ln73_56_fu_8361048_p2    |         -|   0|  0|   24|           1|          17|
    |sub_ln73_570_fu_8367170_p2   |         -|   0|  0|   25|           1|          18|
    |sub_ln73_571_fu_8367222_p2   |         -|   0|  0|   31|          24|          24|
    |sub_ln73_572_fu_8367310_p2   |         -|   0|  0|   29|          22|          22|
    |sub_ln73_573_fu_8367380_p2   |         -|   0|  0|   26|           1|          19|
    |sub_ln73_574_fu_8367430_p2   |         -|   0|  0|   27|          20|          20|
    |sub_ln73_575_fu_8367450_p2   |         -|   0|  0|   26|          19|          19|
    |sub_ln73_576_fu_8367533_p2   |         -|   0|  0|   26|          19|          19|
    |sub_ln73_577_fu_8367599_p2   |         -|   0|  0|   27|          20|          20|
    |sub_ln73_578_fu_8367659_p2   |         -|   0|  0|   22|           1|          22|
    |sub_ln73_579_fu_8367665_p2   |         -|   0|  0|   22|          22|          22|
    |sub_ln73_57_fu_8362029_p2    |         -|   0|  0|   24|           1|          17|
    |sub_ln73_580_fu_8367703_p2   |         -|   0|  0|   28|           1|          21|
    |sub_ln73_581_fu_8367741_p2   |         -|   0|  0|   25|           1|          18|
    |sub_ln73_582_fu_8367851_p2   |         -|   0|  0|   30|          23|          23|
    |sub_ln73_583_fu_8368005_p2   |         -|   0|  0|   20|           1|          20|
    |sub_ln73_584_fu_8368011_p2   |         -|   0|  0|   20|          20|          20|
    |sub_ln73_585_fu_8368094_p2   |         -|   0|  0|   26|          19|          19|
    |sub_ln73_586_fu_8368178_p2   |         -|   0|  0|   31|          24|          24|
    |sub_ln73_587_fu_8368312_p2   |         -|   0|  0|   30|          23|          23|
    |sub_ln73_588_fu_8368346_p2   |         -|   0|  0|   26|           1|          19|
    |sub_ln73_589_fu_8368414_p2   |         -|   0|  0|   27|          20|          20|
    |sub_ln73_58_fu_8362906_p2    |         -|   0|  0|   24|           1|          17|
    |sub_ln73_590_fu_8368476_p2   |         -|   0|  0|   31|          24|          24|
    |sub_ln73_591_fu_8368532_p2   |         -|   0|  0|   27|          20|          20|
    |sub_ln73_592_fu_8368570_p2   |         -|   0|  0|   29|           1|          22|
    |sub_ln73_593_fu_8368614_p2   |         -|   0|  0|   29|          22|          22|
    |sub_ln73_594_fu_8368717_p2   |         -|   0|  0|   28|          21|          21|
    |sub_ln73_595_fu_8368985_p2   |         -|   0|  0|   26|          19|          19|
    |sub_ln73_596_fu_8369009_p2   |         -|   0|  0|   25|           1|          18|
    |sub_ln73_597_fu_8369043_p2   |         -|   0|  0|   26|           1|          19|
    |sub_ln73_598_fu_8369119_p2   |         -|   0|  0|   24|           1|          24|
    |sub_ln73_599_fu_8369129_p2   |         -|   0|  0|   24|          24|          24|
    |sub_ln73_59_fu_8363536_p2    |         -|   0|  0|   24|           1|          17|
    |sub_ln73_600_fu_8369302_p2   |         -|   0|  0|   27|           1|          20|
    |sub_ln73_601_fu_8369340_p2   |         -|   0|  0|   26|          19|          19|
    |sub_ln73_602_fu_8369360_p2   |         -|   0|  0|   26|           1|          19|
    |sub_ln73_603_fu_8369392_p2   |         -|   0|  0|   25|           1|          18|
    |sub_ln73_604_fu_8369492_p2   |         -|   0|  0|   20|           1|          20|
    |sub_ln73_605_fu_8369498_p2   |         -|   0|  0|   20|          20|          20|
    |sub_ln73_606_fu_8369534_p2   |         -|   0|  0|   29|          22|          22|
    |sub_ln73_607_fu_8369554_p2   |         -|   0|  0|   29|          22|          22|
    |sub_ln73_608_fu_8369728_p2   |         -|   0|  0|   26|          19|          19|
    |sub_ln73_609_fu_8369921_p2   |         -|   0|  0|   23|           1|          23|
    |sub_ln73_60_fu_8363982_p2    |         -|   0|  0|   24|           1|          17|
    |sub_ln73_610_fu_8369939_p2   |         -|   0|  0|   23|          23|          23|
    |sub_ln73_611_fu_8369971_p2   |         -|   0|  0|   27|          20|          20|
    |sub_ln73_612_fu_8370027_p2   |         -|   0|  0|   25|           1|          18|
    |sub_ln73_613_fu_8370237_p2   |         -|   0|  0|   21|           1|          21|
    |sub_ln73_614_fu_8370243_p2   |         -|   0|  0|   21|          21|          21|
    |sub_ln73_615_fu_8370263_p2   |         -|   0|  0|   27|          20|          20|
    |sub_ln73_616_fu_8370348_p2   |         -|   0|  0|   27|          20|          20|
    |sub_ln73_617_fu_8370380_p2   |         -|   0|  0|   27|          20|          20|
    |sub_ln73_618_fu_8370422_p2   |         -|   0|  0|   25|           1|          18|
    |sub_ln73_619_fu_8370528_p2   |         -|   0|  0|   29|           1|          22|
    |sub_ln73_61_fu_8364424_p2    |         -|   0|  0|   24|           1|          17|
    |sub_ln73_620_fu_8370560_p2   |         -|   0|  0|   26|          19|          19|
    |sub_ln73_621_fu_8370602_p2   |         -|   0|  0|   23|           1|          23|
    |sub_ln73_622_fu_8370608_p2   |         -|   0|  0|   23|          23|          23|
    |sub_ln73_623_fu_8370670_p2   |         -|   0|  0|   29|          22|          22|
    |sub_ln73_624_fu_8370844_p2   |         -|   0|  0|   27|          20|          20|
    |sub_ln73_625_fu_8370882_p2   |         -|   0|  0|   21|           1|          21|
    |sub_ln73_626_fu_8370892_p2   |         -|   0|  0|   21|          21|          21|
    |sub_ln73_627_fu_8370938_p2   |         -|   0|  0|   23|           1|          23|
    |sub_ln73_628_fu_8370948_p2   |         -|   0|  0|   23|          23|          23|
    |sub_ln73_629_fu_8371162_p2   |         -|   0|  0|   26|           1|          19|
    |sub_ln73_62_fu_8364893_p2    |         -|   0|  0|   24|           1|          17|
    |sub_ln73_630_fu_8371270_p2   |         -|   0|  0|   25|           1|          18|
    |sub_ln73_631_fu_8371298_p2   |         -|   0|  0|   29|          22|          22|
    |sub_ln73_632_fu_8371394_p2   |         -|   0|  0|   28|           1|          21|
    |sub_ln73_633_fu_8371400_p2   |         -|   0|  0|   28|          21|          21|
    |sub_ln73_634_fu_8371502_p2   |         -|   0|  0|   28|          21|          21|
    |sub_ln73_635_fu_8371546_p2   |         -|   0|  0|   28|          21|          21|
    |sub_ln73_636_fu_8371678_p2   |         -|   0|  0|   26|          19|          19|
    |sub_ln73_637_fu_8371714_p2   |         -|   0|  0|   30|          23|          23|
    |sub_ln73_638_fu_8371800_p2   |         -|   0|  0|   22|           1|          22|
    |sub_ln73_639_fu_8371806_p2   |         -|   0|  0|   22|          22|          22|
    |sub_ln73_63_fu_8365651_p2    |         -|   0|  0|   24|           1|          17|
    |sub_ln73_640_fu_8372019_p2   |         -|   0|  0|   32|          25|          25|
    |sub_ln73_641_fu_8372135_p2   |         -|   0|  0|   28|          21|          21|
    |sub_ln73_642_fu_8372329_p2   |         -|   0|  0|   32|          25|          25|
    |sub_ln73_643_fu_8372413_p2   |         -|   0|  0|   31|          24|          24|
    |sub_ln73_644_fu_8372575_p2   |         -|   0|  0|   22|           1|          22|
    |sub_ln73_645_fu_8372581_p2   |         -|   0|  0|   22|          22|          22|
    |sub_ln73_646_fu_8372739_p2   |         -|   0|  0|   26|          19|          19|
    |sub_ln73_647_fu_8373074_p2   |         -|   0|  0|   27|          20|          20|
    |sub_ln73_648_fu_8373102_p2   |         -|   0|  0|   21|           1|          21|
    |sub_ln73_649_fu_8373108_p2   |         -|   0|  0|   21|          21|          21|
    |sub_ln73_64_fu_8365885_p2    |         -|   0|  0|   24|           1|          17|
    |sub_ln73_650_fu_8373210_p2   |         -|   0|  0|   26|          19|          19|
    |sub_ln73_651_fu_8373264_p2   |         -|   0|  0|   32|          25|          25|
    |sub_ln73_652_fu_8373314_p2   |         -|   0|  0|   29|          22|          22|
    |sub_ln73_653_fu_8373352_p2   |         -|   0|  0|   23|           1|          23|
    |sub_ln73_654_fu_8373362_p2   |         -|   0|  0|   23|          23|          23|
    |sub_ln73_655_fu_8373400_p2   |         -|   0|  0|   20|           1|          20|
    |sub_ln73_656_fu_8373406_p2   |         -|   0|  0|   20|          20|          20|
    |sub_ln73_657_fu_8373554_p2   |         -|   0|  0|   31|          24|          24|
    |sub_ln73_658_fu_8373700_p2   |         -|   0|  0|   29|          22|          22|
    |sub_ln73_659_fu_8373832_p2   |         -|   0|  0|   26|          19|          19|
    |sub_ln73_65_fu_8367106_p2    |         -|   0|  0|   24|           1|          17|
    |sub_ln73_660_fu_8373976_p2   |         -|   0|  0|   27|           1|          20|
    |sub_ln73_661_fu_8374022_p2   |         -|   0|  0|   24|           1|          24|
    |sub_ln73_662_fu_8374032_p2   |         -|   0|  0|   24|          24|          24|
    |sub_ln73_663_fu_8374124_p2   |         -|   0|  0|   30|          23|          23|
    |sub_ln73_664_fu_8374176_p2   |         -|   0|  0|   21|           1|          21|
    |sub_ln73_665_fu_8374186_p2   |         -|   0|  0|   21|          21|          21|
    |sub_ln73_666_fu_8374368_p2   |         -|   0|  0|   22|           1|          22|
    |sub_ln73_667_fu_8374386_p2   |         -|   0|  0|   22|          22|          22|
    |sub_ln73_668_fu_8374422_p2   |         -|   0|  0|   32|          25|          25|
    |sub_ln73_669_fu_8374550_p2   |         -|   0|  0|   25|           1|          18|
    |sub_ln73_66_fu_8368268_p2    |         -|   0|  0|   24|           1|          17|
    |sub_ln73_670_fu_8374582_p2   |         -|   0|  0|   27|          20|          20|
    |sub_ln73_671_fu_8374654_p2   |         -|   0|  0|   32|          25|          25|
    |sub_ln73_672_fu_8374857_p2   |         -|   0|  0|   21|           1|          21|
    |sub_ln73_673_fu_8374875_p2   |         -|   0|  0|   21|          21|          21|
    |sub_ln73_674_fu_8374899_p2   |         -|   0|  0|   25|           1|          18|
    |sub_ln73_675_fu_8374941_p2   |         -|   0|  0|   27|          20|          20|
    |sub_ln73_676_fu_8375035_p2   |         -|   0|  0|   20|           1|          20|
    |sub_ln73_677_fu_8375041_p2   |         -|   0|  0|   20|          20|          20|
    |sub_ln73_678_fu_8375085_p2   |         -|   0|  0|   26|           1|          19|
    |sub_ln73_679_fu_8375179_p2   |         -|   0|  0|   22|           1|          22|
    |sub_ln73_67_fu_8368901_p2    |         -|   0|  0|   24|           1|          17|
    |sub_ln73_680_fu_8375189_p2   |         -|   0|  0|   22|          22|          22|
    |sub_ln73_681_fu_8375297_p2   |         -|   0|  0|   28|           1|          21|
    |sub_ln73_682_fu_8375436_p2   |         -|   0|  0|   26|          19|          19|
    |sub_ln73_683_fu_8375510_p2   |         -|   0|  0|   27|           1|          20|
    |sub_ln73_684_fu_8375562_p2   |         -|   0|  0|   20|           1|          20|
    |sub_ln73_685_fu_8375568_p2   |         -|   0|  0|   20|          20|          20|
    |sub_ln73_686_fu_8375628_p2   |         -|   0|  0|   28|          21|          21|
    |sub_ln73_687_fu_8375708_p2   |         -|   0|  0|   25|           1|          18|
    |sub_ln73_688_fu_8375742_p2   |         -|   0|  0|   26|           1|          19|
    |sub_ln73_689_fu_8375868_p2   |         -|   0|  0|   31|           1|          24|
    |sub_ln73_68_fu_8369450_p2    |         -|   0|  0|   24|           1|          17|
    |sub_ln73_690_fu_8375878_p2   |         -|   0|  0|   31|          24|          24|
    |sub_ln73_691_fu_8375944_p2   |         -|   0|  0|   31|          24|          24|
    |sub_ln73_692_fu_8376063_p2   |         -|   0|  0|   26|          19|          19|
    |sub_ln73_693_fu_8376133_p2   |         -|   0|  0|   27|           1|          20|
    |sub_ln73_694_fu_8376165_p2   |         -|   0|  0|   25|           1|          18|
    |sub_ln73_695_fu_8376211_p2   |         -|   0|  0|   30|          23|          23|
    |sub_ln73_696_fu_8376305_p2   |         -|   0|  0|   30|          23|          23|
    |sub_ln73_697_fu_8376367_p2   |         -|   0|  0|   22|           1|          22|
    |sub_ln73_698_fu_8376377_p2   |         -|   0|  0|   22|          22|          22|
    |sub_ln73_699_fu_8376413_p2   |         -|   0|  0|   29|          22|          22|
    |sub_ln73_69_fu_8369837_p2    |         -|   0|  0|   24|           1|          17|
    |sub_ln73_700_fu_8376631_p2   |         -|   0|  0|   28|          21|          21|
    |sub_ln73_701_fu_8376687_p2   |         -|   0|  0|   25|           1|          18|
    |sub_ln73_702_fu_8376873_p2   |         -|   0|  0|   26|           1|          19|
    |sub_ln73_703_fu_8376937_p2   |         -|   0|  0|   27|          20|          20|
    |sub_ln73_704_fu_8376975_p2   |         -|   0|  0|   20|           1|          20|
    |sub_ln73_705_fu_8376981_p2   |         -|   0|  0|   20|          20|          20|
    |sub_ln73_706_fu_8377120_p2   |         -|   0|  0|   31|          24|          24|
    |sub_ln73_707_fu_8377260_p2   |         -|   0|  0|   26|          19|          19|
    |sub_ln73_708_fu_8377292_p2   |         -|   0|  0|   25|           1|          18|
    |sub_ln73_709_fu_8377320_p2   |         -|   0|  0|   29|          22|          22|
    |sub_ln73_70_fu_8370492_p2    |         -|   0|  0|   24|           1|          17|
    |sub_ln73_710_fu_8377340_p2   |         -|   0|  0|   26|           1|          19|
    |sub_ln73_711_fu_8377372_p2   |         -|   0|  0|   24|           1|          24|
    |sub_ln73_712_fu_8377382_p2   |         -|   0|  0|   24|          24|          24|
    |sub_ln73_713_fu_8377418_p2   |         -|   0|  0|   32|          25|          25|
    |sub_ln73_714_fu_8377468_p2   |         -|   0|  0|   27|          20|          20|
    |sub_ln73_715_fu_8377737_p2   |         -|   0|  0|   29|          22|          22|
    |sub_ln73_716_fu_8377809_p2   |         -|   0|  0|   31|          24|          24|
    |sub_ln73_717_fu_8377917_p2   |         -|   0|  0|   31|          24|          24|
    |sub_ln73_718_fu_8378009_p2   |         -|   0|  0|   30|          23|          23|
    |sub_ln73_719_fu_8378041_p2   |         -|   0|  0|   27|          20|          20|
    |sub_ln73_71_fu_8370996_p2    |         -|   0|  0|   24|           1|          17|
    |sub_ln73_720_fu_8378065_p2   |         -|   0|  0|   25|           1|          18|
    |sub_ln73_72_fu_8371452_p2    |         -|   0|  0|   24|           1|          17|
    |sub_ln73_73_fu_8374702_p2    |         -|   0|  0|   24|           1|          17|
    |sub_ln73_74_fu_8375223_p2    |         -|   0|  0|   24|           1|          17|
    |sub_ln73_75_fu_8375662_p2    |         -|   0|  0|   24|           1|          17|
    |sub_ln73_76_fu_8376743_p2    |         -|   0|  0|   24|           1|          17|
    |sub_ln73_77_fu_8377653_p2    |         -|   0|  0|   24|           1|          17|
    |sub_ln73_fu_8343297_p2       |         -|   0|  0|   24|           1|          17|
    |ap_enable_pp0                |       xor|   0|  0|    2|           1|           2|
    |xor_ln58_fu_8385667_p2       |       xor|   0|  0|    2|           1|           2|
    +-----------------------------+----------+----+---+-----+------------+------------+
    |Total                        |          |   0|  0|52170|       38434|       42778|
    +-----------------------------+----------+----+---+-----+------------+------------+

    * Multiplexer: 
    N/A

    * Register: 
    +---------------------------+----+----+-----+-----------+
    |            Name           | FF | LUT| Bits| Const Bits|
    +---------------------------+----+----+-----+-----------+
    |add_ln58_1002_reg_8391960  |  16|   0|   16|          0|
    |add_ln58_1005_reg_8391965  |  16|   0|   16|          0|
    |add_ln58_1007_reg_8391970  |  16|   0|   16|          0|
    |add_ln58_1008_reg_8391975  |  16|   0|   16|          0|
    |add_ln58_1012_reg_8391980  |  16|   0|   16|          0|
    |add_ln58_1017_reg_8391985  |  16|   0|   16|          0|
    |add_ln58_1020_reg_8391990  |  16|   0|   16|          0|
    |add_ln58_1022_reg_8391995  |  16|   0|   16|          0|
    |add_ln58_1023_reg_8392000  |  16|   0|   16|          0|
    |add_ln58_1027_reg_8392005  |  16|   0|   16|          0|
    |add_ln58_1031_reg_8392010  |  16|   0|   16|          0|
    |add_ln58_1032_reg_8392015  |  16|   0|   16|          0|
    |add_ln58_1036_reg_8392020  |  16|   0|   16|          0|
    |add_ln58_1038_reg_8392025  |  16|   0|   16|          0|
    |add_ln58_1039_reg_8392030  |  15|   0|   15|          0|
    |add_ln58_1043_reg_8392035  |  16|   0|   16|          0|
    |add_ln58_1048_reg_8392040  |  15|   0|   15|          0|
    |add_ln58_1051_reg_8392045  |  16|   0|   16|          0|
    |add_ln58_1059_reg_8392050  |  16|   0|   16|          0|
    |add_ln58_1064_reg_8392055  |  16|   0|   16|          0|
    |add_ln58_1067_reg_8392060  |  16|   0|   16|          0|
    |add_ln58_1075_reg_8392065  |  16|   0|   16|          0|
    |add_ln58_1079_reg_8392070  |  16|   0|   16|          0|
    |add_ln58_1082_reg_8392075  |  16|   0|   16|          0|
    |add_ln58_1090_reg_8392080  |  16|   0|   16|          0|
    |add_ln58_1093_reg_8392085  |  16|   0|   16|          0|
    |add_ln58_1097_reg_8392090  |  16|   0|   16|          0|
    |add_ln58_1099_reg_8392095  |  16|   0|   16|          0|
    |add_ln58_1100_reg_8392100  |  12|   0|   12|          0|
    |add_ln58_1104_reg_8392105  |  16|   0|   16|          0|
    |add_ln58_1109_reg_8392110  |  15|   0|   15|          0|
    |add_ln58_1112_reg_8392115  |  16|   0|   16|          0|
    |add_ln58_1120_reg_8392120  |  13|   0|   13|          0|
    |add_ln58_1129_reg_8392125  |  15|   0|   15|          0|
    |add_ln58_1132_reg_8392130  |  16|   0|   16|          0|
    |add_ln58_1135_reg_8392135  |  16|   0|   16|          0|
    |add_ln58_1140_reg_8392140  |  16|   0|   16|          0|
    |add_ln58_1143_reg_8392145  |  16|   0|   16|          0|
    |add_ln58_1145_reg_8392150  |  16|   0|   16|          0|
    |add_ln58_1146_reg_8392155  |  16|   0|   16|          0|
    |add_ln58_1150_reg_8392160  |  16|   0|   16|          0|
    |add_ln58_1154_reg_8392165  |  10|   0|   10|          0|
    |add_ln58_1155_reg_8392170  |  16|   0|   16|          0|
    |add_ln58_1159_reg_8392175  |  16|   0|   16|          0|
    |add_ln58_1167_reg_8392180  |  16|   0|   16|          0|
    |add_ln58_1171_reg_8392185  |  16|   0|   16|          0|
    |add_ln58_1174_reg_8392190  |  16|   0|   16|          0|
    |add_ln58_1182_reg_8392195  |  16|   0|   16|          0|
    |add_ln58_1187_reg_8392200  |  15|   0|   15|          0|
    |add_ln58_1190_reg_8392205  |  16|   0|   16|          0|
    |add_ln58_1192_reg_8392210  |  15|   0|   15|          0|
    |add_ln58_1193_reg_8392215  |  16|   0|   16|          0|
    |add_ln58_1197_reg_8392220  |  16|   0|   16|          0|
    |add_ln58_1202_reg_8392225  |  16|   0|   16|          0|
    |add_ln58_1205_reg_8392230  |  16|   0|   16|          0|
    |add_ln58_1207_reg_8392235  |  15|   0|   15|          0|
    |add_ln58_1208_reg_8392240  |  16|   0|   16|          0|
    |add_ln58_1212_reg_8392245  |  15|   0|   15|          0|
    |add_ln58_1216_reg_8392250  |  16|   0|   16|          0|
    |add_ln58_1217_reg_8392255  |  14|   0|   14|          0|
    |add_ln58_1221_reg_8392260  |  16|   0|   16|          0|
    |add_ln58_1229_reg_8392265  |  16|   0|   16|          0|
    |add_ln58_1233_reg_8392270  |  16|   0|   16|          0|
    |add_ln58_1236_reg_8392275  |  16|   0|   16|          0|
    |add_ln58_1244_reg_8392280  |  16|   0|   16|          0|
    |add_ln58_1250_reg_8392285  |  16|   0|   16|          0|
    |add_ln58_1253_reg_8392290  |  16|   0|   16|          0|
    |add_ln58_1255_reg_8392295  |  16|   0|   16|          0|
    |add_ln58_1256_reg_8392300  |  16|   0|   16|          0|
    |add_ln58_1260_reg_8392305  |  16|   0|   16|          0|
    |add_ln58_1265_reg_8392310  |  16|   0|   16|          0|
    |add_ln58_1268_reg_8392315  |  16|   0|   16|          0|
    |add_ln58_1270_reg_8392320  |  16|   0|   16|          0|
    |add_ln58_1271_reg_8392325  |  16|   0|   16|          0|
    |add_ln58_1275_reg_8392330  |  16|   0|   16|          0|
    |add_ln58_1279_reg_8392335  |  15|   0|   15|          0|
    |add_ln58_1280_reg_8392340  |  16|   0|   16|          0|
    |add_ln58_1284_reg_8392345  |  16|   0|   16|          0|
    |add_ln58_1286_reg_8392350  |  16|   0|   16|          0|
    |add_ln58_1287_reg_8392355  |  16|   0|   16|          0|
    |add_ln58_1291_reg_8392360  |  16|   0|   16|          0|
    |add_ln58_1296_reg_8392365  |  16|   0|   16|          0|
    |add_ln58_1299_reg_8392370  |  16|   0|   16|          0|
    |add_ln58_1301_reg_8392375  |  15|   0|   15|          0|
    |add_ln58_1302_reg_8392380  |  16|   0|   16|          0|
    |add_ln58_1306_reg_8392385  |  14|   0|   14|          0|
    |add_ln58_1312_reg_8392390  |  16|   0|   16|          0|
    |add_ln58_1315_reg_8392395  |  14|   0|   14|          0|
    |add_ln58_1317_reg_8392400  |  16|   0|   16|          0|
    |add_ln58_1318_reg_8392405  |  16|   0|   16|          0|
    |add_ln58_1322_reg_8392410  |  16|   0|   16|          0|
    |add_ln58_1327_reg_8392415  |  16|   0|   16|          0|
    |add_ln58_1330_reg_8392420  |  16|   0|   16|          0|
    |add_ln58_1332_reg_8392425  |  16|   0|   16|          0|
    |add_ln58_1333_reg_8392430  |  16|   0|   16|          0|
    |add_ln58_1337_reg_8392435  |  16|   0|   16|          0|
    |add_ln58_1341_reg_8392440  |  16|   0|   16|          0|
    |add_ln58_1345_reg_8392445  |  16|   0|   16|          0|
    |add_ln58_1353_reg_8392450  |  16|   0|   16|          0|
    |add_ln58_1357_reg_8392455  |  16|   0|   16|          0|
    |add_ln58_1360_reg_8392460  |  16|   0|   16|          0|
    |add_ln58_1368_reg_8392465  |  16|   0|   16|          0|
    |add_ln58_1374_reg_8392470  |  16|   0|   16|          0|
    |add_ln58_1377_reg_8392475  |  16|   0|   16|          0|
    |add_ln58_1385_reg_8392480  |  16|   0|   16|          0|
    |add_ln58_1389_reg_8392485  |  14|   0|   14|          0|
    |add_ln58_1392_reg_8392490  |  16|   0|   16|          0|
    |add_ln58_1400_reg_8392495  |  16|   0|   16|          0|
    |add_ln58_1409_reg_8392500  |  16|   0|   16|          0|
    |add_ln58_1410_reg_8392505  |  15|   0|   15|          0|
    |add_ln58_1411_reg_8392510  |  16|   0|   16|          0|
    |add_ln58_1415_reg_8392515  |  16|   0|   16|          0|
    |add_ln58_1420_reg_8392520  |  16|   0|   16|          0|
    |add_ln58_1423_reg_8392525  |  16|   0|   16|          0|
    |add_ln58_1432_reg_8392530  |  10|   0|   10|          0|
    |add_ln58_1437_reg_8392535  |  16|   0|   16|          0|
    |add_ln58_1440_reg_8392540  |  16|   0|   16|          0|
    |add_ln58_1442_reg_8392545  |  16|   0|   16|          0|
    |add_ln58_1443_reg_8392550  |  14|   0|   14|          0|
    |add_ln58_1447_reg_8392555  |  16|   0|   16|          0|
    |add_ln58_1452_reg_8392560  |  16|   0|   16|          0|
    |add_ln58_1455_reg_8392565  |  15|   0|   15|          0|
    |add_ln58_1457_reg_8392570  |  16|   0|   16|          0|
    |add_ln58_1458_reg_8392575  |  16|   0|   16|          0|
    |add_ln58_1462_reg_8392580  |  16|   0|   16|          0|
    |add_ln58_1466_reg_8392585  |  16|   0|   16|          0|
    |add_ln58_1467_reg_8392590  |  16|   0|   16|          0|
    |add_ln58_1471_reg_8392595  |  16|   0|   16|          0|
    |add_ln58_1479_reg_8392600  |  16|   0|   16|          0|
    |add_ln58_1483_reg_8392605  |  16|   0|   16|          0|
    |add_ln58_1486_reg_8392610  |  16|   0|   16|          0|
    |add_ln58_1494_reg_8392615  |  16|   0|   16|          0|
    |add_ln58_1499_reg_8392620  |  15|   0|   15|          0|
    |add_ln58_1502_reg_8392625  |  14|   0|   14|          0|
    |add_ln58_1504_reg_8392630  |  16|   0|   16|          0|
    |add_ln58_1505_reg_8392635  |  11|   0|   11|          0|
    |add_ln58_1509_reg_8392640  |  16|   0|   16|          0|
    |add_ln58_1514_reg_8392645  |  14|   0|   14|          0|
    |add_ln58_1517_reg_8392650  |  16|   0|   16|          0|
    |add_ln58_1519_reg_8392655  |  16|   0|   16|          0|
    |add_ln58_1520_reg_8392660  |  16|   0|   16|          0|
    |add_ln58_1524_reg_8392665  |  16|   0|   16|          0|
    |add_ln58_1528_reg_8392670  |  16|   0|   16|          0|
    |add_ln58_1529_reg_8392675  |  15|   0|   15|          0|
    |add_ln58_1533_reg_8392680  |  16|   0|   16|          0|
    |add_ln58_1535_reg_8392685  |  16|   0|   16|          0|
    |add_ln58_1536_reg_8392690  |  15|   0|   15|          0|
    |add_ln58_1540_reg_8392695  |  16|   0|   16|          0|
    |add_ln58_1545_reg_8392700  |  16|   0|   16|          0|
    |add_ln58_1548_reg_8392705  |  14|   0|   14|          0|
    |add_ln58_1556_reg_8392710  |  10|   0|   10|          0|
    |add_ln58_1561_reg_8392715  |  16|   0|   16|          0|
    |add_ln58_1564_reg_8392720  |  16|   0|   16|          0|
    |add_ln58_1572_reg_8392725  |  16|   0|   16|          0|
    |add_ln58_1576_reg_8392730  |  16|   0|   16|          0|
    |add_ln58_1579_reg_8392735  |  16|   0|   16|          0|
    |add_ln58_1583_reg_8392740  |  15|   0|   15|          0|
    |add_ln58_1584_reg_8392745  |  16|   0|   16|          0|
    |add_ln58_1585_reg_8392750  |  15|   0|   15|          0|
    |add_ln58_1595_reg_8392755  |  16|   0|   16|          0|
    |add_ln58_1596_reg_8392760  |  16|   0|   16|          0|
    |add_ln58_1597_reg_8392765  |  16|   0|   16|          0|
    |add_ln58_1601_reg_8392770  |  16|   0|   16|          0|
    |add_ln58_1606_reg_8392775  |  16|   0|   16|          0|
    |add_ln58_1609_reg_8392780  |  16|   0|   16|          0|
    |add_ln58_1617_reg_8392785  |  11|   0|   11|          0|
    |add_ln58_1622_reg_8392790  |  11|   0|   11|          0|
    |add_ln58_1625_reg_8392795  |  16|   0|   16|          0|
    |add_ln58_1632_reg_8392800  |  14|   0|   14|          0|
    |add_ln58_1635_reg_8392805  |  15|   0|   15|          0|
    |add_ln58_1638_reg_8392810  |  16|   0|   16|          0|
    |add_ln58_1645_reg_8392815  |  16|   0|   16|          0|
    |add_ln58_1653_reg_8392820  |  16|   0|   16|          0|
    |add_ln58_1659_reg_8392825  |  16|   0|   16|          0|
    |add_ln58_1662_reg_8392830  |  12|   0|   12|          0|
    |add_ln58_1665_reg_8392835  |  16|   0|   16|          0|
    |add_ln58_1673_reg_8392840  |  16|   0|   16|          0|
    |add_ln58_1678_reg_8392845  |  16|   0|   16|          0|
    |add_ln58_1681_reg_8392850  |  16|   0|   16|          0|
    |add_ln58_1683_reg_8392855  |  16|   0|   16|          0|
    |add_ln58_1684_reg_8392860  |  16|   0|   16|          0|
    |add_ln58_1688_reg_8392865  |  16|   0|   16|          0|
    |add_ln58_1693_reg_8392870  |  16|   0|   16|          0|
    |add_ln58_1696_reg_8392875  |  15|   0|   15|          0|
    |add_ln58_1698_reg_8392880  |  16|   0|   16|          0|
    |add_ln58_1699_reg_8392885  |  16|   0|   16|          0|
    |add_ln58_1703_reg_8392890  |  16|   0|   16|          0|
    |add_ln58_1707_reg_8392895  |  15|   0|   15|          0|
    |add_ln58_1708_reg_8392900  |  16|   0|   16|          0|
    |add_ln58_1712_reg_8392905  |  15|   0|   15|          0|
    |add_ln58_1720_reg_8392910  |  16|   0|   16|          0|
    |add_ln58_1724_reg_8392915  |  16|   0|   16|          0|
    |add_ln58_1727_reg_8392920  |  16|   0|   16|          0|
    |add_ln58_1735_reg_8392925  |  12|   0|   12|          0|
    |add_ln58_1740_reg_8392930  |  15|   0|   15|          0|
    |add_ln58_1743_reg_8392935  |  16|   0|   16|          0|
    |add_ln58_1745_reg_8392940  |  15|   0|   15|          0|
    |add_ln58_1746_reg_8392945  |  16|   0|   16|          0|
    |add_ln58_1750_reg_8392950  |  16|   0|   16|          0|
    |add_ln58_1755_reg_8392955  |  16|   0|   16|          0|
    |add_ln58_1758_reg_8392960  |  16|   0|   16|          0|
    |add_ln58_1766_reg_8392965  |  16|   0|   16|          0|
    |add_ln58_1775_reg_8392970  |  16|   0|   16|          0|
    |add_ln58_1776_reg_8392975  |  16|   0|   16|          0|
    |add_ln58_1777_reg_8392980  |  14|   0|   14|          0|
    |add_ln58_1781_reg_8392985  |  16|   0|   16|          0|
    |add_ln58_1786_reg_8392990  |  16|   0|   16|          0|
    |add_ln58_1789_reg_8392995  |  16|   0|   16|          0|
    |add_ln58_1797_reg_8393000  |  15|   0|   15|          0|
    |add_ln58_1802_reg_8393005  |  16|   0|   16|          0|
    |add_ln58_1805_reg_8393010  |  16|   0|   16|          0|
    |add_ln58_1813_reg_8393015  |  15|   0|   15|          0|
    |add_ln58_1816_reg_8393020  |  11|   0|   11|          0|
    |add_ln58_1819_reg_8393025  |  16|   0|   16|          0|
    |add_ln58_1821_reg_8393030  |  15|   0|   15|          0|
    |add_ln58_1822_reg_8393035  |  16|   0|   16|          0|
    |add_ln58_1826_reg_8393040  |  16|   0|   16|          0|
    |add_ln58_1835_reg_8393045  |  16|   0|   16|          0|
    |add_ln58_1842_reg_8393050  |  16|   0|   16|          0|
    |add_ln58_1845_reg_8393055  |   9|   0|    9|          0|
    |add_ln58_1848_reg_8393060  |  16|   0|   16|          0|
    |add_ln58_1856_reg_8393065  |  16|   0|   16|          0|
    |add_ln58_1861_reg_8393070  |  16|   0|   16|          0|
    |add_ln58_1864_reg_8393075  |  16|   0|   16|          0|
    |add_ln58_1866_reg_8393080  |  15|   0|   15|          0|
    |add_ln58_1867_reg_8393085  |  16|   0|   16|          0|
    |add_ln58_1871_reg_8393090  |  16|   0|   16|          0|
    |add_ln58_1876_reg_8393095  |  16|   0|   16|          0|
    |add_ln58_1879_reg_8393100  |  14|   0|   14|          0|
    |add_ln58_1881_reg_8393105  |  16|   0|   16|          0|
    |add_ln58_1882_reg_8393110  |  15|   0|   15|          0|
    |add_ln58_1886_reg_8393115  |  15|   0|   15|          0|
    |add_ln58_1890_reg_8393120  |  10|   0|   10|          0|
    |add_ln58_1891_reg_8393125  |  16|   0|   16|          0|
    |add_ln58_1895_reg_8393130  |  16|   0|   16|          0|
    |add_ln58_1903_reg_8393135  |  16|   0|   16|          0|
    |add_ln58_1907_reg_8393140  |  16|   0|   16|          0|
    |add_ln58_1910_reg_8393145  |  16|   0|   16|          0|
    |add_ln58_1918_reg_8393150  |  11|   0|   11|          0|
    |add_ln58_1924_reg_8393155  |  16|   0|   16|          0|
    |add_ln58_1927_reg_8393160  |  16|   0|   16|          0|
    |add_ln58_1929_reg_8393165  |  16|   0|   16|          0|
    |add_ln58_1930_reg_8393170  |  16|   0|   16|          0|
    |add_ln58_1934_reg_8393175  |  16|   0|   16|          0|
    |add_ln58_1939_reg_8393180  |  16|   0|   16|          0|
    |add_ln58_1942_reg_8393185  |  16|   0|   16|          0|
    |add_ln58_1944_reg_8393190  |  14|   0|   14|          0|
    |add_ln58_1945_reg_8393195  |  16|   0|   16|          0|
    |add_ln58_1949_reg_8393200  |  16|   0|   16|          0|
    |add_ln58_1953_reg_8393205  |  15|   0|   15|          0|
    |add_ln58_1954_reg_8393210  |  15|   0|   15|          0|
    |add_ln58_1958_reg_8393215  |  16|   0|   16|          0|
    |add_ln58_1960_reg_8393220  |  16|   0|   16|          0|
    |add_ln58_1961_reg_8393225  |  13|   0|   13|          0|
    |add_ln58_1965_reg_8393230  |  16|   0|   16|          0|
    |add_ln58_1982_reg_8393235  |  16|   0|   16|          0|
    |add_ln58_1986_reg_8393240  |  15|   0|   15|          0|
    |add_ln58_1989_reg_8393245  |  15|   0|   15|          0|
    |add_ln58_1991_reg_8393250  |  16|   0|   16|          0|
    |add_ln58_1992_reg_8393255  |  13|   0|   13|          0|
    |add_ln58_1996_reg_8393260  |  16|   0|   16|          0|
    |add_ln58_2001_reg_8393265  |  16|   0|   16|          0|
    |add_ln58_2004_reg_8393270  |  16|   0|   16|          0|
    |add_ln58_2006_reg_8393275  |  16|   0|   16|          0|
    |add_ln58_2007_reg_8393280  |  16|   0|   16|          0|
    |add_ln58_2011_reg_8393285  |  16|   0|   16|          0|
    |add_ln58_2016_reg_8393290  |  15|   0|   15|          0|
    |add_ln58_2017_reg_8393295  |  16|   0|   16|          0|
    |add_ln58_2018_reg_8393300  |  14|   0|   14|          0|
    |add_ln58_2021_reg_8393305  |  16|   0|   16|          0|
    |add_ln58_2022_reg_8393310  |  16|   0|   16|          0|
    |add_ln58_2026_reg_8393315  |  16|   0|   16|          0|
    |add_ln58_2031_reg_8393320  |  16|   0|   16|          0|
    |add_ln58_2034_reg_8393325  |  16|   0|   16|          0|
    |add_ln58_2036_reg_8393330  |  16|   0|   16|          0|
    |add_ln58_2037_reg_8393335  |  15|   0|   15|          0|
    |add_ln58_2041_reg_8393340  |  16|   0|   16|          0|
    |add_ln58_2047_reg_8393345  |  14|   0|   14|          0|
    |add_ln58_2050_reg_8393350  |  16|   0|   16|          0|
    |add_ln58_2057_reg_8393355  |  16|   0|   16|          0|
    |add_ln58_2060_reg_8393360  |  13|   0|   13|          0|
    |add_ln58_2063_reg_8393365  |  16|   0|   16|          0|
    |add_ln58_2065_reg_8393370  |  16|   0|   16|          0|
    |add_ln58_2066_reg_8393375  |  16|   0|   16|          0|
    |add_ln58_2070_reg_8393380  |  16|   0|   16|          0|
    |add_ln58_2079_reg_8393385  |  16|   0|   16|          0|
    |add_ln58_2082_reg_8393390  |  14|   0|   14|          0|
    |add_ln58_2083_reg_8393395  |  16|   0|   16|          0|
    |add_ln58_2084_reg_8393400  |  15|   0|   15|          0|
    |add_ln58_2101_reg_8393405  |  16|   0|   16|          0|
    |add_ln58_2105_reg_8393410  |  15|   0|   15|          0|
    |add_ln58_2108_reg_8393415  |  16|   0|   16|          0|
    |add_ln58_2110_reg_8393420  |  16|   0|   16|          0|
    |add_ln58_2111_reg_8393425  |  16|   0|   16|          0|
    |add_ln58_2115_reg_8393430  |  16|   0|   16|          0|
    |add_ln58_2120_reg_8393435  |  16|   0|   16|          0|
    |add_ln58_2123_reg_8393440  |  16|   0|   16|          0|
    |add_ln58_2125_reg_8393445  |  16|   0|   16|          0|
    |add_ln58_2126_reg_8393450  |  15|   0|   15|          0|
    |add_ln58_2130_reg_8393455  |  16|   0|   16|          0|
    |add_ln58_2134_reg_8393460  |  14|   0|   14|          0|
    |add_ln58_2138_reg_8393465  |  16|   0|   16|          0|
    |add_ln58_2140_reg_8393470  |  16|   0|   16|          0|
    |add_ln58_2141_reg_8393475  |  16|   0|   16|          0|
    |add_ln58_2145_reg_8393480  |  16|   0|   16|          0|
    |add_ln58_2150_reg_8393485  |  16|   0|   16|          0|
    |add_ln58_2153_reg_8393490  |  16|   0|   16|          0|
    |add_ln58_2161_reg_8393495  |  16|   0|   16|          0|
    |add_ln58_2166_reg_8393500  |  16|   0|   16|          0|
    |add_ln58_2169_reg_8393505  |  16|   0|   16|          0|
    |add_ln58_2172_reg_8393510  |  14|   0|   14|          0|
    |add_ln58_2173_reg_8393515  |  15|   0|   15|          0|
    |add_ln58_2174_reg_8393520  |  16|   0|   16|          0|
    |add_ln58_2179_reg_8393525  |  16|   0|   16|          0|
    |add_ln58_2182_reg_8393530  |  16|   0|   16|          0|
    |add_ln58_2184_reg_8393535  |  16|   0|   16|          0|
    |add_ln58_2188_reg_8393540  |  16|   0|   16|          0|
    |add_ln58_2197_reg_8393545  |  16|   0|   16|          0|
    |add_ln58_2203_reg_8393550  |  16|   0|   16|          0|
    |add_ln58_2206_reg_8393555  |  16|   0|   16|          0|
    |add_ln58_2209_reg_8393560  |  16|   0|   16|          0|
    |add_ln58_2217_reg_8393565  |  16|   0|   16|          0|
    |add_ln58_2223_reg_8393570  |  16|   0|   16|          0|
    |add_ln58_2226_reg_8393575  |  11|   0|   11|          0|
    |add_ln58_2230_reg_8393580  |  15|   0|   15|          0|
    |add_ln58_2231_reg_8393585  |  16|   0|   16|          0|
    |add_ln58_2232_reg_8393590  |  16|   0|   16|          0|
    |add_ln58_2238_reg_8393595  |  16|   0|   16|          0|
    |add_ln58_2241_reg_8393600  |  16|   0|   16|          0|
    |add_ln58_2243_reg_8393605  |  16|   0|   16|          0|
    |add_ln58_2244_reg_8393610  |  15|   0|   15|          0|
    |add_ln58_2248_reg_8393615  |  16|   0|   16|          0|
    |add_ln58_2258_reg_8393620  |  16|   0|   16|          0|
    |add_ln58_2259_reg_8393625  |  16|   0|   16|          0|
    |add_ln58_2260_reg_8393630  |  16|   0|   16|          0|
    |add_ln58_2264_reg_8393635  |  16|   0|   16|          0|
    |add_ln58_2269_reg_8393640  |  16|   0|   16|          0|
    |add_ln58_2272_reg_8393645  |  16|   0|   16|          0|
    |add_ln58_2280_reg_8393650  |  16|   0|   16|          0|
    |add_ln58_2285_reg_8393655  |  15|   0|   15|          0|
    |add_ln58_2288_reg_8393660  |  16|   0|   16|          0|
    |add_ln58_2290_reg_8393665  |  16|   0|   16|          0|
    |add_ln58_2294_reg_8393670  |  16|   0|   16|          0|
    |add_ln58_2298_reg_8393675  |  16|   0|   16|          0|
    |add_ln58_2301_reg_8393680  |  16|   0|   16|          0|
    |add_ln58_2308_reg_8393685  |  16|   0|   16|          0|
    |add_ln58_2316_reg_8393690  |  15|   0|   15|          0|
    |add_ln58_2322_reg_8393695  |  16|   0|   16|          0|
    |add_ln58_2335_reg_8393700  |  16|   0|   16|          0|
    |add_ln58_2339_reg_8393705  |  16|   0|   16|          0|
    |add_ln58_2342_reg_8393710  |  16|   0|   16|          0|
    |add_ln58_2344_reg_8393715  |  15|   0|   15|          0|
    |add_ln58_2345_reg_8393720  |  16|   0|   16|          0|
    |add_ln58_2349_reg_8393725  |  16|   0|   16|          0|
    |add_ln58_2354_reg_8393730  |  16|   0|   16|          0|
    |add_ln58_2357_reg_8393735  |  16|   0|   16|          0|
    |add_ln58_2359_reg_8393740  |  16|   0|   16|          0|
    |add_ln58_2360_reg_8393745  |  13|   0|   13|          0|
    |add_ln58_2364_reg_8393750  |  16|   0|   16|          0|
    |add_ln58_2368_reg_8393755  |  16|   0|   16|          0|
    |add_ln58_2372_reg_8393760  |  16|   0|   16|          0|
    |add_ln58_2380_reg_8393765  |  16|   0|   16|          0|
    |add_ln58_2384_reg_8393770  |  16|   0|   16|          0|
    |add_ln58_2387_reg_8393775  |  16|   0|   16|          0|
    |add_ln58_2389_reg_8393780  |  16|   0|   16|          0|
    |add_ln58_2390_reg_8393785  |  13|   0|   13|          0|
    |add_ln58_2394_reg_8393790  |  15|   0|   15|          0|
    |add_ln58_2400_reg_8393795  |  14|   0|   14|          0|
    |add_ln58_2403_reg_8393800  |  15|   0|   15|          0|
    |add_ln58_2405_reg_8393805  |  16|   0|   16|          0|
    |add_ln58_2406_reg_8393810  |  14|   0|   14|          0|
    |add_ln58_2410_reg_8393815  |  16|   0|   16|          0|
    |add_ln58_2415_reg_8393820  |  16|   0|   16|          0|
    |add_ln58_2418_reg_8393825  |  15|   0|   15|          0|
    |add_ln58_2420_reg_8393830  |  16|   0|   16|          0|
    |add_ln58_2421_reg_8393835  |  12|   0|   12|          0|
    |add_ln58_2425_reg_8393840  |  16|   0|   16|          0|
    |add_ln58_2434_reg_8393845  |  16|   0|   16|          0|
    |add_ln58_2435_reg_8393850  |  16|   0|   16|          0|
    |add_ln58_2436_reg_8393855  |  16|   0|   16|          0|
    |add_ln58_2440_reg_8393860  |  15|   0|   15|          0|
    |add_ln58_2445_reg_8393865  |  16|   0|   16|          0|
    |add_ln58_2448_reg_8393870  |  16|   0|   16|          0|
    |add_ln58_2456_reg_8393875  |  11|   0|   11|          0|
    |add_ln58_2461_reg_8393880  |  15|   0|   15|          0|
    |add_ln58_2464_reg_8393885  |  16|   0|   16|          0|
    |add_ln58_2472_reg_8393890  |  16|   0|   16|          0|
    |add_ln58_2476_reg_8393895  |  15|   0|   15|          0|
    |add_ln58_2479_reg_8393900  |  16|   0|   16|          0|
    |add_ln58_2481_reg_8393905  |  16|   0|   16|          0|
    |add_ln58_2482_reg_8393910  |  16|   0|   16|          0|
    |add_ln58_2486_reg_8393915  |  16|   0|   16|          0|
    |add_ln58_2490_reg_8393920  |  16|   0|   16|          0|
    |add_ln58_2494_reg_8393925  |  16|   0|   16|          0|
    |add_ln58_2496_reg_8393930  |  16|   0|   16|          0|
    |add_ln58_2497_reg_8393935  |  16|   0|   16|          0|
    |add_ln58_2501_reg_8393940  |  16|   0|   16|          0|
    |add_ln58_2506_reg_8393945  |  16|   0|   16|          0|
    |add_ln58_2509_reg_8393950  |  16|   0|   16|          0|
    |add_ln58_2517_reg_8393955  |  12|   0|   12|          0|
    |add_ln58_2522_reg_8393960  |  16|   0|   16|          0|
    |add_ln58_2525_reg_8393965  |  16|   0|   16|          0|
    |add_ln58_2527_reg_8393970  |  15|   0|   15|          0|
    |add_ln58_2531_reg_8393975  |  16|   0|   16|          0|
    |add_ln58_2535_reg_8393980  |  16|   0|   16|          0|
    |add_ln58_2538_reg_8393985  |  16|   0|   16|          0|
    |add_ln58_2545_reg_8393990  |  16|   0|   16|          0|
    |add_ln58_2548_reg_8393995  |  13|   0|   13|          0|
    |add_ln58_2552_reg_8394000  |  15|   0|   15|          0|
    |add_ln58_2559_reg_8394005  |  16|   0|   16|          0|
    |add_ln58_2562_reg_8394010  |  15|   0|   15|          0|
    |add_ln58_2565_reg_8394015  |  16|   0|   16|          0|
    |add_ln58_2573_reg_8394020  |  12|   0|   12|          0|
    |add_ln58_2578_reg_8394025  |  16|   0|   16|          0|
    |add_ln58_2581_reg_8394030  |  16|   0|   16|          0|
    |add_ln58_2585_reg_8394035  |  15|   0|   15|          0|
    |add_ln58_2586_reg_8394040  |  16|   0|   16|          0|
    |add_ln58_2587_reg_8394045  |  15|   0|   15|          0|
    |add_ln58_2593_reg_8394050  |  16|   0|   16|          0|
    |add_ln58_2596_reg_8394055  |  15|   0|   15|          0|
    |add_ln58_2604_reg_8394060  |  16|   0|   16|          0|
    |add_ln58_2607_reg_8394065  |  16|   0|   16|          0|
    |add_ln58_2611_reg_8394070  |  16|   0|   16|          0|
    |add_ln58_2613_reg_8394075  |  16|   0|   16|          0|
    |add_ln58_2614_reg_8394080  |  15|   0|   15|          0|
    |add_ln58_2618_reg_8394085  |  16|   0|   16|          0|
    |add_ln58_2623_reg_8394090  |  16|   0|   16|          0|
    |add_ln58_2626_reg_8394095  |  16|   0|   16|          0|
    |add_ln58_2634_reg_8394100  |  11|   0|   11|          0|
    |add_ln58_2639_reg_8394105  |  16|   0|   16|          0|
    |add_ln58_2642_reg_8394110  |  16|   0|   16|          0|
    |add_ln58_2650_reg_8394115  |  16|   0|   16|          0|
    |add_ln58_2654_reg_8394120  |  16|   0|   16|          0|
    |add_ln58_2657_reg_8394125  |  16|   0|   16|          0|
    |add_ln58_2659_reg_8394130  |  16|   0|   16|          0|
    |add_ln58_2660_reg_8394135  |  16|   0|   16|          0|
    |add_ln58_2664_reg_8394140  |  16|   0|   16|          0|
    |add_ln58_2668_reg_8394145  |  15|   0|   15|          0|
    |add_ln58_2672_reg_8394150  |  16|   0|   16|          0|
    |add_ln58_2674_reg_8394155  |  15|   0|   15|          0|
    |add_ln58_2675_reg_8394160  |  16|   0|   16|          0|
    |add_ln58_2679_reg_8394165  |  15|   0|   15|          0|
    |add_ln58_2684_reg_8394170  |  16|   0|   16|          0|
    |add_ln58_2687_reg_8394175  |  16|   0|   16|          0|
    |add_ln58_2695_reg_8394180  |  11|   0|   11|          0|
    |add_ln58_2700_reg_8394185  |  16|   0|   16|          0|
    |add_ln58_2703_reg_8394190  |  16|   0|   16|          0|
    |add_ln58_2711_reg_8394195  |  16|   0|   16|          0|
    |add_ln58_2715_reg_8394200  |  16|   0|   16|          0|
    |add_ln58_2718_reg_8394205  |  16|   0|   16|          0|
    |add_ln58_2720_reg_8394210  |  15|   0|   15|          0|
    |add_ln58_2721_reg_8394215  |  14|   0|   14|          0|
    |add_ln58_2725_reg_8394220  |  16|   0|   16|          0|
    |add_ln58_2729_reg_8394225  |  16|   0|   16|          0|
    |add_ln58_2730_reg_8394230  |  15|   0|   15|          0|
    |add_ln58_2734_reg_8394235  |  16|   0|   16|          0|
    |add_ln58_2736_reg_8394240  |  16|   0|   16|          0|
    |add_ln58_2737_reg_8394245  |  16|   0|   16|          0|
    |add_ln58_2741_reg_8394250  |  16|   0|   16|          0|
    |add_ln58_2746_reg_8394255  |  16|   0|   16|          0|
    |add_ln58_2749_reg_8394260  |  16|   0|   16|          0|
    |add_ln58_2757_reg_8394265  |  10|   0|   10|          0|
    |add_ln58_2762_reg_8394270  |  16|   0|   16|          0|
    |add_ln58_2765_reg_8394275  |  16|   0|   16|          0|
    |add_ln58_2767_reg_8394280  |  16|   0|   16|          0|
    |add_ln58_2768_reg_8394285  |  16|   0|   16|          0|
    |add_ln58_2772_reg_8394290  |  16|   0|   16|          0|
    |add_ln58_2777_reg_8394295  |  16|   0|   16|          0|
    |add_ln58_2780_reg_8394300  |  16|   0|   16|          0|
    |add_ln58_2782_reg_8394305  |  16|   0|   16|          0|
    |add_ln58_2783_reg_8394310  |  15|   0|   15|          0|
    |add_ln58_2787_reg_8394315  |  16|   0|   16|          0|
    |add_ln58_2791_reg_8394320  |  16|   0|   16|          0|
    |add_ln58_2795_reg_8394325  |  15|   0|   15|          0|
    |add_ln58_2799_reg_8394330  |  15|   0|   15|          0|
    |add_ln58_2800_reg_8394335  |  16|   0|   16|          0|
    |add_ln58_2801_reg_8394340  |  15|   0|   15|          0|
    |add_ln58_2807_reg_8394345  |  16|   0|   16|          0|
    |add_ln58_2810_reg_8394350  |  15|   0|   15|          0|
    |add_ln58_2817_reg_8394355  |  11|   0|   11|          0|
    |add_ln58_2822_reg_8394360  |  14|   0|   14|          0|
    |add_ln58_2825_reg_8394365  |  16|   0|   16|          0|
    |add_ln58_2827_reg_8394370  |  14|   0|   14|          0|
    |add_ln58_2828_reg_8394375  |  16|   0|   16|          0|
    |add_ln58_2832_reg_8394380  |  16|   0|   16|          0|
    |add_ln58_2837_reg_8394385  |  16|   0|   16|          0|
    |add_ln58_2840_reg_8394390  |  16|   0|   16|          0|
    |add_ln58_2842_reg_8394395  |  16|   0|   16|          0|
    |add_ln58_2843_reg_8394400  |  16|   0|   16|          0|
    |add_ln58_2847_reg_8394405  |  16|   0|   16|          0|
    |add_ln58_2857_reg_8394410  |  16|   0|   16|          0|
    |add_ln58_2864_reg_8394415  |  16|   0|   16|          0|
    |add_ln58_2868_reg_8394420  |  16|   0|   16|          0|
    |add_ln58_2871_reg_8394425  |  16|   0|   16|          0|
    |add_ln58_2879_reg_8394430  |  16|   0|   16|          0|
    |add_ln58_947_reg_8391895   |  15|   0|   15|          0|
    |add_ln58_950_reg_8391900   |  16|   0|   16|          0|
    |add_ln58_953_reg_8391905   |  16|   0|   16|          0|
    |add_ln58_957_reg_8391910   |   9|   0|    9|          0|
    |add_ln58_960_reg_8391915   |  16|   0|   16|          0|
    |add_ln58_968_reg_8391920   |  16|   0|   16|          0|
    |add_ln58_976_reg_8391925   |  16|   0|   16|          0|
    |add_ln58_977_reg_8391930   |  16|   0|   16|          0|
    |add_ln58_978_reg_8391935   |  15|   0|   15|          0|
    |add_ln58_982_reg_8391940   |  16|   0|   16|          0|
    |add_ln58_986_reg_8391945   |  13|   0|   13|          0|
    |add_ln58_989_reg_8391950   |  16|   0|   16|          0|
    |add_ln58_997_reg_8391955   |  16|   0|   16|          0|
    |ap_CS_fsm                  |   1|   0|    1|          0|
    |ap_enable_reg_pp0_iter1    |   1|   0|    1|          0|
    |mult_1059_reg_8391835      |   8|   0|    8|          0|
    |mult_1063_reg_8391840      |  14|   0|   14|          0|
    |mult_1592_reg_8391845      |  16|   0|   16|          0|
    |mult_1744_reg_8391850      |  13|   0|   13|          0|
    |mult_1779_reg_8391855      |  15|   0|   15|          0|
    |mult_1791_reg_8391860      |   7|   0|    7|          0|
    |mult_1805_reg_8391865      |  13|   0|   13|          0|
    |mult_1808_reg_8391870      |  15|   0|   15|          0|
    |mult_1834_reg_8391875      |  16|   0|   16|          0|
    |mult_1867_reg_8391880      |  15|   0|   15|          0|
    |mult_1946_reg_8391885      |  15|   0|   15|          0|
    |mult_2005_reg_8391890      |  14|   0|   14|          0|
    +---------------------------+----+----+-----+-----------+
    |Total                      |8036|   0| 8036|          0|
    +---------------------------+----+----+-----+-----------+



================================================================
== Interface
================================================================
* Summary: 
+--------------+-----+-----+------------+----------------------------------------------------------------------------+--------------+
|   RTL Ports  | Dir | Bits|  Protocol  |                                Source Object                               |    C Type    |
+--------------+-----+-----+------------+----------------------------------------------------------------------------+--------------+
|ap_clk        |   in|    1|  ap_ctrl_hs|  dense_latency<ap_fixed<16, 6, 5, 3, 0>, ap_fixed<16, 6, 5, 3, 0>, config5>|  return value|
|ap_rst        |   in|    1|  ap_ctrl_hs|  dense_latency<ap_fixed<16, 6, 5, 3, 0>, ap_fixed<16, 6, 5, 3, 0>, config5>|  return value|
|ap_start      |   in|    1|  ap_ctrl_hs|  dense_latency<ap_fixed<16, 6, 5, 3, 0>, ap_fixed<16, 6, 5, 3, 0>, config5>|  return value|
|ap_done       |  out|    1|  ap_ctrl_hs|  dense_latency<ap_fixed<16, 6, 5, 3, 0>, ap_fixed<16, 6, 5, 3, 0>, config5>|  return value|
|ap_idle       |  out|    1|  ap_ctrl_hs|  dense_latency<ap_fixed<16, 6, 5, 3, 0>, ap_fixed<16, 6, 5, 3, 0>, config5>|  return value|
|ap_ready      |  out|    1|  ap_ctrl_hs|  dense_latency<ap_fixed<16, 6, 5, 3, 0>, ap_fixed<16, 6, 5, 3, 0>, config5>|  return value|
|ap_ce         |   in|    1|  ap_ctrl_hs|  dense_latency<ap_fixed<16, 6, 5, 3, 0>, ap_fixed<16, 6, 5, 3, 0>, config5>|  return value|
|ap_return_0   |  out|   16|  ap_ctrl_hs|  dense_latency<ap_fixed<16, 6, 5, 3, 0>, ap_fixed<16, 6, 5, 3, 0>, config5>|  return value|
|ap_return_1   |  out|   16|  ap_ctrl_hs|  dense_latency<ap_fixed<16, 6, 5, 3, 0>, ap_fixed<16, 6, 5, 3, 0>, config5>|  return value|
|ap_return_2   |  out|   16|  ap_ctrl_hs|  dense_latency<ap_fixed<16, 6, 5, 3, 0>, ap_fixed<16, 6, 5, 3, 0>, config5>|  return value|
|ap_return_3   |  out|   16|  ap_ctrl_hs|  dense_latency<ap_fixed<16, 6, 5, 3, 0>, ap_fixed<16, 6, 5, 3, 0>, config5>|  return value|
|ap_return_4   |  out|   16|  ap_ctrl_hs|  dense_latency<ap_fixed<16, 6, 5, 3, 0>, ap_fixed<16, 6, 5, 3, 0>, config5>|  return value|
|ap_return_5   |  out|   16|  ap_ctrl_hs|  dense_latency<ap_fixed<16, 6, 5, 3, 0>, ap_fixed<16, 6, 5, 3, 0>, config5>|  return value|
|ap_return_6   |  out|   16|  ap_ctrl_hs|  dense_latency<ap_fixed<16, 6, 5, 3, 0>, ap_fixed<16, 6, 5, 3, 0>, config5>|  return value|
|ap_return_7   |  out|   16|  ap_ctrl_hs|  dense_latency<ap_fixed<16, 6, 5, 3, 0>, ap_fixed<16, 6, 5, 3, 0>, config5>|  return value|
|ap_return_8   |  out|   16|  ap_ctrl_hs|  dense_latency<ap_fixed<16, 6, 5, 3, 0>, ap_fixed<16, 6, 5, 3, 0>, config5>|  return value|
|ap_return_9   |  out|   16|  ap_ctrl_hs|  dense_latency<ap_fixed<16, 6, 5, 3, 0>, ap_fixed<16, 6, 5, 3, 0>, config5>|  return value|
|ap_return_10  |  out|   16|  ap_ctrl_hs|  dense_latency<ap_fixed<16, 6, 5, 3, 0>, ap_fixed<16, 6, 5, 3, 0>, config5>|  return value|
|ap_return_11  |  out|   16|  ap_ctrl_hs|  dense_latency<ap_fixed<16, 6, 5, 3, 0>, ap_fixed<16, 6, 5, 3, 0>, config5>|  return value|
|ap_return_12  |  out|   16|  ap_ctrl_hs|  dense_latency<ap_fixed<16, 6, 5, 3, 0>, ap_fixed<16, 6, 5, 3, 0>, config5>|  return value|
|ap_return_13  |  out|   16|  ap_ctrl_hs|  dense_latency<ap_fixed<16, 6, 5, 3, 0>, ap_fixed<16, 6, 5, 3, 0>, config5>|  return value|
|ap_return_14  |  out|   16|  ap_ctrl_hs|  dense_latency<ap_fixed<16, 6, 5, 3, 0>, ap_fixed<16, 6, 5, 3, 0>, config5>|  return value|
|ap_return_15  |  out|   16|  ap_ctrl_hs|  dense_latency<ap_fixed<16, 6, 5, 3, 0>, ap_fixed<16, 6, 5, 3, 0>, config5>|  return value|
|ap_return_16  |  out|   16|  ap_ctrl_hs|  dense_latency<ap_fixed<16, 6, 5, 3, 0>, ap_fixed<16, 6, 5, 3, 0>, config5>|  return value|
|ap_return_17  |  out|   16|  ap_ctrl_hs|  dense_latency<ap_fixed<16, 6, 5, 3, 0>, ap_fixed<16, 6, 5, 3, 0>, config5>|  return value|
|ap_return_18  |  out|   16|  ap_ctrl_hs|  dense_latency<ap_fixed<16, 6, 5, 3, 0>, ap_fixed<16, 6, 5, 3, 0>, config5>|  return value|
|ap_return_19  |  out|   16|  ap_ctrl_hs|  dense_latency<ap_fixed<16, 6, 5, 3, 0>, ap_fixed<16, 6, 5, 3, 0>, config5>|  return value|
|ap_return_20  |  out|   16|  ap_ctrl_hs|  dense_latency<ap_fixed<16, 6, 5, 3, 0>, ap_fixed<16, 6, 5, 3, 0>, config5>|  return value|
|ap_return_21  |  out|   16|  ap_ctrl_hs|  dense_latency<ap_fixed<16, 6, 5, 3, 0>, ap_fixed<16, 6, 5, 3, 0>, config5>|  return value|
|ap_return_22  |  out|   16|  ap_ctrl_hs|  dense_latency<ap_fixed<16, 6, 5, 3, 0>, ap_fixed<16, 6, 5, 3, 0>, config5>|  return value|
|ap_return_23  |  out|   16|  ap_ctrl_hs|  dense_latency<ap_fixed<16, 6, 5, 3, 0>, ap_fixed<16, 6, 5, 3, 0>, config5>|  return value|
|ap_return_24  |  out|   16|  ap_ctrl_hs|  dense_latency<ap_fixed<16, 6, 5, 3, 0>, ap_fixed<16, 6, 5, 3, 0>, config5>|  return value|
|ap_return_25  |  out|   16|  ap_ctrl_hs|  dense_latency<ap_fixed<16, 6, 5, 3, 0>, ap_fixed<16, 6, 5, 3, 0>, config5>|  return value|
|ap_return_26  |  out|   16|  ap_ctrl_hs|  dense_latency<ap_fixed<16, 6, 5, 3, 0>, ap_fixed<16, 6, 5, 3, 0>, config5>|  return value|
|ap_return_27  |  out|   16|  ap_ctrl_hs|  dense_latency<ap_fixed<16, 6, 5, 3, 0>, ap_fixed<16, 6, 5, 3, 0>, config5>|  return value|
|ap_return_28  |  out|   16|  ap_ctrl_hs|  dense_latency<ap_fixed<16, 6, 5, 3, 0>, ap_fixed<16, 6, 5, 3, 0>, config5>|  return value|
|ap_return_29  |  out|   16|  ap_ctrl_hs|  dense_latency<ap_fixed<16, 6, 5, 3, 0>, ap_fixed<16, 6, 5, 3, 0>, config5>|  return value|
|ap_return_30  |  out|   16|  ap_ctrl_hs|  dense_latency<ap_fixed<16, 6, 5, 3, 0>, ap_fixed<16, 6, 5, 3, 0>, config5>|  return value|
|ap_return_31  |  out|   16|  ap_ctrl_hs|  dense_latency<ap_fixed<16, 6, 5, 3, 0>, ap_fixed<16, 6, 5, 3, 0>, config5>|  return value|
|data_0_val    |   in|   16|     ap_none|                                                                  data_0_val|        scalar|
|data_1_val    |   in|   16|     ap_none|                                                                  data_1_val|        scalar|
|data_2_val    |   in|   16|     ap_none|                                                                  data_2_val|        scalar|
|data_3_val    |   in|   16|     ap_none|                                                                  data_3_val|        scalar|
|data_4_val    |   in|   16|     ap_none|                                                                  data_4_val|        scalar|
|data_5_val    |   in|   16|     ap_none|                                                                  data_5_val|        scalar|
|data_6_val    |   in|   16|     ap_none|                                                                  data_6_val|        scalar|
|data_7_val    |   in|   16|     ap_none|                                                                  data_7_val|        scalar|
|data_8_val    |   in|   16|     ap_none|                                                                  data_8_val|        scalar|
|data_9_val    |   in|   16|     ap_none|                                                                  data_9_val|        scalar|
|data_10_val   |   in|   16|     ap_none|                                                                 data_10_val|        scalar|
|data_11_val   |   in|   16|     ap_none|                                                                 data_11_val|        scalar|
|data_12_val   |   in|   16|     ap_none|                                                                 data_12_val|        scalar|
|data_13_val   |   in|   16|     ap_none|                                                                 data_13_val|        scalar|
|data_14_val   |   in|   16|     ap_none|                                                                 data_14_val|        scalar|
|data_15_val   |   in|   16|     ap_none|                                                                 data_15_val|        scalar|
|data_16_val   |   in|   16|     ap_none|                                                                 data_16_val|        scalar|
|data_17_val   |   in|   16|     ap_none|                                                                 data_17_val|        scalar|
|data_18_val   |   in|   16|     ap_none|                                                                 data_18_val|        scalar|
|data_19_val   |   in|   16|     ap_none|                                                                 data_19_val|        scalar|
|data_20_val   |   in|   16|     ap_none|                                                                 data_20_val|        scalar|
|data_21_val   |   in|   16|     ap_none|                                                                 data_21_val|        scalar|
|data_22_val   |   in|   16|     ap_none|                                                                 data_22_val|        scalar|
|data_23_val   |   in|   16|     ap_none|                                                                 data_23_val|        scalar|
|data_24_val   |   in|   16|     ap_none|                                                                 data_24_val|        scalar|
|data_25_val   |   in|   16|     ap_none|                                                                 data_25_val|        scalar|
|data_26_val   |   in|   16|     ap_none|                                                                 data_26_val|        scalar|
|data_27_val   |   in|   16|     ap_none|                                                                 data_27_val|        scalar|
|data_28_val   |   in|   16|     ap_none|                                                                 data_28_val|        scalar|
|data_29_val   |   in|   16|     ap_none|                                                                 data_29_val|        scalar|
|data_30_val   |   in|   16|     ap_none|                                                                 data_30_val|        scalar|
|data_31_val   |   in|   16|     ap_none|                                                                 data_31_val|        scalar|
|data_32_val   |   in|   16|     ap_none|                                                                 data_32_val|        scalar|
|data_33_val   |   in|   16|     ap_none|                                                                 data_33_val|        scalar|
|data_34_val   |   in|   16|     ap_none|                                                                 data_34_val|        scalar|
|data_35_val   |   in|   16|     ap_none|                                                                 data_35_val|        scalar|
|data_36_val   |   in|   16|     ap_none|                                                                 data_36_val|        scalar|
|data_37_val   |   in|   16|     ap_none|                                                                 data_37_val|        scalar|
|data_38_val   |   in|   16|     ap_none|                                                                 data_38_val|        scalar|
|data_39_val   |   in|   16|     ap_none|                                                                 data_39_val|        scalar|
|data_40_val   |   in|   16|     ap_none|                                                                 data_40_val|        scalar|
|data_41_val   |   in|   16|     ap_none|                                                                 data_41_val|        scalar|
|data_42_val   |   in|   16|     ap_none|                                                                 data_42_val|        scalar|
|data_43_val   |   in|   16|     ap_none|                                                                 data_43_val|        scalar|
|data_44_val   |   in|   16|     ap_none|                                                                 data_44_val|        scalar|
|data_45_val   |   in|   16|     ap_none|                                                                 data_45_val|        scalar|
|data_46_val   |   in|   16|     ap_none|                                                                 data_46_val|        scalar|
|data_47_val   |   in|   16|     ap_none|                                                                 data_47_val|        scalar|
|data_48_val   |   in|   16|     ap_none|                                                                 data_48_val|        scalar|
|data_49_val   |   in|   16|     ap_none|                                                                 data_49_val|        scalar|
|data_50_val   |   in|   16|     ap_none|                                                                 data_50_val|        scalar|
|data_51_val   |   in|   16|     ap_none|                                                                 data_51_val|        scalar|
|data_52_val   |   in|   16|     ap_none|                                                                 data_52_val|        scalar|
|data_53_val   |   in|   16|     ap_none|                                                                 data_53_val|        scalar|
|data_54_val   |   in|   16|     ap_none|                                                                 data_54_val|        scalar|
|data_55_val   |   in|   16|     ap_none|                                                                 data_55_val|        scalar|
|data_56_val   |   in|   16|     ap_none|                                                                 data_56_val|        scalar|
|data_57_val   |   in|   16|     ap_none|                                                                 data_57_val|        scalar|
|data_58_val   |   in|   16|     ap_none|                                                                 data_58_val|        scalar|
|data_59_val   |   in|   16|     ap_none|                                                                 data_59_val|        scalar|
|data_60_val   |   in|   16|     ap_none|                                                                 data_60_val|        scalar|
|data_61_val   |   in|   16|     ap_none|                                                                 data_61_val|        scalar|
|data_62_val   |   in|   16|     ap_none|                                                                 data_62_val|        scalar|
|data_63_val   |   in|   16|     ap_none|                                                                 data_63_val|        scalar|
+--------------+-----+-----+------------+----------------------------------------------------------------------------+--------------+

