

================================================================
== Vitis HLS Report for 'relu_ap_fixed_19_8_5_3_0_ap_ufixed_6_0_4_0_0_relu_config7_s'
================================================================
* Date:           Fri Oct 17 11:03:45 2025

* Version:        2023.2 (Build 4023990 on Oct 11 2023)
* Project:        myproject_prj
* Solution:       solution1 (Vivado IP Flow Target)
* Product family: virtexuplus
* Target device:  xcu250-figd2104-2L-e


================================================================
== Performance Estimates
================================================================
+ Timing: 
    * Summary: 
    +--------+---------+----------+------------+
    |  Clock |  Target | Estimated| Uncertainty|
    +--------+---------+----------+------------+
    |ap_clk  |  5.00 ns|  2.278 ns|     1.35 ns|
    +--------+---------+----------+------------+

+ Latency: 
    * Summary: 
    +---------+---------+----------+----------+-----+-----+---------+
    |  Latency (cycles) |  Latency (absolute) |  Interval | Pipeline|
    |   min   |   max   |    min   |    max   | min | max |   Type  |
    +---------+---------+----------+----------+-----+-----+---------+
    |        0|        0|      0 ns|      0 ns|    1|    1|      yes|
    +---------+---------+----------+----------+-----+-----+---------+

    + Detail: 
        * Instance: 
        N/A

        * Loop: 
        N/A

============================================================
+ Verbose Summary: Synthesis Manager
============================================================
InlineROM: 1
ExposeGlobal: 0
============================================================
+ Verbose Summary: CDFG Model
============================================================
IsTopModel: 0
ResetActiveHigh: 1
IsCombinational: 0
IsDatapathOnly: 0
HasWiredReturn: 1
HasMFsm: 2
HasVarLatency: 0
IsPipeline: 1
IsRtlPipelined: 0
IsInstanceOverlapped: 0
IsDontTouch: 0
HasImplIP: 0
IsGatedGlobalClock: 0

+ Individual pipeline summary: 
  * Pipeline-0: initiation interval (II) = 1, depth = 1


============================================================
+ Verbose Summary: Schedule
============================================================
* Number of FSM states : 1
* Pipeline : 1
  Pipeline-0 : II = 1, D = 1, States = { 1 }
* Dataflow Pipeline: 0

* FSM state transitions: 
1 --> 

* FSM state operations: 

State 1 <SV = 0> <Delay = 2.27>
ST_1 : Operation 2 [1/1] (0.00ns)   --->   "%data_31_val_read = read i19 @_ssdm_op_Read.ap_auto.i19, i19 %data_31_val" [firmware/nnet_utils/nnet_activation.h:42]   --->   Operation 2 'read' 'data_31_val_read' <Predicate = true> <Delay = 0.00>
ST_1 : Operation 3 [1/1] (0.00ns)   --->   "%data_30_val_read = read i19 @_ssdm_op_Read.ap_auto.i19, i19 %data_30_val" [firmware/nnet_utils/nnet_activation.h:42]   --->   Operation 3 'read' 'data_30_val_read' <Predicate = true> <Delay = 0.00>
ST_1 : Operation 4 [1/1] (0.00ns)   --->   "%data_29_val_read = read i19 @_ssdm_op_Read.ap_auto.i19, i19 %data_29_val" [firmware/nnet_utils/nnet_activation.h:42]   --->   Operation 4 'read' 'data_29_val_read' <Predicate = true> <Delay = 0.00>
ST_1 : Operation 5 [1/1] (0.00ns)   --->   "%data_28_val_read = read i19 @_ssdm_op_Read.ap_auto.i19, i19 %data_28_val" [firmware/nnet_utils/nnet_activation.h:42]   --->   Operation 5 'read' 'data_28_val_read' <Predicate = true> <Delay = 0.00>
ST_1 : Operation 6 [1/1] (0.00ns)   --->   "%data_27_val_read = read i19 @_ssdm_op_Read.ap_auto.i19, i19 %data_27_val" [firmware/nnet_utils/nnet_activation.h:42]   --->   Operation 6 'read' 'data_27_val_read' <Predicate = true> <Delay = 0.00>
ST_1 : Operation 7 [1/1] (0.00ns)   --->   "%data_26_val_read = read i19 @_ssdm_op_Read.ap_auto.i19, i19 %data_26_val" [firmware/nnet_utils/nnet_activation.h:42]   --->   Operation 7 'read' 'data_26_val_read' <Predicate = true> <Delay = 0.00>
ST_1 : Operation 8 [1/1] (0.00ns)   --->   "%data_25_val_read = read i19 @_ssdm_op_Read.ap_auto.i19, i19 %data_25_val" [firmware/nnet_utils/nnet_activation.h:42]   --->   Operation 8 'read' 'data_25_val_read' <Predicate = true> <Delay = 0.00>
ST_1 : Operation 9 [1/1] (0.00ns)   --->   "%data_23_val_read = read i19 @_ssdm_op_Read.ap_auto.i19, i19 %data_23_val" [firmware/nnet_utils/nnet_activation.h:42]   --->   Operation 9 'read' 'data_23_val_read' <Predicate = true> <Delay = 0.00>
ST_1 : Operation 10 [1/1] (0.00ns)   --->   "%data_22_val_read = read i19 @_ssdm_op_Read.ap_auto.i19, i19 %data_22_val" [firmware/nnet_utils/nnet_activation.h:42]   --->   Operation 10 'read' 'data_22_val_read' <Predicate = true> <Delay = 0.00>
ST_1 : Operation 11 [1/1] (0.00ns)   --->   "%data_21_val_read = read i19 @_ssdm_op_Read.ap_auto.i19, i19 %data_21_val" [firmware/nnet_utils/nnet_activation.h:42]   --->   Operation 11 'read' 'data_21_val_read' <Predicate = true> <Delay = 0.00>
ST_1 : Operation 12 [1/1] (0.00ns)   --->   "%data_20_val_read = read i19 @_ssdm_op_Read.ap_auto.i19, i19 %data_20_val" [firmware/nnet_utils/nnet_activation.h:42]   --->   Operation 12 'read' 'data_20_val_read' <Predicate = true> <Delay = 0.00>
ST_1 : Operation 13 [1/1] (0.00ns)   --->   "%data_19_val_read = read i19 @_ssdm_op_Read.ap_auto.i19, i19 %data_19_val" [firmware/nnet_utils/nnet_activation.h:42]   --->   Operation 13 'read' 'data_19_val_read' <Predicate = true> <Delay = 0.00>
ST_1 : Operation 14 [1/1] (0.00ns)   --->   "%data_18_val_read = read i19 @_ssdm_op_Read.ap_auto.i19, i19 %data_18_val" [firmware/nnet_utils/nnet_activation.h:42]   --->   Operation 14 'read' 'data_18_val_read' <Predicate = true> <Delay = 0.00>
ST_1 : Operation 15 [1/1] (0.00ns)   --->   "%data_17_val_read = read i19 @_ssdm_op_Read.ap_auto.i19, i19 %data_17_val" [firmware/nnet_utils/nnet_activation.h:42]   --->   Operation 15 'read' 'data_17_val_read' <Predicate = true> <Delay = 0.00>
ST_1 : Operation 16 [1/1] (0.00ns)   --->   "%data_16_val_read = read i19 @_ssdm_op_Read.ap_auto.i19, i19 %data_16_val" [firmware/nnet_utils/nnet_activation.h:42]   --->   Operation 16 'read' 'data_16_val_read' <Predicate = true> <Delay = 0.00>
ST_1 : Operation 17 [1/1] (0.00ns)   --->   "%data_15_val_read = read i19 @_ssdm_op_Read.ap_auto.i19, i19 %data_15_val" [firmware/nnet_utils/nnet_activation.h:42]   --->   Operation 17 'read' 'data_15_val_read' <Predicate = true> <Delay = 0.00>
ST_1 : Operation 18 [1/1] (0.00ns)   --->   "%data_14_val_read = read i19 @_ssdm_op_Read.ap_auto.i19, i19 %data_14_val" [firmware/nnet_utils/nnet_activation.h:42]   --->   Operation 18 'read' 'data_14_val_read' <Predicate = true> <Delay = 0.00>
ST_1 : Operation 19 [1/1] (0.00ns)   --->   "%data_13_val_read = read i19 @_ssdm_op_Read.ap_auto.i19, i19 %data_13_val" [firmware/nnet_utils/nnet_activation.h:42]   --->   Operation 19 'read' 'data_13_val_read' <Predicate = true> <Delay = 0.00>
ST_1 : Operation 20 [1/1] (0.00ns)   --->   "%data_12_val_read = read i19 @_ssdm_op_Read.ap_auto.i19, i19 %data_12_val" [firmware/nnet_utils/nnet_activation.h:42]   --->   Operation 20 'read' 'data_12_val_read' <Predicate = true> <Delay = 0.00>
ST_1 : Operation 21 [1/1] (0.00ns)   --->   "%data_11_val_read = read i19 @_ssdm_op_Read.ap_auto.i19, i19 %data_11_val" [firmware/nnet_utils/nnet_activation.h:42]   --->   Operation 21 'read' 'data_11_val_read' <Predicate = true> <Delay = 0.00>
ST_1 : Operation 22 [1/1] (0.00ns)   --->   "%data_10_val_read = read i19 @_ssdm_op_Read.ap_auto.i19, i19 %data_10_val" [firmware/nnet_utils/nnet_activation.h:42]   --->   Operation 22 'read' 'data_10_val_read' <Predicate = true> <Delay = 0.00>
ST_1 : Operation 23 [1/1] (0.00ns)   --->   "%data_9_val_read = read i19 @_ssdm_op_Read.ap_auto.i19, i19 %data_9_val" [firmware/nnet_utils/nnet_activation.h:42]   --->   Operation 23 'read' 'data_9_val_read' <Predicate = true> <Delay = 0.00>
ST_1 : Operation 24 [1/1] (0.00ns)   --->   "%data_8_val_read = read i19 @_ssdm_op_Read.ap_auto.i19, i19 %data_8_val" [firmware/nnet_utils/nnet_activation.h:42]   --->   Operation 24 'read' 'data_8_val_read' <Predicate = true> <Delay = 0.00>
ST_1 : Operation 25 [1/1] (0.00ns)   --->   "%data_7_val_read = read i19 @_ssdm_op_Read.ap_auto.i19, i19 %data_7_val" [firmware/nnet_utils/nnet_activation.h:42]   --->   Operation 25 'read' 'data_7_val_read' <Predicate = true> <Delay = 0.00>
ST_1 : Operation 26 [1/1] (0.00ns)   --->   "%data_6_val_read = read i19 @_ssdm_op_Read.ap_auto.i19, i19 %data_6_val" [firmware/nnet_utils/nnet_activation.h:42]   --->   Operation 26 'read' 'data_6_val_read' <Predicate = true> <Delay = 0.00>
ST_1 : Operation 27 [1/1] (0.00ns)   --->   "%data_5_val_read = read i19 @_ssdm_op_Read.ap_auto.i19, i19 %data_5_val" [firmware/nnet_utils/nnet_activation.h:42]   --->   Operation 27 'read' 'data_5_val_read' <Predicate = true> <Delay = 0.00>
ST_1 : Operation 28 [1/1] (0.00ns)   --->   "%data_4_val_read = read i19 @_ssdm_op_Read.ap_auto.i19, i19 %data_4_val" [firmware/nnet_utils/nnet_activation.h:42]   --->   Operation 28 'read' 'data_4_val_read' <Predicate = true> <Delay = 0.00>
ST_1 : Operation 29 [1/1] (0.00ns)   --->   "%data_3_val_read = read i19 @_ssdm_op_Read.ap_auto.i19, i19 %data_3_val" [firmware/nnet_utils/nnet_activation.h:42]   --->   Operation 29 'read' 'data_3_val_read' <Predicate = true> <Delay = 0.00>
ST_1 : Operation 30 [1/1] (0.00ns)   --->   "%data_2_val_read = read i19 @_ssdm_op_Read.ap_auto.i19, i19 %data_2_val" [firmware/nnet_utils/nnet_activation.h:42]   --->   Operation 30 'read' 'data_2_val_read' <Predicate = true> <Delay = 0.00>
ST_1 : Operation 31 [1/1] (0.00ns)   --->   "%data_1_val_read = read i19 @_ssdm_op_Read.ap_auto.i19, i19 %data_1_val" [firmware/nnet_utils/nnet_activation.h:42]   --->   Operation 31 'read' 'data_1_val_read' <Predicate = true> <Delay = 0.00>
ST_1 : Operation 32 [1/1] (0.00ns)   --->   "%data_0_val_read = read i19 @_ssdm_op_Read.ap_auto.i19, i19 %data_0_val" [firmware/nnet_utils/nnet_activation.h:42]   --->   Operation 32 'read' 'data_0_val_read' <Predicate = true> <Delay = 0.00>
ST_1 : Operation 33 [1/1] (0.00ns)   --->   "%specpipeline_ln42 = specpipeline void @_ssdm_op_SpecPipeline, i32 4294967295, i32 0, i32 0, i32 0, void @empty_0" [firmware/nnet_utils/nnet_activation.h:42]   --->   Operation 33 'specpipeline' 'specpipeline_ln42' <Predicate = true> <Delay = 0.00>
ST_1 : Operation 34 [1/1] (0.80ns)   --->   "%icmp_ln45 = icmp_sgt  i19 %data_0_val_read, i19 0" [firmware/nnet_utils/nnet_activation.h:45]   --->   Operation 34 'icmp' 'icmp_ln45' <Predicate = true> <Delay = 0.80> <CoreInst = "Cmp">   --->   Core 9 'Cmp' <Latency = 0> <II = 1> <Delay = 0.80> <FuncUnit> <Opcode : 'icmp'> <InPorts = 2> <OutPorts = 1>
ST_1 : Operation 35 [1/1] (0.00ns)   --->   "%tmp = bitselect i1 @_ssdm_op_BitSelect.i1.i19.i32, i19 %data_0_val_read, i32 18" [firmware/nnet_utils/nnet_activation.h:46]   --->   Operation 35 'bitselect' 'tmp' <Predicate = (icmp_ln45)> <Delay = 0.00>
ST_1 : Operation 36 [1/1] (0.00ns) (grouped into LUT with out node add_ln46)   --->   "%trunc_ln3 = partselect i6 @_ssdm_op_PartSelect.i6.i19.i32.i32, i19 %data_0_val_read, i32 5, i32 10" [firmware/nnet_utils/nnet_activation.h:46]   --->   Operation 36 'partselect' 'trunc_ln3' <Predicate = (icmp_ln45)> <Delay = 0.00>
ST_1 : Operation 37 [1/1] (0.00ns) (grouped into LUT with out node add_ln46)   --->   "%tmp_377 = bitselect i1 @_ssdm_op_BitSelect.i1.i19.i32, i19 %data_0_val_read, i32 5" [firmware/nnet_utils/nnet_activation.h:46]   --->   Operation 37 'bitselect' 'tmp_377' <Predicate = (icmp_ln45)> <Delay = 0.00>
ST_1 : Operation 38 [1/1] (0.00ns) (grouped into LUT with out node add_ln46)   --->   "%tmp_378 = bitselect i1 @_ssdm_op_BitSelect.i1.i19.i32, i19 %data_0_val_read, i32 4" [firmware/nnet_utils/nnet_activation.h:46]   --->   Operation 38 'bitselect' 'tmp_378' <Predicate = (icmp_ln45)> <Delay = 0.00>
ST_1 : Operation 39 [1/1] (0.00ns)   --->   "%trunc_ln46 = trunc i19 %data_0_val_read" [firmware/nnet_utils/nnet_activation.h:46]   --->   Operation 39 'trunc' 'trunc_ln46' <Predicate = (icmp_ln45)> <Delay = 0.00>
ST_1 : Operation 40 [1/1] (0.70ns)   --->   "%icmp_ln46 = icmp_ne  i4 %trunc_ln46, i4 0" [firmware/nnet_utils/nnet_activation.h:46]   --->   Operation 40 'icmp' 'icmp_ln46' <Predicate = (icmp_ln45)> <Delay = 0.70> <CoreInst = "Cmp">   --->   Core 9 'Cmp' <Latency = 0> <II = 1> <Delay = 0.70> <FuncUnit> <Opcode : 'icmp'> <InPorts = 2> <OutPorts = 1>
ST_1 : Operation 41 [1/1] (0.00ns)   --->   "%tmp_379 = bitselect i1 @_ssdm_op_BitSelect.i1.i19.i32, i19 %data_0_val_read, i32 10" [firmware/nnet_utils/nnet_activation.h:46]   --->   Operation 41 'bitselect' 'tmp_379' <Predicate = (icmp_ln45)> <Delay = 0.00>
ST_1 : Operation 42 [1/1] (0.00ns) (grouped into LUT with out node add_ln46)   --->   "%or_ln46 = or i1 %tmp_377, i1 %icmp_ln46" [firmware/nnet_utils/nnet_activation.h:46]   --->   Operation 42 'or' 'or_ln46' <Predicate = (icmp_ln45)> <Delay = 0.00> <CoreInst = "LogicGate">   --->   Core 74 'LogicGate' <Latency = 0> <II = 1> <Delay = 0.12> <FuncUnit> <Opcode : 'and' 'or' 'xor'> <InPorts = 2> <OutPorts = 1>
ST_1 : Operation 43 [1/1] (0.00ns) (grouped into LUT with out node add_ln46)   --->   "%and_ln46 = and i1 %or_ln46, i1 %tmp_378" [firmware/nnet_utils/nnet_activation.h:46]   --->   Operation 43 'and' 'and_ln46' <Predicate = (icmp_ln45)> <Delay = 0.00> <CoreInst = "LogicGate">   --->   Core 74 'LogicGate' <Latency = 0> <II = 1> <Delay = 0.12> <FuncUnit> <Opcode : 'and' 'or' 'xor'> <InPorts = 2> <OutPorts = 1>
ST_1 : Operation 44 [1/1] (0.00ns) (grouped into LUT with out node add_ln46)   --->   "%zext_ln46 = zext i1 %and_ln46" [firmware/nnet_utils/nnet_activation.h:46]   --->   Operation 44 'zext' 'zext_ln46' <Predicate = (icmp_ln45)> <Delay = 0.00>
ST_1 : Operation 45 [1/1] (0.70ns) (out node of the LUT)   --->   "%add_ln46 = add i6 %trunc_ln3, i6 %zext_ln46" [firmware/nnet_utils/nnet_activation.h:46]   --->   Operation 45 'add' 'add_ln46' <Predicate = (icmp_ln45)> <Delay = 0.70> <CoreInst = "Adder">   --->   Core 1 'Adder' <Latency = 0> <II = 1> <Delay = 0.70> <FuncUnit> <Opcode : 'add' 'sub'> <InPorts = 2> <OutPorts = 1>
ST_1 : Operation 46 [1/1] (0.00ns) (grouped into LUT with out node select_ln46_253)   --->   "%trunc_ln46_188 = trunc i6 %add_ln46" [firmware/nnet_utils/nnet_activation.h:46]   --->   Operation 46 'trunc' 'trunc_ln46_188' <Predicate = (and_ln46_253 & tmp & or_ln46_189 & or_ln46_190 & icmp_ln45)> <Delay = 0.00>
ST_1 : Operation 47 [1/1] (0.00ns)   --->   "%tmp_6 = partselect i8 @_ssdm_op_PartSelect.i8.i19.i32.i32, i19 %data_0_val_read, i32 11, i32 18" [firmware/nnet_utils/nnet_activation.h:46]   --->   Operation 47 'partselect' 'tmp_6' <Predicate = (icmp_ln45)> <Delay = 0.00>
ST_1 : Operation 48 [1/1] (0.70ns)   --->   "%icmp_ln46_189 = icmp_eq  i8 %tmp_6, i8 255" [firmware/nnet_utils/nnet_activation.h:46]   --->   Operation 48 'icmp' 'icmp_ln46_189' <Predicate = (icmp_ln45)> <Delay = 0.70> <CoreInst = "Cmp">   --->   Core 9 'Cmp' <Latency = 0> <II = 1> <Delay = 0.70> <FuncUnit> <Opcode : 'icmp'> <InPorts = 2> <OutPorts = 1>
ST_1 : Operation 49 [1/1] (0.70ns)   --->   "%icmp_ln46_190 = icmp_eq  i8 %tmp_6, i8 0" [firmware/nnet_utils/nnet_activation.h:46]   --->   Operation 49 'icmp' 'icmp_ln46_190' <Predicate = (icmp_ln45)> <Delay = 0.70> <CoreInst = "Cmp">   --->   Core 9 'Cmp' <Latency = 0> <II = 1> <Delay = 0.70> <FuncUnit> <Opcode : 'icmp'> <InPorts = 2> <OutPorts = 1>
ST_1 : Operation 50 [1/1] (0.00ns)   --->   "%tmp_380 = bitselect i1 @_ssdm_op_BitSelect.i1.i6.i32, i6 %add_ln46, i32 5" [firmware/nnet_utils/nnet_activation.h:46]   --->   Operation 50 'bitselect' 'tmp_380' <Predicate = (icmp_ln45)> <Delay = 0.00>
ST_1 : Operation 51 [1/1] (0.00ns) (grouped into LUT with out node and_ln46_253)   --->   "%xor_ln46_189 = xor i1 %tmp_380, i1 1" [firmware/nnet_utils/nnet_activation.h:46]   --->   Operation 51 'xor' 'xor_ln46_189' <Predicate = (icmp_ln45)> <Delay = 0.00> <CoreInst = "LogicGate">   --->   Core 74 'LogicGate' <Latency = 0> <II = 1> <Delay = 0.12> <FuncUnit> <Opcode : 'and' 'or' 'xor'> <InPorts = 2> <OutPorts = 1>
ST_1 : Operation 52 [1/1] (0.00ns) (grouped into LUT with out node or_ln46_189)   --->   "%select_ln46 = select i1 %tmp_380, i1 %icmp_ln46_190, i1 %icmp_ln46_189" [firmware/nnet_utils/nnet_activation.h:46]   --->   Operation 52 'select' 'select_ln46' <Predicate = (icmp_ln45)> <Delay = 0.00> <CoreInst = "Sel">   --->   Core 73 'Sel' <Latency = 0> <II = 1> <Delay = 0.27> <FuncUnit> <Opcode : 'select'> <InPorts = 3> <OutPorts = 1>
ST_1 : Operation 53 [1/1] (0.00ns) (grouped into LUT with out node or_ln46_189)   --->   "%select_ln46_378 = select i1 %tmp_379, i1 %select_ln46, i1 %icmp_ln46_190" [firmware/nnet_utils/nnet_activation.h:46]   --->   Operation 53 'select' 'select_ln46_378' <Predicate = (icmp_ln45)> <Delay = 0.00> <CoreInst = "Sel">   --->   Core 73 'Sel' <Latency = 0> <II = 1> <Delay = 0.27> <FuncUnit> <Opcode : 'select'> <InPorts = 3> <OutPorts = 1>
ST_1 : Operation 54 [1/1] (0.27ns) (out node of the LUT)   --->   "%or_ln46_189 = or i1 %select_ln46_378, i1 %tmp" [firmware/nnet_utils/nnet_activation.h:46]   --->   Operation 54 'or' 'or_ln46_189' <Predicate = (icmp_ln45)> <Delay = 0.27> <CoreInst = "LogicGate">   --->   Core 74 'LogicGate' <Latency = 0> <II = 1> <Delay = 0.12> <FuncUnit> <Opcode : 'and' 'or' 'xor'> <InPorts = 2> <OutPorts = 1>
ST_1 : Operation 55 [1/1] (0.00ns) (grouped into LUT with out node select_ln45)   --->   "%xor_ln46 = xor i1 %or_ln46_189, i1 1" [firmware/nnet_utils/nnet_activation.h:46]   --->   Operation 55 'xor' 'xor_ln46' <Predicate = (icmp_ln45)> <Delay = 0.00> <CoreInst = "LogicGate">   --->   Core 74 'LogicGate' <Latency = 0> <II = 1> <Delay = 0.12> <FuncUnit> <Opcode : 'and' 'or' 'xor'> <InPorts = 2> <OutPorts = 1>
ST_1 : Operation 56 [1/1] (0.00ns) (grouped into LUT with out node and_ln46_253)   --->   "%and_ln46_252 = and i1 %icmp_ln46_189, i1 %xor_ln46_189" [firmware/nnet_utils/nnet_activation.h:46]   --->   Operation 56 'and' 'and_ln46_252' <Predicate = (icmp_ln45)> <Delay = 0.00> <CoreInst = "LogicGate">   --->   Core 74 'LogicGate' <Latency = 0> <II = 1> <Delay = 0.12> <FuncUnit> <Opcode : 'and' 'or' 'xor'> <InPorts = 2> <OutPorts = 1>
ST_1 : Operation 57 [1/1] (0.12ns) (out node of the LUT)   --->   "%and_ln46_253 = and i1 %and_ln46_252, i1 %tmp_379" [firmware/nnet_utils/nnet_activation.h:46]   --->   Operation 57 'and' 'and_ln46_253' <Predicate = (icmp_ln45)> <Delay = 0.12> <CoreInst = "LogicGate">   --->   Core 74 'LogicGate' <Latency = 0> <II = 1> <Delay = 0.12> <FuncUnit> <Opcode : 'and' 'or' 'xor'> <InPorts = 2> <OutPorts = 1>
ST_1 : Operation 58 [1/1] (0.00ns) (grouped into LUT with out node select_ln45)   --->   "%xor_ln46_126 = xor i1 %and_ln46_253, i1 1" [firmware/nnet_utils/nnet_activation.h:46]   --->   Operation 58 'xor' 'xor_ln46_126' <Predicate = (icmp_ln45)> <Delay = 0.00> <CoreInst = "LogicGate">   --->   Core 74 'LogicGate' <Latency = 0> <II = 1> <Delay = 0.12> <FuncUnit> <Opcode : 'and' 'or' 'xor'> <InPorts = 2> <OutPorts = 1>
ST_1 : Operation 59 [1/1] (0.00ns) (grouped into LUT with out node select_ln46_253)   --->   "%select_ln46_252 = select i1 %and_ln46_253, i5 %trunc_ln46_188, i5 0" [firmware/nnet_utils/nnet_activation.h:46]   --->   Operation 59 'select' 'select_ln46_252' <Predicate = (tmp & or_ln46_189 & or_ln46_190 & icmp_ln45)> <Delay = 0.00> <CoreInst = "Sel">   --->   Core 73 'Sel' <Latency = 0> <II = 1> <Delay = 0.27> <FuncUnit> <Opcode : 'select'> <InPorts = 3> <OutPorts = 1>
ST_1 : Operation 60 [1/1] (0.00ns) (grouped into LUT with out node select_ln46_253)   --->   "%zext_ln46_126 = zext i5 %select_ln46_252" [firmware/nnet_utils/nnet_activation.h:46]   --->   Operation 60 'zext' 'zext_ln46_126' <Predicate = (tmp & or_ln46_189 & or_ln46_190 & icmp_ln45)> <Delay = 0.00>
ST_1 : Operation 61 [1/1] (0.00ns) (grouped into LUT with out node select_ln45)   --->   "%and_ln46_254 = and i1 %tmp, i1 %xor_ln46_126" [firmware/nnet_utils/nnet_activation.h:46]   --->   Operation 61 'and' 'and_ln46_254' <Predicate = (icmp_ln45)> <Delay = 0.00> <CoreInst = "LogicGate">   --->   Core 74 'LogicGate' <Latency = 0> <II = 1> <Delay = 0.12> <FuncUnit> <Opcode : 'and' 'or' 'xor'> <InPorts = 2> <OutPorts = 1>
ST_1 : Operation 62 [1/1] (0.00ns) (grouped into LUT with out node select_ln45)   --->   "%or_ln46_190 = or i1 %and_ln46_254, i1 %xor_ln46" [firmware/nnet_utils/nnet_activation.h:46]   --->   Operation 62 'or' 'or_ln46_190' <Predicate = (icmp_ln45)> <Delay = 0.00> <CoreInst = "LogicGate">   --->   Core 74 'LogicGate' <Latency = 0> <II = 1> <Delay = 0.12> <FuncUnit> <Opcode : 'and' 'or' 'xor'> <InPorts = 2> <OutPorts = 1>
ST_1 : Operation 63 [1/1] (0.00ns) (grouped into LUT with out node select_ln46_253)   --->   "%select_ln46_379 = select i1 %tmp, i6 %zext_ln46_126, i6 %add_ln46" [firmware/nnet_utils/nnet_activation.h:46]   --->   Operation 63 'select' 'select_ln46_379' <Predicate = (or_ln46_189 & or_ln46_190 & icmp_ln45)> <Delay = 0.00> <CoreInst = "Sel">   --->   Core 73 'Sel' <Latency = 0> <II = 1> <Delay = 0.29> <FuncUnit> <Opcode : 'select'> <InPorts = 3> <OutPorts = 1>
ST_1 : Operation 64 [1/1] (0.29ns) (out node of the LUT)   --->   "%select_ln46_253 = select i1 %or_ln46_189, i6 %select_ln46_379, i6 63" [firmware/nnet_utils/nnet_activation.h:46]   --->   Operation 64 'select' 'select_ln46_253' <Predicate = (or_ln46_190 & icmp_ln45)> <Delay = 0.29> <CoreInst = "Sel">   --->   Core 73 'Sel' <Latency = 0> <II = 1> <Delay = 0.29> <FuncUnit> <Opcode : 'select'> <InPorts = 3> <OutPorts = 1>
ST_1 : Operation 65 [1/1] (0.00ns) (grouped into LUT with out node select_ln45)   --->   "%select_ln46_254 = select i1 %or_ln46_190, i6 %select_ln46_253, i6 %add_ln46" [firmware/nnet_utils/nnet_activation.h:46]   --->   Operation 65 'select' 'select_ln46_254' <Predicate = (icmp_ln45)> <Delay = 0.00> <CoreInst = "Sel">   --->   Core 73 'Sel' <Latency = 0> <II = 1> <Delay = 0.29> <FuncUnit> <Opcode : 'select'> <InPorts = 3> <OutPorts = 1>
ST_1 : Operation 66 [1/1] (0.29ns) (out node of the LUT)   --->   "%select_ln45 = select i1 %icmp_ln45, i6 %select_ln46_254, i6 0" [firmware/nnet_utils/nnet_activation.h:45]   --->   Operation 66 'select' 'select_ln45' <Predicate = true> <Delay = 0.29> <CoreInst = "Sel">   --->   Core 73 'Sel' <Latency = 0> <II = 1> <Delay = 0.29> <FuncUnit> <Opcode : 'select'> <InPorts = 3> <OutPorts = 1>
ST_1 : Operation 67 [1/1] (0.80ns)   --->   "%icmp_ln45_63 = icmp_sgt  i19 %data_1_val_read, i19 0" [firmware/nnet_utils/nnet_activation.h:45]   --->   Operation 67 'icmp' 'icmp_ln45_63' <Predicate = true> <Delay = 0.80> <CoreInst = "Cmp">   --->   Core 9 'Cmp' <Latency = 0> <II = 1> <Delay = 0.80> <FuncUnit> <Opcode : 'icmp'> <InPorts = 2> <OutPorts = 1>
ST_1 : Operation 68 [1/1] (0.00ns)   --->   "%tmp_381 = bitselect i1 @_ssdm_op_BitSelect.i1.i19.i32, i19 %data_1_val_read, i32 18" [firmware/nnet_utils/nnet_activation.h:46]   --->   Operation 68 'bitselect' 'tmp_381' <Predicate = (icmp_ln45_63)> <Delay = 0.00>
ST_1 : Operation 69 [1/1] (0.00ns) (grouped into LUT with out node add_ln46_63)   --->   "%trunc_ln46_s = partselect i6 @_ssdm_op_PartSelect.i6.i19.i32.i32, i19 %data_1_val_read, i32 5, i32 10" [firmware/nnet_utils/nnet_activation.h:46]   --->   Operation 69 'partselect' 'trunc_ln46_s' <Predicate = (icmp_ln45_63)> <Delay = 0.00>
ST_1 : Operation 70 [1/1] (0.00ns) (grouped into LUT with out node add_ln46_63)   --->   "%tmp_382 = bitselect i1 @_ssdm_op_BitSelect.i1.i19.i32, i19 %data_1_val_read, i32 5" [firmware/nnet_utils/nnet_activation.h:46]   --->   Operation 70 'bitselect' 'tmp_382' <Predicate = (icmp_ln45_63)> <Delay = 0.00>
ST_1 : Operation 71 [1/1] (0.00ns) (grouped into LUT with out node add_ln46_63)   --->   "%tmp_383 = bitselect i1 @_ssdm_op_BitSelect.i1.i19.i32, i19 %data_1_val_read, i32 4" [firmware/nnet_utils/nnet_activation.h:46]   --->   Operation 71 'bitselect' 'tmp_383' <Predicate = (icmp_ln45_63)> <Delay = 0.00>
ST_1 : Operation 72 [1/1] (0.00ns)   --->   "%trunc_ln46_189 = trunc i19 %data_1_val_read" [firmware/nnet_utils/nnet_activation.h:46]   --->   Operation 72 'trunc' 'trunc_ln46_189' <Predicate = (icmp_ln45_63)> <Delay = 0.00>
ST_1 : Operation 73 [1/1] (0.70ns)   --->   "%icmp_ln46_191 = icmp_ne  i4 %trunc_ln46_189, i4 0" [firmware/nnet_utils/nnet_activation.h:46]   --->   Operation 73 'icmp' 'icmp_ln46_191' <Predicate = (icmp_ln45_63)> <Delay = 0.70> <CoreInst = "Cmp">   --->   Core 9 'Cmp' <Latency = 0> <II = 1> <Delay = 0.70> <FuncUnit> <Opcode : 'icmp'> <InPorts = 2> <OutPorts = 1>
ST_1 : Operation 74 [1/1] (0.00ns)   --->   "%tmp_384 = bitselect i1 @_ssdm_op_BitSelect.i1.i19.i32, i19 %data_1_val_read, i32 10" [firmware/nnet_utils/nnet_activation.h:46]   --->   Operation 74 'bitselect' 'tmp_384' <Predicate = (icmp_ln45_63)> <Delay = 0.00>
ST_1 : Operation 75 [1/1] (0.00ns) (grouped into LUT with out node add_ln46_63)   --->   "%or_ln46_191 = or i1 %tmp_382, i1 %icmp_ln46_191" [firmware/nnet_utils/nnet_activation.h:46]   --->   Operation 75 'or' 'or_ln46_191' <Predicate = (icmp_ln45_63)> <Delay = 0.00> <CoreInst = "LogicGate">   --->   Core 74 'LogicGate' <Latency = 0> <II = 1> <Delay = 0.12> <FuncUnit> <Opcode : 'and' 'or' 'xor'> <InPorts = 2> <OutPorts = 1>
ST_1 : Operation 76 [1/1] (0.00ns) (grouped into LUT with out node add_ln46_63)   --->   "%and_ln46_255 = and i1 %or_ln46_191, i1 %tmp_383" [firmware/nnet_utils/nnet_activation.h:46]   --->   Operation 76 'and' 'and_ln46_255' <Predicate = (icmp_ln45_63)> <Delay = 0.00> <CoreInst = "LogicGate">   --->   Core 74 'LogicGate' <Latency = 0> <II = 1> <Delay = 0.12> <FuncUnit> <Opcode : 'and' 'or' 'xor'> <InPorts = 2> <OutPorts = 1>
ST_1 : Operation 77 [1/1] (0.00ns) (grouped into LUT with out node add_ln46_63)   --->   "%zext_ln46_63 = zext i1 %and_ln46_255" [firmware/nnet_utils/nnet_activation.h:46]   --->   Operation 77 'zext' 'zext_ln46_63' <Predicate = (icmp_ln45_63)> <Delay = 0.00>
ST_1 : Operation 78 [1/1] (0.70ns) (out node of the LUT)   --->   "%add_ln46_63 = add i6 %trunc_ln46_s, i6 %zext_ln46_63" [firmware/nnet_utils/nnet_activation.h:46]   --->   Operation 78 'add' 'add_ln46_63' <Predicate = (icmp_ln45_63)> <Delay = 0.70> <CoreInst = "Adder">   --->   Core 1 'Adder' <Latency = 0> <II = 1> <Delay = 0.70> <FuncUnit> <Opcode : 'add' 'sub'> <InPorts = 2> <OutPorts = 1>
ST_1 : Operation 79 [1/1] (0.00ns) (grouped into LUT with out node select_ln46_257)   --->   "%trunc_ln46_190 = trunc i6 %add_ln46_63" [firmware/nnet_utils/nnet_activation.h:46]   --->   Operation 79 'trunc' 'trunc_ln46_190' <Predicate = (and_ln46_257 & tmp_381 & or_ln46_192 & or_ln46_193 & icmp_ln45_63)> <Delay = 0.00>
ST_1 : Operation 80 [1/1] (0.00ns)   --->   "%tmp_s = partselect i8 @_ssdm_op_PartSelect.i8.i19.i32.i32, i19 %data_1_val_read, i32 11, i32 18" [firmware/nnet_utils/nnet_activation.h:46]   --->   Operation 80 'partselect' 'tmp_s' <Predicate = (icmp_ln45_63)> <Delay = 0.00>
ST_1 : Operation 81 [1/1] (0.70ns)   --->   "%icmp_ln46_192 = icmp_eq  i8 %tmp_s, i8 255" [firmware/nnet_utils/nnet_activation.h:46]   --->   Operation 81 'icmp' 'icmp_ln46_192' <Predicate = (icmp_ln45_63)> <Delay = 0.70> <CoreInst = "Cmp">   --->   Core 9 'Cmp' <Latency = 0> <II = 1> <Delay = 0.70> <FuncUnit> <Opcode : 'icmp'> <InPorts = 2> <OutPorts = 1>
ST_1 : Operation 82 [1/1] (0.70ns)   --->   "%icmp_ln46_193 = icmp_eq  i8 %tmp_s, i8 0" [firmware/nnet_utils/nnet_activation.h:46]   --->   Operation 82 'icmp' 'icmp_ln46_193' <Predicate = (icmp_ln45_63)> <Delay = 0.70> <CoreInst = "Cmp">   --->   Core 9 'Cmp' <Latency = 0> <II = 1> <Delay = 0.70> <FuncUnit> <Opcode : 'icmp'> <InPorts = 2> <OutPorts = 1>
ST_1 : Operation 83 [1/1] (0.00ns)   --->   "%tmp_385 = bitselect i1 @_ssdm_op_BitSelect.i1.i6.i32, i6 %add_ln46_63, i32 5" [firmware/nnet_utils/nnet_activation.h:46]   --->   Operation 83 'bitselect' 'tmp_385' <Predicate = (icmp_ln45_63)> <Delay = 0.00>
ST_1 : Operation 84 [1/1] (0.00ns) (grouped into LUT with out node and_ln46_257)   --->   "%xor_ln46_190 = xor i1 %tmp_385, i1 1" [firmware/nnet_utils/nnet_activation.h:46]   --->   Operation 84 'xor' 'xor_ln46_190' <Predicate = (icmp_ln45_63)> <Delay = 0.00> <CoreInst = "LogicGate">   --->   Core 74 'LogicGate' <Latency = 0> <II = 1> <Delay = 0.12> <FuncUnit> <Opcode : 'and' 'or' 'xor'> <InPorts = 2> <OutPorts = 1>
ST_1 : Operation 85 [1/1] (0.00ns) (grouped into LUT with out node or_ln46_192)   --->   "%select_ln46_255 = select i1 %tmp_385, i1 %icmp_ln46_193, i1 %icmp_ln46_192" [firmware/nnet_utils/nnet_activation.h:46]   --->   Operation 85 'select' 'select_ln46_255' <Predicate = (icmp_ln45_63)> <Delay = 0.00> <CoreInst = "Sel">   --->   Core 73 'Sel' <Latency = 0> <II = 1> <Delay = 0.27> <FuncUnit> <Opcode : 'select'> <InPorts = 3> <OutPorts = 1>
ST_1 : Operation 86 [1/1] (0.00ns) (grouped into LUT with out node or_ln46_192)   --->   "%select_ln46_380 = select i1 %tmp_384, i1 %select_ln46_255, i1 %icmp_ln46_193" [firmware/nnet_utils/nnet_activation.h:46]   --->   Operation 86 'select' 'select_ln46_380' <Predicate = (icmp_ln45_63)> <Delay = 0.00> <CoreInst = "Sel">   --->   Core 73 'Sel' <Latency = 0> <II = 1> <Delay = 0.27> <FuncUnit> <Opcode : 'select'> <InPorts = 3> <OutPorts = 1>
ST_1 : Operation 87 [1/1] (0.27ns) (out node of the LUT)   --->   "%or_ln46_192 = or i1 %select_ln46_380, i1 %tmp_381" [firmware/nnet_utils/nnet_activation.h:46]   --->   Operation 87 'or' 'or_ln46_192' <Predicate = (icmp_ln45_63)> <Delay = 0.27> <CoreInst = "LogicGate">   --->   Core 74 'LogicGate' <Latency = 0> <II = 1> <Delay = 0.12> <FuncUnit> <Opcode : 'and' 'or' 'xor'> <InPorts = 2> <OutPorts = 1>
ST_1 : Operation 88 [1/1] (0.00ns) (grouped into LUT with out node select_ln45_63)   --->   "%xor_ln46_127 = xor i1 %or_ln46_192, i1 1" [firmware/nnet_utils/nnet_activation.h:46]   --->   Operation 88 'xor' 'xor_ln46_127' <Predicate = (icmp_ln45_63)> <Delay = 0.00> <CoreInst = "LogicGate">   --->   Core 74 'LogicGate' <Latency = 0> <II = 1> <Delay = 0.12> <FuncUnit> <Opcode : 'and' 'or' 'xor'> <InPorts = 2> <OutPorts = 1>
ST_1 : Operation 89 [1/1] (0.00ns) (grouped into LUT with out node and_ln46_257)   --->   "%and_ln46_256 = and i1 %icmp_ln46_192, i1 %xor_ln46_190" [firmware/nnet_utils/nnet_activation.h:46]   --->   Operation 89 'and' 'and_ln46_256' <Predicate = (icmp_ln45_63)> <Delay = 0.00> <CoreInst = "LogicGate">   --->   Core 74 'LogicGate' <Latency = 0> <II = 1> <Delay = 0.12> <FuncUnit> <Opcode : 'and' 'or' 'xor'> <InPorts = 2> <OutPorts = 1>
ST_1 : Operation 90 [1/1] (0.12ns) (out node of the LUT)   --->   "%and_ln46_257 = and i1 %and_ln46_256, i1 %tmp_384" [firmware/nnet_utils/nnet_activation.h:46]   --->   Operation 90 'and' 'and_ln46_257' <Predicate = (icmp_ln45_63)> <Delay = 0.12> <CoreInst = "LogicGate">   --->   Core 74 'LogicGate' <Latency = 0> <II = 1> <Delay = 0.12> <FuncUnit> <Opcode : 'and' 'or' 'xor'> <InPorts = 2> <OutPorts = 1>
ST_1 : Operation 91 [1/1] (0.00ns) (grouped into LUT with out node select_ln45_63)   --->   "%xor_ln46_128 = xor i1 %and_ln46_257, i1 1" [firmware/nnet_utils/nnet_activation.h:46]   --->   Operation 91 'xor' 'xor_ln46_128' <Predicate = (icmp_ln45_63)> <Delay = 0.00> <CoreInst = "LogicGate">   --->   Core 74 'LogicGate' <Latency = 0> <II = 1> <Delay = 0.12> <FuncUnit> <Opcode : 'and' 'or' 'xor'> <InPorts = 2> <OutPorts = 1>
ST_1 : Operation 92 [1/1] (0.00ns) (grouped into LUT with out node select_ln46_257)   --->   "%select_ln46_256 = select i1 %and_ln46_257, i5 %trunc_ln46_190, i5 0" [firmware/nnet_utils/nnet_activation.h:46]   --->   Operation 92 'select' 'select_ln46_256' <Predicate = (tmp_381 & or_ln46_192 & or_ln46_193 & icmp_ln45_63)> <Delay = 0.00> <CoreInst = "Sel">   --->   Core 73 'Sel' <Latency = 0> <II = 1> <Delay = 0.27> <FuncUnit> <Opcode : 'select'> <InPorts = 3> <OutPorts = 1>
ST_1 : Operation 93 [1/1] (0.00ns) (grouped into LUT with out node select_ln46_257)   --->   "%zext_ln46_127 = zext i5 %select_ln46_256" [firmware/nnet_utils/nnet_activation.h:46]   --->   Operation 93 'zext' 'zext_ln46_127' <Predicate = (tmp_381 & or_ln46_192 & or_ln46_193 & icmp_ln45_63)> <Delay = 0.00>
ST_1 : Operation 94 [1/1] (0.00ns) (grouped into LUT with out node select_ln45_63)   --->   "%and_ln46_258 = and i1 %tmp_381, i1 %xor_ln46_128" [firmware/nnet_utils/nnet_activation.h:46]   --->   Operation 94 'and' 'and_ln46_258' <Predicate = (icmp_ln45_63)> <Delay = 0.00> <CoreInst = "LogicGate">   --->   Core 74 'LogicGate' <Latency = 0> <II = 1> <Delay = 0.12> <FuncUnit> <Opcode : 'and' 'or' 'xor'> <InPorts = 2> <OutPorts = 1>
ST_1 : Operation 95 [1/1] (0.00ns) (grouped into LUT with out node select_ln45_63)   --->   "%or_ln46_193 = or i1 %and_ln46_258, i1 %xor_ln46_127" [firmware/nnet_utils/nnet_activation.h:46]   --->   Operation 95 'or' 'or_ln46_193' <Predicate = (icmp_ln45_63)> <Delay = 0.00> <CoreInst = "LogicGate">   --->   Core 74 'LogicGate' <Latency = 0> <II = 1> <Delay = 0.12> <FuncUnit> <Opcode : 'and' 'or' 'xor'> <InPorts = 2> <OutPorts = 1>
ST_1 : Operation 96 [1/1] (0.00ns) (grouped into LUT with out node select_ln46_257)   --->   "%select_ln46_381 = select i1 %tmp_381, i6 %zext_ln46_127, i6 %add_ln46_63" [firmware/nnet_utils/nnet_activation.h:46]   --->   Operation 96 'select' 'select_ln46_381' <Predicate = (or_ln46_192 & or_ln46_193 & icmp_ln45_63)> <Delay = 0.00> <CoreInst = "Sel">   --->   Core 73 'Sel' <Latency = 0> <II = 1> <Delay = 0.29> <FuncUnit> <Opcode : 'select'> <InPorts = 3> <OutPorts = 1>
ST_1 : Operation 97 [1/1] (0.29ns) (out node of the LUT)   --->   "%select_ln46_257 = select i1 %or_ln46_192, i6 %select_ln46_381, i6 63" [firmware/nnet_utils/nnet_activation.h:46]   --->   Operation 97 'select' 'select_ln46_257' <Predicate = (or_ln46_193 & icmp_ln45_63)> <Delay = 0.29> <CoreInst = "Sel">   --->   Core 73 'Sel' <Latency = 0> <II = 1> <Delay = 0.29> <FuncUnit> <Opcode : 'select'> <InPorts = 3> <OutPorts = 1>
ST_1 : Operation 98 [1/1] (0.00ns) (grouped into LUT with out node select_ln45_63)   --->   "%select_ln46_258 = select i1 %or_ln46_193, i6 %select_ln46_257, i6 %add_ln46_63" [firmware/nnet_utils/nnet_activation.h:46]   --->   Operation 98 'select' 'select_ln46_258' <Predicate = (icmp_ln45_63)> <Delay = 0.00> <CoreInst = "Sel">   --->   Core 73 'Sel' <Latency = 0> <II = 1> <Delay = 0.29> <FuncUnit> <Opcode : 'select'> <InPorts = 3> <OutPorts = 1>
ST_1 : Operation 99 [1/1] (0.29ns) (out node of the LUT)   --->   "%select_ln45_63 = select i1 %icmp_ln45_63, i6 %select_ln46_258, i6 0" [firmware/nnet_utils/nnet_activation.h:45]   --->   Operation 99 'select' 'select_ln45_63' <Predicate = true> <Delay = 0.29> <CoreInst = "Sel">   --->   Core 73 'Sel' <Latency = 0> <II = 1> <Delay = 0.29> <FuncUnit> <Opcode : 'select'> <InPorts = 3> <OutPorts = 1>
ST_1 : Operation 100 [1/1] (0.80ns)   --->   "%icmp_ln45_64 = icmp_sgt  i19 %data_2_val_read, i19 0" [firmware/nnet_utils/nnet_activation.h:45]   --->   Operation 100 'icmp' 'icmp_ln45_64' <Predicate = true> <Delay = 0.80> <CoreInst = "Cmp">   --->   Core 9 'Cmp' <Latency = 0> <II = 1> <Delay = 0.80> <FuncUnit> <Opcode : 'icmp'> <InPorts = 2> <OutPorts = 1>
ST_1 : Operation 101 [1/1] (0.00ns)   --->   "%tmp_386 = bitselect i1 @_ssdm_op_BitSelect.i1.i19.i32, i19 %data_2_val_read, i32 18" [firmware/nnet_utils/nnet_activation.h:46]   --->   Operation 101 'bitselect' 'tmp_386' <Predicate = (icmp_ln45_64)> <Delay = 0.00>
ST_1 : Operation 102 [1/1] (0.00ns) (grouped into LUT with out node add_ln46_64)   --->   "%trunc_ln46_62 = partselect i6 @_ssdm_op_PartSelect.i6.i19.i32.i32, i19 %data_2_val_read, i32 5, i32 10" [firmware/nnet_utils/nnet_activation.h:46]   --->   Operation 102 'partselect' 'trunc_ln46_62' <Predicate = (icmp_ln45_64)> <Delay = 0.00>
ST_1 : Operation 103 [1/1] (0.00ns) (grouped into LUT with out node add_ln46_64)   --->   "%tmp_387 = bitselect i1 @_ssdm_op_BitSelect.i1.i19.i32, i19 %data_2_val_read, i32 5" [firmware/nnet_utils/nnet_activation.h:46]   --->   Operation 103 'bitselect' 'tmp_387' <Predicate = (icmp_ln45_64)> <Delay = 0.00>
ST_1 : Operation 104 [1/1] (0.00ns) (grouped into LUT with out node add_ln46_64)   --->   "%tmp_388 = bitselect i1 @_ssdm_op_BitSelect.i1.i19.i32, i19 %data_2_val_read, i32 4" [firmware/nnet_utils/nnet_activation.h:46]   --->   Operation 104 'bitselect' 'tmp_388' <Predicate = (icmp_ln45_64)> <Delay = 0.00>
ST_1 : Operation 105 [1/1] (0.00ns)   --->   "%trunc_ln46_191 = trunc i19 %data_2_val_read" [firmware/nnet_utils/nnet_activation.h:46]   --->   Operation 105 'trunc' 'trunc_ln46_191' <Predicate = (icmp_ln45_64)> <Delay = 0.00>
ST_1 : Operation 106 [1/1] (0.70ns)   --->   "%icmp_ln46_194 = icmp_ne  i4 %trunc_ln46_191, i4 0" [firmware/nnet_utils/nnet_activation.h:46]   --->   Operation 106 'icmp' 'icmp_ln46_194' <Predicate = (icmp_ln45_64)> <Delay = 0.70> <CoreInst = "Cmp">   --->   Core 9 'Cmp' <Latency = 0> <II = 1> <Delay = 0.70> <FuncUnit> <Opcode : 'icmp'> <InPorts = 2> <OutPorts = 1>
ST_1 : Operation 107 [1/1] (0.00ns)   --->   "%tmp_389 = bitselect i1 @_ssdm_op_BitSelect.i1.i19.i32, i19 %data_2_val_read, i32 10" [firmware/nnet_utils/nnet_activation.h:46]   --->   Operation 107 'bitselect' 'tmp_389' <Predicate = (icmp_ln45_64)> <Delay = 0.00>
ST_1 : Operation 108 [1/1] (0.00ns) (grouped into LUT with out node add_ln46_64)   --->   "%or_ln46_194 = or i1 %tmp_387, i1 %icmp_ln46_194" [firmware/nnet_utils/nnet_activation.h:46]   --->   Operation 108 'or' 'or_ln46_194' <Predicate = (icmp_ln45_64)> <Delay = 0.00> <CoreInst = "LogicGate">   --->   Core 74 'LogicGate' <Latency = 0> <II = 1> <Delay = 0.12> <FuncUnit> <Opcode : 'and' 'or' 'xor'> <InPorts = 2> <OutPorts = 1>
ST_1 : Operation 109 [1/1] (0.00ns) (grouped into LUT with out node add_ln46_64)   --->   "%and_ln46_259 = and i1 %or_ln46_194, i1 %tmp_388" [firmware/nnet_utils/nnet_activation.h:46]   --->   Operation 109 'and' 'and_ln46_259' <Predicate = (icmp_ln45_64)> <Delay = 0.00> <CoreInst = "LogicGate">   --->   Core 74 'LogicGate' <Latency = 0> <II = 1> <Delay = 0.12> <FuncUnit> <Opcode : 'and' 'or' 'xor'> <InPorts = 2> <OutPorts = 1>
ST_1 : Operation 110 [1/1] (0.00ns) (grouped into LUT with out node add_ln46_64)   --->   "%zext_ln46_64 = zext i1 %and_ln46_259" [firmware/nnet_utils/nnet_activation.h:46]   --->   Operation 110 'zext' 'zext_ln46_64' <Predicate = (icmp_ln45_64)> <Delay = 0.00>
ST_1 : Operation 111 [1/1] (0.70ns) (out node of the LUT)   --->   "%add_ln46_64 = add i6 %trunc_ln46_62, i6 %zext_ln46_64" [firmware/nnet_utils/nnet_activation.h:46]   --->   Operation 111 'add' 'add_ln46_64' <Predicate = (icmp_ln45_64)> <Delay = 0.70> <CoreInst = "Adder">   --->   Core 1 'Adder' <Latency = 0> <II = 1> <Delay = 0.70> <FuncUnit> <Opcode : 'add' 'sub'> <InPorts = 2> <OutPorts = 1>
ST_1 : Operation 112 [1/1] (0.00ns) (grouped into LUT with out node select_ln46_261)   --->   "%trunc_ln46_192 = trunc i6 %add_ln46_64" [firmware/nnet_utils/nnet_activation.h:46]   --->   Operation 112 'trunc' 'trunc_ln46_192' <Predicate = (and_ln46_261 & tmp_386 & or_ln46_195 & or_ln46_196 & icmp_ln45_64)> <Delay = 0.00>
ST_1 : Operation 113 [1/1] (0.00ns)   --->   "%tmp_376 = partselect i8 @_ssdm_op_PartSelect.i8.i19.i32.i32, i19 %data_2_val_read, i32 11, i32 18" [firmware/nnet_utils/nnet_activation.h:46]   --->   Operation 113 'partselect' 'tmp_376' <Predicate = (icmp_ln45_64)> <Delay = 0.00>
ST_1 : Operation 114 [1/1] (0.70ns)   --->   "%icmp_ln46_195 = icmp_eq  i8 %tmp_376, i8 255" [firmware/nnet_utils/nnet_activation.h:46]   --->   Operation 114 'icmp' 'icmp_ln46_195' <Predicate = (icmp_ln45_64)> <Delay = 0.70> <CoreInst = "Cmp">   --->   Core 9 'Cmp' <Latency = 0> <II = 1> <Delay = 0.70> <FuncUnit> <Opcode : 'icmp'> <InPorts = 2> <OutPorts = 1>
ST_1 : Operation 115 [1/1] (0.70ns)   --->   "%icmp_ln46_196 = icmp_eq  i8 %tmp_376, i8 0" [firmware/nnet_utils/nnet_activation.h:46]   --->   Operation 115 'icmp' 'icmp_ln46_196' <Predicate = (icmp_ln45_64)> <Delay = 0.70> <CoreInst = "Cmp">   --->   Core 9 'Cmp' <Latency = 0> <II = 1> <Delay = 0.70> <FuncUnit> <Opcode : 'icmp'> <InPorts = 2> <OutPorts = 1>
ST_1 : Operation 116 [1/1] (0.00ns)   --->   "%tmp_390 = bitselect i1 @_ssdm_op_BitSelect.i1.i6.i32, i6 %add_ln46_64, i32 5" [firmware/nnet_utils/nnet_activation.h:46]   --->   Operation 116 'bitselect' 'tmp_390' <Predicate = (icmp_ln45_64)> <Delay = 0.00>
ST_1 : Operation 117 [1/1] (0.00ns) (grouped into LUT with out node and_ln46_261)   --->   "%xor_ln46_191 = xor i1 %tmp_390, i1 1" [firmware/nnet_utils/nnet_activation.h:46]   --->   Operation 117 'xor' 'xor_ln46_191' <Predicate = (icmp_ln45_64)> <Delay = 0.00> <CoreInst = "LogicGate">   --->   Core 74 'LogicGate' <Latency = 0> <II = 1> <Delay = 0.12> <FuncUnit> <Opcode : 'and' 'or' 'xor'> <InPorts = 2> <OutPorts = 1>
ST_1 : Operation 118 [1/1] (0.00ns) (grouped into LUT with out node or_ln46_195)   --->   "%select_ln46_259 = select i1 %tmp_390, i1 %icmp_ln46_196, i1 %icmp_ln46_195" [firmware/nnet_utils/nnet_activation.h:46]   --->   Operation 118 'select' 'select_ln46_259' <Predicate = (icmp_ln45_64)> <Delay = 0.00> <CoreInst = "Sel">   --->   Core 73 'Sel' <Latency = 0> <II = 1> <Delay = 0.27> <FuncUnit> <Opcode : 'select'> <InPorts = 3> <OutPorts = 1>
ST_1 : Operation 119 [1/1] (0.00ns) (grouped into LUT with out node or_ln46_195)   --->   "%select_ln46_382 = select i1 %tmp_389, i1 %select_ln46_259, i1 %icmp_ln46_196" [firmware/nnet_utils/nnet_activation.h:46]   --->   Operation 119 'select' 'select_ln46_382' <Predicate = (icmp_ln45_64)> <Delay = 0.00> <CoreInst = "Sel">   --->   Core 73 'Sel' <Latency = 0> <II = 1> <Delay = 0.27> <FuncUnit> <Opcode : 'select'> <InPorts = 3> <OutPorts = 1>
ST_1 : Operation 120 [1/1] (0.27ns) (out node of the LUT)   --->   "%or_ln46_195 = or i1 %select_ln46_382, i1 %tmp_386" [firmware/nnet_utils/nnet_activation.h:46]   --->   Operation 120 'or' 'or_ln46_195' <Predicate = (icmp_ln45_64)> <Delay = 0.27> <CoreInst = "LogicGate">   --->   Core 74 'LogicGate' <Latency = 0> <II = 1> <Delay = 0.12> <FuncUnit> <Opcode : 'and' 'or' 'xor'> <InPorts = 2> <OutPorts = 1>
ST_1 : Operation 121 [1/1] (0.00ns) (grouped into LUT with out node select_ln45_64)   --->   "%xor_ln46_129 = xor i1 %or_ln46_195, i1 1" [firmware/nnet_utils/nnet_activation.h:46]   --->   Operation 121 'xor' 'xor_ln46_129' <Predicate = (icmp_ln45_64)> <Delay = 0.00> <CoreInst = "LogicGate">   --->   Core 74 'LogicGate' <Latency = 0> <II = 1> <Delay = 0.12> <FuncUnit> <Opcode : 'and' 'or' 'xor'> <InPorts = 2> <OutPorts = 1>
ST_1 : Operation 122 [1/1] (0.00ns) (grouped into LUT with out node and_ln46_261)   --->   "%and_ln46_260 = and i1 %icmp_ln46_195, i1 %xor_ln46_191" [firmware/nnet_utils/nnet_activation.h:46]   --->   Operation 122 'and' 'and_ln46_260' <Predicate = (icmp_ln45_64)> <Delay = 0.00> <CoreInst = "LogicGate">   --->   Core 74 'LogicGate' <Latency = 0> <II = 1> <Delay = 0.12> <FuncUnit> <Opcode : 'and' 'or' 'xor'> <InPorts = 2> <OutPorts = 1>
ST_1 : Operation 123 [1/1] (0.12ns) (out node of the LUT)   --->   "%and_ln46_261 = and i1 %and_ln46_260, i1 %tmp_389" [firmware/nnet_utils/nnet_activation.h:46]   --->   Operation 123 'and' 'and_ln46_261' <Predicate = (icmp_ln45_64)> <Delay = 0.12> <CoreInst = "LogicGate">   --->   Core 74 'LogicGate' <Latency = 0> <II = 1> <Delay = 0.12> <FuncUnit> <Opcode : 'and' 'or' 'xor'> <InPorts = 2> <OutPorts = 1>
ST_1 : Operation 124 [1/1] (0.00ns) (grouped into LUT with out node select_ln45_64)   --->   "%xor_ln46_130 = xor i1 %and_ln46_261, i1 1" [firmware/nnet_utils/nnet_activation.h:46]   --->   Operation 124 'xor' 'xor_ln46_130' <Predicate = (icmp_ln45_64)> <Delay = 0.00> <CoreInst = "LogicGate">   --->   Core 74 'LogicGate' <Latency = 0> <II = 1> <Delay = 0.12> <FuncUnit> <Opcode : 'and' 'or' 'xor'> <InPorts = 2> <OutPorts = 1>
ST_1 : Operation 125 [1/1] (0.00ns) (grouped into LUT with out node select_ln46_261)   --->   "%select_ln46_260 = select i1 %and_ln46_261, i5 %trunc_ln46_192, i5 0" [firmware/nnet_utils/nnet_activation.h:46]   --->   Operation 125 'select' 'select_ln46_260' <Predicate = (tmp_386 & or_ln46_195 & or_ln46_196 & icmp_ln45_64)> <Delay = 0.00> <CoreInst = "Sel">   --->   Core 73 'Sel' <Latency = 0> <II = 1> <Delay = 0.27> <FuncUnit> <Opcode : 'select'> <InPorts = 3> <OutPorts = 1>
ST_1 : Operation 126 [1/1] (0.00ns) (grouped into LUT with out node select_ln46_261)   --->   "%zext_ln46_128 = zext i5 %select_ln46_260" [firmware/nnet_utils/nnet_activation.h:46]   --->   Operation 126 'zext' 'zext_ln46_128' <Predicate = (tmp_386 & or_ln46_195 & or_ln46_196 & icmp_ln45_64)> <Delay = 0.00>
ST_1 : Operation 127 [1/1] (0.00ns) (grouped into LUT with out node select_ln45_64)   --->   "%and_ln46_262 = and i1 %tmp_386, i1 %xor_ln46_130" [firmware/nnet_utils/nnet_activation.h:46]   --->   Operation 127 'and' 'and_ln46_262' <Predicate = (icmp_ln45_64)> <Delay = 0.00> <CoreInst = "LogicGate">   --->   Core 74 'LogicGate' <Latency = 0> <II = 1> <Delay = 0.12> <FuncUnit> <Opcode : 'and' 'or' 'xor'> <InPorts = 2> <OutPorts = 1>
ST_1 : Operation 128 [1/1] (0.00ns) (grouped into LUT with out node select_ln45_64)   --->   "%or_ln46_196 = or i1 %and_ln46_262, i1 %xor_ln46_129" [firmware/nnet_utils/nnet_activation.h:46]   --->   Operation 128 'or' 'or_ln46_196' <Predicate = (icmp_ln45_64)> <Delay = 0.00> <CoreInst = "LogicGate">   --->   Core 74 'LogicGate' <Latency = 0> <II = 1> <Delay = 0.12> <FuncUnit> <Opcode : 'and' 'or' 'xor'> <InPorts = 2> <OutPorts = 1>
ST_1 : Operation 129 [1/1] (0.00ns) (grouped into LUT with out node select_ln46_261)   --->   "%select_ln46_383 = select i1 %tmp_386, i6 %zext_ln46_128, i6 %add_ln46_64" [firmware/nnet_utils/nnet_activation.h:46]   --->   Operation 129 'select' 'select_ln46_383' <Predicate = (or_ln46_195 & or_ln46_196 & icmp_ln45_64)> <Delay = 0.00> <CoreInst = "Sel">   --->   Core 73 'Sel' <Latency = 0> <II = 1> <Delay = 0.29> <FuncUnit> <Opcode : 'select'> <InPorts = 3> <OutPorts = 1>
ST_1 : Operation 130 [1/1] (0.29ns) (out node of the LUT)   --->   "%select_ln46_261 = select i1 %or_ln46_195, i6 %select_ln46_383, i6 63" [firmware/nnet_utils/nnet_activation.h:46]   --->   Operation 130 'select' 'select_ln46_261' <Predicate = (or_ln46_196 & icmp_ln45_64)> <Delay = 0.29> <CoreInst = "Sel">   --->   Core 73 'Sel' <Latency = 0> <II = 1> <Delay = 0.29> <FuncUnit> <Opcode : 'select'> <InPorts = 3> <OutPorts = 1>
ST_1 : Operation 131 [1/1] (0.00ns) (grouped into LUT with out node select_ln45_64)   --->   "%select_ln46_262 = select i1 %or_ln46_196, i6 %select_ln46_261, i6 %add_ln46_64" [firmware/nnet_utils/nnet_activation.h:46]   --->   Operation 131 'select' 'select_ln46_262' <Predicate = (icmp_ln45_64)> <Delay = 0.00> <CoreInst = "Sel">   --->   Core 73 'Sel' <Latency = 0> <II = 1> <Delay = 0.29> <FuncUnit> <Opcode : 'select'> <InPorts = 3> <OutPorts = 1>
ST_1 : Operation 132 [1/1] (0.29ns) (out node of the LUT)   --->   "%select_ln45_64 = select i1 %icmp_ln45_64, i6 %select_ln46_262, i6 0" [firmware/nnet_utils/nnet_activation.h:45]   --->   Operation 132 'select' 'select_ln45_64' <Predicate = true> <Delay = 0.29> <CoreInst = "Sel">   --->   Core 73 'Sel' <Latency = 0> <II = 1> <Delay = 0.29> <FuncUnit> <Opcode : 'select'> <InPorts = 3> <OutPorts = 1>
ST_1 : Operation 133 [1/1] (0.80ns)   --->   "%icmp_ln45_65 = icmp_sgt  i19 %data_3_val_read, i19 0" [firmware/nnet_utils/nnet_activation.h:45]   --->   Operation 133 'icmp' 'icmp_ln45_65' <Predicate = true> <Delay = 0.80> <CoreInst = "Cmp">   --->   Core 9 'Cmp' <Latency = 0> <II = 1> <Delay = 0.80> <FuncUnit> <Opcode : 'icmp'> <InPorts = 2> <OutPorts = 1>
ST_1 : Operation 134 [1/1] (0.00ns)   --->   "%tmp_391 = bitselect i1 @_ssdm_op_BitSelect.i1.i19.i32, i19 %data_3_val_read, i32 18" [firmware/nnet_utils/nnet_activation.h:46]   --->   Operation 134 'bitselect' 'tmp_391' <Predicate = (icmp_ln45_65)> <Delay = 0.00>
ST_1 : Operation 135 [1/1] (0.00ns) (grouped into LUT with out node add_ln46_65)   --->   "%trunc_ln46_63 = partselect i6 @_ssdm_op_PartSelect.i6.i19.i32.i32, i19 %data_3_val_read, i32 5, i32 10" [firmware/nnet_utils/nnet_activation.h:46]   --->   Operation 135 'partselect' 'trunc_ln46_63' <Predicate = (icmp_ln45_65)> <Delay = 0.00>
ST_1 : Operation 136 [1/1] (0.00ns) (grouped into LUT with out node add_ln46_65)   --->   "%tmp_392 = bitselect i1 @_ssdm_op_BitSelect.i1.i19.i32, i19 %data_3_val_read, i32 5" [firmware/nnet_utils/nnet_activation.h:46]   --->   Operation 136 'bitselect' 'tmp_392' <Predicate = (icmp_ln45_65)> <Delay = 0.00>
ST_1 : Operation 137 [1/1] (0.00ns) (grouped into LUT with out node add_ln46_65)   --->   "%tmp_393 = bitselect i1 @_ssdm_op_BitSelect.i1.i19.i32, i19 %data_3_val_read, i32 4" [firmware/nnet_utils/nnet_activation.h:46]   --->   Operation 137 'bitselect' 'tmp_393' <Predicate = (icmp_ln45_65)> <Delay = 0.00>
ST_1 : Operation 138 [1/1] (0.00ns)   --->   "%trunc_ln46_193 = trunc i19 %data_3_val_read" [firmware/nnet_utils/nnet_activation.h:46]   --->   Operation 138 'trunc' 'trunc_ln46_193' <Predicate = (icmp_ln45_65)> <Delay = 0.00>
ST_1 : Operation 139 [1/1] (0.70ns)   --->   "%icmp_ln46_197 = icmp_ne  i4 %trunc_ln46_193, i4 0" [firmware/nnet_utils/nnet_activation.h:46]   --->   Operation 139 'icmp' 'icmp_ln46_197' <Predicate = (icmp_ln45_65)> <Delay = 0.70> <CoreInst = "Cmp">   --->   Core 9 'Cmp' <Latency = 0> <II = 1> <Delay = 0.70> <FuncUnit> <Opcode : 'icmp'> <InPorts = 2> <OutPorts = 1>
ST_1 : Operation 140 [1/1] (0.00ns)   --->   "%tmp_394 = bitselect i1 @_ssdm_op_BitSelect.i1.i19.i32, i19 %data_3_val_read, i32 10" [firmware/nnet_utils/nnet_activation.h:46]   --->   Operation 140 'bitselect' 'tmp_394' <Predicate = (icmp_ln45_65)> <Delay = 0.00>
ST_1 : Operation 141 [1/1] (0.00ns) (grouped into LUT with out node add_ln46_65)   --->   "%or_ln46_197 = or i1 %tmp_392, i1 %icmp_ln46_197" [firmware/nnet_utils/nnet_activation.h:46]   --->   Operation 141 'or' 'or_ln46_197' <Predicate = (icmp_ln45_65)> <Delay = 0.00> <CoreInst = "LogicGate">   --->   Core 74 'LogicGate' <Latency = 0> <II = 1> <Delay = 0.12> <FuncUnit> <Opcode : 'and' 'or' 'xor'> <InPorts = 2> <OutPorts = 1>
ST_1 : Operation 142 [1/1] (0.00ns) (grouped into LUT with out node add_ln46_65)   --->   "%and_ln46_263 = and i1 %or_ln46_197, i1 %tmp_393" [firmware/nnet_utils/nnet_activation.h:46]   --->   Operation 142 'and' 'and_ln46_263' <Predicate = (icmp_ln45_65)> <Delay = 0.00> <CoreInst = "LogicGate">   --->   Core 74 'LogicGate' <Latency = 0> <II = 1> <Delay = 0.12> <FuncUnit> <Opcode : 'and' 'or' 'xor'> <InPorts = 2> <OutPorts = 1>
ST_1 : Operation 143 [1/1] (0.00ns) (grouped into LUT with out node add_ln46_65)   --->   "%zext_ln46_65 = zext i1 %and_ln46_263" [firmware/nnet_utils/nnet_activation.h:46]   --->   Operation 143 'zext' 'zext_ln46_65' <Predicate = (icmp_ln45_65)> <Delay = 0.00>
ST_1 : Operation 144 [1/1] (0.70ns) (out node of the LUT)   --->   "%add_ln46_65 = add i6 %trunc_ln46_63, i6 %zext_ln46_65" [firmware/nnet_utils/nnet_activation.h:46]   --->   Operation 144 'add' 'add_ln46_65' <Predicate = (icmp_ln45_65)> <Delay = 0.70> <CoreInst = "Adder">   --->   Core 1 'Adder' <Latency = 0> <II = 1> <Delay = 0.70> <FuncUnit> <Opcode : 'add' 'sub'> <InPorts = 2> <OutPorts = 1>
ST_1 : Operation 145 [1/1] (0.00ns) (grouped into LUT with out node select_ln46_265)   --->   "%trunc_ln46_194 = trunc i6 %add_ln46_65" [firmware/nnet_utils/nnet_activation.h:46]   --->   Operation 145 'trunc' 'trunc_ln46_194' <Predicate = (and_ln46_265 & tmp_391 & or_ln46_198 & or_ln46_199 & icmp_ln45_65)> <Delay = 0.00>
ST_1 : Operation 146 [1/1] (0.00ns)   --->   "%tmp_395 = partselect i8 @_ssdm_op_PartSelect.i8.i19.i32.i32, i19 %data_3_val_read, i32 11, i32 18" [firmware/nnet_utils/nnet_activation.h:46]   --->   Operation 146 'partselect' 'tmp_395' <Predicate = (icmp_ln45_65)> <Delay = 0.00>
ST_1 : Operation 147 [1/1] (0.70ns)   --->   "%icmp_ln46_198 = icmp_eq  i8 %tmp_395, i8 255" [firmware/nnet_utils/nnet_activation.h:46]   --->   Operation 147 'icmp' 'icmp_ln46_198' <Predicate = (icmp_ln45_65)> <Delay = 0.70> <CoreInst = "Cmp">   --->   Core 9 'Cmp' <Latency = 0> <II = 1> <Delay = 0.70> <FuncUnit> <Opcode : 'icmp'> <InPorts = 2> <OutPorts = 1>
ST_1 : Operation 148 [1/1] (0.70ns)   --->   "%icmp_ln46_199 = icmp_eq  i8 %tmp_395, i8 0" [firmware/nnet_utils/nnet_activation.h:46]   --->   Operation 148 'icmp' 'icmp_ln46_199' <Predicate = (icmp_ln45_65)> <Delay = 0.70> <CoreInst = "Cmp">   --->   Core 9 'Cmp' <Latency = 0> <II = 1> <Delay = 0.70> <FuncUnit> <Opcode : 'icmp'> <InPorts = 2> <OutPorts = 1>
ST_1 : Operation 149 [1/1] (0.00ns)   --->   "%tmp_396 = bitselect i1 @_ssdm_op_BitSelect.i1.i6.i32, i6 %add_ln46_65, i32 5" [firmware/nnet_utils/nnet_activation.h:46]   --->   Operation 149 'bitselect' 'tmp_396' <Predicate = (icmp_ln45_65)> <Delay = 0.00>
ST_1 : Operation 150 [1/1] (0.00ns) (grouped into LUT with out node and_ln46_265)   --->   "%xor_ln46_192 = xor i1 %tmp_396, i1 1" [firmware/nnet_utils/nnet_activation.h:46]   --->   Operation 150 'xor' 'xor_ln46_192' <Predicate = (icmp_ln45_65)> <Delay = 0.00> <CoreInst = "LogicGate">   --->   Core 74 'LogicGate' <Latency = 0> <II = 1> <Delay = 0.12> <FuncUnit> <Opcode : 'and' 'or' 'xor'> <InPorts = 2> <OutPorts = 1>
ST_1 : Operation 151 [1/1] (0.00ns) (grouped into LUT with out node or_ln46_198)   --->   "%select_ln46_263 = select i1 %tmp_396, i1 %icmp_ln46_199, i1 %icmp_ln46_198" [firmware/nnet_utils/nnet_activation.h:46]   --->   Operation 151 'select' 'select_ln46_263' <Predicate = (icmp_ln45_65)> <Delay = 0.00> <CoreInst = "Sel">   --->   Core 73 'Sel' <Latency = 0> <II = 1> <Delay = 0.27> <FuncUnit> <Opcode : 'select'> <InPorts = 3> <OutPorts = 1>
ST_1 : Operation 152 [1/1] (0.00ns) (grouped into LUT with out node or_ln46_198)   --->   "%select_ln46_384 = select i1 %tmp_394, i1 %select_ln46_263, i1 %icmp_ln46_199" [firmware/nnet_utils/nnet_activation.h:46]   --->   Operation 152 'select' 'select_ln46_384' <Predicate = (icmp_ln45_65)> <Delay = 0.00> <CoreInst = "Sel">   --->   Core 73 'Sel' <Latency = 0> <II = 1> <Delay = 0.27> <FuncUnit> <Opcode : 'select'> <InPorts = 3> <OutPorts = 1>
ST_1 : Operation 153 [1/1] (0.27ns) (out node of the LUT)   --->   "%or_ln46_198 = or i1 %select_ln46_384, i1 %tmp_391" [firmware/nnet_utils/nnet_activation.h:46]   --->   Operation 153 'or' 'or_ln46_198' <Predicate = (icmp_ln45_65)> <Delay = 0.27> <CoreInst = "LogicGate">   --->   Core 74 'LogicGate' <Latency = 0> <II = 1> <Delay = 0.12> <FuncUnit> <Opcode : 'and' 'or' 'xor'> <InPorts = 2> <OutPorts = 1>
ST_1 : Operation 154 [1/1] (0.00ns) (grouped into LUT with out node select_ln45_65)   --->   "%xor_ln46_131 = xor i1 %or_ln46_198, i1 1" [firmware/nnet_utils/nnet_activation.h:46]   --->   Operation 154 'xor' 'xor_ln46_131' <Predicate = (icmp_ln45_65)> <Delay = 0.00> <CoreInst = "LogicGate">   --->   Core 74 'LogicGate' <Latency = 0> <II = 1> <Delay = 0.12> <FuncUnit> <Opcode : 'and' 'or' 'xor'> <InPorts = 2> <OutPorts = 1>
ST_1 : Operation 155 [1/1] (0.00ns) (grouped into LUT with out node and_ln46_265)   --->   "%and_ln46_264 = and i1 %icmp_ln46_198, i1 %xor_ln46_192" [firmware/nnet_utils/nnet_activation.h:46]   --->   Operation 155 'and' 'and_ln46_264' <Predicate = (icmp_ln45_65)> <Delay = 0.00> <CoreInst = "LogicGate">   --->   Core 74 'LogicGate' <Latency = 0> <II = 1> <Delay = 0.12> <FuncUnit> <Opcode : 'and' 'or' 'xor'> <InPorts = 2> <OutPorts = 1>
ST_1 : Operation 156 [1/1] (0.12ns) (out node of the LUT)   --->   "%and_ln46_265 = and i1 %and_ln46_264, i1 %tmp_394" [firmware/nnet_utils/nnet_activation.h:46]   --->   Operation 156 'and' 'and_ln46_265' <Predicate = (icmp_ln45_65)> <Delay = 0.12> <CoreInst = "LogicGate">   --->   Core 74 'LogicGate' <Latency = 0> <II = 1> <Delay = 0.12> <FuncUnit> <Opcode : 'and' 'or' 'xor'> <InPorts = 2> <OutPorts = 1>
ST_1 : Operation 157 [1/1] (0.00ns) (grouped into LUT with out node select_ln45_65)   --->   "%xor_ln46_132 = xor i1 %and_ln46_265, i1 1" [firmware/nnet_utils/nnet_activation.h:46]   --->   Operation 157 'xor' 'xor_ln46_132' <Predicate = (icmp_ln45_65)> <Delay = 0.00> <CoreInst = "LogicGate">   --->   Core 74 'LogicGate' <Latency = 0> <II = 1> <Delay = 0.12> <FuncUnit> <Opcode : 'and' 'or' 'xor'> <InPorts = 2> <OutPorts = 1>
ST_1 : Operation 158 [1/1] (0.00ns) (grouped into LUT with out node select_ln46_265)   --->   "%select_ln46_264 = select i1 %and_ln46_265, i5 %trunc_ln46_194, i5 0" [firmware/nnet_utils/nnet_activation.h:46]   --->   Operation 158 'select' 'select_ln46_264' <Predicate = (tmp_391 & or_ln46_198 & or_ln46_199 & icmp_ln45_65)> <Delay = 0.00> <CoreInst = "Sel">   --->   Core 73 'Sel' <Latency = 0> <II = 1> <Delay = 0.27> <FuncUnit> <Opcode : 'select'> <InPorts = 3> <OutPorts = 1>
ST_1 : Operation 159 [1/1] (0.00ns) (grouped into LUT with out node select_ln46_265)   --->   "%zext_ln46_129 = zext i5 %select_ln46_264" [firmware/nnet_utils/nnet_activation.h:46]   --->   Operation 159 'zext' 'zext_ln46_129' <Predicate = (tmp_391 & or_ln46_198 & or_ln46_199 & icmp_ln45_65)> <Delay = 0.00>
ST_1 : Operation 160 [1/1] (0.00ns) (grouped into LUT with out node select_ln45_65)   --->   "%and_ln46_266 = and i1 %tmp_391, i1 %xor_ln46_132" [firmware/nnet_utils/nnet_activation.h:46]   --->   Operation 160 'and' 'and_ln46_266' <Predicate = (icmp_ln45_65)> <Delay = 0.00> <CoreInst = "LogicGate">   --->   Core 74 'LogicGate' <Latency = 0> <II = 1> <Delay = 0.12> <FuncUnit> <Opcode : 'and' 'or' 'xor'> <InPorts = 2> <OutPorts = 1>
ST_1 : Operation 161 [1/1] (0.00ns) (grouped into LUT with out node select_ln45_65)   --->   "%or_ln46_199 = or i1 %and_ln46_266, i1 %xor_ln46_131" [firmware/nnet_utils/nnet_activation.h:46]   --->   Operation 161 'or' 'or_ln46_199' <Predicate = (icmp_ln45_65)> <Delay = 0.00> <CoreInst = "LogicGate">   --->   Core 74 'LogicGate' <Latency = 0> <II = 1> <Delay = 0.12> <FuncUnit> <Opcode : 'and' 'or' 'xor'> <InPorts = 2> <OutPorts = 1>
ST_1 : Operation 162 [1/1] (0.00ns) (grouped into LUT with out node select_ln46_265)   --->   "%select_ln46_385 = select i1 %tmp_391, i6 %zext_ln46_129, i6 %add_ln46_65" [firmware/nnet_utils/nnet_activation.h:46]   --->   Operation 162 'select' 'select_ln46_385' <Predicate = (or_ln46_198 & or_ln46_199 & icmp_ln45_65)> <Delay = 0.00> <CoreInst = "Sel">   --->   Core 73 'Sel' <Latency = 0> <II = 1> <Delay = 0.29> <FuncUnit> <Opcode : 'select'> <InPorts = 3> <OutPorts = 1>
ST_1 : Operation 163 [1/1] (0.29ns) (out node of the LUT)   --->   "%select_ln46_265 = select i1 %or_ln46_198, i6 %select_ln46_385, i6 63" [firmware/nnet_utils/nnet_activation.h:46]   --->   Operation 163 'select' 'select_ln46_265' <Predicate = (or_ln46_199 & icmp_ln45_65)> <Delay = 0.29> <CoreInst = "Sel">   --->   Core 73 'Sel' <Latency = 0> <II = 1> <Delay = 0.29> <FuncUnit> <Opcode : 'select'> <InPorts = 3> <OutPorts = 1>
ST_1 : Operation 164 [1/1] (0.00ns) (grouped into LUT with out node select_ln45_65)   --->   "%select_ln46_266 = select i1 %or_ln46_199, i6 %select_ln46_265, i6 %add_ln46_65" [firmware/nnet_utils/nnet_activation.h:46]   --->   Operation 164 'select' 'select_ln46_266' <Predicate = (icmp_ln45_65)> <Delay = 0.00> <CoreInst = "Sel">   --->   Core 73 'Sel' <Latency = 0> <II = 1> <Delay = 0.29> <FuncUnit> <Opcode : 'select'> <InPorts = 3> <OutPorts = 1>
ST_1 : Operation 165 [1/1] (0.29ns) (out node of the LUT)   --->   "%select_ln45_65 = select i1 %icmp_ln45_65, i6 %select_ln46_266, i6 0" [firmware/nnet_utils/nnet_activation.h:45]   --->   Operation 165 'select' 'select_ln45_65' <Predicate = true> <Delay = 0.29> <CoreInst = "Sel">   --->   Core 73 'Sel' <Latency = 0> <II = 1> <Delay = 0.29> <FuncUnit> <Opcode : 'select'> <InPorts = 3> <OutPorts = 1>
ST_1 : Operation 166 [1/1] (0.80ns)   --->   "%icmp_ln45_66 = icmp_sgt  i19 %data_4_val_read, i19 0" [firmware/nnet_utils/nnet_activation.h:45]   --->   Operation 166 'icmp' 'icmp_ln45_66' <Predicate = true> <Delay = 0.80> <CoreInst = "Cmp">   --->   Core 9 'Cmp' <Latency = 0> <II = 1> <Delay = 0.80> <FuncUnit> <Opcode : 'icmp'> <InPorts = 2> <OutPorts = 1>
ST_1 : Operation 167 [1/1] (0.00ns)   --->   "%tmp_397 = bitselect i1 @_ssdm_op_BitSelect.i1.i19.i32, i19 %data_4_val_read, i32 18" [firmware/nnet_utils/nnet_activation.h:46]   --->   Operation 167 'bitselect' 'tmp_397' <Predicate = (icmp_ln45_66)> <Delay = 0.00>
ST_1 : Operation 168 [1/1] (0.00ns) (grouped into LUT with out node add_ln46_66)   --->   "%trunc_ln46_64 = partselect i6 @_ssdm_op_PartSelect.i6.i19.i32.i32, i19 %data_4_val_read, i32 5, i32 10" [firmware/nnet_utils/nnet_activation.h:46]   --->   Operation 168 'partselect' 'trunc_ln46_64' <Predicate = (icmp_ln45_66)> <Delay = 0.00>
ST_1 : Operation 169 [1/1] (0.00ns) (grouped into LUT with out node add_ln46_66)   --->   "%tmp_398 = bitselect i1 @_ssdm_op_BitSelect.i1.i19.i32, i19 %data_4_val_read, i32 5" [firmware/nnet_utils/nnet_activation.h:46]   --->   Operation 169 'bitselect' 'tmp_398' <Predicate = (icmp_ln45_66)> <Delay = 0.00>
ST_1 : Operation 170 [1/1] (0.00ns) (grouped into LUT with out node add_ln46_66)   --->   "%tmp_399 = bitselect i1 @_ssdm_op_BitSelect.i1.i19.i32, i19 %data_4_val_read, i32 4" [firmware/nnet_utils/nnet_activation.h:46]   --->   Operation 170 'bitselect' 'tmp_399' <Predicate = (icmp_ln45_66)> <Delay = 0.00>
ST_1 : Operation 171 [1/1] (0.00ns)   --->   "%trunc_ln46_195 = trunc i19 %data_4_val_read" [firmware/nnet_utils/nnet_activation.h:46]   --->   Operation 171 'trunc' 'trunc_ln46_195' <Predicate = (icmp_ln45_66)> <Delay = 0.00>
ST_1 : Operation 172 [1/1] (0.70ns)   --->   "%icmp_ln46_200 = icmp_ne  i4 %trunc_ln46_195, i4 0" [firmware/nnet_utils/nnet_activation.h:46]   --->   Operation 172 'icmp' 'icmp_ln46_200' <Predicate = (icmp_ln45_66)> <Delay = 0.70> <CoreInst = "Cmp">   --->   Core 9 'Cmp' <Latency = 0> <II = 1> <Delay = 0.70> <FuncUnit> <Opcode : 'icmp'> <InPorts = 2> <OutPorts = 1>
ST_1 : Operation 173 [1/1] (0.00ns)   --->   "%tmp_400 = bitselect i1 @_ssdm_op_BitSelect.i1.i19.i32, i19 %data_4_val_read, i32 10" [firmware/nnet_utils/nnet_activation.h:46]   --->   Operation 173 'bitselect' 'tmp_400' <Predicate = (icmp_ln45_66)> <Delay = 0.00>
ST_1 : Operation 174 [1/1] (0.00ns) (grouped into LUT with out node add_ln46_66)   --->   "%or_ln46_200 = or i1 %tmp_398, i1 %icmp_ln46_200" [firmware/nnet_utils/nnet_activation.h:46]   --->   Operation 174 'or' 'or_ln46_200' <Predicate = (icmp_ln45_66)> <Delay = 0.00> <CoreInst = "LogicGate">   --->   Core 74 'LogicGate' <Latency = 0> <II = 1> <Delay = 0.12> <FuncUnit> <Opcode : 'and' 'or' 'xor'> <InPorts = 2> <OutPorts = 1>
ST_1 : Operation 175 [1/1] (0.00ns) (grouped into LUT with out node add_ln46_66)   --->   "%and_ln46_267 = and i1 %or_ln46_200, i1 %tmp_399" [firmware/nnet_utils/nnet_activation.h:46]   --->   Operation 175 'and' 'and_ln46_267' <Predicate = (icmp_ln45_66)> <Delay = 0.00> <CoreInst = "LogicGate">   --->   Core 74 'LogicGate' <Latency = 0> <II = 1> <Delay = 0.12> <FuncUnit> <Opcode : 'and' 'or' 'xor'> <InPorts = 2> <OutPorts = 1>
ST_1 : Operation 176 [1/1] (0.00ns) (grouped into LUT with out node add_ln46_66)   --->   "%zext_ln46_66 = zext i1 %and_ln46_267" [firmware/nnet_utils/nnet_activation.h:46]   --->   Operation 176 'zext' 'zext_ln46_66' <Predicate = (icmp_ln45_66)> <Delay = 0.00>
ST_1 : Operation 177 [1/1] (0.70ns) (out node of the LUT)   --->   "%add_ln46_66 = add i6 %trunc_ln46_64, i6 %zext_ln46_66" [firmware/nnet_utils/nnet_activation.h:46]   --->   Operation 177 'add' 'add_ln46_66' <Predicate = (icmp_ln45_66)> <Delay = 0.70> <CoreInst = "Adder">   --->   Core 1 'Adder' <Latency = 0> <II = 1> <Delay = 0.70> <FuncUnit> <Opcode : 'add' 'sub'> <InPorts = 2> <OutPorts = 1>
ST_1 : Operation 178 [1/1] (0.00ns) (grouped into LUT with out node select_ln46_269)   --->   "%trunc_ln46_196 = trunc i6 %add_ln46_66" [firmware/nnet_utils/nnet_activation.h:46]   --->   Operation 178 'trunc' 'trunc_ln46_196' <Predicate = (and_ln46_269 & tmp_397 & or_ln46_201 & or_ln46_202 & icmp_ln45_66)> <Delay = 0.00>
ST_1 : Operation 179 [1/1] (0.00ns)   --->   "%tmp_401 = partselect i8 @_ssdm_op_PartSelect.i8.i19.i32.i32, i19 %data_4_val_read, i32 11, i32 18" [firmware/nnet_utils/nnet_activation.h:46]   --->   Operation 179 'partselect' 'tmp_401' <Predicate = (icmp_ln45_66)> <Delay = 0.00>
ST_1 : Operation 180 [1/1] (0.70ns)   --->   "%icmp_ln46_201 = icmp_eq  i8 %tmp_401, i8 255" [firmware/nnet_utils/nnet_activation.h:46]   --->   Operation 180 'icmp' 'icmp_ln46_201' <Predicate = (icmp_ln45_66)> <Delay = 0.70> <CoreInst = "Cmp">   --->   Core 9 'Cmp' <Latency = 0> <II = 1> <Delay = 0.70> <FuncUnit> <Opcode : 'icmp'> <InPorts = 2> <OutPorts = 1>
ST_1 : Operation 181 [1/1] (0.70ns)   --->   "%icmp_ln46_202 = icmp_eq  i8 %tmp_401, i8 0" [firmware/nnet_utils/nnet_activation.h:46]   --->   Operation 181 'icmp' 'icmp_ln46_202' <Predicate = (icmp_ln45_66)> <Delay = 0.70> <CoreInst = "Cmp">   --->   Core 9 'Cmp' <Latency = 0> <II = 1> <Delay = 0.70> <FuncUnit> <Opcode : 'icmp'> <InPorts = 2> <OutPorts = 1>
ST_1 : Operation 182 [1/1] (0.00ns)   --->   "%tmp_402 = bitselect i1 @_ssdm_op_BitSelect.i1.i6.i32, i6 %add_ln46_66, i32 5" [firmware/nnet_utils/nnet_activation.h:46]   --->   Operation 182 'bitselect' 'tmp_402' <Predicate = (icmp_ln45_66)> <Delay = 0.00>
ST_1 : Operation 183 [1/1] (0.00ns) (grouped into LUT with out node and_ln46_269)   --->   "%xor_ln46_193 = xor i1 %tmp_402, i1 1" [firmware/nnet_utils/nnet_activation.h:46]   --->   Operation 183 'xor' 'xor_ln46_193' <Predicate = (icmp_ln45_66)> <Delay = 0.00> <CoreInst = "LogicGate">   --->   Core 74 'LogicGate' <Latency = 0> <II = 1> <Delay = 0.12> <FuncUnit> <Opcode : 'and' 'or' 'xor'> <InPorts = 2> <OutPorts = 1>
ST_1 : Operation 184 [1/1] (0.00ns) (grouped into LUT with out node or_ln46_201)   --->   "%select_ln46_267 = select i1 %tmp_402, i1 %icmp_ln46_202, i1 %icmp_ln46_201" [firmware/nnet_utils/nnet_activation.h:46]   --->   Operation 184 'select' 'select_ln46_267' <Predicate = (icmp_ln45_66)> <Delay = 0.00> <CoreInst = "Sel">   --->   Core 73 'Sel' <Latency = 0> <II = 1> <Delay = 0.27> <FuncUnit> <Opcode : 'select'> <InPorts = 3> <OutPorts = 1>
ST_1 : Operation 185 [1/1] (0.00ns) (grouped into LUT with out node or_ln46_201)   --->   "%select_ln46_386 = select i1 %tmp_400, i1 %select_ln46_267, i1 %icmp_ln46_202" [firmware/nnet_utils/nnet_activation.h:46]   --->   Operation 185 'select' 'select_ln46_386' <Predicate = (icmp_ln45_66)> <Delay = 0.00> <CoreInst = "Sel">   --->   Core 73 'Sel' <Latency = 0> <II = 1> <Delay = 0.27> <FuncUnit> <Opcode : 'select'> <InPorts = 3> <OutPorts = 1>
ST_1 : Operation 186 [1/1] (0.27ns) (out node of the LUT)   --->   "%or_ln46_201 = or i1 %select_ln46_386, i1 %tmp_397" [firmware/nnet_utils/nnet_activation.h:46]   --->   Operation 186 'or' 'or_ln46_201' <Predicate = (icmp_ln45_66)> <Delay = 0.27> <CoreInst = "LogicGate">   --->   Core 74 'LogicGate' <Latency = 0> <II = 1> <Delay = 0.12> <FuncUnit> <Opcode : 'and' 'or' 'xor'> <InPorts = 2> <OutPorts = 1>
ST_1 : Operation 187 [1/1] (0.00ns) (grouped into LUT with out node select_ln45_66)   --->   "%xor_ln46_133 = xor i1 %or_ln46_201, i1 1" [firmware/nnet_utils/nnet_activation.h:46]   --->   Operation 187 'xor' 'xor_ln46_133' <Predicate = (icmp_ln45_66)> <Delay = 0.00> <CoreInst = "LogicGate">   --->   Core 74 'LogicGate' <Latency = 0> <II = 1> <Delay = 0.12> <FuncUnit> <Opcode : 'and' 'or' 'xor'> <InPorts = 2> <OutPorts = 1>
ST_1 : Operation 188 [1/1] (0.00ns) (grouped into LUT with out node and_ln46_269)   --->   "%and_ln46_268 = and i1 %icmp_ln46_201, i1 %xor_ln46_193" [firmware/nnet_utils/nnet_activation.h:46]   --->   Operation 188 'and' 'and_ln46_268' <Predicate = (icmp_ln45_66)> <Delay = 0.00> <CoreInst = "LogicGate">   --->   Core 74 'LogicGate' <Latency = 0> <II = 1> <Delay = 0.12> <FuncUnit> <Opcode : 'and' 'or' 'xor'> <InPorts = 2> <OutPorts = 1>
ST_1 : Operation 189 [1/1] (0.12ns) (out node of the LUT)   --->   "%and_ln46_269 = and i1 %and_ln46_268, i1 %tmp_400" [firmware/nnet_utils/nnet_activation.h:46]   --->   Operation 189 'and' 'and_ln46_269' <Predicate = (icmp_ln45_66)> <Delay = 0.12> <CoreInst = "LogicGate">   --->   Core 74 'LogicGate' <Latency = 0> <II = 1> <Delay = 0.12> <FuncUnit> <Opcode : 'and' 'or' 'xor'> <InPorts = 2> <OutPorts = 1>
ST_1 : Operation 190 [1/1] (0.00ns) (grouped into LUT with out node select_ln45_66)   --->   "%xor_ln46_134 = xor i1 %and_ln46_269, i1 1" [firmware/nnet_utils/nnet_activation.h:46]   --->   Operation 190 'xor' 'xor_ln46_134' <Predicate = (icmp_ln45_66)> <Delay = 0.00> <CoreInst = "LogicGate">   --->   Core 74 'LogicGate' <Latency = 0> <II = 1> <Delay = 0.12> <FuncUnit> <Opcode : 'and' 'or' 'xor'> <InPorts = 2> <OutPorts = 1>
ST_1 : Operation 191 [1/1] (0.00ns) (grouped into LUT with out node select_ln46_269)   --->   "%select_ln46_268 = select i1 %and_ln46_269, i5 %trunc_ln46_196, i5 0" [firmware/nnet_utils/nnet_activation.h:46]   --->   Operation 191 'select' 'select_ln46_268' <Predicate = (tmp_397 & or_ln46_201 & or_ln46_202 & icmp_ln45_66)> <Delay = 0.00> <CoreInst = "Sel">   --->   Core 73 'Sel' <Latency = 0> <II = 1> <Delay = 0.27> <FuncUnit> <Opcode : 'select'> <InPorts = 3> <OutPorts = 1>
ST_1 : Operation 192 [1/1] (0.00ns) (grouped into LUT with out node select_ln46_269)   --->   "%zext_ln46_130 = zext i5 %select_ln46_268" [firmware/nnet_utils/nnet_activation.h:46]   --->   Operation 192 'zext' 'zext_ln46_130' <Predicate = (tmp_397 & or_ln46_201 & or_ln46_202 & icmp_ln45_66)> <Delay = 0.00>
ST_1 : Operation 193 [1/1] (0.00ns) (grouped into LUT with out node select_ln45_66)   --->   "%and_ln46_270 = and i1 %tmp_397, i1 %xor_ln46_134" [firmware/nnet_utils/nnet_activation.h:46]   --->   Operation 193 'and' 'and_ln46_270' <Predicate = (icmp_ln45_66)> <Delay = 0.00> <CoreInst = "LogicGate">   --->   Core 74 'LogicGate' <Latency = 0> <II = 1> <Delay = 0.12> <FuncUnit> <Opcode : 'and' 'or' 'xor'> <InPorts = 2> <OutPorts = 1>
ST_1 : Operation 194 [1/1] (0.00ns) (grouped into LUT with out node select_ln45_66)   --->   "%or_ln46_202 = or i1 %and_ln46_270, i1 %xor_ln46_133" [firmware/nnet_utils/nnet_activation.h:46]   --->   Operation 194 'or' 'or_ln46_202' <Predicate = (icmp_ln45_66)> <Delay = 0.00> <CoreInst = "LogicGate">   --->   Core 74 'LogicGate' <Latency = 0> <II = 1> <Delay = 0.12> <FuncUnit> <Opcode : 'and' 'or' 'xor'> <InPorts = 2> <OutPorts = 1>
ST_1 : Operation 195 [1/1] (0.00ns) (grouped into LUT with out node select_ln46_269)   --->   "%select_ln46_387 = select i1 %tmp_397, i6 %zext_ln46_130, i6 %add_ln46_66" [firmware/nnet_utils/nnet_activation.h:46]   --->   Operation 195 'select' 'select_ln46_387' <Predicate = (or_ln46_201 & or_ln46_202 & icmp_ln45_66)> <Delay = 0.00> <CoreInst = "Sel">   --->   Core 73 'Sel' <Latency = 0> <II = 1> <Delay = 0.29> <FuncUnit> <Opcode : 'select'> <InPorts = 3> <OutPorts = 1>
ST_1 : Operation 196 [1/1] (0.29ns) (out node of the LUT)   --->   "%select_ln46_269 = select i1 %or_ln46_201, i6 %select_ln46_387, i6 63" [firmware/nnet_utils/nnet_activation.h:46]   --->   Operation 196 'select' 'select_ln46_269' <Predicate = (or_ln46_202 & icmp_ln45_66)> <Delay = 0.29> <CoreInst = "Sel">   --->   Core 73 'Sel' <Latency = 0> <II = 1> <Delay = 0.29> <FuncUnit> <Opcode : 'select'> <InPorts = 3> <OutPorts = 1>
ST_1 : Operation 197 [1/1] (0.00ns) (grouped into LUT with out node select_ln45_66)   --->   "%select_ln46_270 = select i1 %or_ln46_202, i6 %select_ln46_269, i6 %add_ln46_66" [firmware/nnet_utils/nnet_activation.h:46]   --->   Operation 197 'select' 'select_ln46_270' <Predicate = (icmp_ln45_66)> <Delay = 0.00> <CoreInst = "Sel">   --->   Core 73 'Sel' <Latency = 0> <II = 1> <Delay = 0.29> <FuncUnit> <Opcode : 'select'> <InPorts = 3> <OutPorts = 1>
ST_1 : Operation 198 [1/1] (0.29ns) (out node of the LUT)   --->   "%select_ln45_66 = select i1 %icmp_ln45_66, i6 %select_ln46_270, i6 0" [firmware/nnet_utils/nnet_activation.h:45]   --->   Operation 198 'select' 'select_ln45_66' <Predicate = true> <Delay = 0.29> <CoreInst = "Sel">   --->   Core 73 'Sel' <Latency = 0> <II = 1> <Delay = 0.29> <FuncUnit> <Opcode : 'select'> <InPorts = 3> <OutPorts = 1>
ST_1 : Operation 199 [1/1] (0.80ns)   --->   "%icmp_ln45_67 = icmp_sgt  i19 %data_5_val_read, i19 0" [firmware/nnet_utils/nnet_activation.h:45]   --->   Operation 199 'icmp' 'icmp_ln45_67' <Predicate = true> <Delay = 0.80> <CoreInst = "Cmp">   --->   Core 9 'Cmp' <Latency = 0> <II = 1> <Delay = 0.80> <FuncUnit> <Opcode : 'icmp'> <InPorts = 2> <OutPorts = 1>
ST_1 : Operation 200 [1/1] (0.00ns)   --->   "%tmp_403 = bitselect i1 @_ssdm_op_BitSelect.i1.i19.i32, i19 %data_5_val_read, i32 18" [firmware/nnet_utils/nnet_activation.h:46]   --->   Operation 200 'bitselect' 'tmp_403' <Predicate = (icmp_ln45_67)> <Delay = 0.00>
ST_1 : Operation 201 [1/1] (0.00ns) (grouped into LUT with out node add_ln46_67)   --->   "%trunc_ln46_65 = partselect i6 @_ssdm_op_PartSelect.i6.i19.i32.i32, i19 %data_5_val_read, i32 5, i32 10" [firmware/nnet_utils/nnet_activation.h:46]   --->   Operation 201 'partselect' 'trunc_ln46_65' <Predicate = (icmp_ln45_67)> <Delay = 0.00>
ST_1 : Operation 202 [1/1] (0.00ns) (grouped into LUT with out node add_ln46_67)   --->   "%tmp_404 = bitselect i1 @_ssdm_op_BitSelect.i1.i19.i32, i19 %data_5_val_read, i32 5" [firmware/nnet_utils/nnet_activation.h:46]   --->   Operation 202 'bitselect' 'tmp_404' <Predicate = (icmp_ln45_67)> <Delay = 0.00>
ST_1 : Operation 203 [1/1] (0.00ns) (grouped into LUT with out node add_ln46_67)   --->   "%tmp_405 = bitselect i1 @_ssdm_op_BitSelect.i1.i19.i32, i19 %data_5_val_read, i32 4" [firmware/nnet_utils/nnet_activation.h:46]   --->   Operation 203 'bitselect' 'tmp_405' <Predicate = (icmp_ln45_67)> <Delay = 0.00>
ST_1 : Operation 204 [1/1] (0.00ns)   --->   "%trunc_ln46_197 = trunc i19 %data_5_val_read" [firmware/nnet_utils/nnet_activation.h:46]   --->   Operation 204 'trunc' 'trunc_ln46_197' <Predicate = (icmp_ln45_67)> <Delay = 0.00>
ST_1 : Operation 205 [1/1] (0.70ns)   --->   "%icmp_ln46_203 = icmp_ne  i4 %trunc_ln46_197, i4 0" [firmware/nnet_utils/nnet_activation.h:46]   --->   Operation 205 'icmp' 'icmp_ln46_203' <Predicate = (icmp_ln45_67)> <Delay = 0.70> <CoreInst = "Cmp">   --->   Core 9 'Cmp' <Latency = 0> <II = 1> <Delay = 0.70> <FuncUnit> <Opcode : 'icmp'> <InPorts = 2> <OutPorts = 1>
ST_1 : Operation 206 [1/1] (0.00ns)   --->   "%tmp_406 = bitselect i1 @_ssdm_op_BitSelect.i1.i19.i32, i19 %data_5_val_read, i32 10" [firmware/nnet_utils/nnet_activation.h:46]   --->   Operation 206 'bitselect' 'tmp_406' <Predicate = (icmp_ln45_67)> <Delay = 0.00>
ST_1 : Operation 207 [1/1] (0.00ns) (grouped into LUT with out node add_ln46_67)   --->   "%or_ln46_203 = or i1 %tmp_404, i1 %icmp_ln46_203" [firmware/nnet_utils/nnet_activation.h:46]   --->   Operation 207 'or' 'or_ln46_203' <Predicate = (icmp_ln45_67)> <Delay = 0.00> <CoreInst = "LogicGate">   --->   Core 74 'LogicGate' <Latency = 0> <II = 1> <Delay = 0.12> <FuncUnit> <Opcode : 'and' 'or' 'xor'> <InPorts = 2> <OutPorts = 1>
ST_1 : Operation 208 [1/1] (0.00ns) (grouped into LUT with out node add_ln46_67)   --->   "%and_ln46_271 = and i1 %or_ln46_203, i1 %tmp_405" [firmware/nnet_utils/nnet_activation.h:46]   --->   Operation 208 'and' 'and_ln46_271' <Predicate = (icmp_ln45_67)> <Delay = 0.00> <CoreInst = "LogicGate">   --->   Core 74 'LogicGate' <Latency = 0> <II = 1> <Delay = 0.12> <FuncUnit> <Opcode : 'and' 'or' 'xor'> <InPorts = 2> <OutPorts = 1>
ST_1 : Operation 209 [1/1] (0.00ns) (grouped into LUT with out node add_ln46_67)   --->   "%zext_ln46_67 = zext i1 %and_ln46_271" [firmware/nnet_utils/nnet_activation.h:46]   --->   Operation 209 'zext' 'zext_ln46_67' <Predicate = (icmp_ln45_67)> <Delay = 0.00>
ST_1 : Operation 210 [1/1] (0.70ns) (out node of the LUT)   --->   "%add_ln46_67 = add i6 %trunc_ln46_65, i6 %zext_ln46_67" [firmware/nnet_utils/nnet_activation.h:46]   --->   Operation 210 'add' 'add_ln46_67' <Predicate = (icmp_ln45_67)> <Delay = 0.70> <CoreInst = "Adder">   --->   Core 1 'Adder' <Latency = 0> <II = 1> <Delay = 0.70> <FuncUnit> <Opcode : 'add' 'sub'> <InPorts = 2> <OutPorts = 1>
ST_1 : Operation 211 [1/1] (0.00ns) (grouped into LUT with out node select_ln46_273)   --->   "%trunc_ln46_198 = trunc i6 %add_ln46_67" [firmware/nnet_utils/nnet_activation.h:46]   --->   Operation 211 'trunc' 'trunc_ln46_198' <Predicate = (and_ln46_273 & tmp_403 & or_ln46_204 & or_ln46_205 & icmp_ln45_67)> <Delay = 0.00>
ST_1 : Operation 212 [1/1] (0.00ns)   --->   "%tmp_407 = partselect i8 @_ssdm_op_PartSelect.i8.i19.i32.i32, i19 %data_5_val_read, i32 11, i32 18" [firmware/nnet_utils/nnet_activation.h:46]   --->   Operation 212 'partselect' 'tmp_407' <Predicate = (icmp_ln45_67)> <Delay = 0.00>
ST_1 : Operation 213 [1/1] (0.70ns)   --->   "%icmp_ln46_204 = icmp_eq  i8 %tmp_407, i8 255" [firmware/nnet_utils/nnet_activation.h:46]   --->   Operation 213 'icmp' 'icmp_ln46_204' <Predicate = (icmp_ln45_67)> <Delay = 0.70> <CoreInst = "Cmp">   --->   Core 9 'Cmp' <Latency = 0> <II = 1> <Delay = 0.70> <FuncUnit> <Opcode : 'icmp'> <InPorts = 2> <OutPorts = 1>
ST_1 : Operation 214 [1/1] (0.70ns)   --->   "%icmp_ln46_205 = icmp_eq  i8 %tmp_407, i8 0" [firmware/nnet_utils/nnet_activation.h:46]   --->   Operation 214 'icmp' 'icmp_ln46_205' <Predicate = (icmp_ln45_67)> <Delay = 0.70> <CoreInst = "Cmp">   --->   Core 9 'Cmp' <Latency = 0> <II = 1> <Delay = 0.70> <FuncUnit> <Opcode : 'icmp'> <InPorts = 2> <OutPorts = 1>
ST_1 : Operation 215 [1/1] (0.00ns)   --->   "%tmp_408 = bitselect i1 @_ssdm_op_BitSelect.i1.i6.i32, i6 %add_ln46_67, i32 5" [firmware/nnet_utils/nnet_activation.h:46]   --->   Operation 215 'bitselect' 'tmp_408' <Predicate = (icmp_ln45_67)> <Delay = 0.00>
ST_1 : Operation 216 [1/1] (0.00ns) (grouped into LUT with out node and_ln46_273)   --->   "%xor_ln46_194 = xor i1 %tmp_408, i1 1" [firmware/nnet_utils/nnet_activation.h:46]   --->   Operation 216 'xor' 'xor_ln46_194' <Predicate = (icmp_ln45_67)> <Delay = 0.00> <CoreInst = "LogicGate">   --->   Core 74 'LogicGate' <Latency = 0> <II = 1> <Delay = 0.12> <FuncUnit> <Opcode : 'and' 'or' 'xor'> <InPorts = 2> <OutPorts = 1>
ST_1 : Operation 217 [1/1] (0.00ns) (grouped into LUT with out node or_ln46_204)   --->   "%select_ln46_271 = select i1 %tmp_408, i1 %icmp_ln46_205, i1 %icmp_ln46_204" [firmware/nnet_utils/nnet_activation.h:46]   --->   Operation 217 'select' 'select_ln46_271' <Predicate = (icmp_ln45_67)> <Delay = 0.00> <CoreInst = "Sel">   --->   Core 73 'Sel' <Latency = 0> <II = 1> <Delay = 0.27> <FuncUnit> <Opcode : 'select'> <InPorts = 3> <OutPorts = 1>
ST_1 : Operation 218 [1/1] (0.00ns) (grouped into LUT with out node or_ln46_204)   --->   "%select_ln46_388 = select i1 %tmp_406, i1 %select_ln46_271, i1 %icmp_ln46_205" [firmware/nnet_utils/nnet_activation.h:46]   --->   Operation 218 'select' 'select_ln46_388' <Predicate = (icmp_ln45_67)> <Delay = 0.00> <CoreInst = "Sel">   --->   Core 73 'Sel' <Latency = 0> <II = 1> <Delay = 0.27> <FuncUnit> <Opcode : 'select'> <InPorts = 3> <OutPorts = 1>
ST_1 : Operation 219 [1/1] (0.27ns) (out node of the LUT)   --->   "%or_ln46_204 = or i1 %select_ln46_388, i1 %tmp_403" [firmware/nnet_utils/nnet_activation.h:46]   --->   Operation 219 'or' 'or_ln46_204' <Predicate = (icmp_ln45_67)> <Delay = 0.27> <CoreInst = "LogicGate">   --->   Core 74 'LogicGate' <Latency = 0> <II = 1> <Delay = 0.12> <FuncUnit> <Opcode : 'and' 'or' 'xor'> <InPorts = 2> <OutPorts = 1>
ST_1 : Operation 220 [1/1] (0.00ns) (grouped into LUT with out node select_ln45_67)   --->   "%xor_ln46_135 = xor i1 %or_ln46_204, i1 1" [firmware/nnet_utils/nnet_activation.h:46]   --->   Operation 220 'xor' 'xor_ln46_135' <Predicate = (icmp_ln45_67)> <Delay = 0.00> <CoreInst = "LogicGate">   --->   Core 74 'LogicGate' <Latency = 0> <II = 1> <Delay = 0.12> <FuncUnit> <Opcode : 'and' 'or' 'xor'> <InPorts = 2> <OutPorts = 1>
ST_1 : Operation 221 [1/1] (0.00ns) (grouped into LUT with out node and_ln46_273)   --->   "%and_ln46_272 = and i1 %icmp_ln46_204, i1 %xor_ln46_194" [firmware/nnet_utils/nnet_activation.h:46]   --->   Operation 221 'and' 'and_ln46_272' <Predicate = (icmp_ln45_67)> <Delay = 0.00> <CoreInst = "LogicGate">   --->   Core 74 'LogicGate' <Latency = 0> <II = 1> <Delay = 0.12> <FuncUnit> <Opcode : 'and' 'or' 'xor'> <InPorts = 2> <OutPorts = 1>
ST_1 : Operation 222 [1/1] (0.12ns) (out node of the LUT)   --->   "%and_ln46_273 = and i1 %and_ln46_272, i1 %tmp_406" [firmware/nnet_utils/nnet_activation.h:46]   --->   Operation 222 'and' 'and_ln46_273' <Predicate = (icmp_ln45_67)> <Delay = 0.12> <CoreInst = "LogicGate">   --->   Core 74 'LogicGate' <Latency = 0> <II = 1> <Delay = 0.12> <FuncUnit> <Opcode : 'and' 'or' 'xor'> <InPorts = 2> <OutPorts = 1>
ST_1 : Operation 223 [1/1] (0.00ns) (grouped into LUT with out node select_ln45_67)   --->   "%xor_ln46_136 = xor i1 %and_ln46_273, i1 1" [firmware/nnet_utils/nnet_activation.h:46]   --->   Operation 223 'xor' 'xor_ln46_136' <Predicate = (icmp_ln45_67)> <Delay = 0.00> <CoreInst = "LogicGate">   --->   Core 74 'LogicGate' <Latency = 0> <II = 1> <Delay = 0.12> <FuncUnit> <Opcode : 'and' 'or' 'xor'> <InPorts = 2> <OutPorts = 1>
ST_1 : Operation 224 [1/1] (0.00ns) (grouped into LUT with out node select_ln46_273)   --->   "%select_ln46_272 = select i1 %and_ln46_273, i5 %trunc_ln46_198, i5 0" [firmware/nnet_utils/nnet_activation.h:46]   --->   Operation 224 'select' 'select_ln46_272' <Predicate = (tmp_403 & or_ln46_204 & or_ln46_205 & icmp_ln45_67)> <Delay = 0.00> <CoreInst = "Sel">   --->   Core 73 'Sel' <Latency = 0> <II = 1> <Delay = 0.27> <FuncUnit> <Opcode : 'select'> <InPorts = 3> <OutPorts = 1>
ST_1 : Operation 225 [1/1] (0.00ns) (grouped into LUT with out node select_ln46_273)   --->   "%zext_ln46_131 = zext i5 %select_ln46_272" [firmware/nnet_utils/nnet_activation.h:46]   --->   Operation 225 'zext' 'zext_ln46_131' <Predicate = (tmp_403 & or_ln46_204 & or_ln46_205 & icmp_ln45_67)> <Delay = 0.00>
ST_1 : Operation 226 [1/1] (0.00ns) (grouped into LUT with out node select_ln45_67)   --->   "%and_ln46_274 = and i1 %tmp_403, i1 %xor_ln46_136" [firmware/nnet_utils/nnet_activation.h:46]   --->   Operation 226 'and' 'and_ln46_274' <Predicate = (icmp_ln45_67)> <Delay = 0.00> <CoreInst = "LogicGate">   --->   Core 74 'LogicGate' <Latency = 0> <II = 1> <Delay = 0.12> <FuncUnit> <Opcode : 'and' 'or' 'xor'> <InPorts = 2> <OutPorts = 1>
ST_1 : Operation 227 [1/1] (0.00ns) (grouped into LUT with out node select_ln45_67)   --->   "%or_ln46_205 = or i1 %and_ln46_274, i1 %xor_ln46_135" [firmware/nnet_utils/nnet_activation.h:46]   --->   Operation 227 'or' 'or_ln46_205' <Predicate = (icmp_ln45_67)> <Delay = 0.00> <CoreInst = "LogicGate">   --->   Core 74 'LogicGate' <Latency = 0> <II = 1> <Delay = 0.12> <FuncUnit> <Opcode : 'and' 'or' 'xor'> <InPorts = 2> <OutPorts = 1>
ST_1 : Operation 228 [1/1] (0.00ns) (grouped into LUT with out node select_ln46_273)   --->   "%select_ln46_389 = select i1 %tmp_403, i6 %zext_ln46_131, i6 %add_ln46_67" [firmware/nnet_utils/nnet_activation.h:46]   --->   Operation 228 'select' 'select_ln46_389' <Predicate = (or_ln46_204 & or_ln46_205 & icmp_ln45_67)> <Delay = 0.00> <CoreInst = "Sel">   --->   Core 73 'Sel' <Latency = 0> <II = 1> <Delay = 0.29> <FuncUnit> <Opcode : 'select'> <InPorts = 3> <OutPorts = 1>
ST_1 : Operation 229 [1/1] (0.29ns) (out node of the LUT)   --->   "%select_ln46_273 = select i1 %or_ln46_204, i6 %select_ln46_389, i6 63" [firmware/nnet_utils/nnet_activation.h:46]   --->   Operation 229 'select' 'select_ln46_273' <Predicate = (or_ln46_205 & icmp_ln45_67)> <Delay = 0.29> <CoreInst = "Sel">   --->   Core 73 'Sel' <Latency = 0> <II = 1> <Delay = 0.29> <FuncUnit> <Opcode : 'select'> <InPorts = 3> <OutPorts = 1>
ST_1 : Operation 230 [1/1] (0.00ns) (grouped into LUT with out node select_ln45_67)   --->   "%select_ln46_274 = select i1 %or_ln46_205, i6 %select_ln46_273, i6 %add_ln46_67" [firmware/nnet_utils/nnet_activation.h:46]   --->   Operation 230 'select' 'select_ln46_274' <Predicate = (icmp_ln45_67)> <Delay = 0.00> <CoreInst = "Sel">   --->   Core 73 'Sel' <Latency = 0> <II = 1> <Delay = 0.29> <FuncUnit> <Opcode : 'select'> <InPorts = 3> <OutPorts = 1>
ST_1 : Operation 231 [1/1] (0.29ns) (out node of the LUT)   --->   "%select_ln45_67 = select i1 %icmp_ln45_67, i6 %select_ln46_274, i6 0" [firmware/nnet_utils/nnet_activation.h:45]   --->   Operation 231 'select' 'select_ln45_67' <Predicate = true> <Delay = 0.29> <CoreInst = "Sel">   --->   Core 73 'Sel' <Latency = 0> <II = 1> <Delay = 0.29> <FuncUnit> <Opcode : 'select'> <InPorts = 3> <OutPorts = 1>
ST_1 : Operation 232 [1/1] (0.80ns)   --->   "%icmp_ln45_68 = icmp_sgt  i19 %data_6_val_read, i19 0" [firmware/nnet_utils/nnet_activation.h:45]   --->   Operation 232 'icmp' 'icmp_ln45_68' <Predicate = true> <Delay = 0.80> <CoreInst = "Cmp">   --->   Core 9 'Cmp' <Latency = 0> <II = 1> <Delay = 0.80> <FuncUnit> <Opcode : 'icmp'> <InPorts = 2> <OutPorts = 1>
ST_1 : Operation 233 [1/1] (0.00ns)   --->   "%tmp_409 = bitselect i1 @_ssdm_op_BitSelect.i1.i19.i32, i19 %data_6_val_read, i32 18" [firmware/nnet_utils/nnet_activation.h:46]   --->   Operation 233 'bitselect' 'tmp_409' <Predicate = (icmp_ln45_68)> <Delay = 0.00>
ST_1 : Operation 234 [1/1] (0.00ns) (grouped into LUT with out node add_ln46_68)   --->   "%trunc_ln46_66 = partselect i6 @_ssdm_op_PartSelect.i6.i19.i32.i32, i19 %data_6_val_read, i32 5, i32 10" [firmware/nnet_utils/nnet_activation.h:46]   --->   Operation 234 'partselect' 'trunc_ln46_66' <Predicate = (icmp_ln45_68)> <Delay = 0.00>
ST_1 : Operation 235 [1/1] (0.00ns) (grouped into LUT with out node add_ln46_68)   --->   "%tmp_410 = bitselect i1 @_ssdm_op_BitSelect.i1.i19.i32, i19 %data_6_val_read, i32 5" [firmware/nnet_utils/nnet_activation.h:46]   --->   Operation 235 'bitselect' 'tmp_410' <Predicate = (icmp_ln45_68)> <Delay = 0.00>
ST_1 : Operation 236 [1/1] (0.00ns) (grouped into LUT with out node add_ln46_68)   --->   "%tmp_411 = bitselect i1 @_ssdm_op_BitSelect.i1.i19.i32, i19 %data_6_val_read, i32 4" [firmware/nnet_utils/nnet_activation.h:46]   --->   Operation 236 'bitselect' 'tmp_411' <Predicate = (icmp_ln45_68)> <Delay = 0.00>
ST_1 : Operation 237 [1/1] (0.00ns)   --->   "%trunc_ln46_199 = trunc i19 %data_6_val_read" [firmware/nnet_utils/nnet_activation.h:46]   --->   Operation 237 'trunc' 'trunc_ln46_199' <Predicate = (icmp_ln45_68)> <Delay = 0.00>
ST_1 : Operation 238 [1/1] (0.70ns)   --->   "%icmp_ln46_206 = icmp_ne  i4 %trunc_ln46_199, i4 0" [firmware/nnet_utils/nnet_activation.h:46]   --->   Operation 238 'icmp' 'icmp_ln46_206' <Predicate = (icmp_ln45_68)> <Delay = 0.70> <CoreInst = "Cmp">   --->   Core 9 'Cmp' <Latency = 0> <II = 1> <Delay = 0.70> <FuncUnit> <Opcode : 'icmp'> <InPorts = 2> <OutPorts = 1>
ST_1 : Operation 239 [1/1] (0.00ns)   --->   "%tmp_412 = bitselect i1 @_ssdm_op_BitSelect.i1.i19.i32, i19 %data_6_val_read, i32 10" [firmware/nnet_utils/nnet_activation.h:46]   --->   Operation 239 'bitselect' 'tmp_412' <Predicate = (icmp_ln45_68)> <Delay = 0.00>
ST_1 : Operation 240 [1/1] (0.00ns) (grouped into LUT with out node add_ln46_68)   --->   "%or_ln46_206 = or i1 %tmp_410, i1 %icmp_ln46_206" [firmware/nnet_utils/nnet_activation.h:46]   --->   Operation 240 'or' 'or_ln46_206' <Predicate = (icmp_ln45_68)> <Delay = 0.00> <CoreInst = "LogicGate">   --->   Core 74 'LogicGate' <Latency = 0> <II = 1> <Delay = 0.12> <FuncUnit> <Opcode : 'and' 'or' 'xor'> <InPorts = 2> <OutPorts = 1>
ST_1 : Operation 241 [1/1] (0.00ns) (grouped into LUT with out node add_ln46_68)   --->   "%and_ln46_275 = and i1 %or_ln46_206, i1 %tmp_411" [firmware/nnet_utils/nnet_activation.h:46]   --->   Operation 241 'and' 'and_ln46_275' <Predicate = (icmp_ln45_68)> <Delay = 0.00> <CoreInst = "LogicGate">   --->   Core 74 'LogicGate' <Latency = 0> <II = 1> <Delay = 0.12> <FuncUnit> <Opcode : 'and' 'or' 'xor'> <InPorts = 2> <OutPorts = 1>
ST_1 : Operation 242 [1/1] (0.00ns) (grouped into LUT with out node add_ln46_68)   --->   "%zext_ln46_68 = zext i1 %and_ln46_275" [firmware/nnet_utils/nnet_activation.h:46]   --->   Operation 242 'zext' 'zext_ln46_68' <Predicate = (icmp_ln45_68)> <Delay = 0.00>
ST_1 : Operation 243 [1/1] (0.70ns) (out node of the LUT)   --->   "%add_ln46_68 = add i6 %trunc_ln46_66, i6 %zext_ln46_68" [firmware/nnet_utils/nnet_activation.h:46]   --->   Operation 243 'add' 'add_ln46_68' <Predicate = (icmp_ln45_68)> <Delay = 0.70> <CoreInst = "Adder">   --->   Core 1 'Adder' <Latency = 0> <II = 1> <Delay = 0.70> <FuncUnit> <Opcode : 'add' 'sub'> <InPorts = 2> <OutPorts = 1>
ST_1 : Operation 244 [1/1] (0.00ns) (grouped into LUT with out node select_ln46_277)   --->   "%trunc_ln46_200 = trunc i6 %add_ln46_68" [firmware/nnet_utils/nnet_activation.h:46]   --->   Operation 244 'trunc' 'trunc_ln46_200' <Predicate = (and_ln46_277 & tmp_409 & or_ln46_207 & or_ln46_208 & icmp_ln45_68)> <Delay = 0.00>
ST_1 : Operation 245 [1/1] (0.00ns)   --->   "%tmp_413 = partselect i8 @_ssdm_op_PartSelect.i8.i19.i32.i32, i19 %data_6_val_read, i32 11, i32 18" [firmware/nnet_utils/nnet_activation.h:46]   --->   Operation 245 'partselect' 'tmp_413' <Predicate = (icmp_ln45_68)> <Delay = 0.00>
ST_1 : Operation 246 [1/1] (0.70ns)   --->   "%icmp_ln46_207 = icmp_eq  i8 %tmp_413, i8 255" [firmware/nnet_utils/nnet_activation.h:46]   --->   Operation 246 'icmp' 'icmp_ln46_207' <Predicate = (icmp_ln45_68)> <Delay = 0.70> <CoreInst = "Cmp">   --->   Core 9 'Cmp' <Latency = 0> <II = 1> <Delay = 0.70> <FuncUnit> <Opcode : 'icmp'> <InPorts = 2> <OutPorts = 1>
ST_1 : Operation 247 [1/1] (0.70ns)   --->   "%icmp_ln46_208 = icmp_eq  i8 %tmp_413, i8 0" [firmware/nnet_utils/nnet_activation.h:46]   --->   Operation 247 'icmp' 'icmp_ln46_208' <Predicate = (icmp_ln45_68)> <Delay = 0.70> <CoreInst = "Cmp">   --->   Core 9 'Cmp' <Latency = 0> <II = 1> <Delay = 0.70> <FuncUnit> <Opcode : 'icmp'> <InPorts = 2> <OutPorts = 1>
ST_1 : Operation 248 [1/1] (0.00ns)   --->   "%tmp_414 = bitselect i1 @_ssdm_op_BitSelect.i1.i6.i32, i6 %add_ln46_68, i32 5" [firmware/nnet_utils/nnet_activation.h:46]   --->   Operation 248 'bitselect' 'tmp_414' <Predicate = (icmp_ln45_68)> <Delay = 0.00>
ST_1 : Operation 249 [1/1] (0.00ns) (grouped into LUT with out node and_ln46_277)   --->   "%xor_ln46_195 = xor i1 %tmp_414, i1 1" [firmware/nnet_utils/nnet_activation.h:46]   --->   Operation 249 'xor' 'xor_ln46_195' <Predicate = (icmp_ln45_68)> <Delay = 0.00> <CoreInst = "LogicGate">   --->   Core 74 'LogicGate' <Latency = 0> <II = 1> <Delay = 0.12> <FuncUnit> <Opcode : 'and' 'or' 'xor'> <InPorts = 2> <OutPorts = 1>
ST_1 : Operation 250 [1/1] (0.00ns) (grouped into LUT with out node or_ln46_207)   --->   "%select_ln46_275 = select i1 %tmp_414, i1 %icmp_ln46_208, i1 %icmp_ln46_207" [firmware/nnet_utils/nnet_activation.h:46]   --->   Operation 250 'select' 'select_ln46_275' <Predicate = (icmp_ln45_68)> <Delay = 0.00> <CoreInst = "Sel">   --->   Core 73 'Sel' <Latency = 0> <II = 1> <Delay = 0.27> <FuncUnit> <Opcode : 'select'> <InPorts = 3> <OutPorts = 1>
ST_1 : Operation 251 [1/1] (0.00ns) (grouped into LUT with out node or_ln46_207)   --->   "%select_ln46_390 = select i1 %tmp_412, i1 %select_ln46_275, i1 %icmp_ln46_208" [firmware/nnet_utils/nnet_activation.h:46]   --->   Operation 251 'select' 'select_ln46_390' <Predicate = (icmp_ln45_68)> <Delay = 0.00> <CoreInst = "Sel">   --->   Core 73 'Sel' <Latency = 0> <II = 1> <Delay = 0.27> <FuncUnit> <Opcode : 'select'> <InPorts = 3> <OutPorts = 1>
ST_1 : Operation 252 [1/1] (0.27ns) (out node of the LUT)   --->   "%or_ln46_207 = or i1 %select_ln46_390, i1 %tmp_409" [firmware/nnet_utils/nnet_activation.h:46]   --->   Operation 252 'or' 'or_ln46_207' <Predicate = (icmp_ln45_68)> <Delay = 0.27> <CoreInst = "LogicGate">   --->   Core 74 'LogicGate' <Latency = 0> <II = 1> <Delay = 0.12> <FuncUnit> <Opcode : 'and' 'or' 'xor'> <InPorts = 2> <OutPorts = 1>
ST_1 : Operation 253 [1/1] (0.00ns) (grouped into LUT with out node select_ln45_68)   --->   "%xor_ln46_137 = xor i1 %or_ln46_207, i1 1" [firmware/nnet_utils/nnet_activation.h:46]   --->   Operation 253 'xor' 'xor_ln46_137' <Predicate = (icmp_ln45_68)> <Delay = 0.00> <CoreInst = "LogicGate">   --->   Core 74 'LogicGate' <Latency = 0> <II = 1> <Delay = 0.12> <FuncUnit> <Opcode : 'and' 'or' 'xor'> <InPorts = 2> <OutPorts = 1>
ST_1 : Operation 254 [1/1] (0.00ns) (grouped into LUT with out node and_ln46_277)   --->   "%and_ln46_276 = and i1 %icmp_ln46_207, i1 %xor_ln46_195" [firmware/nnet_utils/nnet_activation.h:46]   --->   Operation 254 'and' 'and_ln46_276' <Predicate = (icmp_ln45_68)> <Delay = 0.00> <CoreInst = "LogicGate">   --->   Core 74 'LogicGate' <Latency = 0> <II = 1> <Delay = 0.12> <FuncUnit> <Opcode : 'and' 'or' 'xor'> <InPorts = 2> <OutPorts = 1>
ST_1 : Operation 255 [1/1] (0.12ns) (out node of the LUT)   --->   "%and_ln46_277 = and i1 %and_ln46_276, i1 %tmp_412" [firmware/nnet_utils/nnet_activation.h:46]   --->   Operation 255 'and' 'and_ln46_277' <Predicate = (icmp_ln45_68)> <Delay = 0.12> <CoreInst = "LogicGate">   --->   Core 74 'LogicGate' <Latency = 0> <II = 1> <Delay = 0.12> <FuncUnit> <Opcode : 'and' 'or' 'xor'> <InPorts = 2> <OutPorts = 1>
ST_1 : Operation 256 [1/1] (0.00ns) (grouped into LUT with out node select_ln45_68)   --->   "%xor_ln46_138 = xor i1 %and_ln46_277, i1 1" [firmware/nnet_utils/nnet_activation.h:46]   --->   Operation 256 'xor' 'xor_ln46_138' <Predicate = (icmp_ln45_68)> <Delay = 0.00> <CoreInst = "LogicGate">   --->   Core 74 'LogicGate' <Latency = 0> <II = 1> <Delay = 0.12> <FuncUnit> <Opcode : 'and' 'or' 'xor'> <InPorts = 2> <OutPorts = 1>
ST_1 : Operation 257 [1/1] (0.00ns) (grouped into LUT with out node select_ln46_277)   --->   "%select_ln46_276 = select i1 %and_ln46_277, i5 %trunc_ln46_200, i5 0" [firmware/nnet_utils/nnet_activation.h:46]   --->   Operation 257 'select' 'select_ln46_276' <Predicate = (tmp_409 & or_ln46_207 & or_ln46_208 & icmp_ln45_68)> <Delay = 0.00> <CoreInst = "Sel">   --->   Core 73 'Sel' <Latency = 0> <II = 1> <Delay = 0.27> <FuncUnit> <Opcode : 'select'> <InPorts = 3> <OutPorts = 1>
ST_1 : Operation 258 [1/1] (0.00ns) (grouped into LUT with out node select_ln46_277)   --->   "%zext_ln46_132 = zext i5 %select_ln46_276" [firmware/nnet_utils/nnet_activation.h:46]   --->   Operation 258 'zext' 'zext_ln46_132' <Predicate = (tmp_409 & or_ln46_207 & or_ln46_208 & icmp_ln45_68)> <Delay = 0.00>
ST_1 : Operation 259 [1/1] (0.00ns) (grouped into LUT with out node select_ln45_68)   --->   "%and_ln46_278 = and i1 %tmp_409, i1 %xor_ln46_138" [firmware/nnet_utils/nnet_activation.h:46]   --->   Operation 259 'and' 'and_ln46_278' <Predicate = (icmp_ln45_68)> <Delay = 0.00> <CoreInst = "LogicGate">   --->   Core 74 'LogicGate' <Latency = 0> <II = 1> <Delay = 0.12> <FuncUnit> <Opcode : 'and' 'or' 'xor'> <InPorts = 2> <OutPorts = 1>
ST_1 : Operation 260 [1/1] (0.00ns) (grouped into LUT with out node select_ln45_68)   --->   "%or_ln46_208 = or i1 %and_ln46_278, i1 %xor_ln46_137" [firmware/nnet_utils/nnet_activation.h:46]   --->   Operation 260 'or' 'or_ln46_208' <Predicate = (icmp_ln45_68)> <Delay = 0.00> <CoreInst = "LogicGate">   --->   Core 74 'LogicGate' <Latency = 0> <II = 1> <Delay = 0.12> <FuncUnit> <Opcode : 'and' 'or' 'xor'> <InPorts = 2> <OutPorts = 1>
ST_1 : Operation 261 [1/1] (0.00ns) (grouped into LUT with out node select_ln46_277)   --->   "%select_ln46_391 = select i1 %tmp_409, i6 %zext_ln46_132, i6 %add_ln46_68" [firmware/nnet_utils/nnet_activation.h:46]   --->   Operation 261 'select' 'select_ln46_391' <Predicate = (or_ln46_207 & or_ln46_208 & icmp_ln45_68)> <Delay = 0.00> <CoreInst = "Sel">   --->   Core 73 'Sel' <Latency = 0> <II = 1> <Delay = 0.29> <FuncUnit> <Opcode : 'select'> <InPorts = 3> <OutPorts = 1>
ST_1 : Operation 262 [1/1] (0.29ns) (out node of the LUT)   --->   "%select_ln46_277 = select i1 %or_ln46_207, i6 %select_ln46_391, i6 63" [firmware/nnet_utils/nnet_activation.h:46]   --->   Operation 262 'select' 'select_ln46_277' <Predicate = (or_ln46_208 & icmp_ln45_68)> <Delay = 0.29> <CoreInst = "Sel">   --->   Core 73 'Sel' <Latency = 0> <II = 1> <Delay = 0.29> <FuncUnit> <Opcode : 'select'> <InPorts = 3> <OutPorts = 1>
ST_1 : Operation 263 [1/1] (0.00ns) (grouped into LUT with out node select_ln45_68)   --->   "%select_ln46_278 = select i1 %or_ln46_208, i6 %select_ln46_277, i6 %add_ln46_68" [firmware/nnet_utils/nnet_activation.h:46]   --->   Operation 263 'select' 'select_ln46_278' <Predicate = (icmp_ln45_68)> <Delay = 0.00> <CoreInst = "Sel">   --->   Core 73 'Sel' <Latency = 0> <II = 1> <Delay = 0.29> <FuncUnit> <Opcode : 'select'> <InPorts = 3> <OutPorts = 1>
ST_1 : Operation 264 [1/1] (0.29ns) (out node of the LUT)   --->   "%select_ln45_68 = select i1 %icmp_ln45_68, i6 %select_ln46_278, i6 0" [firmware/nnet_utils/nnet_activation.h:45]   --->   Operation 264 'select' 'select_ln45_68' <Predicate = true> <Delay = 0.29> <CoreInst = "Sel">   --->   Core 73 'Sel' <Latency = 0> <II = 1> <Delay = 0.29> <FuncUnit> <Opcode : 'select'> <InPorts = 3> <OutPorts = 1>
ST_1 : Operation 265 [1/1] (0.80ns)   --->   "%icmp_ln45_69 = icmp_sgt  i19 %data_7_val_read, i19 0" [firmware/nnet_utils/nnet_activation.h:45]   --->   Operation 265 'icmp' 'icmp_ln45_69' <Predicate = true> <Delay = 0.80> <CoreInst = "Cmp">   --->   Core 9 'Cmp' <Latency = 0> <II = 1> <Delay = 0.80> <FuncUnit> <Opcode : 'icmp'> <InPorts = 2> <OutPorts = 1>
ST_1 : Operation 266 [1/1] (0.00ns)   --->   "%tmp_415 = bitselect i1 @_ssdm_op_BitSelect.i1.i19.i32, i19 %data_7_val_read, i32 18" [firmware/nnet_utils/nnet_activation.h:46]   --->   Operation 266 'bitselect' 'tmp_415' <Predicate = (icmp_ln45_69)> <Delay = 0.00>
ST_1 : Operation 267 [1/1] (0.00ns) (grouped into LUT with out node add_ln46_69)   --->   "%trunc_ln46_67 = partselect i6 @_ssdm_op_PartSelect.i6.i19.i32.i32, i19 %data_7_val_read, i32 5, i32 10" [firmware/nnet_utils/nnet_activation.h:46]   --->   Operation 267 'partselect' 'trunc_ln46_67' <Predicate = (icmp_ln45_69)> <Delay = 0.00>
ST_1 : Operation 268 [1/1] (0.00ns) (grouped into LUT with out node add_ln46_69)   --->   "%tmp_416 = bitselect i1 @_ssdm_op_BitSelect.i1.i19.i32, i19 %data_7_val_read, i32 5" [firmware/nnet_utils/nnet_activation.h:46]   --->   Operation 268 'bitselect' 'tmp_416' <Predicate = (icmp_ln45_69)> <Delay = 0.00>
ST_1 : Operation 269 [1/1] (0.00ns) (grouped into LUT with out node add_ln46_69)   --->   "%tmp_417 = bitselect i1 @_ssdm_op_BitSelect.i1.i19.i32, i19 %data_7_val_read, i32 4" [firmware/nnet_utils/nnet_activation.h:46]   --->   Operation 269 'bitselect' 'tmp_417' <Predicate = (icmp_ln45_69)> <Delay = 0.00>
ST_1 : Operation 270 [1/1] (0.00ns)   --->   "%trunc_ln46_201 = trunc i19 %data_7_val_read" [firmware/nnet_utils/nnet_activation.h:46]   --->   Operation 270 'trunc' 'trunc_ln46_201' <Predicate = (icmp_ln45_69)> <Delay = 0.00>
ST_1 : Operation 271 [1/1] (0.70ns)   --->   "%icmp_ln46_209 = icmp_ne  i4 %trunc_ln46_201, i4 0" [firmware/nnet_utils/nnet_activation.h:46]   --->   Operation 271 'icmp' 'icmp_ln46_209' <Predicate = (icmp_ln45_69)> <Delay = 0.70> <CoreInst = "Cmp">   --->   Core 9 'Cmp' <Latency = 0> <II = 1> <Delay = 0.70> <FuncUnit> <Opcode : 'icmp'> <InPorts = 2> <OutPorts = 1>
ST_1 : Operation 272 [1/1] (0.00ns)   --->   "%tmp_418 = bitselect i1 @_ssdm_op_BitSelect.i1.i19.i32, i19 %data_7_val_read, i32 10" [firmware/nnet_utils/nnet_activation.h:46]   --->   Operation 272 'bitselect' 'tmp_418' <Predicate = (icmp_ln45_69)> <Delay = 0.00>
ST_1 : Operation 273 [1/1] (0.00ns) (grouped into LUT with out node add_ln46_69)   --->   "%or_ln46_209 = or i1 %tmp_416, i1 %icmp_ln46_209" [firmware/nnet_utils/nnet_activation.h:46]   --->   Operation 273 'or' 'or_ln46_209' <Predicate = (icmp_ln45_69)> <Delay = 0.00> <CoreInst = "LogicGate">   --->   Core 74 'LogicGate' <Latency = 0> <II = 1> <Delay = 0.12> <FuncUnit> <Opcode : 'and' 'or' 'xor'> <InPorts = 2> <OutPorts = 1>
ST_1 : Operation 274 [1/1] (0.00ns) (grouped into LUT with out node add_ln46_69)   --->   "%and_ln46_279 = and i1 %or_ln46_209, i1 %tmp_417" [firmware/nnet_utils/nnet_activation.h:46]   --->   Operation 274 'and' 'and_ln46_279' <Predicate = (icmp_ln45_69)> <Delay = 0.00> <CoreInst = "LogicGate">   --->   Core 74 'LogicGate' <Latency = 0> <II = 1> <Delay = 0.12> <FuncUnit> <Opcode : 'and' 'or' 'xor'> <InPorts = 2> <OutPorts = 1>
ST_1 : Operation 275 [1/1] (0.00ns) (grouped into LUT with out node add_ln46_69)   --->   "%zext_ln46_69 = zext i1 %and_ln46_279" [firmware/nnet_utils/nnet_activation.h:46]   --->   Operation 275 'zext' 'zext_ln46_69' <Predicate = (icmp_ln45_69)> <Delay = 0.00>
ST_1 : Operation 276 [1/1] (0.70ns) (out node of the LUT)   --->   "%add_ln46_69 = add i6 %trunc_ln46_67, i6 %zext_ln46_69" [firmware/nnet_utils/nnet_activation.h:46]   --->   Operation 276 'add' 'add_ln46_69' <Predicate = (icmp_ln45_69)> <Delay = 0.70> <CoreInst = "Adder">   --->   Core 1 'Adder' <Latency = 0> <II = 1> <Delay = 0.70> <FuncUnit> <Opcode : 'add' 'sub'> <InPorts = 2> <OutPorts = 1>
ST_1 : Operation 277 [1/1] (0.00ns) (grouped into LUT with out node select_ln46_281)   --->   "%trunc_ln46_202 = trunc i6 %add_ln46_69" [firmware/nnet_utils/nnet_activation.h:46]   --->   Operation 277 'trunc' 'trunc_ln46_202' <Predicate = (and_ln46_281 & tmp_415 & or_ln46_210 & or_ln46_211 & icmp_ln45_69)> <Delay = 0.00>
ST_1 : Operation 278 [1/1] (0.00ns)   --->   "%tmp_419 = partselect i8 @_ssdm_op_PartSelect.i8.i19.i32.i32, i19 %data_7_val_read, i32 11, i32 18" [firmware/nnet_utils/nnet_activation.h:46]   --->   Operation 278 'partselect' 'tmp_419' <Predicate = (icmp_ln45_69)> <Delay = 0.00>
ST_1 : Operation 279 [1/1] (0.70ns)   --->   "%icmp_ln46_210 = icmp_eq  i8 %tmp_419, i8 255" [firmware/nnet_utils/nnet_activation.h:46]   --->   Operation 279 'icmp' 'icmp_ln46_210' <Predicate = (icmp_ln45_69)> <Delay = 0.70> <CoreInst = "Cmp">   --->   Core 9 'Cmp' <Latency = 0> <II = 1> <Delay = 0.70> <FuncUnit> <Opcode : 'icmp'> <InPorts = 2> <OutPorts = 1>
ST_1 : Operation 280 [1/1] (0.70ns)   --->   "%icmp_ln46_211 = icmp_eq  i8 %tmp_419, i8 0" [firmware/nnet_utils/nnet_activation.h:46]   --->   Operation 280 'icmp' 'icmp_ln46_211' <Predicate = (icmp_ln45_69)> <Delay = 0.70> <CoreInst = "Cmp">   --->   Core 9 'Cmp' <Latency = 0> <II = 1> <Delay = 0.70> <FuncUnit> <Opcode : 'icmp'> <InPorts = 2> <OutPorts = 1>
ST_1 : Operation 281 [1/1] (0.00ns)   --->   "%tmp_420 = bitselect i1 @_ssdm_op_BitSelect.i1.i6.i32, i6 %add_ln46_69, i32 5" [firmware/nnet_utils/nnet_activation.h:46]   --->   Operation 281 'bitselect' 'tmp_420' <Predicate = (icmp_ln45_69)> <Delay = 0.00>
ST_1 : Operation 282 [1/1] (0.00ns) (grouped into LUT with out node and_ln46_281)   --->   "%xor_ln46_196 = xor i1 %tmp_420, i1 1" [firmware/nnet_utils/nnet_activation.h:46]   --->   Operation 282 'xor' 'xor_ln46_196' <Predicate = (icmp_ln45_69)> <Delay = 0.00> <CoreInst = "LogicGate">   --->   Core 74 'LogicGate' <Latency = 0> <II = 1> <Delay = 0.12> <FuncUnit> <Opcode : 'and' 'or' 'xor'> <InPorts = 2> <OutPorts = 1>
ST_1 : Operation 283 [1/1] (0.00ns) (grouped into LUT with out node or_ln46_210)   --->   "%select_ln46_279 = select i1 %tmp_420, i1 %icmp_ln46_211, i1 %icmp_ln46_210" [firmware/nnet_utils/nnet_activation.h:46]   --->   Operation 283 'select' 'select_ln46_279' <Predicate = (icmp_ln45_69)> <Delay = 0.00> <CoreInst = "Sel">   --->   Core 73 'Sel' <Latency = 0> <II = 1> <Delay = 0.27> <FuncUnit> <Opcode : 'select'> <InPorts = 3> <OutPorts = 1>
ST_1 : Operation 284 [1/1] (0.00ns) (grouped into LUT with out node or_ln46_210)   --->   "%select_ln46_392 = select i1 %tmp_418, i1 %select_ln46_279, i1 %icmp_ln46_211" [firmware/nnet_utils/nnet_activation.h:46]   --->   Operation 284 'select' 'select_ln46_392' <Predicate = (icmp_ln45_69)> <Delay = 0.00> <CoreInst = "Sel">   --->   Core 73 'Sel' <Latency = 0> <II = 1> <Delay = 0.27> <FuncUnit> <Opcode : 'select'> <InPorts = 3> <OutPorts = 1>
ST_1 : Operation 285 [1/1] (0.27ns) (out node of the LUT)   --->   "%or_ln46_210 = or i1 %select_ln46_392, i1 %tmp_415" [firmware/nnet_utils/nnet_activation.h:46]   --->   Operation 285 'or' 'or_ln46_210' <Predicate = (icmp_ln45_69)> <Delay = 0.27> <CoreInst = "LogicGate">   --->   Core 74 'LogicGate' <Latency = 0> <II = 1> <Delay = 0.12> <FuncUnit> <Opcode : 'and' 'or' 'xor'> <InPorts = 2> <OutPorts = 1>
ST_1 : Operation 286 [1/1] (0.00ns) (grouped into LUT with out node select_ln45_69)   --->   "%xor_ln46_139 = xor i1 %or_ln46_210, i1 1" [firmware/nnet_utils/nnet_activation.h:46]   --->   Operation 286 'xor' 'xor_ln46_139' <Predicate = (icmp_ln45_69)> <Delay = 0.00> <CoreInst = "LogicGate">   --->   Core 74 'LogicGate' <Latency = 0> <II = 1> <Delay = 0.12> <FuncUnit> <Opcode : 'and' 'or' 'xor'> <InPorts = 2> <OutPorts = 1>
ST_1 : Operation 287 [1/1] (0.00ns) (grouped into LUT with out node and_ln46_281)   --->   "%and_ln46_280 = and i1 %icmp_ln46_210, i1 %xor_ln46_196" [firmware/nnet_utils/nnet_activation.h:46]   --->   Operation 287 'and' 'and_ln46_280' <Predicate = (icmp_ln45_69)> <Delay = 0.00> <CoreInst = "LogicGate">   --->   Core 74 'LogicGate' <Latency = 0> <II = 1> <Delay = 0.12> <FuncUnit> <Opcode : 'and' 'or' 'xor'> <InPorts = 2> <OutPorts = 1>
ST_1 : Operation 288 [1/1] (0.12ns) (out node of the LUT)   --->   "%and_ln46_281 = and i1 %and_ln46_280, i1 %tmp_418" [firmware/nnet_utils/nnet_activation.h:46]   --->   Operation 288 'and' 'and_ln46_281' <Predicate = (icmp_ln45_69)> <Delay = 0.12> <CoreInst = "LogicGate">   --->   Core 74 'LogicGate' <Latency = 0> <II = 1> <Delay = 0.12> <FuncUnit> <Opcode : 'and' 'or' 'xor'> <InPorts = 2> <OutPorts = 1>
ST_1 : Operation 289 [1/1] (0.00ns) (grouped into LUT with out node select_ln45_69)   --->   "%xor_ln46_140 = xor i1 %and_ln46_281, i1 1" [firmware/nnet_utils/nnet_activation.h:46]   --->   Operation 289 'xor' 'xor_ln46_140' <Predicate = (icmp_ln45_69)> <Delay = 0.00> <CoreInst = "LogicGate">   --->   Core 74 'LogicGate' <Latency = 0> <II = 1> <Delay = 0.12> <FuncUnit> <Opcode : 'and' 'or' 'xor'> <InPorts = 2> <OutPorts = 1>
ST_1 : Operation 290 [1/1] (0.00ns) (grouped into LUT with out node select_ln46_281)   --->   "%select_ln46_280 = select i1 %and_ln46_281, i5 %trunc_ln46_202, i5 0" [firmware/nnet_utils/nnet_activation.h:46]   --->   Operation 290 'select' 'select_ln46_280' <Predicate = (tmp_415 & or_ln46_210 & or_ln46_211 & icmp_ln45_69)> <Delay = 0.00> <CoreInst = "Sel">   --->   Core 73 'Sel' <Latency = 0> <II = 1> <Delay = 0.27> <FuncUnit> <Opcode : 'select'> <InPorts = 3> <OutPorts = 1>
ST_1 : Operation 291 [1/1] (0.00ns) (grouped into LUT with out node select_ln46_281)   --->   "%zext_ln46_133 = zext i5 %select_ln46_280" [firmware/nnet_utils/nnet_activation.h:46]   --->   Operation 291 'zext' 'zext_ln46_133' <Predicate = (tmp_415 & or_ln46_210 & or_ln46_211 & icmp_ln45_69)> <Delay = 0.00>
ST_1 : Operation 292 [1/1] (0.00ns) (grouped into LUT with out node select_ln45_69)   --->   "%and_ln46_282 = and i1 %tmp_415, i1 %xor_ln46_140" [firmware/nnet_utils/nnet_activation.h:46]   --->   Operation 292 'and' 'and_ln46_282' <Predicate = (icmp_ln45_69)> <Delay = 0.00> <CoreInst = "LogicGate">   --->   Core 74 'LogicGate' <Latency = 0> <II = 1> <Delay = 0.12> <FuncUnit> <Opcode : 'and' 'or' 'xor'> <InPorts = 2> <OutPorts = 1>
ST_1 : Operation 293 [1/1] (0.00ns) (grouped into LUT with out node select_ln45_69)   --->   "%or_ln46_211 = or i1 %and_ln46_282, i1 %xor_ln46_139" [firmware/nnet_utils/nnet_activation.h:46]   --->   Operation 293 'or' 'or_ln46_211' <Predicate = (icmp_ln45_69)> <Delay = 0.00> <CoreInst = "LogicGate">   --->   Core 74 'LogicGate' <Latency = 0> <II = 1> <Delay = 0.12> <FuncUnit> <Opcode : 'and' 'or' 'xor'> <InPorts = 2> <OutPorts = 1>
ST_1 : Operation 294 [1/1] (0.00ns) (grouped into LUT with out node select_ln46_281)   --->   "%select_ln46_393 = select i1 %tmp_415, i6 %zext_ln46_133, i6 %add_ln46_69" [firmware/nnet_utils/nnet_activation.h:46]   --->   Operation 294 'select' 'select_ln46_393' <Predicate = (or_ln46_210 & or_ln46_211 & icmp_ln45_69)> <Delay = 0.00> <CoreInst = "Sel">   --->   Core 73 'Sel' <Latency = 0> <II = 1> <Delay = 0.29> <FuncUnit> <Opcode : 'select'> <InPorts = 3> <OutPorts = 1>
ST_1 : Operation 295 [1/1] (0.29ns) (out node of the LUT)   --->   "%select_ln46_281 = select i1 %or_ln46_210, i6 %select_ln46_393, i6 63" [firmware/nnet_utils/nnet_activation.h:46]   --->   Operation 295 'select' 'select_ln46_281' <Predicate = (or_ln46_211 & icmp_ln45_69)> <Delay = 0.29> <CoreInst = "Sel">   --->   Core 73 'Sel' <Latency = 0> <II = 1> <Delay = 0.29> <FuncUnit> <Opcode : 'select'> <InPorts = 3> <OutPorts = 1>
ST_1 : Operation 296 [1/1] (0.00ns) (grouped into LUT with out node select_ln45_69)   --->   "%select_ln46_282 = select i1 %or_ln46_211, i6 %select_ln46_281, i6 %add_ln46_69" [firmware/nnet_utils/nnet_activation.h:46]   --->   Operation 296 'select' 'select_ln46_282' <Predicate = (icmp_ln45_69)> <Delay = 0.00> <CoreInst = "Sel">   --->   Core 73 'Sel' <Latency = 0> <II = 1> <Delay = 0.29> <FuncUnit> <Opcode : 'select'> <InPorts = 3> <OutPorts = 1>
ST_1 : Operation 297 [1/1] (0.29ns) (out node of the LUT)   --->   "%select_ln45_69 = select i1 %icmp_ln45_69, i6 %select_ln46_282, i6 0" [firmware/nnet_utils/nnet_activation.h:45]   --->   Operation 297 'select' 'select_ln45_69' <Predicate = true> <Delay = 0.29> <CoreInst = "Sel">   --->   Core 73 'Sel' <Latency = 0> <II = 1> <Delay = 0.29> <FuncUnit> <Opcode : 'select'> <InPorts = 3> <OutPorts = 1>
ST_1 : Operation 298 [1/1] (0.80ns)   --->   "%icmp_ln45_70 = icmp_sgt  i19 %data_8_val_read, i19 0" [firmware/nnet_utils/nnet_activation.h:45]   --->   Operation 298 'icmp' 'icmp_ln45_70' <Predicate = true> <Delay = 0.80> <CoreInst = "Cmp">   --->   Core 9 'Cmp' <Latency = 0> <II = 1> <Delay = 0.80> <FuncUnit> <Opcode : 'icmp'> <InPorts = 2> <OutPorts = 1>
ST_1 : Operation 299 [1/1] (0.00ns)   --->   "%tmp_421 = bitselect i1 @_ssdm_op_BitSelect.i1.i19.i32, i19 %data_8_val_read, i32 18" [firmware/nnet_utils/nnet_activation.h:46]   --->   Operation 299 'bitselect' 'tmp_421' <Predicate = (icmp_ln45_70)> <Delay = 0.00>
ST_1 : Operation 300 [1/1] (0.00ns) (grouped into LUT with out node add_ln46_70)   --->   "%trunc_ln46_68 = partselect i6 @_ssdm_op_PartSelect.i6.i19.i32.i32, i19 %data_8_val_read, i32 5, i32 10" [firmware/nnet_utils/nnet_activation.h:46]   --->   Operation 300 'partselect' 'trunc_ln46_68' <Predicate = (icmp_ln45_70)> <Delay = 0.00>
ST_1 : Operation 301 [1/1] (0.00ns) (grouped into LUT with out node add_ln46_70)   --->   "%tmp_422 = bitselect i1 @_ssdm_op_BitSelect.i1.i19.i32, i19 %data_8_val_read, i32 5" [firmware/nnet_utils/nnet_activation.h:46]   --->   Operation 301 'bitselect' 'tmp_422' <Predicate = (icmp_ln45_70)> <Delay = 0.00>
ST_1 : Operation 302 [1/1] (0.00ns) (grouped into LUT with out node add_ln46_70)   --->   "%tmp_423 = bitselect i1 @_ssdm_op_BitSelect.i1.i19.i32, i19 %data_8_val_read, i32 4" [firmware/nnet_utils/nnet_activation.h:46]   --->   Operation 302 'bitselect' 'tmp_423' <Predicate = (icmp_ln45_70)> <Delay = 0.00>
ST_1 : Operation 303 [1/1] (0.00ns)   --->   "%trunc_ln46_203 = trunc i19 %data_8_val_read" [firmware/nnet_utils/nnet_activation.h:46]   --->   Operation 303 'trunc' 'trunc_ln46_203' <Predicate = (icmp_ln45_70)> <Delay = 0.00>
ST_1 : Operation 304 [1/1] (0.70ns)   --->   "%icmp_ln46_212 = icmp_ne  i4 %trunc_ln46_203, i4 0" [firmware/nnet_utils/nnet_activation.h:46]   --->   Operation 304 'icmp' 'icmp_ln46_212' <Predicate = (icmp_ln45_70)> <Delay = 0.70> <CoreInst = "Cmp">   --->   Core 9 'Cmp' <Latency = 0> <II = 1> <Delay = 0.70> <FuncUnit> <Opcode : 'icmp'> <InPorts = 2> <OutPorts = 1>
ST_1 : Operation 305 [1/1] (0.00ns)   --->   "%tmp_424 = bitselect i1 @_ssdm_op_BitSelect.i1.i19.i32, i19 %data_8_val_read, i32 10" [firmware/nnet_utils/nnet_activation.h:46]   --->   Operation 305 'bitselect' 'tmp_424' <Predicate = (icmp_ln45_70)> <Delay = 0.00>
ST_1 : Operation 306 [1/1] (0.00ns) (grouped into LUT with out node add_ln46_70)   --->   "%or_ln46_212 = or i1 %tmp_422, i1 %icmp_ln46_212" [firmware/nnet_utils/nnet_activation.h:46]   --->   Operation 306 'or' 'or_ln46_212' <Predicate = (icmp_ln45_70)> <Delay = 0.00> <CoreInst = "LogicGate">   --->   Core 74 'LogicGate' <Latency = 0> <II = 1> <Delay = 0.12> <FuncUnit> <Opcode : 'and' 'or' 'xor'> <InPorts = 2> <OutPorts = 1>
ST_1 : Operation 307 [1/1] (0.00ns) (grouped into LUT with out node add_ln46_70)   --->   "%and_ln46_283 = and i1 %or_ln46_212, i1 %tmp_423" [firmware/nnet_utils/nnet_activation.h:46]   --->   Operation 307 'and' 'and_ln46_283' <Predicate = (icmp_ln45_70)> <Delay = 0.00> <CoreInst = "LogicGate">   --->   Core 74 'LogicGate' <Latency = 0> <II = 1> <Delay = 0.12> <FuncUnit> <Opcode : 'and' 'or' 'xor'> <InPorts = 2> <OutPorts = 1>
ST_1 : Operation 308 [1/1] (0.00ns) (grouped into LUT with out node add_ln46_70)   --->   "%zext_ln46_70 = zext i1 %and_ln46_283" [firmware/nnet_utils/nnet_activation.h:46]   --->   Operation 308 'zext' 'zext_ln46_70' <Predicate = (icmp_ln45_70)> <Delay = 0.00>
ST_1 : Operation 309 [1/1] (0.70ns) (out node of the LUT)   --->   "%add_ln46_70 = add i6 %trunc_ln46_68, i6 %zext_ln46_70" [firmware/nnet_utils/nnet_activation.h:46]   --->   Operation 309 'add' 'add_ln46_70' <Predicate = (icmp_ln45_70)> <Delay = 0.70> <CoreInst = "Adder">   --->   Core 1 'Adder' <Latency = 0> <II = 1> <Delay = 0.70> <FuncUnit> <Opcode : 'add' 'sub'> <InPorts = 2> <OutPorts = 1>
ST_1 : Operation 310 [1/1] (0.00ns) (grouped into LUT with out node select_ln46_285)   --->   "%trunc_ln46_204 = trunc i6 %add_ln46_70" [firmware/nnet_utils/nnet_activation.h:46]   --->   Operation 310 'trunc' 'trunc_ln46_204' <Predicate = (and_ln46_285 & tmp_421 & or_ln46_213 & or_ln46_214 & icmp_ln45_70)> <Delay = 0.00>
ST_1 : Operation 311 [1/1] (0.00ns)   --->   "%tmp_425 = partselect i8 @_ssdm_op_PartSelect.i8.i19.i32.i32, i19 %data_8_val_read, i32 11, i32 18" [firmware/nnet_utils/nnet_activation.h:46]   --->   Operation 311 'partselect' 'tmp_425' <Predicate = (icmp_ln45_70)> <Delay = 0.00>
ST_1 : Operation 312 [1/1] (0.70ns)   --->   "%icmp_ln46_213 = icmp_eq  i8 %tmp_425, i8 255" [firmware/nnet_utils/nnet_activation.h:46]   --->   Operation 312 'icmp' 'icmp_ln46_213' <Predicate = (icmp_ln45_70)> <Delay = 0.70> <CoreInst = "Cmp">   --->   Core 9 'Cmp' <Latency = 0> <II = 1> <Delay = 0.70> <FuncUnit> <Opcode : 'icmp'> <InPorts = 2> <OutPorts = 1>
ST_1 : Operation 313 [1/1] (0.70ns)   --->   "%icmp_ln46_214 = icmp_eq  i8 %tmp_425, i8 0" [firmware/nnet_utils/nnet_activation.h:46]   --->   Operation 313 'icmp' 'icmp_ln46_214' <Predicate = (icmp_ln45_70)> <Delay = 0.70> <CoreInst = "Cmp">   --->   Core 9 'Cmp' <Latency = 0> <II = 1> <Delay = 0.70> <FuncUnit> <Opcode : 'icmp'> <InPorts = 2> <OutPorts = 1>
ST_1 : Operation 314 [1/1] (0.00ns)   --->   "%tmp_426 = bitselect i1 @_ssdm_op_BitSelect.i1.i6.i32, i6 %add_ln46_70, i32 5" [firmware/nnet_utils/nnet_activation.h:46]   --->   Operation 314 'bitselect' 'tmp_426' <Predicate = (icmp_ln45_70)> <Delay = 0.00>
ST_1 : Operation 315 [1/1] (0.00ns) (grouped into LUT with out node and_ln46_285)   --->   "%xor_ln46_197 = xor i1 %tmp_426, i1 1" [firmware/nnet_utils/nnet_activation.h:46]   --->   Operation 315 'xor' 'xor_ln46_197' <Predicate = (icmp_ln45_70)> <Delay = 0.00> <CoreInst = "LogicGate">   --->   Core 74 'LogicGate' <Latency = 0> <II = 1> <Delay = 0.12> <FuncUnit> <Opcode : 'and' 'or' 'xor'> <InPorts = 2> <OutPorts = 1>
ST_1 : Operation 316 [1/1] (0.00ns) (grouped into LUT with out node or_ln46_213)   --->   "%select_ln46_283 = select i1 %tmp_426, i1 %icmp_ln46_214, i1 %icmp_ln46_213" [firmware/nnet_utils/nnet_activation.h:46]   --->   Operation 316 'select' 'select_ln46_283' <Predicate = (icmp_ln45_70)> <Delay = 0.00> <CoreInst = "Sel">   --->   Core 73 'Sel' <Latency = 0> <II = 1> <Delay = 0.27> <FuncUnit> <Opcode : 'select'> <InPorts = 3> <OutPorts = 1>
ST_1 : Operation 317 [1/1] (0.00ns) (grouped into LUT with out node or_ln46_213)   --->   "%select_ln46_394 = select i1 %tmp_424, i1 %select_ln46_283, i1 %icmp_ln46_214" [firmware/nnet_utils/nnet_activation.h:46]   --->   Operation 317 'select' 'select_ln46_394' <Predicate = (icmp_ln45_70)> <Delay = 0.00> <CoreInst = "Sel">   --->   Core 73 'Sel' <Latency = 0> <II = 1> <Delay = 0.27> <FuncUnit> <Opcode : 'select'> <InPorts = 3> <OutPorts = 1>
ST_1 : Operation 318 [1/1] (0.27ns) (out node of the LUT)   --->   "%or_ln46_213 = or i1 %select_ln46_394, i1 %tmp_421" [firmware/nnet_utils/nnet_activation.h:46]   --->   Operation 318 'or' 'or_ln46_213' <Predicate = (icmp_ln45_70)> <Delay = 0.27> <CoreInst = "LogicGate">   --->   Core 74 'LogicGate' <Latency = 0> <II = 1> <Delay = 0.12> <FuncUnit> <Opcode : 'and' 'or' 'xor'> <InPorts = 2> <OutPorts = 1>
ST_1 : Operation 319 [1/1] (0.00ns) (grouped into LUT with out node select_ln45_70)   --->   "%xor_ln46_141 = xor i1 %or_ln46_213, i1 1" [firmware/nnet_utils/nnet_activation.h:46]   --->   Operation 319 'xor' 'xor_ln46_141' <Predicate = (icmp_ln45_70)> <Delay = 0.00> <CoreInst = "LogicGate">   --->   Core 74 'LogicGate' <Latency = 0> <II = 1> <Delay = 0.12> <FuncUnit> <Opcode : 'and' 'or' 'xor'> <InPorts = 2> <OutPorts = 1>
ST_1 : Operation 320 [1/1] (0.00ns) (grouped into LUT with out node and_ln46_285)   --->   "%and_ln46_284 = and i1 %icmp_ln46_213, i1 %xor_ln46_197" [firmware/nnet_utils/nnet_activation.h:46]   --->   Operation 320 'and' 'and_ln46_284' <Predicate = (icmp_ln45_70)> <Delay = 0.00> <CoreInst = "LogicGate">   --->   Core 74 'LogicGate' <Latency = 0> <II = 1> <Delay = 0.12> <FuncUnit> <Opcode : 'and' 'or' 'xor'> <InPorts = 2> <OutPorts = 1>
ST_1 : Operation 321 [1/1] (0.12ns) (out node of the LUT)   --->   "%and_ln46_285 = and i1 %and_ln46_284, i1 %tmp_424" [firmware/nnet_utils/nnet_activation.h:46]   --->   Operation 321 'and' 'and_ln46_285' <Predicate = (icmp_ln45_70)> <Delay = 0.12> <CoreInst = "LogicGate">   --->   Core 74 'LogicGate' <Latency = 0> <II = 1> <Delay = 0.12> <FuncUnit> <Opcode : 'and' 'or' 'xor'> <InPorts = 2> <OutPorts = 1>
ST_1 : Operation 322 [1/1] (0.00ns) (grouped into LUT with out node select_ln45_70)   --->   "%xor_ln46_142 = xor i1 %and_ln46_285, i1 1" [firmware/nnet_utils/nnet_activation.h:46]   --->   Operation 322 'xor' 'xor_ln46_142' <Predicate = (icmp_ln45_70)> <Delay = 0.00> <CoreInst = "LogicGate">   --->   Core 74 'LogicGate' <Latency = 0> <II = 1> <Delay = 0.12> <FuncUnit> <Opcode : 'and' 'or' 'xor'> <InPorts = 2> <OutPorts = 1>
ST_1 : Operation 323 [1/1] (0.00ns) (grouped into LUT with out node select_ln46_285)   --->   "%select_ln46_284 = select i1 %and_ln46_285, i5 %trunc_ln46_204, i5 0" [firmware/nnet_utils/nnet_activation.h:46]   --->   Operation 323 'select' 'select_ln46_284' <Predicate = (tmp_421 & or_ln46_213 & or_ln46_214 & icmp_ln45_70)> <Delay = 0.00> <CoreInst = "Sel">   --->   Core 73 'Sel' <Latency = 0> <II = 1> <Delay = 0.27> <FuncUnit> <Opcode : 'select'> <InPorts = 3> <OutPorts = 1>
ST_1 : Operation 324 [1/1] (0.00ns) (grouped into LUT with out node select_ln46_285)   --->   "%zext_ln46_134 = zext i5 %select_ln46_284" [firmware/nnet_utils/nnet_activation.h:46]   --->   Operation 324 'zext' 'zext_ln46_134' <Predicate = (tmp_421 & or_ln46_213 & or_ln46_214 & icmp_ln45_70)> <Delay = 0.00>
ST_1 : Operation 325 [1/1] (0.00ns) (grouped into LUT with out node select_ln45_70)   --->   "%and_ln46_286 = and i1 %tmp_421, i1 %xor_ln46_142" [firmware/nnet_utils/nnet_activation.h:46]   --->   Operation 325 'and' 'and_ln46_286' <Predicate = (icmp_ln45_70)> <Delay = 0.00> <CoreInst = "LogicGate">   --->   Core 74 'LogicGate' <Latency = 0> <II = 1> <Delay = 0.12> <FuncUnit> <Opcode : 'and' 'or' 'xor'> <InPorts = 2> <OutPorts = 1>
ST_1 : Operation 326 [1/1] (0.00ns) (grouped into LUT with out node select_ln45_70)   --->   "%or_ln46_214 = or i1 %and_ln46_286, i1 %xor_ln46_141" [firmware/nnet_utils/nnet_activation.h:46]   --->   Operation 326 'or' 'or_ln46_214' <Predicate = (icmp_ln45_70)> <Delay = 0.00> <CoreInst = "LogicGate">   --->   Core 74 'LogicGate' <Latency = 0> <II = 1> <Delay = 0.12> <FuncUnit> <Opcode : 'and' 'or' 'xor'> <InPorts = 2> <OutPorts = 1>
ST_1 : Operation 327 [1/1] (0.00ns) (grouped into LUT with out node select_ln46_285)   --->   "%select_ln46_395 = select i1 %tmp_421, i6 %zext_ln46_134, i6 %add_ln46_70" [firmware/nnet_utils/nnet_activation.h:46]   --->   Operation 327 'select' 'select_ln46_395' <Predicate = (or_ln46_213 & or_ln46_214 & icmp_ln45_70)> <Delay = 0.00> <CoreInst = "Sel">   --->   Core 73 'Sel' <Latency = 0> <II = 1> <Delay = 0.29> <FuncUnit> <Opcode : 'select'> <InPorts = 3> <OutPorts = 1>
ST_1 : Operation 328 [1/1] (0.29ns) (out node of the LUT)   --->   "%select_ln46_285 = select i1 %or_ln46_213, i6 %select_ln46_395, i6 63" [firmware/nnet_utils/nnet_activation.h:46]   --->   Operation 328 'select' 'select_ln46_285' <Predicate = (or_ln46_214 & icmp_ln45_70)> <Delay = 0.29> <CoreInst = "Sel">   --->   Core 73 'Sel' <Latency = 0> <II = 1> <Delay = 0.29> <FuncUnit> <Opcode : 'select'> <InPorts = 3> <OutPorts = 1>
ST_1 : Operation 329 [1/1] (0.00ns) (grouped into LUT with out node select_ln45_70)   --->   "%select_ln46_286 = select i1 %or_ln46_214, i6 %select_ln46_285, i6 %add_ln46_70" [firmware/nnet_utils/nnet_activation.h:46]   --->   Operation 329 'select' 'select_ln46_286' <Predicate = (icmp_ln45_70)> <Delay = 0.00> <CoreInst = "Sel">   --->   Core 73 'Sel' <Latency = 0> <II = 1> <Delay = 0.29> <FuncUnit> <Opcode : 'select'> <InPorts = 3> <OutPorts = 1>
ST_1 : Operation 330 [1/1] (0.29ns) (out node of the LUT)   --->   "%select_ln45_70 = select i1 %icmp_ln45_70, i6 %select_ln46_286, i6 0" [firmware/nnet_utils/nnet_activation.h:45]   --->   Operation 330 'select' 'select_ln45_70' <Predicate = true> <Delay = 0.29> <CoreInst = "Sel">   --->   Core 73 'Sel' <Latency = 0> <II = 1> <Delay = 0.29> <FuncUnit> <Opcode : 'select'> <InPorts = 3> <OutPorts = 1>
ST_1 : Operation 331 [1/1] (0.80ns)   --->   "%icmp_ln45_71 = icmp_sgt  i19 %data_9_val_read, i19 0" [firmware/nnet_utils/nnet_activation.h:45]   --->   Operation 331 'icmp' 'icmp_ln45_71' <Predicate = true> <Delay = 0.80> <CoreInst = "Cmp">   --->   Core 9 'Cmp' <Latency = 0> <II = 1> <Delay = 0.80> <FuncUnit> <Opcode : 'icmp'> <InPorts = 2> <OutPorts = 1>
ST_1 : Operation 332 [1/1] (0.00ns)   --->   "%tmp_427 = bitselect i1 @_ssdm_op_BitSelect.i1.i19.i32, i19 %data_9_val_read, i32 18" [firmware/nnet_utils/nnet_activation.h:46]   --->   Operation 332 'bitselect' 'tmp_427' <Predicate = (icmp_ln45_71)> <Delay = 0.00>
ST_1 : Operation 333 [1/1] (0.00ns) (grouped into LUT with out node add_ln46_71)   --->   "%trunc_ln46_69 = partselect i6 @_ssdm_op_PartSelect.i6.i19.i32.i32, i19 %data_9_val_read, i32 5, i32 10" [firmware/nnet_utils/nnet_activation.h:46]   --->   Operation 333 'partselect' 'trunc_ln46_69' <Predicate = (icmp_ln45_71)> <Delay = 0.00>
ST_1 : Operation 334 [1/1] (0.00ns) (grouped into LUT with out node add_ln46_71)   --->   "%tmp_428 = bitselect i1 @_ssdm_op_BitSelect.i1.i19.i32, i19 %data_9_val_read, i32 5" [firmware/nnet_utils/nnet_activation.h:46]   --->   Operation 334 'bitselect' 'tmp_428' <Predicate = (icmp_ln45_71)> <Delay = 0.00>
ST_1 : Operation 335 [1/1] (0.00ns) (grouped into LUT with out node add_ln46_71)   --->   "%tmp_429 = bitselect i1 @_ssdm_op_BitSelect.i1.i19.i32, i19 %data_9_val_read, i32 4" [firmware/nnet_utils/nnet_activation.h:46]   --->   Operation 335 'bitselect' 'tmp_429' <Predicate = (icmp_ln45_71)> <Delay = 0.00>
ST_1 : Operation 336 [1/1] (0.00ns)   --->   "%trunc_ln46_205 = trunc i19 %data_9_val_read" [firmware/nnet_utils/nnet_activation.h:46]   --->   Operation 336 'trunc' 'trunc_ln46_205' <Predicate = (icmp_ln45_71)> <Delay = 0.00>
ST_1 : Operation 337 [1/1] (0.70ns)   --->   "%icmp_ln46_215 = icmp_ne  i4 %trunc_ln46_205, i4 0" [firmware/nnet_utils/nnet_activation.h:46]   --->   Operation 337 'icmp' 'icmp_ln46_215' <Predicate = (icmp_ln45_71)> <Delay = 0.70> <CoreInst = "Cmp">   --->   Core 9 'Cmp' <Latency = 0> <II = 1> <Delay = 0.70> <FuncUnit> <Opcode : 'icmp'> <InPorts = 2> <OutPorts = 1>
ST_1 : Operation 338 [1/1] (0.00ns)   --->   "%tmp_430 = bitselect i1 @_ssdm_op_BitSelect.i1.i19.i32, i19 %data_9_val_read, i32 10" [firmware/nnet_utils/nnet_activation.h:46]   --->   Operation 338 'bitselect' 'tmp_430' <Predicate = (icmp_ln45_71)> <Delay = 0.00>
ST_1 : Operation 339 [1/1] (0.00ns) (grouped into LUT with out node add_ln46_71)   --->   "%or_ln46_215 = or i1 %tmp_428, i1 %icmp_ln46_215" [firmware/nnet_utils/nnet_activation.h:46]   --->   Operation 339 'or' 'or_ln46_215' <Predicate = (icmp_ln45_71)> <Delay = 0.00> <CoreInst = "LogicGate">   --->   Core 74 'LogicGate' <Latency = 0> <II = 1> <Delay = 0.12> <FuncUnit> <Opcode : 'and' 'or' 'xor'> <InPorts = 2> <OutPorts = 1>
ST_1 : Operation 340 [1/1] (0.00ns) (grouped into LUT with out node add_ln46_71)   --->   "%and_ln46_287 = and i1 %or_ln46_215, i1 %tmp_429" [firmware/nnet_utils/nnet_activation.h:46]   --->   Operation 340 'and' 'and_ln46_287' <Predicate = (icmp_ln45_71)> <Delay = 0.00> <CoreInst = "LogicGate">   --->   Core 74 'LogicGate' <Latency = 0> <II = 1> <Delay = 0.12> <FuncUnit> <Opcode : 'and' 'or' 'xor'> <InPorts = 2> <OutPorts = 1>
ST_1 : Operation 341 [1/1] (0.00ns) (grouped into LUT with out node add_ln46_71)   --->   "%zext_ln46_71 = zext i1 %and_ln46_287" [firmware/nnet_utils/nnet_activation.h:46]   --->   Operation 341 'zext' 'zext_ln46_71' <Predicate = (icmp_ln45_71)> <Delay = 0.00>
ST_1 : Operation 342 [1/1] (0.70ns) (out node of the LUT)   --->   "%add_ln46_71 = add i6 %trunc_ln46_69, i6 %zext_ln46_71" [firmware/nnet_utils/nnet_activation.h:46]   --->   Operation 342 'add' 'add_ln46_71' <Predicate = (icmp_ln45_71)> <Delay = 0.70> <CoreInst = "Adder">   --->   Core 1 'Adder' <Latency = 0> <II = 1> <Delay = 0.70> <FuncUnit> <Opcode : 'add' 'sub'> <InPorts = 2> <OutPorts = 1>
ST_1 : Operation 343 [1/1] (0.00ns) (grouped into LUT with out node select_ln46_289)   --->   "%trunc_ln46_206 = trunc i6 %add_ln46_71" [firmware/nnet_utils/nnet_activation.h:46]   --->   Operation 343 'trunc' 'trunc_ln46_206' <Predicate = (and_ln46_289 & tmp_427 & or_ln46_216 & or_ln46_217 & icmp_ln45_71)> <Delay = 0.00>
ST_1 : Operation 344 [1/1] (0.00ns)   --->   "%tmp_431 = partselect i8 @_ssdm_op_PartSelect.i8.i19.i32.i32, i19 %data_9_val_read, i32 11, i32 18" [firmware/nnet_utils/nnet_activation.h:46]   --->   Operation 344 'partselect' 'tmp_431' <Predicate = (icmp_ln45_71)> <Delay = 0.00>
ST_1 : Operation 345 [1/1] (0.70ns)   --->   "%icmp_ln46_216 = icmp_eq  i8 %tmp_431, i8 255" [firmware/nnet_utils/nnet_activation.h:46]   --->   Operation 345 'icmp' 'icmp_ln46_216' <Predicate = (icmp_ln45_71)> <Delay = 0.70> <CoreInst = "Cmp">   --->   Core 9 'Cmp' <Latency = 0> <II = 1> <Delay = 0.70> <FuncUnit> <Opcode : 'icmp'> <InPorts = 2> <OutPorts = 1>
ST_1 : Operation 346 [1/1] (0.70ns)   --->   "%icmp_ln46_217 = icmp_eq  i8 %tmp_431, i8 0" [firmware/nnet_utils/nnet_activation.h:46]   --->   Operation 346 'icmp' 'icmp_ln46_217' <Predicate = (icmp_ln45_71)> <Delay = 0.70> <CoreInst = "Cmp">   --->   Core 9 'Cmp' <Latency = 0> <II = 1> <Delay = 0.70> <FuncUnit> <Opcode : 'icmp'> <InPorts = 2> <OutPorts = 1>
ST_1 : Operation 347 [1/1] (0.00ns)   --->   "%tmp_432 = bitselect i1 @_ssdm_op_BitSelect.i1.i6.i32, i6 %add_ln46_71, i32 5" [firmware/nnet_utils/nnet_activation.h:46]   --->   Operation 347 'bitselect' 'tmp_432' <Predicate = (icmp_ln45_71)> <Delay = 0.00>
ST_1 : Operation 348 [1/1] (0.00ns) (grouped into LUT with out node and_ln46_289)   --->   "%xor_ln46_198 = xor i1 %tmp_432, i1 1" [firmware/nnet_utils/nnet_activation.h:46]   --->   Operation 348 'xor' 'xor_ln46_198' <Predicate = (icmp_ln45_71)> <Delay = 0.00> <CoreInst = "LogicGate">   --->   Core 74 'LogicGate' <Latency = 0> <II = 1> <Delay = 0.12> <FuncUnit> <Opcode : 'and' 'or' 'xor'> <InPorts = 2> <OutPorts = 1>
ST_1 : Operation 349 [1/1] (0.00ns) (grouped into LUT with out node or_ln46_216)   --->   "%select_ln46_287 = select i1 %tmp_432, i1 %icmp_ln46_217, i1 %icmp_ln46_216" [firmware/nnet_utils/nnet_activation.h:46]   --->   Operation 349 'select' 'select_ln46_287' <Predicate = (icmp_ln45_71)> <Delay = 0.00> <CoreInst = "Sel">   --->   Core 73 'Sel' <Latency = 0> <II = 1> <Delay = 0.27> <FuncUnit> <Opcode : 'select'> <InPorts = 3> <OutPorts = 1>
ST_1 : Operation 350 [1/1] (0.00ns) (grouped into LUT with out node or_ln46_216)   --->   "%select_ln46_396 = select i1 %tmp_430, i1 %select_ln46_287, i1 %icmp_ln46_217" [firmware/nnet_utils/nnet_activation.h:46]   --->   Operation 350 'select' 'select_ln46_396' <Predicate = (icmp_ln45_71)> <Delay = 0.00> <CoreInst = "Sel">   --->   Core 73 'Sel' <Latency = 0> <II = 1> <Delay = 0.27> <FuncUnit> <Opcode : 'select'> <InPorts = 3> <OutPorts = 1>
ST_1 : Operation 351 [1/1] (0.27ns) (out node of the LUT)   --->   "%or_ln46_216 = or i1 %select_ln46_396, i1 %tmp_427" [firmware/nnet_utils/nnet_activation.h:46]   --->   Operation 351 'or' 'or_ln46_216' <Predicate = (icmp_ln45_71)> <Delay = 0.27> <CoreInst = "LogicGate">   --->   Core 74 'LogicGate' <Latency = 0> <II = 1> <Delay = 0.12> <FuncUnit> <Opcode : 'and' 'or' 'xor'> <InPorts = 2> <OutPorts = 1>
ST_1 : Operation 352 [1/1] (0.00ns) (grouped into LUT with out node select_ln45_71)   --->   "%xor_ln46_143 = xor i1 %or_ln46_216, i1 1" [firmware/nnet_utils/nnet_activation.h:46]   --->   Operation 352 'xor' 'xor_ln46_143' <Predicate = (icmp_ln45_71)> <Delay = 0.00> <CoreInst = "LogicGate">   --->   Core 74 'LogicGate' <Latency = 0> <II = 1> <Delay = 0.12> <FuncUnit> <Opcode : 'and' 'or' 'xor'> <InPorts = 2> <OutPorts = 1>
ST_1 : Operation 353 [1/1] (0.00ns) (grouped into LUT with out node and_ln46_289)   --->   "%and_ln46_288 = and i1 %icmp_ln46_216, i1 %xor_ln46_198" [firmware/nnet_utils/nnet_activation.h:46]   --->   Operation 353 'and' 'and_ln46_288' <Predicate = (icmp_ln45_71)> <Delay = 0.00> <CoreInst = "LogicGate">   --->   Core 74 'LogicGate' <Latency = 0> <II = 1> <Delay = 0.12> <FuncUnit> <Opcode : 'and' 'or' 'xor'> <InPorts = 2> <OutPorts = 1>
ST_1 : Operation 354 [1/1] (0.12ns) (out node of the LUT)   --->   "%and_ln46_289 = and i1 %and_ln46_288, i1 %tmp_430" [firmware/nnet_utils/nnet_activation.h:46]   --->   Operation 354 'and' 'and_ln46_289' <Predicate = (icmp_ln45_71)> <Delay = 0.12> <CoreInst = "LogicGate">   --->   Core 74 'LogicGate' <Latency = 0> <II = 1> <Delay = 0.12> <FuncUnit> <Opcode : 'and' 'or' 'xor'> <InPorts = 2> <OutPorts = 1>
ST_1 : Operation 355 [1/1] (0.00ns) (grouped into LUT with out node select_ln45_71)   --->   "%xor_ln46_144 = xor i1 %and_ln46_289, i1 1" [firmware/nnet_utils/nnet_activation.h:46]   --->   Operation 355 'xor' 'xor_ln46_144' <Predicate = (icmp_ln45_71)> <Delay = 0.00> <CoreInst = "LogicGate">   --->   Core 74 'LogicGate' <Latency = 0> <II = 1> <Delay = 0.12> <FuncUnit> <Opcode : 'and' 'or' 'xor'> <InPorts = 2> <OutPorts = 1>
ST_1 : Operation 356 [1/1] (0.00ns) (grouped into LUT with out node select_ln46_289)   --->   "%select_ln46_288 = select i1 %and_ln46_289, i5 %trunc_ln46_206, i5 0" [firmware/nnet_utils/nnet_activation.h:46]   --->   Operation 356 'select' 'select_ln46_288' <Predicate = (tmp_427 & or_ln46_216 & or_ln46_217 & icmp_ln45_71)> <Delay = 0.00> <CoreInst = "Sel">   --->   Core 73 'Sel' <Latency = 0> <II = 1> <Delay = 0.27> <FuncUnit> <Opcode : 'select'> <InPorts = 3> <OutPorts = 1>
ST_1 : Operation 357 [1/1] (0.00ns) (grouped into LUT with out node select_ln46_289)   --->   "%zext_ln46_135 = zext i5 %select_ln46_288" [firmware/nnet_utils/nnet_activation.h:46]   --->   Operation 357 'zext' 'zext_ln46_135' <Predicate = (tmp_427 & or_ln46_216 & or_ln46_217 & icmp_ln45_71)> <Delay = 0.00>
ST_1 : Operation 358 [1/1] (0.00ns) (grouped into LUT with out node select_ln45_71)   --->   "%and_ln46_290 = and i1 %tmp_427, i1 %xor_ln46_144" [firmware/nnet_utils/nnet_activation.h:46]   --->   Operation 358 'and' 'and_ln46_290' <Predicate = (icmp_ln45_71)> <Delay = 0.00> <CoreInst = "LogicGate">   --->   Core 74 'LogicGate' <Latency = 0> <II = 1> <Delay = 0.12> <FuncUnit> <Opcode : 'and' 'or' 'xor'> <InPorts = 2> <OutPorts = 1>
ST_1 : Operation 359 [1/1] (0.00ns) (grouped into LUT with out node select_ln45_71)   --->   "%or_ln46_217 = or i1 %and_ln46_290, i1 %xor_ln46_143" [firmware/nnet_utils/nnet_activation.h:46]   --->   Operation 359 'or' 'or_ln46_217' <Predicate = (icmp_ln45_71)> <Delay = 0.00> <CoreInst = "LogicGate">   --->   Core 74 'LogicGate' <Latency = 0> <II = 1> <Delay = 0.12> <FuncUnit> <Opcode : 'and' 'or' 'xor'> <InPorts = 2> <OutPorts = 1>
ST_1 : Operation 360 [1/1] (0.00ns) (grouped into LUT with out node select_ln46_289)   --->   "%select_ln46_397 = select i1 %tmp_427, i6 %zext_ln46_135, i6 %add_ln46_71" [firmware/nnet_utils/nnet_activation.h:46]   --->   Operation 360 'select' 'select_ln46_397' <Predicate = (or_ln46_216 & or_ln46_217 & icmp_ln45_71)> <Delay = 0.00> <CoreInst = "Sel">   --->   Core 73 'Sel' <Latency = 0> <II = 1> <Delay = 0.29> <FuncUnit> <Opcode : 'select'> <InPorts = 3> <OutPorts = 1>
ST_1 : Operation 361 [1/1] (0.29ns) (out node of the LUT)   --->   "%select_ln46_289 = select i1 %or_ln46_216, i6 %select_ln46_397, i6 63" [firmware/nnet_utils/nnet_activation.h:46]   --->   Operation 361 'select' 'select_ln46_289' <Predicate = (or_ln46_217 & icmp_ln45_71)> <Delay = 0.29> <CoreInst = "Sel">   --->   Core 73 'Sel' <Latency = 0> <II = 1> <Delay = 0.29> <FuncUnit> <Opcode : 'select'> <InPorts = 3> <OutPorts = 1>
ST_1 : Operation 362 [1/1] (0.00ns) (grouped into LUT with out node select_ln45_71)   --->   "%select_ln46_290 = select i1 %or_ln46_217, i6 %select_ln46_289, i6 %add_ln46_71" [firmware/nnet_utils/nnet_activation.h:46]   --->   Operation 362 'select' 'select_ln46_290' <Predicate = (icmp_ln45_71)> <Delay = 0.00> <CoreInst = "Sel">   --->   Core 73 'Sel' <Latency = 0> <II = 1> <Delay = 0.29> <FuncUnit> <Opcode : 'select'> <InPorts = 3> <OutPorts = 1>
ST_1 : Operation 363 [1/1] (0.29ns) (out node of the LUT)   --->   "%select_ln45_71 = select i1 %icmp_ln45_71, i6 %select_ln46_290, i6 0" [firmware/nnet_utils/nnet_activation.h:45]   --->   Operation 363 'select' 'select_ln45_71' <Predicate = true> <Delay = 0.29> <CoreInst = "Sel">   --->   Core 73 'Sel' <Latency = 0> <II = 1> <Delay = 0.29> <FuncUnit> <Opcode : 'select'> <InPorts = 3> <OutPorts = 1>
ST_1 : Operation 364 [1/1] (0.80ns)   --->   "%icmp_ln45_72 = icmp_sgt  i19 %data_10_val_read, i19 0" [firmware/nnet_utils/nnet_activation.h:45]   --->   Operation 364 'icmp' 'icmp_ln45_72' <Predicate = true> <Delay = 0.80> <CoreInst = "Cmp">   --->   Core 9 'Cmp' <Latency = 0> <II = 1> <Delay = 0.80> <FuncUnit> <Opcode : 'icmp'> <InPorts = 2> <OutPorts = 1>
ST_1 : Operation 365 [1/1] (0.00ns)   --->   "%tmp_433 = bitselect i1 @_ssdm_op_BitSelect.i1.i19.i32, i19 %data_10_val_read, i32 18" [firmware/nnet_utils/nnet_activation.h:46]   --->   Operation 365 'bitselect' 'tmp_433' <Predicate = (icmp_ln45_72)> <Delay = 0.00>
ST_1 : Operation 366 [1/1] (0.00ns) (grouped into LUT with out node add_ln46_72)   --->   "%trunc_ln46_70 = partselect i6 @_ssdm_op_PartSelect.i6.i19.i32.i32, i19 %data_10_val_read, i32 5, i32 10" [firmware/nnet_utils/nnet_activation.h:46]   --->   Operation 366 'partselect' 'trunc_ln46_70' <Predicate = (icmp_ln45_72)> <Delay = 0.00>
ST_1 : Operation 367 [1/1] (0.00ns) (grouped into LUT with out node add_ln46_72)   --->   "%tmp_434 = bitselect i1 @_ssdm_op_BitSelect.i1.i19.i32, i19 %data_10_val_read, i32 5" [firmware/nnet_utils/nnet_activation.h:46]   --->   Operation 367 'bitselect' 'tmp_434' <Predicate = (icmp_ln45_72)> <Delay = 0.00>
ST_1 : Operation 368 [1/1] (0.00ns) (grouped into LUT with out node add_ln46_72)   --->   "%tmp_435 = bitselect i1 @_ssdm_op_BitSelect.i1.i19.i32, i19 %data_10_val_read, i32 4" [firmware/nnet_utils/nnet_activation.h:46]   --->   Operation 368 'bitselect' 'tmp_435' <Predicate = (icmp_ln45_72)> <Delay = 0.00>
ST_1 : Operation 369 [1/1] (0.00ns)   --->   "%trunc_ln46_207 = trunc i19 %data_10_val_read" [firmware/nnet_utils/nnet_activation.h:46]   --->   Operation 369 'trunc' 'trunc_ln46_207' <Predicate = (icmp_ln45_72)> <Delay = 0.00>
ST_1 : Operation 370 [1/1] (0.70ns)   --->   "%icmp_ln46_218 = icmp_ne  i4 %trunc_ln46_207, i4 0" [firmware/nnet_utils/nnet_activation.h:46]   --->   Operation 370 'icmp' 'icmp_ln46_218' <Predicate = (icmp_ln45_72)> <Delay = 0.70> <CoreInst = "Cmp">   --->   Core 9 'Cmp' <Latency = 0> <II = 1> <Delay = 0.70> <FuncUnit> <Opcode : 'icmp'> <InPorts = 2> <OutPorts = 1>
ST_1 : Operation 371 [1/1] (0.00ns)   --->   "%tmp_436 = bitselect i1 @_ssdm_op_BitSelect.i1.i19.i32, i19 %data_10_val_read, i32 10" [firmware/nnet_utils/nnet_activation.h:46]   --->   Operation 371 'bitselect' 'tmp_436' <Predicate = (icmp_ln45_72)> <Delay = 0.00>
ST_1 : Operation 372 [1/1] (0.00ns) (grouped into LUT with out node add_ln46_72)   --->   "%or_ln46_218 = or i1 %tmp_434, i1 %icmp_ln46_218" [firmware/nnet_utils/nnet_activation.h:46]   --->   Operation 372 'or' 'or_ln46_218' <Predicate = (icmp_ln45_72)> <Delay = 0.00> <CoreInst = "LogicGate">   --->   Core 74 'LogicGate' <Latency = 0> <II = 1> <Delay = 0.12> <FuncUnit> <Opcode : 'and' 'or' 'xor'> <InPorts = 2> <OutPorts = 1>
ST_1 : Operation 373 [1/1] (0.00ns) (grouped into LUT with out node add_ln46_72)   --->   "%and_ln46_291 = and i1 %or_ln46_218, i1 %tmp_435" [firmware/nnet_utils/nnet_activation.h:46]   --->   Operation 373 'and' 'and_ln46_291' <Predicate = (icmp_ln45_72)> <Delay = 0.00> <CoreInst = "LogicGate">   --->   Core 74 'LogicGate' <Latency = 0> <II = 1> <Delay = 0.12> <FuncUnit> <Opcode : 'and' 'or' 'xor'> <InPorts = 2> <OutPorts = 1>
ST_1 : Operation 374 [1/1] (0.00ns) (grouped into LUT with out node add_ln46_72)   --->   "%zext_ln46_72 = zext i1 %and_ln46_291" [firmware/nnet_utils/nnet_activation.h:46]   --->   Operation 374 'zext' 'zext_ln46_72' <Predicate = (icmp_ln45_72)> <Delay = 0.00>
ST_1 : Operation 375 [1/1] (0.70ns) (out node of the LUT)   --->   "%add_ln46_72 = add i6 %trunc_ln46_70, i6 %zext_ln46_72" [firmware/nnet_utils/nnet_activation.h:46]   --->   Operation 375 'add' 'add_ln46_72' <Predicate = (icmp_ln45_72)> <Delay = 0.70> <CoreInst = "Adder">   --->   Core 1 'Adder' <Latency = 0> <II = 1> <Delay = 0.70> <FuncUnit> <Opcode : 'add' 'sub'> <InPorts = 2> <OutPorts = 1>
ST_1 : Operation 376 [1/1] (0.00ns) (grouped into LUT with out node select_ln46_293)   --->   "%trunc_ln46_208 = trunc i6 %add_ln46_72" [firmware/nnet_utils/nnet_activation.h:46]   --->   Operation 376 'trunc' 'trunc_ln46_208' <Predicate = (and_ln46_293 & tmp_433 & or_ln46_219 & or_ln46_220 & icmp_ln45_72)> <Delay = 0.00>
ST_1 : Operation 377 [1/1] (0.00ns)   --->   "%tmp_437 = partselect i8 @_ssdm_op_PartSelect.i8.i19.i32.i32, i19 %data_10_val_read, i32 11, i32 18" [firmware/nnet_utils/nnet_activation.h:46]   --->   Operation 377 'partselect' 'tmp_437' <Predicate = (icmp_ln45_72)> <Delay = 0.00>
ST_1 : Operation 378 [1/1] (0.70ns)   --->   "%icmp_ln46_219 = icmp_eq  i8 %tmp_437, i8 255" [firmware/nnet_utils/nnet_activation.h:46]   --->   Operation 378 'icmp' 'icmp_ln46_219' <Predicate = (icmp_ln45_72)> <Delay = 0.70> <CoreInst = "Cmp">   --->   Core 9 'Cmp' <Latency = 0> <II = 1> <Delay = 0.70> <FuncUnit> <Opcode : 'icmp'> <InPorts = 2> <OutPorts = 1>
ST_1 : Operation 379 [1/1] (0.70ns)   --->   "%icmp_ln46_220 = icmp_eq  i8 %tmp_437, i8 0" [firmware/nnet_utils/nnet_activation.h:46]   --->   Operation 379 'icmp' 'icmp_ln46_220' <Predicate = (icmp_ln45_72)> <Delay = 0.70> <CoreInst = "Cmp">   --->   Core 9 'Cmp' <Latency = 0> <II = 1> <Delay = 0.70> <FuncUnit> <Opcode : 'icmp'> <InPorts = 2> <OutPorts = 1>
ST_1 : Operation 380 [1/1] (0.00ns)   --->   "%tmp_438 = bitselect i1 @_ssdm_op_BitSelect.i1.i6.i32, i6 %add_ln46_72, i32 5" [firmware/nnet_utils/nnet_activation.h:46]   --->   Operation 380 'bitselect' 'tmp_438' <Predicate = (icmp_ln45_72)> <Delay = 0.00>
ST_1 : Operation 381 [1/1] (0.00ns) (grouped into LUT with out node and_ln46_293)   --->   "%xor_ln46_199 = xor i1 %tmp_438, i1 1" [firmware/nnet_utils/nnet_activation.h:46]   --->   Operation 381 'xor' 'xor_ln46_199' <Predicate = (icmp_ln45_72)> <Delay = 0.00> <CoreInst = "LogicGate">   --->   Core 74 'LogicGate' <Latency = 0> <II = 1> <Delay = 0.12> <FuncUnit> <Opcode : 'and' 'or' 'xor'> <InPorts = 2> <OutPorts = 1>
ST_1 : Operation 382 [1/1] (0.00ns) (grouped into LUT with out node or_ln46_219)   --->   "%select_ln46_291 = select i1 %tmp_438, i1 %icmp_ln46_220, i1 %icmp_ln46_219" [firmware/nnet_utils/nnet_activation.h:46]   --->   Operation 382 'select' 'select_ln46_291' <Predicate = (icmp_ln45_72)> <Delay = 0.00> <CoreInst = "Sel">   --->   Core 73 'Sel' <Latency = 0> <II = 1> <Delay = 0.27> <FuncUnit> <Opcode : 'select'> <InPorts = 3> <OutPorts = 1>
ST_1 : Operation 383 [1/1] (0.00ns) (grouped into LUT with out node or_ln46_219)   --->   "%select_ln46_398 = select i1 %tmp_436, i1 %select_ln46_291, i1 %icmp_ln46_220" [firmware/nnet_utils/nnet_activation.h:46]   --->   Operation 383 'select' 'select_ln46_398' <Predicate = (icmp_ln45_72)> <Delay = 0.00> <CoreInst = "Sel">   --->   Core 73 'Sel' <Latency = 0> <II = 1> <Delay = 0.27> <FuncUnit> <Opcode : 'select'> <InPorts = 3> <OutPorts = 1>
ST_1 : Operation 384 [1/1] (0.27ns) (out node of the LUT)   --->   "%or_ln46_219 = or i1 %select_ln46_398, i1 %tmp_433" [firmware/nnet_utils/nnet_activation.h:46]   --->   Operation 384 'or' 'or_ln46_219' <Predicate = (icmp_ln45_72)> <Delay = 0.27> <CoreInst = "LogicGate">   --->   Core 74 'LogicGate' <Latency = 0> <II = 1> <Delay = 0.12> <FuncUnit> <Opcode : 'and' 'or' 'xor'> <InPorts = 2> <OutPorts = 1>
ST_1 : Operation 385 [1/1] (0.00ns) (grouped into LUT with out node select_ln45_72)   --->   "%xor_ln46_145 = xor i1 %or_ln46_219, i1 1" [firmware/nnet_utils/nnet_activation.h:46]   --->   Operation 385 'xor' 'xor_ln46_145' <Predicate = (icmp_ln45_72)> <Delay = 0.00> <CoreInst = "LogicGate">   --->   Core 74 'LogicGate' <Latency = 0> <II = 1> <Delay = 0.12> <FuncUnit> <Opcode : 'and' 'or' 'xor'> <InPorts = 2> <OutPorts = 1>
ST_1 : Operation 386 [1/1] (0.00ns) (grouped into LUT with out node and_ln46_293)   --->   "%and_ln46_292 = and i1 %icmp_ln46_219, i1 %xor_ln46_199" [firmware/nnet_utils/nnet_activation.h:46]   --->   Operation 386 'and' 'and_ln46_292' <Predicate = (icmp_ln45_72)> <Delay = 0.00> <CoreInst = "LogicGate">   --->   Core 74 'LogicGate' <Latency = 0> <II = 1> <Delay = 0.12> <FuncUnit> <Opcode : 'and' 'or' 'xor'> <InPorts = 2> <OutPorts = 1>
ST_1 : Operation 387 [1/1] (0.12ns) (out node of the LUT)   --->   "%and_ln46_293 = and i1 %and_ln46_292, i1 %tmp_436" [firmware/nnet_utils/nnet_activation.h:46]   --->   Operation 387 'and' 'and_ln46_293' <Predicate = (icmp_ln45_72)> <Delay = 0.12> <CoreInst = "LogicGate">   --->   Core 74 'LogicGate' <Latency = 0> <II = 1> <Delay = 0.12> <FuncUnit> <Opcode : 'and' 'or' 'xor'> <InPorts = 2> <OutPorts = 1>
ST_1 : Operation 388 [1/1] (0.00ns) (grouped into LUT with out node select_ln45_72)   --->   "%xor_ln46_146 = xor i1 %and_ln46_293, i1 1" [firmware/nnet_utils/nnet_activation.h:46]   --->   Operation 388 'xor' 'xor_ln46_146' <Predicate = (icmp_ln45_72)> <Delay = 0.00> <CoreInst = "LogicGate">   --->   Core 74 'LogicGate' <Latency = 0> <II = 1> <Delay = 0.12> <FuncUnit> <Opcode : 'and' 'or' 'xor'> <InPorts = 2> <OutPorts = 1>
ST_1 : Operation 389 [1/1] (0.00ns) (grouped into LUT with out node select_ln46_293)   --->   "%select_ln46_292 = select i1 %and_ln46_293, i5 %trunc_ln46_208, i5 0" [firmware/nnet_utils/nnet_activation.h:46]   --->   Operation 389 'select' 'select_ln46_292' <Predicate = (tmp_433 & or_ln46_219 & or_ln46_220 & icmp_ln45_72)> <Delay = 0.00> <CoreInst = "Sel">   --->   Core 73 'Sel' <Latency = 0> <II = 1> <Delay = 0.27> <FuncUnit> <Opcode : 'select'> <InPorts = 3> <OutPorts = 1>
ST_1 : Operation 390 [1/1] (0.00ns) (grouped into LUT with out node select_ln46_293)   --->   "%zext_ln46_136 = zext i5 %select_ln46_292" [firmware/nnet_utils/nnet_activation.h:46]   --->   Operation 390 'zext' 'zext_ln46_136' <Predicate = (tmp_433 & or_ln46_219 & or_ln46_220 & icmp_ln45_72)> <Delay = 0.00>
ST_1 : Operation 391 [1/1] (0.00ns) (grouped into LUT with out node select_ln45_72)   --->   "%and_ln46_294 = and i1 %tmp_433, i1 %xor_ln46_146" [firmware/nnet_utils/nnet_activation.h:46]   --->   Operation 391 'and' 'and_ln46_294' <Predicate = (icmp_ln45_72)> <Delay = 0.00> <CoreInst = "LogicGate">   --->   Core 74 'LogicGate' <Latency = 0> <II = 1> <Delay = 0.12> <FuncUnit> <Opcode : 'and' 'or' 'xor'> <InPorts = 2> <OutPorts = 1>
ST_1 : Operation 392 [1/1] (0.00ns) (grouped into LUT with out node select_ln45_72)   --->   "%or_ln46_220 = or i1 %and_ln46_294, i1 %xor_ln46_145" [firmware/nnet_utils/nnet_activation.h:46]   --->   Operation 392 'or' 'or_ln46_220' <Predicate = (icmp_ln45_72)> <Delay = 0.00> <CoreInst = "LogicGate">   --->   Core 74 'LogicGate' <Latency = 0> <II = 1> <Delay = 0.12> <FuncUnit> <Opcode : 'and' 'or' 'xor'> <InPorts = 2> <OutPorts = 1>
ST_1 : Operation 393 [1/1] (0.00ns) (grouped into LUT with out node select_ln46_293)   --->   "%select_ln46_399 = select i1 %tmp_433, i6 %zext_ln46_136, i6 %add_ln46_72" [firmware/nnet_utils/nnet_activation.h:46]   --->   Operation 393 'select' 'select_ln46_399' <Predicate = (or_ln46_219 & or_ln46_220 & icmp_ln45_72)> <Delay = 0.00> <CoreInst = "Sel">   --->   Core 73 'Sel' <Latency = 0> <II = 1> <Delay = 0.29> <FuncUnit> <Opcode : 'select'> <InPorts = 3> <OutPorts = 1>
ST_1 : Operation 394 [1/1] (0.29ns) (out node of the LUT)   --->   "%select_ln46_293 = select i1 %or_ln46_219, i6 %select_ln46_399, i6 63" [firmware/nnet_utils/nnet_activation.h:46]   --->   Operation 394 'select' 'select_ln46_293' <Predicate = (or_ln46_220 & icmp_ln45_72)> <Delay = 0.29> <CoreInst = "Sel">   --->   Core 73 'Sel' <Latency = 0> <II = 1> <Delay = 0.29> <FuncUnit> <Opcode : 'select'> <InPorts = 3> <OutPorts = 1>
ST_1 : Operation 395 [1/1] (0.00ns) (grouped into LUT with out node select_ln45_72)   --->   "%select_ln46_294 = select i1 %or_ln46_220, i6 %select_ln46_293, i6 %add_ln46_72" [firmware/nnet_utils/nnet_activation.h:46]   --->   Operation 395 'select' 'select_ln46_294' <Predicate = (icmp_ln45_72)> <Delay = 0.00> <CoreInst = "Sel">   --->   Core 73 'Sel' <Latency = 0> <II = 1> <Delay = 0.29> <FuncUnit> <Opcode : 'select'> <InPorts = 3> <OutPorts = 1>
ST_1 : Operation 396 [1/1] (0.29ns) (out node of the LUT)   --->   "%select_ln45_72 = select i1 %icmp_ln45_72, i6 %select_ln46_294, i6 0" [firmware/nnet_utils/nnet_activation.h:45]   --->   Operation 396 'select' 'select_ln45_72' <Predicate = true> <Delay = 0.29> <CoreInst = "Sel">   --->   Core 73 'Sel' <Latency = 0> <II = 1> <Delay = 0.29> <FuncUnit> <Opcode : 'select'> <InPorts = 3> <OutPorts = 1>
ST_1 : Operation 397 [1/1] (0.80ns)   --->   "%icmp_ln45_73 = icmp_sgt  i19 %data_11_val_read, i19 0" [firmware/nnet_utils/nnet_activation.h:45]   --->   Operation 397 'icmp' 'icmp_ln45_73' <Predicate = true> <Delay = 0.80> <CoreInst = "Cmp">   --->   Core 9 'Cmp' <Latency = 0> <II = 1> <Delay = 0.80> <FuncUnit> <Opcode : 'icmp'> <InPorts = 2> <OutPorts = 1>
ST_1 : Operation 398 [1/1] (0.00ns)   --->   "%tmp_439 = bitselect i1 @_ssdm_op_BitSelect.i1.i19.i32, i19 %data_11_val_read, i32 18" [firmware/nnet_utils/nnet_activation.h:46]   --->   Operation 398 'bitselect' 'tmp_439' <Predicate = (icmp_ln45_73)> <Delay = 0.00>
ST_1 : Operation 399 [1/1] (0.00ns) (grouped into LUT with out node add_ln46_73)   --->   "%trunc_ln46_71 = partselect i6 @_ssdm_op_PartSelect.i6.i19.i32.i32, i19 %data_11_val_read, i32 5, i32 10" [firmware/nnet_utils/nnet_activation.h:46]   --->   Operation 399 'partselect' 'trunc_ln46_71' <Predicate = (icmp_ln45_73)> <Delay = 0.00>
ST_1 : Operation 400 [1/1] (0.00ns) (grouped into LUT with out node add_ln46_73)   --->   "%tmp_440 = bitselect i1 @_ssdm_op_BitSelect.i1.i19.i32, i19 %data_11_val_read, i32 5" [firmware/nnet_utils/nnet_activation.h:46]   --->   Operation 400 'bitselect' 'tmp_440' <Predicate = (icmp_ln45_73)> <Delay = 0.00>
ST_1 : Operation 401 [1/1] (0.00ns) (grouped into LUT with out node add_ln46_73)   --->   "%tmp_441 = bitselect i1 @_ssdm_op_BitSelect.i1.i19.i32, i19 %data_11_val_read, i32 4" [firmware/nnet_utils/nnet_activation.h:46]   --->   Operation 401 'bitselect' 'tmp_441' <Predicate = (icmp_ln45_73)> <Delay = 0.00>
ST_1 : Operation 402 [1/1] (0.00ns)   --->   "%trunc_ln46_209 = trunc i19 %data_11_val_read" [firmware/nnet_utils/nnet_activation.h:46]   --->   Operation 402 'trunc' 'trunc_ln46_209' <Predicate = (icmp_ln45_73)> <Delay = 0.00>
ST_1 : Operation 403 [1/1] (0.70ns)   --->   "%icmp_ln46_221 = icmp_ne  i4 %trunc_ln46_209, i4 0" [firmware/nnet_utils/nnet_activation.h:46]   --->   Operation 403 'icmp' 'icmp_ln46_221' <Predicate = (icmp_ln45_73)> <Delay = 0.70> <CoreInst = "Cmp">   --->   Core 9 'Cmp' <Latency = 0> <II = 1> <Delay = 0.70> <FuncUnit> <Opcode : 'icmp'> <InPorts = 2> <OutPorts = 1>
ST_1 : Operation 404 [1/1] (0.00ns)   --->   "%tmp_442 = bitselect i1 @_ssdm_op_BitSelect.i1.i19.i32, i19 %data_11_val_read, i32 10" [firmware/nnet_utils/nnet_activation.h:46]   --->   Operation 404 'bitselect' 'tmp_442' <Predicate = (icmp_ln45_73)> <Delay = 0.00>
ST_1 : Operation 405 [1/1] (0.00ns) (grouped into LUT with out node add_ln46_73)   --->   "%or_ln46_221 = or i1 %tmp_440, i1 %icmp_ln46_221" [firmware/nnet_utils/nnet_activation.h:46]   --->   Operation 405 'or' 'or_ln46_221' <Predicate = (icmp_ln45_73)> <Delay = 0.00> <CoreInst = "LogicGate">   --->   Core 74 'LogicGate' <Latency = 0> <II = 1> <Delay = 0.12> <FuncUnit> <Opcode : 'and' 'or' 'xor'> <InPorts = 2> <OutPorts = 1>
ST_1 : Operation 406 [1/1] (0.00ns) (grouped into LUT with out node add_ln46_73)   --->   "%and_ln46_295 = and i1 %or_ln46_221, i1 %tmp_441" [firmware/nnet_utils/nnet_activation.h:46]   --->   Operation 406 'and' 'and_ln46_295' <Predicate = (icmp_ln45_73)> <Delay = 0.00> <CoreInst = "LogicGate">   --->   Core 74 'LogicGate' <Latency = 0> <II = 1> <Delay = 0.12> <FuncUnit> <Opcode : 'and' 'or' 'xor'> <InPorts = 2> <OutPorts = 1>
ST_1 : Operation 407 [1/1] (0.00ns) (grouped into LUT with out node add_ln46_73)   --->   "%zext_ln46_73 = zext i1 %and_ln46_295" [firmware/nnet_utils/nnet_activation.h:46]   --->   Operation 407 'zext' 'zext_ln46_73' <Predicate = (icmp_ln45_73)> <Delay = 0.00>
ST_1 : Operation 408 [1/1] (0.70ns) (out node of the LUT)   --->   "%add_ln46_73 = add i6 %trunc_ln46_71, i6 %zext_ln46_73" [firmware/nnet_utils/nnet_activation.h:46]   --->   Operation 408 'add' 'add_ln46_73' <Predicate = (icmp_ln45_73)> <Delay = 0.70> <CoreInst = "Adder">   --->   Core 1 'Adder' <Latency = 0> <II = 1> <Delay = 0.70> <FuncUnit> <Opcode : 'add' 'sub'> <InPorts = 2> <OutPorts = 1>
ST_1 : Operation 409 [1/1] (0.00ns) (grouped into LUT with out node select_ln46_297)   --->   "%trunc_ln46_210 = trunc i6 %add_ln46_73" [firmware/nnet_utils/nnet_activation.h:46]   --->   Operation 409 'trunc' 'trunc_ln46_210' <Predicate = (and_ln46_297 & tmp_439 & or_ln46_222 & or_ln46_223 & icmp_ln45_73)> <Delay = 0.00>
ST_1 : Operation 410 [1/1] (0.00ns)   --->   "%tmp_443 = partselect i8 @_ssdm_op_PartSelect.i8.i19.i32.i32, i19 %data_11_val_read, i32 11, i32 18" [firmware/nnet_utils/nnet_activation.h:46]   --->   Operation 410 'partselect' 'tmp_443' <Predicate = (icmp_ln45_73)> <Delay = 0.00>
ST_1 : Operation 411 [1/1] (0.70ns)   --->   "%icmp_ln46_222 = icmp_eq  i8 %tmp_443, i8 255" [firmware/nnet_utils/nnet_activation.h:46]   --->   Operation 411 'icmp' 'icmp_ln46_222' <Predicate = (icmp_ln45_73)> <Delay = 0.70> <CoreInst = "Cmp">   --->   Core 9 'Cmp' <Latency = 0> <II = 1> <Delay = 0.70> <FuncUnit> <Opcode : 'icmp'> <InPorts = 2> <OutPorts = 1>
ST_1 : Operation 412 [1/1] (0.70ns)   --->   "%icmp_ln46_223 = icmp_eq  i8 %tmp_443, i8 0" [firmware/nnet_utils/nnet_activation.h:46]   --->   Operation 412 'icmp' 'icmp_ln46_223' <Predicate = (icmp_ln45_73)> <Delay = 0.70> <CoreInst = "Cmp">   --->   Core 9 'Cmp' <Latency = 0> <II = 1> <Delay = 0.70> <FuncUnit> <Opcode : 'icmp'> <InPorts = 2> <OutPorts = 1>
ST_1 : Operation 413 [1/1] (0.00ns)   --->   "%tmp_444 = bitselect i1 @_ssdm_op_BitSelect.i1.i6.i32, i6 %add_ln46_73, i32 5" [firmware/nnet_utils/nnet_activation.h:46]   --->   Operation 413 'bitselect' 'tmp_444' <Predicate = (icmp_ln45_73)> <Delay = 0.00>
ST_1 : Operation 414 [1/1] (0.00ns) (grouped into LUT with out node and_ln46_297)   --->   "%xor_ln46_200 = xor i1 %tmp_444, i1 1" [firmware/nnet_utils/nnet_activation.h:46]   --->   Operation 414 'xor' 'xor_ln46_200' <Predicate = (icmp_ln45_73)> <Delay = 0.00> <CoreInst = "LogicGate">   --->   Core 74 'LogicGate' <Latency = 0> <II = 1> <Delay = 0.12> <FuncUnit> <Opcode : 'and' 'or' 'xor'> <InPorts = 2> <OutPorts = 1>
ST_1 : Operation 415 [1/1] (0.00ns) (grouped into LUT with out node or_ln46_222)   --->   "%select_ln46_295 = select i1 %tmp_444, i1 %icmp_ln46_223, i1 %icmp_ln46_222" [firmware/nnet_utils/nnet_activation.h:46]   --->   Operation 415 'select' 'select_ln46_295' <Predicate = (icmp_ln45_73)> <Delay = 0.00> <CoreInst = "Sel">   --->   Core 73 'Sel' <Latency = 0> <II = 1> <Delay = 0.27> <FuncUnit> <Opcode : 'select'> <InPorts = 3> <OutPorts = 1>
ST_1 : Operation 416 [1/1] (0.00ns) (grouped into LUT with out node or_ln46_222)   --->   "%select_ln46_400 = select i1 %tmp_442, i1 %select_ln46_295, i1 %icmp_ln46_223" [firmware/nnet_utils/nnet_activation.h:46]   --->   Operation 416 'select' 'select_ln46_400' <Predicate = (icmp_ln45_73)> <Delay = 0.00> <CoreInst = "Sel">   --->   Core 73 'Sel' <Latency = 0> <II = 1> <Delay = 0.27> <FuncUnit> <Opcode : 'select'> <InPorts = 3> <OutPorts = 1>
ST_1 : Operation 417 [1/1] (0.27ns) (out node of the LUT)   --->   "%or_ln46_222 = or i1 %select_ln46_400, i1 %tmp_439" [firmware/nnet_utils/nnet_activation.h:46]   --->   Operation 417 'or' 'or_ln46_222' <Predicate = (icmp_ln45_73)> <Delay = 0.27> <CoreInst = "LogicGate">   --->   Core 74 'LogicGate' <Latency = 0> <II = 1> <Delay = 0.12> <FuncUnit> <Opcode : 'and' 'or' 'xor'> <InPorts = 2> <OutPorts = 1>
ST_1 : Operation 418 [1/1] (0.00ns) (grouped into LUT with out node select_ln45_73)   --->   "%xor_ln46_147 = xor i1 %or_ln46_222, i1 1" [firmware/nnet_utils/nnet_activation.h:46]   --->   Operation 418 'xor' 'xor_ln46_147' <Predicate = (icmp_ln45_73)> <Delay = 0.00> <CoreInst = "LogicGate">   --->   Core 74 'LogicGate' <Latency = 0> <II = 1> <Delay = 0.12> <FuncUnit> <Opcode : 'and' 'or' 'xor'> <InPorts = 2> <OutPorts = 1>
ST_1 : Operation 419 [1/1] (0.00ns) (grouped into LUT with out node and_ln46_297)   --->   "%and_ln46_296 = and i1 %icmp_ln46_222, i1 %xor_ln46_200" [firmware/nnet_utils/nnet_activation.h:46]   --->   Operation 419 'and' 'and_ln46_296' <Predicate = (icmp_ln45_73)> <Delay = 0.00> <CoreInst = "LogicGate">   --->   Core 74 'LogicGate' <Latency = 0> <II = 1> <Delay = 0.12> <FuncUnit> <Opcode : 'and' 'or' 'xor'> <InPorts = 2> <OutPorts = 1>
ST_1 : Operation 420 [1/1] (0.12ns) (out node of the LUT)   --->   "%and_ln46_297 = and i1 %and_ln46_296, i1 %tmp_442" [firmware/nnet_utils/nnet_activation.h:46]   --->   Operation 420 'and' 'and_ln46_297' <Predicate = (icmp_ln45_73)> <Delay = 0.12> <CoreInst = "LogicGate">   --->   Core 74 'LogicGate' <Latency = 0> <II = 1> <Delay = 0.12> <FuncUnit> <Opcode : 'and' 'or' 'xor'> <InPorts = 2> <OutPorts = 1>
ST_1 : Operation 421 [1/1] (0.00ns) (grouped into LUT with out node select_ln45_73)   --->   "%xor_ln46_148 = xor i1 %and_ln46_297, i1 1" [firmware/nnet_utils/nnet_activation.h:46]   --->   Operation 421 'xor' 'xor_ln46_148' <Predicate = (icmp_ln45_73)> <Delay = 0.00> <CoreInst = "LogicGate">   --->   Core 74 'LogicGate' <Latency = 0> <II = 1> <Delay = 0.12> <FuncUnit> <Opcode : 'and' 'or' 'xor'> <InPorts = 2> <OutPorts = 1>
ST_1 : Operation 422 [1/1] (0.00ns) (grouped into LUT with out node select_ln46_297)   --->   "%select_ln46_296 = select i1 %and_ln46_297, i5 %trunc_ln46_210, i5 0" [firmware/nnet_utils/nnet_activation.h:46]   --->   Operation 422 'select' 'select_ln46_296' <Predicate = (tmp_439 & or_ln46_222 & or_ln46_223 & icmp_ln45_73)> <Delay = 0.00> <CoreInst = "Sel">   --->   Core 73 'Sel' <Latency = 0> <II = 1> <Delay = 0.27> <FuncUnit> <Opcode : 'select'> <InPorts = 3> <OutPorts = 1>
ST_1 : Operation 423 [1/1] (0.00ns) (grouped into LUT with out node select_ln46_297)   --->   "%zext_ln46_137 = zext i5 %select_ln46_296" [firmware/nnet_utils/nnet_activation.h:46]   --->   Operation 423 'zext' 'zext_ln46_137' <Predicate = (tmp_439 & or_ln46_222 & or_ln46_223 & icmp_ln45_73)> <Delay = 0.00>
ST_1 : Operation 424 [1/1] (0.00ns) (grouped into LUT with out node select_ln45_73)   --->   "%and_ln46_298 = and i1 %tmp_439, i1 %xor_ln46_148" [firmware/nnet_utils/nnet_activation.h:46]   --->   Operation 424 'and' 'and_ln46_298' <Predicate = (icmp_ln45_73)> <Delay = 0.00> <CoreInst = "LogicGate">   --->   Core 74 'LogicGate' <Latency = 0> <II = 1> <Delay = 0.12> <FuncUnit> <Opcode : 'and' 'or' 'xor'> <InPorts = 2> <OutPorts = 1>
ST_1 : Operation 425 [1/1] (0.00ns) (grouped into LUT with out node select_ln45_73)   --->   "%or_ln46_223 = or i1 %and_ln46_298, i1 %xor_ln46_147" [firmware/nnet_utils/nnet_activation.h:46]   --->   Operation 425 'or' 'or_ln46_223' <Predicate = (icmp_ln45_73)> <Delay = 0.00> <CoreInst = "LogicGate">   --->   Core 74 'LogicGate' <Latency = 0> <II = 1> <Delay = 0.12> <FuncUnit> <Opcode : 'and' 'or' 'xor'> <InPorts = 2> <OutPorts = 1>
ST_1 : Operation 426 [1/1] (0.00ns) (grouped into LUT with out node select_ln46_297)   --->   "%select_ln46_401 = select i1 %tmp_439, i6 %zext_ln46_137, i6 %add_ln46_73" [firmware/nnet_utils/nnet_activation.h:46]   --->   Operation 426 'select' 'select_ln46_401' <Predicate = (or_ln46_222 & or_ln46_223 & icmp_ln45_73)> <Delay = 0.00> <CoreInst = "Sel">   --->   Core 73 'Sel' <Latency = 0> <II = 1> <Delay = 0.29> <FuncUnit> <Opcode : 'select'> <InPorts = 3> <OutPorts = 1>
ST_1 : Operation 427 [1/1] (0.29ns) (out node of the LUT)   --->   "%select_ln46_297 = select i1 %or_ln46_222, i6 %select_ln46_401, i6 63" [firmware/nnet_utils/nnet_activation.h:46]   --->   Operation 427 'select' 'select_ln46_297' <Predicate = (or_ln46_223 & icmp_ln45_73)> <Delay = 0.29> <CoreInst = "Sel">   --->   Core 73 'Sel' <Latency = 0> <II = 1> <Delay = 0.29> <FuncUnit> <Opcode : 'select'> <InPorts = 3> <OutPorts = 1>
ST_1 : Operation 428 [1/1] (0.00ns) (grouped into LUT with out node select_ln45_73)   --->   "%select_ln46_298 = select i1 %or_ln46_223, i6 %select_ln46_297, i6 %add_ln46_73" [firmware/nnet_utils/nnet_activation.h:46]   --->   Operation 428 'select' 'select_ln46_298' <Predicate = (icmp_ln45_73)> <Delay = 0.00> <CoreInst = "Sel">   --->   Core 73 'Sel' <Latency = 0> <II = 1> <Delay = 0.29> <FuncUnit> <Opcode : 'select'> <InPorts = 3> <OutPorts = 1>
ST_1 : Operation 429 [1/1] (0.29ns) (out node of the LUT)   --->   "%select_ln45_73 = select i1 %icmp_ln45_73, i6 %select_ln46_298, i6 0" [firmware/nnet_utils/nnet_activation.h:45]   --->   Operation 429 'select' 'select_ln45_73' <Predicate = true> <Delay = 0.29> <CoreInst = "Sel">   --->   Core 73 'Sel' <Latency = 0> <II = 1> <Delay = 0.29> <FuncUnit> <Opcode : 'select'> <InPorts = 3> <OutPorts = 1>
ST_1 : Operation 430 [1/1] (0.80ns)   --->   "%icmp_ln45_74 = icmp_sgt  i19 %data_12_val_read, i19 0" [firmware/nnet_utils/nnet_activation.h:45]   --->   Operation 430 'icmp' 'icmp_ln45_74' <Predicate = true> <Delay = 0.80> <CoreInst = "Cmp">   --->   Core 9 'Cmp' <Latency = 0> <II = 1> <Delay = 0.80> <FuncUnit> <Opcode : 'icmp'> <InPorts = 2> <OutPorts = 1>
ST_1 : Operation 431 [1/1] (0.00ns)   --->   "%tmp_445 = bitselect i1 @_ssdm_op_BitSelect.i1.i19.i32, i19 %data_12_val_read, i32 18" [firmware/nnet_utils/nnet_activation.h:46]   --->   Operation 431 'bitselect' 'tmp_445' <Predicate = (icmp_ln45_74)> <Delay = 0.00>
ST_1 : Operation 432 [1/1] (0.00ns) (grouped into LUT with out node add_ln46_74)   --->   "%trunc_ln46_72 = partselect i6 @_ssdm_op_PartSelect.i6.i19.i32.i32, i19 %data_12_val_read, i32 5, i32 10" [firmware/nnet_utils/nnet_activation.h:46]   --->   Operation 432 'partselect' 'trunc_ln46_72' <Predicate = (icmp_ln45_74)> <Delay = 0.00>
ST_1 : Operation 433 [1/1] (0.00ns) (grouped into LUT with out node add_ln46_74)   --->   "%tmp_446 = bitselect i1 @_ssdm_op_BitSelect.i1.i19.i32, i19 %data_12_val_read, i32 5" [firmware/nnet_utils/nnet_activation.h:46]   --->   Operation 433 'bitselect' 'tmp_446' <Predicate = (icmp_ln45_74)> <Delay = 0.00>
ST_1 : Operation 434 [1/1] (0.00ns) (grouped into LUT with out node add_ln46_74)   --->   "%tmp_447 = bitselect i1 @_ssdm_op_BitSelect.i1.i19.i32, i19 %data_12_val_read, i32 4" [firmware/nnet_utils/nnet_activation.h:46]   --->   Operation 434 'bitselect' 'tmp_447' <Predicate = (icmp_ln45_74)> <Delay = 0.00>
ST_1 : Operation 435 [1/1] (0.00ns)   --->   "%trunc_ln46_211 = trunc i19 %data_12_val_read" [firmware/nnet_utils/nnet_activation.h:46]   --->   Operation 435 'trunc' 'trunc_ln46_211' <Predicate = (icmp_ln45_74)> <Delay = 0.00>
ST_1 : Operation 436 [1/1] (0.70ns)   --->   "%icmp_ln46_224 = icmp_ne  i4 %trunc_ln46_211, i4 0" [firmware/nnet_utils/nnet_activation.h:46]   --->   Operation 436 'icmp' 'icmp_ln46_224' <Predicate = (icmp_ln45_74)> <Delay = 0.70> <CoreInst = "Cmp">   --->   Core 9 'Cmp' <Latency = 0> <II = 1> <Delay = 0.70> <FuncUnit> <Opcode : 'icmp'> <InPorts = 2> <OutPorts = 1>
ST_1 : Operation 437 [1/1] (0.00ns)   --->   "%tmp_448 = bitselect i1 @_ssdm_op_BitSelect.i1.i19.i32, i19 %data_12_val_read, i32 10" [firmware/nnet_utils/nnet_activation.h:46]   --->   Operation 437 'bitselect' 'tmp_448' <Predicate = (icmp_ln45_74)> <Delay = 0.00>
ST_1 : Operation 438 [1/1] (0.00ns) (grouped into LUT with out node add_ln46_74)   --->   "%or_ln46_224 = or i1 %tmp_446, i1 %icmp_ln46_224" [firmware/nnet_utils/nnet_activation.h:46]   --->   Operation 438 'or' 'or_ln46_224' <Predicate = (icmp_ln45_74)> <Delay = 0.00> <CoreInst = "LogicGate">   --->   Core 74 'LogicGate' <Latency = 0> <II = 1> <Delay = 0.12> <FuncUnit> <Opcode : 'and' 'or' 'xor'> <InPorts = 2> <OutPorts = 1>
ST_1 : Operation 439 [1/1] (0.00ns) (grouped into LUT with out node add_ln46_74)   --->   "%and_ln46_299 = and i1 %or_ln46_224, i1 %tmp_447" [firmware/nnet_utils/nnet_activation.h:46]   --->   Operation 439 'and' 'and_ln46_299' <Predicate = (icmp_ln45_74)> <Delay = 0.00> <CoreInst = "LogicGate">   --->   Core 74 'LogicGate' <Latency = 0> <II = 1> <Delay = 0.12> <FuncUnit> <Opcode : 'and' 'or' 'xor'> <InPorts = 2> <OutPorts = 1>
ST_1 : Operation 440 [1/1] (0.00ns) (grouped into LUT with out node add_ln46_74)   --->   "%zext_ln46_74 = zext i1 %and_ln46_299" [firmware/nnet_utils/nnet_activation.h:46]   --->   Operation 440 'zext' 'zext_ln46_74' <Predicate = (icmp_ln45_74)> <Delay = 0.00>
ST_1 : Operation 441 [1/1] (0.70ns) (out node of the LUT)   --->   "%add_ln46_74 = add i6 %trunc_ln46_72, i6 %zext_ln46_74" [firmware/nnet_utils/nnet_activation.h:46]   --->   Operation 441 'add' 'add_ln46_74' <Predicate = (icmp_ln45_74)> <Delay = 0.70> <CoreInst = "Adder">   --->   Core 1 'Adder' <Latency = 0> <II = 1> <Delay = 0.70> <FuncUnit> <Opcode : 'add' 'sub'> <InPorts = 2> <OutPorts = 1>
ST_1 : Operation 442 [1/1] (0.00ns) (grouped into LUT with out node select_ln46_301)   --->   "%trunc_ln46_212 = trunc i6 %add_ln46_74" [firmware/nnet_utils/nnet_activation.h:46]   --->   Operation 442 'trunc' 'trunc_ln46_212' <Predicate = (and_ln46_301 & tmp_445 & or_ln46_225 & or_ln46_226 & icmp_ln45_74)> <Delay = 0.00>
ST_1 : Operation 443 [1/1] (0.00ns)   --->   "%tmp_449 = partselect i8 @_ssdm_op_PartSelect.i8.i19.i32.i32, i19 %data_12_val_read, i32 11, i32 18" [firmware/nnet_utils/nnet_activation.h:46]   --->   Operation 443 'partselect' 'tmp_449' <Predicate = (icmp_ln45_74)> <Delay = 0.00>
ST_1 : Operation 444 [1/1] (0.70ns)   --->   "%icmp_ln46_225 = icmp_eq  i8 %tmp_449, i8 255" [firmware/nnet_utils/nnet_activation.h:46]   --->   Operation 444 'icmp' 'icmp_ln46_225' <Predicate = (icmp_ln45_74)> <Delay = 0.70> <CoreInst = "Cmp">   --->   Core 9 'Cmp' <Latency = 0> <II = 1> <Delay = 0.70> <FuncUnit> <Opcode : 'icmp'> <InPorts = 2> <OutPorts = 1>
ST_1 : Operation 445 [1/1] (0.70ns)   --->   "%icmp_ln46_226 = icmp_eq  i8 %tmp_449, i8 0" [firmware/nnet_utils/nnet_activation.h:46]   --->   Operation 445 'icmp' 'icmp_ln46_226' <Predicate = (icmp_ln45_74)> <Delay = 0.70> <CoreInst = "Cmp">   --->   Core 9 'Cmp' <Latency = 0> <II = 1> <Delay = 0.70> <FuncUnit> <Opcode : 'icmp'> <InPorts = 2> <OutPorts = 1>
ST_1 : Operation 446 [1/1] (0.00ns)   --->   "%tmp_450 = bitselect i1 @_ssdm_op_BitSelect.i1.i6.i32, i6 %add_ln46_74, i32 5" [firmware/nnet_utils/nnet_activation.h:46]   --->   Operation 446 'bitselect' 'tmp_450' <Predicate = (icmp_ln45_74)> <Delay = 0.00>
ST_1 : Operation 447 [1/1] (0.00ns) (grouped into LUT with out node and_ln46_301)   --->   "%xor_ln46_201 = xor i1 %tmp_450, i1 1" [firmware/nnet_utils/nnet_activation.h:46]   --->   Operation 447 'xor' 'xor_ln46_201' <Predicate = (icmp_ln45_74)> <Delay = 0.00> <CoreInst = "LogicGate">   --->   Core 74 'LogicGate' <Latency = 0> <II = 1> <Delay = 0.12> <FuncUnit> <Opcode : 'and' 'or' 'xor'> <InPorts = 2> <OutPorts = 1>
ST_1 : Operation 448 [1/1] (0.00ns) (grouped into LUT with out node or_ln46_225)   --->   "%select_ln46_299 = select i1 %tmp_450, i1 %icmp_ln46_226, i1 %icmp_ln46_225" [firmware/nnet_utils/nnet_activation.h:46]   --->   Operation 448 'select' 'select_ln46_299' <Predicate = (icmp_ln45_74)> <Delay = 0.00> <CoreInst = "Sel">   --->   Core 73 'Sel' <Latency = 0> <II = 1> <Delay = 0.27> <FuncUnit> <Opcode : 'select'> <InPorts = 3> <OutPorts = 1>
ST_1 : Operation 449 [1/1] (0.00ns) (grouped into LUT with out node or_ln46_225)   --->   "%select_ln46_402 = select i1 %tmp_448, i1 %select_ln46_299, i1 %icmp_ln46_226" [firmware/nnet_utils/nnet_activation.h:46]   --->   Operation 449 'select' 'select_ln46_402' <Predicate = (icmp_ln45_74)> <Delay = 0.00> <CoreInst = "Sel">   --->   Core 73 'Sel' <Latency = 0> <II = 1> <Delay = 0.27> <FuncUnit> <Opcode : 'select'> <InPorts = 3> <OutPorts = 1>
ST_1 : Operation 450 [1/1] (0.27ns) (out node of the LUT)   --->   "%or_ln46_225 = or i1 %select_ln46_402, i1 %tmp_445" [firmware/nnet_utils/nnet_activation.h:46]   --->   Operation 450 'or' 'or_ln46_225' <Predicate = (icmp_ln45_74)> <Delay = 0.27> <CoreInst = "LogicGate">   --->   Core 74 'LogicGate' <Latency = 0> <II = 1> <Delay = 0.12> <FuncUnit> <Opcode : 'and' 'or' 'xor'> <InPorts = 2> <OutPorts = 1>
ST_1 : Operation 451 [1/1] (0.00ns) (grouped into LUT with out node select_ln45_74)   --->   "%xor_ln46_149 = xor i1 %or_ln46_225, i1 1" [firmware/nnet_utils/nnet_activation.h:46]   --->   Operation 451 'xor' 'xor_ln46_149' <Predicate = (icmp_ln45_74)> <Delay = 0.00> <CoreInst = "LogicGate">   --->   Core 74 'LogicGate' <Latency = 0> <II = 1> <Delay = 0.12> <FuncUnit> <Opcode : 'and' 'or' 'xor'> <InPorts = 2> <OutPorts = 1>
ST_1 : Operation 452 [1/1] (0.00ns) (grouped into LUT with out node and_ln46_301)   --->   "%and_ln46_300 = and i1 %icmp_ln46_225, i1 %xor_ln46_201" [firmware/nnet_utils/nnet_activation.h:46]   --->   Operation 452 'and' 'and_ln46_300' <Predicate = (icmp_ln45_74)> <Delay = 0.00> <CoreInst = "LogicGate">   --->   Core 74 'LogicGate' <Latency = 0> <II = 1> <Delay = 0.12> <FuncUnit> <Opcode : 'and' 'or' 'xor'> <InPorts = 2> <OutPorts = 1>
ST_1 : Operation 453 [1/1] (0.12ns) (out node of the LUT)   --->   "%and_ln46_301 = and i1 %and_ln46_300, i1 %tmp_448" [firmware/nnet_utils/nnet_activation.h:46]   --->   Operation 453 'and' 'and_ln46_301' <Predicate = (icmp_ln45_74)> <Delay = 0.12> <CoreInst = "LogicGate">   --->   Core 74 'LogicGate' <Latency = 0> <II = 1> <Delay = 0.12> <FuncUnit> <Opcode : 'and' 'or' 'xor'> <InPorts = 2> <OutPorts = 1>
ST_1 : Operation 454 [1/1] (0.00ns) (grouped into LUT with out node select_ln45_74)   --->   "%xor_ln46_150 = xor i1 %and_ln46_301, i1 1" [firmware/nnet_utils/nnet_activation.h:46]   --->   Operation 454 'xor' 'xor_ln46_150' <Predicate = (icmp_ln45_74)> <Delay = 0.00> <CoreInst = "LogicGate">   --->   Core 74 'LogicGate' <Latency = 0> <II = 1> <Delay = 0.12> <FuncUnit> <Opcode : 'and' 'or' 'xor'> <InPorts = 2> <OutPorts = 1>
ST_1 : Operation 455 [1/1] (0.00ns) (grouped into LUT with out node select_ln46_301)   --->   "%select_ln46_300 = select i1 %and_ln46_301, i5 %trunc_ln46_212, i5 0" [firmware/nnet_utils/nnet_activation.h:46]   --->   Operation 455 'select' 'select_ln46_300' <Predicate = (tmp_445 & or_ln46_225 & or_ln46_226 & icmp_ln45_74)> <Delay = 0.00> <CoreInst = "Sel">   --->   Core 73 'Sel' <Latency = 0> <II = 1> <Delay = 0.27> <FuncUnit> <Opcode : 'select'> <InPorts = 3> <OutPorts = 1>
ST_1 : Operation 456 [1/1] (0.00ns) (grouped into LUT with out node select_ln46_301)   --->   "%zext_ln46_138 = zext i5 %select_ln46_300" [firmware/nnet_utils/nnet_activation.h:46]   --->   Operation 456 'zext' 'zext_ln46_138' <Predicate = (tmp_445 & or_ln46_225 & or_ln46_226 & icmp_ln45_74)> <Delay = 0.00>
ST_1 : Operation 457 [1/1] (0.00ns) (grouped into LUT with out node select_ln45_74)   --->   "%and_ln46_302 = and i1 %tmp_445, i1 %xor_ln46_150" [firmware/nnet_utils/nnet_activation.h:46]   --->   Operation 457 'and' 'and_ln46_302' <Predicate = (icmp_ln45_74)> <Delay = 0.00> <CoreInst = "LogicGate">   --->   Core 74 'LogicGate' <Latency = 0> <II = 1> <Delay = 0.12> <FuncUnit> <Opcode : 'and' 'or' 'xor'> <InPorts = 2> <OutPorts = 1>
ST_1 : Operation 458 [1/1] (0.00ns) (grouped into LUT with out node select_ln45_74)   --->   "%or_ln46_226 = or i1 %and_ln46_302, i1 %xor_ln46_149" [firmware/nnet_utils/nnet_activation.h:46]   --->   Operation 458 'or' 'or_ln46_226' <Predicate = (icmp_ln45_74)> <Delay = 0.00> <CoreInst = "LogicGate">   --->   Core 74 'LogicGate' <Latency = 0> <II = 1> <Delay = 0.12> <FuncUnit> <Opcode : 'and' 'or' 'xor'> <InPorts = 2> <OutPorts = 1>
ST_1 : Operation 459 [1/1] (0.00ns) (grouped into LUT with out node select_ln46_301)   --->   "%select_ln46_403 = select i1 %tmp_445, i6 %zext_ln46_138, i6 %add_ln46_74" [firmware/nnet_utils/nnet_activation.h:46]   --->   Operation 459 'select' 'select_ln46_403' <Predicate = (or_ln46_225 & or_ln46_226 & icmp_ln45_74)> <Delay = 0.00> <CoreInst = "Sel">   --->   Core 73 'Sel' <Latency = 0> <II = 1> <Delay = 0.29> <FuncUnit> <Opcode : 'select'> <InPorts = 3> <OutPorts = 1>
ST_1 : Operation 460 [1/1] (0.29ns) (out node of the LUT)   --->   "%select_ln46_301 = select i1 %or_ln46_225, i6 %select_ln46_403, i6 63" [firmware/nnet_utils/nnet_activation.h:46]   --->   Operation 460 'select' 'select_ln46_301' <Predicate = (or_ln46_226 & icmp_ln45_74)> <Delay = 0.29> <CoreInst = "Sel">   --->   Core 73 'Sel' <Latency = 0> <II = 1> <Delay = 0.29> <FuncUnit> <Opcode : 'select'> <InPorts = 3> <OutPorts = 1>
ST_1 : Operation 461 [1/1] (0.00ns) (grouped into LUT with out node select_ln45_74)   --->   "%select_ln46_302 = select i1 %or_ln46_226, i6 %select_ln46_301, i6 %add_ln46_74" [firmware/nnet_utils/nnet_activation.h:46]   --->   Operation 461 'select' 'select_ln46_302' <Predicate = (icmp_ln45_74)> <Delay = 0.00> <CoreInst = "Sel">   --->   Core 73 'Sel' <Latency = 0> <II = 1> <Delay = 0.29> <FuncUnit> <Opcode : 'select'> <InPorts = 3> <OutPorts = 1>
ST_1 : Operation 462 [1/1] (0.29ns) (out node of the LUT)   --->   "%select_ln45_74 = select i1 %icmp_ln45_74, i6 %select_ln46_302, i6 0" [firmware/nnet_utils/nnet_activation.h:45]   --->   Operation 462 'select' 'select_ln45_74' <Predicate = true> <Delay = 0.29> <CoreInst = "Sel">   --->   Core 73 'Sel' <Latency = 0> <II = 1> <Delay = 0.29> <FuncUnit> <Opcode : 'select'> <InPorts = 3> <OutPorts = 1>
ST_1 : Operation 463 [1/1] (0.80ns)   --->   "%icmp_ln45_75 = icmp_sgt  i19 %data_13_val_read, i19 0" [firmware/nnet_utils/nnet_activation.h:45]   --->   Operation 463 'icmp' 'icmp_ln45_75' <Predicate = true> <Delay = 0.80> <CoreInst = "Cmp">   --->   Core 9 'Cmp' <Latency = 0> <II = 1> <Delay = 0.80> <FuncUnit> <Opcode : 'icmp'> <InPorts = 2> <OutPorts = 1>
ST_1 : Operation 464 [1/1] (0.00ns)   --->   "%tmp_451 = bitselect i1 @_ssdm_op_BitSelect.i1.i19.i32, i19 %data_13_val_read, i32 18" [firmware/nnet_utils/nnet_activation.h:46]   --->   Operation 464 'bitselect' 'tmp_451' <Predicate = (icmp_ln45_75)> <Delay = 0.00>
ST_1 : Operation 465 [1/1] (0.00ns) (grouped into LUT with out node add_ln46_75)   --->   "%trunc_ln46_73 = partselect i6 @_ssdm_op_PartSelect.i6.i19.i32.i32, i19 %data_13_val_read, i32 5, i32 10" [firmware/nnet_utils/nnet_activation.h:46]   --->   Operation 465 'partselect' 'trunc_ln46_73' <Predicate = (icmp_ln45_75)> <Delay = 0.00>
ST_1 : Operation 466 [1/1] (0.00ns) (grouped into LUT with out node add_ln46_75)   --->   "%tmp_452 = bitselect i1 @_ssdm_op_BitSelect.i1.i19.i32, i19 %data_13_val_read, i32 5" [firmware/nnet_utils/nnet_activation.h:46]   --->   Operation 466 'bitselect' 'tmp_452' <Predicate = (icmp_ln45_75)> <Delay = 0.00>
ST_1 : Operation 467 [1/1] (0.00ns) (grouped into LUT with out node add_ln46_75)   --->   "%tmp_453 = bitselect i1 @_ssdm_op_BitSelect.i1.i19.i32, i19 %data_13_val_read, i32 4" [firmware/nnet_utils/nnet_activation.h:46]   --->   Operation 467 'bitselect' 'tmp_453' <Predicate = (icmp_ln45_75)> <Delay = 0.00>
ST_1 : Operation 468 [1/1] (0.00ns)   --->   "%trunc_ln46_213 = trunc i19 %data_13_val_read" [firmware/nnet_utils/nnet_activation.h:46]   --->   Operation 468 'trunc' 'trunc_ln46_213' <Predicate = (icmp_ln45_75)> <Delay = 0.00>
ST_1 : Operation 469 [1/1] (0.70ns)   --->   "%icmp_ln46_227 = icmp_ne  i4 %trunc_ln46_213, i4 0" [firmware/nnet_utils/nnet_activation.h:46]   --->   Operation 469 'icmp' 'icmp_ln46_227' <Predicate = (icmp_ln45_75)> <Delay = 0.70> <CoreInst = "Cmp">   --->   Core 9 'Cmp' <Latency = 0> <II = 1> <Delay = 0.70> <FuncUnit> <Opcode : 'icmp'> <InPorts = 2> <OutPorts = 1>
ST_1 : Operation 470 [1/1] (0.00ns)   --->   "%tmp_454 = bitselect i1 @_ssdm_op_BitSelect.i1.i19.i32, i19 %data_13_val_read, i32 10" [firmware/nnet_utils/nnet_activation.h:46]   --->   Operation 470 'bitselect' 'tmp_454' <Predicate = (icmp_ln45_75)> <Delay = 0.00>
ST_1 : Operation 471 [1/1] (0.00ns) (grouped into LUT with out node add_ln46_75)   --->   "%or_ln46_227 = or i1 %tmp_452, i1 %icmp_ln46_227" [firmware/nnet_utils/nnet_activation.h:46]   --->   Operation 471 'or' 'or_ln46_227' <Predicate = (icmp_ln45_75)> <Delay = 0.00> <CoreInst = "LogicGate">   --->   Core 74 'LogicGate' <Latency = 0> <II = 1> <Delay = 0.12> <FuncUnit> <Opcode : 'and' 'or' 'xor'> <InPorts = 2> <OutPorts = 1>
ST_1 : Operation 472 [1/1] (0.00ns) (grouped into LUT with out node add_ln46_75)   --->   "%and_ln46_303 = and i1 %or_ln46_227, i1 %tmp_453" [firmware/nnet_utils/nnet_activation.h:46]   --->   Operation 472 'and' 'and_ln46_303' <Predicate = (icmp_ln45_75)> <Delay = 0.00> <CoreInst = "LogicGate">   --->   Core 74 'LogicGate' <Latency = 0> <II = 1> <Delay = 0.12> <FuncUnit> <Opcode : 'and' 'or' 'xor'> <InPorts = 2> <OutPorts = 1>
ST_1 : Operation 473 [1/1] (0.00ns) (grouped into LUT with out node add_ln46_75)   --->   "%zext_ln46_75 = zext i1 %and_ln46_303" [firmware/nnet_utils/nnet_activation.h:46]   --->   Operation 473 'zext' 'zext_ln46_75' <Predicate = (icmp_ln45_75)> <Delay = 0.00>
ST_1 : Operation 474 [1/1] (0.70ns) (out node of the LUT)   --->   "%add_ln46_75 = add i6 %trunc_ln46_73, i6 %zext_ln46_75" [firmware/nnet_utils/nnet_activation.h:46]   --->   Operation 474 'add' 'add_ln46_75' <Predicate = (icmp_ln45_75)> <Delay = 0.70> <CoreInst = "Adder">   --->   Core 1 'Adder' <Latency = 0> <II = 1> <Delay = 0.70> <FuncUnit> <Opcode : 'add' 'sub'> <InPorts = 2> <OutPorts = 1>
ST_1 : Operation 475 [1/1] (0.00ns) (grouped into LUT with out node select_ln46_305)   --->   "%trunc_ln46_214 = trunc i6 %add_ln46_75" [firmware/nnet_utils/nnet_activation.h:46]   --->   Operation 475 'trunc' 'trunc_ln46_214' <Predicate = (and_ln46_305 & tmp_451 & or_ln46_228 & or_ln46_229 & icmp_ln45_75)> <Delay = 0.00>
ST_1 : Operation 476 [1/1] (0.00ns)   --->   "%tmp_455 = partselect i8 @_ssdm_op_PartSelect.i8.i19.i32.i32, i19 %data_13_val_read, i32 11, i32 18" [firmware/nnet_utils/nnet_activation.h:46]   --->   Operation 476 'partselect' 'tmp_455' <Predicate = (icmp_ln45_75)> <Delay = 0.00>
ST_1 : Operation 477 [1/1] (0.70ns)   --->   "%icmp_ln46_228 = icmp_eq  i8 %tmp_455, i8 255" [firmware/nnet_utils/nnet_activation.h:46]   --->   Operation 477 'icmp' 'icmp_ln46_228' <Predicate = (icmp_ln45_75)> <Delay = 0.70> <CoreInst = "Cmp">   --->   Core 9 'Cmp' <Latency = 0> <II = 1> <Delay = 0.70> <FuncUnit> <Opcode : 'icmp'> <InPorts = 2> <OutPorts = 1>
ST_1 : Operation 478 [1/1] (0.70ns)   --->   "%icmp_ln46_229 = icmp_eq  i8 %tmp_455, i8 0" [firmware/nnet_utils/nnet_activation.h:46]   --->   Operation 478 'icmp' 'icmp_ln46_229' <Predicate = (icmp_ln45_75)> <Delay = 0.70> <CoreInst = "Cmp">   --->   Core 9 'Cmp' <Latency = 0> <II = 1> <Delay = 0.70> <FuncUnit> <Opcode : 'icmp'> <InPorts = 2> <OutPorts = 1>
ST_1 : Operation 479 [1/1] (0.00ns)   --->   "%tmp_456 = bitselect i1 @_ssdm_op_BitSelect.i1.i6.i32, i6 %add_ln46_75, i32 5" [firmware/nnet_utils/nnet_activation.h:46]   --->   Operation 479 'bitselect' 'tmp_456' <Predicate = (icmp_ln45_75)> <Delay = 0.00>
ST_1 : Operation 480 [1/1] (0.00ns) (grouped into LUT with out node and_ln46_305)   --->   "%xor_ln46_202 = xor i1 %tmp_456, i1 1" [firmware/nnet_utils/nnet_activation.h:46]   --->   Operation 480 'xor' 'xor_ln46_202' <Predicate = (icmp_ln45_75)> <Delay = 0.00> <CoreInst = "LogicGate">   --->   Core 74 'LogicGate' <Latency = 0> <II = 1> <Delay = 0.12> <FuncUnit> <Opcode : 'and' 'or' 'xor'> <InPorts = 2> <OutPorts = 1>
ST_1 : Operation 481 [1/1] (0.00ns) (grouped into LUT with out node or_ln46_228)   --->   "%select_ln46_303 = select i1 %tmp_456, i1 %icmp_ln46_229, i1 %icmp_ln46_228" [firmware/nnet_utils/nnet_activation.h:46]   --->   Operation 481 'select' 'select_ln46_303' <Predicate = (icmp_ln45_75)> <Delay = 0.00> <CoreInst = "Sel">   --->   Core 73 'Sel' <Latency = 0> <II = 1> <Delay = 0.27> <FuncUnit> <Opcode : 'select'> <InPorts = 3> <OutPorts = 1>
ST_1 : Operation 482 [1/1] (0.00ns) (grouped into LUT with out node or_ln46_228)   --->   "%select_ln46_404 = select i1 %tmp_454, i1 %select_ln46_303, i1 %icmp_ln46_229" [firmware/nnet_utils/nnet_activation.h:46]   --->   Operation 482 'select' 'select_ln46_404' <Predicate = (icmp_ln45_75)> <Delay = 0.00> <CoreInst = "Sel">   --->   Core 73 'Sel' <Latency = 0> <II = 1> <Delay = 0.27> <FuncUnit> <Opcode : 'select'> <InPorts = 3> <OutPorts = 1>
ST_1 : Operation 483 [1/1] (0.27ns) (out node of the LUT)   --->   "%or_ln46_228 = or i1 %select_ln46_404, i1 %tmp_451" [firmware/nnet_utils/nnet_activation.h:46]   --->   Operation 483 'or' 'or_ln46_228' <Predicate = (icmp_ln45_75)> <Delay = 0.27> <CoreInst = "LogicGate">   --->   Core 74 'LogicGate' <Latency = 0> <II = 1> <Delay = 0.12> <FuncUnit> <Opcode : 'and' 'or' 'xor'> <InPorts = 2> <OutPorts = 1>
ST_1 : Operation 484 [1/1] (0.00ns) (grouped into LUT with out node select_ln45_75)   --->   "%xor_ln46_151 = xor i1 %or_ln46_228, i1 1" [firmware/nnet_utils/nnet_activation.h:46]   --->   Operation 484 'xor' 'xor_ln46_151' <Predicate = (icmp_ln45_75)> <Delay = 0.00> <CoreInst = "LogicGate">   --->   Core 74 'LogicGate' <Latency = 0> <II = 1> <Delay = 0.12> <FuncUnit> <Opcode : 'and' 'or' 'xor'> <InPorts = 2> <OutPorts = 1>
ST_1 : Operation 485 [1/1] (0.00ns) (grouped into LUT with out node and_ln46_305)   --->   "%and_ln46_304 = and i1 %icmp_ln46_228, i1 %xor_ln46_202" [firmware/nnet_utils/nnet_activation.h:46]   --->   Operation 485 'and' 'and_ln46_304' <Predicate = (icmp_ln45_75)> <Delay = 0.00> <CoreInst = "LogicGate">   --->   Core 74 'LogicGate' <Latency = 0> <II = 1> <Delay = 0.12> <FuncUnit> <Opcode : 'and' 'or' 'xor'> <InPorts = 2> <OutPorts = 1>
ST_1 : Operation 486 [1/1] (0.12ns) (out node of the LUT)   --->   "%and_ln46_305 = and i1 %and_ln46_304, i1 %tmp_454" [firmware/nnet_utils/nnet_activation.h:46]   --->   Operation 486 'and' 'and_ln46_305' <Predicate = (icmp_ln45_75)> <Delay = 0.12> <CoreInst = "LogicGate">   --->   Core 74 'LogicGate' <Latency = 0> <II = 1> <Delay = 0.12> <FuncUnit> <Opcode : 'and' 'or' 'xor'> <InPorts = 2> <OutPorts = 1>
ST_1 : Operation 487 [1/1] (0.00ns) (grouped into LUT with out node select_ln45_75)   --->   "%xor_ln46_152 = xor i1 %and_ln46_305, i1 1" [firmware/nnet_utils/nnet_activation.h:46]   --->   Operation 487 'xor' 'xor_ln46_152' <Predicate = (icmp_ln45_75)> <Delay = 0.00> <CoreInst = "LogicGate">   --->   Core 74 'LogicGate' <Latency = 0> <II = 1> <Delay = 0.12> <FuncUnit> <Opcode : 'and' 'or' 'xor'> <InPorts = 2> <OutPorts = 1>
ST_1 : Operation 488 [1/1] (0.00ns) (grouped into LUT with out node select_ln46_305)   --->   "%select_ln46_304 = select i1 %and_ln46_305, i5 %trunc_ln46_214, i5 0" [firmware/nnet_utils/nnet_activation.h:46]   --->   Operation 488 'select' 'select_ln46_304' <Predicate = (tmp_451 & or_ln46_228 & or_ln46_229 & icmp_ln45_75)> <Delay = 0.00> <CoreInst = "Sel">   --->   Core 73 'Sel' <Latency = 0> <II = 1> <Delay = 0.27> <FuncUnit> <Opcode : 'select'> <InPorts = 3> <OutPorts = 1>
ST_1 : Operation 489 [1/1] (0.00ns) (grouped into LUT with out node select_ln46_305)   --->   "%zext_ln46_139 = zext i5 %select_ln46_304" [firmware/nnet_utils/nnet_activation.h:46]   --->   Operation 489 'zext' 'zext_ln46_139' <Predicate = (tmp_451 & or_ln46_228 & or_ln46_229 & icmp_ln45_75)> <Delay = 0.00>
ST_1 : Operation 490 [1/1] (0.00ns) (grouped into LUT with out node select_ln45_75)   --->   "%and_ln46_306 = and i1 %tmp_451, i1 %xor_ln46_152" [firmware/nnet_utils/nnet_activation.h:46]   --->   Operation 490 'and' 'and_ln46_306' <Predicate = (icmp_ln45_75)> <Delay = 0.00> <CoreInst = "LogicGate">   --->   Core 74 'LogicGate' <Latency = 0> <II = 1> <Delay = 0.12> <FuncUnit> <Opcode : 'and' 'or' 'xor'> <InPorts = 2> <OutPorts = 1>
ST_1 : Operation 491 [1/1] (0.00ns) (grouped into LUT with out node select_ln45_75)   --->   "%or_ln46_229 = or i1 %and_ln46_306, i1 %xor_ln46_151" [firmware/nnet_utils/nnet_activation.h:46]   --->   Operation 491 'or' 'or_ln46_229' <Predicate = (icmp_ln45_75)> <Delay = 0.00> <CoreInst = "LogicGate">   --->   Core 74 'LogicGate' <Latency = 0> <II = 1> <Delay = 0.12> <FuncUnit> <Opcode : 'and' 'or' 'xor'> <InPorts = 2> <OutPorts = 1>
ST_1 : Operation 492 [1/1] (0.00ns) (grouped into LUT with out node select_ln46_305)   --->   "%select_ln46_405 = select i1 %tmp_451, i6 %zext_ln46_139, i6 %add_ln46_75" [firmware/nnet_utils/nnet_activation.h:46]   --->   Operation 492 'select' 'select_ln46_405' <Predicate = (or_ln46_228 & or_ln46_229 & icmp_ln45_75)> <Delay = 0.00> <CoreInst = "Sel">   --->   Core 73 'Sel' <Latency = 0> <II = 1> <Delay = 0.29> <FuncUnit> <Opcode : 'select'> <InPorts = 3> <OutPorts = 1>
ST_1 : Operation 493 [1/1] (0.29ns) (out node of the LUT)   --->   "%select_ln46_305 = select i1 %or_ln46_228, i6 %select_ln46_405, i6 63" [firmware/nnet_utils/nnet_activation.h:46]   --->   Operation 493 'select' 'select_ln46_305' <Predicate = (or_ln46_229 & icmp_ln45_75)> <Delay = 0.29> <CoreInst = "Sel">   --->   Core 73 'Sel' <Latency = 0> <II = 1> <Delay = 0.29> <FuncUnit> <Opcode : 'select'> <InPorts = 3> <OutPorts = 1>
ST_1 : Operation 494 [1/1] (0.00ns) (grouped into LUT with out node select_ln45_75)   --->   "%select_ln46_306 = select i1 %or_ln46_229, i6 %select_ln46_305, i6 %add_ln46_75" [firmware/nnet_utils/nnet_activation.h:46]   --->   Operation 494 'select' 'select_ln46_306' <Predicate = (icmp_ln45_75)> <Delay = 0.00> <CoreInst = "Sel">   --->   Core 73 'Sel' <Latency = 0> <II = 1> <Delay = 0.29> <FuncUnit> <Opcode : 'select'> <InPorts = 3> <OutPorts = 1>
ST_1 : Operation 495 [1/1] (0.29ns) (out node of the LUT)   --->   "%select_ln45_75 = select i1 %icmp_ln45_75, i6 %select_ln46_306, i6 0" [firmware/nnet_utils/nnet_activation.h:45]   --->   Operation 495 'select' 'select_ln45_75' <Predicate = true> <Delay = 0.29> <CoreInst = "Sel">   --->   Core 73 'Sel' <Latency = 0> <II = 1> <Delay = 0.29> <FuncUnit> <Opcode : 'select'> <InPorts = 3> <OutPorts = 1>
ST_1 : Operation 496 [1/1] (0.80ns)   --->   "%icmp_ln45_76 = icmp_sgt  i19 %data_14_val_read, i19 0" [firmware/nnet_utils/nnet_activation.h:45]   --->   Operation 496 'icmp' 'icmp_ln45_76' <Predicate = true> <Delay = 0.80> <CoreInst = "Cmp">   --->   Core 9 'Cmp' <Latency = 0> <II = 1> <Delay = 0.80> <FuncUnit> <Opcode : 'icmp'> <InPorts = 2> <OutPorts = 1>
ST_1 : Operation 497 [1/1] (0.00ns)   --->   "%tmp_457 = bitselect i1 @_ssdm_op_BitSelect.i1.i19.i32, i19 %data_14_val_read, i32 18" [firmware/nnet_utils/nnet_activation.h:46]   --->   Operation 497 'bitselect' 'tmp_457' <Predicate = (icmp_ln45_76)> <Delay = 0.00>
ST_1 : Operation 498 [1/1] (0.00ns) (grouped into LUT with out node add_ln46_76)   --->   "%trunc_ln46_74 = partselect i6 @_ssdm_op_PartSelect.i6.i19.i32.i32, i19 %data_14_val_read, i32 5, i32 10" [firmware/nnet_utils/nnet_activation.h:46]   --->   Operation 498 'partselect' 'trunc_ln46_74' <Predicate = (icmp_ln45_76)> <Delay = 0.00>
ST_1 : Operation 499 [1/1] (0.00ns) (grouped into LUT with out node add_ln46_76)   --->   "%tmp_458 = bitselect i1 @_ssdm_op_BitSelect.i1.i19.i32, i19 %data_14_val_read, i32 5" [firmware/nnet_utils/nnet_activation.h:46]   --->   Operation 499 'bitselect' 'tmp_458' <Predicate = (icmp_ln45_76)> <Delay = 0.00>
ST_1 : Operation 500 [1/1] (0.00ns) (grouped into LUT with out node add_ln46_76)   --->   "%tmp_459 = bitselect i1 @_ssdm_op_BitSelect.i1.i19.i32, i19 %data_14_val_read, i32 4" [firmware/nnet_utils/nnet_activation.h:46]   --->   Operation 500 'bitselect' 'tmp_459' <Predicate = (icmp_ln45_76)> <Delay = 0.00>
ST_1 : Operation 501 [1/1] (0.00ns)   --->   "%trunc_ln46_215 = trunc i19 %data_14_val_read" [firmware/nnet_utils/nnet_activation.h:46]   --->   Operation 501 'trunc' 'trunc_ln46_215' <Predicate = (icmp_ln45_76)> <Delay = 0.00>
ST_1 : Operation 502 [1/1] (0.70ns)   --->   "%icmp_ln46_230 = icmp_ne  i4 %trunc_ln46_215, i4 0" [firmware/nnet_utils/nnet_activation.h:46]   --->   Operation 502 'icmp' 'icmp_ln46_230' <Predicate = (icmp_ln45_76)> <Delay = 0.70> <CoreInst = "Cmp">   --->   Core 9 'Cmp' <Latency = 0> <II = 1> <Delay = 0.70> <FuncUnit> <Opcode : 'icmp'> <InPorts = 2> <OutPorts = 1>
ST_1 : Operation 503 [1/1] (0.00ns)   --->   "%tmp_460 = bitselect i1 @_ssdm_op_BitSelect.i1.i19.i32, i19 %data_14_val_read, i32 10" [firmware/nnet_utils/nnet_activation.h:46]   --->   Operation 503 'bitselect' 'tmp_460' <Predicate = (icmp_ln45_76)> <Delay = 0.00>
ST_1 : Operation 504 [1/1] (0.00ns) (grouped into LUT with out node add_ln46_76)   --->   "%or_ln46_230 = or i1 %tmp_458, i1 %icmp_ln46_230" [firmware/nnet_utils/nnet_activation.h:46]   --->   Operation 504 'or' 'or_ln46_230' <Predicate = (icmp_ln45_76)> <Delay = 0.00> <CoreInst = "LogicGate">   --->   Core 74 'LogicGate' <Latency = 0> <II = 1> <Delay = 0.12> <FuncUnit> <Opcode : 'and' 'or' 'xor'> <InPorts = 2> <OutPorts = 1>
ST_1 : Operation 505 [1/1] (0.00ns) (grouped into LUT with out node add_ln46_76)   --->   "%and_ln46_307 = and i1 %or_ln46_230, i1 %tmp_459" [firmware/nnet_utils/nnet_activation.h:46]   --->   Operation 505 'and' 'and_ln46_307' <Predicate = (icmp_ln45_76)> <Delay = 0.00> <CoreInst = "LogicGate">   --->   Core 74 'LogicGate' <Latency = 0> <II = 1> <Delay = 0.12> <FuncUnit> <Opcode : 'and' 'or' 'xor'> <InPorts = 2> <OutPorts = 1>
ST_1 : Operation 506 [1/1] (0.00ns) (grouped into LUT with out node add_ln46_76)   --->   "%zext_ln46_76 = zext i1 %and_ln46_307" [firmware/nnet_utils/nnet_activation.h:46]   --->   Operation 506 'zext' 'zext_ln46_76' <Predicate = (icmp_ln45_76)> <Delay = 0.00>
ST_1 : Operation 507 [1/1] (0.70ns) (out node of the LUT)   --->   "%add_ln46_76 = add i6 %trunc_ln46_74, i6 %zext_ln46_76" [firmware/nnet_utils/nnet_activation.h:46]   --->   Operation 507 'add' 'add_ln46_76' <Predicate = (icmp_ln45_76)> <Delay = 0.70> <CoreInst = "Adder">   --->   Core 1 'Adder' <Latency = 0> <II = 1> <Delay = 0.70> <FuncUnit> <Opcode : 'add' 'sub'> <InPorts = 2> <OutPorts = 1>
ST_1 : Operation 508 [1/1] (0.00ns) (grouped into LUT with out node select_ln46_309)   --->   "%trunc_ln46_216 = trunc i6 %add_ln46_76" [firmware/nnet_utils/nnet_activation.h:46]   --->   Operation 508 'trunc' 'trunc_ln46_216' <Predicate = (and_ln46_309 & tmp_457 & or_ln46_231 & or_ln46_232 & icmp_ln45_76)> <Delay = 0.00>
ST_1 : Operation 509 [1/1] (0.00ns)   --->   "%tmp_461 = partselect i8 @_ssdm_op_PartSelect.i8.i19.i32.i32, i19 %data_14_val_read, i32 11, i32 18" [firmware/nnet_utils/nnet_activation.h:46]   --->   Operation 509 'partselect' 'tmp_461' <Predicate = (icmp_ln45_76)> <Delay = 0.00>
ST_1 : Operation 510 [1/1] (0.70ns)   --->   "%icmp_ln46_231 = icmp_eq  i8 %tmp_461, i8 255" [firmware/nnet_utils/nnet_activation.h:46]   --->   Operation 510 'icmp' 'icmp_ln46_231' <Predicate = (icmp_ln45_76)> <Delay = 0.70> <CoreInst = "Cmp">   --->   Core 9 'Cmp' <Latency = 0> <II = 1> <Delay = 0.70> <FuncUnit> <Opcode : 'icmp'> <InPorts = 2> <OutPorts = 1>
ST_1 : Operation 511 [1/1] (0.70ns)   --->   "%icmp_ln46_232 = icmp_eq  i8 %tmp_461, i8 0" [firmware/nnet_utils/nnet_activation.h:46]   --->   Operation 511 'icmp' 'icmp_ln46_232' <Predicate = (icmp_ln45_76)> <Delay = 0.70> <CoreInst = "Cmp">   --->   Core 9 'Cmp' <Latency = 0> <II = 1> <Delay = 0.70> <FuncUnit> <Opcode : 'icmp'> <InPorts = 2> <OutPorts = 1>
ST_1 : Operation 512 [1/1] (0.00ns)   --->   "%tmp_462 = bitselect i1 @_ssdm_op_BitSelect.i1.i6.i32, i6 %add_ln46_76, i32 5" [firmware/nnet_utils/nnet_activation.h:46]   --->   Operation 512 'bitselect' 'tmp_462' <Predicate = (icmp_ln45_76)> <Delay = 0.00>
ST_1 : Operation 513 [1/1] (0.00ns) (grouped into LUT with out node and_ln46_309)   --->   "%xor_ln46_203 = xor i1 %tmp_462, i1 1" [firmware/nnet_utils/nnet_activation.h:46]   --->   Operation 513 'xor' 'xor_ln46_203' <Predicate = (icmp_ln45_76)> <Delay = 0.00> <CoreInst = "LogicGate">   --->   Core 74 'LogicGate' <Latency = 0> <II = 1> <Delay = 0.12> <FuncUnit> <Opcode : 'and' 'or' 'xor'> <InPorts = 2> <OutPorts = 1>
ST_1 : Operation 514 [1/1] (0.00ns) (grouped into LUT with out node or_ln46_231)   --->   "%select_ln46_307 = select i1 %tmp_462, i1 %icmp_ln46_232, i1 %icmp_ln46_231" [firmware/nnet_utils/nnet_activation.h:46]   --->   Operation 514 'select' 'select_ln46_307' <Predicate = (icmp_ln45_76)> <Delay = 0.00> <CoreInst = "Sel">   --->   Core 73 'Sel' <Latency = 0> <II = 1> <Delay = 0.27> <FuncUnit> <Opcode : 'select'> <InPorts = 3> <OutPorts = 1>
ST_1 : Operation 515 [1/1] (0.00ns) (grouped into LUT with out node or_ln46_231)   --->   "%select_ln46_406 = select i1 %tmp_460, i1 %select_ln46_307, i1 %icmp_ln46_232" [firmware/nnet_utils/nnet_activation.h:46]   --->   Operation 515 'select' 'select_ln46_406' <Predicate = (icmp_ln45_76)> <Delay = 0.00> <CoreInst = "Sel">   --->   Core 73 'Sel' <Latency = 0> <II = 1> <Delay = 0.27> <FuncUnit> <Opcode : 'select'> <InPorts = 3> <OutPorts = 1>
ST_1 : Operation 516 [1/1] (0.27ns) (out node of the LUT)   --->   "%or_ln46_231 = or i1 %select_ln46_406, i1 %tmp_457" [firmware/nnet_utils/nnet_activation.h:46]   --->   Operation 516 'or' 'or_ln46_231' <Predicate = (icmp_ln45_76)> <Delay = 0.27> <CoreInst = "LogicGate">   --->   Core 74 'LogicGate' <Latency = 0> <II = 1> <Delay = 0.12> <FuncUnit> <Opcode : 'and' 'or' 'xor'> <InPorts = 2> <OutPorts = 1>
ST_1 : Operation 517 [1/1] (0.00ns) (grouped into LUT with out node select_ln45_76)   --->   "%xor_ln46_153 = xor i1 %or_ln46_231, i1 1" [firmware/nnet_utils/nnet_activation.h:46]   --->   Operation 517 'xor' 'xor_ln46_153' <Predicate = (icmp_ln45_76)> <Delay = 0.00> <CoreInst = "LogicGate">   --->   Core 74 'LogicGate' <Latency = 0> <II = 1> <Delay = 0.12> <FuncUnit> <Opcode : 'and' 'or' 'xor'> <InPorts = 2> <OutPorts = 1>
ST_1 : Operation 518 [1/1] (0.00ns) (grouped into LUT with out node and_ln46_309)   --->   "%and_ln46_308 = and i1 %icmp_ln46_231, i1 %xor_ln46_203" [firmware/nnet_utils/nnet_activation.h:46]   --->   Operation 518 'and' 'and_ln46_308' <Predicate = (icmp_ln45_76)> <Delay = 0.00> <CoreInst = "LogicGate">   --->   Core 74 'LogicGate' <Latency = 0> <II = 1> <Delay = 0.12> <FuncUnit> <Opcode : 'and' 'or' 'xor'> <InPorts = 2> <OutPorts = 1>
ST_1 : Operation 519 [1/1] (0.12ns) (out node of the LUT)   --->   "%and_ln46_309 = and i1 %and_ln46_308, i1 %tmp_460" [firmware/nnet_utils/nnet_activation.h:46]   --->   Operation 519 'and' 'and_ln46_309' <Predicate = (icmp_ln45_76)> <Delay = 0.12> <CoreInst = "LogicGate">   --->   Core 74 'LogicGate' <Latency = 0> <II = 1> <Delay = 0.12> <FuncUnit> <Opcode : 'and' 'or' 'xor'> <InPorts = 2> <OutPorts = 1>
ST_1 : Operation 520 [1/1] (0.00ns) (grouped into LUT with out node select_ln45_76)   --->   "%xor_ln46_154 = xor i1 %and_ln46_309, i1 1" [firmware/nnet_utils/nnet_activation.h:46]   --->   Operation 520 'xor' 'xor_ln46_154' <Predicate = (icmp_ln45_76)> <Delay = 0.00> <CoreInst = "LogicGate">   --->   Core 74 'LogicGate' <Latency = 0> <II = 1> <Delay = 0.12> <FuncUnit> <Opcode : 'and' 'or' 'xor'> <InPorts = 2> <OutPorts = 1>
ST_1 : Operation 521 [1/1] (0.00ns) (grouped into LUT with out node select_ln46_309)   --->   "%select_ln46_308 = select i1 %and_ln46_309, i5 %trunc_ln46_216, i5 0" [firmware/nnet_utils/nnet_activation.h:46]   --->   Operation 521 'select' 'select_ln46_308' <Predicate = (tmp_457 & or_ln46_231 & or_ln46_232 & icmp_ln45_76)> <Delay = 0.00> <CoreInst = "Sel">   --->   Core 73 'Sel' <Latency = 0> <II = 1> <Delay = 0.27> <FuncUnit> <Opcode : 'select'> <InPorts = 3> <OutPorts = 1>
ST_1 : Operation 522 [1/1] (0.00ns) (grouped into LUT with out node select_ln46_309)   --->   "%zext_ln46_140 = zext i5 %select_ln46_308" [firmware/nnet_utils/nnet_activation.h:46]   --->   Operation 522 'zext' 'zext_ln46_140' <Predicate = (tmp_457 & or_ln46_231 & or_ln46_232 & icmp_ln45_76)> <Delay = 0.00>
ST_1 : Operation 523 [1/1] (0.00ns) (grouped into LUT with out node select_ln45_76)   --->   "%and_ln46_310 = and i1 %tmp_457, i1 %xor_ln46_154" [firmware/nnet_utils/nnet_activation.h:46]   --->   Operation 523 'and' 'and_ln46_310' <Predicate = (icmp_ln45_76)> <Delay = 0.00> <CoreInst = "LogicGate">   --->   Core 74 'LogicGate' <Latency = 0> <II = 1> <Delay = 0.12> <FuncUnit> <Opcode : 'and' 'or' 'xor'> <InPorts = 2> <OutPorts = 1>
ST_1 : Operation 524 [1/1] (0.00ns) (grouped into LUT with out node select_ln45_76)   --->   "%or_ln46_232 = or i1 %and_ln46_310, i1 %xor_ln46_153" [firmware/nnet_utils/nnet_activation.h:46]   --->   Operation 524 'or' 'or_ln46_232' <Predicate = (icmp_ln45_76)> <Delay = 0.00> <CoreInst = "LogicGate">   --->   Core 74 'LogicGate' <Latency = 0> <II = 1> <Delay = 0.12> <FuncUnit> <Opcode : 'and' 'or' 'xor'> <InPorts = 2> <OutPorts = 1>
ST_1 : Operation 525 [1/1] (0.00ns) (grouped into LUT with out node select_ln46_309)   --->   "%select_ln46_407 = select i1 %tmp_457, i6 %zext_ln46_140, i6 %add_ln46_76" [firmware/nnet_utils/nnet_activation.h:46]   --->   Operation 525 'select' 'select_ln46_407' <Predicate = (or_ln46_231 & or_ln46_232 & icmp_ln45_76)> <Delay = 0.00> <CoreInst = "Sel">   --->   Core 73 'Sel' <Latency = 0> <II = 1> <Delay = 0.29> <FuncUnit> <Opcode : 'select'> <InPorts = 3> <OutPorts = 1>
ST_1 : Operation 526 [1/1] (0.29ns) (out node of the LUT)   --->   "%select_ln46_309 = select i1 %or_ln46_231, i6 %select_ln46_407, i6 63" [firmware/nnet_utils/nnet_activation.h:46]   --->   Operation 526 'select' 'select_ln46_309' <Predicate = (or_ln46_232 & icmp_ln45_76)> <Delay = 0.29> <CoreInst = "Sel">   --->   Core 73 'Sel' <Latency = 0> <II = 1> <Delay = 0.29> <FuncUnit> <Opcode : 'select'> <InPorts = 3> <OutPorts = 1>
ST_1 : Operation 527 [1/1] (0.00ns) (grouped into LUT with out node select_ln45_76)   --->   "%select_ln46_310 = select i1 %or_ln46_232, i6 %select_ln46_309, i6 %add_ln46_76" [firmware/nnet_utils/nnet_activation.h:46]   --->   Operation 527 'select' 'select_ln46_310' <Predicate = (icmp_ln45_76)> <Delay = 0.00> <CoreInst = "Sel">   --->   Core 73 'Sel' <Latency = 0> <II = 1> <Delay = 0.29> <FuncUnit> <Opcode : 'select'> <InPorts = 3> <OutPorts = 1>
ST_1 : Operation 528 [1/1] (0.29ns) (out node of the LUT)   --->   "%select_ln45_76 = select i1 %icmp_ln45_76, i6 %select_ln46_310, i6 0" [firmware/nnet_utils/nnet_activation.h:45]   --->   Operation 528 'select' 'select_ln45_76' <Predicate = true> <Delay = 0.29> <CoreInst = "Sel">   --->   Core 73 'Sel' <Latency = 0> <II = 1> <Delay = 0.29> <FuncUnit> <Opcode : 'select'> <InPorts = 3> <OutPorts = 1>
ST_1 : Operation 529 [1/1] (0.80ns)   --->   "%icmp_ln45_77 = icmp_sgt  i19 %data_15_val_read, i19 0" [firmware/nnet_utils/nnet_activation.h:45]   --->   Operation 529 'icmp' 'icmp_ln45_77' <Predicate = true> <Delay = 0.80> <CoreInst = "Cmp">   --->   Core 9 'Cmp' <Latency = 0> <II = 1> <Delay = 0.80> <FuncUnit> <Opcode : 'icmp'> <InPorts = 2> <OutPorts = 1>
ST_1 : Operation 530 [1/1] (0.00ns)   --->   "%tmp_463 = bitselect i1 @_ssdm_op_BitSelect.i1.i19.i32, i19 %data_15_val_read, i32 18" [firmware/nnet_utils/nnet_activation.h:46]   --->   Operation 530 'bitselect' 'tmp_463' <Predicate = (icmp_ln45_77)> <Delay = 0.00>
ST_1 : Operation 531 [1/1] (0.00ns) (grouped into LUT with out node add_ln46_77)   --->   "%trunc_ln46_75 = partselect i6 @_ssdm_op_PartSelect.i6.i19.i32.i32, i19 %data_15_val_read, i32 5, i32 10" [firmware/nnet_utils/nnet_activation.h:46]   --->   Operation 531 'partselect' 'trunc_ln46_75' <Predicate = (icmp_ln45_77)> <Delay = 0.00>
ST_1 : Operation 532 [1/1] (0.00ns) (grouped into LUT with out node add_ln46_77)   --->   "%tmp_464 = bitselect i1 @_ssdm_op_BitSelect.i1.i19.i32, i19 %data_15_val_read, i32 5" [firmware/nnet_utils/nnet_activation.h:46]   --->   Operation 532 'bitselect' 'tmp_464' <Predicate = (icmp_ln45_77)> <Delay = 0.00>
ST_1 : Operation 533 [1/1] (0.00ns) (grouped into LUT with out node add_ln46_77)   --->   "%tmp_465 = bitselect i1 @_ssdm_op_BitSelect.i1.i19.i32, i19 %data_15_val_read, i32 4" [firmware/nnet_utils/nnet_activation.h:46]   --->   Operation 533 'bitselect' 'tmp_465' <Predicate = (icmp_ln45_77)> <Delay = 0.00>
ST_1 : Operation 534 [1/1] (0.00ns)   --->   "%trunc_ln46_217 = trunc i19 %data_15_val_read" [firmware/nnet_utils/nnet_activation.h:46]   --->   Operation 534 'trunc' 'trunc_ln46_217' <Predicate = (icmp_ln45_77)> <Delay = 0.00>
ST_1 : Operation 535 [1/1] (0.70ns)   --->   "%icmp_ln46_233 = icmp_ne  i4 %trunc_ln46_217, i4 0" [firmware/nnet_utils/nnet_activation.h:46]   --->   Operation 535 'icmp' 'icmp_ln46_233' <Predicate = (icmp_ln45_77)> <Delay = 0.70> <CoreInst = "Cmp">   --->   Core 9 'Cmp' <Latency = 0> <II = 1> <Delay = 0.70> <FuncUnit> <Opcode : 'icmp'> <InPorts = 2> <OutPorts = 1>
ST_1 : Operation 536 [1/1] (0.00ns)   --->   "%tmp_466 = bitselect i1 @_ssdm_op_BitSelect.i1.i19.i32, i19 %data_15_val_read, i32 10" [firmware/nnet_utils/nnet_activation.h:46]   --->   Operation 536 'bitselect' 'tmp_466' <Predicate = (icmp_ln45_77)> <Delay = 0.00>
ST_1 : Operation 537 [1/1] (0.00ns) (grouped into LUT with out node add_ln46_77)   --->   "%or_ln46_233 = or i1 %tmp_464, i1 %icmp_ln46_233" [firmware/nnet_utils/nnet_activation.h:46]   --->   Operation 537 'or' 'or_ln46_233' <Predicate = (icmp_ln45_77)> <Delay = 0.00> <CoreInst = "LogicGate">   --->   Core 74 'LogicGate' <Latency = 0> <II = 1> <Delay = 0.12> <FuncUnit> <Opcode : 'and' 'or' 'xor'> <InPorts = 2> <OutPorts = 1>
ST_1 : Operation 538 [1/1] (0.00ns) (grouped into LUT with out node add_ln46_77)   --->   "%and_ln46_311 = and i1 %or_ln46_233, i1 %tmp_465" [firmware/nnet_utils/nnet_activation.h:46]   --->   Operation 538 'and' 'and_ln46_311' <Predicate = (icmp_ln45_77)> <Delay = 0.00> <CoreInst = "LogicGate">   --->   Core 74 'LogicGate' <Latency = 0> <II = 1> <Delay = 0.12> <FuncUnit> <Opcode : 'and' 'or' 'xor'> <InPorts = 2> <OutPorts = 1>
ST_1 : Operation 539 [1/1] (0.00ns) (grouped into LUT with out node add_ln46_77)   --->   "%zext_ln46_77 = zext i1 %and_ln46_311" [firmware/nnet_utils/nnet_activation.h:46]   --->   Operation 539 'zext' 'zext_ln46_77' <Predicate = (icmp_ln45_77)> <Delay = 0.00>
ST_1 : Operation 540 [1/1] (0.70ns) (out node of the LUT)   --->   "%add_ln46_77 = add i6 %trunc_ln46_75, i6 %zext_ln46_77" [firmware/nnet_utils/nnet_activation.h:46]   --->   Operation 540 'add' 'add_ln46_77' <Predicate = (icmp_ln45_77)> <Delay = 0.70> <CoreInst = "Adder">   --->   Core 1 'Adder' <Latency = 0> <II = 1> <Delay = 0.70> <FuncUnit> <Opcode : 'add' 'sub'> <InPorts = 2> <OutPorts = 1>
ST_1 : Operation 541 [1/1] (0.00ns) (grouped into LUT with out node select_ln46_313)   --->   "%trunc_ln46_218 = trunc i6 %add_ln46_77" [firmware/nnet_utils/nnet_activation.h:46]   --->   Operation 541 'trunc' 'trunc_ln46_218' <Predicate = (and_ln46_313 & tmp_463 & or_ln46_234 & or_ln46_235 & icmp_ln45_77)> <Delay = 0.00>
ST_1 : Operation 542 [1/1] (0.00ns)   --->   "%tmp_467 = partselect i8 @_ssdm_op_PartSelect.i8.i19.i32.i32, i19 %data_15_val_read, i32 11, i32 18" [firmware/nnet_utils/nnet_activation.h:46]   --->   Operation 542 'partselect' 'tmp_467' <Predicate = (icmp_ln45_77)> <Delay = 0.00>
ST_1 : Operation 543 [1/1] (0.70ns)   --->   "%icmp_ln46_234 = icmp_eq  i8 %tmp_467, i8 255" [firmware/nnet_utils/nnet_activation.h:46]   --->   Operation 543 'icmp' 'icmp_ln46_234' <Predicate = (icmp_ln45_77)> <Delay = 0.70> <CoreInst = "Cmp">   --->   Core 9 'Cmp' <Latency = 0> <II = 1> <Delay = 0.70> <FuncUnit> <Opcode : 'icmp'> <InPorts = 2> <OutPorts = 1>
ST_1 : Operation 544 [1/1] (0.70ns)   --->   "%icmp_ln46_235 = icmp_eq  i8 %tmp_467, i8 0" [firmware/nnet_utils/nnet_activation.h:46]   --->   Operation 544 'icmp' 'icmp_ln46_235' <Predicate = (icmp_ln45_77)> <Delay = 0.70> <CoreInst = "Cmp">   --->   Core 9 'Cmp' <Latency = 0> <II = 1> <Delay = 0.70> <FuncUnit> <Opcode : 'icmp'> <InPorts = 2> <OutPorts = 1>
ST_1 : Operation 545 [1/1] (0.00ns)   --->   "%tmp_468 = bitselect i1 @_ssdm_op_BitSelect.i1.i6.i32, i6 %add_ln46_77, i32 5" [firmware/nnet_utils/nnet_activation.h:46]   --->   Operation 545 'bitselect' 'tmp_468' <Predicate = (icmp_ln45_77)> <Delay = 0.00>
ST_1 : Operation 546 [1/1] (0.00ns) (grouped into LUT with out node and_ln46_313)   --->   "%xor_ln46_204 = xor i1 %tmp_468, i1 1" [firmware/nnet_utils/nnet_activation.h:46]   --->   Operation 546 'xor' 'xor_ln46_204' <Predicate = (icmp_ln45_77)> <Delay = 0.00> <CoreInst = "LogicGate">   --->   Core 74 'LogicGate' <Latency = 0> <II = 1> <Delay = 0.12> <FuncUnit> <Opcode : 'and' 'or' 'xor'> <InPorts = 2> <OutPorts = 1>
ST_1 : Operation 547 [1/1] (0.00ns) (grouped into LUT with out node or_ln46_234)   --->   "%select_ln46_311 = select i1 %tmp_468, i1 %icmp_ln46_235, i1 %icmp_ln46_234" [firmware/nnet_utils/nnet_activation.h:46]   --->   Operation 547 'select' 'select_ln46_311' <Predicate = (icmp_ln45_77)> <Delay = 0.00> <CoreInst = "Sel">   --->   Core 73 'Sel' <Latency = 0> <II = 1> <Delay = 0.27> <FuncUnit> <Opcode : 'select'> <InPorts = 3> <OutPorts = 1>
ST_1 : Operation 548 [1/1] (0.00ns) (grouped into LUT with out node or_ln46_234)   --->   "%select_ln46_408 = select i1 %tmp_466, i1 %select_ln46_311, i1 %icmp_ln46_235" [firmware/nnet_utils/nnet_activation.h:46]   --->   Operation 548 'select' 'select_ln46_408' <Predicate = (icmp_ln45_77)> <Delay = 0.00> <CoreInst = "Sel">   --->   Core 73 'Sel' <Latency = 0> <II = 1> <Delay = 0.27> <FuncUnit> <Opcode : 'select'> <InPorts = 3> <OutPorts = 1>
ST_1 : Operation 549 [1/1] (0.27ns) (out node of the LUT)   --->   "%or_ln46_234 = or i1 %select_ln46_408, i1 %tmp_463" [firmware/nnet_utils/nnet_activation.h:46]   --->   Operation 549 'or' 'or_ln46_234' <Predicate = (icmp_ln45_77)> <Delay = 0.27> <CoreInst = "LogicGate">   --->   Core 74 'LogicGate' <Latency = 0> <II = 1> <Delay = 0.12> <FuncUnit> <Opcode : 'and' 'or' 'xor'> <InPorts = 2> <OutPorts = 1>
ST_1 : Operation 550 [1/1] (0.00ns) (grouped into LUT with out node select_ln45_77)   --->   "%xor_ln46_155 = xor i1 %or_ln46_234, i1 1" [firmware/nnet_utils/nnet_activation.h:46]   --->   Operation 550 'xor' 'xor_ln46_155' <Predicate = (icmp_ln45_77)> <Delay = 0.00> <CoreInst = "LogicGate">   --->   Core 74 'LogicGate' <Latency = 0> <II = 1> <Delay = 0.12> <FuncUnit> <Opcode : 'and' 'or' 'xor'> <InPorts = 2> <OutPorts = 1>
ST_1 : Operation 551 [1/1] (0.00ns) (grouped into LUT with out node and_ln46_313)   --->   "%and_ln46_312 = and i1 %icmp_ln46_234, i1 %xor_ln46_204" [firmware/nnet_utils/nnet_activation.h:46]   --->   Operation 551 'and' 'and_ln46_312' <Predicate = (icmp_ln45_77)> <Delay = 0.00> <CoreInst = "LogicGate">   --->   Core 74 'LogicGate' <Latency = 0> <II = 1> <Delay = 0.12> <FuncUnit> <Opcode : 'and' 'or' 'xor'> <InPorts = 2> <OutPorts = 1>
ST_1 : Operation 552 [1/1] (0.12ns) (out node of the LUT)   --->   "%and_ln46_313 = and i1 %and_ln46_312, i1 %tmp_466" [firmware/nnet_utils/nnet_activation.h:46]   --->   Operation 552 'and' 'and_ln46_313' <Predicate = (icmp_ln45_77)> <Delay = 0.12> <CoreInst = "LogicGate">   --->   Core 74 'LogicGate' <Latency = 0> <II = 1> <Delay = 0.12> <FuncUnit> <Opcode : 'and' 'or' 'xor'> <InPorts = 2> <OutPorts = 1>
ST_1 : Operation 553 [1/1] (0.00ns) (grouped into LUT with out node select_ln45_77)   --->   "%xor_ln46_156 = xor i1 %and_ln46_313, i1 1" [firmware/nnet_utils/nnet_activation.h:46]   --->   Operation 553 'xor' 'xor_ln46_156' <Predicate = (icmp_ln45_77)> <Delay = 0.00> <CoreInst = "LogicGate">   --->   Core 74 'LogicGate' <Latency = 0> <II = 1> <Delay = 0.12> <FuncUnit> <Opcode : 'and' 'or' 'xor'> <InPorts = 2> <OutPorts = 1>
ST_1 : Operation 554 [1/1] (0.00ns) (grouped into LUT with out node select_ln46_313)   --->   "%select_ln46_312 = select i1 %and_ln46_313, i5 %trunc_ln46_218, i5 0" [firmware/nnet_utils/nnet_activation.h:46]   --->   Operation 554 'select' 'select_ln46_312' <Predicate = (tmp_463 & or_ln46_234 & or_ln46_235 & icmp_ln45_77)> <Delay = 0.00> <CoreInst = "Sel">   --->   Core 73 'Sel' <Latency = 0> <II = 1> <Delay = 0.27> <FuncUnit> <Opcode : 'select'> <InPorts = 3> <OutPorts = 1>
ST_1 : Operation 555 [1/1] (0.00ns) (grouped into LUT with out node select_ln46_313)   --->   "%zext_ln46_141 = zext i5 %select_ln46_312" [firmware/nnet_utils/nnet_activation.h:46]   --->   Operation 555 'zext' 'zext_ln46_141' <Predicate = (tmp_463 & or_ln46_234 & or_ln46_235 & icmp_ln45_77)> <Delay = 0.00>
ST_1 : Operation 556 [1/1] (0.00ns) (grouped into LUT with out node select_ln45_77)   --->   "%and_ln46_314 = and i1 %tmp_463, i1 %xor_ln46_156" [firmware/nnet_utils/nnet_activation.h:46]   --->   Operation 556 'and' 'and_ln46_314' <Predicate = (icmp_ln45_77)> <Delay = 0.00> <CoreInst = "LogicGate">   --->   Core 74 'LogicGate' <Latency = 0> <II = 1> <Delay = 0.12> <FuncUnit> <Opcode : 'and' 'or' 'xor'> <InPorts = 2> <OutPorts = 1>
ST_1 : Operation 557 [1/1] (0.00ns) (grouped into LUT with out node select_ln45_77)   --->   "%or_ln46_235 = or i1 %and_ln46_314, i1 %xor_ln46_155" [firmware/nnet_utils/nnet_activation.h:46]   --->   Operation 557 'or' 'or_ln46_235' <Predicate = (icmp_ln45_77)> <Delay = 0.00> <CoreInst = "LogicGate">   --->   Core 74 'LogicGate' <Latency = 0> <II = 1> <Delay = 0.12> <FuncUnit> <Opcode : 'and' 'or' 'xor'> <InPorts = 2> <OutPorts = 1>
ST_1 : Operation 558 [1/1] (0.00ns) (grouped into LUT with out node select_ln46_313)   --->   "%select_ln46_409 = select i1 %tmp_463, i6 %zext_ln46_141, i6 %add_ln46_77" [firmware/nnet_utils/nnet_activation.h:46]   --->   Operation 558 'select' 'select_ln46_409' <Predicate = (or_ln46_234 & or_ln46_235 & icmp_ln45_77)> <Delay = 0.00> <CoreInst = "Sel">   --->   Core 73 'Sel' <Latency = 0> <II = 1> <Delay = 0.29> <FuncUnit> <Opcode : 'select'> <InPorts = 3> <OutPorts = 1>
ST_1 : Operation 559 [1/1] (0.29ns) (out node of the LUT)   --->   "%select_ln46_313 = select i1 %or_ln46_234, i6 %select_ln46_409, i6 63" [firmware/nnet_utils/nnet_activation.h:46]   --->   Operation 559 'select' 'select_ln46_313' <Predicate = (or_ln46_235 & icmp_ln45_77)> <Delay = 0.29> <CoreInst = "Sel">   --->   Core 73 'Sel' <Latency = 0> <II = 1> <Delay = 0.29> <FuncUnit> <Opcode : 'select'> <InPorts = 3> <OutPorts = 1>
ST_1 : Operation 560 [1/1] (0.00ns) (grouped into LUT with out node select_ln45_77)   --->   "%select_ln46_314 = select i1 %or_ln46_235, i6 %select_ln46_313, i6 %add_ln46_77" [firmware/nnet_utils/nnet_activation.h:46]   --->   Operation 560 'select' 'select_ln46_314' <Predicate = (icmp_ln45_77)> <Delay = 0.00> <CoreInst = "Sel">   --->   Core 73 'Sel' <Latency = 0> <II = 1> <Delay = 0.29> <FuncUnit> <Opcode : 'select'> <InPorts = 3> <OutPorts = 1>
ST_1 : Operation 561 [1/1] (0.29ns) (out node of the LUT)   --->   "%select_ln45_77 = select i1 %icmp_ln45_77, i6 %select_ln46_314, i6 0" [firmware/nnet_utils/nnet_activation.h:45]   --->   Operation 561 'select' 'select_ln45_77' <Predicate = true> <Delay = 0.29> <CoreInst = "Sel">   --->   Core 73 'Sel' <Latency = 0> <II = 1> <Delay = 0.29> <FuncUnit> <Opcode : 'select'> <InPorts = 3> <OutPorts = 1>
ST_1 : Operation 562 [1/1] (0.80ns)   --->   "%icmp_ln45_78 = icmp_sgt  i19 %data_16_val_read, i19 0" [firmware/nnet_utils/nnet_activation.h:45]   --->   Operation 562 'icmp' 'icmp_ln45_78' <Predicate = true> <Delay = 0.80> <CoreInst = "Cmp">   --->   Core 9 'Cmp' <Latency = 0> <II = 1> <Delay = 0.80> <FuncUnit> <Opcode : 'icmp'> <InPorts = 2> <OutPorts = 1>
ST_1 : Operation 563 [1/1] (0.00ns)   --->   "%tmp_469 = bitselect i1 @_ssdm_op_BitSelect.i1.i19.i32, i19 %data_16_val_read, i32 18" [firmware/nnet_utils/nnet_activation.h:46]   --->   Operation 563 'bitselect' 'tmp_469' <Predicate = (icmp_ln45_78)> <Delay = 0.00>
ST_1 : Operation 564 [1/1] (0.00ns) (grouped into LUT with out node add_ln46_78)   --->   "%trunc_ln46_76 = partselect i6 @_ssdm_op_PartSelect.i6.i19.i32.i32, i19 %data_16_val_read, i32 5, i32 10" [firmware/nnet_utils/nnet_activation.h:46]   --->   Operation 564 'partselect' 'trunc_ln46_76' <Predicate = (icmp_ln45_78)> <Delay = 0.00>
ST_1 : Operation 565 [1/1] (0.00ns) (grouped into LUT with out node add_ln46_78)   --->   "%tmp_470 = bitselect i1 @_ssdm_op_BitSelect.i1.i19.i32, i19 %data_16_val_read, i32 5" [firmware/nnet_utils/nnet_activation.h:46]   --->   Operation 565 'bitselect' 'tmp_470' <Predicate = (icmp_ln45_78)> <Delay = 0.00>
ST_1 : Operation 566 [1/1] (0.00ns) (grouped into LUT with out node add_ln46_78)   --->   "%tmp_471 = bitselect i1 @_ssdm_op_BitSelect.i1.i19.i32, i19 %data_16_val_read, i32 4" [firmware/nnet_utils/nnet_activation.h:46]   --->   Operation 566 'bitselect' 'tmp_471' <Predicate = (icmp_ln45_78)> <Delay = 0.00>
ST_1 : Operation 567 [1/1] (0.00ns)   --->   "%trunc_ln46_219 = trunc i19 %data_16_val_read" [firmware/nnet_utils/nnet_activation.h:46]   --->   Operation 567 'trunc' 'trunc_ln46_219' <Predicate = (icmp_ln45_78)> <Delay = 0.00>
ST_1 : Operation 568 [1/1] (0.70ns)   --->   "%icmp_ln46_236 = icmp_ne  i4 %trunc_ln46_219, i4 0" [firmware/nnet_utils/nnet_activation.h:46]   --->   Operation 568 'icmp' 'icmp_ln46_236' <Predicate = (icmp_ln45_78)> <Delay = 0.70> <CoreInst = "Cmp">   --->   Core 9 'Cmp' <Latency = 0> <II = 1> <Delay = 0.70> <FuncUnit> <Opcode : 'icmp'> <InPorts = 2> <OutPorts = 1>
ST_1 : Operation 569 [1/1] (0.00ns)   --->   "%tmp_472 = bitselect i1 @_ssdm_op_BitSelect.i1.i19.i32, i19 %data_16_val_read, i32 10" [firmware/nnet_utils/nnet_activation.h:46]   --->   Operation 569 'bitselect' 'tmp_472' <Predicate = (icmp_ln45_78)> <Delay = 0.00>
ST_1 : Operation 570 [1/1] (0.00ns) (grouped into LUT with out node add_ln46_78)   --->   "%or_ln46_236 = or i1 %tmp_470, i1 %icmp_ln46_236" [firmware/nnet_utils/nnet_activation.h:46]   --->   Operation 570 'or' 'or_ln46_236' <Predicate = (icmp_ln45_78)> <Delay = 0.00> <CoreInst = "LogicGate">   --->   Core 74 'LogicGate' <Latency = 0> <II = 1> <Delay = 0.12> <FuncUnit> <Opcode : 'and' 'or' 'xor'> <InPorts = 2> <OutPorts = 1>
ST_1 : Operation 571 [1/1] (0.00ns) (grouped into LUT with out node add_ln46_78)   --->   "%and_ln46_315 = and i1 %or_ln46_236, i1 %tmp_471" [firmware/nnet_utils/nnet_activation.h:46]   --->   Operation 571 'and' 'and_ln46_315' <Predicate = (icmp_ln45_78)> <Delay = 0.00> <CoreInst = "LogicGate">   --->   Core 74 'LogicGate' <Latency = 0> <II = 1> <Delay = 0.12> <FuncUnit> <Opcode : 'and' 'or' 'xor'> <InPorts = 2> <OutPorts = 1>
ST_1 : Operation 572 [1/1] (0.00ns) (grouped into LUT with out node add_ln46_78)   --->   "%zext_ln46_78 = zext i1 %and_ln46_315" [firmware/nnet_utils/nnet_activation.h:46]   --->   Operation 572 'zext' 'zext_ln46_78' <Predicate = (icmp_ln45_78)> <Delay = 0.00>
ST_1 : Operation 573 [1/1] (0.70ns) (out node of the LUT)   --->   "%add_ln46_78 = add i6 %trunc_ln46_76, i6 %zext_ln46_78" [firmware/nnet_utils/nnet_activation.h:46]   --->   Operation 573 'add' 'add_ln46_78' <Predicate = (icmp_ln45_78)> <Delay = 0.70> <CoreInst = "Adder">   --->   Core 1 'Adder' <Latency = 0> <II = 1> <Delay = 0.70> <FuncUnit> <Opcode : 'add' 'sub'> <InPorts = 2> <OutPorts = 1>
ST_1 : Operation 574 [1/1] (0.00ns) (grouped into LUT with out node select_ln46_317)   --->   "%trunc_ln46_220 = trunc i6 %add_ln46_78" [firmware/nnet_utils/nnet_activation.h:46]   --->   Operation 574 'trunc' 'trunc_ln46_220' <Predicate = (and_ln46_317 & tmp_469 & or_ln46_237 & or_ln46_238 & icmp_ln45_78)> <Delay = 0.00>
ST_1 : Operation 575 [1/1] (0.00ns)   --->   "%tmp_473 = partselect i8 @_ssdm_op_PartSelect.i8.i19.i32.i32, i19 %data_16_val_read, i32 11, i32 18" [firmware/nnet_utils/nnet_activation.h:46]   --->   Operation 575 'partselect' 'tmp_473' <Predicate = (icmp_ln45_78)> <Delay = 0.00>
ST_1 : Operation 576 [1/1] (0.70ns)   --->   "%icmp_ln46_237 = icmp_eq  i8 %tmp_473, i8 255" [firmware/nnet_utils/nnet_activation.h:46]   --->   Operation 576 'icmp' 'icmp_ln46_237' <Predicate = (icmp_ln45_78)> <Delay = 0.70> <CoreInst = "Cmp">   --->   Core 9 'Cmp' <Latency = 0> <II = 1> <Delay = 0.70> <FuncUnit> <Opcode : 'icmp'> <InPorts = 2> <OutPorts = 1>
ST_1 : Operation 577 [1/1] (0.70ns)   --->   "%icmp_ln46_238 = icmp_eq  i8 %tmp_473, i8 0" [firmware/nnet_utils/nnet_activation.h:46]   --->   Operation 577 'icmp' 'icmp_ln46_238' <Predicate = (icmp_ln45_78)> <Delay = 0.70> <CoreInst = "Cmp">   --->   Core 9 'Cmp' <Latency = 0> <II = 1> <Delay = 0.70> <FuncUnit> <Opcode : 'icmp'> <InPorts = 2> <OutPorts = 1>
ST_1 : Operation 578 [1/1] (0.00ns)   --->   "%tmp_474 = bitselect i1 @_ssdm_op_BitSelect.i1.i6.i32, i6 %add_ln46_78, i32 5" [firmware/nnet_utils/nnet_activation.h:46]   --->   Operation 578 'bitselect' 'tmp_474' <Predicate = (icmp_ln45_78)> <Delay = 0.00>
ST_1 : Operation 579 [1/1] (0.00ns) (grouped into LUT with out node and_ln46_317)   --->   "%xor_ln46_205 = xor i1 %tmp_474, i1 1" [firmware/nnet_utils/nnet_activation.h:46]   --->   Operation 579 'xor' 'xor_ln46_205' <Predicate = (icmp_ln45_78)> <Delay = 0.00> <CoreInst = "LogicGate">   --->   Core 74 'LogicGate' <Latency = 0> <II = 1> <Delay = 0.12> <FuncUnit> <Opcode : 'and' 'or' 'xor'> <InPorts = 2> <OutPorts = 1>
ST_1 : Operation 580 [1/1] (0.00ns) (grouped into LUT with out node or_ln46_237)   --->   "%select_ln46_315 = select i1 %tmp_474, i1 %icmp_ln46_238, i1 %icmp_ln46_237" [firmware/nnet_utils/nnet_activation.h:46]   --->   Operation 580 'select' 'select_ln46_315' <Predicate = (icmp_ln45_78)> <Delay = 0.00> <CoreInst = "Sel">   --->   Core 73 'Sel' <Latency = 0> <II = 1> <Delay = 0.27> <FuncUnit> <Opcode : 'select'> <InPorts = 3> <OutPorts = 1>
ST_1 : Operation 581 [1/1] (0.00ns) (grouped into LUT with out node or_ln46_237)   --->   "%select_ln46_410 = select i1 %tmp_472, i1 %select_ln46_315, i1 %icmp_ln46_238" [firmware/nnet_utils/nnet_activation.h:46]   --->   Operation 581 'select' 'select_ln46_410' <Predicate = (icmp_ln45_78)> <Delay = 0.00> <CoreInst = "Sel">   --->   Core 73 'Sel' <Latency = 0> <II = 1> <Delay = 0.27> <FuncUnit> <Opcode : 'select'> <InPorts = 3> <OutPorts = 1>
ST_1 : Operation 582 [1/1] (0.27ns) (out node of the LUT)   --->   "%or_ln46_237 = or i1 %select_ln46_410, i1 %tmp_469" [firmware/nnet_utils/nnet_activation.h:46]   --->   Operation 582 'or' 'or_ln46_237' <Predicate = (icmp_ln45_78)> <Delay = 0.27> <CoreInst = "LogicGate">   --->   Core 74 'LogicGate' <Latency = 0> <II = 1> <Delay = 0.12> <FuncUnit> <Opcode : 'and' 'or' 'xor'> <InPorts = 2> <OutPorts = 1>
ST_1 : Operation 583 [1/1] (0.00ns) (grouped into LUT with out node select_ln45_78)   --->   "%xor_ln46_157 = xor i1 %or_ln46_237, i1 1" [firmware/nnet_utils/nnet_activation.h:46]   --->   Operation 583 'xor' 'xor_ln46_157' <Predicate = (icmp_ln45_78)> <Delay = 0.00> <CoreInst = "LogicGate">   --->   Core 74 'LogicGate' <Latency = 0> <II = 1> <Delay = 0.12> <FuncUnit> <Opcode : 'and' 'or' 'xor'> <InPorts = 2> <OutPorts = 1>
ST_1 : Operation 584 [1/1] (0.00ns) (grouped into LUT with out node and_ln46_317)   --->   "%and_ln46_316 = and i1 %icmp_ln46_237, i1 %xor_ln46_205" [firmware/nnet_utils/nnet_activation.h:46]   --->   Operation 584 'and' 'and_ln46_316' <Predicate = (icmp_ln45_78)> <Delay = 0.00> <CoreInst = "LogicGate">   --->   Core 74 'LogicGate' <Latency = 0> <II = 1> <Delay = 0.12> <FuncUnit> <Opcode : 'and' 'or' 'xor'> <InPorts = 2> <OutPorts = 1>
ST_1 : Operation 585 [1/1] (0.12ns) (out node of the LUT)   --->   "%and_ln46_317 = and i1 %and_ln46_316, i1 %tmp_472" [firmware/nnet_utils/nnet_activation.h:46]   --->   Operation 585 'and' 'and_ln46_317' <Predicate = (icmp_ln45_78)> <Delay = 0.12> <CoreInst = "LogicGate">   --->   Core 74 'LogicGate' <Latency = 0> <II = 1> <Delay = 0.12> <FuncUnit> <Opcode : 'and' 'or' 'xor'> <InPorts = 2> <OutPorts = 1>
ST_1 : Operation 586 [1/1] (0.00ns) (grouped into LUT with out node select_ln45_78)   --->   "%xor_ln46_158 = xor i1 %and_ln46_317, i1 1" [firmware/nnet_utils/nnet_activation.h:46]   --->   Operation 586 'xor' 'xor_ln46_158' <Predicate = (icmp_ln45_78)> <Delay = 0.00> <CoreInst = "LogicGate">   --->   Core 74 'LogicGate' <Latency = 0> <II = 1> <Delay = 0.12> <FuncUnit> <Opcode : 'and' 'or' 'xor'> <InPorts = 2> <OutPorts = 1>
ST_1 : Operation 587 [1/1] (0.00ns) (grouped into LUT with out node select_ln46_317)   --->   "%select_ln46_316 = select i1 %and_ln46_317, i5 %trunc_ln46_220, i5 0" [firmware/nnet_utils/nnet_activation.h:46]   --->   Operation 587 'select' 'select_ln46_316' <Predicate = (tmp_469 & or_ln46_237 & or_ln46_238 & icmp_ln45_78)> <Delay = 0.00> <CoreInst = "Sel">   --->   Core 73 'Sel' <Latency = 0> <II = 1> <Delay = 0.27> <FuncUnit> <Opcode : 'select'> <InPorts = 3> <OutPorts = 1>
ST_1 : Operation 588 [1/1] (0.00ns) (grouped into LUT with out node select_ln46_317)   --->   "%zext_ln46_142 = zext i5 %select_ln46_316" [firmware/nnet_utils/nnet_activation.h:46]   --->   Operation 588 'zext' 'zext_ln46_142' <Predicate = (tmp_469 & or_ln46_237 & or_ln46_238 & icmp_ln45_78)> <Delay = 0.00>
ST_1 : Operation 589 [1/1] (0.00ns) (grouped into LUT with out node select_ln45_78)   --->   "%and_ln46_318 = and i1 %tmp_469, i1 %xor_ln46_158" [firmware/nnet_utils/nnet_activation.h:46]   --->   Operation 589 'and' 'and_ln46_318' <Predicate = (icmp_ln45_78)> <Delay = 0.00> <CoreInst = "LogicGate">   --->   Core 74 'LogicGate' <Latency = 0> <II = 1> <Delay = 0.12> <FuncUnit> <Opcode : 'and' 'or' 'xor'> <InPorts = 2> <OutPorts = 1>
ST_1 : Operation 590 [1/1] (0.00ns) (grouped into LUT with out node select_ln45_78)   --->   "%or_ln46_238 = or i1 %and_ln46_318, i1 %xor_ln46_157" [firmware/nnet_utils/nnet_activation.h:46]   --->   Operation 590 'or' 'or_ln46_238' <Predicate = (icmp_ln45_78)> <Delay = 0.00> <CoreInst = "LogicGate">   --->   Core 74 'LogicGate' <Latency = 0> <II = 1> <Delay = 0.12> <FuncUnit> <Opcode : 'and' 'or' 'xor'> <InPorts = 2> <OutPorts = 1>
ST_1 : Operation 591 [1/1] (0.00ns) (grouped into LUT with out node select_ln46_317)   --->   "%select_ln46_411 = select i1 %tmp_469, i6 %zext_ln46_142, i6 %add_ln46_78" [firmware/nnet_utils/nnet_activation.h:46]   --->   Operation 591 'select' 'select_ln46_411' <Predicate = (or_ln46_237 & or_ln46_238 & icmp_ln45_78)> <Delay = 0.00> <CoreInst = "Sel">   --->   Core 73 'Sel' <Latency = 0> <II = 1> <Delay = 0.29> <FuncUnit> <Opcode : 'select'> <InPorts = 3> <OutPorts = 1>
ST_1 : Operation 592 [1/1] (0.29ns) (out node of the LUT)   --->   "%select_ln46_317 = select i1 %or_ln46_237, i6 %select_ln46_411, i6 63" [firmware/nnet_utils/nnet_activation.h:46]   --->   Operation 592 'select' 'select_ln46_317' <Predicate = (or_ln46_238 & icmp_ln45_78)> <Delay = 0.29> <CoreInst = "Sel">   --->   Core 73 'Sel' <Latency = 0> <II = 1> <Delay = 0.29> <FuncUnit> <Opcode : 'select'> <InPorts = 3> <OutPorts = 1>
ST_1 : Operation 593 [1/1] (0.00ns) (grouped into LUT with out node select_ln45_78)   --->   "%select_ln46_318 = select i1 %or_ln46_238, i6 %select_ln46_317, i6 %add_ln46_78" [firmware/nnet_utils/nnet_activation.h:46]   --->   Operation 593 'select' 'select_ln46_318' <Predicate = (icmp_ln45_78)> <Delay = 0.00> <CoreInst = "Sel">   --->   Core 73 'Sel' <Latency = 0> <II = 1> <Delay = 0.29> <FuncUnit> <Opcode : 'select'> <InPorts = 3> <OutPorts = 1>
ST_1 : Operation 594 [1/1] (0.29ns) (out node of the LUT)   --->   "%select_ln45_78 = select i1 %icmp_ln45_78, i6 %select_ln46_318, i6 0" [firmware/nnet_utils/nnet_activation.h:45]   --->   Operation 594 'select' 'select_ln45_78' <Predicate = true> <Delay = 0.29> <CoreInst = "Sel">   --->   Core 73 'Sel' <Latency = 0> <II = 1> <Delay = 0.29> <FuncUnit> <Opcode : 'select'> <InPorts = 3> <OutPorts = 1>
ST_1 : Operation 595 [1/1] (0.80ns)   --->   "%icmp_ln45_79 = icmp_sgt  i19 %data_17_val_read, i19 0" [firmware/nnet_utils/nnet_activation.h:45]   --->   Operation 595 'icmp' 'icmp_ln45_79' <Predicate = true> <Delay = 0.80> <CoreInst = "Cmp">   --->   Core 9 'Cmp' <Latency = 0> <II = 1> <Delay = 0.80> <FuncUnit> <Opcode : 'icmp'> <InPorts = 2> <OutPorts = 1>
ST_1 : Operation 596 [1/1] (0.00ns)   --->   "%tmp_475 = bitselect i1 @_ssdm_op_BitSelect.i1.i19.i32, i19 %data_17_val_read, i32 18" [firmware/nnet_utils/nnet_activation.h:46]   --->   Operation 596 'bitselect' 'tmp_475' <Predicate = (icmp_ln45_79)> <Delay = 0.00>
ST_1 : Operation 597 [1/1] (0.00ns) (grouped into LUT with out node add_ln46_79)   --->   "%trunc_ln46_77 = partselect i6 @_ssdm_op_PartSelect.i6.i19.i32.i32, i19 %data_17_val_read, i32 5, i32 10" [firmware/nnet_utils/nnet_activation.h:46]   --->   Operation 597 'partselect' 'trunc_ln46_77' <Predicate = (icmp_ln45_79)> <Delay = 0.00>
ST_1 : Operation 598 [1/1] (0.00ns) (grouped into LUT with out node add_ln46_79)   --->   "%tmp_476 = bitselect i1 @_ssdm_op_BitSelect.i1.i19.i32, i19 %data_17_val_read, i32 5" [firmware/nnet_utils/nnet_activation.h:46]   --->   Operation 598 'bitselect' 'tmp_476' <Predicate = (icmp_ln45_79)> <Delay = 0.00>
ST_1 : Operation 599 [1/1] (0.00ns) (grouped into LUT with out node add_ln46_79)   --->   "%tmp_477 = bitselect i1 @_ssdm_op_BitSelect.i1.i19.i32, i19 %data_17_val_read, i32 4" [firmware/nnet_utils/nnet_activation.h:46]   --->   Operation 599 'bitselect' 'tmp_477' <Predicate = (icmp_ln45_79)> <Delay = 0.00>
ST_1 : Operation 600 [1/1] (0.00ns)   --->   "%trunc_ln46_221 = trunc i19 %data_17_val_read" [firmware/nnet_utils/nnet_activation.h:46]   --->   Operation 600 'trunc' 'trunc_ln46_221' <Predicate = (icmp_ln45_79)> <Delay = 0.00>
ST_1 : Operation 601 [1/1] (0.70ns)   --->   "%icmp_ln46_239 = icmp_ne  i4 %trunc_ln46_221, i4 0" [firmware/nnet_utils/nnet_activation.h:46]   --->   Operation 601 'icmp' 'icmp_ln46_239' <Predicate = (icmp_ln45_79)> <Delay = 0.70> <CoreInst = "Cmp">   --->   Core 9 'Cmp' <Latency = 0> <II = 1> <Delay = 0.70> <FuncUnit> <Opcode : 'icmp'> <InPorts = 2> <OutPorts = 1>
ST_1 : Operation 602 [1/1] (0.00ns)   --->   "%tmp_478 = bitselect i1 @_ssdm_op_BitSelect.i1.i19.i32, i19 %data_17_val_read, i32 10" [firmware/nnet_utils/nnet_activation.h:46]   --->   Operation 602 'bitselect' 'tmp_478' <Predicate = (icmp_ln45_79)> <Delay = 0.00>
ST_1 : Operation 603 [1/1] (0.00ns) (grouped into LUT with out node add_ln46_79)   --->   "%or_ln46_239 = or i1 %tmp_476, i1 %icmp_ln46_239" [firmware/nnet_utils/nnet_activation.h:46]   --->   Operation 603 'or' 'or_ln46_239' <Predicate = (icmp_ln45_79)> <Delay = 0.00> <CoreInst = "LogicGate">   --->   Core 74 'LogicGate' <Latency = 0> <II = 1> <Delay = 0.12> <FuncUnit> <Opcode : 'and' 'or' 'xor'> <InPorts = 2> <OutPorts = 1>
ST_1 : Operation 604 [1/1] (0.00ns) (grouped into LUT with out node add_ln46_79)   --->   "%and_ln46_319 = and i1 %or_ln46_239, i1 %tmp_477" [firmware/nnet_utils/nnet_activation.h:46]   --->   Operation 604 'and' 'and_ln46_319' <Predicate = (icmp_ln45_79)> <Delay = 0.00> <CoreInst = "LogicGate">   --->   Core 74 'LogicGate' <Latency = 0> <II = 1> <Delay = 0.12> <FuncUnit> <Opcode : 'and' 'or' 'xor'> <InPorts = 2> <OutPorts = 1>
ST_1 : Operation 605 [1/1] (0.00ns) (grouped into LUT with out node add_ln46_79)   --->   "%zext_ln46_79 = zext i1 %and_ln46_319" [firmware/nnet_utils/nnet_activation.h:46]   --->   Operation 605 'zext' 'zext_ln46_79' <Predicate = (icmp_ln45_79)> <Delay = 0.00>
ST_1 : Operation 606 [1/1] (0.70ns) (out node of the LUT)   --->   "%add_ln46_79 = add i6 %trunc_ln46_77, i6 %zext_ln46_79" [firmware/nnet_utils/nnet_activation.h:46]   --->   Operation 606 'add' 'add_ln46_79' <Predicate = (icmp_ln45_79)> <Delay = 0.70> <CoreInst = "Adder">   --->   Core 1 'Adder' <Latency = 0> <II = 1> <Delay = 0.70> <FuncUnit> <Opcode : 'add' 'sub'> <InPorts = 2> <OutPorts = 1>
ST_1 : Operation 607 [1/1] (0.00ns) (grouped into LUT with out node select_ln46_321)   --->   "%trunc_ln46_222 = trunc i6 %add_ln46_79" [firmware/nnet_utils/nnet_activation.h:46]   --->   Operation 607 'trunc' 'trunc_ln46_222' <Predicate = (and_ln46_321 & tmp_475 & or_ln46_240 & or_ln46_241 & icmp_ln45_79)> <Delay = 0.00>
ST_1 : Operation 608 [1/1] (0.00ns)   --->   "%tmp_479 = partselect i8 @_ssdm_op_PartSelect.i8.i19.i32.i32, i19 %data_17_val_read, i32 11, i32 18" [firmware/nnet_utils/nnet_activation.h:46]   --->   Operation 608 'partselect' 'tmp_479' <Predicate = (icmp_ln45_79)> <Delay = 0.00>
ST_1 : Operation 609 [1/1] (0.70ns)   --->   "%icmp_ln46_240 = icmp_eq  i8 %tmp_479, i8 255" [firmware/nnet_utils/nnet_activation.h:46]   --->   Operation 609 'icmp' 'icmp_ln46_240' <Predicate = (icmp_ln45_79)> <Delay = 0.70> <CoreInst = "Cmp">   --->   Core 9 'Cmp' <Latency = 0> <II = 1> <Delay = 0.70> <FuncUnit> <Opcode : 'icmp'> <InPorts = 2> <OutPorts = 1>
ST_1 : Operation 610 [1/1] (0.70ns)   --->   "%icmp_ln46_241 = icmp_eq  i8 %tmp_479, i8 0" [firmware/nnet_utils/nnet_activation.h:46]   --->   Operation 610 'icmp' 'icmp_ln46_241' <Predicate = (icmp_ln45_79)> <Delay = 0.70> <CoreInst = "Cmp">   --->   Core 9 'Cmp' <Latency = 0> <II = 1> <Delay = 0.70> <FuncUnit> <Opcode : 'icmp'> <InPorts = 2> <OutPorts = 1>
ST_1 : Operation 611 [1/1] (0.00ns)   --->   "%tmp_480 = bitselect i1 @_ssdm_op_BitSelect.i1.i6.i32, i6 %add_ln46_79, i32 5" [firmware/nnet_utils/nnet_activation.h:46]   --->   Operation 611 'bitselect' 'tmp_480' <Predicate = (icmp_ln45_79)> <Delay = 0.00>
ST_1 : Operation 612 [1/1] (0.00ns) (grouped into LUT with out node and_ln46_321)   --->   "%xor_ln46_206 = xor i1 %tmp_480, i1 1" [firmware/nnet_utils/nnet_activation.h:46]   --->   Operation 612 'xor' 'xor_ln46_206' <Predicate = (icmp_ln45_79)> <Delay = 0.00> <CoreInst = "LogicGate">   --->   Core 74 'LogicGate' <Latency = 0> <II = 1> <Delay = 0.12> <FuncUnit> <Opcode : 'and' 'or' 'xor'> <InPorts = 2> <OutPorts = 1>
ST_1 : Operation 613 [1/1] (0.00ns) (grouped into LUT with out node or_ln46_240)   --->   "%select_ln46_319 = select i1 %tmp_480, i1 %icmp_ln46_241, i1 %icmp_ln46_240" [firmware/nnet_utils/nnet_activation.h:46]   --->   Operation 613 'select' 'select_ln46_319' <Predicate = (icmp_ln45_79)> <Delay = 0.00> <CoreInst = "Sel">   --->   Core 73 'Sel' <Latency = 0> <II = 1> <Delay = 0.27> <FuncUnit> <Opcode : 'select'> <InPorts = 3> <OutPorts = 1>
ST_1 : Operation 614 [1/1] (0.00ns) (grouped into LUT with out node or_ln46_240)   --->   "%select_ln46_412 = select i1 %tmp_478, i1 %select_ln46_319, i1 %icmp_ln46_241" [firmware/nnet_utils/nnet_activation.h:46]   --->   Operation 614 'select' 'select_ln46_412' <Predicate = (icmp_ln45_79)> <Delay = 0.00> <CoreInst = "Sel">   --->   Core 73 'Sel' <Latency = 0> <II = 1> <Delay = 0.27> <FuncUnit> <Opcode : 'select'> <InPorts = 3> <OutPorts = 1>
ST_1 : Operation 615 [1/1] (0.27ns) (out node of the LUT)   --->   "%or_ln46_240 = or i1 %select_ln46_412, i1 %tmp_475" [firmware/nnet_utils/nnet_activation.h:46]   --->   Operation 615 'or' 'or_ln46_240' <Predicate = (icmp_ln45_79)> <Delay = 0.27> <CoreInst = "LogicGate">   --->   Core 74 'LogicGate' <Latency = 0> <II = 1> <Delay = 0.12> <FuncUnit> <Opcode : 'and' 'or' 'xor'> <InPorts = 2> <OutPorts = 1>
ST_1 : Operation 616 [1/1] (0.00ns) (grouped into LUT with out node select_ln45_79)   --->   "%xor_ln46_159 = xor i1 %or_ln46_240, i1 1" [firmware/nnet_utils/nnet_activation.h:46]   --->   Operation 616 'xor' 'xor_ln46_159' <Predicate = (icmp_ln45_79)> <Delay = 0.00> <CoreInst = "LogicGate">   --->   Core 74 'LogicGate' <Latency = 0> <II = 1> <Delay = 0.12> <FuncUnit> <Opcode : 'and' 'or' 'xor'> <InPorts = 2> <OutPorts = 1>
ST_1 : Operation 617 [1/1] (0.00ns) (grouped into LUT with out node and_ln46_321)   --->   "%and_ln46_320 = and i1 %icmp_ln46_240, i1 %xor_ln46_206" [firmware/nnet_utils/nnet_activation.h:46]   --->   Operation 617 'and' 'and_ln46_320' <Predicate = (icmp_ln45_79)> <Delay = 0.00> <CoreInst = "LogicGate">   --->   Core 74 'LogicGate' <Latency = 0> <II = 1> <Delay = 0.12> <FuncUnit> <Opcode : 'and' 'or' 'xor'> <InPorts = 2> <OutPorts = 1>
ST_1 : Operation 618 [1/1] (0.12ns) (out node of the LUT)   --->   "%and_ln46_321 = and i1 %and_ln46_320, i1 %tmp_478" [firmware/nnet_utils/nnet_activation.h:46]   --->   Operation 618 'and' 'and_ln46_321' <Predicate = (icmp_ln45_79)> <Delay = 0.12> <CoreInst = "LogicGate">   --->   Core 74 'LogicGate' <Latency = 0> <II = 1> <Delay = 0.12> <FuncUnit> <Opcode : 'and' 'or' 'xor'> <InPorts = 2> <OutPorts = 1>
ST_1 : Operation 619 [1/1] (0.00ns) (grouped into LUT with out node select_ln45_79)   --->   "%xor_ln46_160 = xor i1 %and_ln46_321, i1 1" [firmware/nnet_utils/nnet_activation.h:46]   --->   Operation 619 'xor' 'xor_ln46_160' <Predicate = (icmp_ln45_79)> <Delay = 0.00> <CoreInst = "LogicGate">   --->   Core 74 'LogicGate' <Latency = 0> <II = 1> <Delay = 0.12> <FuncUnit> <Opcode : 'and' 'or' 'xor'> <InPorts = 2> <OutPorts = 1>
ST_1 : Operation 620 [1/1] (0.00ns) (grouped into LUT with out node select_ln46_321)   --->   "%select_ln46_320 = select i1 %and_ln46_321, i5 %trunc_ln46_222, i5 0" [firmware/nnet_utils/nnet_activation.h:46]   --->   Operation 620 'select' 'select_ln46_320' <Predicate = (tmp_475 & or_ln46_240 & or_ln46_241 & icmp_ln45_79)> <Delay = 0.00> <CoreInst = "Sel">   --->   Core 73 'Sel' <Latency = 0> <II = 1> <Delay = 0.27> <FuncUnit> <Opcode : 'select'> <InPorts = 3> <OutPorts = 1>
ST_1 : Operation 621 [1/1] (0.00ns) (grouped into LUT with out node select_ln46_321)   --->   "%zext_ln46_143 = zext i5 %select_ln46_320" [firmware/nnet_utils/nnet_activation.h:46]   --->   Operation 621 'zext' 'zext_ln46_143' <Predicate = (tmp_475 & or_ln46_240 & or_ln46_241 & icmp_ln45_79)> <Delay = 0.00>
ST_1 : Operation 622 [1/1] (0.00ns) (grouped into LUT with out node select_ln45_79)   --->   "%and_ln46_322 = and i1 %tmp_475, i1 %xor_ln46_160" [firmware/nnet_utils/nnet_activation.h:46]   --->   Operation 622 'and' 'and_ln46_322' <Predicate = (icmp_ln45_79)> <Delay = 0.00> <CoreInst = "LogicGate">   --->   Core 74 'LogicGate' <Latency = 0> <II = 1> <Delay = 0.12> <FuncUnit> <Opcode : 'and' 'or' 'xor'> <InPorts = 2> <OutPorts = 1>
ST_1 : Operation 623 [1/1] (0.00ns) (grouped into LUT with out node select_ln45_79)   --->   "%or_ln46_241 = or i1 %and_ln46_322, i1 %xor_ln46_159" [firmware/nnet_utils/nnet_activation.h:46]   --->   Operation 623 'or' 'or_ln46_241' <Predicate = (icmp_ln45_79)> <Delay = 0.00> <CoreInst = "LogicGate">   --->   Core 74 'LogicGate' <Latency = 0> <II = 1> <Delay = 0.12> <FuncUnit> <Opcode : 'and' 'or' 'xor'> <InPorts = 2> <OutPorts = 1>
ST_1 : Operation 624 [1/1] (0.00ns) (grouped into LUT with out node select_ln46_321)   --->   "%select_ln46_413 = select i1 %tmp_475, i6 %zext_ln46_143, i6 %add_ln46_79" [firmware/nnet_utils/nnet_activation.h:46]   --->   Operation 624 'select' 'select_ln46_413' <Predicate = (or_ln46_240 & or_ln46_241 & icmp_ln45_79)> <Delay = 0.00> <CoreInst = "Sel">   --->   Core 73 'Sel' <Latency = 0> <II = 1> <Delay = 0.29> <FuncUnit> <Opcode : 'select'> <InPorts = 3> <OutPorts = 1>
ST_1 : Operation 625 [1/1] (0.29ns) (out node of the LUT)   --->   "%select_ln46_321 = select i1 %or_ln46_240, i6 %select_ln46_413, i6 63" [firmware/nnet_utils/nnet_activation.h:46]   --->   Operation 625 'select' 'select_ln46_321' <Predicate = (or_ln46_241 & icmp_ln45_79)> <Delay = 0.29> <CoreInst = "Sel">   --->   Core 73 'Sel' <Latency = 0> <II = 1> <Delay = 0.29> <FuncUnit> <Opcode : 'select'> <InPorts = 3> <OutPorts = 1>
ST_1 : Operation 626 [1/1] (0.00ns) (grouped into LUT with out node select_ln45_79)   --->   "%select_ln46_322 = select i1 %or_ln46_241, i6 %select_ln46_321, i6 %add_ln46_79" [firmware/nnet_utils/nnet_activation.h:46]   --->   Operation 626 'select' 'select_ln46_322' <Predicate = (icmp_ln45_79)> <Delay = 0.00> <CoreInst = "Sel">   --->   Core 73 'Sel' <Latency = 0> <II = 1> <Delay = 0.29> <FuncUnit> <Opcode : 'select'> <InPorts = 3> <OutPorts = 1>
ST_1 : Operation 627 [1/1] (0.29ns) (out node of the LUT)   --->   "%select_ln45_79 = select i1 %icmp_ln45_79, i6 %select_ln46_322, i6 0" [firmware/nnet_utils/nnet_activation.h:45]   --->   Operation 627 'select' 'select_ln45_79' <Predicate = true> <Delay = 0.29> <CoreInst = "Sel">   --->   Core 73 'Sel' <Latency = 0> <II = 1> <Delay = 0.29> <FuncUnit> <Opcode : 'select'> <InPorts = 3> <OutPorts = 1>
ST_1 : Operation 628 [1/1] (0.80ns)   --->   "%icmp_ln45_80 = icmp_sgt  i19 %data_18_val_read, i19 0" [firmware/nnet_utils/nnet_activation.h:45]   --->   Operation 628 'icmp' 'icmp_ln45_80' <Predicate = true> <Delay = 0.80> <CoreInst = "Cmp">   --->   Core 9 'Cmp' <Latency = 0> <II = 1> <Delay = 0.80> <FuncUnit> <Opcode : 'icmp'> <InPorts = 2> <OutPorts = 1>
ST_1 : Operation 629 [1/1] (0.00ns)   --->   "%tmp_481 = bitselect i1 @_ssdm_op_BitSelect.i1.i19.i32, i19 %data_18_val_read, i32 18" [firmware/nnet_utils/nnet_activation.h:46]   --->   Operation 629 'bitselect' 'tmp_481' <Predicate = (icmp_ln45_80)> <Delay = 0.00>
ST_1 : Operation 630 [1/1] (0.00ns) (grouped into LUT with out node add_ln46_80)   --->   "%trunc_ln46_78 = partselect i6 @_ssdm_op_PartSelect.i6.i19.i32.i32, i19 %data_18_val_read, i32 5, i32 10" [firmware/nnet_utils/nnet_activation.h:46]   --->   Operation 630 'partselect' 'trunc_ln46_78' <Predicate = (icmp_ln45_80)> <Delay = 0.00>
ST_1 : Operation 631 [1/1] (0.00ns) (grouped into LUT with out node add_ln46_80)   --->   "%tmp_482 = bitselect i1 @_ssdm_op_BitSelect.i1.i19.i32, i19 %data_18_val_read, i32 5" [firmware/nnet_utils/nnet_activation.h:46]   --->   Operation 631 'bitselect' 'tmp_482' <Predicate = (icmp_ln45_80)> <Delay = 0.00>
ST_1 : Operation 632 [1/1] (0.00ns) (grouped into LUT with out node add_ln46_80)   --->   "%tmp_483 = bitselect i1 @_ssdm_op_BitSelect.i1.i19.i32, i19 %data_18_val_read, i32 4" [firmware/nnet_utils/nnet_activation.h:46]   --->   Operation 632 'bitselect' 'tmp_483' <Predicate = (icmp_ln45_80)> <Delay = 0.00>
ST_1 : Operation 633 [1/1] (0.00ns)   --->   "%trunc_ln46_223 = trunc i19 %data_18_val_read" [firmware/nnet_utils/nnet_activation.h:46]   --->   Operation 633 'trunc' 'trunc_ln46_223' <Predicate = (icmp_ln45_80)> <Delay = 0.00>
ST_1 : Operation 634 [1/1] (0.70ns)   --->   "%icmp_ln46_242 = icmp_ne  i4 %trunc_ln46_223, i4 0" [firmware/nnet_utils/nnet_activation.h:46]   --->   Operation 634 'icmp' 'icmp_ln46_242' <Predicate = (icmp_ln45_80)> <Delay = 0.70> <CoreInst = "Cmp">   --->   Core 9 'Cmp' <Latency = 0> <II = 1> <Delay = 0.70> <FuncUnit> <Opcode : 'icmp'> <InPorts = 2> <OutPorts = 1>
ST_1 : Operation 635 [1/1] (0.00ns)   --->   "%tmp_484 = bitselect i1 @_ssdm_op_BitSelect.i1.i19.i32, i19 %data_18_val_read, i32 10" [firmware/nnet_utils/nnet_activation.h:46]   --->   Operation 635 'bitselect' 'tmp_484' <Predicate = (icmp_ln45_80)> <Delay = 0.00>
ST_1 : Operation 636 [1/1] (0.00ns) (grouped into LUT with out node add_ln46_80)   --->   "%or_ln46_242 = or i1 %tmp_482, i1 %icmp_ln46_242" [firmware/nnet_utils/nnet_activation.h:46]   --->   Operation 636 'or' 'or_ln46_242' <Predicate = (icmp_ln45_80)> <Delay = 0.00> <CoreInst = "LogicGate">   --->   Core 74 'LogicGate' <Latency = 0> <II = 1> <Delay = 0.12> <FuncUnit> <Opcode : 'and' 'or' 'xor'> <InPorts = 2> <OutPorts = 1>
ST_1 : Operation 637 [1/1] (0.00ns) (grouped into LUT with out node add_ln46_80)   --->   "%and_ln46_323 = and i1 %or_ln46_242, i1 %tmp_483" [firmware/nnet_utils/nnet_activation.h:46]   --->   Operation 637 'and' 'and_ln46_323' <Predicate = (icmp_ln45_80)> <Delay = 0.00> <CoreInst = "LogicGate">   --->   Core 74 'LogicGate' <Latency = 0> <II = 1> <Delay = 0.12> <FuncUnit> <Opcode : 'and' 'or' 'xor'> <InPorts = 2> <OutPorts = 1>
ST_1 : Operation 638 [1/1] (0.00ns) (grouped into LUT with out node add_ln46_80)   --->   "%zext_ln46_80 = zext i1 %and_ln46_323" [firmware/nnet_utils/nnet_activation.h:46]   --->   Operation 638 'zext' 'zext_ln46_80' <Predicate = (icmp_ln45_80)> <Delay = 0.00>
ST_1 : Operation 639 [1/1] (0.70ns) (out node of the LUT)   --->   "%add_ln46_80 = add i6 %trunc_ln46_78, i6 %zext_ln46_80" [firmware/nnet_utils/nnet_activation.h:46]   --->   Operation 639 'add' 'add_ln46_80' <Predicate = (icmp_ln45_80)> <Delay = 0.70> <CoreInst = "Adder">   --->   Core 1 'Adder' <Latency = 0> <II = 1> <Delay = 0.70> <FuncUnit> <Opcode : 'add' 'sub'> <InPorts = 2> <OutPorts = 1>
ST_1 : Operation 640 [1/1] (0.00ns) (grouped into LUT with out node select_ln46_325)   --->   "%trunc_ln46_224 = trunc i6 %add_ln46_80" [firmware/nnet_utils/nnet_activation.h:46]   --->   Operation 640 'trunc' 'trunc_ln46_224' <Predicate = (and_ln46_325 & tmp_481 & or_ln46_243 & or_ln46_244 & icmp_ln45_80)> <Delay = 0.00>
ST_1 : Operation 641 [1/1] (0.00ns)   --->   "%tmp_485 = partselect i8 @_ssdm_op_PartSelect.i8.i19.i32.i32, i19 %data_18_val_read, i32 11, i32 18" [firmware/nnet_utils/nnet_activation.h:46]   --->   Operation 641 'partselect' 'tmp_485' <Predicate = (icmp_ln45_80)> <Delay = 0.00>
ST_1 : Operation 642 [1/1] (0.70ns)   --->   "%icmp_ln46_243 = icmp_eq  i8 %tmp_485, i8 255" [firmware/nnet_utils/nnet_activation.h:46]   --->   Operation 642 'icmp' 'icmp_ln46_243' <Predicate = (icmp_ln45_80)> <Delay = 0.70> <CoreInst = "Cmp">   --->   Core 9 'Cmp' <Latency = 0> <II = 1> <Delay = 0.70> <FuncUnit> <Opcode : 'icmp'> <InPorts = 2> <OutPorts = 1>
ST_1 : Operation 643 [1/1] (0.70ns)   --->   "%icmp_ln46_244 = icmp_eq  i8 %tmp_485, i8 0" [firmware/nnet_utils/nnet_activation.h:46]   --->   Operation 643 'icmp' 'icmp_ln46_244' <Predicate = (icmp_ln45_80)> <Delay = 0.70> <CoreInst = "Cmp">   --->   Core 9 'Cmp' <Latency = 0> <II = 1> <Delay = 0.70> <FuncUnit> <Opcode : 'icmp'> <InPorts = 2> <OutPorts = 1>
ST_1 : Operation 644 [1/1] (0.00ns)   --->   "%tmp_486 = bitselect i1 @_ssdm_op_BitSelect.i1.i6.i32, i6 %add_ln46_80, i32 5" [firmware/nnet_utils/nnet_activation.h:46]   --->   Operation 644 'bitselect' 'tmp_486' <Predicate = (icmp_ln45_80)> <Delay = 0.00>
ST_1 : Operation 645 [1/1] (0.00ns) (grouped into LUT with out node and_ln46_325)   --->   "%xor_ln46_207 = xor i1 %tmp_486, i1 1" [firmware/nnet_utils/nnet_activation.h:46]   --->   Operation 645 'xor' 'xor_ln46_207' <Predicate = (icmp_ln45_80)> <Delay = 0.00> <CoreInst = "LogicGate">   --->   Core 74 'LogicGate' <Latency = 0> <II = 1> <Delay = 0.12> <FuncUnit> <Opcode : 'and' 'or' 'xor'> <InPorts = 2> <OutPorts = 1>
ST_1 : Operation 646 [1/1] (0.00ns) (grouped into LUT with out node or_ln46_243)   --->   "%select_ln46_323 = select i1 %tmp_486, i1 %icmp_ln46_244, i1 %icmp_ln46_243" [firmware/nnet_utils/nnet_activation.h:46]   --->   Operation 646 'select' 'select_ln46_323' <Predicate = (icmp_ln45_80)> <Delay = 0.00> <CoreInst = "Sel">   --->   Core 73 'Sel' <Latency = 0> <II = 1> <Delay = 0.27> <FuncUnit> <Opcode : 'select'> <InPorts = 3> <OutPorts = 1>
ST_1 : Operation 647 [1/1] (0.00ns) (grouped into LUT with out node or_ln46_243)   --->   "%select_ln46_414 = select i1 %tmp_484, i1 %select_ln46_323, i1 %icmp_ln46_244" [firmware/nnet_utils/nnet_activation.h:46]   --->   Operation 647 'select' 'select_ln46_414' <Predicate = (icmp_ln45_80)> <Delay = 0.00> <CoreInst = "Sel">   --->   Core 73 'Sel' <Latency = 0> <II = 1> <Delay = 0.27> <FuncUnit> <Opcode : 'select'> <InPorts = 3> <OutPorts = 1>
ST_1 : Operation 648 [1/1] (0.27ns) (out node of the LUT)   --->   "%or_ln46_243 = or i1 %select_ln46_414, i1 %tmp_481" [firmware/nnet_utils/nnet_activation.h:46]   --->   Operation 648 'or' 'or_ln46_243' <Predicate = (icmp_ln45_80)> <Delay = 0.27> <CoreInst = "LogicGate">   --->   Core 74 'LogicGate' <Latency = 0> <II = 1> <Delay = 0.12> <FuncUnit> <Opcode : 'and' 'or' 'xor'> <InPorts = 2> <OutPorts = 1>
ST_1 : Operation 649 [1/1] (0.00ns) (grouped into LUT with out node select_ln45_80)   --->   "%xor_ln46_161 = xor i1 %or_ln46_243, i1 1" [firmware/nnet_utils/nnet_activation.h:46]   --->   Operation 649 'xor' 'xor_ln46_161' <Predicate = (icmp_ln45_80)> <Delay = 0.00> <CoreInst = "LogicGate">   --->   Core 74 'LogicGate' <Latency = 0> <II = 1> <Delay = 0.12> <FuncUnit> <Opcode : 'and' 'or' 'xor'> <InPorts = 2> <OutPorts = 1>
ST_1 : Operation 650 [1/1] (0.00ns) (grouped into LUT with out node and_ln46_325)   --->   "%and_ln46_324 = and i1 %icmp_ln46_243, i1 %xor_ln46_207" [firmware/nnet_utils/nnet_activation.h:46]   --->   Operation 650 'and' 'and_ln46_324' <Predicate = (icmp_ln45_80)> <Delay = 0.00> <CoreInst = "LogicGate">   --->   Core 74 'LogicGate' <Latency = 0> <II = 1> <Delay = 0.12> <FuncUnit> <Opcode : 'and' 'or' 'xor'> <InPorts = 2> <OutPorts = 1>
ST_1 : Operation 651 [1/1] (0.12ns) (out node of the LUT)   --->   "%and_ln46_325 = and i1 %and_ln46_324, i1 %tmp_484" [firmware/nnet_utils/nnet_activation.h:46]   --->   Operation 651 'and' 'and_ln46_325' <Predicate = (icmp_ln45_80)> <Delay = 0.12> <CoreInst = "LogicGate">   --->   Core 74 'LogicGate' <Latency = 0> <II = 1> <Delay = 0.12> <FuncUnit> <Opcode : 'and' 'or' 'xor'> <InPorts = 2> <OutPorts = 1>
ST_1 : Operation 652 [1/1] (0.00ns) (grouped into LUT with out node select_ln45_80)   --->   "%xor_ln46_162 = xor i1 %and_ln46_325, i1 1" [firmware/nnet_utils/nnet_activation.h:46]   --->   Operation 652 'xor' 'xor_ln46_162' <Predicate = (icmp_ln45_80)> <Delay = 0.00> <CoreInst = "LogicGate">   --->   Core 74 'LogicGate' <Latency = 0> <II = 1> <Delay = 0.12> <FuncUnit> <Opcode : 'and' 'or' 'xor'> <InPorts = 2> <OutPorts = 1>
ST_1 : Operation 653 [1/1] (0.00ns) (grouped into LUT with out node select_ln46_325)   --->   "%select_ln46_324 = select i1 %and_ln46_325, i5 %trunc_ln46_224, i5 0" [firmware/nnet_utils/nnet_activation.h:46]   --->   Operation 653 'select' 'select_ln46_324' <Predicate = (tmp_481 & or_ln46_243 & or_ln46_244 & icmp_ln45_80)> <Delay = 0.00> <CoreInst = "Sel">   --->   Core 73 'Sel' <Latency = 0> <II = 1> <Delay = 0.27> <FuncUnit> <Opcode : 'select'> <InPorts = 3> <OutPorts = 1>
ST_1 : Operation 654 [1/1] (0.00ns) (grouped into LUT with out node select_ln46_325)   --->   "%zext_ln46_144 = zext i5 %select_ln46_324" [firmware/nnet_utils/nnet_activation.h:46]   --->   Operation 654 'zext' 'zext_ln46_144' <Predicate = (tmp_481 & or_ln46_243 & or_ln46_244 & icmp_ln45_80)> <Delay = 0.00>
ST_1 : Operation 655 [1/1] (0.00ns) (grouped into LUT with out node select_ln45_80)   --->   "%and_ln46_326 = and i1 %tmp_481, i1 %xor_ln46_162" [firmware/nnet_utils/nnet_activation.h:46]   --->   Operation 655 'and' 'and_ln46_326' <Predicate = (icmp_ln45_80)> <Delay = 0.00> <CoreInst = "LogicGate">   --->   Core 74 'LogicGate' <Latency = 0> <II = 1> <Delay = 0.12> <FuncUnit> <Opcode : 'and' 'or' 'xor'> <InPorts = 2> <OutPorts = 1>
ST_1 : Operation 656 [1/1] (0.00ns) (grouped into LUT with out node select_ln45_80)   --->   "%or_ln46_244 = or i1 %and_ln46_326, i1 %xor_ln46_161" [firmware/nnet_utils/nnet_activation.h:46]   --->   Operation 656 'or' 'or_ln46_244' <Predicate = (icmp_ln45_80)> <Delay = 0.00> <CoreInst = "LogicGate">   --->   Core 74 'LogicGate' <Latency = 0> <II = 1> <Delay = 0.12> <FuncUnit> <Opcode : 'and' 'or' 'xor'> <InPorts = 2> <OutPorts = 1>
ST_1 : Operation 657 [1/1] (0.00ns) (grouped into LUT with out node select_ln46_325)   --->   "%select_ln46_415 = select i1 %tmp_481, i6 %zext_ln46_144, i6 %add_ln46_80" [firmware/nnet_utils/nnet_activation.h:46]   --->   Operation 657 'select' 'select_ln46_415' <Predicate = (or_ln46_243 & or_ln46_244 & icmp_ln45_80)> <Delay = 0.00> <CoreInst = "Sel">   --->   Core 73 'Sel' <Latency = 0> <II = 1> <Delay = 0.29> <FuncUnit> <Opcode : 'select'> <InPorts = 3> <OutPorts = 1>
ST_1 : Operation 658 [1/1] (0.29ns) (out node of the LUT)   --->   "%select_ln46_325 = select i1 %or_ln46_243, i6 %select_ln46_415, i6 63" [firmware/nnet_utils/nnet_activation.h:46]   --->   Operation 658 'select' 'select_ln46_325' <Predicate = (or_ln46_244 & icmp_ln45_80)> <Delay = 0.29> <CoreInst = "Sel">   --->   Core 73 'Sel' <Latency = 0> <II = 1> <Delay = 0.29> <FuncUnit> <Opcode : 'select'> <InPorts = 3> <OutPorts = 1>
ST_1 : Operation 659 [1/1] (0.00ns) (grouped into LUT with out node select_ln45_80)   --->   "%select_ln46_326 = select i1 %or_ln46_244, i6 %select_ln46_325, i6 %add_ln46_80" [firmware/nnet_utils/nnet_activation.h:46]   --->   Operation 659 'select' 'select_ln46_326' <Predicate = (icmp_ln45_80)> <Delay = 0.00> <CoreInst = "Sel">   --->   Core 73 'Sel' <Latency = 0> <II = 1> <Delay = 0.29> <FuncUnit> <Opcode : 'select'> <InPorts = 3> <OutPorts = 1>
ST_1 : Operation 660 [1/1] (0.29ns) (out node of the LUT)   --->   "%select_ln45_80 = select i1 %icmp_ln45_80, i6 %select_ln46_326, i6 0" [firmware/nnet_utils/nnet_activation.h:45]   --->   Operation 660 'select' 'select_ln45_80' <Predicate = true> <Delay = 0.29> <CoreInst = "Sel">   --->   Core 73 'Sel' <Latency = 0> <II = 1> <Delay = 0.29> <FuncUnit> <Opcode : 'select'> <InPorts = 3> <OutPorts = 1>
ST_1 : Operation 661 [1/1] (0.80ns)   --->   "%icmp_ln45_81 = icmp_sgt  i19 %data_19_val_read, i19 0" [firmware/nnet_utils/nnet_activation.h:45]   --->   Operation 661 'icmp' 'icmp_ln45_81' <Predicate = true> <Delay = 0.80> <CoreInst = "Cmp">   --->   Core 9 'Cmp' <Latency = 0> <II = 1> <Delay = 0.80> <FuncUnit> <Opcode : 'icmp'> <InPorts = 2> <OutPorts = 1>
ST_1 : Operation 662 [1/1] (0.00ns)   --->   "%tmp_487 = bitselect i1 @_ssdm_op_BitSelect.i1.i19.i32, i19 %data_19_val_read, i32 18" [firmware/nnet_utils/nnet_activation.h:46]   --->   Operation 662 'bitselect' 'tmp_487' <Predicate = (icmp_ln45_81)> <Delay = 0.00>
ST_1 : Operation 663 [1/1] (0.00ns) (grouped into LUT with out node add_ln46_81)   --->   "%trunc_ln46_79 = partselect i6 @_ssdm_op_PartSelect.i6.i19.i32.i32, i19 %data_19_val_read, i32 5, i32 10" [firmware/nnet_utils/nnet_activation.h:46]   --->   Operation 663 'partselect' 'trunc_ln46_79' <Predicate = (icmp_ln45_81)> <Delay = 0.00>
ST_1 : Operation 664 [1/1] (0.00ns) (grouped into LUT with out node add_ln46_81)   --->   "%tmp_488 = bitselect i1 @_ssdm_op_BitSelect.i1.i19.i32, i19 %data_19_val_read, i32 5" [firmware/nnet_utils/nnet_activation.h:46]   --->   Operation 664 'bitselect' 'tmp_488' <Predicate = (icmp_ln45_81)> <Delay = 0.00>
ST_1 : Operation 665 [1/1] (0.00ns) (grouped into LUT with out node add_ln46_81)   --->   "%tmp_489 = bitselect i1 @_ssdm_op_BitSelect.i1.i19.i32, i19 %data_19_val_read, i32 4" [firmware/nnet_utils/nnet_activation.h:46]   --->   Operation 665 'bitselect' 'tmp_489' <Predicate = (icmp_ln45_81)> <Delay = 0.00>
ST_1 : Operation 666 [1/1] (0.00ns)   --->   "%trunc_ln46_225 = trunc i19 %data_19_val_read" [firmware/nnet_utils/nnet_activation.h:46]   --->   Operation 666 'trunc' 'trunc_ln46_225' <Predicate = (icmp_ln45_81)> <Delay = 0.00>
ST_1 : Operation 667 [1/1] (0.70ns)   --->   "%icmp_ln46_245 = icmp_ne  i4 %trunc_ln46_225, i4 0" [firmware/nnet_utils/nnet_activation.h:46]   --->   Operation 667 'icmp' 'icmp_ln46_245' <Predicate = (icmp_ln45_81)> <Delay = 0.70> <CoreInst = "Cmp">   --->   Core 9 'Cmp' <Latency = 0> <II = 1> <Delay = 0.70> <FuncUnit> <Opcode : 'icmp'> <InPorts = 2> <OutPorts = 1>
ST_1 : Operation 668 [1/1] (0.00ns)   --->   "%tmp_490 = bitselect i1 @_ssdm_op_BitSelect.i1.i19.i32, i19 %data_19_val_read, i32 10" [firmware/nnet_utils/nnet_activation.h:46]   --->   Operation 668 'bitselect' 'tmp_490' <Predicate = (icmp_ln45_81)> <Delay = 0.00>
ST_1 : Operation 669 [1/1] (0.00ns) (grouped into LUT with out node add_ln46_81)   --->   "%or_ln46_245 = or i1 %tmp_488, i1 %icmp_ln46_245" [firmware/nnet_utils/nnet_activation.h:46]   --->   Operation 669 'or' 'or_ln46_245' <Predicate = (icmp_ln45_81)> <Delay = 0.00> <CoreInst = "LogicGate">   --->   Core 74 'LogicGate' <Latency = 0> <II = 1> <Delay = 0.12> <FuncUnit> <Opcode : 'and' 'or' 'xor'> <InPorts = 2> <OutPorts = 1>
ST_1 : Operation 670 [1/1] (0.00ns) (grouped into LUT with out node add_ln46_81)   --->   "%and_ln46_327 = and i1 %or_ln46_245, i1 %tmp_489" [firmware/nnet_utils/nnet_activation.h:46]   --->   Operation 670 'and' 'and_ln46_327' <Predicate = (icmp_ln45_81)> <Delay = 0.00> <CoreInst = "LogicGate">   --->   Core 74 'LogicGate' <Latency = 0> <II = 1> <Delay = 0.12> <FuncUnit> <Opcode : 'and' 'or' 'xor'> <InPorts = 2> <OutPorts = 1>
ST_1 : Operation 671 [1/1] (0.00ns) (grouped into LUT with out node add_ln46_81)   --->   "%zext_ln46_81 = zext i1 %and_ln46_327" [firmware/nnet_utils/nnet_activation.h:46]   --->   Operation 671 'zext' 'zext_ln46_81' <Predicate = (icmp_ln45_81)> <Delay = 0.00>
ST_1 : Operation 672 [1/1] (0.70ns) (out node of the LUT)   --->   "%add_ln46_81 = add i6 %trunc_ln46_79, i6 %zext_ln46_81" [firmware/nnet_utils/nnet_activation.h:46]   --->   Operation 672 'add' 'add_ln46_81' <Predicate = (icmp_ln45_81)> <Delay = 0.70> <CoreInst = "Adder">   --->   Core 1 'Adder' <Latency = 0> <II = 1> <Delay = 0.70> <FuncUnit> <Opcode : 'add' 'sub'> <InPorts = 2> <OutPorts = 1>
ST_1 : Operation 673 [1/1] (0.00ns) (grouped into LUT with out node select_ln46_329)   --->   "%trunc_ln46_226 = trunc i6 %add_ln46_81" [firmware/nnet_utils/nnet_activation.h:46]   --->   Operation 673 'trunc' 'trunc_ln46_226' <Predicate = (and_ln46_329 & tmp_487 & or_ln46_246 & or_ln46_247 & icmp_ln45_81)> <Delay = 0.00>
ST_1 : Operation 674 [1/1] (0.00ns)   --->   "%tmp_491 = partselect i8 @_ssdm_op_PartSelect.i8.i19.i32.i32, i19 %data_19_val_read, i32 11, i32 18" [firmware/nnet_utils/nnet_activation.h:46]   --->   Operation 674 'partselect' 'tmp_491' <Predicate = (icmp_ln45_81)> <Delay = 0.00>
ST_1 : Operation 675 [1/1] (0.70ns)   --->   "%icmp_ln46_246 = icmp_eq  i8 %tmp_491, i8 255" [firmware/nnet_utils/nnet_activation.h:46]   --->   Operation 675 'icmp' 'icmp_ln46_246' <Predicate = (icmp_ln45_81)> <Delay = 0.70> <CoreInst = "Cmp">   --->   Core 9 'Cmp' <Latency = 0> <II = 1> <Delay = 0.70> <FuncUnit> <Opcode : 'icmp'> <InPorts = 2> <OutPorts = 1>
ST_1 : Operation 676 [1/1] (0.70ns)   --->   "%icmp_ln46_247 = icmp_eq  i8 %tmp_491, i8 0" [firmware/nnet_utils/nnet_activation.h:46]   --->   Operation 676 'icmp' 'icmp_ln46_247' <Predicate = (icmp_ln45_81)> <Delay = 0.70> <CoreInst = "Cmp">   --->   Core 9 'Cmp' <Latency = 0> <II = 1> <Delay = 0.70> <FuncUnit> <Opcode : 'icmp'> <InPorts = 2> <OutPorts = 1>
ST_1 : Operation 677 [1/1] (0.00ns)   --->   "%tmp_492 = bitselect i1 @_ssdm_op_BitSelect.i1.i6.i32, i6 %add_ln46_81, i32 5" [firmware/nnet_utils/nnet_activation.h:46]   --->   Operation 677 'bitselect' 'tmp_492' <Predicate = (icmp_ln45_81)> <Delay = 0.00>
ST_1 : Operation 678 [1/1] (0.00ns) (grouped into LUT with out node and_ln46_329)   --->   "%xor_ln46_208 = xor i1 %tmp_492, i1 1" [firmware/nnet_utils/nnet_activation.h:46]   --->   Operation 678 'xor' 'xor_ln46_208' <Predicate = (icmp_ln45_81)> <Delay = 0.00> <CoreInst = "LogicGate">   --->   Core 74 'LogicGate' <Latency = 0> <II = 1> <Delay = 0.12> <FuncUnit> <Opcode : 'and' 'or' 'xor'> <InPorts = 2> <OutPorts = 1>
ST_1 : Operation 679 [1/1] (0.00ns) (grouped into LUT with out node or_ln46_246)   --->   "%select_ln46_327 = select i1 %tmp_492, i1 %icmp_ln46_247, i1 %icmp_ln46_246" [firmware/nnet_utils/nnet_activation.h:46]   --->   Operation 679 'select' 'select_ln46_327' <Predicate = (icmp_ln45_81)> <Delay = 0.00> <CoreInst = "Sel">   --->   Core 73 'Sel' <Latency = 0> <II = 1> <Delay = 0.27> <FuncUnit> <Opcode : 'select'> <InPorts = 3> <OutPorts = 1>
ST_1 : Operation 680 [1/1] (0.00ns) (grouped into LUT with out node or_ln46_246)   --->   "%select_ln46_416 = select i1 %tmp_490, i1 %select_ln46_327, i1 %icmp_ln46_247" [firmware/nnet_utils/nnet_activation.h:46]   --->   Operation 680 'select' 'select_ln46_416' <Predicate = (icmp_ln45_81)> <Delay = 0.00> <CoreInst = "Sel">   --->   Core 73 'Sel' <Latency = 0> <II = 1> <Delay = 0.27> <FuncUnit> <Opcode : 'select'> <InPorts = 3> <OutPorts = 1>
ST_1 : Operation 681 [1/1] (0.27ns) (out node of the LUT)   --->   "%or_ln46_246 = or i1 %select_ln46_416, i1 %tmp_487" [firmware/nnet_utils/nnet_activation.h:46]   --->   Operation 681 'or' 'or_ln46_246' <Predicate = (icmp_ln45_81)> <Delay = 0.27> <CoreInst = "LogicGate">   --->   Core 74 'LogicGate' <Latency = 0> <II = 1> <Delay = 0.12> <FuncUnit> <Opcode : 'and' 'or' 'xor'> <InPorts = 2> <OutPorts = 1>
ST_1 : Operation 682 [1/1] (0.00ns) (grouped into LUT with out node select_ln45_81)   --->   "%xor_ln46_163 = xor i1 %or_ln46_246, i1 1" [firmware/nnet_utils/nnet_activation.h:46]   --->   Operation 682 'xor' 'xor_ln46_163' <Predicate = (icmp_ln45_81)> <Delay = 0.00> <CoreInst = "LogicGate">   --->   Core 74 'LogicGate' <Latency = 0> <II = 1> <Delay = 0.12> <FuncUnit> <Opcode : 'and' 'or' 'xor'> <InPorts = 2> <OutPorts = 1>
ST_1 : Operation 683 [1/1] (0.00ns) (grouped into LUT with out node and_ln46_329)   --->   "%and_ln46_328 = and i1 %icmp_ln46_246, i1 %xor_ln46_208" [firmware/nnet_utils/nnet_activation.h:46]   --->   Operation 683 'and' 'and_ln46_328' <Predicate = (icmp_ln45_81)> <Delay = 0.00> <CoreInst = "LogicGate">   --->   Core 74 'LogicGate' <Latency = 0> <II = 1> <Delay = 0.12> <FuncUnit> <Opcode : 'and' 'or' 'xor'> <InPorts = 2> <OutPorts = 1>
ST_1 : Operation 684 [1/1] (0.12ns) (out node of the LUT)   --->   "%and_ln46_329 = and i1 %and_ln46_328, i1 %tmp_490" [firmware/nnet_utils/nnet_activation.h:46]   --->   Operation 684 'and' 'and_ln46_329' <Predicate = (icmp_ln45_81)> <Delay = 0.12> <CoreInst = "LogicGate">   --->   Core 74 'LogicGate' <Latency = 0> <II = 1> <Delay = 0.12> <FuncUnit> <Opcode : 'and' 'or' 'xor'> <InPorts = 2> <OutPorts = 1>
ST_1 : Operation 685 [1/1] (0.00ns) (grouped into LUT with out node select_ln45_81)   --->   "%xor_ln46_164 = xor i1 %and_ln46_329, i1 1" [firmware/nnet_utils/nnet_activation.h:46]   --->   Operation 685 'xor' 'xor_ln46_164' <Predicate = (icmp_ln45_81)> <Delay = 0.00> <CoreInst = "LogicGate">   --->   Core 74 'LogicGate' <Latency = 0> <II = 1> <Delay = 0.12> <FuncUnit> <Opcode : 'and' 'or' 'xor'> <InPorts = 2> <OutPorts = 1>
ST_1 : Operation 686 [1/1] (0.00ns) (grouped into LUT with out node select_ln46_329)   --->   "%select_ln46_328 = select i1 %and_ln46_329, i5 %trunc_ln46_226, i5 0" [firmware/nnet_utils/nnet_activation.h:46]   --->   Operation 686 'select' 'select_ln46_328' <Predicate = (tmp_487 & or_ln46_246 & or_ln46_247 & icmp_ln45_81)> <Delay = 0.00> <CoreInst = "Sel">   --->   Core 73 'Sel' <Latency = 0> <II = 1> <Delay = 0.27> <FuncUnit> <Opcode : 'select'> <InPorts = 3> <OutPorts = 1>
ST_1 : Operation 687 [1/1] (0.00ns) (grouped into LUT with out node select_ln46_329)   --->   "%zext_ln46_145 = zext i5 %select_ln46_328" [firmware/nnet_utils/nnet_activation.h:46]   --->   Operation 687 'zext' 'zext_ln46_145' <Predicate = (tmp_487 & or_ln46_246 & or_ln46_247 & icmp_ln45_81)> <Delay = 0.00>
ST_1 : Operation 688 [1/1] (0.00ns) (grouped into LUT with out node select_ln45_81)   --->   "%and_ln46_330 = and i1 %tmp_487, i1 %xor_ln46_164" [firmware/nnet_utils/nnet_activation.h:46]   --->   Operation 688 'and' 'and_ln46_330' <Predicate = (icmp_ln45_81)> <Delay = 0.00> <CoreInst = "LogicGate">   --->   Core 74 'LogicGate' <Latency = 0> <II = 1> <Delay = 0.12> <FuncUnit> <Opcode : 'and' 'or' 'xor'> <InPorts = 2> <OutPorts = 1>
ST_1 : Operation 689 [1/1] (0.00ns) (grouped into LUT with out node select_ln45_81)   --->   "%or_ln46_247 = or i1 %and_ln46_330, i1 %xor_ln46_163" [firmware/nnet_utils/nnet_activation.h:46]   --->   Operation 689 'or' 'or_ln46_247' <Predicate = (icmp_ln45_81)> <Delay = 0.00> <CoreInst = "LogicGate">   --->   Core 74 'LogicGate' <Latency = 0> <II = 1> <Delay = 0.12> <FuncUnit> <Opcode : 'and' 'or' 'xor'> <InPorts = 2> <OutPorts = 1>
ST_1 : Operation 690 [1/1] (0.00ns) (grouped into LUT with out node select_ln46_329)   --->   "%select_ln46_417 = select i1 %tmp_487, i6 %zext_ln46_145, i6 %add_ln46_81" [firmware/nnet_utils/nnet_activation.h:46]   --->   Operation 690 'select' 'select_ln46_417' <Predicate = (or_ln46_246 & or_ln46_247 & icmp_ln45_81)> <Delay = 0.00> <CoreInst = "Sel">   --->   Core 73 'Sel' <Latency = 0> <II = 1> <Delay = 0.29> <FuncUnit> <Opcode : 'select'> <InPorts = 3> <OutPorts = 1>
ST_1 : Operation 691 [1/1] (0.29ns) (out node of the LUT)   --->   "%select_ln46_329 = select i1 %or_ln46_246, i6 %select_ln46_417, i6 63" [firmware/nnet_utils/nnet_activation.h:46]   --->   Operation 691 'select' 'select_ln46_329' <Predicate = (or_ln46_247 & icmp_ln45_81)> <Delay = 0.29> <CoreInst = "Sel">   --->   Core 73 'Sel' <Latency = 0> <II = 1> <Delay = 0.29> <FuncUnit> <Opcode : 'select'> <InPorts = 3> <OutPorts = 1>
ST_1 : Operation 692 [1/1] (0.00ns) (grouped into LUT with out node select_ln45_81)   --->   "%select_ln46_330 = select i1 %or_ln46_247, i6 %select_ln46_329, i6 %add_ln46_81" [firmware/nnet_utils/nnet_activation.h:46]   --->   Operation 692 'select' 'select_ln46_330' <Predicate = (icmp_ln45_81)> <Delay = 0.00> <CoreInst = "Sel">   --->   Core 73 'Sel' <Latency = 0> <II = 1> <Delay = 0.29> <FuncUnit> <Opcode : 'select'> <InPorts = 3> <OutPorts = 1>
ST_1 : Operation 693 [1/1] (0.29ns) (out node of the LUT)   --->   "%select_ln45_81 = select i1 %icmp_ln45_81, i6 %select_ln46_330, i6 0" [firmware/nnet_utils/nnet_activation.h:45]   --->   Operation 693 'select' 'select_ln45_81' <Predicate = true> <Delay = 0.29> <CoreInst = "Sel">   --->   Core 73 'Sel' <Latency = 0> <II = 1> <Delay = 0.29> <FuncUnit> <Opcode : 'select'> <InPorts = 3> <OutPorts = 1>
ST_1 : Operation 694 [1/1] (0.80ns)   --->   "%icmp_ln45_82 = icmp_sgt  i19 %data_20_val_read, i19 0" [firmware/nnet_utils/nnet_activation.h:45]   --->   Operation 694 'icmp' 'icmp_ln45_82' <Predicate = true> <Delay = 0.80> <CoreInst = "Cmp">   --->   Core 9 'Cmp' <Latency = 0> <II = 1> <Delay = 0.80> <FuncUnit> <Opcode : 'icmp'> <InPorts = 2> <OutPorts = 1>
ST_1 : Operation 695 [1/1] (0.00ns)   --->   "%tmp_493 = bitselect i1 @_ssdm_op_BitSelect.i1.i19.i32, i19 %data_20_val_read, i32 18" [firmware/nnet_utils/nnet_activation.h:46]   --->   Operation 695 'bitselect' 'tmp_493' <Predicate = (icmp_ln45_82)> <Delay = 0.00>
ST_1 : Operation 696 [1/1] (0.00ns) (grouped into LUT with out node add_ln46_82)   --->   "%trunc_ln46_80 = partselect i6 @_ssdm_op_PartSelect.i6.i19.i32.i32, i19 %data_20_val_read, i32 5, i32 10" [firmware/nnet_utils/nnet_activation.h:46]   --->   Operation 696 'partselect' 'trunc_ln46_80' <Predicate = (icmp_ln45_82)> <Delay = 0.00>
ST_1 : Operation 697 [1/1] (0.00ns) (grouped into LUT with out node add_ln46_82)   --->   "%tmp_494 = bitselect i1 @_ssdm_op_BitSelect.i1.i19.i32, i19 %data_20_val_read, i32 5" [firmware/nnet_utils/nnet_activation.h:46]   --->   Operation 697 'bitselect' 'tmp_494' <Predicate = (icmp_ln45_82)> <Delay = 0.00>
ST_1 : Operation 698 [1/1] (0.00ns) (grouped into LUT with out node add_ln46_82)   --->   "%tmp_495 = bitselect i1 @_ssdm_op_BitSelect.i1.i19.i32, i19 %data_20_val_read, i32 4" [firmware/nnet_utils/nnet_activation.h:46]   --->   Operation 698 'bitselect' 'tmp_495' <Predicate = (icmp_ln45_82)> <Delay = 0.00>
ST_1 : Operation 699 [1/1] (0.00ns)   --->   "%trunc_ln46_227 = trunc i19 %data_20_val_read" [firmware/nnet_utils/nnet_activation.h:46]   --->   Operation 699 'trunc' 'trunc_ln46_227' <Predicate = (icmp_ln45_82)> <Delay = 0.00>
ST_1 : Operation 700 [1/1] (0.70ns)   --->   "%icmp_ln46_248 = icmp_ne  i4 %trunc_ln46_227, i4 0" [firmware/nnet_utils/nnet_activation.h:46]   --->   Operation 700 'icmp' 'icmp_ln46_248' <Predicate = (icmp_ln45_82)> <Delay = 0.70> <CoreInst = "Cmp">   --->   Core 9 'Cmp' <Latency = 0> <II = 1> <Delay = 0.70> <FuncUnit> <Opcode : 'icmp'> <InPorts = 2> <OutPorts = 1>
ST_1 : Operation 701 [1/1] (0.00ns)   --->   "%tmp_496 = bitselect i1 @_ssdm_op_BitSelect.i1.i19.i32, i19 %data_20_val_read, i32 10" [firmware/nnet_utils/nnet_activation.h:46]   --->   Operation 701 'bitselect' 'tmp_496' <Predicate = (icmp_ln45_82)> <Delay = 0.00>
ST_1 : Operation 702 [1/1] (0.00ns) (grouped into LUT with out node add_ln46_82)   --->   "%or_ln46_248 = or i1 %tmp_494, i1 %icmp_ln46_248" [firmware/nnet_utils/nnet_activation.h:46]   --->   Operation 702 'or' 'or_ln46_248' <Predicate = (icmp_ln45_82)> <Delay = 0.00> <CoreInst = "LogicGate">   --->   Core 74 'LogicGate' <Latency = 0> <II = 1> <Delay = 0.12> <FuncUnit> <Opcode : 'and' 'or' 'xor'> <InPorts = 2> <OutPorts = 1>
ST_1 : Operation 703 [1/1] (0.00ns) (grouped into LUT with out node add_ln46_82)   --->   "%and_ln46_331 = and i1 %or_ln46_248, i1 %tmp_495" [firmware/nnet_utils/nnet_activation.h:46]   --->   Operation 703 'and' 'and_ln46_331' <Predicate = (icmp_ln45_82)> <Delay = 0.00> <CoreInst = "LogicGate">   --->   Core 74 'LogicGate' <Latency = 0> <II = 1> <Delay = 0.12> <FuncUnit> <Opcode : 'and' 'or' 'xor'> <InPorts = 2> <OutPorts = 1>
ST_1 : Operation 704 [1/1] (0.00ns) (grouped into LUT with out node add_ln46_82)   --->   "%zext_ln46_82 = zext i1 %and_ln46_331" [firmware/nnet_utils/nnet_activation.h:46]   --->   Operation 704 'zext' 'zext_ln46_82' <Predicate = (icmp_ln45_82)> <Delay = 0.00>
ST_1 : Operation 705 [1/1] (0.70ns) (out node of the LUT)   --->   "%add_ln46_82 = add i6 %trunc_ln46_80, i6 %zext_ln46_82" [firmware/nnet_utils/nnet_activation.h:46]   --->   Operation 705 'add' 'add_ln46_82' <Predicate = (icmp_ln45_82)> <Delay = 0.70> <CoreInst = "Adder">   --->   Core 1 'Adder' <Latency = 0> <II = 1> <Delay = 0.70> <FuncUnit> <Opcode : 'add' 'sub'> <InPorts = 2> <OutPorts = 1>
ST_1 : Operation 706 [1/1] (0.00ns) (grouped into LUT with out node select_ln46_333)   --->   "%trunc_ln46_228 = trunc i6 %add_ln46_82" [firmware/nnet_utils/nnet_activation.h:46]   --->   Operation 706 'trunc' 'trunc_ln46_228' <Predicate = (and_ln46_333 & tmp_493 & or_ln46_249 & or_ln46_250 & icmp_ln45_82)> <Delay = 0.00>
ST_1 : Operation 707 [1/1] (0.00ns)   --->   "%tmp_497 = partselect i8 @_ssdm_op_PartSelect.i8.i19.i32.i32, i19 %data_20_val_read, i32 11, i32 18" [firmware/nnet_utils/nnet_activation.h:46]   --->   Operation 707 'partselect' 'tmp_497' <Predicate = (icmp_ln45_82)> <Delay = 0.00>
ST_1 : Operation 708 [1/1] (0.70ns)   --->   "%icmp_ln46_249 = icmp_eq  i8 %tmp_497, i8 255" [firmware/nnet_utils/nnet_activation.h:46]   --->   Operation 708 'icmp' 'icmp_ln46_249' <Predicate = (icmp_ln45_82)> <Delay = 0.70> <CoreInst = "Cmp">   --->   Core 9 'Cmp' <Latency = 0> <II = 1> <Delay = 0.70> <FuncUnit> <Opcode : 'icmp'> <InPorts = 2> <OutPorts = 1>
ST_1 : Operation 709 [1/1] (0.70ns)   --->   "%icmp_ln46_250 = icmp_eq  i8 %tmp_497, i8 0" [firmware/nnet_utils/nnet_activation.h:46]   --->   Operation 709 'icmp' 'icmp_ln46_250' <Predicate = (icmp_ln45_82)> <Delay = 0.70> <CoreInst = "Cmp">   --->   Core 9 'Cmp' <Latency = 0> <II = 1> <Delay = 0.70> <FuncUnit> <Opcode : 'icmp'> <InPorts = 2> <OutPorts = 1>
ST_1 : Operation 710 [1/1] (0.00ns)   --->   "%tmp_498 = bitselect i1 @_ssdm_op_BitSelect.i1.i6.i32, i6 %add_ln46_82, i32 5" [firmware/nnet_utils/nnet_activation.h:46]   --->   Operation 710 'bitselect' 'tmp_498' <Predicate = (icmp_ln45_82)> <Delay = 0.00>
ST_1 : Operation 711 [1/1] (0.00ns) (grouped into LUT with out node and_ln46_333)   --->   "%xor_ln46_209 = xor i1 %tmp_498, i1 1" [firmware/nnet_utils/nnet_activation.h:46]   --->   Operation 711 'xor' 'xor_ln46_209' <Predicate = (icmp_ln45_82)> <Delay = 0.00> <CoreInst = "LogicGate">   --->   Core 74 'LogicGate' <Latency = 0> <II = 1> <Delay = 0.12> <FuncUnit> <Opcode : 'and' 'or' 'xor'> <InPorts = 2> <OutPorts = 1>
ST_1 : Operation 712 [1/1] (0.00ns) (grouped into LUT with out node or_ln46_249)   --->   "%select_ln46_331 = select i1 %tmp_498, i1 %icmp_ln46_250, i1 %icmp_ln46_249" [firmware/nnet_utils/nnet_activation.h:46]   --->   Operation 712 'select' 'select_ln46_331' <Predicate = (icmp_ln45_82)> <Delay = 0.00> <CoreInst = "Sel">   --->   Core 73 'Sel' <Latency = 0> <II = 1> <Delay = 0.27> <FuncUnit> <Opcode : 'select'> <InPorts = 3> <OutPorts = 1>
ST_1 : Operation 713 [1/1] (0.00ns) (grouped into LUT with out node or_ln46_249)   --->   "%select_ln46_418 = select i1 %tmp_496, i1 %select_ln46_331, i1 %icmp_ln46_250" [firmware/nnet_utils/nnet_activation.h:46]   --->   Operation 713 'select' 'select_ln46_418' <Predicate = (icmp_ln45_82)> <Delay = 0.00> <CoreInst = "Sel">   --->   Core 73 'Sel' <Latency = 0> <II = 1> <Delay = 0.27> <FuncUnit> <Opcode : 'select'> <InPorts = 3> <OutPorts = 1>
ST_1 : Operation 714 [1/1] (0.27ns) (out node of the LUT)   --->   "%or_ln46_249 = or i1 %select_ln46_418, i1 %tmp_493" [firmware/nnet_utils/nnet_activation.h:46]   --->   Operation 714 'or' 'or_ln46_249' <Predicate = (icmp_ln45_82)> <Delay = 0.27> <CoreInst = "LogicGate">   --->   Core 74 'LogicGate' <Latency = 0> <II = 1> <Delay = 0.12> <FuncUnit> <Opcode : 'and' 'or' 'xor'> <InPorts = 2> <OutPorts = 1>
ST_1 : Operation 715 [1/1] (0.00ns) (grouped into LUT with out node select_ln45_82)   --->   "%xor_ln46_165 = xor i1 %or_ln46_249, i1 1" [firmware/nnet_utils/nnet_activation.h:46]   --->   Operation 715 'xor' 'xor_ln46_165' <Predicate = (icmp_ln45_82)> <Delay = 0.00> <CoreInst = "LogicGate">   --->   Core 74 'LogicGate' <Latency = 0> <II = 1> <Delay = 0.12> <FuncUnit> <Opcode : 'and' 'or' 'xor'> <InPorts = 2> <OutPorts = 1>
ST_1 : Operation 716 [1/1] (0.00ns) (grouped into LUT with out node and_ln46_333)   --->   "%and_ln46_332 = and i1 %icmp_ln46_249, i1 %xor_ln46_209" [firmware/nnet_utils/nnet_activation.h:46]   --->   Operation 716 'and' 'and_ln46_332' <Predicate = (icmp_ln45_82)> <Delay = 0.00> <CoreInst = "LogicGate">   --->   Core 74 'LogicGate' <Latency = 0> <II = 1> <Delay = 0.12> <FuncUnit> <Opcode : 'and' 'or' 'xor'> <InPorts = 2> <OutPorts = 1>
ST_1 : Operation 717 [1/1] (0.12ns) (out node of the LUT)   --->   "%and_ln46_333 = and i1 %and_ln46_332, i1 %tmp_496" [firmware/nnet_utils/nnet_activation.h:46]   --->   Operation 717 'and' 'and_ln46_333' <Predicate = (icmp_ln45_82)> <Delay = 0.12> <CoreInst = "LogicGate">   --->   Core 74 'LogicGate' <Latency = 0> <II = 1> <Delay = 0.12> <FuncUnit> <Opcode : 'and' 'or' 'xor'> <InPorts = 2> <OutPorts = 1>
ST_1 : Operation 718 [1/1] (0.00ns) (grouped into LUT with out node select_ln45_82)   --->   "%xor_ln46_166 = xor i1 %and_ln46_333, i1 1" [firmware/nnet_utils/nnet_activation.h:46]   --->   Operation 718 'xor' 'xor_ln46_166' <Predicate = (icmp_ln45_82)> <Delay = 0.00> <CoreInst = "LogicGate">   --->   Core 74 'LogicGate' <Latency = 0> <II = 1> <Delay = 0.12> <FuncUnit> <Opcode : 'and' 'or' 'xor'> <InPorts = 2> <OutPorts = 1>
ST_1 : Operation 719 [1/1] (0.00ns) (grouped into LUT with out node select_ln46_333)   --->   "%select_ln46_332 = select i1 %and_ln46_333, i5 %trunc_ln46_228, i5 0" [firmware/nnet_utils/nnet_activation.h:46]   --->   Operation 719 'select' 'select_ln46_332' <Predicate = (tmp_493 & or_ln46_249 & or_ln46_250 & icmp_ln45_82)> <Delay = 0.00> <CoreInst = "Sel">   --->   Core 73 'Sel' <Latency = 0> <II = 1> <Delay = 0.27> <FuncUnit> <Opcode : 'select'> <InPorts = 3> <OutPorts = 1>
ST_1 : Operation 720 [1/1] (0.00ns) (grouped into LUT with out node select_ln46_333)   --->   "%zext_ln46_146 = zext i5 %select_ln46_332" [firmware/nnet_utils/nnet_activation.h:46]   --->   Operation 720 'zext' 'zext_ln46_146' <Predicate = (tmp_493 & or_ln46_249 & or_ln46_250 & icmp_ln45_82)> <Delay = 0.00>
ST_1 : Operation 721 [1/1] (0.00ns) (grouped into LUT with out node select_ln45_82)   --->   "%and_ln46_334 = and i1 %tmp_493, i1 %xor_ln46_166" [firmware/nnet_utils/nnet_activation.h:46]   --->   Operation 721 'and' 'and_ln46_334' <Predicate = (icmp_ln45_82)> <Delay = 0.00> <CoreInst = "LogicGate">   --->   Core 74 'LogicGate' <Latency = 0> <II = 1> <Delay = 0.12> <FuncUnit> <Opcode : 'and' 'or' 'xor'> <InPorts = 2> <OutPorts = 1>
ST_1 : Operation 722 [1/1] (0.00ns) (grouped into LUT with out node select_ln45_82)   --->   "%or_ln46_250 = or i1 %and_ln46_334, i1 %xor_ln46_165" [firmware/nnet_utils/nnet_activation.h:46]   --->   Operation 722 'or' 'or_ln46_250' <Predicate = (icmp_ln45_82)> <Delay = 0.00> <CoreInst = "LogicGate">   --->   Core 74 'LogicGate' <Latency = 0> <II = 1> <Delay = 0.12> <FuncUnit> <Opcode : 'and' 'or' 'xor'> <InPorts = 2> <OutPorts = 1>
ST_1 : Operation 723 [1/1] (0.00ns) (grouped into LUT with out node select_ln46_333)   --->   "%select_ln46_419 = select i1 %tmp_493, i6 %zext_ln46_146, i6 %add_ln46_82" [firmware/nnet_utils/nnet_activation.h:46]   --->   Operation 723 'select' 'select_ln46_419' <Predicate = (or_ln46_249 & or_ln46_250 & icmp_ln45_82)> <Delay = 0.00> <CoreInst = "Sel">   --->   Core 73 'Sel' <Latency = 0> <II = 1> <Delay = 0.29> <FuncUnit> <Opcode : 'select'> <InPorts = 3> <OutPorts = 1>
ST_1 : Operation 724 [1/1] (0.29ns) (out node of the LUT)   --->   "%select_ln46_333 = select i1 %or_ln46_249, i6 %select_ln46_419, i6 63" [firmware/nnet_utils/nnet_activation.h:46]   --->   Operation 724 'select' 'select_ln46_333' <Predicate = (or_ln46_250 & icmp_ln45_82)> <Delay = 0.29> <CoreInst = "Sel">   --->   Core 73 'Sel' <Latency = 0> <II = 1> <Delay = 0.29> <FuncUnit> <Opcode : 'select'> <InPorts = 3> <OutPorts = 1>
ST_1 : Operation 725 [1/1] (0.00ns) (grouped into LUT with out node select_ln45_82)   --->   "%select_ln46_334 = select i1 %or_ln46_250, i6 %select_ln46_333, i6 %add_ln46_82" [firmware/nnet_utils/nnet_activation.h:46]   --->   Operation 725 'select' 'select_ln46_334' <Predicate = (icmp_ln45_82)> <Delay = 0.00> <CoreInst = "Sel">   --->   Core 73 'Sel' <Latency = 0> <II = 1> <Delay = 0.29> <FuncUnit> <Opcode : 'select'> <InPorts = 3> <OutPorts = 1>
ST_1 : Operation 726 [1/1] (0.29ns) (out node of the LUT)   --->   "%select_ln45_82 = select i1 %icmp_ln45_82, i6 %select_ln46_334, i6 0" [firmware/nnet_utils/nnet_activation.h:45]   --->   Operation 726 'select' 'select_ln45_82' <Predicate = true> <Delay = 0.29> <CoreInst = "Sel">   --->   Core 73 'Sel' <Latency = 0> <II = 1> <Delay = 0.29> <FuncUnit> <Opcode : 'select'> <InPorts = 3> <OutPorts = 1>
ST_1 : Operation 727 [1/1] (0.80ns)   --->   "%icmp_ln45_83 = icmp_sgt  i19 %data_21_val_read, i19 0" [firmware/nnet_utils/nnet_activation.h:45]   --->   Operation 727 'icmp' 'icmp_ln45_83' <Predicate = true> <Delay = 0.80> <CoreInst = "Cmp">   --->   Core 9 'Cmp' <Latency = 0> <II = 1> <Delay = 0.80> <FuncUnit> <Opcode : 'icmp'> <InPorts = 2> <OutPorts = 1>
ST_1 : Operation 728 [1/1] (0.00ns)   --->   "%tmp_499 = bitselect i1 @_ssdm_op_BitSelect.i1.i19.i32, i19 %data_21_val_read, i32 18" [firmware/nnet_utils/nnet_activation.h:46]   --->   Operation 728 'bitselect' 'tmp_499' <Predicate = (icmp_ln45_83)> <Delay = 0.00>
ST_1 : Operation 729 [1/1] (0.00ns) (grouped into LUT with out node add_ln46_83)   --->   "%trunc_ln46_81 = partselect i6 @_ssdm_op_PartSelect.i6.i19.i32.i32, i19 %data_21_val_read, i32 5, i32 10" [firmware/nnet_utils/nnet_activation.h:46]   --->   Operation 729 'partselect' 'trunc_ln46_81' <Predicate = (icmp_ln45_83)> <Delay = 0.00>
ST_1 : Operation 730 [1/1] (0.00ns) (grouped into LUT with out node add_ln46_83)   --->   "%tmp_500 = bitselect i1 @_ssdm_op_BitSelect.i1.i19.i32, i19 %data_21_val_read, i32 5" [firmware/nnet_utils/nnet_activation.h:46]   --->   Operation 730 'bitselect' 'tmp_500' <Predicate = (icmp_ln45_83)> <Delay = 0.00>
ST_1 : Operation 731 [1/1] (0.00ns) (grouped into LUT with out node add_ln46_83)   --->   "%tmp_501 = bitselect i1 @_ssdm_op_BitSelect.i1.i19.i32, i19 %data_21_val_read, i32 4" [firmware/nnet_utils/nnet_activation.h:46]   --->   Operation 731 'bitselect' 'tmp_501' <Predicate = (icmp_ln45_83)> <Delay = 0.00>
ST_1 : Operation 732 [1/1] (0.00ns)   --->   "%trunc_ln46_229 = trunc i19 %data_21_val_read" [firmware/nnet_utils/nnet_activation.h:46]   --->   Operation 732 'trunc' 'trunc_ln46_229' <Predicate = (icmp_ln45_83)> <Delay = 0.00>
ST_1 : Operation 733 [1/1] (0.70ns)   --->   "%icmp_ln46_251 = icmp_ne  i4 %trunc_ln46_229, i4 0" [firmware/nnet_utils/nnet_activation.h:46]   --->   Operation 733 'icmp' 'icmp_ln46_251' <Predicate = (icmp_ln45_83)> <Delay = 0.70> <CoreInst = "Cmp">   --->   Core 9 'Cmp' <Latency = 0> <II = 1> <Delay = 0.70> <FuncUnit> <Opcode : 'icmp'> <InPorts = 2> <OutPorts = 1>
ST_1 : Operation 734 [1/1] (0.00ns)   --->   "%tmp_502 = bitselect i1 @_ssdm_op_BitSelect.i1.i19.i32, i19 %data_21_val_read, i32 10" [firmware/nnet_utils/nnet_activation.h:46]   --->   Operation 734 'bitselect' 'tmp_502' <Predicate = (icmp_ln45_83)> <Delay = 0.00>
ST_1 : Operation 735 [1/1] (0.00ns) (grouped into LUT with out node add_ln46_83)   --->   "%or_ln46_251 = or i1 %tmp_500, i1 %icmp_ln46_251" [firmware/nnet_utils/nnet_activation.h:46]   --->   Operation 735 'or' 'or_ln46_251' <Predicate = (icmp_ln45_83)> <Delay = 0.00> <CoreInst = "LogicGate">   --->   Core 74 'LogicGate' <Latency = 0> <II = 1> <Delay = 0.12> <FuncUnit> <Opcode : 'and' 'or' 'xor'> <InPorts = 2> <OutPorts = 1>
ST_1 : Operation 736 [1/1] (0.00ns) (grouped into LUT with out node add_ln46_83)   --->   "%and_ln46_335 = and i1 %or_ln46_251, i1 %tmp_501" [firmware/nnet_utils/nnet_activation.h:46]   --->   Operation 736 'and' 'and_ln46_335' <Predicate = (icmp_ln45_83)> <Delay = 0.00> <CoreInst = "LogicGate">   --->   Core 74 'LogicGate' <Latency = 0> <II = 1> <Delay = 0.12> <FuncUnit> <Opcode : 'and' 'or' 'xor'> <InPorts = 2> <OutPorts = 1>
ST_1 : Operation 737 [1/1] (0.00ns) (grouped into LUT with out node add_ln46_83)   --->   "%zext_ln46_83 = zext i1 %and_ln46_335" [firmware/nnet_utils/nnet_activation.h:46]   --->   Operation 737 'zext' 'zext_ln46_83' <Predicate = (icmp_ln45_83)> <Delay = 0.00>
ST_1 : Operation 738 [1/1] (0.70ns) (out node of the LUT)   --->   "%add_ln46_83 = add i6 %trunc_ln46_81, i6 %zext_ln46_83" [firmware/nnet_utils/nnet_activation.h:46]   --->   Operation 738 'add' 'add_ln46_83' <Predicate = (icmp_ln45_83)> <Delay = 0.70> <CoreInst = "Adder">   --->   Core 1 'Adder' <Latency = 0> <II = 1> <Delay = 0.70> <FuncUnit> <Opcode : 'add' 'sub'> <InPorts = 2> <OutPorts = 1>
ST_1 : Operation 739 [1/1] (0.00ns) (grouped into LUT with out node select_ln46_337)   --->   "%trunc_ln46_230 = trunc i6 %add_ln46_83" [firmware/nnet_utils/nnet_activation.h:46]   --->   Operation 739 'trunc' 'trunc_ln46_230' <Predicate = (and_ln46_337 & tmp_499 & or_ln46_252 & or_ln46_253 & icmp_ln45_83)> <Delay = 0.00>
ST_1 : Operation 740 [1/1] (0.00ns)   --->   "%tmp_503 = partselect i8 @_ssdm_op_PartSelect.i8.i19.i32.i32, i19 %data_21_val_read, i32 11, i32 18" [firmware/nnet_utils/nnet_activation.h:46]   --->   Operation 740 'partselect' 'tmp_503' <Predicate = (icmp_ln45_83)> <Delay = 0.00>
ST_1 : Operation 741 [1/1] (0.70ns)   --->   "%icmp_ln46_252 = icmp_eq  i8 %tmp_503, i8 255" [firmware/nnet_utils/nnet_activation.h:46]   --->   Operation 741 'icmp' 'icmp_ln46_252' <Predicate = (icmp_ln45_83)> <Delay = 0.70> <CoreInst = "Cmp">   --->   Core 9 'Cmp' <Latency = 0> <II = 1> <Delay = 0.70> <FuncUnit> <Opcode : 'icmp'> <InPorts = 2> <OutPorts = 1>
ST_1 : Operation 742 [1/1] (0.70ns)   --->   "%icmp_ln46_253 = icmp_eq  i8 %tmp_503, i8 0" [firmware/nnet_utils/nnet_activation.h:46]   --->   Operation 742 'icmp' 'icmp_ln46_253' <Predicate = (icmp_ln45_83)> <Delay = 0.70> <CoreInst = "Cmp">   --->   Core 9 'Cmp' <Latency = 0> <II = 1> <Delay = 0.70> <FuncUnit> <Opcode : 'icmp'> <InPorts = 2> <OutPorts = 1>
ST_1 : Operation 743 [1/1] (0.00ns)   --->   "%tmp_504 = bitselect i1 @_ssdm_op_BitSelect.i1.i6.i32, i6 %add_ln46_83, i32 5" [firmware/nnet_utils/nnet_activation.h:46]   --->   Operation 743 'bitselect' 'tmp_504' <Predicate = (icmp_ln45_83)> <Delay = 0.00>
ST_1 : Operation 744 [1/1] (0.00ns) (grouped into LUT with out node and_ln46_337)   --->   "%xor_ln46_210 = xor i1 %tmp_504, i1 1" [firmware/nnet_utils/nnet_activation.h:46]   --->   Operation 744 'xor' 'xor_ln46_210' <Predicate = (icmp_ln45_83)> <Delay = 0.00> <CoreInst = "LogicGate">   --->   Core 74 'LogicGate' <Latency = 0> <II = 1> <Delay = 0.12> <FuncUnit> <Opcode : 'and' 'or' 'xor'> <InPorts = 2> <OutPorts = 1>
ST_1 : Operation 745 [1/1] (0.00ns) (grouped into LUT with out node or_ln46_252)   --->   "%select_ln46_335 = select i1 %tmp_504, i1 %icmp_ln46_253, i1 %icmp_ln46_252" [firmware/nnet_utils/nnet_activation.h:46]   --->   Operation 745 'select' 'select_ln46_335' <Predicate = (icmp_ln45_83)> <Delay = 0.00> <CoreInst = "Sel">   --->   Core 73 'Sel' <Latency = 0> <II = 1> <Delay = 0.27> <FuncUnit> <Opcode : 'select'> <InPorts = 3> <OutPorts = 1>
ST_1 : Operation 746 [1/1] (0.00ns) (grouped into LUT with out node or_ln46_252)   --->   "%select_ln46_420 = select i1 %tmp_502, i1 %select_ln46_335, i1 %icmp_ln46_253" [firmware/nnet_utils/nnet_activation.h:46]   --->   Operation 746 'select' 'select_ln46_420' <Predicate = (icmp_ln45_83)> <Delay = 0.00> <CoreInst = "Sel">   --->   Core 73 'Sel' <Latency = 0> <II = 1> <Delay = 0.27> <FuncUnit> <Opcode : 'select'> <InPorts = 3> <OutPorts = 1>
ST_1 : Operation 747 [1/1] (0.27ns) (out node of the LUT)   --->   "%or_ln46_252 = or i1 %select_ln46_420, i1 %tmp_499" [firmware/nnet_utils/nnet_activation.h:46]   --->   Operation 747 'or' 'or_ln46_252' <Predicate = (icmp_ln45_83)> <Delay = 0.27> <CoreInst = "LogicGate">   --->   Core 74 'LogicGate' <Latency = 0> <II = 1> <Delay = 0.12> <FuncUnit> <Opcode : 'and' 'or' 'xor'> <InPorts = 2> <OutPorts = 1>
ST_1 : Operation 748 [1/1] (0.00ns) (grouped into LUT with out node select_ln45_83)   --->   "%xor_ln46_167 = xor i1 %or_ln46_252, i1 1" [firmware/nnet_utils/nnet_activation.h:46]   --->   Operation 748 'xor' 'xor_ln46_167' <Predicate = (icmp_ln45_83)> <Delay = 0.00> <CoreInst = "LogicGate">   --->   Core 74 'LogicGate' <Latency = 0> <II = 1> <Delay = 0.12> <FuncUnit> <Opcode : 'and' 'or' 'xor'> <InPorts = 2> <OutPorts = 1>
ST_1 : Operation 749 [1/1] (0.00ns) (grouped into LUT with out node and_ln46_337)   --->   "%and_ln46_336 = and i1 %icmp_ln46_252, i1 %xor_ln46_210" [firmware/nnet_utils/nnet_activation.h:46]   --->   Operation 749 'and' 'and_ln46_336' <Predicate = (icmp_ln45_83)> <Delay = 0.00> <CoreInst = "LogicGate">   --->   Core 74 'LogicGate' <Latency = 0> <II = 1> <Delay = 0.12> <FuncUnit> <Opcode : 'and' 'or' 'xor'> <InPorts = 2> <OutPorts = 1>
ST_1 : Operation 750 [1/1] (0.12ns) (out node of the LUT)   --->   "%and_ln46_337 = and i1 %and_ln46_336, i1 %tmp_502" [firmware/nnet_utils/nnet_activation.h:46]   --->   Operation 750 'and' 'and_ln46_337' <Predicate = (icmp_ln45_83)> <Delay = 0.12> <CoreInst = "LogicGate">   --->   Core 74 'LogicGate' <Latency = 0> <II = 1> <Delay = 0.12> <FuncUnit> <Opcode : 'and' 'or' 'xor'> <InPorts = 2> <OutPorts = 1>
ST_1 : Operation 751 [1/1] (0.00ns) (grouped into LUT with out node select_ln45_83)   --->   "%xor_ln46_168 = xor i1 %and_ln46_337, i1 1" [firmware/nnet_utils/nnet_activation.h:46]   --->   Operation 751 'xor' 'xor_ln46_168' <Predicate = (icmp_ln45_83)> <Delay = 0.00> <CoreInst = "LogicGate">   --->   Core 74 'LogicGate' <Latency = 0> <II = 1> <Delay = 0.12> <FuncUnit> <Opcode : 'and' 'or' 'xor'> <InPorts = 2> <OutPorts = 1>
ST_1 : Operation 752 [1/1] (0.00ns) (grouped into LUT with out node select_ln46_337)   --->   "%select_ln46_336 = select i1 %and_ln46_337, i5 %trunc_ln46_230, i5 0" [firmware/nnet_utils/nnet_activation.h:46]   --->   Operation 752 'select' 'select_ln46_336' <Predicate = (tmp_499 & or_ln46_252 & or_ln46_253 & icmp_ln45_83)> <Delay = 0.00> <CoreInst = "Sel">   --->   Core 73 'Sel' <Latency = 0> <II = 1> <Delay = 0.27> <FuncUnit> <Opcode : 'select'> <InPorts = 3> <OutPorts = 1>
ST_1 : Operation 753 [1/1] (0.00ns) (grouped into LUT with out node select_ln46_337)   --->   "%zext_ln46_147 = zext i5 %select_ln46_336" [firmware/nnet_utils/nnet_activation.h:46]   --->   Operation 753 'zext' 'zext_ln46_147' <Predicate = (tmp_499 & or_ln46_252 & or_ln46_253 & icmp_ln45_83)> <Delay = 0.00>
ST_1 : Operation 754 [1/1] (0.00ns) (grouped into LUT with out node select_ln45_83)   --->   "%and_ln46_338 = and i1 %tmp_499, i1 %xor_ln46_168" [firmware/nnet_utils/nnet_activation.h:46]   --->   Operation 754 'and' 'and_ln46_338' <Predicate = (icmp_ln45_83)> <Delay = 0.00> <CoreInst = "LogicGate">   --->   Core 74 'LogicGate' <Latency = 0> <II = 1> <Delay = 0.12> <FuncUnit> <Opcode : 'and' 'or' 'xor'> <InPorts = 2> <OutPorts = 1>
ST_1 : Operation 755 [1/1] (0.00ns) (grouped into LUT with out node select_ln45_83)   --->   "%or_ln46_253 = or i1 %and_ln46_338, i1 %xor_ln46_167" [firmware/nnet_utils/nnet_activation.h:46]   --->   Operation 755 'or' 'or_ln46_253' <Predicate = (icmp_ln45_83)> <Delay = 0.00> <CoreInst = "LogicGate">   --->   Core 74 'LogicGate' <Latency = 0> <II = 1> <Delay = 0.12> <FuncUnit> <Opcode : 'and' 'or' 'xor'> <InPorts = 2> <OutPorts = 1>
ST_1 : Operation 756 [1/1] (0.00ns) (grouped into LUT with out node select_ln46_337)   --->   "%select_ln46_421 = select i1 %tmp_499, i6 %zext_ln46_147, i6 %add_ln46_83" [firmware/nnet_utils/nnet_activation.h:46]   --->   Operation 756 'select' 'select_ln46_421' <Predicate = (or_ln46_252 & or_ln46_253 & icmp_ln45_83)> <Delay = 0.00> <CoreInst = "Sel">   --->   Core 73 'Sel' <Latency = 0> <II = 1> <Delay = 0.29> <FuncUnit> <Opcode : 'select'> <InPorts = 3> <OutPorts = 1>
ST_1 : Operation 757 [1/1] (0.29ns) (out node of the LUT)   --->   "%select_ln46_337 = select i1 %or_ln46_252, i6 %select_ln46_421, i6 63" [firmware/nnet_utils/nnet_activation.h:46]   --->   Operation 757 'select' 'select_ln46_337' <Predicate = (or_ln46_253 & icmp_ln45_83)> <Delay = 0.29> <CoreInst = "Sel">   --->   Core 73 'Sel' <Latency = 0> <II = 1> <Delay = 0.29> <FuncUnit> <Opcode : 'select'> <InPorts = 3> <OutPorts = 1>
ST_1 : Operation 758 [1/1] (0.00ns) (grouped into LUT with out node select_ln45_83)   --->   "%select_ln46_338 = select i1 %or_ln46_253, i6 %select_ln46_337, i6 %add_ln46_83" [firmware/nnet_utils/nnet_activation.h:46]   --->   Operation 758 'select' 'select_ln46_338' <Predicate = (icmp_ln45_83)> <Delay = 0.00> <CoreInst = "Sel">   --->   Core 73 'Sel' <Latency = 0> <II = 1> <Delay = 0.29> <FuncUnit> <Opcode : 'select'> <InPorts = 3> <OutPorts = 1>
ST_1 : Operation 759 [1/1] (0.29ns) (out node of the LUT)   --->   "%select_ln45_83 = select i1 %icmp_ln45_83, i6 %select_ln46_338, i6 0" [firmware/nnet_utils/nnet_activation.h:45]   --->   Operation 759 'select' 'select_ln45_83' <Predicate = true> <Delay = 0.29> <CoreInst = "Sel">   --->   Core 73 'Sel' <Latency = 0> <II = 1> <Delay = 0.29> <FuncUnit> <Opcode : 'select'> <InPorts = 3> <OutPorts = 1>
ST_1 : Operation 760 [1/1] (0.80ns)   --->   "%icmp_ln45_84 = icmp_sgt  i19 %data_22_val_read, i19 0" [firmware/nnet_utils/nnet_activation.h:45]   --->   Operation 760 'icmp' 'icmp_ln45_84' <Predicate = true> <Delay = 0.80> <CoreInst = "Cmp">   --->   Core 9 'Cmp' <Latency = 0> <II = 1> <Delay = 0.80> <FuncUnit> <Opcode : 'icmp'> <InPorts = 2> <OutPorts = 1>
ST_1 : Operation 761 [1/1] (0.00ns)   --->   "%tmp_505 = bitselect i1 @_ssdm_op_BitSelect.i1.i19.i32, i19 %data_22_val_read, i32 18" [firmware/nnet_utils/nnet_activation.h:46]   --->   Operation 761 'bitselect' 'tmp_505' <Predicate = (icmp_ln45_84)> <Delay = 0.00>
ST_1 : Operation 762 [1/1] (0.00ns) (grouped into LUT with out node add_ln46_84)   --->   "%trunc_ln46_82 = partselect i6 @_ssdm_op_PartSelect.i6.i19.i32.i32, i19 %data_22_val_read, i32 5, i32 10" [firmware/nnet_utils/nnet_activation.h:46]   --->   Operation 762 'partselect' 'trunc_ln46_82' <Predicate = (icmp_ln45_84)> <Delay = 0.00>
ST_1 : Operation 763 [1/1] (0.00ns) (grouped into LUT with out node add_ln46_84)   --->   "%tmp_506 = bitselect i1 @_ssdm_op_BitSelect.i1.i19.i32, i19 %data_22_val_read, i32 5" [firmware/nnet_utils/nnet_activation.h:46]   --->   Operation 763 'bitselect' 'tmp_506' <Predicate = (icmp_ln45_84)> <Delay = 0.00>
ST_1 : Operation 764 [1/1] (0.00ns) (grouped into LUT with out node add_ln46_84)   --->   "%tmp_507 = bitselect i1 @_ssdm_op_BitSelect.i1.i19.i32, i19 %data_22_val_read, i32 4" [firmware/nnet_utils/nnet_activation.h:46]   --->   Operation 764 'bitselect' 'tmp_507' <Predicate = (icmp_ln45_84)> <Delay = 0.00>
ST_1 : Operation 765 [1/1] (0.00ns)   --->   "%trunc_ln46_231 = trunc i19 %data_22_val_read" [firmware/nnet_utils/nnet_activation.h:46]   --->   Operation 765 'trunc' 'trunc_ln46_231' <Predicate = (icmp_ln45_84)> <Delay = 0.00>
ST_1 : Operation 766 [1/1] (0.70ns)   --->   "%icmp_ln46_254 = icmp_ne  i4 %trunc_ln46_231, i4 0" [firmware/nnet_utils/nnet_activation.h:46]   --->   Operation 766 'icmp' 'icmp_ln46_254' <Predicate = (icmp_ln45_84)> <Delay = 0.70> <CoreInst = "Cmp">   --->   Core 9 'Cmp' <Latency = 0> <II = 1> <Delay = 0.70> <FuncUnit> <Opcode : 'icmp'> <InPorts = 2> <OutPorts = 1>
ST_1 : Operation 767 [1/1] (0.00ns)   --->   "%tmp_508 = bitselect i1 @_ssdm_op_BitSelect.i1.i19.i32, i19 %data_22_val_read, i32 10" [firmware/nnet_utils/nnet_activation.h:46]   --->   Operation 767 'bitselect' 'tmp_508' <Predicate = (icmp_ln45_84)> <Delay = 0.00>
ST_1 : Operation 768 [1/1] (0.00ns) (grouped into LUT with out node add_ln46_84)   --->   "%or_ln46_254 = or i1 %tmp_506, i1 %icmp_ln46_254" [firmware/nnet_utils/nnet_activation.h:46]   --->   Operation 768 'or' 'or_ln46_254' <Predicate = (icmp_ln45_84)> <Delay = 0.00> <CoreInst = "LogicGate">   --->   Core 74 'LogicGate' <Latency = 0> <II = 1> <Delay = 0.12> <FuncUnit> <Opcode : 'and' 'or' 'xor'> <InPorts = 2> <OutPorts = 1>
ST_1 : Operation 769 [1/1] (0.00ns) (grouped into LUT with out node add_ln46_84)   --->   "%and_ln46_339 = and i1 %or_ln46_254, i1 %tmp_507" [firmware/nnet_utils/nnet_activation.h:46]   --->   Operation 769 'and' 'and_ln46_339' <Predicate = (icmp_ln45_84)> <Delay = 0.00> <CoreInst = "LogicGate">   --->   Core 74 'LogicGate' <Latency = 0> <II = 1> <Delay = 0.12> <FuncUnit> <Opcode : 'and' 'or' 'xor'> <InPorts = 2> <OutPorts = 1>
ST_1 : Operation 770 [1/1] (0.00ns) (grouped into LUT with out node add_ln46_84)   --->   "%zext_ln46_84 = zext i1 %and_ln46_339" [firmware/nnet_utils/nnet_activation.h:46]   --->   Operation 770 'zext' 'zext_ln46_84' <Predicate = (icmp_ln45_84)> <Delay = 0.00>
ST_1 : Operation 771 [1/1] (0.70ns) (out node of the LUT)   --->   "%add_ln46_84 = add i6 %trunc_ln46_82, i6 %zext_ln46_84" [firmware/nnet_utils/nnet_activation.h:46]   --->   Operation 771 'add' 'add_ln46_84' <Predicate = (icmp_ln45_84)> <Delay = 0.70> <CoreInst = "Adder">   --->   Core 1 'Adder' <Latency = 0> <II = 1> <Delay = 0.70> <FuncUnit> <Opcode : 'add' 'sub'> <InPorts = 2> <OutPorts = 1>
ST_1 : Operation 772 [1/1] (0.00ns) (grouped into LUT with out node select_ln46_341)   --->   "%trunc_ln46_232 = trunc i6 %add_ln46_84" [firmware/nnet_utils/nnet_activation.h:46]   --->   Operation 772 'trunc' 'trunc_ln46_232' <Predicate = (and_ln46_341 & tmp_505 & or_ln46_255 & or_ln46_256 & icmp_ln45_84)> <Delay = 0.00>
ST_1 : Operation 773 [1/1] (0.00ns)   --->   "%tmp_509 = partselect i8 @_ssdm_op_PartSelect.i8.i19.i32.i32, i19 %data_22_val_read, i32 11, i32 18" [firmware/nnet_utils/nnet_activation.h:46]   --->   Operation 773 'partselect' 'tmp_509' <Predicate = (icmp_ln45_84)> <Delay = 0.00>
ST_1 : Operation 774 [1/1] (0.70ns)   --->   "%icmp_ln46_255 = icmp_eq  i8 %tmp_509, i8 255" [firmware/nnet_utils/nnet_activation.h:46]   --->   Operation 774 'icmp' 'icmp_ln46_255' <Predicate = (icmp_ln45_84)> <Delay = 0.70> <CoreInst = "Cmp">   --->   Core 9 'Cmp' <Latency = 0> <II = 1> <Delay = 0.70> <FuncUnit> <Opcode : 'icmp'> <InPorts = 2> <OutPorts = 1>
ST_1 : Operation 775 [1/1] (0.70ns)   --->   "%icmp_ln46_256 = icmp_eq  i8 %tmp_509, i8 0" [firmware/nnet_utils/nnet_activation.h:46]   --->   Operation 775 'icmp' 'icmp_ln46_256' <Predicate = (icmp_ln45_84)> <Delay = 0.70> <CoreInst = "Cmp">   --->   Core 9 'Cmp' <Latency = 0> <II = 1> <Delay = 0.70> <FuncUnit> <Opcode : 'icmp'> <InPorts = 2> <OutPorts = 1>
ST_1 : Operation 776 [1/1] (0.00ns)   --->   "%tmp_510 = bitselect i1 @_ssdm_op_BitSelect.i1.i6.i32, i6 %add_ln46_84, i32 5" [firmware/nnet_utils/nnet_activation.h:46]   --->   Operation 776 'bitselect' 'tmp_510' <Predicate = (icmp_ln45_84)> <Delay = 0.00>
ST_1 : Operation 777 [1/1] (0.00ns) (grouped into LUT with out node and_ln46_341)   --->   "%xor_ln46_211 = xor i1 %tmp_510, i1 1" [firmware/nnet_utils/nnet_activation.h:46]   --->   Operation 777 'xor' 'xor_ln46_211' <Predicate = (icmp_ln45_84)> <Delay = 0.00> <CoreInst = "LogicGate">   --->   Core 74 'LogicGate' <Latency = 0> <II = 1> <Delay = 0.12> <FuncUnit> <Opcode : 'and' 'or' 'xor'> <InPorts = 2> <OutPorts = 1>
ST_1 : Operation 778 [1/1] (0.00ns) (grouped into LUT with out node or_ln46_255)   --->   "%select_ln46_339 = select i1 %tmp_510, i1 %icmp_ln46_256, i1 %icmp_ln46_255" [firmware/nnet_utils/nnet_activation.h:46]   --->   Operation 778 'select' 'select_ln46_339' <Predicate = (icmp_ln45_84)> <Delay = 0.00> <CoreInst = "Sel">   --->   Core 73 'Sel' <Latency = 0> <II = 1> <Delay = 0.27> <FuncUnit> <Opcode : 'select'> <InPorts = 3> <OutPorts = 1>
ST_1 : Operation 779 [1/1] (0.00ns) (grouped into LUT with out node or_ln46_255)   --->   "%select_ln46_422 = select i1 %tmp_508, i1 %select_ln46_339, i1 %icmp_ln46_256" [firmware/nnet_utils/nnet_activation.h:46]   --->   Operation 779 'select' 'select_ln46_422' <Predicate = (icmp_ln45_84)> <Delay = 0.00> <CoreInst = "Sel">   --->   Core 73 'Sel' <Latency = 0> <II = 1> <Delay = 0.27> <FuncUnit> <Opcode : 'select'> <InPorts = 3> <OutPorts = 1>
ST_1 : Operation 780 [1/1] (0.27ns) (out node of the LUT)   --->   "%or_ln46_255 = or i1 %select_ln46_422, i1 %tmp_505" [firmware/nnet_utils/nnet_activation.h:46]   --->   Operation 780 'or' 'or_ln46_255' <Predicate = (icmp_ln45_84)> <Delay = 0.27> <CoreInst = "LogicGate">   --->   Core 74 'LogicGate' <Latency = 0> <II = 1> <Delay = 0.12> <FuncUnit> <Opcode : 'and' 'or' 'xor'> <InPorts = 2> <OutPorts = 1>
ST_1 : Operation 781 [1/1] (0.00ns) (grouped into LUT with out node select_ln45_84)   --->   "%xor_ln46_169 = xor i1 %or_ln46_255, i1 1" [firmware/nnet_utils/nnet_activation.h:46]   --->   Operation 781 'xor' 'xor_ln46_169' <Predicate = (icmp_ln45_84)> <Delay = 0.00> <CoreInst = "LogicGate">   --->   Core 74 'LogicGate' <Latency = 0> <II = 1> <Delay = 0.12> <FuncUnit> <Opcode : 'and' 'or' 'xor'> <InPorts = 2> <OutPorts = 1>
ST_1 : Operation 782 [1/1] (0.00ns) (grouped into LUT with out node and_ln46_341)   --->   "%and_ln46_340 = and i1 %icmp_ln46_255, i1 %xor_ln46_211" [firmware/nnet_utils/nnet_activation.h:46]   --->   Operation 782 'and' 'and_ln46_340' <Predicate = (icmp_ln45_84)> <Delay = 0.00> <CoreInst = "LogicGate">   --->   Core 74 'LogicGate' <Latency = 0> <II = 1> <Delay = 0.12> <FuncUnit> <Opcode : 'and' 'or' 'xor'> <InPorts = 2> <OutPorts = 1>
ST_1 : Operation 783 [1/1] (0.12ns) (out node of the LUT)   --->   "%and_ln46_341 = and i1 %and_ln46_340, i1 %tmp_508" [firmware/nnet_utils/nnet_activation.h:46]   --->   Operation 783 'and' 'and_ln46_341' <Predicate = (icmp_ln45_84)> <Delay = 0.12> <CoreInst = "LogicGate">   --->   Core 74 'LogicGate' <Latency = 0> <II = 1> <Delay = 0.12> <FuncUnit> <Opcode : 'and' 'or' 'xor'> <InPorts = 2> <OutPorts = 1>
ST_1 : Operation 784 [1/1] (0.00ns) (grouped into LUT with out node select_ln45_84)   --->   "%xor_ln46_170 = xor i1 %and_ln46_341, i1 1" [firmware/nnet_utils/nnet_activation.h:46]   --->   Operation 784 'xor' 'xor_ln46_170' <Predicate = (icmp_ln45_84)> <Delay = 0.00> <CoreInst = "LogicGate">   --->   Core 74 'LogicGate' <Latency = 0> <II = 1> <Delay = 0.12> <FuncUnit> <Opcode : 'and' 'or' 'xor'> <InPorts = 2> <OutPorts = 1>
ST_1 : Operation 785 [1/1] (0.00ns) (grouped into LUT with out node select_ln46_341)   --->   "%select_ln46_340 = select i1 %and_ln46_341, i5 %trunc_ln46_232, i5 0" [firmware/nnet_utils/nnet_activation.h:46]   --->   Operation 785 'select' 'select_ln46_340' <Predicate = (tmp_505 & or_ln46_255 & or_ln46_256 & icmp_ln45_84)> <Delay = 0.00> <CoreInst = "Sel">   --->   Core 73 'Sel' <Latency = 0> <II = 1> <Delay = 0.27> <FuncUnit> <Opcode : 'select'> <InPorts = 3> <OutPorts = 1>
ST_1 : Operation 786 [1/1] (0.00ns) (grouped into LUT with out node select_ln46_341)   --->   "%zext_ln46_148 = zext i5 %select_ln46_340" [firmware/nnet_utils/nnet_activation.h:46]   --->   Operation 786 'zext' 'zext_ln46_148' <Predicate = (tmp_505 & or_ln46_255 & or_ln46_256 & icmp_ln45_84)> <Delay = 0.00>
ST_1 : Operation 787 [1/1] (0.00ns) (grouped into LUT with out node select_ln45_84)   --->   "%and_ln46_342 = and i1 %tmp_505, i1 %xor_ln46_170" [firmware/nnet_utils/nnet_activation.h:46]   --->   Operation 787 'and' 'and_ln46_342' <Predicate = (icmp_ln45_84)> <Delay = 0.00> <CoreInst = "LogicGate">   --->   Core 74 'LogicGate' <Latency = 0> <II = 1> <Delay = 0.12> <FuncUnit> <Opcode : 'and' 'or' 'xor'> <InPorts = 2> <OutPorts = 1>
ST_1 : Operation 788 [1/1] (0.00ns) (grouped into LUT with out node select_ln45_84)   --->   "%or_ln46_256 = or i1 %and_ln46_342, i1 %xor_ln46_169" [firmware/nnet_utils/nnet_activation.h:46]   --->   Operation 788 'or' 'or_ln46_256' <Predicate = (icmp_ln45_84)> <Delay = 0.00> <CoreInst = "LogicGate">   --->   Core 74 'LogicGate' <Latency = 0> <II = 1> <Delay = 0.12> <FuncUnit> <Opcode : 'and' 'or' 'xor'> <InPorts = 2> <OutPorts = 1>
ST_1 : Operation 789 [1/1] (0.00ns) (grouped into LUT with out node select_ln46_341)   --->   "%select_ln46_423 = select i1 %tmp_505, i6 %zext_ln46_148, i6 %add_ln46_84" [firmware/nnet_utils/nnet_activation.h:46]   --->   Operation 789 'select' 'select_ln46_423' <Predicate = (or_ln46_255 & or_ln46_256 & icmp_ln45_84)> <Delay = 0.00> <CoreInst = "Sel">   --->   Core 73 'Sel' <Latency = 0> <II = 1> <Delay = 0.29> <FuncUnit> <Opcode : 'select'> <InPorts = 3> <OutPorts = 1>
ST_1 : Operation 790 [1/1] (0.29ns) (out node of the LUT)   --->   "%select_ln46_341 = select i1 %or_ln46_255, i6 %select_ln46_423, i6 63" [firmware/nnet_utils/nnet_activation.h:46]   --->   Operation 790 'select' 'select_ln46_341' <Predicate = (or_ln46_256 & icmp_ln45_84)> <Delay = 0.29> <CoreInst = "Sel">   --->   Core 73 'Sel' <Latency = 0> <II = 1> <Delay = 0.29> <FuncUnit> <Opcode : 'select'> <InPorts = 3> <OutPorts = 1>
ST_1 : Operation 791 [1/1] (0.00ns) (grouped into LUT with out node select_ln45_84)   --->   "%select_ln46_342 = select i1 %or_ln46_256, i6 %select_ln46_341, i6 %add_ln46_84" [firmware/nnet_utils/nnet_activation.h:46]   --->   Operation 791 'select' 'select_ln46_342' <Predicate = (icmp_ln45_84)> <Delay = 0.00> <CoreInst = "Sel">   --->   Core 73 'Sel' <Latency = 0> <II = 1> <Delay = 0.29> <FuncUnit> <Opcode : 'select'> <InPorts = 3> <OutPorts = 1>
ST_1 : Operation 792 [1/1] (0.29ns) (out node of the LUT)   --->   "%select_ln45_84 = select i1 %icmp_ln45_84, i6 %select_ln46_342, i6 0" [firmware/nnet_utils/nnet_activation.h:45]   --->   Operation 792 'select' 'select_ln45_84' <Predicate = true> <Delay = 0.29> <CoreInst = "Sel">   --->   Core 73 'Sel' <Latency = 0> <II = 1> <Delay = 0.29> <FuncUnit> <Opcode : 'select'> <InPorts = 3> <OutPorts = 1>
ST_1 : Operation 793 [1/1] (0.80ns)   --->   "%icmp_ln45_85 = icmp_sgt  i19 %data_23_val_read, i19 0" [firmware/nnet_utils/nnet_activation.h:45]   --->   Operation 793 'icmp' 'icmp_ln45_85' <Predicate = true> <Delay = 0.80> <CoreInst = "Cmp">   --->   Core 9 'Cmp' <Latency = 0> <II = 1> <Delay = 0.80> <FuncUnit> <Opcode : 'icmp'> <InPorts = 2> <OutPorts = 1>
ST_1 : Operation 794 [1/1] (0.00ns)   --->   "%tmp_511 = bitselect i1 @_ssdm_op_BitSelect.i1.i19.i32, i19 %data_23_val_read, i32 18" [firmware/nnet_utils/nnet_activation.h:46]   --->   Operation 794 'bitselect' 'tmp_511' <Predicate = (icmp_ln45_85)> <Delay = 0.00>
ST_1 : Operation 795 [1/1] (0.00ns) (grouped into LUT with out node add_ln46_85)   --->   "%trunc_ln46_83 = partselect i6 @_ssdm_op_PartSelect.i6.i19.i32.i32, i19 %data_23_val_read, i32 5, i32 10" [firmware/nnet_utils/nnet_activation.h:46]   --->   Operation 795 'partselect' 'trunc_ln46_83' <Predicate = (icmp_ln45_85)> <Delay = 0.00>
ST_1 : Operation 796 [1/1] (0.00ns) (grouped into LUT with out node add_ln46_85)   --->   "%tmp_512 = bitselect i1 @_ssdm_op_BitSelect.i1.i19.i32, i19 %data_23_val_read, i32 5" [firmware/nnet_utils/nnet_activation.h:46]   --->   Operation 796 'bitselect' 'tmp_512' <Predicate = (icmp_ln45_85)> <Delay = 0.00>
ST_1 : Operation 797 [1/1] (0.00ns) (grouped into LUT with out node add_ln46_85)   --->   "%tmp_513 = bitselect i1 @_ssdm_op_BitSelect.i1.i19.i32, i19 %data_23_val_read, i32 4" [firmware/nnet_utils/nnet_activation.h:46]   --->   Operation 797 'bitselect' 'tmp_513' <Predicate = (icmp_ln45_85)> <Delay = 0.00>
ST_1 : Operation 798 [1/1] (0.00ns)   --->   "%trunc_ln46_233 = trunc i19 %data_23_val_read" [firmware/nnet_utils/nnet_activation.h:46]   --->   Operation 798 'trunc' 'trunc_ln46_233' <Predicate = (icmp_ln45_85)> <Delay = 0.00>
ST_1 : Operation 799 [1/1] (0.70ns)   --->   "%icmp_ln46_257 = icmp_ne  i4 %trunc_ln46_233, i4 0" [firmware/nnet_utils/nnet_activation.h:46]   --->   Operation 799 'icmp' 'icmp_ln46_257' <Predicate = (icmp_ln45_85)> <Delay = 0.70> <CoreInst = "Cmp">   --->   Core 9 'Cmp' <Latency = 0> <II = 1> <Delay = 0.70> <FuncUnit> <Opcode : 'icmp'> <InPorts = 2> <OutPorts = 1>
ST_1 : Operation 800 [1/1] (0.00ns)   --->   "%tmp_514 = bitselect i1 @_ssdm_op_BitSelect.i1.i19.i32, i19 %data_23_val_read, i32 10" [firmware/nnet_utils/nnet_activation.h:46]   --->   Operation 800 'bitselect' 'tmp_514' <Predicate = (icmp_ln45_85)> <Delay = 0.00>
ST_1 : Operation 801 [1/1] (0.00ns) (grouped into LUT with out node add_ln46_85)   --->   "%or_ln46_257 = or i1 %tmp_512, i1 %icmp_ln46_257" [firmware/nnet_utils/nnet_activation.h:46]   --->   Operation 801 'or' 'or_ln46_257' <Predicate = (icmp_ln45_85)> <Delay = 0.00> <CoreInst = "LogicGate">   --->   Core 74 'LogicGate' <Latency = 0> <II = 1> <Delay = 0.12> <FuncUnit> <Opcode : 'and' 'or' 'xor'> <InPorts = 2> <OutPorts = 1>
ST_1 : Operation 802 [1/1] (0.00ns) (grouped into LUT with out node add_ln46_85)   --->   "%and_ln46_343 = and i1 %or_ln46_257, i1 %tmp_513" [firmware/nnet_utils/nnet_activation.h:46]   --->   Operation 802 'and' 'and_ln46_343' <Predicate = (icmp_ln45_85)> <Delay = 0.00> <CoreInst = "LogicGate">   --->   Core 74 'LogicGate' <Latency = 0> <II = 1> <Delay = 0.12> <FuncUnit> <Opcode : 'and' 'or' 'xor'> <InPorts = 2> <OutPorts = 1>
ST_1 : Operation 803 [1/1] (0.00ns) (grouped into LUT with out node add_ln46_85)   --->   "%zext_ln46_85 = zext i1 %and_ln46_343" [firmware/nnet_utils/nnet_activation.h:46]   --->   Operation 803 'zext' 'zext_ln46_85' <Predicate = (icmp_ln45_85)> <Delay = 0.00>
ST_1 : Operation 804 [1/1] (0.70ns) (out node of the LUT)   --->   "%add_ln46_85 = add i6 %trunc_ln46_83, i6 %zext_ln46_85" [firmware/nnet_utils/nnet_activation.h:46]   --->   Operation 804 'add' 'add_ln46_85' <Predicate = (icmp_ln45_85)> <Delay = 0.70> <CoreInst = "Adder">   --->   Core 1 'Adder' <Latency = 0> <II = 1> <Delay = 0.70> <FuncUnit> <Opcode : 'add' 'sub'> <InPorts = 2> <OutPorts = 1>
ST_1 : Operation 805 [1/1] (0.00ns) (grouped into LUT with out node select_ln46_345)   --->   "%trunc_ln46_234 = trunc i6 %add_ln46_85" [firmware/nnet_utils/nnet_activation.h:46]   --->   Operation 805 'trunc' 'trunc_ln46_234' <Predicate = (and_ln46_345 & tmp_511 & or_ln46_258 & or_ln46_259 & icmp_ln45_85)> <Delay = 0.00>
ST_1 : Operation 806 [1/1] (0.00ns)   --->   "%tmp_515 = partselect i8 @_ssdm_op_PartSelect.i8.i19.i32.i32, i19 %data_23_val_read, i32 11, i32 18" [firmware/nnet_utils/nnet_activation.h:46]   --->   Operation 806 'partselect' 'tmp_515' <Predicate = (icmp_ln45_85)> <Delay = 0.00>
ST_1 : Operation 807 [1/1] (0.70ns)   --->   "%icmp_ln46_258 = icmp_eq  i8 %tmp_515, i8 255" [firmware/nnet_utils/nnet_activation.h:46]   --->   Operation 807 'icmp' 'icmp_ln46_258' <Predicate = (icmp_ln45_85)> <Delay = 0.70> <CoreInst = "Cmp">   --->   Core 9 'Cmp' <Latency = 0> <II = 1> <Delay = 0.70> <FuncUnit> <Opcode : 'icmp'> <InPorts = 2> <OutPorts = 1>
ST_1 : Operation 808 [1/1] (0.70ns)   --->   "%icmp_ln46_259 = icmp_eq  i8 %tmp_515, i8 0" [firmware/nnet_utils/nnet_activation.h:46]   --->   Operation 808 'icmp' 'icmp_ln46_259' <Predicate = (icmp_ln45_85)> <Delay = 0.70> <CoreInst = "Cmp">   --->   Core 9 'Cmp' <Latency = 0> <II = 1> <Delay = 0.70> <FuncUnit> <Opcode : 'icmp'> <InPorts = 2> <OutPorts = 1>
ST_1 : Operation 809 [1/1] (0.00ns)   --->   "%tmp_516 = bitselect i1 @_ssdm_op_BitSelect.i1.i6.i32, i6 %add_ln46_85, i32 5" [firmware/nnet_utils/nnet_activation.h:46]   --->   Operation 809 'bitselect' 'tmp_516' <Predicate = (icmp_ln45_85)> <Delay = 0.00>
ST_1 : Operation 810 [1/1] (0.00ns) (grouped into LUT with out node and_ln46_345)   --->   "%xor_ln46_212 = xor i1 %tmp_516, i1 1" [firmware/nnet_utils/nnet_activation.h:46]   --->   Operation 810 'xor' 'xor_ln46_212' <Predicate = (icmp_ln45_85)> <Delay = 0.00> <CoreInst = "LogicGate">   --->   Core 74 'LogicGate' <Latency = 0> <II = 1> <Delay = 0.12> <FuncUnit> <Opcode : 'and' 'or' 'xor'> <InPorts = 2> <OutPorts = 1>
ST_1 : Operation 811 [1/1] (0.00ns) (grouped into LUT with out node or_ln46_258)   --->   "%select_ln46_343 = select i1 %tmp_516, i1 %icmp_ln46_259, i1 %icmp_ln46_258" [firmware/nnet_utils/nnet_activation.h:46]   --->   Operation 811 'select' 'select_ln46_343' <Predicate = (icmp_ln45_85)> <Delay = 0.00> <CoreInst = "Sel">   --->   Core 73 'Sel' <Latency = 0> <II = 1> <Delay = 0.27> <FuncUnit> <Opcode : 'select'> <InPorts = 3> <OutPorts = 1>
ST_1 : Operation 812 [1/1] (0.00ns) (grouped into LUT with out node or_ln46_258)   --->   "%select_ln46_424 = select i1 %tmp_514, i1 %select_ln46_343, i1 %icmp_ln46_259" [firmware/nnet_utils/nnet_activation.h:46]   --->   Operation 812 'select' 'select_ln46_424' <Predicate = (icmp_ln45_85)> <Delay = 0.00> <CoreInst = "Sel">   --->   Core 73 'Sel' <Latency = 0> <II = 1> <Delay = 0.27> <FuncUnit> <Opcode : 'select'> <InPorts = 3> <OutPorts = 1>
ST_1 : Operation 813 [1/1] (0.27ns) (out node of the LUT)   --->   "%or_ln46_258 = or i1 %select_ln46_424, i1 %tmp_511" [firmware/nnet_utils/nnet_activation.h:46]   --->   Operation 813 'or' 'or_ln46_258' <Predicate = (icmp_ln45_85)> <Delay = 0.27> <CoreInst = "LogicGate">   --->   Core 74 'LogicGate' <Latency = 0> <II = 1> <Delay = 0.12> <FuncUnit> <Opcode : 'and' 'or' 'xor'> <InPorts = 2> <OutPorts = 1>
ST_1 : Operation 814 [1/1] (0.00ns) (grouped into LUT with out node select_ln45_85)   --->   "%xor_ln46_171 = xor i1 %or_ln46_258, i1 1" [firmware/nnet_utils/nnet_activation.h:46]   --->   Operation 814 'xor' 'xor_ln46_171' <Predicate = (icmp_ln45_85)> <Delay = 0.00> <CoreInst = "LogicGate">   --->   Core 74 'LogicGate' <Latency = 0> <II = 1> <Delay = 0.12> <FuncUnit> <Opcode : 'and' 'or' 'xor'> <InPorts = 2> <OutPorts = 1>
ST_1 : Operation 815 [1/1] (0.00ns) (grouped into LUT with out node and_ln46_345)   --->   "%and_ln46_344 = and i1 %icmp_ln46_258, i1 %xor_ln46_212" [firmware/nnet_utils/nnet_activation.h:46]   --->   Operation 815 'and' 'and_ln46_344' <Predicate = (icmp_ln45_85)> <Delay = 0.00> <CoreInst = "LogicGate">   --->   Core 74 'LogicGate' <Latency = 0> <II = 1> <Delay = 0.12> <FuncUnit> <Opcode : 'and' 'or' 'xor'> <InPorts = 2> <OutPorts = 1>
ST_1 : Operation 816 [1/1] (0.12ns) (out node of the LUT)   --->   "%and_ln46_345 = and i1 %and_ln46_344, i1 %tmp_514" [firmware/nnet_utils/nnet_activation.h:46]   --->   Operation 816 'and' 'and_ln46_345' <Predicate = (icmp_ln45_85)> <Delay = 0.12> <CoreInst = "LogicGate">   --->   Core 74 'LogicGate' <Latency = 0> <II = 1> <Delay = 0.12> <FuncUnit> <Opcode : 'and' 'or' 'xor'> <InPorts = 2> <OutPorts = 1>
ST_1 : Operation 817 [1/1] (0.00ns) (grouped into LUT with out node select_ln45_85)   --->   "%xor_ln46_172 = xor i1 %and_ln46_345, i1 1" [firmware/nnet_utils/nnet_activation.h:46]   --->   Operation 817 'xor' 'xor_ln46_172' <Predicate = (icmp_ln45_85)> <Delay = 0.00> <CoreInst = "LogicGate">   --->   Core 74 'LogicGate' <Latency = 0> <II = 1> <Delay = 0.12> <FuncUnit> <Opcode : 'and' 'or' 'xor'> <InPorts = 2> <OutPorts = 1>
ST_1 : Operation 818 [1/1] (0.00ns) (grouped into LUT with out node select_ln46_345)   --->   "%select_ln46_344 = select i1 %and_ln46_345, i5 %trunc_ln46_234, i5 0" [firmware/nnet_utils/nnet_activation.h:46]   --->   Operation 818 'select' 'select_ln46_344' <Predicate = (tmp_511 & or_ln46_258 & or_ln46_259 & icmp_ln45_85)> <Delay = 0.00> <CoreInst = "Sel">   --->   Core 73 'Sel' <Latency = 0> <II = 1> <Delay = 0.27> <FuncUnit> <Opcode : 'select'> <InPorts = 3> <OutPorts = 1>
ST_1 : Operation 819 [1/1] (0.00ns) (grouped into LUT with out node select_ln46_345)   --->   "%zext_ln46_149 = zext i5 %select_ln46_344" [firmware/nnet_utils/nnet_activation.h:46]   --->   Operation 819 'zext' 'zext_ln46_149' <Predicate = (tmp_511 & or_ln46_258 & or_ln46_259 & icmp_ln45_85)> <Delay = 0.00>
ST_1 : Operation 820 [1/1] (0.00ns) (grouped into LUT with out node select_ln45_85)   --->   "%and_ln46_346 = and i1 %tmp_511, i1 %xor_ln46_172" [firmware/nnet_utils/nnet_activation.h:46]   --->   Operation 820 'and' 'and_ln46_346' <Predicate = (icmp_ln45_85)> <Delay = 0.00> <CoreInst = "LogicGate">   --->   Core 74 'LogicGate' <Latency = 0> <II = 1> <Delay = 0.12> <FuncUnit> <Opcode : 'and' 'or' 'xor'> <InPorts = 2> <OutPorts = 1>
ST_1 : Operation 821 [1/1] (0.00ns) (grouped into LUT with out node select_ln45_85)   --->   "%or_ln46_259 = or i1 %and_ln46_346, i1 %xor_ln46_171" [firmware/nnet_utils/nnet_activation.h:46]   --->   Operation 821 'or' 'or_ln46_259' <Predicate = (icmp_ln45_85)> <Delay = 0.00> <CoreInst = "LogicGate">   --->   Core 74 'LogicGate' <Latency = 0> <II = 1> <Delay = 0.12> <FuncUnit> <Opcode : 'and' 'or' 'xor'> <InPorts = 2> <OutPorts = 1>
ST_1 : Operation 822 [1/1] (0.00ns) (grouped into LUT with out node select_ln46_345)   --->   "%select_ln46_425 = select i1 %tmp_511, i6 %zext_ln46_149, i6 %add_ln46_85" [firmware/nnet_utils/nnet_activation.h:46]   --->   Operation 822 'select' 'select_ln46_425' <Predicate = (or_ln46_258 & or_ln46_259 & icmp_ln45_85)> <Delay = 0.00> <CoreInst = "Sel">   --->   Core 73 'Sel' <Latency = 0> <II = 1> <Delay = 0.29> <FuncUnit> <Opcode : 'select'> <InPorts = 3> <OutPorts = 1>
ST_1 : Operation 823 [1/1] (0.29ns) (out node of the LUT)   --->   "%select_ln46_345 = select i1 %or_ln46_258, i6 %select_ln46_425, i6 63" [firmware/nnet_utils/nnet_activation.h:46]   --->   Operation 823 'select' 'select_ln46_345' <Predicate = (or_ln46_259 & icmp_ln45_85)> <Delay = 0.29> <CoreInst = "Sel">   --->   Core 73 'Sel' <Latency = 0> <II = 1> <Delay = 0.29> <FuncUnit> <Opcode : 'select'> <InPorts = 3> <OutPorts = 1>
ST_1 : Operation 824 [1/1] (0.00ns) (grouped into LUT with out node select_ln45_85)   --->   "%select_ln46_346 = select i1 %or_ln46_259, i6 %select_ln46_345, i6 %add_ln46_85" [firmware/nnet_utils/nnet_activation.h:46]   --->   Operation 824 'select' 'select_ln46_346' <Predicate = (icmp_ln45_85)> <Delay = 0.00> <CoreInst = "Sel">   --->   Core 73 'Sel' <Latency = 0> <II = 1> <Delay = 0.29> <FuncUnit> <Opcode : 'select'> <InPorts = 3> <OutPorts = 1>
ST_1 : Operation 825 [1/1] (0.29ns) (out node of the LUT)   --->   "%select_ln45_85 = select i1 %icmp_ln45_85, i6 %select_ln46_346, i6 0" [firmware/nnet_utils/nnet_activation.h:45]   --->   Operation 825 'select' 'select_ln45_85' <Predicate = true> <Delay = 0.29> <CoreInst = "Sel">   --->   Core 73 'Sel' <Latency = 0> <II = 1> <Delay = 0.29> <FuncUnit> <Opcode : 'select'> <InPorts = 3> <OutPorts = 1>
ST_1 : Operation 826 [1/1] (0.80ns)   --->   "%icmp_ln45_86 = icmp_sgt  i19 %data_25_val_read, i19 0" [firmware/nnet_utils/nnet_activation.h:45]   --->   Operation 826 'icmp' 'icmp_ln45_86' <Predicate = true> <Delay = 0.80> <CoreInst = "Cmp">   --->   Core 9 'Cmp' <Latency = 0> <II = 1> <Delay = 0.80> <FuncUnit> <Opcode : 'icmp'> <InPorts = 2> <OutPorts = 1>
ST_1 : Operation 827 [1/1] (0.00ns)   --->   "%tmp_517 = bitselect i1 @_ssdm_op_BitSelect.i1.i19.i32, i19 %data_25_val_read, i32 18" [firmware/nnet_utils/nnet_activation.h:46]   --->   Operation 827 'bitselect' 'tmp_517' <Predicate = (icmp_ln45_86)> <Delay = 0.00>
ST_1 : Operation 828 [1/1] (0.00ns) (grouped into LUT with out node add_ln46_86)   --->   "%trunc_ln46_84 = partselect i6 @_ssdm_op_PartSelect.i6.i19.i32.i32, i19 %data_25_val_read, i32 5, i32 10" [firmware/nnet_utils/nnet_activation.h:46]   --->   Operation 828 'partselect' 'trunc_ln46_84' <Predicate = (icmp_ln45_86)> <Delay = 0.00>
ST_1 : Operation 829 [1/1] (0.00ns) (grouped into LUT with out node add_ln46_86)   --->   "%tmp_518 = bitselect i1 @_ssdm_op_BitSelect.i1.i19.i32, i19 %data_25_val_read, i32 5" [firmware/nnet_utils/nnet_activation.h:46]   --->   Operation 829 'bitselect' 'tmp_518' <Predicate = (icmp_ln45_86)> <Delay = 0.00>
ST_1 : Operation 830 [1/1] (0.00ns) (grouped into LUT with out node add_ln46_86)   --->   "%tmp_519 = bitselect i1 @_ssdm_op_BitSelect.i1.i19.i32, i19 %data_25_val_read, i32 4" [firmware/nnet_utils/nnet_activation.h:46]   --->   Operation 830 'bitselect' 'tmp_519' <Predicate = (icmp_ln45_86)> <Delay = 0.00>
ST_1 : Operation 831 [1/1] (0.00ns)   --->   "%trunc_ln46_235 = trunc i19 %data_25_val_read" [firmware/nnet_utils/nnet_activation.h:46]   --->   Operation 831 'trunc' 'trunc_ln46_235' <Predicate = (icmp_ln45_86)> <Delay = 0.00>
ST_1 : Operation 832 [1/1] (0.70ns)   --->   "%icmp_ln46_260 = icmp_ne  i4 %trunc_ln46_235, i4 0" [firmware/nnet_utils/nnet_activation.h:46]   --->   Operation 832 'icmp' 'icmp_ln46_260' <Predicate = (icmp_ln45_86)> <Delay = 0.70> <CoreInst = "Cmp">   --->   Core 9 'Cmp' <Latency = 0> <II = 1> <Delay = 0.70> <FuncUnit> <Opcode : 'icmp'> <InPorts = 2> <OutPorts = 1>
ST_1 : Operation 833 [1/1] (0.00ns)   --->   "%tmp_520 = bitselect i1 @_ssdm_op_BitSelect.i1.i19.i32, i19 %data_25_val_read, i32 10" [firmware/nnet_utils/nnet_activation.h:46]   --->   Operation 833 'bitselect' 'tmp_520' <Predicate = (icmp_ln45_86)> <Delay = 0.00>
ST_1 : Operation 834 [1/1] (0.00ns) (grouped into LUT with out node add_ln46_86)   --->   "%or_ln46_260 = or i1 %tmp_518, i1 %icmp_ln46_260" [firmware/nnet_utils/nnet_activation.h:46]   --->   Operation 834 'or' 'or_ln46_260' <Predicate = (icmp_ln45_86)> <Delay = 0.00> <CoreInst = "LogicGate">   --->   Core 74 'LogicGate' <Latency = 0> <II = 1> <Delay = 0.12> <FuncUnit> <Opcode : 'and' 'or' 'xor'> <InPorts = 2> <OutPorts = 1>
ST_1 : Operation 835 [1/1] (0.00ns) (grouped into LUT with out node add_ln46_86)   --->   "%and_ln46_347 = and i1 %or_ln46_260, i1 %tmp_519" [firmware/nnet_utils/nnet_activation.h:46]   --->   Operation 835 'and' 'and_ln46_347' <Predicate = (icmp_ln45_86)> <Delay = 0.00> <CoreInst = "LogicGate">   --->   Core 74 'LogicGate' <Latency = 0> <II = 1> <Delay = 0.12> <FuncUnit> <Opcode : 'and' 'or' 'xor'> <InPorts = 2> <OutPorts = 1>
ST_1 : Operation 836 [1/1] (0.00ns) (grouped into LUT with out node add_ln46_86)   --->   "%zext_ln46_86 = zext i1 %and_ln46_347" [firmware/nnet_utils/nnet_activation.h:46]   --->   Operation 836 'zext' 'zext_ln46_86' <Predicate = (icmp_ln45_86)> <Delay = 0.00>
ST_1 : Operation 837 [1/1] (0.70ns) (out node of the LUT)   --->   "%add_ln46_86 = add i6 %trunc_ln46_84, i6 %zext_ln46_86" [firmware/nnet_utils/nnet_activation.h:46]   --->   Operation 837 'add' 'add_ln46_86' <Predicate = (icmp_ln45_86)> <Delay = 0.70> <CoreInst = "Adder">   --->   Core 1 'Adder' <Latency = 0> <II = 1> <Delay = 0.70> <FuncUnit> <Opcode : 'add' 'sub'> <InPorts = 2> <OutPorts = 1>
ST_1 : Operation 838 [1/1] (0.00ns) (grouped into LUT with out node select_ln46_349)   --->   "%trunc_ln46_236 = trunc i6 %add_ln46_86" [firmware/nnet_utils/nnet_activation.h:46]   --->   Operation 838 'trunc' 'trunc_ln46_236' <Predicate = (and_ln46_349 & tmp_517 & or_ln46_261 & or_ln46_262 & icmp_ln45_86)> <Delay = 0.00>
ST_1 : Operation 839 [1/1] (0.00ns)   --->   "%tmp_521 = partselect i8 @_ssdm_op_PartSelect.i8.i19.i32.i32, i19 %data_25_val_read, i32 11, i32 18" [firmware/nnet_utils/nnet_activation.h:46]   --->   Operation 839 'partselect' 'tmp_521' <Predicate = (icmp_ln45_86)> <Delay = 0.00>
ST_1 : Operation 840 [1/1] (0.70ns)   --->   "%icmp_ln46_261 = icmp_eq  i8 %tmp_521, i8 255" [firmware/nnet_utils/nnet_activation.h:46]   --->   Operation 840 'icmp' 'icmp_ln46_261' <Predicate = (icmp_ln45_86)> <Delay = 0.70> <CoreInst = "Cmp">   --->   Core 9 'Cmp' <Latency = 0> <II = 1> <Delay = 0.70> <FuncUnit> <Opcode : 'icmp'> <InPorts = 2> <OutPorts = 1>
ST_1 : Operation 841 [1/1] (0.70ns)   --->   "%icmp_ln46_262 = icmp_eq  i8 %tmp_521, i8 0" [firmware/nnet_utils/nnet_activation.h:46]   --->   Operation 841 'icmp' 'icmp_ln46_262' <Predicate = (icmp_ln45_86)> <Delay = 0.70> <CoreInst = "Cmp">   --->   Core 9 'Cmp' <Latency = 0> <II = 1> <Delay = 0.70> <FuncUnit> <Opcode : 'icmp'> <InPorts = 2> <OutPorts = 1>
ST_1 : Operation 842 [1/1] (0.00ns)   --->   "%tmp_522 = bitselect i1 @_ssdm_op_BitSelect.i1.i6.i32, i6 %add_ln46_86, i32 5" [firmware/nnet_utils/nnet_activation.h:46]   --->   Operation 842 'bitselect' 'tmp_522' <Predicate = (icmp_ln45_86)> <Delay = 0.00>
ST_1 : Operation 843 [1/1] (0.00ns) (grouped into LUT with out node and_ln46_349)   --->   "%xor_ln46_213 = xor i1 %tmp_522, i1 1" [firmware/nnet_utils/nnet_activation.h:46]   --->   Operation 843 'xor' 'xor_ln46_213' <Predicate = (icmp_ln45_86)> <Delay = 0.00> <CoreInst = "LogicGate">   --->   Core 74 'LogicGate' <Latency = 0> <II = 1> <Delay = 0.12> <FuncUnit> <Opcode : 'and' 'or' 'xor'> <InPorts = 2> <OutPorts = 1>
ST_1 : Operation 844 [1/1] (0.00ns) (grouped into LUT with out node or_ln46_261)   --->   "%select_ln46_347 = select i1 %tmp_522, i1 %icmp_ln46_262, i1 %icmp_ln46_261" [firmware/nnet_utils/nnet_activation.h:46]   --->   Operation 844 'select' 'select_ln46_347' <Predicate = (icmp_ln45_86)> <Delay = 0.00> <CoreInst = "Sel">   --->   Core 73 'Sel' <Latency = 0> <II = 1> <Delay = 0.27> <FuncUnit> <Opcode : 'select'> <InPorts = 3> <OutPorts = 1>
ST_1 : Operation 845 [1/1] (0.00ns) (grouped into LUT with out node or_ln46_261)   --->   "%select_ln46_426 = select i1 %tmp_520, i1 %select_ln46_347, i1 %icmp_ln46_262" [firmware/nnet_utils/nnet_activation.h:46]   --->   Operation 845 'select' 'select_ln46_426' <Predicate = (icmp_ln45_86)> <Delay = 0.00> <CoreInst = "Sel">   --->   Core 73 'Sel' <Latency = 0> <II = 1> <Delay = 0.27> <FuncUnit> <Opcode : 'select'> <InPorts = 3> <OutPorts = 1>
ST_1 : Operation 846 [1/1] (0.27ns) (out node of the LUT)   --->   "%or_ln46_261 = or i1 %select_ln46_426, i1 %tmp_517" [firmware/nnet_utils/nnet_activation.h:46]   --->   Operation 846 'or' 'or_ln46_261' <Predicate = (icmp_ln45_86)> <Delay = 0.27> <CoreInst = "LogicGate">   --->   Core 74 'LogicGate' <Latency = 0> <II = 1> <Delay = 0.12> <FuncUnit> <Opcode : 'and' 'or' 'xor'> <InPorts = 2> <OutPorts = 1>
ST_1 : Operation 847 [1/1] (0.00ns) (grouped into LUT with out node select_ln45_86)   --->   "%xor_ln46_173 = xor i1 %or_ln46_261, i1 1" [firmware/nnet_utils/nnet_activation.h:46]   --->   Operation 847 'xor' 'xor_ln46_173' <Predicate = (icmp_ln45_86)> <Delay = 0.00> <CoreInst = "LogicGate">   --->   Core 74 'LogicGate' <Latency = 0> <II = 1> <Delay = 0.12> <FuncUnit> <Opcode : 'and' 'or' 'xor'> <InPorts = 2> <OutPorts = 1>
ST_1 : Operation 848 [1/1] (0.00ns) (grouped into LUT with out node and_ln46_349)   --->   "%and_ln46_348 = and i1 %icmp_ln46_261, i1 %xor_ln46_213" [firmware/nnet_utils/nnet_activation.h:46]   --->   Operation 848 'and' 'and_ln46_348' <Predicate = (icmp_ln45_86)> <Delay = 0.00> <CoreInst = "LogicGate">   --->   Core 74 'LogicGate' <Latency = 0> <II = 1> <Delay = 0.12> <FuncUnit> <Opcode : 'and' 'or' 'xor'> <InPorts = 2> <OutPorts = 1>
ST_1 : Operation 849 [1/1] (0.12ns) (out node of the LUT)   --->   "%and_ln46_349 = and i1 %and_ln46_348, i1 %tmp_520" [firmware/nnet_utils/nnet_activation.h:46]   --->   Operation 849 'and' 'and_ln46_349' <Predicate = (icmp_ln45_86)> <Delay = 0.12> <CoreInst = "LogicGate">   --->   Core 74 'LogicGate' <Latency = 0> <II = 1> <Delay = 0.12> <FuncUnit> <Opcode : 'and' 'or' 'xor'> <InPorts = 2> <OutPorts = 1>
ST_1 : Operation 850 [1/1] (0.00ns) (grouped into LUT with out node select_ln45_86)   --->   "%xor_ln46_174 = xor i1 %and_ln46_349, i1 1" [firmware/nnet_utils/nnet_activation.h:46]   --->   Operation 850 'xor' 'xor_ln46_174' <Predicate = (icmp_ln45_86)> <Delay = 0.00> <CoreInst = "LogicGate">   --->   Core 74 'LogicGate' <Latency = 0> <II = 1> <Delay = 0.12> <FuncUnit> <Opcode : 'and' 'or' 'xor'> <InPorts = 2> <OutPorts = 1>
ST_1 : Operation 851 [1/1] (0.00ns) (grouped into LUT with out node select_ln46_349)   --->   "%select_ln46_348 = select i1 %and_ln46_349, i5 %trunc_ln46_236, i5 0" [firmware/nnet_utils/nnet_activation.h:46]   --->   Operation 851 'select' 'select_ln46_348' <Predicate = (tmp_517 & or_ln46_261 & or_ln46_262 & icmp_ln45_86)> <Delay = 0.00> <CoreInst = "Sel">   --->   Core 73 'Sel' <Latency = 0> <II = 1> <Delay = 0.27> <FuncUnit> <Opcode : 'select'> <InPorts = 3> <OutPorts = 1>
ST_1 : Operation 852 [1/1] (0.00ns) (grouped into LUT with out node select_ln46_349)   --->   "%zext_ln46_150 = zext i5 %select_ln46_348" [firmware/nnet_utils/nnet_activation.h:46]   --->   Operation 852 'zext' 'zext_ln46_150' <Predicate = (tmp_517 & or_ln46_261 & or_ln46_262 & icmp_ln45_86)> <Delay = 0.00>
ST_1 : Operation 853 [1/1] (0.00ns) (grouped into LUT with out node select_ln45_86)   --->   "%and_ln46_350 = and i1 %tmp_517, i1 %xor_ln46_174" [firmware/nnet_utils/nnet_activation.h:46]   --->   Operation 853 'and' 'and_ln46_350' <Predicate = (icmp_ln45_86)> <Delay = 0.00> <CoreInst = "LogicGate">   --->   Core 74 'LogicGate' <Latency = 0> <II = 1> <Delay = 0.12> <FuncUnit> <Opcode : 'and' 'or' 'xor'> <InPorts = 2> <OutPorts = 1>
ST_1 : Operation 854 [1/1] (0.00ns) (grouped into LUT with out node select_ln45_86)   --->   "%or_ln46_262 = or i1 %and_ln46_350, i1 %xor_ln46_173" [firmware/nnet_utils/nnet_activation.h:46]   --->   Operation 854 'or' 'or_ln46_262' <Predicate = (icmp_ln45_86)> <Delay = 0.00> <CoreInst = "LogicGate">   --->   Core 74 'LogicGate' <Latency = 0> <II = 1> <Delay = 0.12> <FuncUnit> <Opcode : 'and' 'or' 'xor'> <InPorts = 2> <OutPorts = 1>
ST_1 : Operation 855 [1/1] (0.00ns) (grouped into LUT with out node select_ln46_349)   --->   "%select_ln46_427 = select i1 %tmp_517, i6 %zext_ln46_150, i6 %add_ln46_86" [firmware/nnet_utils/nnet_activation.h:46]   --->   Operation 855 'select' 'select_ln46_427' <Predicate = (or_ln46_261 & or_ln46_262 & icmp_ln45_86)> <Delay = 0.00> <CoreInst = "Sel">   --->   Core 73 'Sel' <Latency = 0> <II = 1> <Delay = 0.29> <FuncUnit> <Opcode : 'select'> <InPorts = 3> <OutPorts = 1>
ST_1 : Operation 856 [1/1] (0.29ns) (out node of the LUT)   --->   "%select_ln46_349 = select i1 %or_ln46_261, i6 %select_ln46_427, i6 63" [firmware/nnet_utils/nnet_activation.h:46]   --->   Operation 856 'select' 'select_ln46_349' <Predicate = (or_ln46_262 & icmp_ln45_86)> <Delay = 0.29> <CoreInst = "Sel">   --->   Core 73 'Sel' <Latency = 0> <II = 1> <Delay = 0.29> <FuncUnit> <Opcode : 'select'> <InPorts = 3> <OutPorts = 1>
ST_1 : Operation 857 [1/1] (0.00ns) (grouped into LUT with out node select_ln45_86)   --->   "%select_ln46_350 = select i1 %or_ln46_262, i6 %select_ln46_349, i6 %add_ln46_86" [firmware/nnet_utils/nnet_activation.h:46]   --->   Operation 857 'select' 'select_ln46_350' <Predicate = (icmp_ln45_86)> <Delay = 0.00> <CoreInst = "Sel">   --->   Core 73 'Sel' <Latency = 0> <II = 1> <Delay = 0.29> <FuncUnit> <Opcode : 'select'> <InPorts = 3> <OutPorts = 1>
ST_1 : Operation 858 [1/1] (0.29ns) (out node of the LUT)   --->   "%select_ln45_86 = select i1 %icmp_ln45_86, i6 %select_ln46_350, i6 0" [firmware/nnet_utils/nnet_activation.h:45]   --->   Operation 858 'select' 'select_ln45_86' <Predicate = true> <Delay = 0.29> <CoreInst = "Sel">   --->   Core 73 'Sel' <Latency = 0> <II = 1> <Delay = 0.29> <FuncUnit> <Opcode : 'select'> <InPorts = 3> <OutPorts = 1>
ST_1 : Operation 859 [1/1] (0.80ns)   --->   "%icmp_ln45_87 = icmp_sgt  i19 %data_26_val_read, i19 0" [firmware/nnet_utils/nnet_activation.h:45]   --->   Operation 859 'icmp' 'icmp_ln45_87' <Predicate = true> <Delay = 0.80> <CoreInst = "Cmp">   --->   Core 9 'Cmp' <Latency = 0> <II = 1> <Delay = 0.80> <FuncUnit> <Opcode : 'icmp'> <InPorts = 2> <OutPorts = 1>
ST_1 : Operation 860 [1/1] (0.00ns)   --->   "%tmp_523 = bitselect i1 @_ssdm_op_BitSelect.i1.i19.i32, i19 %data_26_val_read, i32 18" [firmware/nnet_utils/nnet_activation.h:46]   --->   Operation 860 'bitselect' 'tmp_523' <Predicate = (icmp_ln45_87)> <Delay = 0.00>
ST_1 : Operation 861 [1/1] (0.00ns) (grouped into LUT with out node add_ln46_87)   --->   "%trunc_ln46_85 = partselect i6 @_ssdm_op_PartSelect.i6.i19.i32.i32, i19 %data_26_val_read, i32 5, i32 10" [firmware/nnet_utils/nnet_activation.h:46]   --->   Operation 861 'partselect' 'trunc_ln46_85' <Predicate = (icmp_ln45_87)> <Delay = 0.00>
ST_1 : Operation 862 [1/1] (0.00ns) (grouped into LUT with out node add_ln46_87)   --->   "%tmp_524 = bitselect i1 @_ssdm_op_BitSelect.i1.i19.i32, i19 %data_26_val_read, i32 5" [firmware/nnet_utils/nnet_activation.h:46]   --->   Operation 862 'bitselect' 'tmp_524' <Predicate = (icmp_ln45_87)> <Delay = 0.00>
ST_1 : Operation 863 [1/1] (0.00ns) (grouped into LUT with out node add_ln46_87)   --->   "%tmp_525 = bitselect i1 @_ssdm_op_BitSelect.i1.i19.i32, i19 %data_26_val_read, i32 4" [firmware/nnet_utils/nnet_activation.h:46]   --->   Operation 863 'bitselect' 'tmp_525' <Predicate = (icmp_ln45_87)> <Delay = 0.00>
ST_1 : Operation 864 [1/1] (0.00ns)   --->   "%trunc_ln46_237 = trunc i19 %data_26_val_read" [firmware/nnet_utils/nnet_activation.h:46]   --->   Operation 864 'trunc' 'trunc_ln46_237' <Predicate = (icmp_ln45_87)> <Delay = 0.00>
ST_1 : Operation 865 [1/1] (0.70ns)   --->   "%icmp_ln46_263 = icmp_ne  i4 %trunc_ln46_237, i4 0" [firmware/nnet_utils/nnet_activation.h:46]   --->   Operation 865 'icmp' 'icmp_ln46_263' <Predicate = (icmp_ln45_87)> <Delay = 0.70> <CoreInst = "Cmp">   --->   Core 9 'Cmp' <Latency = 0> <II = 1> <Delay = 0.70> <FuncUnit> <Opcode : 'icmp'> <InPorts = 2> <OutPorts = 1>
ST_1 : Operation 866 [1/1] (0.00ns)   --->   "%tmp_526 = bitselect i1 @_ssdm_op_BitSelect.i1.i19.i32, i19 %data_26_val_read, i32 10" [firmware/nnet_utils/nnet_activation.h:46]   --->   Operation 866 'bitselect' 'tmp_526' <Predicate = (icmp_ln45_87)> <Delay = 0.00>
ST_1 : Operation 867 [1/1] (0.00ns) (grouped into LUT with out node add_ln46_87)   --->   "%or_ln46_263 = or i1 %tmp_524, i1 %icmp_ln46_263" [firmware/nnet_utils/nnet_activation.h:46]   --->   Operation 867 'or' 'or_ln46_263' <Predicate = (icmp_ln45_87)> <Delay = 0.00> <CoreInst = "LogicGate">   --->   Core 74 'LogicGate' <Latency = 0> <II = 1> <Delay = 0.12> <FuncUnit> <Opcode : 'and' 'or' 'xor'> <InPorts = 2> <OutPorts = 1>
ST_1 : Operation 868 [1/1] (0.00ns) (grouped into LUT with out node add_ln46_87)   --->   "%and_ln46_351 = and i1 %or_ln46_263, i1 %tmp_525" [firmware/nnet_utils/nnet_activation.h:46]   --->   Operation 868 'and' 'and_ln46_351' <Predicate = (icmp_ln45_87)> <Delay = 0.00> <CoreInst = "LogicGate">   --->   Core 74 'LogicGate' <Latency = 0> <II = 1> <Delay = 0.12> <FuncUnit> <Opcode : 'and' 'or' 'xor'> <InPorts = 2> <OutPorts = 1>
ST_1 : Operation 869 [1/1] (0.00ns) (grouped into LUT with out node add_ln46_87)   --->   "%zext_ln46_87 = zext i1 %and_ln46_351" [firmware/nnet_utils/nnet_activation.h:46]   --->   Operation 869 'zext' 'zext_ln46_87' <Predicate = (icmp_ln45_87)> <Delay = 0.00>
ST_1 : Operation 870 [1/1] (0.70ns) (out node of the LUT)   --->   "%add_ln46_87 = add i6 %trunc_ln46_85, i6 %zext_ln46_87" [firmware/nnet_utils/nnet_activation.h:46]   --->   Operation 870 'add' 'add_ln46_87' <Predicate = (icmp_ln45_87)> <Delay = 0.70> <CoreInst = "Adder">   --->   Core 1 'Adder' <Latency = 0> <II = 1> <Delay = 0.70> <FuncUnit> <Opcode : 'add' 'sub'> <InPorts = 2> <OutPorts = 1>
ST_1 : Operation 871 [1/1] (0.00ns) (grouped into LUT with out node select_ln46_353)   --->   "%trunc_ln46_238 = trunc i6 %add_ln46_87" [firmware/nnet_utils/nnet_activation.h:46]   --->   Operation 871 'trunc' 'trunc_ln46_238' <Predicate = (and_ln46_353 & tmp_523 & or_ln46_264 & or_ln46_265 & icmp_ln45_87)> <Delay = 0.00>
ST_1 : Operation 872 [1/1] (0.00ns)   --->   "%tmp_527 = partselect i8 @_ssdm_op_PartSelect.i8.i19.i32.i32, i19 %data_26_val_read, i32 11, i32 18" [firmware/nnet_utils/nnet_activation.h:46]   --->   Operation 872 'partselect' 'tmp_527' <Predicate = (icmp_ln45_87)> <Delay = 0.00>
ST_1 : Operation 873 [1/1] (0.70ns)   --->   "%icmp_ln46_264 = icmp_eq  i8 %tmp_527, i8 255" [firmware/nnet_utils/nnet_activation.h:46]   --->   Operation 873 'icmp' 'icmp_ln46_264' <Predicate = (icmp_ln45_87)> <Delay = 0.70> <CoreInst = "Cmp">   --->   Core 9 'Cmp' <Latency = 0> <II = 1> <Delay = 0.70> <FuncUnit> <Opcode : 'icmp'> <InPorts = 2> <OutPorts = 1>
ST_1 : Operation 874 [1/1] (0.70ns)   --->   "%icmp_ln46_265 = icmp_eq  i8 %tmp_527, i8 0" [firmware/nnet_utils/nnet_activation.h:46]   --->   Operation 874 'icmp' 'icmp_ln46_265' <Predicate = (icmp_ln45_87)> <Delay = 0.70> <CoreInst = "Cmp">   --->   Core 9 'Cmp' <Latency = 0> <II = 1> <Delay = 0.70> <FuncUnit> <Opcode : 'icmp'> <InPorts = 2> <OutPorts = 1>
ST_1 : Operation 875 [1/1] (0.00ns)   --->   "%tmp_528 = bitselect i1 @_ssdm_op_BitSelect.i1.i6.i32, i6 %add_ln46_87, i32 5" [firmware/nnet_utils/nnet_activation.h:46]   --->   Operation 875 'bitselect' 'tmp_528' <Predicate = (icmp_ln45_87)> <Delay = 0.00>
ST_1 : Operation 876 [1/1] (0.00ns) (grouped into LUT with out node and_ln46_353)   --->   "%xor_ln46_214 = xor i1 %tmp_528, i1 1" [firmware/nnet_utils/nnet_activation.h:46]   --->   Operation 876 'xor' 'xor_ln46_214' <Predicate = (icmp_ln45_87)> <Delay = 0.00> <CoreInst = "LogicGate">   --->   Core 74 'LogicGate' <Latency = 0> <II = 1> <Delay = 0.12> <FuncUnit> <Opcode : 'and' 'or' 'xor'> <InPorts = 2> <OutPorts = 1>
ST_1 : Operation 877 [1/1] (0.00ns) (grouped into LUT with out node or_ln46_264)   --->   "%select_ln46_351 = select i1 %tmp_528, i1 %icmp_ln46_265, i1 %icmp_ln46_264" [firmware/nnet_utils/nnet_activation.h:46]   --->   Operation 877 'select' 'select_ln46_351' <Predicate = (icmp_ln45_87)> <Delay = 0.00> <CoreInst = "Sel">   --->   Core 73 'Sel' <Latency = 0> <II = 1> <Delay = 0.27> <FuncUnit> <Opcode : 'select'> <InPorts = 3> <OutPorts = 1>
ST_1 : Operation 878 [1/1] (0.00ns) (grouped into LUT with out node or_ln46_264)   --->   "%select_ln46_428 = select i1 %tmp_526, i1 %select_ln46_351, i1 %icmp_ln46_265" [firmware/nnet_utils/nnet_activation.h:46]   --->   Operation 878 'select' 'select_ln46_428' <Predicate = (icmp_ln45_87)> <Delay = 0.00> <CoreInst = "Sel">   --->   Core 73 'Sel' <Latency = 0> <II = 1> <Delay = 0.27> <FuncUnit> <Opcode : 'select'> <InPorts = 3> <OutPorts = 1>
ST_1 : Operation 879 [1/1] (0.27ns) (out node of the LUT)   --->   "%or_ln46_264 = or i1 %select_ln46_428, i1 %tmp_523" [firmware/nnet_utils/nnet_activation.h:46]   --->   Operation 879 'or' 'or_ln46_264' <Predicate = (icmp_ln45_87)> <Delay = 0.27> <CoreInst = "LogicGate">   --->   Core 74 'LogicGate' <Latency = 0> <II = 1> <Delay = 0.12> <FuncUnit> <Opcode : 'and' 'or' 'xor'> <InPorts = 2> <OutPorts = 1>
ST_1 : Operation 880 [1/1] (0.00ns) (grouped into LUT with out node select_ln45_87)   --->   "%xor_ln46_175 = xor i1 %or_ln46_264, i1 1" [firmware/nnet_utils/nnet_activation.h:46]   --->   Operation 880 'xor' 'xor_ln46_175' <Predicate = (icmp_ln45_87)> <Delay = 0.00> <CoreInst = "LogicGate">   --->   Core 74 'LogicGate' <Latency = 0> <II = 1> <Delay = 0.12> <FuncUnit> <Opcode : 'and' 'or' 'xor'> <InPorts = 2> <OutPorts = 1>
ST_1 : Operation 881 [1/1] (0.00ns) (grouped into LUT with out node and_ln46_353)   --->   "%and_ln46_352 = and i1 %icmp_ln46_264, i1 %xor_ln46_214" [firmware/nnet_utils/nnet_activation.h:46]   --->   Operation 881 'and' 'and_ln46_352' <Predicate = (icmp_ln45_87)> <Delay = 0.00> <CoreInst = "LogicGate">   --->   Core 74 'LogicGate' <Latency = 0> <II = 1> <Delay = 0.12> <FuncUnit> <Opcode : 'and' 'or' 'xor'> <InPorts = 2> <OutPorts = 1>
ST_1 : Operation 882 [1/1] (0.12ns) (out node of the LUT)   --->   "%and_ln46_353 = and i1 %and_ln46_352, i1 %tmp_526" [firmware/nnet_utils/nnet_activation.h:46]   --->   Operation 882 'and' 'and_ln46_353' <Predicate = (icmp_ln45_87)> <Delay = 0.12> <CoreInst = "LogicGate">   --->   Core 74 'LogicGate' <Latency = 0> <II = 1> <Delay = 0.12> <FuncUnit> <Opcode : 'and' 'or' 'xor'> <InPorts = 2> <OutPorts = 1>
ST_1 : Operation 883 [1/1] (0.00ns) (grouped into LUT with out node select_ln45_87)   --->   "%xor_ln46_176 = xor i1 %and_ln46_353, i1 1" [firmware/nnet_utils/nnet_activation.h:46]   --->   Operation 883 'xor' 'xor_ln46_176' <Predicate = (icmp_ln45_87)> <Delay = 0.00> <CoreInst = "LogicGate">   --->   Core 74 'LogicGate' <Latency = 0> <II = 1> <Delay = 0.12> <FuncUnit> <Opcode : 'and' 'or' 'xor'> <InPorts = 2> <OutPorts = 1>
ST_1 : Operation 884 [1/1] (0.00ns) (grouped into LUT with out node select_ln46_353)   --->   "%select_ln46_352 = select i1 %and_ln46_353, i5 %trunc_ln46_238, i5 0" [firmware/nnet_utils/nnet_activation.h:46]   --->   Operation 884 'select' 'select_ln46_352' <Predicate = (tmp_523 & or_ln46_264 & or_ln46_265 & icmp_ln45_87)> <Delay = 0.00> <CoreInst = "Sel">   --->   Core 73 'Sel' <Latency = 0> <II = 1> <Delay = 0.27> <FuncUnit> <Opcode : 'select'> <InPorts = 3> <OutPorts = 1>
ST_1 : Operation 885 [1/1] (0.00ns) (grouped into LUT with out node select_ln46_353)   --->   "%zext_ln46_151 = zext i5 %select_ln46_352" [firmware/nnet_utils/nnet_activation.h:46]   --->   Operation 885 'zext' 'zext_ln46_151' <Predicate = (tmp_523 & or_ln46_264 & or_ln46_265 & icmp_ln45_87)> <Delay = 0.00>
ST_1 : Operation 886 [1/1] (0.00ns) (grouped into LUT with out node select_ln45_87)   --->   "%and_ln46_354 = and i1 %tmp_523, i1 %xor_ln46_176" [firmware/nnet_utils/nnet_activation.h:46]   --->   Operation 886 'and' 'and_ln46_354' <Predicate = (icmp_ln45_87)> <Delay = 0.00> <CoreInst = "LogicGate">   --->   Core 74 'LogicGate' <Latency = 0> <II = 1> <Delay = 0.12> <FuncUnit> <Opcode : 'and' 'or' 'xor'> <InPorts = 2> <OutPorts = 1>
ST_1 : Operation 887 [1/1] (0.00ns) (grouped into LUT with out node select_ln45_87)   --->   "%or_ln46_265 = or i1 %and_ln46_354, i1 %xor_ln46_175" [firmware/nnet_utils/nnet_activation.h:46]   --->   Operation 887 'or' 'or_ln46_265' <Predicate = (icmp_ln45_87)> <Delay = 0.00> <CoreInst = "LogicGate">   --->   Core 74 'LogicGate' <Latency = 0> <II = 1> <Delay = 0.12> <FuncUnit> <Opcode : 'and' 'or' 'xor'> <InPorts = 2> <OutPorts = 1>
ST_1 : Operation 888 [1/1] (0.00ns) (grouped into LUT with out node select_ln46_353)   --->   "%select_ln46_429 = select i1 %tmp_523, i6 %zext_ln46_151, i6 %add_ln46_87" [firmware/nnet_utils/nnet_activation.h:46]   --->   Operation 888 'select' 'select_ln46_429' <Predicate = (or_ln46_264 & or_ln46_265 & icmp_ln45_87)> <Delay = 0.00> <CoreInst = "Sel">   --->   Core 73 'Sel' <Latency = 0> <II = 1> <Delay = 0.29> <FuncUnit> <Opcode : 'select'> <InPorts = 3> <OutPorts = 1>
ST_1 : Operation 889 [1/1] (0.29ns) (out node of the LUT)   --->   "%select_ln46_353 = select i1 %or_ln46_264, i6 %select_ln46_429, i6 63" [firmware/nnet_utils/nnet_activation.h:46]   --->   Operation 889 'select' 'select_ln46_353' <Predicate = (or_ln46_265 & icmp_ln45_87)> <Delay = 0.29> <CoreInst = "Sel">   --->   Core 73 'Sel' <Latency = 0> <II = 1> <Delay = 0.29> <FuncUnit> <Opcode : 'select'> <InPorts = 3> <OutPorts = 1>
ST_1 : Operation 890 [1/1] (0.00ns) (grouped into LUT with out node select_ln45_87)   --->   "%select_ln46_354 = select i1 %or_ln46_265, i6 %select_ln46_353, i6 %add_ln46_87" [firmware/nnet_utils/nnet_activation.h:46]   --->   Operation 890 'select' 'select_ln46_354' <Predicate = (icmp_ln45_87)> <Delay = 0.00> <CoreInst = "Sel">   --->   Core 73 'Sel' <Latency = 0> <II = 1> <Delay = 0.29> <FuncUnit> <Opcode : 'select'> <InPorts = 3> <OutPorts = 1>
ST_1 : Operation 891 [1/1] (0.29ns) (out node of the LUT)   --->   "%select_ln45_87 = select i1 %icmp_ln45_87, i6 %select_ln46_354, i6 0" [firmware/nnet_utils/nnet_activation.h:45]   --->   Operation 891 'select' 'select_ln45_87' <Predicate = true> <Delay = 0.29> <CoreInst = "Sel">   --->   Core 73 'Sel' <Latency = 0> <II = 1> <Delay = 0.29> <FuncUnit> <Opcode : 'select'> <InPorts = 3> <OutPorts = 1>
ST_1 : Operation 892 [1/1] (0.80ns)   --->   "%icmp_ln45_88 = icmp_sgt  i19 %data_27_val_read, i19 0" [firmware/nnet_utils/nnet_activation.h:45]   --->   Operation 892 'icmp' 'icmp_ln45_88' <Predicate = true> <Delay = 0.80> <CoreInst = "Cmp">   --->   Core 9 'Cmp' <Latency = 0> <II = 1> <Delay = 0.80> <FuncUnit> <Opcode : 'icmp'> <InPorts = 2> <OutPorts = 1>
ST_1 : Operation 893 [1/1] (0.00ns)   --->   "%tmp_529 = bitselect i1 @_ssdm_op_BitSelect.i1.i19.i32, i19 %data_27_val_read, i32 18" [firmware/nnet_utils/nnet_activation.h:46]   --->   Operation 893 'bitselect' 'tmp_529' <Predicate = (icmp_ln45_88)> <Delay = 0.00>
ST_1 : Operation 894 [1/1] (0.00ns) (grouped into LUT with out node add_ln46_88)   --->   "%trunc_ln46_86 = partselect i6 @_ssdm_op_PartSelect.i6.i19.i32.i32, i19 %data_27_val_read, i32 5, i32 10" [firmware/nnet_utils/nnet_activation.h:46]   --->   Operation 894 'partselect' 'trunc_ln46_86' <Predicate = (icmp_ln45_88)> <Delay = 0.00>
ST_1 : Operation 895 [1/1] (0.00ns) (grouped into LUT with out node add_ln46_88)   --->   "%tmp_530 = bitselect i1 @_ssdm_op_BitSelect.i1.i19.i32, i19 %data_27_val_read, i32 5" [firmware/nnet_utils/nnet_activation.h:46]   --->   Operation 895 'bitselect' 'tmp_530' <Predicate = (icmp_ln45_88)> <Delay = 0.00>
ST_1 : Operation 896 [1/1] (0.00ns) (grouped into LUT with out node add_ln46_88)   --->   "%tmp_531 = bitselect i1 @_ssdm_op_BitSelect.i1.i19.i32, i19 %data_27_val_read, i32 4" [firmware/nnet_utils/nnet_activation.h:46]   --->   Operation 896 'bitselect' 'tmp_531' <Predicate = (icmp_ln45_88)> <Delay = 0.00>
ST_1 : Operation 897 [1/1] (0.00ns)   --->   "%trunc_ln46_239 = trunc i19 %data_27_val_read" [firmware/nnet_utils/nnet_activation.h:46]   --->   Operation 897 'trunc' 'trunc_ln46_239' <Predicate = (icmp_ln45_88)> <Delay = 0.00>
ST_1 : Operation 898 [1/1] (0.70ns)   --->   "%icmp_ln46_266 = icmp_ne  i4 %trunc_ln46_239, i4 0" [firmware/nnet_utils/nnet_activation.h:46]   --->   Operation 898 'icmp' 'icmp_ln46_266' <Predicate = (icmp_ln45_88)> <Delay = 0.70> <CoreInst = "Cmp">   --->   Core 9 'Cmp' <Latency = 0> <II = 1> <Delay = 0.70> <FuncUnit> <Opcode : 'icmp'> <InPorts = 2> <OutPorts = 1>
ST_1 : Operation 899 [1/1] (0.00ns)   --->   "%tmp_532 = bitselect i1 @_ssdm_op_BitSelect.i1.i19.i32, i19 %data_27_val_read, i32 10" [firmware/nnet_utils/nnet_activation.h:46]   --->   Operation 899 'bitselect' 'tmp_532' <Predicate = (icmp_ln45_88)> <Delay = 0.00>
ST_1 : Operation 900 [1/1] (0.00ns) (grouped into LUT with out node add_ln46_88)   --->   "%or_ln46_266 = or i1 %tmp_530, i1 %icmp_ln46_266" [firmware/nnet_utils/nnet_activation.h:46]   --->   Operation 900 'or' 'or_ln46_266' <Predicate = (icmp_ln45_88)> <Delay = 0.00> <CoreInst = "LogicGate">   --->   Core 74 'LogicGate' <Latency = 0> <II = 1> <Delay = 0.12> <FuncUnit> <Opcode : 'and' 'or' 'xor'> <InPorts = 2> <OutPorts = 1>
ST_1 : Operation 901 [1/1] (0.00ns) (grouped into LUT with out node add_ln46_88)   --->   "%and_ln46_355 = and i1 %or_ln46_266, i1 %tmp_531" [firmware/nnet_utils/nnet_activation.h:46]   --->   Operation 901 'and' 'and_ln46_355' <Predicate = (icmp_ln45_88)> <Delay = 0.00> <CoreInst = "LogicGate">   --->   Core 74 'LogicGate' <Latency = 0> <II = 1> <Delay = 0.12> <FuncUnit> <Opcode : 'and' 'or' 'xor'> <InPorts = 2> <OutPorts = 1>
ST_1 : Operation 902 [1/1] (0.00ns) (grouped into LUT with out node add_ln46_88)   --->   "%zext_ln46_88 = zext i1 %and_ln46_355" [firmware/nnet_utils/nnet_activation.h:46]   --->   Operation 902 'zext' 'zext_ln46_88' <Predicate = (icmp_ln45_88)> <Delay = 0.00>
ST_1 : Operation 903 [1/1] (0.70ns) (out node of the LUT)   --->   "%add_ln46_88 = add i6 %trunc_ln46_86, i6 %zext_ln46_88" [firmware/nnet_utils/nnet_activation.h:46]   --->   Operation 903 'add' 'add_ln46_88' <Predicate = (icmp_ln45_88)> <Delay = 0.70> <CoreInst = "Adder">   --->   Core 1 'Adder' <Latency = 0> <II = 1> <Delay = 0.70> <FuncUnit> <Opcode : 'add' 'sub'> <InPorts = 2> <OutPorts = 1>
ST_1 : Operation 904 [1/1] (0.00ns) (grouped into LUT with out node select_ln46_357)   --->   "%trunc_ln46_240 = trunc i6 %add_ln46_88" [firmware/nnet_utils/nnet_activation.h:46]   --->   Operation 904 'trunc' 'trunc_ln46_240' <Predicate = (and_ln46_357 & tmp_529 & or_ln46_267 & or_ln46_268 & icmp_ln45_88)> <Delay = 0.00>
ST_1 : Operation 905 [1/1] (0.00ns)   --->   "%tmp_533 = partselect i8 @_ssdm_op_PartSelect.i8.i19.i32.i32, i19 %data_27_val_read, i32 11, i32 18" [firmware/nnet_utils/nnet_activation.h:46]   --->   Operation 905 'partselect' 'tmp_533' <Predicate = (icmp_ln45_88)> <Delay = 0.00>
ST_1 : Operation 906 [1/1] (0.70ns)   --->   "%icmp_ln46_267 = icmp_eq  i8 %tmp_533, i8 255" [firmware/nnet_utils/nnet_activation.h:46]   --->   Operation 906 'icmp' 'icmp_ln46_267' <Predicate = (icmp_ln45_88)> <Delay = 0.70> <CoreInst = "Cmp">   --->   Core 9 'Cmp' <Latency = 0> <II = 1> <Delay = 0.70> <FuncUnit> <Opcode : 'icmp'> <InPorts = 2> <OutPorts = 1>
ST_1 : Operation 907 [1/1] (0.70ns)   --->   "%icmp_ln46_268 = icmp_eq  i8 %tmp_533, i8 0" [firmware/nnet_utils/nnet_activation.h:46]   --->   Operation 907 'icmp' 'icmp_ln46_268' <Predicate = (icmp_ln45_88)> <Delay = 0.70> <CoreInst = "Cmp">   --->   Core 9 'Cmp' <Latency = 0> <II = 1> <Delay = 0.70> <FuncUnit> <Opcode : 'icmp'> <InPorts = 2> <OutPorts = 1>
ST_1 : Operation 908 [1/1] (0.00ns)   --->   "%tmp_534 = bitselect i1 @_ssdm_op_BitSelect.i1.i6.i32, i6 %add_ln46_88, i32 5" [firmware/nnet_utils/nnet_activation.h:46]   --->   Operation 908 'bitselect' 'tmp_534' <Predicate = (icmp_ln45_88)> <Delay = 0.00>
ST_1 : Operation 909 [1/1] (0.00ns) (grouped into LUT with out node and_ln46_357)   --->   "%xor_ln46_215 = xor i1 %tmp_534, i1 1" [firmware/nnet_utils/nnet_activation.h:46]   --->   Operation 909 'xor' 'xor_ln46_215' <Predicate = (icmp_ln45_88)> <Delay = 0.00> <CoreInst = "LogicGate">   --->   Core 74 'LogicGate' <Latency = 0> <II = 1> <Delay = 0.12> <FuncUnit> <Opcode : 'and' 'or' 'xor'> <InPorts = 2> <OutPorts = 1>
ST_1 : Operation 910 [1/1] (0.00ns) (grouped into LUT with out node or_ln46_267)   --->   "%select_ln46_355 = select i1 %tmp_534, i1 %icmp_ln46_268, i1 %icmp_ln46_267" [firmware/nnet_utils/nnet_activation.h:46]   --->   Operation 910 'select' 'select_ln46_355' <Predicate = (icmp_ln45_88)> <Delay = 0.00> <CoreInst = "Sel">   --->   Core 73 'Sel' <Latency = 0> <II = 1> <Delay = 0.27> <FuncUnit> <Opcode : 'select'> <InPorts = 3> <OutPorts = 1>
ST_1 : Operation 911 [1/1] (0.00ns) (grouped into LUT with out node or_ln46_267)   --->   "%select_ln46_430 = select i1 %tmp_532, i1 %select_ln46_355, i1 %icmp_ln46_268" [firmware/nnet_utils/nnet_activation.h:46]   --->   Operation 911 'select' 'select_ln46_430' <Predicate = (icmp_ln45_88)> <Delay = 0.00> <CoreInst = "Sel">   --->   Core 73 'Sel' <Latency = 0> <II = 1> <Delay = 0.27> <FuncUnit> <Opcode : 'select'> <InPorts = 3> <OutPorts = 1>
ST_1 : Operation 912 [1/1] (0.27ns) (out node of the LUT)   --->   "%or_ln46_267 = or i1 %select_ln46_430, i1 %tmp_529" [firmware/nnet_utils/nnet_activation.h:46]   --->   Operation 912 'or' 'or_ln46_267' <Predicate = (icmp_ln45_88)> <Delay = 0.27> <CoreInst = "LogicGate">   --->   Core 74 'LogicGate' <Latency = 0> <II = 1> <Delay = 0.12> <FuncUnit> <Opcode : 'and' 'or' 'xor'> <InPorts = 2> <OutPorts = 1>
ST_1 : Operation 913 [1/1] (0.00ns) (grouped into LUT with out node select_ln45_88)   --->   "%xor_ln46_177 = xor i1 %or_ln46_267, i1 1" [firmware/nnet_utils/nnet_activation.h:46]   --->   Operation 913 'xor' 'xor_ln46_177' <Predicate = (icmp_ln45_88)> <Delay = 0.00> <CoreInst = "LogicGate">   --->   Core 74 'LogicGate' <Latency = 0> <II = 1> <Delay = 0.12> <FuncUnit> <Opcode : 'and' 'or' 'xor'> <InPorts = 2> <OutPorts = 1>
ST_1 : Operation 914 [1/1] (0.00ns) (grouped into LUT with out node and_ln46_357)   --->   "%and_ln46_356 = and i1 %icmp_ln46_267, i1 %xor_ln46_215" [firmware/nnet_utils/nnet_activation.h:46]   --->   Operation 914 'and' 'and_ln46_356' <Predicate = (icmp_ln45_88)> <Delay = 0.00> <CoreInst = "LogicGate">   --->   Core 74 'LogicGate' <Latency = 0> <II = 1> <Delay = 0.12> <FuncUnit> <Opcode : 'and' 'or' 'xor'> <InPorts = 2> <OutPorts = 1>
ST_1 : Operation 915 [1/1] (0.12ns) (out node of the LUT)   --->   "%and_ln46_357 = and i1 %and_ln46_356, i1 %tmp_532" [firmware/nnet_utils/nnet_activation.h:46]   --->   Operation 915 'and' 'and_ln46_357' <Predicate = (icmp_ln45_88)> <Delay = 0.12> <CoreInst = "LogicGate">   --->   Core 74 'LogicGate' <Latency = 0> <II = 1> <Delay = 0.12> <FuncUnit> <Opcode : 'and' 'or' 'xor'> <InPorts = 2> <OutPorts = 1>
ST_1 : Operation 916 [1/1] (0.00ns) (grouped into LUT with out node select_ln45_88)   --->   "%xor_ln46_178 = xor i1 %and_ln46_357, i1 1" [firmware/nnet_utils/nnet_activation.h:46]   --->   Operation 916 'xor' 'xor_ln46_178' <Predicate = (icmp_ln45_88)> <Delay = 0.00> <CoreInst = "LogicGate">   --->   Core 74 'LogicGate' <Latency = 0> <II = 1> <Delay = 0.12> <FuncUnit> <Opcode : 'and' 'or' 'xor'> <InPorts = 2> <OutPorts = 1>
ST_1 : Operation 917 [1/1] (0.00ns) (grouped into LUT with out node select_ln46_357)   --->   "%select_ln46_356 = select i1 %and_ln46_357, i5 %trunc_ln46_240, i5 0" [firmware/nnet_utils/nnet_activation.h:46]   --->   Operation 917 'select' 'select_ln46_356' <Predicate = (tmp_529 & or_ln46_267 & or_ln46_268 & icmp_ln45_88)> <Delay = 0.00> <CoreInst = "Sel">   --->   Core 73 'Sel' <Latency = 0> <II = 1> <Delay = 0.27> <FuncUnit> <Opcode : 'select'> <InPorts = 3> <OutPorts = 1>
ST_1 : Operation 918 [1/1] (0.00ns) (grouped into LUT with out node select_ln46_357)   --->   "%zext_ln46_152 = zext i5 %select_ln46_356" [firmware/nnet_utils/nnet_activation.h:46]   --->   Operation 918 'zext' 'zext_ln46_152' <Predicate = (tmp_529 & or_ln46_267 & or_ln46_268 & icmp_ln45_88)> <Delay = 0.00>
ST_1 : Operation 919 [1/1] (0.00ns) (grouped into LUT with out node select_ln45_88)   --->   "%and_ln46_358 = and i1 %tmp_529, i1 %xor_ln46_178" [firmware/nnet_utils/nnet_activation.h:46]   --->   Operation 919 'and' 'and_ln46_358' <Predicate = (icmp_ln45_88)> <Delay = 0.00> <CoreInst = "LogicGate">   --->   Core 74 'LogicGate' <Latency = 0> <II = 1> <Delay = 0.12> <FuncUnit> <Opcode : 'and' 'or' 'xor'> <InPorts = 2> <OutPorts = 1>
ST_1 : Operation 920 [1/1] (0.00ns) (grouped into LUT with out node select_ln45_88)   --->   "%or_ln46_268 = or i1 %and_ln46_358, i1 %xor_ln46_177" [firmware/nnet_utils/nnet_activation.h:46]   --->   Operation 920 'or' 'or_ln46_268' <Predicate = (icmp_ln45_88)> <Delay = 0.00> <CoreInst = "LogicGate">   --->   Core 74 'LogicGate' <Latency = 0> <II = 1> <Delay = 0.12> <FuncUnit> <Opcode : 'and' 'or' 'xor'> <InPorts = 2> <OutPorts = 1>
ST_1 : Operation 921 [1/1] (0.00ns) (grouped into LUT with out node select_ln46_357)   --->   "%select_ln46_431 = select i1 %tmp_529, i6 %zext_ln46_152, i6 %add_ln46_88" [firmware/nnet_utils/nnet_activation.h:46]   --->   Operation 921 'select' 'select_ln46_431' <Predicate = (or_ln46_267 & or_ln46_268 & icmp_ln45_88)> <Delay = 0.00> <CoreInst = "Sel">   --->   Core 73 'Sel' <Latency = 0> <II = 1> <Delay = 0.29> <FuncUnit> <Opcode : 'select'> <InPorts = 3> <OutPorts = 1>
ST_1 : Operation 922 [1/1] (0.29ns) (out node of the LUT)   --->   "%select_ln46_357 = select i1 %or_ln46_267, i6 %select_ln46_431, i6 63" [firmware/nnet_utils/nnet_activation.h:46]   --->   Operation 922 'select' 'select_ln46_357' <Predicate = (or_ln46_268 & icmp_ln45_88)> <Delay = 0.29> <CoreInst = "Sel">   --->   Core 73 'Sel' <Latency = 0> <II = 1> <Delay = 0.29> <FuncUnit> <Opcode : 'select'> <InPorts = 3> <OutPorts = 1>
ST_1 : Operation 923 [1/1] (0.00ns) (grouped into LUT with out node select_ln45_88)   --->   "%select_ln46_358 = select i1 %or_ln46_268, i6 %select_ln46_357, i6 %add_ln46_88" [firmware/nnet_utils/nnet_activation.h:46]   --->   Operation 923 'select' 'select_ln46_358' <Predicate = (icmp_ln45_88)> <Delay = 0.00> <CoreInst = "Sel">   --->   Core 73 'Sel' <Latency = 0> <II = 1> <Delay = 0.29> <FuncUnit> <Opcode : 'select'> <InPorts = 3> <OutPorts = 1>
ST_1 : Operation 924 [1/1] (0.29ns) (out node of the LUT)   --->   "%select_ln45_88 = select i1 %icmp_ln45_88, i6 %select_ln46_358, i6 0" [firmware/nnet_utils/nnet_activation.h:45]   --->   Operation 924 'select' 'select_ln45_88' <Predicate = true> <Delay = 0.29> <CoreInst = "Sel">   --->   Core 73 'Sel' <Latency = 0> <II = 1> <Delay = 0.29> <FuncUnit> <Opcode : 'select'> <InPorts = 3> <OutPorts = 1>
ST_1 : Operation 925 [1/1] (0.80ns)   --->   "%icmp_ln45_89 = icmp_sgt  i19 %data_28_val_read, i19 0" [firmware/nnet_utils/nnet_activation.h:45]   --->   Operation 925 'icmp' 'icmp_ln45_89' <Predicate = true> <Delay = 0.80> <CoreInst = "Cmp">   --->   Core 9 'Cmp' <Latency = 0> <II = 1> <Delay = 0.80> <FuncUnit> <Opcode : 'icmp'> <InPorts = 2> <OutPorts = 1>
ST_1 : Operation 926 [1/1] (0.00ns)   --->   "%tmp_535 = bitselect i1 @_ssdm_op_BitSelect.i1.i19.i32, i19 %data_28_val_read, i32 18" [firmware/nnet_utils/nnet_activation.h:46]   --->   Operation 926 'bitselect' 'tmp_535' <Predicate = (icmp_ln45_89)> <Delay = 0.00>
ST_1 : Operation 927 [1/1] (0.00ns) (grouped into LUT with out node add_ln46_89)   --->   "%trunc_ln46_87 = partselect i6 @_ssdm_op_PartSelect.i6.i19.i32.i32, i19 %data_28_val_read, i32 5, i32 10" [firmware/nnet_utils/nnet_activation.h:46]   --->   Operation 927 'partselect' 'trunc_ln46_87' <Predicate = (icmp_ln45_89)> <Delay = 0.00>
ST_1 : Operation 928 [1/1] (0.00ns) (grouped into LUT with out node add_ln46_89)   --->   "%tmp_536 = bitselect i1 @_ssdm_op_BitSelect.i1.i19.i32, i19 %data_28_val_read, i32 5" [firmware/nnet_utils/nnet_activation.h:46]   --->   Operation 928 'bitselect' 'tmp_536' <Predicate = (icmp_ln45_89)> <Delay = 0.00>
ST_1 : Operation 929 [1/1] (0.00ns) (grouped into LUT with out node add_ln46_89)   --->   "%tmp_537 = bitselect i1 @_ssdm_op_BitSelect.i1.i19.i32, i19 %data_28_val_read, i32 4" [firmware/nnet_utils/nnet_activation.h:46]   --->   Operation 929 'bitselect' 'tmp_537' <Predicate = (icmp_ln45_89)> <Delay = 0.00>
ST_1 : Operation 930 [1/1] (0.00ns)   --->   "%trunc_ln46_241 = trunc i19 %data_28_val_read" [firmware/nnet_utils/nnet_activation.h:46]   --->   Operation 930 'trunc' 'trunc_ln46_241' <Predicate = (icmp_ln45_89)> <Delay = 0.00>
ST_1 : Operation 931 [1/1] (0.70ns)   --->   "%icmp_ln46_269 = icmp_ne  i4 %trunc_ln46_241, i4 0" [firmware/nnet_utils/nnet_activation.h:46]   --->   Operation 931 'icmp' 'icmp_ln46_269' <Predicate = (icmp_ln45_89)> <Delay = 0.70> <CoreInst = "Cmp">   --->   Core 9 'Cmp' <Latency = 0> <II = 1> <Delay = 0.70> <FuncUnit> <Opcode : 'icmp'> <InPorts = 2> <OutPorts = 1>
ST_1 : Operation 932 [1/1] (0.00ns)   --->   "%tmp_538 = bitselect i1 @_ssdm_op_BitSelect.i1.i19.i32, i19 %data_28_val_read, i32 10" [firmware/nnet_utils/nnet_activation.h:46]   --->   Operation 932 'bitselect' 'tmp_538' <Predicate = (icmp_ln45_89)> <Delay = 0.00>
ST_1 : Operation 933 [1/1] (0.00ns) (grouped into LUT with out node add_ln46_89)   --->   "%or_ln46_269 = or i1 %tmp_536, i1 %icmp_ln46_269" [firmware/nnet_utils/nnet_activation.h:46]   --->   Operation 933 'or' 'or_ln46_269' <Predicate = (icmp_ln45_89)> <Delay = 0.00> <CoreInst = "LogicGate">   --->   Core 74 'LogicGate' <Latency = 0> <II = 1> <Delay = 0.12> <FuncUnit> <Opcode : 'and' 'or' 'xor'> <InPorts = 2> <OutPorts = 1>
ST_1 : Operation 934 [1/1] (0.00ns) (grouped into LUT with out node add_ln46_89)   --->   "%and_ln46_359 = and i1 %or_ln46_269, i1 %tmp_537" [firmware/nnet_utils/nnet_activation.h:46]   --->   Operation 934 'and' 'and_ln46_359' <Predicate = (icmp_ln45_89)> <Delay = 0.00> <CoreInst = "LogicGate">   --->   Core 74 'LogicGate' <Latency = 0> <II = 1> <Delay = 0.12> <FuncUnit> <Opcode : 'and' 'or' 'xor'> <InPorts = 2> <OutPorts = 1>
ST_1 : Operation 935 [1/1] (0.00ns) (grouped into LUT with out node add_ln46_89)   --->   "%zext_ln46_89 = zext i1 %and_ln46_359" [firmware/nnet_utils/nnet_activation.h:46]   --->   Operation 935 'zext' 'zext_ln46_89' <Predicate = (icmp_ln45_89)> <Delay = 0.00>
ST_1 : Operation 936 [1/1] (0.70ns) (out node of the LUT)   --->   "%add_ln46_89 = add i6 %trunc_ln46_87, i6 %zext_ln46_89" [firmware/nnet_utils/nnet_activation.h:46]   --->   Operation 936 'add' 'add_ln46_89' <Predicate = (icmp_ln45_89)> <Delay = 0.70> <CoreInst = "Adder">   --->   Core 1 'Adder' <Latency = 0> <II = 1> <Delay = 0.70> <FuncUnit> <Opcode : 'add' 'sub'> <InPorts = 2> <OutPorts = 1>
ST_1 : Operation 937 [1/1] (0.00ns) (grouped into LUT with out node select_ln46_361)   --->   "%trunc_ln46_242 = trunc i6 %add_ln46_89" [firmware/nnet_utils/nnet_activation.h:46]   --->   Operation 937 'trunc' 'trunc_ln46_242' <Predicate = (and_ln46_361 & tmp_535 & or_ln46_270 & or_ln46_271 & icmp_ln45_89)> <Delay = 0.00>
ST_1 : Operation 938 [1/1] (0.00ns)   --->   "%tmp_539 = partselect i8 @_ssdm_op_PartSelect.i8.i19.i32.i32, i19 %data_28_val_read, i32 11, i32 18" [firmware/nnet_utils/nnet_activation.h:46]   --->   Operation 938 'partselect' 'tmp_539' <Predicate = (icmp_ln45_89)> <Delay = 0.00>
ST_1 : Operation 939 [1/1] (0.70ns)   --->   "%icmp_ln46_270 = icmp_eq  i8 %tmp_539, i8 255" [firmware/nnet_utils/nnet_activation.h:46]   --->   Operation 939 'icmp' 'icmp_ln46_270' <Predicate = (icmp_ln45_89)> <Delay = 0.70> <CoreInst = "Cmp">   --->   Core 9 'Cmp' <Latency = 0> <II = 1> <Delay = 0.70> <FuncUnit> <Opcode : 'icmp'> <InPorts = 2> <OutPorts = 1>
ST_1 : Operation 940 [1/1] (0.70ns)   --->   "%icmp_ln46_271 = icmp_eq  i8 %tmp_539, i8 0" [firmware/nnet_utils/nnet_activation.h:46]   --->   Operation 940 'icmp' 'icmp_ln46_271' <Predicate = (icmp_ln45_89)> <Delay = 0.70> <CoreInst = "Cmp">   --->   Core 9 'Cmp' <Latency = 0> <II = 1> <Delay = 0.70> <FuncUnit> <Opcode : 'icmp'> <InPorts = 2> <OutPorts = 1>
ST_1 : Operation 941 [1/1] (0.00ns)   --->   "%tmp_540 = bitselect i1 @_ssdm_op_BitSelect.i1.i6.i32, i6 %add_ln46_89, i32 5" [firmware/nnet_utils/nnet_activation.h:46]   --->   Operation 941 'bitselect' 'tmp_540' <Predicate = (icmp_ln45_89)> <Delay = 0.00>
ST_1 : Operation 942 [1/1] (0.00ns) (grouped into LUT with out node and_ln46_361)   --->   "%xor_ln46_216 = xor i1 %tmp_540, i1 1" [firmware/nnet_utils/nnet_activation.h:46]   --->   Operation 942 'xor' 'xor_ln46_216' <Predicate = (icmp_ln45_89)> <Delay = 0.00> <CoreInst = "LogicGate">   --->   Core 74 'LogicGate' <Latency = 0> <II = 1> <Delay = 0.12> <FuncUnit> <Opcode : 'and' 'or' 'xor'> <InPorts = 2> <OutPorts = 1>
ST_1 : Operation 943 [1/1] (0.00ns) (grouped into LUT with out node or_ln46_270)   --->   "%select_ln46_359 = select i1 %tmp_540, i1 %icmp_ln46_271, i1 %icmp_ln46_270" [firmware/nnet_utils/nnet_activation.h:46]   --->   Operation 943 'select' 'select_ln46_359' <Predicate = (icmp_ln45_89)> <Delay = 0.00> <CoreInst = "Sel">   --->   Core 73 'Sel' <Latency = 0> <II = 1> <Delay = 0.27> <FuncUnit> <Opcode : 'select'> <InPorts = 3> <OutPorts = 1>
ST_1 : Operation 944 [1/1] (0.00ns) (grouped into LUT with out node or_ln46_270)   --->   "%select_ln46_432 = select i1 %tmp_538, i1 %select_ln46_359, i1 %icmp_ln46_271" [firmware/nnet_utils/nnet_activation.h:46]   --->   Operation 944 'select' 'select_ln46_432' <Predicate = (icmp_ln45_89)> <Delay = 0.00> <CoreInst = "Sel">   --->   Core 73 'Sel' <Latency = 0> <II = 1> <Delay = 0.27> <FuncUnit> <Opcode : 'select'> <InPorts = 3> <OutPorts = 1>
ST_1 : Operation 945 [1/1] (0.27ns) (out node of the LUT)   --->   "%or_ln46_270 = or i1 %select_ln46_432, i1 %tmp_535" [firmware/nnet_utils/nnet_activation.h:46]   --->   Operation 945 'or' 'or_ln46_270' <Predicate = (icmp_ln45_89)> <Delay = 0.27> <CoreInst = "LogicGate">   --->   Core 74 'LogicGate' <Latency = 0> <II = 1> <Delay = 0.12> <FuncUnit> <Opcode : 'and' 'or' 'xor'> <InPorts = 2> <OutPorts = 1>
ST_1 : Operation 946 [1/1] (0.00ns) (grouped into LUT with out node select_ln45_89)   --->   "%xor_ln46_179 = xor i1 %or_ln46_270, i1 1" [firmware/nnet_utils/nnet_activation.h:46]   --->   Operation 946 'xor' 'xor_ln46_179' <Predicate = (icmp_ln45_89)> <Delay = 0.00> <CoreInst = "LogicGate">   --->   Core 74 'LogicGate' <Latency = 0> <II = 1> <Delay = 0.12> <FuncUnit> <Opcode : 'and' 'or' 'xor'> <InPorts = 2> <OutPorts = 1>
ST_1 : Operation 947 [1/1] (0.00ns) (grouped into LUT with out node and_ln46_361)   --->   "%and_ln46_360 = and i1 %icmp_ln46_270, i1 %xor_ln46_216" [firmware/nnet_utils/nnet_activation.h:46]   --->   Operation 947 'and' 'and_ln46_360' <Predicate = (icmp_ln45_89)> <Delay = 0.00> <CoreInst = "LogicGate">   --->   Core 74 'LogicGate' <Latency = 0> <II = 1> <Delay = 0.12> <FuncUnit> <Opcode : 'and' 'or' 'xor'> <InPorts = 2> <OutPorts = 1>
ST_1 : Operation 948 [1/1] (0.12ns) (out node of the LUT)   --->   "%and_ln46_361 = and i1 %and_ln46_360, i1 %tmp_538" [firmware/nnet_utils/nnet_activation.h:46]   --->   Operation 948 'and' 'and_ln46_361' <Predicate = (icmp_ln45_89)> <Delay = 0.12> <CoreInst = "LogicGate">   --->   Core 74 'LogicGate' <Latency = 0> <II = 1> <Delay = 0.12> <FuncUnit> <Opcode : 'and' 'or' 'xor'> <InPorts = 2> <OutPorts = 1>
ST_1 : Operation 949 [1/1] (0.00ns) (grouped into LUT with out node select_ln45_89)   --->   "%xor_ln46_180 = xor i1 %and_ln46_361, i1 1" [firmware/nnet_utils/nnet_activation.h:46]   --->   Operation 949 'xor' 'xor_ln46_180' <Predicate = (icmp_ln45_89)> <Delay = 0.00> <CoreInst = "LogicGate">   --->   Core 74 'LogicGate' <Latency = 0> <II = 1> <Delay = 0.12> <FuncUnit> <Opcode : 'and' 'or' 'xor'> <InPorts = 2> <OutPorts = 1>
ST_1 : Operation 950 [1/1] (0.00ns) (grouped into LUT with out node select_ln46_361)   --->   "%select_ln46_360 = select i1 %and_ln46_361, i5 %trunc_ln46_242, i5 0" [firmware/nnet_utils/nnet_activation.h:46]   --->   Operation 950 'select' 'select_ln46_360' <Predicate = (tmp_535 & or_ln46_270 & or_ln46_271 & icmp_ln45_89)> <Delay = 0.00> <CoreInst = "Sel">   --->   Core 73 'Sel' <Latency = 0> <II = 1> <Delay = 0.27> <FuncUnit> <Opcode : 'select'> <InPorts = 3> <OutPorts = 1>
ST_1 : Operation 951 [1/1] (0.00ns) (grouped into LUT with out node select_ln46_361)   --->   "%zext_ln46_153 = zext i5 %select_ln46_360" [firmware/nnet_utils/nnet_activation.h:46]   --->   Operation 951 'zext' 'zext_ln46_153' <Predicate = (tmp_535 & or_ln46_270 & or_ln46_271 & icmp_ln45_89)> <Delay = 0.00>
ST_1 : Operation 952 [1/1] (0.00ns) (grouped into LUT with out node select_ln45_89)   --->   "%and_ln46_362 = and i1 %tmp_535, i1 %xor_ln46_180" [firmware/nnet_utils/nnet_activation.h:46]   --->   Operation 952 'and' 'and_ln46_362' <Predicate = (icmp_ln45_89)> <Delay = 0.00> <CoreInst = "LogicGate">   --->   Core 74 'LogicGate' <Latency = 0> <II = 1> <Delay = 0.12> <FuncUnit> <Opcode : 'and' 'or' 'xor'> <InPorts = 2> <OutPorts = 1>
ST_1 : Operation 953 [1/1] (0.00ns) (grouped into LUT with out node select_ln45_89)   --->   "%or_ln46_271 = or i1 %and_ln46_362, i1 %xor_ln46_179" [firmware/nnet_utils/nnet_activation.h:46]   --->   Operation 953 'or' 'or_ln46_271' <Predicate = (icmp_ln45_89)> <Delay = 0.00> <CoreInst = "LogicGate">   --->   Core 74 'LogicGate' <Latency = 0> <II = 1> <Delay = 0.12> <FuncUnit> <Opcode : 'and' 'or' 'xor'> <InPorts = 2> <OutPorts = 1>
ST_1 : Operation 954 [1/1] (0.00ns) (grouped into LUT with out node select_ln46_361)   --->   "%select_ln46_433 = select i1 %tmp_535, i6 %zext_ln46_153, i6 %add_ln46_89" [firmware/nnet_utils/nnet_activation.h:46]   --->   Operation 954 'select' 'select_ln46_433' <Predicate = (or_ln46_270 & or_ln46_271 & icmp_ln45_89)> <Delay = 0.00> <CoreInst = "Sel">   --->   Core 73 'Sel' <Latency = 0> <II = 1> <Delay = 0.29> <FuncUnit> <Opcode : 'select'> <InPorts = 3> <OutPorts = 1>
ST_1 : Operation 955 [1/1] (0.29ns) (out node of the LUT)   --->   "%select_ln46_361 = select i1 %or_ln46_270, i6 %select_ln46_433, i6 63" [firmware/nnet_utils/nnet_activation.h:46]   --->   Operation 955 'select' 'select_ln46_361' <Predicate = (or_ln46_271 & icmp_ln45_89)> <Delay = 0.29> <CoreInst = "Sel">   --->   Core 73 'Sel' <Latency = 0> <II = 1> <Delay = 0.29> <FuncUnit> <Opcode : 'select'> <InPorts = 3> <OutPorts = 1>
ST_1 : Operation 956 [1/1] (0.00ns) (grouped into LUT with out node select_ln45_89)   --->   "%select_ln46_362 = select i1 %or_ln46_271, i6 %select_ln46_361, i6 %add_ln46_89" [firmware/nnet_utils/nnet_activation.h:46]   --->   Operation 956 'select' 'select_ln46_362' <Predicate = (icmp_ln45_89)> <Delay = 0.00> <CoreInst = "Sel">   --->   Core 73 'Sel' <Latency = 0> <II = 1> <Delay = 0.29> <FuncUnit> <Opcode : 'select'> <InPorts = 3> <OutPorts = 1>
ST_1 : Operation 957 [1/1] (0.29ns) (out node of the LUT)   --->   "%select_ln45_89 = select i1 %icmp_ln45_89, i6 %select_ln46_362, i6 0" [firmware/nnet_utils/nnet_activation.h:45]   --->   Operation 957 'select' 'select_ln45_89' <Predicate = true> <Delay = 0.29> <CoreInst = "Sel">   --->   Core 73 'Sel' <Latency = 0> <II = 1> <Delay = 0.29> <FuncUnit> <Opcode : 'select'> <InPorts = 3> <OutPorts = 1>
ST_1 : Operation 958 [1/1] (0.80ns)   --->   "%icmp_ln45_90 = icmp_sgt  i19 %data_29_val_read, i19 0" [firmware/nnet_utils/nnet_activation.h:45]   --->   Operation 958 'icmp' 'icmp_ln45_90' <Predicate = true> <Delay = 0.80> <CoreInst = "Cmp">   --->   Core 9 'Cmp' <Latency = 0> <II = 1> <Delay = 0.80> <FuncUnit> <Opcode : 'icmp'> <InPorts = 2> <OutPorts = 1>
ST_1 : Operation 959 [1/1] (0.00ns)   --->   "%tmp_541 = bitselect i1 @_ssdm_op_BitSelect.i1.i19.i32, i19 %data_29_val_read, i32 18" [firmware/nnet_utils/nnet_activation.h:46]   --->   Operation 959 'bitselect' 'tmp_541' <Predicate = (icmp_ln45_90)> <Delay = 0.00>
ST_1 : Operation 960 [1/1] (0.00ns) (grouped into LUT with out node add_ln46_90)   --->   "%trunc_ln46_88 = partselect i6 @_ssdm_op_PartSelect.i6.i19.i32.i32, i19 %data_29_val_read, i32 5, i32 10" [firmware/nnet_utils/nnet_activation.h:46]   --->   Operation 960 'partselect' 'trunc_ln46_88' <Predicate = (icmp_ln45_90)> <Delay = 0.00>
ST_1 : Operation 961 [1/1] (0.00ns) (grouped into LUT with out node add_ln46_90)   --->   "%tmp_542 = bitselect i1 @_ssdm_op_BitSelect.i1.i19.i32, i19 %data_29_val_read, i32 5" [firmware/nnet_utils/nnet_activation.h:46]   --->   Operation 961 'bitselect' 'tmp_542' <Predicate = (icmp_ln45_90)> <Delay = 0.00>
ST_1 : Operation 962 [1/1] (0.00ns) (grouped into LUT with out node add_ln46_90)   --->   "%tmp_543 = bitselect i1 @_ssdm_op_BitSelect.i1.i19.i32, i19 %data_29_val_read, i32 4" [firmware/nnet_utils/nnet_activation.h:46]   --->   Operation 962 'bitselect' 'tmp_543' <Predicate = (icmp_ln45_90)> <Delay = 0.00>
ST_1 : Operation 963 [1/1] (0.00ns)   --->   "%trunc_ln46_243 = trunc i19 %data_29_val_read" [firmware/nnet_utils/nnet_activation.h:46]   --->   Operation 963 'trunc' 'trunc_ln46_243' <Predicate = (icmp_ln45_90)> <Delay = 0.00>
ST_1 : Operation 964 [1/1] (0.70ns)   --->   "%icmp_ln46_272 = icmp_ne  i4 %trunc_ln46_243, i4 0" [firmware/nnet_utils/nnet_activation.h:46]   --->   Operation 964 'icmp' 'icmp_ln46_272' <Predicate = (icmp_ln45_90)> <Delay = 0.70> <CoreInst = "Cmp">   --->   Core 9 'Cmp' <Latency = 0> <II = 1> <Delay = 0.70> <FuncUnit> <Opcode : 'icmp'> <InPorts = 2> <OutPorts = 1>
ST_1 : Operation 965 [1/1] (0.00ns)   --->   "%tmp_544 = bitselect i1 @_ssdm_op_BitSelect.i1.i19.i32, i19 %data_29_val_read, i32 10" [firmware/nnet_utils/nnet_activation.h:46]   --->   Operation 965 'bitselect' 'tmp_544' <Predicate = (icmp_ln45_90)> <Delay = 0.00>
ST_1 : Operation 966 [1/1] (0.00ns) (grouped into LUT with out node add_ln46_90)   --->   "%or_ln46_272 = or i1 %tmp_542, i1 %icmp_ln46_272" [firmware/nnet_utils/nnet_activation.h:46]   --->   Operation 966 'or' 'or_ln46_272' <Predicate = (icmp_ln45_90)> <Delay = 0.00> <CoreInst = "LogicGate">   --->   Core 74 'LogicGate' <Latency = 0> <II = 1> <Delay = 0.12> <FuncUnit> <Opcode : 'and' 'or' 'xor'> <InPorts = 2> <OutPorts = 1>
ST_1 : Operation 967 [1/1] (0.00ns) (grouped into LUT with out node add_ln46_90)   --->   "%and_ln46_363 = and i1 %or_ln46_272, i1 %tmp_543" [firmware/nnet_utils/nnet_activation.h:46]   --->   Operation 967 'and' 'and_ln46_363' <Predicate = (icmp_ln45_90)> <Delay = 0.00> <CoreInst = "LogicGate">   --->   Core 74 'LogicGate' <Latency = 0> <II = 1> <Delay = 0.12> <FuncUnit> <Opcode : 'and' 'or' 'xor'> <InPorts = 2> <OutPorts = 1>
ST_1 : Operation 968 [1/1] (0.00ns) (grouped into LUT with out node add_ln46_90)   --->   "%zext_ln46_90 = zext i1 %and_ln46_363" [firmware/nnet_utils/nnet_activation.h:46]   --->   Operation 968 'zext' 'zext_ln46_90' <Predicate = (icmp_ln45_90)> <Delay = 0.00>
ST_1 : Operation 969 [1/1] (0.70ns) (out node of the LUT)   --->   "%add_ln46_90 = add i6 %trunc_ln46_88, i6 %zext_ln46_90" [firmware/nnet_utils/nnet_activation.h:46]   --->   Operation 969 'add' 'add_ln46_90' <Predicate = (icmp_ln45_90)> <Delay = 0.70> <CoreInst = "Adder">   --->   Core 1 'Adder' <Latency = 0> <II = 1> <Delay = 0.70> <FuncUnit> <Opcode : 'add' 'sub'> <InPorts = 2> <OutPorts = 1>
ST_1 : Operation 970 [1/1] (0.00ns) (grouped into LUT with out node select_ln46_365)   --->   "%trunc_ln46_244 = trunc i6 %add_ln46_90" [firmware/nnet_utils/nnet_activation.h:46]   --->   Operation 970 'trunc' 'trunc_ln46_244' <Predicate = (and_ln46_365 & tmp_541 & or_ln46_273 & or_ln46_274 & icmp_ln45_90)> <Delay = 0.00>
ST_1 : Operation 971 [1/1] (0.00ns)   --->   "%tmp_545 = partselect i8 @_ssdm_op_PartSelect.i8.i19.i32.i32, i19 %data_29_val_read, i32 11, i32 18" [firmware/nnet_utils/nnet_activation.h:46]   --->   Operation 971 'partselect' 'tmp_545' <Predicate = (icmp_ln45_90)> <Delay = 0.00>
ST_1 : Operation 972 [1/1] (0.70ns)   --->   "%icmp_ln46_273 = icmp_eq  i8 %tmp_545, i8 255" [firmware/nnet_utils/nnet_activation.h:46]   --->   Operation 972 'icmp' 'icmp_ln46_273' <Predicate = (icmp_ln45_90)> <Delay = 0.70> <CoreInst = "Cmp">   --->   Core 9 'Cmp' <Latency = 0> <II = 1> <Delay = 0.70> <FuncUnit> <Opcode : 'icmp'> <InPorts = 2> <OutPorts = 1>
ST_1 : Operation 973 [1/1] (0.70ns)   --->   "%icmp_ln46_274 = icmp_eq  i8 %tmp_545, i8 0" [firmware/nnet_utils/nnet_activation.h:46]   --->   Operation 973 'icmp' 'icmp_ln46_274' <Predicate = (icmp_ln45_90)> <Delay = 0.70> <CoreInst = "Cmp">   --->   Core 9 'Cmp' <Latency = 0> <II = 1> <Delay = 0.70> <FuncUnit> <Opcode : 'icmp'> <InPorts = 2> <OutPorts = 1>
ST_1 : Operation 974 [1/1] (0.00ns)   --->   "%tmp_546 = bitselect i1 @_ssdm_op_BitSelect.i1.i6.i32, i6 %add_ln46_90, i32 5" [firmware/nnet_utils/nnet_activation.h:46]   --->   Operation 974 'bitselect' 'tmp_546' <Predicate = (icmp_ln45_90)> <Delay = 0.00>
ST_1 : Operation 975 [1/1] (0.00ns) (grouped into LUT with out node and_ln46_365)   --->   "%xor_ln46_217 = xor i1 %tmp_546, i1 1" [firmware/nnet_utils/nnet_activation.h:46]   --->   Operation 975 'xor' 'xor_ln46_217' <Predicate = (icmp_ln45_90)> <Delay = 0.00> <CoreInst = "LogicGate">   --->   Core 74 'LogicGate' <Latency = 0> <II = 1> <Delay = 0.12> <FuncUnit> <Opcode : 'and' 'or' 'xor'> <InPorts = 2> <OutPorts = 1>
ST_1 : Operation 976 [1/1] (0.00ns) (grouped into LUT with out node or_ln46_273)   --->   "%select_ln46_363 = select i1 %tmp_546, i1 %icmp_ln46_274, i1 %icmp_ln46_273" [firmware/nnet_utils/nnet_activation.h:46]   --->   Operation 976 'select' 'select_ln46_363' <Predicate = (icmp_ln45_90)> <Delay = 0.00> <CoreInst = "Sel">   --->   Core 73 'Sel' <Latency = 0> <II = 1> <Delay = 0.27> <FuncUnit> <Opcode : 'select'> <InPorts = 3> <OutPorts = 1>
ST_1 : Operation 977 [1/1] (0.00ns) (grouped into LUT with out node or_ln46_273)   --->   "%select_ln46_434 = select i1 %tmp_544, i1 %select_ln46_363, i1 %icmp_ln46_274" [firmware/nnet_utils/nnet_activation.h:46]   --->   Operation 977 'select' 'select_ln46_434' <Predicate = (icmp_ln45_90)> <Delay = 0.00> <CoreInst = "Sel">   --->   Core 73 'Sel' <Latency = 0> <II = 1> <Delay = 0.27> <FuncUnit> <Opcode : 'select'> <InPorts = 3> <OutPorts = 1>
ST_1 : Operation 978 [1/1] (0.27ns) (out node of the LUT)   --->   "%or_ln46_273 = or i1 %select_ln46_434, i1 %tmp_541" [firmware/nnet_utils/nnet_activation.h:46]   --->   Operation 978 'or' 'or_ln46_273' <Predicate = (icmp_ln45_90)> <Delay = 0.27> <CoreInst = "LogicGate">   --->   Core 74 'LogicGate' <Latency = 0> <II = 1> <Delay = 0.12> <FuncUnit> <Opcode : 'and' 'or' 'xor'> <InPorts = 2> <OutPorts = 1>
ST_1 : Operation 979 [1/1] (0.00ns) (grouped into LUT with out node select_ln45_90)   --->   "%xor_ln46_181 = xor i1 %or_ln46_273, i1 1" [firmware/nnet_utils/nnet_activation.h:46]   --->   Operation 979 'xor' 'xor_ln46_181' <Predicate = (icmp_ln45_90)> <Delay = 0.00> <CoreInst = "LogicGate">   --->   Core 74 'LogicGate' <Latency = 0> <II = 1> <Delay = 0.12> <FuncUnit> <Opcode : 'and' 'or' 'xor'> <InPorts = 2> <OutPorts = 1>
ST_1 : Operation 980 [1/1] (0.00ns) (grouped into LUT with out node and_ln46_365)   --->   "%and_ln46_364 = and i1 %icmp_ln46_273, i1 %xor_ln46_217" [firmware/nnet_utils/nnet_activation.h:46]   --->   Operation 980 'and' 'and_ln46_364' <Predicate = (icmp_ln45_90)> <Delay = 0.00> <CoreInst = "LogicGate">   --->   Core 74 'LogicGate' <Latency = 0> <II = 1> <Delay = 0.12> <FuncUnit> <Opcode : 'and' 'or' 'xor'> <InPorts = 2> <OutPorts = 1>
ST_1 : Operation 981 [1/1] (0.12ns) (out node of the LUT)   --->   "%and_ln46_365 = and i1 %and_ln46_364, i1 %tmp_544" [firmware/nnet_utils/nnet_activation.h:46]   --->   Operation 981 'and' 'and_ln46_365' <Predicate = (icmp_ln45_90)> <Delay = 0.12> <CoreInst = "LogicGate">   --->   Core 74 'LogicGate' <Latency = 0> <II = 1> <Delay = 0.12> <FuncUnit> <Opcode : 'and' 'or' 'xor'> <InPorts = 2> <OutPorts = 1>
ST_1 : Operation 982 [1/1] (0.00ns) (grouped into LUT with out node select_ln45_90)   --->   "%xor_ln46_182 = xor i1 %and_ln46_365, i1 1" [firmware/nnet_utils/nnet_activation.h:46]   --->   Operation 982 'xor' 'xor_ln46_182' <Predicate = (icmp_ln45_90)> <Delay = 0.00> <CoreInst = "LogicGate">   --->   Core 74 'LogicGate' <Latency = 0> <II = 1> <Delay = 0.12> <FuncUnit> <Opcode : 'and' 'or' 'xor'> <InPorts = 2> <OutPorts = 1>
ST_1 : Operation 983 [1/1] (0.00ns) (grouped into LUT with out node select_ln46_365)   --->   "%select_ln46_364 = select i1 %and_ln46_365, i5 %trunc_ln46_244, i5 0" [firmware/nnet_utils/nnet_activation.h:46]   --->   Operation 983 'select' 'select_ln46_364' <Predicate = (tmp_541 & or_ln46_273 & or_ln46_274 & icmp_ln45_90)> <Delay = 0.00> <CoreInst = "Sel">   --->   Core 73 'Sel' <Latency = 0> <II = 1> <Delay = 0.27> <FuncUnit> <Opcode : 'select'> <InPorts = 3> <OutPorts = 1>
ST_1 : Operation 984 [1/1] (0.00ns) (grouped into LUT with out node select_ln46_365)   --->   "%zext_ln46_154 = zext i5 %select_ln46_364" [firmware/nnet_utils/nnet_activation.h:46]   --->   Operation 984 'zext' 'zext_ln46_154' <Predicate = (tmp_541 & or_ln46_273 & or_ln46_274 & icmp_ln45_90)> <Delay = 0.00>
ST_1 : Operation 985 [1/1] (0.00ns) (grouped into LUT with out node select_ln45_90)   --->   "%and_ln46_366 = and i1 %tmp_541, i1 %xor_ln46_182" [firmware/nnet_utils/nnet_activation.h:46]   --->   Operation 985 'and' 'and_ln46_366' <Predicate = (icmp_ln45_90)> <Delay = 0.00> <CoreInst = "LogicGate">   --->   Core 74 'LogicGate' <Latency = 0> <II = 1> <Delay = 0.12> <FuncUnit> <Opcode : 'and' 'or' 'xor'> <InPorts = 2> <OutPorts = 1>
ST_1 : Operation 986 [1/1] (0.00ns) (grouped into LUT with out node select_ln45_90)   --->   "%or_ln46_274 = or i1 %and_ln46_366, i1 %xor_ln46_181" [firmware/nnet_utils/nnet_activation.h:46]   --->   Operation 986 'or' 'or_ln46_274' <Predicate = (icmp_ln45_90)> <Delay = 0.00> <CoreInst = "LogicGate">   --->   Core 74 'LogicGate' <Latency = 0> <II = 1> <Delay = 0.12> <FuncUnit> <Opcode : 'and' 'or' 'xor'> <InPorts = 2> <OutPorts = 1>
ST_1 : Operation 987 [1/1] (0.00ns) (grouped into LUT with out node select_ln46_365)   --->   "%select_ln46_435 = select i1 %tmp_541, i6 %zext_ln46_154, i6 %add_ln46_90" [firmware/nnet_utils/nnet_activation.h:46]   --->   Operation 987 'select' 'select_ln46_435' <Predicate = (or_ln46_273 & or_ln46_274 & icmp_ln45_90)> <Delay = 0.00> <CoreInst = "Sel">   --->   Core 73 'Sel' <Latency = 0> <II = 1> <Delay = 0.29> <FuncUnit> <Opcode : 'select'> <InPorts = 3> <OutPorts = 1>
ST_1 : Operation 988 [1/1] (0.29ns) (out node of the LUT)   --->   "%select_ln46_365 = select i1 %or_ln46_273, i6 %select_ln46_435, i6 63" [firmware/nnet_utils/nnet_activation.h:46]   --->   Operation 988 'select' 'select_ln46_365' <Predicate = (or_ln46_274 & icmp_ln45_90)> <Delay = 0.29> <CoreInst = "Sel">   --->   Core 73 'Sel' <Latency = 0> <II = 1> <Delay = 0.29> <FuncUnit> <Opcode : 'select'> <InPorts = 3> <OutPorts = 1>
ST_1 : Operation 989 [1/1] (0.00ns) (grouped into LUT with out node select_ln45_90)   --->   "%select_ln46_366 = select i1 %or_ln46_274, i6 %select_ln46_365, i6 %add_ln46_90" [firmware/nnet_utils/nnet_activation.h:46]   --->   Operation 989 'select' 'select_ln46_366' <Predicate = (icmp_ln45_90)> <Delay = 0.00> <CoreInst = "Sel">   --->   Core 73 'Sel' <Latency = 0> <II = 1> <Delay = 0.29> <FuncUnit> <Opcode : 'select'> <InPorts = 3> <OutPorts = 1>
ST_1 : Operation 990 [1/1] (0.29ns) (out node of the LUT)   --->   "%select_ln45_90 = select i1 %icmp_ln45_90, i6 %select_ln46_366, i6 0" [firmware/nnet_utils/nnet_activation.h:45]   --->   Operation 990 'select' 'select_ln45_90' <Predicate = true> <Delay = 0.29> <CoreInst = "Sel">   --->   Core 73 'Sel' <Latency = 0> <II = 1> <Delay = 0.29> <FuncUnit> <Opcode : 'select'> <InPorts = 3> <OutPorts = 1>
ST_1 : Operation 991 [1/1] (0.80ns)   --->   "%icmp_ln45_91 = icmp_sgt  i19 %data_30_val_read, i19 0" [firmware/nnet_utils/nnet_activation.h:45]   --->   Operation 991 'icmp' 'icmp_ln45_91' <Predicate = true> <Delay = 0.80> <CoreInst = "Cmp">   --->   Core 9 'Cmp' <Latency = 0> <II = 1> <Delay = 0.80> <FuncUnit> <Opcode : 'icmp'> <InPorts = 2> <OutPorts = 1>
ST_1 : Operation 992 [1/1] (0.00ns)   --->   "%tmp_547 = bitselect i1 @_ssdm_op_BitSelect.i1.i19.i32, i19 %data_30_val_read, i32 18" [firmware/nnet_utils/nnet_activation.h:46]   --->   Operation 992 'bitselect' 'tmp_547' <Predicate = (icmp_ln45_91)> <Delay = 0.00>
ST_1 : Operation 993 [1/1] (0.00ns) (grouped into LUT with out node add_ln46_91)   --->   "%trunc_ln46_89 = partselect i6 @_ssdm_op_PartSelect.i6.i19.i32.i32, i19 %data_30_val_read, i32 5, i32 10" [firmware/nnet_utils/nnet_activation.h:46]   --->   Operation 993 'partselect' 'trunc_ln46_89' <Predicate = (icmp_ln45_91)> <Delay = 0.00>
ST_1 : Operation 994 [1/1] (0.00ns) (grouped into LUT with out node add_ln46_91)   --->   "%tmp_548 = bitselect i1 @_ssdm_op_BitSelect.i1.i19.i32, i19 %data_30_val_read, i32 5" [firmware/nnet_utils/nnet_activation.h:46]   --->   Operation 994 'bitselect' 'tmp_548' <Predicate = (icmp_ln45_91)> <Delay = 0.00>
ST_1 : Operation 995 [1/1] (0.00ns) (grouped into LUT with out node add_ln46_91)   --->   "%tmp_549 = bitselect i1 @_ssdm_op_BitSelect.i1.i19.i32, i19 %data_30_val_read, i32 4" [firmware/nnet_utils/nnet_activation.h:46]   --->   Operation 995 'bitselect' 'tmp_549' <Predicate = (icmp_ln45_91)> <Delay = 0.00>
ST_1 : Operation 996 [1/1] (0.00ns)   --->   "%trunc_ln46_245 = trunc i19 %data_30_val_read" [firmware/nnet_utils/nnet_activation.h:46]   --->   Operation 996 'trunc' 'trunc_ln46_245' <Predicate = (icmp_ln45_91)> <Delay = 0.00>
ST_1 : Operation 997 [1/1] (0.70ns)   --->   "%icmp_ln46_275 = icmp_ne  i4 %trunc_ln46_245, i4 0" [firmware/nnet_utils/nnet_activation.h:46]   --->   Operation 997 'icmp' 'icmp_ln46_275' <Predicate = (icmp_ln45_91)> <Delay = 0.70> <CoreInst = "Cmp">   --->   Core 9 'Cmp' <Latency = 0> <II = 1> <Delay = 0.70> <FuncUnit> <Opcode : 'icmp'> <InPorts = 2> <OutPorts = 1>
ST_1 : Operation 998 [1/1] (0.00ns)   --->   "%tmp_550 = bitselect i1 @_ssdm_op_BitSelect.i1.i19.i32, i19 %data_30_val_read, i32 10" [firmware/nnet_utils/nnet_activation.h:46]   --->   Operation 998 'bitselect' 'tmp_550' <Predicate = (icmp_ln45_91)> <Delay = 0.00>
ST_1 : Operation 999 [1/1] (0.00ns) (grouped into LUT with out node add_ln46_91)   --->   "%or_ln46_275 = or i1 %tmp_548, i1 %icmp_ln46_275" [firmware/nnet_utils/nnet_activation.h:46]   --->   Operation 999 'or' 'or_ln46_275' <Predicate = (icmp_ln45_91)> <Delay = 0.00> <CoreInst = "LogicGate">   --->   Core 74 'LogicGate' <Latency = 0> <II = 1> <Delay = 0.12> <FuncUnit> <Opcode : 'and' 'or' 'xor'> <InPorts = 2> <OutPorts = 1>
ST_1 : Operation 1000 [1/1] (0.00ns) (grouped into LUT with out node add_ln46_91)   --->   "%and_ln46_367 = and i1 %or_ln46_275, i1 %tmp_549" [firmware/nnet_utils/nnet_activation.h:46]   --->   Operation 1000 'and' 'and_ln46_367' <Predicate = (icmp_ln45_91)> <Delay = 0.00> <CoreInst = "LogicGate">   --->   Core 74 'LogicGate' <Latency = 0> <II = 1> <Delay = 0.12> <FuncUnit> <Opcode : 'and' 'or' 'xor'> <InPorts = 2> <OutPorts = 1>
ST_1 : Operation 1001 [1/1] (0.00ns) (grouped into LUT with out node add_ln46_91)   --->   "%zext_ln46_91 = zext i1 %and_ln46_367" [firmware/nnet_utils/nnet_activation.h:46]   --->   Operation 1001 'zext' 'zext_ln46_91' <Predicate = (icmp_ln45_91)> <Delay = 0.00>
ST_1 : Operation 1002 [1/1] (0.70ns) (out node of the LUT)   --->   "%add_ln46_91 = add i6 %trunc_ln46_89, i6 %zext_ln46_91" [firmware/nnet_utils/nnet_activation.h:46]   --->   Operation 1002 'add' 'add_ln46_91' <Predicate = (icmp_ln45_91)> <Delay = 0.70> <CoreInst = "Adder">   --->   Core 1 'Adder' <Latency = 0> <II = 1> <Delay = 0.70> <FuncUnit> <Opcode : 'add' 'sub'> <InPorts = 2> <OutPorts = 1>
ST_1 : Operation 1003 [1/1] (0.00ns) (grouped into LUT with out node select_ln46_369)   --->   "%trunc_ln46_246 = trunc i6 %add_ln46_91" [firmware/nnet_utils/nnet_activation.h:46]   --->   Operation 1003 'trunc' 'trunc_ln46_246' <Predicate = (and_ln46_369 & tmp_547 & or_ln46_276 & or_ln46_277 & icmp_ln45_91)> <Delay = 0.00>
ST_1 : Operation 1004 [1/1] (0.00ns)   --->   "%tmp_551 = partselect i8 @_ssdm_op_PartSelect.i8.i19.i32.i32, i19 %data_30_val_read, i32 11, i32 18" [firmware/nnet_utils/nnet_activation.h:46]   --->   Operation 1004 'partselect' 'tmp_551' <Predicate = (icmp_ln45_91)> <Delay = 0.00>
ST_1 : Operation 1005 [1/1] (0.70ns)   --->   "%icmp_ln46_276 = icmp_eq  i8 %tmp_551, i8 255" [firmware/nnet_utils/nnet_activation.h:46]   --->   Operation 1005 'icmp' 'icmp_ln46_276' <Predicate = (icmp_ln45_91)> <Delay = 0.70> <CoreInst = "Cmp">   --->   Core 9 'Cmp' <Latency = 0> <II = 1> <Delay = 0.70> <FuncUnit> <Opcode : 'icmp'> <InPorts = 2> <OutPorts = 1>
ST_1 : Operation 1006 [1/1] (0.70ns)   --->   "%icmp_ln46_277 = icmp_eq  i8 %tmp_551, i8 0" [firmware/nnet_utils/nnet_activation.h:46]   --->   Operation 1006 'icmp' 'icmp_ln46_277' <Predicate = (icmp_ln45_91)> <Delay = 0.70> <CoreInst = "Cmp">   --->   Core 9 'Cmp' <Latency = 0> <II = 1> <Delay = 0.70> <FuncUnit> <Opcode : 'icmp'> <InPorts = 2> <OutPorts = 1>
ST_1 : Operation 1007 [1/1] (0.00ns)   --->   "%tmp_552 = bitselect i1 @_ssdm_op_BitSelect.i1.i6.i32, i6 %add_ln46_91, i32 5" [firmware/nnet_utils/nnet_activation.h:46]   --->   Operation 1007 'bitselect' 'tmp_552' <Predicate = (icmp_ln45_91)> <Delay = 0.00>
ST_1 : Operation 1008 [1/1] (0.00ns) (grouped into LUT with out node and_ln46_369)   --->   "%xor_ln46_218 = xor i1 %tmp_552, i1 1" [firmware/nnet_utils/nnet_activation.h:46]   --->   Operation 1008 'xor' 'xor_ln46_218' <Predicate = (icmp_ln45_91)> <Delay = 0.00> <CoreInst = "LogicGate">   --->   Core 74 'LogicGate' <Latency = 0> <II = 1> <Delay = 0.12> <FuncUnit> <Opcode : 'and' 'or' 'xor'> <InPorts = 2> <OutPorts = 1>
ST_1 : Operation 1009 [1/1] (0.00ns) (grouped into LUT with out node or_ln46_276)   --->   "%select_ln46_367 = select i1 %tmp_552, i1 %icmp_ln46_277, i1 %icmp_ln46_276" [firmware/nnet_utils/nnet_activation.h:46]   --->   Operation 1009 'select' 'select_ln46_367' <Predicate = (icmp_ln45_91)> <Delay = 0.00> <CoreInst = "Sel">   --->   Core 73 'Sel' <Latency = 0> <II = 1> <Delay = 0.27> <FuncUnit> <Opcode : 'select'> <InPorts = 3> <OutPorts = 1>
ST_1 : Operation 1010 [1/1] (0.00ns) (grouped into LUT with out node or_ln46_276)   --->   "%select_ln46_436 = select i1 %tmp_550, i1 %select_ln46_367, i1 %icmp_ln46_277" [firmware/nnet_utils/nnet_activation.h:46]   --->   Operation 1010 'select' 'select_ln46_436' <Predicate = (icmp_ln45_91)> <Delay = 0.00> <CoreInst = "Sel">   --->   Core 73 'Sel' <Latency = 0> <II = 1> <Delay = 0.27> <FuncUnit> <Opcode : 'select'> <InPorts = 3> <OutPorts = 1>
ST_1 : Operation 1011 [1/1] (0.27ns) (out node of the LUT)   --->   "%or_ln46_276 = or i1 %select_ln46_436, i1 %tmp_547" [firmware/nnet_utils/nnet_activation.h:46]   --->   Operation 1011 'or' 'or_ln46_276' <Predicate = (icmp_ln45_91)> <Delay = 0.27> <CoreInst = "LogicGate">   --->   Core 74 'LogicGate' <Latency = 0> <II = 1> <Delay = 0.12> <FuncUnit> <Opcode : 'and' 'or' 'xor'> <InPorts = 2> <OutPorts = 1>
ST_1 : Operation 1012 [1/1] (0.00ns) (grouped into LUT with out node select_ln45_91)   --->   "%xor_ln46_183 = xor i1 %or_ln46_276, i1 1" [firmware/nnet_utils/nnet_activation.h:46]   --->   Operation 1012 'xor' 'xor_ln46_183' <Predicate = (icmp_ln45_91)> <Delay = 0.00> <CoreInst = "LogicGate">   --->   Core 74 'LogicGate' <Latency = 0> <II = 1> <Delay = 0.12> <FuncUnit> <Opcode : 'and' 'or' 'xor'> <InPorts = 2> <OutPorts = 1>
ST_1 : Operation 1013 [1/1] (0.00ns) (grouped into LUT with out node and_ln46_369)   --->   "%and_ln46_368 = and i1 %icmp_ln46_276, i1 %xor_ln46_218" [firmware/nnet_utils/nnet_activation.h:46]   --->   Operation 1013 'and' 'and_ln46_368' <Predicate = (icmp_ln45_91)> <Delay = 0.00> <CoreInst = "LogicGate">   --->   Core 74 'LogicGate' <Latency = 0> <II = 1> <Delay = 0.12> <FuncUnit> <Opcode : 'and' 'or' 'xor'> <InPorts = 2> <OutPorts = 1>
ST_1 : Operation 1014 [1/1] (0.12ns) (out node of the LUT)   --->   "%and_ln46_369 = and i1 %and_ln46_368, i1 %tmp_550" [firmware/nnet_utils/nnet_activation.h:46]   --->   Operation 1014 'and' 'and_ln46_369' <Predicate = (icmp_ln45_91)> <Delay = 0.12> <CoreInst = "LogicGate">   --->   Core 74 'LogicGate' <Latency = 0> <II = 1> <Delay = 0.12> <FuncUnit> <Opcode : 'and' 'or' 'xor'> <InPorts = 2> <OutPorts = 1>
ST_1 : Operation 1015 [1/1] (0.00ns) (grouped into LUT with out node select_ln45_91)   --->   "%xor_ln46_184 = xor i1 %and_ln46_369, i1 1" [firmware/nnet_utils/nnet_activation.h:46]   --->   Operation 1015 'xor' 'xor_ln46_184' <Predicate = (icmp_ln45_91)> <Delay = 0.00> <CoreInst = "LogicGate">   --->   Core 74 'LogicGate' <Latency = 0> <II = 1> <Delay = 0.12> <FuncUnit> <Opcode : 'and' 'or' 'xor'> <InPorts = 2> <OutPorts = 1>
ST_1 : Operation 1016 [1/1] (0.00ns) (grouped into LUT with out node select_ln46_369)   --->   "%select_ln46_368 = select i1 %and_ln46_369, i5 %trunc_ln46_246, i5 0" [firmware/nnet_utils/nnet_activation.h:46]   --->   Operation 1016 'select' 'select_ln46_368' <Predicate = (tmp_547 & or_ln46_276 & or_ln46_277 & icmp_ln45_91)> <Delay = 0.00> <CoreInst = "Sel">   --->   Core 73 'Sel' <Latency = 0> <II = 1> <Delay = 0.27> <FuncUnit> <Opcode : 'select'> <InPorts = 3> <OutPorts = 1>
ST_1 : Operation 1017 [1/1] (0.00ns) (grouped into LUT with out node select_ln46_369)   --->   "%zext_ln46_155 = zext i5 %select_ln46_368" [firmware/nnet_utils/nnet_activation.h:46]   --->   Operation 1017 'zext' 'zext_ln46_155' <Predicate = (tmp_547 & or_ln46_276 & or_ln46_277 & icmp_ln45_91)> <Delay = 0.00>
ST_1 : Operation 1018 [1/1] (0.00ns) (grouped into LUT with out node select_ln45_91)   --->   "%and_ln46_370 = and i1 %tmp_547, i1 %xor_ln46_184" [firmware/nnet_utils/nnet_activation.h:46]   --->   Operation 1018 'and' 'and_ln46_370' <Predicate = (icmp_ln45_91)> <Delay = 0.00> <CoreInst = "LogicGate">   --->   Core 74 'LogicGate' <Latency = 0> <II = 1> <Delay = 0.12> <FuncUnit> <Opcode : 'and' 'or' 'xor'> <InPorts = 2> <OutPorts = 1>
ST_1 : Operation 1019 [1/1] (0.00ns) (grouped into LUT with out node select_ln45_91)   --->   "%or_ln46_277 = or i1 %and_ln46_370, i1 %xor_ln46_183" [firmware/nnet_utils/nnet_activation.h:46]   --->   Operation 1019 'or' 'or_ln46_277' <Predicate = (icmp_ln45_91)> <Delay = 0.00> <CoreInst = "LogicGate">   --->   Core 74 'LogicGate' <Latency = 0> <II = 1> <Delay = 0.12> <FuncUnit> <Opcode : 'and' 'or' 'xor'> <InPorts = 2> <OutPorts = 1>
ST_1 : Operation 1020 [1/1] (0.00ns) (grouped into LUT with out node select_ln46_369)   --->   "%select_ln46_437 = select i1 %tmp_547, i6 %zext_ln46_155, i6 %add_ln46_91" [firmware/nnet_utils/nnet_activation.h:46]   --->   Operation 1020 'select' 'select_ln46_437' <Predicate = (or_ln46_276 & or_ln46_277 & icmp_ln45_91)> <Delay = 0.00> <CoreInst = "Sel">   --->   Core 73 'Sel' <Latency = 0> <II = 1> <Delay = 0.29> <FuncUnit> <Opcode : 'select'> <InPorts = 3> <OutPorts = 1>
ST_1 : Operation 1021 [1/1] (0.29ns) (out node of the LUT)   --->   "%select_ln46_369 = select i1 %or_ln46_276, i6 %select_ln46_437, i6 63" [firmware/nnet_utils/nnet_activation.h:46]   --->   Operation 1021 'select' 'select_ln46_369' <Predicate = (or_ln46_277 & icmp_ln45_91)> <Delay = 0.29> <CoreInst = "Sel">   --->   Core 73 'Sel' <Latency = 0> <II = 1> <Delay = 0.29> <FuncUnit> <Opcode : 'select'> <InPorts = 3> <OutPorts = 1>
ST_1 : Operation 1022 [1/1] (0.00ns) (grouped into LUT with out node select_ln45_91)   --->   "%select_ln46_370 = select i1 %or_ln46_277, i6 %select_ln46_369, i6 %add_ln46_91" [firmware/nnet_utils/nnet_activation.h:46]   --->   Operation 1022 'select' 'select_ln46_370' <Predicate = (icmp_ln45_91)> <Delay = 0.00> <CoreInst = "Sel">   --->   Core 73 'Sel' <Latency = 0> <II = 1> <Delay = 0.29> <FuncUnit> <Opcode : 'select'> <InPorts = 3> <OutPorts = 1>
ST_1 : Operation 1023 [1/1] (0.29ns) (out node of the LUT)   --->   "%select_ln45_91 = select i1 %icmp_ln45_91, i6 %select_ln46_370, i6 0" [firmware/nnet_utils/nnet_activation.h:45]   --->   Operation 1023 'select' 'select_ln45_91' <Predicate = true> <Delay = 0.29> <CoreInst = "Sel">   --->   Core 73 'Sel' <Latency = 0> <II = 1> <Delay = 0.29> <FuncUnit> <Opcode : 'select'> <InPorts = 3> <OutPorts = 1>
ST_1 : Operation 1024 [1/1] (0.80ns)   --->   "%icmp_ln45_92 = icmp_sgt  i19 %data_31_val_read, i19 0" [firmware/nnet_utils/nnet_activation.h:45]   --->   Operation 1024 'icmp' 'icmp_ln45_92' <Predicate = true> <Delay = 0.80> <CoreInst = "Cmp">   --->   Core 9 'Cmp' <Latency = 0> <II = 1> <Delay = 0.80> <FuncUnit> <Opcode : 'icmp'> <InPorts = 2> <OutPorts = 1>
ST_1 : Operation 1025 [1/1] (0.00ns)   --->   "%tmp_553 = bitselect i1 @_ssdm_op_BitSelect.i1.i19.i32, i19 %data_31_val_read, i32 18" [firmware/nnet_utils/nnet_activation.h:46]   --->   Operation 1025 'bitselect' 'tmp_553' <Predicate = (icmp_ln45_92)> <Delay = 0.00>
ST_1 : Operation 1026 [1/1] (0.00ns) (grouped into LUT with out node add_ln46_92)   --->   "%trunc_ln46_90 = partselect i6 @_ssdm_op_PartSelect.i6.i19.i32.i32, i19 %data_31_val_read, i32 5, i32 10" [firmware/nnet_utils/nnet_activation.h:46]   --->   Operation 1026 'partselect' 'trunc_ln46_90' <Predicate = (icmp_ln45_92)> <Delay = 0.00>
ST_1 : Operation 1027 [1/1] (0.00ns) (grouped into LUT with out node add_ln46_92)   --->   "%tmp_554 = bitselect i1 @_ssdm_op_BitSelect.i1.i19.i32, i19 %data_31_val_read, i32 5" [firmware/nnet_utils/nnet_activation.h:46]   --->   Operation 1027 'bitselect' 'tmp_554' <Predicate = (icmp_ln45_92)> <Delay = 0.00>
ST_1 : Operation 1028 [1/1] (0.00ns) (grouped into LUT with out node add_ln46_92)   --->   "%tmp_555 = bitselect i1 @_ssdm_op_BitSelect.i1.i19.i32, i19 %data_31_val_read, i32 4" [firmware/nnet_utils/nnet_activation.h:46]   --->   Operation 1028 'bitselect' 'tmp_555' <Predicate = (icmp_ln45_92)> <Delay = 0.00>
ST_1 : Operation 1029 [1/1] (0.00ns)   --->   "%trunc_ln46_247 = trunc i19 %data_31_val_read" [firmware/nnet_utils/nnet_activation.h:46]   --->   Operation 1029 'trunc' 'trunc_ln46_247' <Predicate = (icmp_ln45_92)> <Delay = 0.00>
ST_1 : Operation 1030 [1/1] (0.70ns)   --->   "%icmp_ln46_278 = icmp_ne  i4 %trunc_ln46_247, i4 0" [firmware/nnet_utils/nnet_activation.h:46]   --->   Operation 1030 'icmp' 'icmp_ln46_278' <Predicate = (icmp_ln45_92)> <Delay = 0.70> <CoreInst = "Cmp">   --->   Core 9 'Cmp' <Latency = 0> <II = 1> <Delay = 0.70> <FuncUnit> <Opcode : 'icmp'> <InPorts = 2> <OutPorts = 1>
ST_1 : Operation 1031 [1/1] (0.00ns)   --->   "%tmp_556 = bitselect i1 @_ssdm_op_BitSelect.i1.i19.i32, i19 %data_31_val_read, i32 10" [firmware/nnet_utils/nnet_activation.h:46]   --->   Operation 1031 'bitselect' 'tmp_556' <Predicate = (icmp_ln45_92)> <Delay = 0.00>
ST_1 : Operation 1032 [1/1] (0.00ns) (grouped into LUT with out node add_ln46_92)   --->   "%or_ln46_278 = or i1 %tmp_554, i1 %icmp_ln46_278" [firmware/nnet_utils/nnet_activation.h:46]   --->   Operation 1032 'or' 'or_ln46_278' <Predicate = (icmp_ln45_92)> <Delay = 0.00> <CoreInst = "LogicGate">   --->   Core 74 'LogicGate' <Latency = 0> <II = 1> <Delay = 0.12> <FuncUnit> <Opcode : 'and' 'or' 'xor'> <InPorts = 2> <OutPorts = 1>
ST_1 : Operation 1033 [1/1] (0.00ns) (grouped into LUT with out node add_ln46_92)   --->   "%and_ln46_371 = and i1 %or_ln46_278, i1 %tmp_555" [firmware/nnet_utils/nnet_activation.h:46]   --->   Operation 1033 'and' 'and_ln46_371' <Predicate = (icmp_ln45_92)> <Delay = 0.00> <CoreInst = "LogicGate">   --->   Core 74 'LogicGate' <Latency = 0> <II = 1> <Delay = 0.12> <FuncUnit> <Opcode : 'and' 'or' 'xor'> <InPorts = 2> <OutPorts = 1>
ST_1 : Operation 1034 [1/1] (0.00ns) (grouped into LUT with out node add_ln46_92)   --->   "%zext_ln46_92 = zext i1 %and_ln46_371" [firmware/nnet_utils/nnet_activation.h:46]   --->   Operation 1034 'zext' 'zext_ln46_92' <Predicate = (icmp_ln45_92)> <Delay = 0.00>
ST_1 : Operation 1035 [1/1] (0.70ns) (out node of the LUT)   --->   "%add_ln46_92 = add i6 %trunc_ln46_90, i6 %zext_ln46_92" [firmware/nnet_utils/nnet_activation.h:46]   --->   Operation 1035 'add' 'add_ln46_92' <Predicate = (icmp_ln45_92)> <Delay = 0.70> <CoreInst = "Adder">   --->   Core 1 'Adder' <Latency = 0> <II = 1> <Delay = 0.70> <FuncUnit> <Opcode : 'add' 'sub'> <InPorts = 2> <OutPorts = 1>
ST_1 : Operation 1036 [1/1] (0.00ns) (grouped into LUT with out node select_ln46_373)   --->   "%trunc_ln46_248 = trunc i6 %add_ln46_92" [firmware/nnet_utils/nnet_activation.h:46]   --->   Operation 1036 'trunc' 'trunc_ln46_248' <Predicate = (and_ln46_373 & tmp_553 & or_ln46_279 & or_ln46_280 & icmp_ln45_92)> <Delay = 0.00>
ST_1 : Operation 1037 [1/1] (0.00ns)   --->   "%tmp_557 = partselect i8 @_ssdm_op_PartSelect.i8.i19.i32.i32, i19 %data_31_val_read, i32 11, i32 18" [firmware/nnet_utils/nnet_activation.h:46]   --->   Operation 1037 'partselect' 'tmp_557' <Predicate = (icmp_ln45_92)> <Delay = 0.00>
ST_1 : Operation 1038 [1/1] (0.70ns)   --->   "%icmp_ln46_279 = icmp_eq  i8 %tmp_557, i8 255" [firmware/nnet_utils/nnet_activation.h:46]   --->   Operation 1038 'icmp' 'icmp_ln46_279' <Predicate = (icmp_ln45_92)> <Delay = 0.70> <CoreInst = "Cmp">   --->   Core 9 'Cmp' <Latency = 0> <II = 1> <Delay = 0.70> <FuncUnit> <Opcode : 'icmp'> <InPorts = 2> <OutPorts = 1>
ST_1 : Operation 1039 [1/1] (0.70ns)   --->   "%icmp_ln46_280 = icmp_eq  i8 %tmp_557, i8 0" [firmware/nnet_utils/nnet_activation.h:46]   --->   Operation 1039 'icmp' 'icmp_ln46_280' <Predicate = (icmp_ln45_92)> <Delay = 0.70> <CoreInst = "Cmp">   --->   Core 9 'Cmp' <Latency = 0> <II = 1> <Delay = 0.70> <FuncUnit> <Opcode : 'icmp'> <InPorts = 2> <OutPorts = 1>
ST_1 : Operation 1040 [1/1] (0.00ns)   --->   "%tmp_558 = bitselect i1 @_ssdm_op_BitSelect.i1.i6.i32, i6 %add_ln46_92, i32 5" [firmware/nnet_utils/nnet_activation.h:46]   --->   Operation 1040 'bitselect' 'tmp_558' <Predicate = (icmp_ln45_92)> <Delay = 0.00>
ST_1 : Operation 1041 [1/1] (0.00ns) (grouped into LUT with out node and_ln46_373)   --->   "%xor_ln46_219 = xor i1 %tmp_558, i1 1" [firmware/nnet_utils/nnet_activation.h:46]   --->   Operation 1041 'xor' 'xor_ln46_219' <Predicate = (icmp_ln45_92)> <Delay = 0.00> <CoreInst = "LogicGate">   --->   Core 74 'LogicGate' <Latency = 0> <II = 1> <Delay = 0.12> <FuncUnit> <Opcode : 'and' 'or' 'xor'> <InPorts = 2> <OutPorts = 1>
ST_1 : Operation 1042 [1/1] (0.00ns) (grouped into LUT with out node or_ln46_279)   --->   "%select_ln46_371 = select i1 %tmp_558, i1 %icmp_ln46_280, i1 %icmp_ln46_279" [firmware/nnet_utils/nnet_activation.h:46]   --->   Operation 1042 'select' 'select_ln46_371' <Predicate = (icmp_ln45_92)> <Delay = 0.00> <CoreInst = "Sel">   --->   Core 73 'Sel' <Latency = 0> <II = 1> <Delay = 0.27> <FuncUnit> <Opcode : 'select'> <InPorts = 3> <OutPorts = 1>
ST_1 : Operation 1043 [1/1] (0.00ns) (grouped into LUT with out node or_ln46_279)   --->   "%select_ln46_438 = select i1 %tmp_556, i1 %select_ln46_371, i1 %icmp_ln46_280" [firmware/nnet_utils/nnet_activation.h:46]   --->   Operation 1043 'select' 'select_ln46_438' <Predicate = (icmp_ln45_92)> <Delay = 0.00> <CoreInst = "Sel">   --->   Core 73 'Sel' <Latency = 0> <II = 1> <Delay = 0.27> <FuncUnit> <Opcode : 'select'> <InPorts = 3> <OutPorts = 1>
ST_1 : Operation 1044 [1/1] (0.27ns) (out node of the LUT)   --->   "%or_ln46_279 = or i1 %select_ln46_438, i1 %tmp_553" [firmware/nnet_utils/nnet_activation.h:46]   --->   Operation 1044 'or' 'or_ln46_279' <Predicate = (icmp_ln45_92)> <Delay = 0.27> <CoreInst = "LogicGate">   --->   Core 74 'LogicGate' <Latency = 0> <II = 1> <Delay = 0.12> <FuncUnit> <Opcode : 'and' 'or' 'xor'> <InPorts = 2> <OutPorts = 1>
ST_1 : Operation 1045 [1/1] (0.00ns) (grouped into LUT with out node select_ln45_92)   --->   "%xor_ln46_185 = xor i1 %or_ln46_279, i1 1" [firmware/nnet_utils/nnet_activation.h:46]   --->   Operation 1045 'xor' 'xor_ln46_185' <Predicate = (icmp_ln45_92)> <Delay = 0.00> <CoreInst = "LogicGate">   --->   Core 74 'LogicGate' <Latency = 0> <II = 1> <Delay = 0.12> <FuncUnit> <Opcode : 'and' 'or' 'xor'> <InPorts = 2> <OutPorts = 1>
ST_1 : Operation 1046 [1/1] (0.00ns) (grouped into LUT with out node and_ln46_373)   --->   "%and_ln46_372 = and i1 %icmp_ln46_279, i1 %xor_ln46_219" [firmware/nnet_utils/nnet_activation.h:46]   --->   Operation 1046 'and' 'and_ln46_372' <Predicate = (icmp_ln45_92)> <Delay = 0.00> <CoreInst = "LogicGate">   --->   Core 74 'LogicGate' <Latency = 0> <II = 1> <Delay = 0.12> <FuncUnit> <Opcode : 'and' 'or' 'xor'> <InPorts = 2> <OutPorts = 1>
ST_1 : Operation 1047 [1/1] (0.12ns) (out node of the LUT)   --->   "%and_ln46_373 = and i1 %and_ln46_372, i1 %tmp_556" [firmware/nnet_utils/nnet_activation.h:46]   --->   Operation 1047 'and' 'and_ln46_373' <Predicate = (icmp_ln45_92)> <Delay = 0.12> <CoreInst = "LogicGate">   --->   Core 74 'LogicGate' <Latency = 0> <II = 1> <Delay = 0.12> <FuncUnit> <Opcode : 'and' 'or' 'xor'> <InPorts = 2> <OutPorts = 1>
ST_1 : Operation 1048 [1/1] (0.00ns) (grouped into LUT with out node select_ln45_92)   --->   "%xor_ln46_186 = xor i1 %and_ln46_373, i1 1" [firmware/nnet_utils/nnet_activation.h:46]   --->   Operation 1048 'xor' 'xor_ln46_186' <Predicate = (icmp_ln45_92)> <Delay = 0.00> <CoreInst = "LogicGate">   --->   Core 74 'LogicGate' <Latency = 0> <II = 1> <Delay = 0.12> <FuncUnit> <Opcode : 'and' 'or' 'xor'> <InPorts = 2> <OutPorts = 1>
ST_1 : Operation 1049 [1/1] (0.00ns) (grouped into LUT with out node select_ln46_373)   --->   "%select_ln46_372 = select i1 %and_ln46_373, i5 %trunc_ln46_248, i5 0" [firmware/nnet_utils/nnet_activation.h:46]   --->   Operation 1049 'select' 'select_ln46_372' <Predicate = (tmp_553 & or_ln46_279 & or_ln46_280 & icmp_ln45_92)> <Delay = 0.00> <CoreInst = "Sel">   --->   Core 73 'Sel' <Latency = 0> <II = 1> <Delay = 0.27> <FuncUnit> <Opcode : 'select'> <InPorts = 3> <OutPorts = 1>
ST_1 : Operation 1050 [1/1] (0.00ns) (grouped into LUT with out node select_ln46_373)   --->   "%zext_ln46_156 = zext i5 %select_ln46_372" [firmware/nnet_utils/nnet_activation.h:46]   --->   Operation 1050 'zext' 'zext_ln46_156' <Predicate = (tmp_553 & or_ln46_279 & or_ln46_280 & icmp_ln45_92)> <Delay = 0.00>
ST_1 : Operation 1051 [1/1] (0.00ns) (grouped into LUT with out node select_ln45_92)   --->   "%and_ln46_374 = and i1 %tmp_553, i1 %xor_ln46_186" [firmware/nnet_utils/nnet_activation.h:46]   --->   Operation 1051 'and' 'and_ln46_374' <Predicate = (icmp_ln45_92)> <Delay = 0.00> <CoreInst = "LogicGate">   --->   Core 74 'LogicGate' <Latency = 0> <II = 1> <Delay = 0.12> <FuncUnit> <Opcode : 'and' 'or' 'xor'> <InPorts = 2> <OutPorts = 1>
ST_1 : Operation 1052 [1/1] (0.00ns) (grouped into LUT with out node select_ln45_92)   --->   "%or_ln46_280 = or i1 %and_ln46_374, i1 %xor_ln46_185" [firmware/nnet_utils/nnet_activation.h:46]   --->   Operation 1052 'or' 'or_ln46_280' <Predicate = (icmp_ln45_92)> <Delay = 0.00> <CoreInst = "LogicGate">   --->   Core 74 'LogicGate' <Latency = 0> <II = 1> <Delay = 0.12> <FuncUnit> <Opcode : 'and' 'or' 'xor'> <InPorts = 2> <OutPorts = 1>
ST_1 : Operation 1053 [1/1] (0.00ns) (grouped into LUT with out node select_ln46_373)   --->   "%select_ln46_439 = select i1 %tmp_553, i6 %zext_ln46_156, i6 %add_ln46_92" [firmware/nnet_utils/nnet_activation.h:46]   --->   Operation 1053 'select' 'select_ln46_439' <Predicate = (or_ln46_279 & or_ln46_280 & icmp_ln45_92)> <Delay = 0.00> <CoreInst = "Sel">   --->   Core 73 'Sel' <Latency = 0> <II = 1> <Delay = 0.29> <FuncUnit> <Opcode : 'select'> <InPorts = 3> <OutPorts = 1>
ST_1 : Operation 1054 [1/1] (0.29ns) (out node of the LUT)   --->   "%select_ln46_373 = select i1 %or_ln46_279, i6 %select_ln46_439, i6 63" [firmware/nnet_utils/nnet_activation.h:46]   --->   Operation 1054 'select' 'select_ln46_373' <Predicate = (or_ln46_280 & icmp_ln45_92)> <Delay = 0.29> <CoreInst = "Sel">   --->   Core 73 'Sel' <Latency = 0> <II = 1> <Delay = 0.29> <FuncUnit> <Opcode : 'select'> <InPorts = 3> <OutPorts = 1>
ST_1 : Operation 1055 [1/1] (0.00ns) (grouped into LUT with out node select_ln45_92)   --->   "%select_ln46_374 = select i1 %or_ln46_280, i6 %select_ln46_373, i6 %add_ln46_92" [firmware/nnet_utils/nnet_activation.h:46]   --->   Operation 1055 'select' 'select_ln46_374' <Predicate = (icmp_ln45_92)> <Delay = 0.00> <CoreInst = "Sel">   --->   Core 73 'Sel' <Latency = 0> <II = 1> <Delay = 0.29> <FuncUnit> <Opcode : 'select'> <InPorts = 3> <OutPorts = 1>
ST_1 : Operation 1056 [1/1] (0.29ns) (out node of the LUT)   --->   "%select_ln45_92 = select i1 %icmp_ln45_92, i6 %select_ln46_374, i6 0" [firmware/nnet_utils/nnet_activation.h:45]   --->   Operation 1056 'select' 'select_ln45_92' <Predicate = true> <Delay = 0.29> <CoreInst = "Sel">   --->   Core 73 'Sel' <Latency = 0> <II = 1> <Delay = 0.29> <FuncUnit> <Opcode : 'select'> <InPorts = 3> <OutPorts = 1>
ST_1 : Operation 1057 [1/1] (0.00ns)   --->   "%newret = insertvalue i186 <undef>, i6 %select_ln45" [firmware/nnet_utils/nnet_activation.h:45]   --->   Operation 1057 'insertvalue' 'newret' <Predicate = true> <Delay = 0.00>
ST_1 : Operation 1058 [1/1] (0.00ns)   --->   "%newret2 = insertvalue i186 %newret, i6 %select_ln45_63" [firmware/nnet_utils/nnet_activation.h:45]   --->   Operation 1058 'insertvalue' 'newret2' <Predicate = true> <Delay = 0.00>
ST_1 : Operation 1059 [1/1] (0.00ns)   --->   "%newret4 = insertvalue i186 %newret2, i6 %select_ln45_64" [firmware/nnet_utils/nnet_activation.h:45]   --->   Operation 1059 'insertvalue' 'newret4' <Predicate = true> <Delay = 0.00>
ST_1 : Operation 1060 [1/1] (0.00ns)   --->   "%newret6 = insertvalue i186 %newret4, i6 %select_ln45_65" [firmware/nnet_utils/nnet_activation.h:45]   --->   Operation 1060 'insertvalue' 'newret6' <Predicate = true> <Delay = 0.00>
ST_1 : Operation 1061 [1/1] (0.00ns)   --->   "%newret8 = insertvalue i186 %newret6, i6 %select_ln45_66" [firmware/nnet_utils/nnet_activation.h:45]   --->   Operation 1061 'insertvalue' 'newret8' <Predicate = true> <Delay = 0.00>
ST_1 : Operation 1062 [1/1] (0.00ns)   --->   "%newret10 = insertvalue i186 %newret8, i6 %select_ln45_67" [firmware/nnet_utils/nnet_activation.h:45]   --->   Operation 1062 'insertvalue' 'newret10' <Predicate = true> <Delay = 0.00>
ST_1 : Operation 1063 [1/1] (0.00ns)   --->   "%newret12 = insertvalue i186 %newret10, i6 %select_ln45_68" [firmware/nnet_utils/nnet_activation.h:45]   --->   Operation 1063 'insertvalue' 'newret12' <Predicate = true> <Delay = 0.00>
ST_1 : Operation 1064 [1/1] (0.00ns)   --->   "%newret14 = insertvalue i186 %newret12, i6 %select_ln45_69" [firmware/nnet_utils/nnet_activation.h:45]   --->   Operation 1064 'insertvalue' 'newret14' <Predicate = true> <Delay = 0.00>
ST_1 : Operation 1065 [1/1] (0.00ns)   --->   "%newret16 = insertvalue i186 %newret14, i6 %select_ln45_70" [firmware/nnet_utils/nnet_activation.h:45]   --->   Operation 1065 'insertvalue' 'newret16' <Predicate = true> <Delay = 0.00>
ST_1 : Operation 1066 [1/1] (0.00ns)   --->   "%newret18 = insertvalue i186 %newret16, i6 %select_ln45_71" [firmware/nnet_utils/nnet_activation.h:45]   --->   Operation 1066 'insertvalue' 'newret18' <Predicate = true> <Delay = 0.00>
ST_1 : Operation 1067 [1/1] (0.00ns)   --->   "%newret20 = insertvalue i186 %newret18, i6 %select_ln45_72" [firmware/nnet_utils/nnet_activation.h:45]   --->   Operation 1067 'insertvalue' 'newret20' <Predicate = true> <Delay = 0.00>
ST_1 : Operation 1068 [1/1] (0.00ns)   --->   "%newret22 = insertvalue i186 %newret20, i6 %select_ln45_73" [firmware/nnet_utils/nnet_activation.h:45]   --->   Operation 1068 'insertvalue' 'newret22' <Predicate = true> <Delay = 0.00>
ST_1 : Operation 1069 [1/1] (0.00ns)   --->   "%newret24 = insertvalue i186 %newret22, i6 %select_ln45_74" [firmware/nnet_utils/nnet_activation.h:45]   --->   Operation 1069 'insertvalue' 'newret24' <Predicate = true> <Delay = 0.00>
ST_1 : Operation 1070 [1/1] (0.00ns)   --->   "%newret26 = insertvalue i186 %newret24, i6 %select_ln45_75" [firmware/nnet_utils/nnet_activation.h:45]   --->   Operation 1070 'insertvalue' 'newret26' <Predicate = true> <Delay = 0.00>
ST_1 : Operation 1071 [1/1] (0.00ns)   --->   "%newret28 = insertvalue i186 %newret26, i6 %select_ln45_76" [firmware/nnet_utils/nnet_activation.h:45]   --->   Operation 1071 'insertvalue' 'newret28' <Predicate = true> <Delay = 0.00>
ST_1 : Operation 1072 [1/1] (0.00ns)   --->   "%newret30 = insertvalue i186 %newret28, i6 %select_ln45_77" [firmware/nnet_utils/nnet_activation.h:45]   --->   Operation 1072 'insertvalue' 'newret30' <Predicate = true> <Delay = 0.00>
ST_1 : Operation 1073 [1/1] (0.00ns)   --->   "%newret32 = insertvalue i186 %newret30, i6 %select_ln45_78" [firmware/nnet_utils/nnet_activation.h:45]   --->   Operation 1073 'insertvalue' 'newret32' <Predicate = true> <Delay = 0.00>
ST_1 : Operation 1074 [1/1] (0.00ns)   --->   "%newret34 = insertvalue i186 %newret32, i6 %select_ln45_79" [firmware/nnet_utils/nnet_activation.h:45]   --->   Operation 1074 'insertvalue' 'newret34' <Predicate = true> <Delay = 0.00>
ST_1 : Operation 1075 [1/1] (0.00ns)   --->   "%newret36 = insertvalue i186 %newret34, i6 %select_ln45_80" [firmware/nnet_utils/nnet_activation.h:45]   --->   Operation 1075 'insertvalue' 'newret36' <Predicate = true> <Delay = 0.00>
ST_1 : Operation 1076 [1/1] (0.00ns)   --->   "%newret38 = insertvalue i186 %newret36, i6 %select_ln45_81" [firmware/nnet_utils/nnet_activation.h:45]   --->   Operation 1076 'insertvalue' 'newret38' <Predicate = true> <Delay = 0.00>
ST_1 : Operation 1077 [1/1] (0.00ns)   --->   "%newret40 = insertvalue i186 %newret38, i6 %select_ln45_82" [firmware/nnet_utils/nnet_activation.h:45]   --->   Operation 1077 'insertvalue' 'newret40' <Predicate = true> <Delay = 0.00>
ST_1 : Operation 1078 [1/1] (0.00ns)   --->   "%newret42 = insertvalue i186 %newret40, i6 %select_ln45_83" [firmware/nnet_utils/nnet_activation.h:45]   --->   Operation 1078 'insertvalue' 'newret42' <Predicate = true> <Delay = 0.00>
ST_1 : Operation 1079 [1/1] (0.00ns)   --->   "%newret44 = insertvalue i186 %newret42, i6 %select_ln45_84" [firmware/nnet_utils/nnet_activation.h:45]   --->   Operation 1079 'insertvalue' 'newret44' <Predicate = true> <Delay = 0.00>
ST_1 : Operation 1080 [1/1] (0.00ns)   --->   "%newret46 = insertvalue i186 %newret44, i6 %select_ln45_85" [firmware/nnet_utils/nnet_activation.h:45]   --->   Operation 1080 'insertvalue' 'newret46' <Predicate = true> <Delay = 0.00>
ST_1 : Operation 1081 [1/1] (0.00ns)   --->   "%newret48 = insertvalue i186 %newret46, i6 %select_ln45_86" [firmware/nnet_utils/nnet_activation.h:45]   --->   Operation 1081 'insertvalue' 'newret48' <Predicate = true> <Delay = 0.00>
ST_1 : Operation 1082 [1/1] (0.00ns)   --->   "%newret50 = insertvalue i186 %newret48, i6 %select_ln45_87" [firmware/nnet_utils/nnet_activation.h:45]   --->   Operation 1082 'insertvalue' 'newret50' <Predicate = true> <Delay = 0.00>
ST_1 : Operation 1083 [1/1] (0.00ns)   --->   "%newret52 = insertvalue i186 %newret50, i6 %select_ln45_88" [firmware/nnet_utils/nnet_activation.h:45]   --->   Operation 1083 'insertvalue' 'newret52' <Predicate = true> <Delay = 0.00>
ST_1 : Operation 1084 [1/1] (0.00ns)   --->   "%newret54 = insertvalue i186 %newret52, i6 %select_ln45_89" [firmware/nnet_utils/nnet_activation.h:45]   --->   Operation 1084 'insertvalue' 'newret54' <Predicate = true> <Delay = 0.00>
ST_1 : Operation 1085 [1/1] (0.00ns)   --->   "%newret56 = insertvalue i186 %newret54, i6 %select_ln45_90" [firmware/nnet_utils/nnet_activation.h:45]   --->   Operation 1085 'insertvalue' 'newret56' <Predicate = true> <Delay = 0.00>
ST_1 : Operation 1086 [1/1] (0.00ns)   --->   "%newret58 = insertvalue i186 %newret56, i6 %select_ln45_91" [firmware/nnet_utils/nnet_activation.h:45]   --->   Operation 1086 'insertvalue' 'newret58' <Predicate = true> <Delay = 0.00>
ST_1 : Operation 1087 [1/1] (0.00ns)   --->   "%newret60 = insertvalue i186 %newret58, i6 %select_ln45_92" [firmware/nnet_utils/nnet_activation.h:45]   --->   Operation 1087 'insertvalue' 'newret60' <Predicate = true> <Delay = 0.00>
ST_1 : Operation 1088 [1/1] (0.00ns)   --->   "%ret_ln45 = ret i186 %newret60" [firmware/nnet_utils/nnet_activation.h:45]   --->   Operation 1088 'ret' 'ret_ln45' <Predicate = true> <Delay = 0.00>


============================================================
+ Verbose Summary: Timing violations
============================================================
Target clock period: 5.000ns, clock uncertainty: 1.350ns.

 <State 1>: 2.278ns
The critical path consists of the following:
	wire read operation ('data_0_val_read', firmware/nnet_utils/nnet_activation.h:42) on port 'data_0_val' (firmware/nnet_utils/nnet_activation.h:42) [62]  (0.000 ns)
	'icmp' operation 1 bit ('icmp_ln46', firmware/nnet_utils/nnet_activation.h:46) [70]  (0.708 ns)
	'or' operation 1 bit ('or_ln46', firmware/nnet_utils/nnet_activation.h:46) [72]  (0.000 ns)
	'and' operation 1 bit ('and_ln46', firmware/nnet_utils/nnet_activation.h:46) [73]  (0.000 ns)
	'add' operation 6 bit ('add_ln46', firmware/nnet_utils/nnet_activation.h:46) [75]  (0.706 ns)
	'select' operation 1 bit ('select_ln46', firmware/nnet_utils/nnet_activation.h:46) [82]  (0.000 ns)
	'select' operation 1 bit ('select_ln46_378', firmware/nnet_utils/nnet_activation.h:46) [83]  (0.000 ns)
	'or' operation 1 bit ('or_ln46_189', firmware/nnet_utils/nnet_activation.h:46) [84]  (0.278 ns)
	'select' operation 6 bit ('select_ln46_253', firmware/nnet_utils/nnet_activation.h:46) [94]  (0.293 ns)
	'select' operation 6 bit ('select_ln46_254', firmware/nnet_utils/nnet_activation.h:46) [95]  (0.000 ns)
	'select' operation 6 bit ('select_ln45', firmware/nnet_utils/nnet_activation.h:45) [96]  (0.293 ns)


============================================================
+ Verbose Summary: Binding
============================================================
N/A
* FSMD analyzer results:
  - Output states:
 - Input state : 
  - Chain level:
	State 1


============================================================
+ Verbose Summary: Datapath Resource usage 
============================================================
N/A
