

================================================================
== Vitis HLS Report for 'relu_ap_fixed_18_7_5_3_0_ap_ufixed_6_0_4_0_0_relu_config10_s'
================================================================
* Date:           Tue Oct 14 15:23:00 2025

* Version:        2024.2 (Build 5238294 on Nov  8 2024)
* Project:        myproject_prj
* Solution:       solution1 (Vivado IP Flow Target)
* Product family: virtexuplus
* Target device:  xcu250-figd2104-2L-e


================================================================
== Performance Estimates
================================================================
+ Timing: 
    * Summary: 
    +--------+---------+----------+------------+
    |  Clock |  Target | Estimated| Uncertainty|
    +--------+---------+----------+------------+
    |ap_clk  |  5.00 ns|  2.122 ns|     1.35 ns|
    +--------+---------+----------+------------+

+ Latency: 
    * Summary: 
    +---------+---------+----------+----------+-----+-----+---------+
    |  Latency (cycles) |  Latency (absolute) |  Interval | Pipeline|
    |   min   |   max   |    min   |    max   | min | max |   Type  |
    +---------+---------+----------+----------+-----+-----+---------+
    |        0|        0|      0 ns|      0 ns|    1|    1|      yes|
    +---------+---------+----------+----------+-----+-----+---------+

    + Detail: 
        * Instance: 
        N/A

        * Loop: 
        N/A



================================================================
== Utilization Estimates
================================================================
* Summary: 
+---------------------+---------+-------+---------+---------+------+
|         Name        | BRAM_18K|  DSP  |    FF   |   LUT   | URAM |
+---------------------+---------+-------+---------+---------+------+
|DSP                  |        -|      -|        -|        -|     -|
|Expression           |        -|      -|        0|     2808|     -|
|FIFO                 |        -|      -|        -|        -|     -|
|Instance             |        -|      -|        -|        -|     -|
|Memory               |        -|      -|        -|        -|     -|
|Multiplexer          |        -|      -|        -|        -|     -|
|Register             |        -|      -|        -|        -|     -|
+---------------------+---------+-------+---------+---------+------+
|Total                |        0|      0|        0|     2808|     0|
+---------------------+---------+-------+---------+---------+------+
|Available SLR        |     1344|   3072|   864000|   432000|   320|
+---------------------+---------+-------+---------+---------+------+
|Utilization SLR (%)  |        0|      0|        0|       ~0|     0|
+---------------------+---------+-------+---------+---------+------+
|Available            |     5376|  12288|  3456000|  1728000|  1280|
+---------------------+---------+-------+---------+---------+------+
|Utilization (%)      |        0|      0|        0|       ~0|     0|
+---------------------+---------+-------+---------+---------+------+

+ Detail: 
    * Instance: 
    N/A

    * DSP: 
    N/A

    * Memory: 
    N/A

    * FIFO: 
    N/A

    * Expression: 
    +-------------------------------+----------+----+---+----+------------+------------+
    |         Variable Name         | Operation| DSP| FF| LUT| Bitwidth P0| Bitwidth P1|
    +-------------------------------+----------+----+---+----+------------+------------+
    |add_ln46_100_fu_1692_p2        |         +|   0|  0|  13|           6|           6|
    |add_ln46_101_fu_1862_p2        |         +|   0|  0|  13|           6|           6|
    |add_ln46_102_fu_2032_p2        |         +|   0|  0|  13|           6|           6|
    |add_ln46_103_fu_2202_p2        |         +|   0|  0|  13|           6|           6|
    |add_ln46_104_fu_2372_p2        |         +|   0|  0|  13|           6|           6|
    |add_ln46_105_fu_2542_p2        |         +|   0|  0|  13|           6|           6|
    |add_ln46_106_fu_2712_p2        |         +|   0|  0|  13|           6|           6|
    |add_ln46_107_fu_2882_p2        |         +|   0|  0|  13|           6|           6|
    |add_ln46_108_fu_3052_p2        |         +|   0|  0|  13|           6|           6|
    |add_ln46_109_fu_3222_p2        |         +|   0|  0|  13|           6|           6|
    |add_ln46_110_fu_3392_p2        |         +|   0|  0|  13|           6|           6|
    |add_ln46_111_fu_3562_p2        |         +|   0|  0|  13|           6|           6|
    |add_ln46_112_fu_3732_p2        |         +|   0|  0|  13|           6|           6|
    |add_ln46_113_fu_3902_p2        |         +|   0|  0|  13|           6|           6|
    |add_ln46_114_fu_4072_p2        |         +|   0|  0|  13|           6|           6|
    |add_ln46_115_fu_4242_p2        |         +|   0|  0|  13|           6|           6|
    |add_ln46_116_fu_4412_p2        |         +|   0|  0|  13|           6|           6|
    |add_ln46_117_fu_4582_p2        |         +|   0|  0|  13|           6|           6|
    |add_ln46_118_fu_4752_p2        |         +|   0|  0|  13|           6|           6|
    |add_ln46_93_fu_502_p2          |         +|   0|  0|  13|           6|           6|
    |add_ln46_94_fu_672_p2          |         +|   0|  0|  13|           6|           6|
    |add_ln46_95_fu_842_p2          |         +|   0|  0|  13|           6|           6|
    |add_ln46_96_fu_1012_p2         |         +|   0|  0|  13|           6|           6|
    |add_ln46_97_fu_1182_p2         |         +|   0|  0|  13|           6|           6|
    |add_ln46_98_fu_1352_p2         |         +|   0|  0|  13|           6|           6|
    |add_ln46_99_fu_1522_p2         |         +|   0|  0|  13|           6|           6|
    |add_ln46_fu_332_p2             |         +|   0|  0|  13|           6|           6|
    |and_ln46_184_fu_492_p2         |       and|   0|  0|   2|           1|           1|
    |and_ln46_185_fu_662_p2         |       and|   0|  0|   2|           1|           1|
    |and_ln46_186_fu_832_p2         |       and|   0|  0|   2|           1|           1|
    |and_ln46_188_fu_1002_p2        |       and|   0|  0|   2|           1|           1|
    |and_ln46_190_fu_1172_p2        |       and|   0|  0|   2|           1|           1|
    |and_ln46_192_fu_1342_p2        |       and|   0|  0|   2|           1|           1|
    |and_ln46_194_fu_1512_p2        |       and|   0|  0|   2|           1|           1|
    |and_ln46_196_fu_1682_p2        |       and|   0|  0|   2|           1|           1|
    |and_ln46_198_fu_1852_p2        |       and|   0|  0|   2|           1|           1|
    |and_ln46_200_fu_2022_p2        |       and|   0|  0|   2|           1|           1|
    |and_ln46_202_fu_2192_p2        |       and|   0|  0|   2|           1|           1|
    |and_ln46_204_fu_2362_p2        |       and|   0|  0|   2|           1|           1|
    |and_ln46_206_fu_2532_p2        |       and|   0|  0|   2|           1|           1|
    |and_ln46_208_fu_2702_p2        |       and|   0|  0|   2|           1|           1|
    |and_ln46_210_fu_2872_p2        |       and|   0|  0|   2|           1|           1|
    |and_ln46_212_fu_3042_p2        |       and|   0|  0|   2|           1|           1|
    |and_ln46_214_fu_3212_p2        |       and|   0|  0|   2|           1|           1|
    |and_ln46_216_fu_3382_p2        |       and|   0|  0|   2|           1|           1|
    |and_ln46_218_fu_3552_p2        |       and|   0|  0|   2|           1|           1|
    |and_ln46_220_fu_3722_p2        |       and|   0|  0|   2|           1|           1|
    |and_ln46_222_fu_3892_p2        |       and|   0|  0|   2|           1|           1|
    |and_ln46_224_fu_4062_p2        |       and|   0|  0|   2|           1|           1|
    |and_ln46_226_fu_4232_p2        |       and|   0|  0|   2|           1|           1|
    |and_ln46_228_fu_4402_p2        |       and|   0|  0|   2|           1|           1|
    |and_ln46_230_fu_4572_p2        |       and|   0|  0|   2|           1|           1|
    |and_ln46_232_fu_4742_p2        |       and|   0|  0|   2|           1|           1|
    |and_ln46_fu_322_p2             |       and|   0|  0|   2|           1|           1|
    |empty_107_fu_542_p2            |       and|   0|  0|   2|           1|           1|
    |empty_108_fu_712_p2            |       and|   0|  0|   2|           1|           1|
    |empty_109_fu_882_p2            |       and|   0|  0|   2|           1|           1|
    |empty_110_fu_1052_p2           |       and|   0|  0|   2|           1|           1|
    |empty_111_fu_1222_p2           |       and|   0|  0|   2|           1|           1|
    |empty_112_fu_1392_p2           |       and|   0|  0|   2|           1|           1|
    |empty_113_fu_1562_p2           |       and|   0|  0|   2|           1|           1|
    |empty_114_fu_1732_p2           |       and|   0|  0|   2|           1|           1|
    |empty_115_fu_1902_p2           |       and|   0|  0|   2|           1|           1|
    |empty_116_fu_2072_p2           |       and|   0|  0|   2|           1|           1|
    |empty_117_fu_2242_p2           |       and|   0|  0|   2|           1|           1|
    |empty_118_fu_2412_p2           |       and|   0|  0|   2|           1|           1|
    |empty_119_fu_2582_p2           |       and|   0|  0|   2|           1|           1|
    |empty_120_fu_2752_p2           |       and|   0|  0|   2|           1|           1|
    |empty_121_fu_2922_p2           |       and|   0|  0|   2|           1|           1|
    |empty_122_fu_3092_p2           |       and|   0|  0|   2|           1|           1|
    |empty_123_fu_3262_p2           |       and|   0|  0|   2|           1|           1|
    |empty_124_fu_3432_p2           |       and|   0|  0|   2|           1|           1|
    |empty_125_fu_3602_p2           |       and|   0|  0|   2|           1|           1|
    |empty_126_fu_3772_p2           |       and|   0|  0|   2|           1|           1|
    |empty_127_fu_3942_p2           |       and|   0|  0|   2|           1|           1|
    |empty_128_fu_4112_p2           |       and|   0|  0|   2|           1|           1|
    |empty_129_fu_4282_p2           |       and|   0|  0|   2|           1|           1|
    |empty_130_fu_4452_p2           |       and|   0|  0|   2|           1|           1|
    |empty_131_fu_4622_p2           |       and|   0|  0|   2|           1|           1|
    |empty_132_fu_4792_p2           |       and|   0|  0|   2|           1|           1|
    |empty_fu_372_p2                |       and|   0|  0|   2|           1|           1|
    |icmp_ln45_100_fu_1618_p2       |      icmp|   0|  0|  25|          18|           1|
    |icmp_ln45_101_fu_1788_p2       |      icmp|   0|  0|  25|          18|           1|
    |icmp_ln45_102_fu_1958_p2       |      icmp|   0|  0|  25|          18|           1|
    |icmp_ln45_103_fu_2128_p2       |      icmp|   0|  0|  25|          18|           1|
    |icmp_ln45_104_fu_2298_p2       |      icmp|   0|  0|  25|          18|           1|
    |icmp_ln45_105_fu_2468_p2       |      icmp|   0|  0|  25|          18|           1|
    |icmp_ln45_106_fu_2638_p2       |      icmp|   0|  0|  25|          18|           1|
    |icmp_ln45_107_fu_2808_p2       |      icmp|   0|  0|  25|          18|           1|
    |icmp_ln45_108_fu_2978_p2       |      icmp|   0|  0|  25|          18|           1|
    |icmp_ln45_109_fu_3148_p2       |      icmp|   0|  0|  25|          18|           1|
    |icmp_ln45_110_fu_3318_p2       |      icmp|   0|  0|  25|          18|           1|
    |icmp_ln45_111_fu_3488_p2       |      icmp|   0|  0|  25|          18|           1|
    |icmp_ln45_112_fu_3658_p2       |      icmp|   0|  0|  25|          18|           1|
    |icmp_ln45_113_fu_3828_p2       |      icmp|   0|  0|  25|          18|           1|
    |icmp_ln45_114_fu_3998_p2       |      icmp|   0|  0|  25|          18|           1|
    |icmp_ln45_115_fu_4168_p2       |      icmp|   0|  0|  25|          18|           1|
    |icmp_ln45_116_fu_4338_p2       |      icmp|   0|  0|  25|          18|           1|
    |icmp_ln45_117_fu_4508_p2       |      icmp|   0|  0|  25|          18|           1|
    |icmp_ln45_118_fu_4678_p2       |      icmp|   0|  0|  25|          18|           1|
    |icmp_ln45_93_fu_428_p2         |      icmp|   0|  0|  25|          18|           1|
    |icmp_ln45_94_fu_598_p2         |      icmp|   0|  0|  25|          18|           1|
    |icmp_ln45_95_fu_768_p2         |      icmp|   0|  0|  25|          18|           1|
    |icmp_ln45_96_fu_938_p2         |      icmp|   0|  0|  25|          18|           1|
    |icmp_ln45_97_fu_1108_p2        |      icmp|   0|  0|  25|          18|           1|
    |icmp_ln45_98_fu_1278_p2        |      icmp|   0|  0|  25|          18|           1|
    |icmp_ln45_99_fu_1448_p2        |      icmp|   0|  0|  25|          18|           1|
    |icmp_ln45_fu_258_p2            |      icmp|   0|  0|  25|          18|           1|
    |icmp_ln46_187_fu_346_p2        |      icmp|   0|  0|  14|           7|           1|
    |icmp_ln46_188_fu_464_p2        |      icmp|   0|  0|  12|           4|           1|
    |icmp_ln46_189_fu_516_p2        |      icmp|   0|  0|  14|           7|           1|
    |icmp_ln46_190_fu_634_p2        |      icmp|   0|  0|  12|           4|           1|
    |icmp_ln46_191_fu_686_p2        |      icmp|   0|  0|  14|           7|           1|
    |icmp_ln46_192_fu_804_p2        |      icmp|   0|  0|  12|           4|           1|
    |icmp_ln46_193_fu_856_p2        |      icmp|   0|  0|  14|           7|           1|
    |icmp_ln46_194_fu_974_p2        |      icmp|   0|  0|  12|           4|           1|
    |icmp_ln46_195_fu_1026_p2       |      icmp|   0|  0|  14|           7|           1|
    |icmp_ln46_196_fu_1144_p2       |      icmp|   0|  0|  12|           4|           1|
    |icmp_ln46_197_fu_1196_p2       |      icmp|   0|  0|  14|           7|           1|
    |icmp_ln46_198_fu_1314_p2       |      icmp|   0|  0|  12|           4|           1|
    |icmp_ln46_199_fu_1366_p2       |      icmp|   0|  0|  14|           7|           1|
    |icmp_ln46_200_fu_1484_p2       |      icmp|   0|  0|  12|           4|           1|
    |icmp_ln46_201_fu_1536_p2       |      icmp|   0|  0|  14|           7|           1|
    |icmp_ln46_202_fu_1654_p2       |      icmp|   0|  0|  12|           4|           1|
    |icmp_ln46_203_fu_1706_p2       |      icmp|   0|  0|  14|           7|           1|
    |icmp_ln46_204_fu_1824_p2       |      icmp|   0|  0|  12|           4|           1|
    |icmp_ln46_205_fu_1876_p2       |      icmp|   0|  0|  14|           7|           1|
    |icmp_ln46_206_fu_1994_p2       |      icmp|   0|  0|  12|           4|           1|
    |icmp_ln46_207_fu_2046_p2       |      icmp|   0|  0|  14|           7|           1|
    |icmp_ln46_208_fu_2164_p2       |      icmp|   0|  0|  12|           4|           1|
    |icmp_ln46_209_fu_2216_p2       |      icmp|   0|  0|  14|           7|           1|
    |icmp_ln46_210_fu_2334_p2       |      icmp|   0|  0|  12|           4|           1|
    |icmp_ln46_211_fu_2386_p2       |      icmp|   0|  0|  14|           7|           1|
    |icmp_ln46_212_fu_2504_p2       |      icmp|   0|  0|  12|           4|           1|
    |icmp_ln46_213_fu_2556_p2       |      icmp|   0|  0|  14|           7|           1|
    |icmp_ln46_214_fu_2674_p2       |      icmp|   0|  0|  12|           4|           1|
    |icmp_ln46_215_fu_2726_p2       |      icmp|   0|  0|  14|           7|           1|
    |icmp_ln46_216_fu_2844_p2       |      icmp|   0|  0|  12|           4|           1|
    |icmp_ln46_217_fu_2896_p2       |      icmp|   0|  0|  14|           7|           1|
    |icmp_ln46_218_fu_3014_p2       |      icmp|   0|  0|  12|           4|           1|
    |icmp_ln46_219_fu_3066_p2       |      icmp|   0|  0|  14|           7|           1|
    |icmp_ln46_220_fu_3184_p2       |      icmp|   0|  0|  12|           4|           1|
    |icmp_ln46_221_fu_3236_p2       |      icmp|   0|  0|  14|           7|           1|
    |icmp_ln46_222_fu_3354_p2       |      icmp|   0|  0|  12|           4|           1|
    |icmp_ln46_223_fu_3406_p2       |      icmp|   0|  0|  14|           7|           1|
    |icmp_ln46_224_fu_3524_p2       |      icmp|   0|  0|  12|           4|           1|
    |icmp_ln46_225_fu_3576_p2       |      icmp|   0|  0|  14|           7|           1|
    |icmp_ln46_226_fu_3694_p2       |      icmp|   0|  0|  12|           4|           1|
    |icmp_ln46_227_fu_3746_p2       |      icmp|   0|  0|  14|           7|           1|
    |icmp_ln46_228_fu_3864_p2       |      icmp|   0|  0|  12|           4|           1|
    |icmp_ln46_229_fu_3916_p2       |      icmp|   0|  0|  14|           7|           1|
    |icmp_ln46_230_fu_4034_p2       |      icmp|   0|  0|  12|           4|           1|
    |icmp_ln46_231_fu_4086_p2       |      icmp|   0|  0|  14|           7|           1|
    |icmp_ln46_232_fu_4204_p2       |      icmp|   0|  0|  12|           4|           1|
    |icmp_ln46_233_fu_4256_p2       |      icmp|   0|  0|  14|           7|           1|
    |icmp_ln46_234_fu_4374_p2       |      icmp|   0|  0|  12|           4|           1|
    |icmp_ln46_235_fu_4426_p2       |      icmp|   0|  0|  14|           7|           1|
    |icmp_ln46_236_fu_4544_p2       |      icmp|   0|  0|  12|           4|           1|
    |icmp_ln46_237_fu_4596_p2       |      icmp|   0|  0|  14|           7|           1|
    |icmp_ln46_238_fu_4714_p2       |      icmp|   0|  0|  12|           4|           1|
    |icmp_ln46_239_fu_4766_p2       |      icmp|   0|  0|  14|           7|           1|
    |icmp_ln46_fu_294_p2            |      icmp|   0|  0|  12|           4|           1|
    |and_ln46_187_fu_366_p2         |        or|   0|  0|   2|           1|           1|
    |and_ln46_189_fu_536_p2         |        or|   0|  0|   2|           1|           1|
    |and_ln46_191_fu_706_p2         |        or|   0|  0|   2|           1|           1|
    |and_ln46_193_fu_876_p2         |        or|   0|  0|   2|           1|           1|
    |and_ln46_195_fu_1046_p2        |        or|   0|  0|   2|           1|           1|
    |and_ln46_197_fu_1216_p2        |        or|   0|  0|   2|           1|           1|
    |and_ln46_199_fu_1386_p2        |        or|   0|  0|   2|           1|           1|
    |and_ln46_201_fu_1556_p2        |        or|   0|  0|   2|           1|           1|
    |and_ln46_203_fu_1726_p2        |        or|   0|  0|   2|           1|           1|
    |and_ln46_205_fu_1896_p2        |        or|   0|  0|   2|           1|           1|
    |and_ln46_207_fu_2066_p2        |        or|   0|  0|   2|           1|           1|
    |and_ln46_209_fu_2236_p2        |        or|   0|  0|   2|           1|           1|
    |and_ln46_211_fu_2406_p2        |        or|   0|  0|   2|           1|           1|
    |and_ln46_213_fu_2576_p2        |        or|   0|  0|   2|           1|           1|
    |and_ln46_215_fu_2746_p2        |        or|   0|  0|   2|           1|           1|
    |and_ln46_217_fu_2916_p2        |        or|   0|  0|   2|           1|           1|
    |and_ln46_219_fu_3086_p2        |        or|   0|  0|   2|           1|           1|
    |and_ln46_221_fu_3256_p2        |        or|   0|  0|   2|           1|           1|
    |and_ln46_223_fu_3426_p2        |        or|   0|  0|   2|           1|           1|
    |and_ln46_225_fu_3596_p2        |        or|   0|  0|   2|           1|           1|
    |and_ln46_227_fu_3766_p2        |        or|   0|  0|   2|           1|           1|
    |and_ln46_229_fu_3936_p2        |        or|   0|  0|   2|           1|           1|
    |and_ln46_231_fu_4106_p2        |        or|   0|  0|   2|           1|           1|
    |and_ln46_233_fu_4276_p2        |        or|   0|  0|   2|           1|           1|
    |and_ln46_235_fu_4446_p2        |        or|   0|  0|   2|           1|           1|
    |and_ln46_237_fu_4616_p2        |        or|   0|  0|   2|           1|           1|
    |and_ln46_239_fu_4786_p2        |        or|   0|  0|   2|           1|           1|
    |or_ln46_281_fu_378_p2          |        or|   0|  0|   2|           1|           1|
    |or_ln46_282_fu_390_p2          |        or|   0|  0|   2|           1|           1|
    |or_ln46_283_fu_486_p2          |        or|   0|  0|   2|           1|           1|
    |or_ln46_284_fu_548_p2          |        or|   0|  0|   2|           1|           1|
    |or_ln46_285_fu_560_p2          |        or|   0|  0|   2|           1|           1|
    |or_ln46_286_fu_656_p2          |        or|   0|  0|   2|           1|           1|
    |or_ln46_287_fu_718_p2          |        or|   0|  0|   2|           1|           1|
    |or_ln46_288_fu_730_p2          |        or|   0|  0|   2|           1|           1|
    |or_ln46_289_fu_826_p2          |        or|   0|  0|   2|           1|           1|
    |or_ln46_290_fu_888_p2          |        or|   0|  0|   2|           1|           1|
    |or_ln46_291_fu_900_p2          |        or|   0|  0|   2|           1|           1|
    |or_ln46_292_fu_996_p2          |        or|   0|  0|   2|           1|           1|
    |or_ln46_293_fu_1058_p2         |        or|   0|  0|   2|           1|           1|
    |or_ln46_294_fu_1070_p2         |        or|   0|  0|   2|           1|           1|
    |or_ln46_295_fu_1166_p2         |        or|   0|  0|   2|           1|           1|
    |or_ln46_296_fu_1228_p2         |        or|   0|  0|   2|           1|           1|
    |or_ln46_297_fu_1240_p2         |        or|   0|  0|   2|           1|           1|
    |or_ln46_298_fu_1336_p2         |        or|   0|  0|   2|           1|           1|
    |or_ln46_299_fu_1398_p2         |        or|   0|  0|   2|           1|           1|
    |or_ln46_300_fu_1410_p2         |        or|   0|  0|   2|           1|           1|
    |or_ln46_301_fu_1506_p2         |        or|   0|  0|   2|           1|           1|
    |or_ln46_302_fu_1568_p2         |        or|   0|  0|   2|           1|           1|
    |or_ln46_303_fu_1580_p2         |        or|   0|  0|   2|           1|           1|
    |or_ln46_304_fu_1676_p2         |        or|   0|  0|   2|           1|           1|
    |or_ln46_305_fu_1738_p2         |        or|   0|  0|   2|           1|           1|
    |or_ln46_306_fu_1750_p2         |        or|   0|  0|   2|           1|           1|
    |or_ln46_307_fu_1846_p2         |        or|   0|  0|   2|           1|           1|
    |or_ln46_308_fu_1908_p2         |        or|   0|  0|   2|           1|           1|
    |or_ln46_309_fu_1920_p2         |        or|   0|  0|   2|           1|           1|
    |or_ln46_310_fu_2016_p2         |        or|   0|  0|   2|           1|           1|
    |or_ln46_311_fu_2078_p2         |        or|   0|  0|   2|           1|           1|
    |or_ln46_312_fu_2090_p2         |        or|   0|  0|   2|           1|           1|
    |or_ln46_313_fu_2186_p2         |        or|   0|  0|   2|           1|           1|
    |or_ln46_314_fu_2248_p2         |        or|   0|  0|   2|           1|           1|
    |or_ln46_315_fu_2260_p2         |        or|   0|  0|   2|           1|           1|
    |or_ln46_316_fu_2356_p2         |        or|   0|  0|   2|           1|           1|
    |or_ln46_317_fu_2418_p2         |        or|   0|  0|   2|           1|           1|
    |or_ln46_318_fu_2430_p2         |        or|   0|  0|   2|           1|           1|
    |or_ln46_319_fu_2526_p2         |        or|   0|  0|   2|           1|           1|
    |or_ln46_320_fu_2588_p2         |        or|   0|  0|   2|           1|           1|
    |or_ln46_321_fu_2600_p2         |        or|   0|  0|   2|           1|           1|
    |or_ln46_322_fu_2696_p2         |        or|   0|  0|   2|           1|           1|
    |or_ln46_323_fu_2758_p2         |        or|   0|  0|   2|           1|           1|
    |or_ln46_324_fu_2770_p2         |        or|   0|  0|   2|           1|           1|
    |or_ln46_325_fu_2866_p2         |        or|   0|  0|   2|           1|           1|
    |or_ln46_326_fu_2928_p2         |        or|   0|  0|   2|           1|           1|
    |or_ln46_327_fu_2940_p2         |        or|   0|  0|   2|           1|           1|
    |or_ln46_328_fu_3036_p2         |        or|   0|  0|   2|           1|           1|
    |or_ln46_329_fu_3098_p2         |        or|   0|  0|   2|           1|           1|
    |or_ln46_330_fu_3110_p2         |        or|   0|  0|   2|           1|           1|
    |or_ln46_331_fu_3206_p2         |        or|   0|  0|   2|           1|           1|
    |or_ln46_332_fu_3268_p2         |        or|   0|  0|   2|           1|           1|
    |or_ln46_333_fu_3280_p2         |        or|   0|  0|   2|           1|           1|
    |or_ln46_334_fu_3376_p2         |        or|   0|  0|   2|           1|           1|
    |or_ln46_335_fu_3438_p2         |        or|   0|  0|   2|           1|           1|
    |or_ln46_336_fu_3450_p2         |        or|   0|  0|   2|           1|           1|
    |or_ln46_337_fu_3546_p2         |        or|   0|  0|   2|           1|           1|
    |or_ln46_338_fu_3608_p2         |        or|   0|  0|   2|           1|           1|
    |or_ln46_339_fu_3620_p2         |        or|   0|  0|   2|           1|           1|
    |or_ln46_340_fu_3716_p2         |        or|   0|  0|   2|           1|           1|
    |or_ln46_341_fu_3778_p2         |        or|   0|  0|   2|           1|           1|
    |or_ln46_342_fu_3790_p2         |        or|   0|  0|   2|           1|           1|
    |or_ln46_343_fu_3886_p2         |        or|   0|  0|   2|           1|           1|
    |or_ln46_344_fu_3948_p2         |        or|   0|  0|   2|           1|           1|
    |or_ln46_345_fu_3960_p2         |        or|   0|  0|   2|           1|           1|
    |or_ln46_346_fu_4056_p2         |        or|   0|  0|   2|           1|           1|
    |or_ln46_347_fu_4118_p2         |        or|   0|  0|   2|           1|           1|
    |or_ln46_348_fu_4130_p2         |        or|   0|  0|   2|           1|           1|
    |or_ln46_349_fu_4226_p2         |        or|   0|  0|   2|           1|           1|
    |or_ln46_350_fu_4288_p2         |        or|   0|  0|   2|           1|           1|
    |or_ln46_351_fu_4300_p2         |        or|   0|  0|   2|           1|           1|
    |or_ln46_352_fu_4396_p2         |        or|   0|  0|   2|           1|           1|
    |or_ln46_353_fu_4458_p2         |        or|   0|  0|   2|           1|           1|
    |or_ln46_354_fu_4470_p2         |        or|   0|  0|   2|           1|           1|
    |or_ln46_355_fu_4566_p2         |        or|   0|  0|   2|           1|           1|
    |or_ln46_356_fu_4628_p2         |        or|   0|  0|   2|           1|           1|
    |or_ln46_357_fu_4640_p2         |        or|   0|  0|   2|           1|           1|
    |or_ln46_358_fu_4736_p2         |        or|   0|  0|   2|           1|           1|
    |or_ln46_359_fu_4798_p2         |        or|   0|  0|   2|           1|           1|
    |or_ln46_360_fu_4810_p2         |        or|   0|  0|   2|           1|           1|
    |or_ln46_fu_316_p2              |        or|   0|  0|   2|           1|           1|
    |layer10_out_0_0_fu_420_p3      |    select|   0|  0|   6|           1|           6|
    |layer10_out_11_0_fu_1780_p3    |    select|   0|  0|   6|           1|           6|
    |layer10_out_12_0_fu_1950_p3    |    select|   0|  0|   6|           1|           6|
    |layer10_out_13_0_fu_2120_p3    |    select|   0|  0|   6|           1|           6|
    |layer10_out_1436_0_fu_2290_p3  |    select|   0|  0|   6|           1|           6|
    |layer10_out_15_0_fu_2460_p3    |    select|   0|  0|   6|           1|           6|
    |layer10_out_17_0_fu_2630_p3    |    select|   0|  0|   6|           1|           6|
    |layer10_out_18_0_fu_2800_p3    |    select|   0|  0|   6|           1|           6|
    |layer10_out_19_0_fu_2970_p3    |    select|   0|  0|   6|           1|           6|
    |layer10_out_1_0_fu_590_p3      |    select|   0|  0|   6|           1|           6|
    |layer10_out_20_0_fu_3140_p3    |    select|   0|  0|   6|           1|           6|
    |layer10_out_21_0_fu_3310_p3    |    select|   0|  0|   6|           1|           6|
    |layer10_out_22_0_fu_3480_p3    |    select|   0|  0|   6|           1|           6|
    |layer10_out_23_0_fu_3650_p3    |    select|   0|  0|   6|           1|           6|
    |layer10_out_24_0_fu_3820_p3    |    select|   0|  0|   6|           1|           6|
    |layer10_out_25_0_fu_3990_p3    |    select|   0|  0|   6|           1|           6|
    |layer10_out_26_0_fu_4160_p3    |    select|   0|  0|   6|           1|           6|
    |layer10_out_27_0_fu_4330_p3    |    select|   0|  0|   6|           1|           6|
    |layer10_out_28_0_fu_4500_p3    |    select|   0|  0|   6|           1|           6|
    |layer10_out_29_0_fu_4670_p3    |    select|   0|  0|   6|           1|           6|
    |layer10_out_31_0_fu_4840_p3    |    select|   0|  0|   6|           1|           6|
    |layer10_out_3_0_fu_760_p3      |    select|   0|  0|   6|           1|           6|
    |layer10_out_4_0_fu_930_p3      |    select|   0|  0|   6|           1|           6|
    |layer10_out_5_0_fu_1100_p3     |    select|   0|  0|   6|           1|           6|
    |layer10_out_6_0_fu_1270_p3     |    select|   0|  0|   6|           1|           6|
    |layer10_out_7_0_fu_1440_p3     |    select|   0|  0|   6|           1|           6|
    |layer10_out_9_0_fu_1610_p3     |    select|   0|  0|   6|           1|           6|
    |select_ln46_281_fu_404_p3      |    select|   0|  0|   6|           1|           6|
    |select_ln46_282_fu_412_p3      |    select|   0|  0|   6|           1|           6|
    |select_ln46_283_fu_566_p3      |    select|   0|  0|   6|           1|           1|
    |select_ln46_284_fu_574_p3      |    select|   0|  0|   6|           1|           6|
    |select_ln46_285_fu_582_p3      |    select|   0|  0|   6|           1|           6|
    |select_ln46_286_fu_736_p3      |    select|   0|  0|   6|           1|           1|
    |select_ln46_287_fu_744_p3      |    select|   0|  0|   6|           1|           6|
    |select_ln46_288_fu_752_p3      |    select|   0|  0|   6|           1|           6|
    |select_ln46_289_fu_906_p3      |    select|   0|  0|   6|           1|           1|
    |select_ln46_290_fu_914_p3      |    select|   0|  0|   6|           1|           6|
    |select_ln46_291_fu_922_p3      |    select|   0|  0|   6|           1|           6|
    |select_ln46_292_fu_1076_p3     |    select|   0|  0|   6|           1|           1|
    |select_ln46_293_fu_1084_p3     |    select|   0|  0|   6|           1|           6|
    |select_ln46_294_fu_1092_p3     |    select|   0|  0|   6|           1|           6|
    |select_ln46_295_fu_1246_p3     |    select|   0|  0|   6|           1|           1|
    |select_ln46_296_fu_1254_p3     |    select|   0|  0|   6|           1|           6|
    |select_ln46_297_fu_1262_p3     |    select|   0|  0|   6|           1|           6|
    |select_ln46_298_fu_1416_p3     |    select|   0|  0|   6|           1|           1|
    |select_ln46_299_fu_1424_p3     |    select|   0|  0|   6|           1|           6|
    |select_ln46_300_fu_1432_p3     |    select|   0|  0|   6|           1|           6|
    |select_ln46_301_fu_1586_p3     |    select|   0|  0|   6|           1|           1|
    |select_ln46_302_fu_1594_p3     |    select|   0|  0|   6|           1|           6|
    |select_ln46_303_fu_1602_p3     |    select|   0|  0|   6|           1|           6|
    |select_ln46_304_fu_1756_p3     |    select|   0|  0|   6|           1|           1|
    |select_ln46_305_fu_1764_p3     |    select|   0|  0|   6|           1|           6|
    |select_ln46_306_fu_1772_p3     |    select|   0|  0|   6|           1|           6|
    |select_ln46_307_fu_1926_p3     |    select|   0|  0|   6|           1|           1|
    |select_ln46_308_fu_1934_p3     |    select|   0|  0|   6|           1|           6|
    |select_ln46_309_fu_1942_p3     |    select|   0|  0|   6|           1|           6|
    |select_ln46_310_fu_2096_p3     |    select|   0|  0|   6|           1|           1|
    |select_ln46_311_fu_2104_p3     |    select|   0|  0|   6|           1|           6|
    |select_ln46_312_fu_2112_p3     |    select|   0|  0|   6|           1|           6|
    |select_ln46_313_fu_2266_p3     |    select|   0|  0|   6|           1|           1|
    |select_ln46_314_fu_2274_p3     |    select|   0|  0|   6|           1|           6|
    |select_ln46_315_fu_2282_p3     |    select|   0|  0|   6|           1|           6|
    |select_ln46_316_fu_2436_p3     |    select|   0|  0|   6|           1|           1|
    |select_ln46_317_fu_2444_p3     |    select|   0|  0|   6|           1|           6|
    |select_ln46_318_fu_2452_p3     |    select|   0|  0|   6|           1|           6|
    |select_ln46_319_fu_2606_p3     |    select|   0|  0|   6|           1|           1|
    |select_ln46_320_fu_2614_p3     |    select|   0|  0|   6|           1|           6|
    |select_ln46_321_fu_2622_p3     |    select|   0|  0|   6|           1|           6|
    |select_ln46_322_fu_2776_p3     |    select|   0|  0|   6|           1|           1|
    |select_ln46_323_fu_2784_p3     |    select|   0|  0|   6|           1|           6|
    |select_ln46_324_fu_2792_p3     |    select|   0|  0|   6|           1|           6|
    |select_ln46_325_fu_2946_p3     |    select|   0|  0|   6|           1|           1|
    |select_ln46_326_fu_2954_p3     |    select|   0|  0|   6|           1|           6|
    |select_ln46_327_fu_2962_p3     |    select|   0|  0|   6|           1|           6|
    |select_ln46_328_fu_3116_p3     |    select|   0|  0|   6|           1|           1|
    |select_ln46_329_fu_3124_p3     |    select|   0|  0|   6|           1|           6|
    |select_ln46_330_fu_3132_p3     |    select|   0|  0|   6|           1|           6|
    |select_ln46_331_fu_3286_p3     |    select|   0|  0|   6|           1|           1|
    |select_ln46_332_fu_3294_p3     |    select|   0|  0|   6|           1|           6|
    |select_ln46_333_fu_3302_p3     |    select|   0|  0|   6|           1|           6|
    |select_ln46_334_fu_3456_p3     |    select|   0|  0|   6|           1|           1|
    |select_ln46_335_fu_3464_p3     |    select|   0|  0|   6|           1|           6|
    |select_ln46_336_fu_3472_p3     |    select|   0|  0|   6|           1|           6|
    |select_ln46_337_fu_3626_p3     |    select|   0|  0|   6|           1|           1|
    |select_ln46_338_fu_3634_p3     |    select|   0|  0|   6|           1|           6|
    |select_ln46_339_fu_3642_p3     |    select|   0|  0|   6|           1|           6|
    |select_ln46_340_fu_3796_p3     |    select|   0|  0|   6|           1|           1|
    |select_ln46_341_fu_3804_p3     |    select|   0|  0|   6|           1|           6|
    |select_ln46_342_fu_3812_p3     |    select|   0|  0|   6|           1|           6|
    |select_ln46_343_fu_3966_p3     |    select|   0|  0|   6|           1|           1|
    |select_ln46_344_fu_3974_p3     |    select|   0|  0|   6|           1|           6|
    |select_ln46_345_fu_3982_p3     |    select|   0|  0|   6|           1|           6|
    |select_ln46_346_fu_4136_p3     |    select|   0|  0|   6|           1|           1|
    |select_ln46_347_fu_4144_p3     |    select|   0|  0|   6|           1|           6|
    |select_ln46_348_fu_4152_p3     |    select|   0|  0|   6|           1|           6|
    |select_ln46_349_fu_4306_p3     |    select|   0|  0|   6|           1|           1|
    |select_ln46_350_fu_4314_p3     |    select|   0|  0|   6|           1|           6|
    |select_ln46_351_fu_4322_p3     |    select|   0|  0|   6|           1|           6|
    |select_ln46_352_fu_4476_p3     |    select|   0|  0|   6|           1|           1|
    |select_ln46_353_fu_4484_p3     |    select|   0|  0|   6|           1|           6|
    |select_ln46_354_fu_4492_p3     |    select|   0|  0|   6|           1|           6|
    |select_ln46_355_fu_4646_p3     |    select|   0|  0|   6|           1|           1|
    |select_ln46_356_fu_4654_p3     |    select|   0|  0|   6|           1|           6|
    |select_ln46_357_fu_4662_p3     |    select|   0|  0|   6|           1|           6|
    |select_ln46_358_fu_4816_p3     |    select|   0|  0|   6|           1|           1|
    |select_ln46_359_fu_4824_p3     |    select|   0|  0|   6|           1|           6|
    |select_ln46_360_fu_4832_p3     |    select|   0|  0|   6|           1|           6|
    |select_ln46_fu_396_p3          |    select|   0|  0|   6|           1|           1|
    |not_tmp_656_fu_360_p2          |       xor|   0|  0|   2|           1|           2|
    |not_tmp_663_fu_530_p2          |       xor|   0|  0|   2|           1|           2|
    |not_tmp_670_fu_700_p2          |       xor|   0|  0|   2|           1|           2|
    |not_tmp_677_fu_870_p2          |       xor|   0|  0|   2|           1|           2|
    |not_tmp_684_fu_1040_p2         |       xor|   0|  0|   2|           1|           2|
    |not_tmp_691_fu_1210_p2         |       xor|   0|  0|   2|           1|           2|
    |not_tmp_698_fu_1380_p2         |       xor|   0|  0|   2|           1|           2|
    |not_tmp_705_fu_1550_p2         |       xor|   0|  0|   2|           1|           2|
    |not_tmp_712_fu_1720_p2         |       xor|   0|  0|   2|           1|           2|
    |not_tmp_719_fu_1890_p2         |       xor|   0|  0|   2|           1|           2|
    |not_tmp_726_fu_2060_p2         |       xor|   0|  0|   2|           1|           2|
    |not_tmp_733_fu_2230_p2         |       xor|   0|  0|   2|           1|           2|
    |not_tmp_740_fu_2400_p2         |       xor|   0|  0|   2|           1|           2|
    |not_tmp_747_fu_2570_p2         |       xor|   0|  0|   2|           1|           2|
    |not_tmp_754_fu_2740_p2         |       xor|   0|  0|   2|           1|           2|
    |not_tmp_761_fu_2910_p2         |       xor|   0|  0|   2|           1|           2|
    |not_tmp_768_fu_3080_p2         |       xor|   0|  0|   2|           1|           2|
    |not_tmp_775_fu_3250_p2         |       xor|   0|  0|   2|           1|           2|
    |not_tmp_782_fu_3420_p2         |       xor|   0|  0|   2|           1|           2|
    |not_tmp_789_fu_3590_p2         |       xor|   0|  0|   2|           1|           2|
    |not_tmp_796_fu_3760_p2         |       xor|   0|  0|   2|           1|           2|
    |not_tmp_803_fu_3930_p2         |       xor|   0|  0|   2|           1|           2|
    |not_tmp_810_fu_4100_p2         |       xor|   0|  0|   2|           1|           2|
    |not_tmp_817_fu_4270_p2         |       xor|   0|  0|   2|           1|           2|
    |not_tmp_824_fu_4440_p2         |       xor|   0|  0|   2|           1|           2|
    |not_tmp_831_fu_4610_p2         |       xor|   0|  0|   2|           1|           2|
    |not_tmp_838_fu_4780_p2         |       xor|   0|  0|   2|           1|           2|
    |xor_ln46_100_fu_1744_p2        |       xor|   0|  0|   2|           1|           2|
    |xor_ln46_101_fu_1914_p2        |       xor|   0|  0|   2|           1|           2|
    |xor_ln46_102_fu_2084_p2        |       xor|   0|  0|   2|           1|           2|
    |xor_ln46_103_fu_2254_p2        |       xor|   0|  0|   2|           1|           2|
    |xor_ln46_104_fu_2424_p2        |       xor|   0|  0|   2|           1|           2|
    |xor_ln46_105_fu_2594_p2        |       xor|   0|  0|   2|           1|           2|
    |xor_ln46_106_fu_2764_p2        |       xor|   0|  0|   2|           1|           2|
    |xor_ln46_107_fu_2934_p2        |       xor|   0|  0|   2|           1|           2|
    |xor_ln46_108_fu_3104_p2        |       xor|   0|  0|   2|           1|           2|
    |xor_ln46_109_fu_3274_p2        |       xor|   0|  0|   2|           1|           2|
    |xor_ln46_110_fu_3444_p2        |       xor|   0|  0|   2|           1|           2|
    |xor_ln46_111_fu_3614_p2        |       xor|   0|  0|   2|           1|           2|
    |xor_ln46_112_fu_3784_p2        |       xor|   0|  0|   2|           1|           2|
    |xor_ln46_113_fu_3954_p2        |       xor|   0|  0|   2|           1|           2|
    |xor_ln46_114_fu_4124_p2        |       xor|   0|  0|   2|           1|           2|
    |xor_ln46_115_fu_4294_p2        |       xor|   0|  0|   2|           1|           2|
    |xor_ln46_116_fu_4464_p2        |       xor|   0|  0|   2|           1|           2|
    |xor_ln46_117_fu_4634_p2        |       xor|   0|  0|   2|           1|           2|
    |xor_ln46_118_fu_4804_p2        |       xor|   0|  0|   2|           1|           2|
    |xor_ln46_93_fu_554_p2          |       xor|   0|  0|   2|           1|           2|
    |xor_ln46_94_fu_724_p2          |       xor|   0|  0|   2|           1|           2|
    |xor_ln46_95_fu_894_p2          |       xor|   0|  0|   2|           1|           2|
    |xor_ln46_96_fu_1064_p2         |       xor|   0|  0|   2|           1|           2|
    |xor_ln46_97_fu_1234_p2         |       xor|   0|  0|   2|           1|           2|
    |xor_ln46_98_fu_1404_p2         |       xor|   0|  0|   2|           1|           2|
    |xor_ln46_99_fu_1574_p2         |       xor|   0|  0|   2|           1|           2|
    |xor_ln46_fu_384_p2             |       xor|   0|  0|   2|           1|           2|
    +-------------------------------+----------+----+---+----+------------+------------+
    |Total                          |          |   0|  0|2808|        1269|        1026|
    +-------------------------------+----------+----+---+----+------------+------------+

    * Multiplexer: 
    N/A

    * Register: 
    N/A



================================================================
== Interface
================================================================
* Summary: 
+-------------------+-----+-----+------------+-------------------------------------------------------------------------+--------------+
|     RTL Ports     | Dir | Bits|  Protocol  |                              Source Object                              |    C Type    |
+-------------------+-----+-----+------------+-------------------------------------------------------------------------+--------------+
|ap_ready           |  out|    1|  ap_ctrl_hs|  relu<ap_fixed<18, 7, 5, 3, 0>, ap_ufixed<6, 0, 4, 0, 0>, relu_config10>|  return value|
|ap_return_0        |  out|    6|  ap_ctrl_hs|  relu<ap_fixed<18, 7, 5, 3, 0>, ap_ufixed<6, 0, 4, 0, 0>, relu_config10>|  return value|
|ap_return_1        |  out|    6|  ap_ctrl_hs|  relu<ap_fixed<18, 7, 5, 3, 0>, ap_ufixed<6, 0, 4, 0, 0>, relu_config10>|  return value|
|ap_return_2        |  out|    6|  ap_ctrl_hs|  relu<ap_fixed<18, 7, 5, 3, 0>, ap_ufixed<6, 0, 4, 0, 0>, relu_config10>|  return value|
|ap_return_3        |  out|    6|  ap_ctrl_hs|  relu<ap_fixed<18, 7, 5, 3, 0>, ap_ufixed<6, 0, 4, 0, 0>, relu_config10>|  return value|
|ap_return_4        |  out|    6|  ap_ctrl_hs|  relu<ap_fixed<18, 7, 5, 3, 0>, ap_ufixed<6, 0, 4, 0, 0>, relu_config10>|  return value|
|ap_return_5        |  out|    6|  ap_ctrl_hs|  relu<ap_fixed<18, 7, 5, 3, 0>, ap_ufixed<6, 0, 4, 0, 0>, relu_config10>|  return value|
|ap_return_6        |  out|    6|  ap_ctrl_hs|  relu<ap_fixed<18, 7, 5, 3, 0>, ap_ufixed<6, 0, 4, 0, 0>, relu_config10>|  return value|
|ap_return_7        |  out|    6|  ap_ctrl_hs|  relu<ap_fixed<18, 7, 5, 3, 0>, ap_ufixed<6, 0, 4, 0, 0>, relu_config10>|  return value|
|ap_return_8        |  out|    6|  ap_ctrl_hs|  relu<ap_fixed<18, 7, 5, 3, 0>, ap_ufixed<6, 0, 4, 0, 0>, relu_config10>|  return value|
|ap_return_9        |  out|    6|  ap_ctrl_hs|  relu<ap_fixed<18, 7, 5, 3, 0>, ap_ufixed<6, 0, 4, 0, 0>, relu_config10>|  return value|
|ap_return_10       |  out|    6|  ap_ctrl_hs|  relu<ap_fixed<18, 7, 5, 3, 0>, ap_ufixed<6, 0, 4, 0, 0>, relu_config10>|  return value|
|ap_return_11       |  out|    6|  ap_ctrl_hs|  relu<ap_fixed<18, 7, 5, 3, 0>, ap_ufixed<6, 0, 4, 0, 0>, relu_config10>|  return value|
|ap_return_12       |  out|    6|  ap_ctrl_hs|  relu<ap_fixed<18, 7, 5, 3, 0>, ap_ufixed<6, 0, 4, 0, 0>, relu_config10>|  return value|
|ap_return_13       |  out|    6|  ap_ctrl_hs|  relu<ap_fixed<18, 7, 5, 3, 0>, ap_ufixed<6, 0, 4, 0, 0>, relu_config10>|  return value|
|ap_return_14       |  out|    6|  ap_ctrl_hs|  relu<ap_fixed<18, 7, 5, 3, 0>, ap_ufixed<6, 0, 4, 0, 0>, relu_config10>|  return value|
|ap_return_15       |  out|    6|  ap_ctrl_hs|  relu<ap_fixed<18, 7, 5, 3, 0>, ap_ufixed<6, 0, 4, 0, 0>, relu_config10>|  return value|
|ap_return_16       |  out|    6|  ap_ctrl_hs|  relu<ap_fixed<18, 7, 5, 3, 0>, ap_ufixed<6, 0, 4, 0, 0>, relu_config10>|  return value|
|ap_return_17       |  out|    6|  ap_ctrl_hs|  relu<ap_fixed<18, 7, 5, 3, 0>, ap_ufixed<6, 0, 4, 0, 0>, relu_config10>|  return value|
|ap_return_18       |  out|    6|  ap_ctrl_hs|  relu<ap_fixed<18, 7, 5, 3, 0>, ap_ufixed<6, 0, 4, 0, 0>, relu_config10>|  return value|
|ap_return_19       |  out|    6|  ap_ctrl_hs|  relu<ap_fixed<18, 7, 5, 3, 0>, ap_ufixed<6, 0, 4, 0, 0>, relu_config10>|  return value|
|ap_return_20       |  out|    6|  ap_ctrl_hs|  relu<ap_fixed<18, 7, 5, 3, 0>, ap_ufixed<6, 0, 4, 0, 0>, relu_config10>|  return value|
|ap_return_21       |  out|    6|  ap_ctrl_hs|  relu<ap_fixed<18, 7, 5, 3, 0>, ap_ufixed<6, 0, 4, 0, 0>, relu_config10>|  return value|
|ap_return_22       |  out|    6|  ap_ctrl_hs|  relu<ap_fixed<18, 7, 5, 3, 0>, ap_ufixed<6, 0, 4, 0, 0>, relu_config10>|  return value|
|ap_return_23       |  out|    6|  ap_ctrl_hs|  relu<ap_fixed<18, 7, 5, 3, 0>, ap_ufixed<6, 0, 4, 0, 0>, relu_config10>|  return value|
|ap_return_24       |  out|    6|  ap_ctrl_hs|  relu<ap_fixed<18, 7, 5, 3, 0>, ap_ufixed<6, 0, 4, 0, 0>, relu_config10>|  return value|
|ap_return_25       |  out|    6|  ap_ctrl_hs|  relu<ap_fixed<18, 7, 5, 3, 0>, ap_ufixed<6, 0, 4, 0, 0>, relu_config10>|  return value|
|ap_return_26       |  out|    6|  ap_ctrl_hs|  relu<ap_fixed<18, 7, 5, 3, 0>, ap_ufixed<6, 0, 4, 0, 0>, relu_config10>|  return value|
|ap_rst             |   in|    1|  ap_ctrl_hs|  relu<ap_fixed<18, 7, 5, 3, 0>, ap_ufixed<6, 0, 4, 0, 0>, relu_config10>|  return value|
|layer8_out_0_val   |   in|   18|     ap_none|                                                         layer8_out_0_val|        scalar|
|layer8_out_1_val   |   in|   18|     ap_none|                                                         layer8_out_1_val|        scalar|
|layer8_out_3_val   |   in|   18|     ap_none|                                                         layer8_out_3_val|        scalar|
|layer8_out_4_val   |   in|   18|     ap_none|                                                         layer8_out_4_val|        scalar|
|layer8_out_5_val   |   in|   18|     ap_none|                                                         layer8_out_5_val|        scalar|
|layer8_out_6_val   |   in|   18|     ap_none|                                                         layer8_out_6_val|        scalar|
|layer8_out_7_val   |   in|   18|     ap_none|                                                         layer8_out_7_val|        scalar|
|layer8_out_9_val   |   in|   18|     ap_none|                                                         layer8_out_9_val|        scalar|
|layer8_out_11_val  |   in|   18|     ap_none|                                                        layer8_out_11_val|        scalar|
|layer8_out_12_val  |   in|   18|     ap_none|                                                        layer8_out_12_val|        scalar|
|layer8_out_13_val  |   in|   18|     ap_none|                                                        layer8_out_13_val|        scalar|
|layer8_out_14_val  |   in|   18|     ap_none|                                                        layer8_out_14_val|        scalar|
|layer8_out_15_val  |   in|   18|     ap_none|                                                        layer8_out_15_val|        scalar|
|layer8_out_17_val  |   in|   18|     ap_none|                                                        layer8_out_17_val|        scalar|
|layer8_out_18_val  |   in|   18|     ap_none|                                                        layer8_out_18_val|        scalar|
|layer8_out_19_val  |   in|   18|     ap_none|                                                        layer8_out_19_val|        scalar|
|layer8_out_20_val  |   in|   18|     ap_none|                                                        layer8_out_20_val|        scalar|
|layer8_out_21_val  |   in|   18|     ap_none|                                                        layer8_out_21_val|        scalar|
|layer8_out_22_val  |   in|   18|     ap_none|                                                        layer8_out_22_val|        scalar|
|layer8_out_23_val  |   in|   18|     ap_none|                                                        layer8_out_23_val|        scalar|
|layer8_out_24_val  |   in|   18|     ap_none|                                                        layer8_out_24_val|        scalar|
|layer8_out_25_val  |   in|   18|     ap_none|                                                        layer8_out_25_val|        scalar|
|layer8_out_26_val  |   in|   18|     ap_none|                                                        layer8_out_26_val|        scalar|
|layer8_out_27_val  |   in|   18|     ap_none|                                                        layer8_out_27_val|        scalar|
|layer8_out_28_val  |   in|   18|     ap_none|                                                        layer8_out_28_val|        scalar|
|layer8_out_29_val  |   in|   18|     ap_none|                                                        layer8_out_29_val|        scalar|
|layer8_out_31_val  |   in|   18|     ap_none|                                                        layer8_out_31_val|        scalar|
+-------------------+-----+-----+------------+-------------------------------------------------------------------------+--------------+

============================================================
+ Verbose Summary: Synthesis Manager
============================================================
InlineROM: 1
ExposeGlobal: 0
============================================================
+ Verbose Summary: CDFG Model
============================================================
IsTopModel: 0
ResetActiveHigh: 1
IsCombinational: 1
IsDatapathOnly: 2
HasWiredReturn: 1
HasMFsm: 2
HasVarLatency: 0
IsPipeline: 1
IsRtlPipelined: 0
IsInstanceOverlapped: 0
IsDontTouch: 0
HasImplIP: 0
IsGatedGlobalClock: 0

+ Individual pipeline summary: 
  * Pipeline-0: initiation interval (II) = 1, depth = 1


============================================================
+ Verbose Summary: Schedule
============================================================
* Number of FSM states : 1
* Pipeline : 1
  Pipeline-0 : II = 1, D = 1, States = { 1 }
* Dataflow Pipeline: 0

* FSM state transitions: 
1 --> 

* FSM state operations: 

State 1 <SV = 0> <Delay = 2.12>
ST_1 : Operation 2 [1/1] (0.00ns)   --->   "%specpipeline_ln39 = specpipeline void @_ssdm_op_SpecPipeline, i32 4294967295, i32 0, i32 0, i32 0, void @empty_0" [firmware/nnet_utils/nnet_activation.h:39->firmware/myproject.cpp:60]   --->   Operation 2 'specpipeline' 'specpipeline_ln39' <Predicate = true> <Delay = 0.00>
ST_1 : Operation 3 [1/1] (0.00ns)   --->   "%layer8_out_31_val_read = read i18 @_ssdm_op_Read.ap_auto.i18, i18 %layer8_out_31_val" [firmware/nnet_utils/nnet_activation.h:42->firmware/myproject.cpp:60]   --->   Operation 3 'read' 'layer8_out_31_val_read' <Predicate = true> <Delay = 0.00>
ST_1 : Operation 4 [1/1] (0.00ns)   --->   "%layer8_out_29_val_read = read i18 @_ssdm_op_Read.ap_auto.i18, i18 %layer8_out_29_val" [firmware/nnet_utils/nnet_activation.h:42->firmware/myproject.cpp:60]   --->   Operation 4 'read' 'layer8_out_29_val_read' <Predicate = true> <Delay = 0.00>
ST_1 : Operation 5 [1/1] (0.00ns)   --->   "%layer8_out_28_val_read = read i18 @_ssdm_op_Read.ap_auto.i18, i18 %layer8_out_28_val" [firmware/nnet_utils/nnet_activation.h:42->firmware/myproject.cpp:60]   --->   Operation 5 'read' 'layer8_out_28_val_read' <Predicate = true> <Delay = 0.00>
ST_1 : Operation 6 [1/1] (0.00ns)   --->   "%layer8_out_27_val_read = read i18 @_ssdm_op_Read.ap_auto.i18, i18 %layer8_out_27_val" [firmware/nnet_utils/nnet_activation.h:42->firmware/myproject.cpp:60]   --->   Operation 6 'read' 'layer8_out_27_val_read' <Predicate = true> <Delay = 0.00>
ST_1 : Operation 7 [1/1] (0.00ns)   --->   "%layer8_out_26_val_read = read i18 @_ssdm_op_Read.ap_auto.i18, i18 %layer8_out_26_val" [firmware/nnet_utils/nnet_activation.h:42->firmware/myproject.cpp:60]   --->   Operation 7 'read' 'layer8_out_26_val_read' <Predicate = true> <Delay = 0.00>
ST_1 : Operation 8 [1/1] (0.00ns)   --->   "%layer8_out_25_val_read = read i18 @_ssdm_op_Read.ap_auto.i18, i18 %layer8_out_25_val" [firmware/nnet_utils/nnet_activation.h:42->firmware/myproject.cpp:60]   --->   Operation 8 'read' 'layer8_out_25_val_read' <Predicate = true> <Delay = 0.00>
ST_1 : Operation 9 [1/1] (0.00ns)   --->   "%layer8_out_24_val_read = read i18 @_ssdm_op_Read.ap_auto.i18, i18 %layer8_out_24_val" [firmware/nnet_utils/nnet_activation.h:42->firmware/myproject.cpp:60]   --->   Operation 9 'read' 'layer8_out_24_val_read' <Predicate = true> <Delay = 0.00>
ST_1 : Operation 10 [1/1] (0.00ns)   --->   "%layer8_out_23_val_read = read i18 @_ssdm_op_Read.ap_auto.i18, i18 %layer8_out_23_val" [firmware/nnet_utils/nnet_activation.h:42->firmware/myproject.cpp:60]   --->   Operation 10 'read' 'layer8_out_23_val_read' <Predicate = true> <Delay = 0.00>
ST_1 : Operation 11 [1/1] (0.00ns)   --->   "%layer8_out_22_val_read = read i18 @_ssdm_op_Read.ap_auto.i18, i18 %layer8_out_22_val" [firmware/nnet_utils/nnet_activation.h:42->firmware/myproject.cpp:60]   --->   Operation 11 'read' 'layer8_out_22_val_read' <Predicate = true> <Delay = 0.00>
ST_1 : Operation 12 [1/1] (0.00ns)   --->   "%layer8_out_21_val_read = read i18 @_ssdm_op_Read.ap_auto.i18, i18 %layer8_out_21_val" [firmware/nnet_utils/nnet_activation.h:42->firmware/myproject.cpp:60]   --->   Operation 12 'read' 'layer8_out_21_val_read' <Predicate = true> <Delay = 0.00>
ST_1 : Operation 13 [1/1] (0.00ns)   --->   "%layer8_out_20_val_read = read i18 @_ssdm_op_Read.ap_auto.i18, i18 %layer8_out_20_val" [firmware/nnet_utils/nnet_activation.h:42->firmware/myproject.cpp:60]   --->   Operation 13 'read' 'layer8_out_20_val_read' <Predicate = true> <Delay = 0.00>
ST_1 : Operation 14 [1/1] (0.00ns)   --->   "%layer8_out_19_val_read = read i18 @_ssdm_op_Read.ap_auto.i18, i18 %layer8_out_19_val" [firmware/nnet_utils/nnet_activation.h:42->firmware/myproject.cpp:60]   --->   Operation 14 'read' 'layer8_out_19_val_read' <Predicate = true> <Delay = 0.00>
ST_1 : Operation 15 [1/1] (0.00ns)   --->   "%layer8_out_18_val_read = read i18 @_ssdm_op_Read.ap_auto.i18, i18 %layer8_out_18_val" [firmware/nnet_utils/nnet_activation.h:42->firmware/myproject.cpp:60]   --->   Operation 15 'read' 'layer8_out_18_val_read' <Predicate = true> <Delay = 0.00>
ST_1 : Operation 16 [1/1] (0.00ns)   --->   "%layer8_out_17_val_read = read i18 @_ssdm_op_Read.ap_auto.i18, i18 %layer8_out_17_val" [firmware/nnet_utils/nnet_activation.h:42->firmware/myproject.cpp:60]   --->   Operation 16 'read' 'layer8_out_17_val_read' <Predicate = true> <Delay = 0.00>
ST_1 : Operation 17 [1/1] (0.00ns)   --->   "%layer8_out_15_val_read = read i18 @_ssdm_op_Read.ap_auto.i18, i18 %layer8_out_15_val" [firmware/nnet_utils/nnet_activation.h:42->firmware/myproject.cpp:60]   --->   Operation 17 'read' 'layer8_out_15_val_read' <Predicate = true> <Delay = 0.00>
ST_1 : Operation 18 [1/1] (0.00ns)   --->   "%layer8_out_14_val_read = read i18 @_ssdm_op_Read.ap_auto.i18, i18 %layer8_out_14_val" [firmware/nnet_utils/nnet_activation.h:42->firmware/myproject.cpp:60]   --->   Operation 18 'read' 'layer8_out_14_val_read' <Predicate = true> <Delay = 0.00>
ST_1 : Operation 19 [1/1] (0.00ns)   --->   "%layer8_out_13_val_read = read i18 @_ssdm_op_Read.ap_auto.i18, i18 %layer8_out_13_val" [firmware/nnet_utils/nnet_activation.h:42->firmware/myproject.cpp:60]   --->   Operation 19 'read' 'layer8_out_13_val_read' <Predicate = true> <Delay = 0.00>
ST_1 : Operation 20 [1/1] (0.00ns)   --->   "%layer8_out_12_val_read = read i18 @_ssdm_op_Read.ap_auto.i18, i18 %layer8_out_12_val" [firmware/nnet_utils/nnet_activation.h:42->firmware/myproject.cpp:60]   --->   Operation 20 'read' 'layer8_out_12_val_read' <Predicate = true> <Delay = 0.00>
ST_1 : Operation 21 [1/1] (0.00ns)   --->   "%layer8_out_11_val_read = read i18 @_ssdm_op_Read.ap_auto.i18, i18 %layer8_out_11_val" [firmware/nnet_utils/nnet_activation.h:42->firmware/myproject.cpp:60]   --->   Operation 21 'read' 'layer8_out_11_val_read' <Predicate = true> <Delay = 0.00>
ST_1 : Operation 22 [1/1] (0.00ns)   --->   "%layer8_out_9_val_read = read i18 @_ssdm_op_Read.ap_auto.i18, i18 %layer8_out_9_val" [firmware/nnet_utils/nnet_activation.h:42->firmware/myproject.cpp:60]   --->   Operation 22 'read' 'layer8_out_9_val_read' <Predicate = true> <Delay = 0.00>
ST_1 : Operation 23 [1/1] (0.00ns)   --->   "%layer8_out_7_val_read = read i18 @_ssdm_op_Read.ap_auto.i18, i18 %layer8_out_7_val" [firmware/nnet_utils/nnet_activation.h:42->firmware/myproject.cpp:60]   --->   Operation 23 'read' 'layer8_out_7_val_read' <Predicate = true> <Delay = 0.00>
ST_1 : Operation 24 [1/1] (0.00ns)   --->   "%layer8_out_6_val_read = read i18 @_ssdm_op_Read.ap_auto.i18, i18 %layer8_out_6_val" [firmware/nnet_utils/nnet_activation.h:42->firmware/myproject.cpp:60]   --->   Operation 24 'read' 'layer8_out_6_val_read' <Predicate = true> <Delay = 0.00>
ST_1 : Operation 25 [1/1] (0.00ns)   --->   "%layer8_out_5_val_read = read i18 @_ssdm_op_Read.ap_auto.i18, i18 %layer8_out_5_val" [firmware/nnet_utils/nnet_activation.h:42->firmware/myproject.cpp:60]   --->   Operation 25 'read' 'layer8_out_5_val_read' <Predicate = true> <Delay = 0.00>
ST_1 : Operation 26 [1/1] (0.00ns)   --->   "%layer8_out_4_val_read = read i18 @_ssdm_op_Read.ap_auto.i18, i18 %layer8_out_4_val" [firmware/nnet_utils/nnet_activation.h:42->firmware/myproject.cpp:60]   --->   Operation 26 'read' 'layer8_out_4_val_read' <Predicate = true> <Delay = 0.00>
ST_1 : Operation 27 [1/1] (0.00ns)   --->   "%layer8_out_3_val_read = read i18 @_ssdm_op_Read.ap_auto.i18, i18 %layer8_out_3_val" [firmware/nnet_utils/nnet_activation.h:42->firmware/myproject.cpp:60]   --->   Operation 27 'read' 'layer8_out_3_val_read' <Predicate = true> <Delay = 0.00>
ST_1 : Operation 28 [1/1] (0.00ns)   --->   "%layer8_out_1_val_read = read i18 @_ssdm_op_Read.ap_auto.i18, i18 %layer8_out_1_val" [firmware/nnet_utils/nnet_activation.h:42->firmware/myproject.cpp:60]   --->   Operation 28 'read' 'layer8_out_1_val_read' <Predicate = true> <Delay = 0.00>
ST_1 : Operation 29 [1/1] (0.00ns)   --->   "%layer8_out_0_val_read = read i18 @_ssdm_op_Read.ap_auto.i18, i18 %layer8_out_0_val" [firmware/nnet_utils/nnet_activation.h:42->firmware/myproject.cpp:60]   --->   Operation 29 'read' 'layer8_out_0_val_read' <Predicate = true> <Delay = 0.00>
ST_1 : Operation 30 [1/1] (0.79ns)   --->   "%icmp_ln45 = icmp_sgt  i18 %layer8_out_0_val_read, i18 0" [firmware/nnet_utils/nnet_activation.h:45->firmware/myproject.cpp:60]   --->   Operation 30 'icmp' 'icmp_ln45' <Predicate = true> <Delay = 0.79> <CoreInst = "Cmp">   --->   Core 9 'Cmp' <Latency = 0> <II = 1> <Delay = 0.79> <FuncUnit> <Opcode : 'seteq' 'setne' 'setle' 'setge' 'setlt' 'setgt'> <InPorts = 2> <OutPorts = 1>
ST_1 : Operation 31 [1/1] (0.00ns)   --->   "%tmp = bitselect i1 @_ssdm_op_BitSelect.i1.i18.i32, i18 %layer8_out_0_val_read, i32 17" [firmware/nnet_utils/nnet_activation.h:46->firmware/myproject.cpp:60]   --->   Operation 31 'bitselect' 'tmp' <Predicate = (icmp_ln45)> <Delay = 0.00>
ST_1 : Operation 32 [1/1] (0.00ns) (grouped into LUT with out node add_ln46)   --->   "%trunc_ln = partselect i6 @_ssdm_op_PartSelect.i6.i18.i32.i32, i18 %layer8_out_0_val_read, i32 5, i32 10" [firmware/nnet_utils/nnet_activation.h:46->firmware/myproject.cpp:60]   --->   Operation 32 'partselect' 'trunc_ln' <Predicate = (icmp_ln45)> <Delay = 0.00>
ST_1 : Operation 33 [1/1] (0.00ns) (grouped into LUT with out node add_ln46)   --->   "%tmp_568 = bitselect i1 @_ssdm_op_BitSelect.i1.i18.i32, i18 %layer8_out_0_val_read, i32 4" [firmware/nnet_utils/nnet_activation.h:46->firmware/myproject.cpp:60]   --->   Operation 33 'bitselect' 'tmp_568' <Predicate = (icmp_ln45)> <Delay = 0.00>
ST_1 : Operation 34 [1/1] (0.00ns)   --->   "%trunc_ln46 = trunc i18 %layer8_out_0_val_read" [firmware/nnet_utils/nnet_activation.h:46->firmware/myproject.cpp:60]   --->   Operation 34 'trunc' 'trunc_ln46' <Predicate = (icmp_ln45)> <Delay = 0.00>
ST_1 : Operation 35 [1/1] (0.70ns)   --->   "%icmp_ln46 = icmp_ne  i4 %trunc_ln46, i4 0" [firmware/nnet_utils/nnet_activation.h:46->firmware/myproject.cpp:60]   --->   Operation 35 'icmp' 'icmp_ln46' <Predicate = (icmp_ln45)> <Delay = 0.70> <CoreInst = "Cmp">   --->   Core 9 'Cmp' <Latency = 0> <II = 1> <Delay = 0.70> <FuncUnit> <Opcode : 'seteq' 'setne' 'setle' 'setge' 'setlt' 'setgt'> <InPorts = 2> <OutPorts = 1>
ST_1 : Operation 36 [1/1] (0.00ns) (grouped into LUT with out node empty)   --->   "%tmp_569 = bitselect i1 @_ssdm_op_BitSelect.i1.i18.i32, i18 %layer8_out_0_val_read, i32 10" [firmware/nnet_utils/nnet_activation.h:46->firmware/myproject.cpp:60]   --->   Operation 36 'bitselect' 'tmp_569' <Predicate = (icmp_ln45)> <Delay = 0.00>
ST_1 : Operation 37 [1/1] (0.00ns) (grouped into LUT with out node add_ln46)   --->   "%tmp_570 = bitselect i1 @_ssdm_op_BitSelect.i1.i18.i32, i18 %layer8_out_0_val_read, i32 5" [firmware/nnet_utils/nnet_activation.h:46->firmware/myproject.cpp:60]   --->   Operation 37 'bitselect' 'tmp_570' <Predicate = (icmp_ln45)> <Delay = 0.00>
ST_1 : Operation 38 [1/1] (0.00ns) (grouped into LUT with out node add_ln46)   --->   "%or_ln46 = or i1 %tmp_570, i1 %icmp_ln46" [firmware/nnet_utils/nnet_activation.h:46->firmware/myproject.cpp:60]   --->   Operation 38 'or' 'or_ln46' <Predicate = (icmp_ln45)> <Delay = 0.00> <CoreInst = "LogicGate">   --->   Core 74 'LogicGate' <Latency = 0> <II = 1> <Delay = 0.12> <FuncUnit> <Opcode : 'and' 'or' 'xor'> <InPorts = 2> <OutPorts = 1>
ST_1 : Operation 39 [1/1] (0.00ns) (grouped into LUT with out node add_ln46)   --->   "%and_ln46 = and i1 %or_ln46, i1 %tmp_568" [firmware/nnet_utils/nnet_activation.h:46->firmware/myproject.cpp:60]   --->   Operation 39 'and' 'and_ln46' <Predicate = (icmp_ln45)> <Delay = 0.00> <CoreInst = "LogicGate">   --->   Core 74 'LogicGate' <Latency = 0> <II = 1> <Delay = 0.12> <FuncUnit> <Opcode : 'and' 'or' 'xor'> <InPorts = 2> <OutPorts = 1>
ST_1 : Operation 40 [1/1] (0.00ns) (grouped into LUT with out node add_ln46)   --->   "%zext_ln46 = zext i1 %and_ln46" [firmware/nnet_utils/nnet_activation.h:46->firmware/myproject.cpp:60]   --->   Operation 40 'zext' 'zext_ln46' <Predicate = (icmp_ln45)> <Delay = 0.00>
ST_1 : Operation 41 [1/1] (0.70ns) (out node of the LUT)   --->   "%add_ln46 = add i6 %trunc_ln, i6 %zext_ln46" [firmware/nnet_utils/nnet_activation.h:46->firmware/myproject.cpp:60]   --->   Operation 41 'add' 'add_ln46' <Predicate = (icmp_ln45)> <Delay = 0.70> <CoreInst = "Adder">   --->   Core 1 'Adder' <Latency = 0> <II = 1> <Delay = 0.70> <FuncUnit> <Opcode : 'add' 'sub'> <InPorts = 2> <OutPorts = 1>
ST_1 : Operation 42 [1/1] (0.00ns)   --->   "%tmp_s = partselect i7 @_ssdm_op_PartSelect.i7.i18.i32, i18 %layer8_out_0_val_read, i32 11" [firmware/nnet_utils/nnet_activation.h:46->firmware/myproject.cpp:60]   --->   Operation 42 'partselect' 'tmp_s' <Predicate = (icmp_ln45)> <Delay = 0.00>
ST_1 : Operation 43 [1/1] (0.70ns)   --->   "%icmp_ln46_187 = icmp_eq  i7 %tmp_s, i7 0" [firmware/nnet_utils/nnet_activation.h:46->firmware/myproject.cpp:60]   --->   Operation 43 'icmp' 'icmp_ln46_187' <Predicate = (icmp_ln45)> <Delay = 0.70> <CoreInst = "Cmp">   --->   Core 9 'Cmp' <Latency = 0> <II = 1> <Delay = 0.70> <FuncUnit> <Opcode : 'seteq' 'setne' 'setle' 'setge' 'setlt' 'setgt'> <InPorts = 2> <OutPorts = 1>
ST_1 : Operation 44 [1/1] (0.00ns) (grouped into LUT with out node empty)   --->   "%tmp_571 = bitselect i1 @_ssdm_op_BitSelect.i1.i6.i32, i6 %add_ln46, i32 5" [firmware/nnet_utils/nnet_activation.h:46->firmware/myproject.cpp:60]   --->   Operation 44 'bitselect' 'tmp_571' <Predicate = (icmp_ln45)> <Delay = 0.00>
ST_1 : Operation 45 [1/1] (0.00ns) (grouped into LUT with out node empty)   --->   "%not_tmp_656 = xor i1 %tmp_569, i1 1" [firmware/nnet_utils/nnet_activation.h:46->firmware/myproject.cpp:60]   --->   Operation 45 'xor' 'not_tmp_656' <Predicate = (icmp_ln45)> <Delay = 0.00> <CoreInst = "LogicGate">   --->   Core 74 'LogicGate' <Latency = 0> <II = 1> <Delay = 0.12> <FuncUnit> <Opcode : 'and' 'or' 'xor'> <InPorts = 2> <OutPorts = 1>
ST_1 : Operation 46 [1/1] (0.00ns) (grouped into LUT with out node empty)   --->   "%and_ln46_187 = or i1 %tmp_571, i1 %not_tmp_656" [firmware/nnet_utils/nnet_activation.h:46->firmware/myproject.cpp:60]   --->   Operation 46 'or' 'and_ln46_187' <Predicate = (icmp_ln45)> <Delay = 0.00> <CoreInst = "LogicGate">   --->   Core 74 'LogicGate' <Latency = 0> <II = 1> <Delay = 0.12> <FuncUnit> <Opcode : 'and' 'or' 'xor'> <InPorts = 2> <OutPorts = 1>
ST_1 : Operation 47 [1/1] (0.12ns) (out node of the LUT)   --->   "%empty = and i1 %icmp_ln46_187, i1 %and_ln46_187" [firmware/nnet_utils/nnet_activation.h:46->firmware/myproject.cpp:60]   --->   Operation 47 'and' 'empty' <Predicate = (icmp_ln45)> <Delay = 0.12> <CoreInst = "LogicGate">   --->   Core 74 'LogicGate' <Latency = 0> <II = 1> <Delay = 0.12> <FuncUnit> <Opcode : 'and' 'or' 'xor'> <InPorts = 2> <OutPorts = 1>
ST_1 : Operation 48 [1/1] (0.00ns) (grouped into LUT with out node select_ln46_281)   --->   "%or_ln46_281 = or i1 %empty, i1 %tmp" [firmware/nnet_utils/nnet_activation.h:46->firmware/myproject.cpp:60]   --->   Operation 48 'or' 'or_ln46_281' <Predicate = (or_ln46_282 & icmp_ln45)> <Delay = 0.00> <CoreInst = "LogicGate">   --->   Core 74 'LogicGate' <Latency = 0> <II = 1> <Delay = 0.12> <FuncUnit> <Opcode : 'and' 'or' 'xor'> <InPorts = 2> <OutPorts = 1>
ST_1 : Operation 49 [1/1] (0.00ns) (grouped into LUT with out node layer10_out_0_0)   --->   "%xor_ln46 = xor i1 %empty, i1 1" [firmware/nnet_utils/nnet_activation.h:46->firmware/myproject.cpp:60]   --->   Operation 49 'xor' 'xor_ln46' <Predicate = (icmp_ln45)> <Delay = 0.00> <CoreInst = "LogicGate">   --->   Core 74 'LogicGate' <Latency = 0> <II = 1> <Delay = 0.12> <FuncUnit> <Opcode : 'and' 'or' 'xor'> <InPorts = 2> <OutPorts = 1>
ST_1 : Operation 50 [1/1] (0.00ns) (grouped into LUT with out node layer10_out_0_0)   --->   "%or_ln46_282 = or i1 %tmp, i1 %xor_ln46" [firmware/nnet_utils/nnet_activation.h:46->firmware/myproject.cpp:60]   --->   Operation 50 'or' 'or_ln46_282' <Predicate = (icmp_ln45)> <Delay = 0.00> <CoreInst = "LogicGate">   --->   Core 74 'LogicGate' <Latency = 0> <II = 1> <Delay = 0.12> <FuncUnit> <Opcode : 'and' 'or' 'xor'> <InPorts = 2> <OutPorts = 1>
ST_1 : Operation 51 [1/1] (0.00ns) (grouped into LUT with out node select_ln46_281)   --->   "%select_ln46 = select i1 %tmp, i6 0, i6 %add_ln46" [firmware/nnet_utils/nnet_activation.h:46->firmware/myproject.cpp:60]   --->   Operation 51 'select' 'select_ln46' <Predicate = (or_ln46_281 & or_ln46_282 & icmp_ln45)> <Delay = 0.00> <CoreInst = "Sel">   --->   Core 73 'Sel' <Latency = 0> <II = 1> <Delay = 0.29> <FuncUnit> <Opcode : 'select'> <InPorts = 3> <OutPorts = 1>
ST_1 : Operation 52 [1/1] (0.29ns) (out node of the LUT)   --->   "%select_ln46_281 = select i1 %or_ln46_281, i6 %select_ln46, i6 63" [firmware/nnet_utils/nnet_activation.h:46->firmware/myproject.cpp:60]   --->   Operation 52 'select' 'select_ln46_281' <Predicate = (or_ln46_282 & icmp_ln45)> <Delay = 0.29> <CoreInst = "Sel">   --->   Core 73 'Sel' <Latency = 0> <II = 1> <Delay = 0.29> <FuncUnit> <Opcode : 'select'> <InPorts = 3> <OutPorts = 1>
ST_1 : Operation 53 [1/1] (0.00ns) (grouped into LUT with out node layer10_out_0_0)   --->   "%select_ln46_282 = select i1 %or_ln46_282, i6 %select_ln46_281, i6 %add_ln46" [firmware/nnet_utils/nnet_activation.h:46->firmware/myproject.cpp:60]   --->   Operation 53 'select' 'select_ln46_282' <Predicate = (icmp_ln45)> <Delay = 0.00> <CoreInst = "Sel">   --->   Core 73 'Sel' <Latency = 0> <II = 1> <Delay = 0.29> <FuncUnit> <Opcode : 'select'> <InPorts = 3> <OutPorts = 1>
ST_1 : Operation 54 [1/1] (0.29ns) (out node of the LUT)   --->   "%layer10_out_0_0 = select i1 %icmp_ln45, i6 %select_ln46_282, i6 0" [firmware/nnet_utils/nnet_activation.h:45->firmware/myproject.cpp:60]   --->   Operation 54 'select' 'layer10_out_0_0' <Predicate = true> <Delay = 0.29> <CoreInst = "Sel">   --->   Core 73 'Sel' <Latency = 0> <II = 1> <Delay = 0.29> <FuncUnit> <Opcode : 'select'> <InPorts = 3> <OutPorts = 1>
ST_1 : Operation 55 [1/1] (0.79ns)   --->   "%icmp_ln45_93 = icmp_sgt  i18 %layer8_out_1_val_read, i18 0" [firmware/nnet_utils/nnet_activation.h:45->firmware/myproject.cpp:60]   --->   Operation 55 'icmp' 'icmp_ln45_93' <Predicate = true> <Delay = 0.79> <CoreInst = "Cmp">   --->   Core 9 'Cmp' <Latency = 0> <II = 1> <Delay = 0.79> <FuncUnit> <Opcode : 'seteq' 'setne' 'setle' 'setge' 'setlt' 'setgt'> <InPorts = 2> <OutPorts = 1>
ST_1 : Operation 56 [1/1] (0.00ns)   --->   "%tmp_572 = bitselect i1 @_ssdm_op_BitSelect.i1.i18.i32, i18 %layer8_out_1_val_read, i32 17" [firmware/nnet_utils/nnet_activation.h:46->firmware/myproject.cpp:60]   --->   Operation 56 'bitselect' 'tmp_572' <Predicate = (icmp_ln45_93)> <Delay = 0.00>
ST_1 : Operation 57 [1/1] (0.00ns) (grouped into LUT with out node add_ln46_93)   --->   "%trunc_ln46_s = partselect i6 @_ssdm_op_PartSelect.i6.i18.i32.i32, i18 %layer8_out_1_val_read, i32 5, i32 10" [firmware/nnet_utils/nnet_activation.h:46->firmware/myproject.cpp:60]   --->   Operation 57 'partselect' 'trunc_ln46_s' <Predicate = (icmp_ln45_93)> <Delay = 0.00>
ST_1 : Operation 58 [1/1] (0.00ns) (grouped into LUT with out node add_ln46_93)   --->   "%tmp_573 = bitselect i1 @_ssdm_op_BitSelect.i1.i18.i32, i18 %layer8_out_1_val_read, i32 4" [firmware/nnet_utils/nnet_activation.h:46->firmware/myproject.cpp:60]   --->   Operation 58 'bitselect' 'tmp_573' <Predicate = (icmp_ln45_93)> <Delay = 0.00>
ST_1 : Operation 59 [1/1] (0.00ns)   --->   "%trunc_ln46_154 = trunc i18 %layer8_out_1_val_read" [firmware/nnet_utils/nnet_activation.h:46->firmware/myproject.cpp:60]   --->   Operation 59 'trunc' 'trunc_ln46_154' <Predicate = (icmp_ln45_93)> <Delay = 0.00>
ST_1 : Operation 60 [1/1] (0.70ns)   --->   "%icmp_ln46_188 = icmp_ne  i4 %trunc_ln46_154, i4 0" [firmware/nnet_utils/nnet_activation.h:46->firmware/myproject.cpp:60]   --->   Operation 60 'icmp' 'icmp_ln46_188' <Predicate = (icmp_ln45_93)> <Delay = 0.70> <CoreInst = "Cmp">   --->   Core 9 'Cmp' <Latency = 0> <II = 1> <Delay = 0.70> <FuncUnit> <Opcode : 'seteq' 'setne' 'setle' 'setge' 'setlt' 'setgt'> <InPorts = 2> <OutPorts = 1>
ST_1 : Operation 61 [1/1] (0.00ns) (grouped into LUT with out node empty_107)   --->   "%tmp_574 = bitselect i1 @_ssdm_op_BitSelect.i1.i18.i32, i18 %layer8_out_1_val_read, i32 10" [firmware/nnet_utils/nnet_activation.h:46->firmware/myproject.cpp:60]   --->   Operation 61 'bitselect' 'tmp_574' <Predicate = (icmp_ln45_93)> <Delay = 0.00>
ST_1 : Operation 62 [1/1] (0.00ns) (grouped into LUT with out node add_ln46_93)   --->   "%tmp_575 = bitselect i1 @_ssdm_op_BitSelect.i1.i18.i32, i18 %layer8_out_1_val_read, i32 5" [firmware/nnet_utils/nnet_activation.h:46->firmware/myproject.cpp:60]   --->   Operation 62 'bitselect' 'tmp_575' <Predicate = (icmp_ln45_93)> <Delay = 0.00>
ST_1 : Operation 63 [1/1] (0.00ns) (grouped into LUT with out node add_ln46_93)   --->   "%or_ln46_283 = or i1 %tmp_575, i1 %icmp_ln46_188" [firmware/nnet_utils/nnet_activation.h:46->firmware/myproject.cpp:60]   --->   Operation 63 'or' 'or_ln46_283' <Predicate = (icmp_ln45_93)> <Delay = 0.00> <CoreInst = "LogicGate">   --->   Core 74 'LogicGate' <Latency = 0> <II = 1> <Delay = 0.12> <FuncUnit> <Opcode : 'and' 'or' 'xor'> <InPorts = 2> <OutPorts = 1>
ST_1 : Operation 64 [1/1] (0.00ns) (grouped into LUT with out node add_ln46_93)   --->   "%and_ln46_184 = and i1 %or_ln46_283, i1 %tmp_573" [firmware/nnet_utils/nnet_activation.h:46->firmware/myproject.cpp:60]   --->   Operation 64 'and' 'and_ln46_184' <Predicate = (icmp_ln45_93)> <Delay = 0.00> <CoreInst = "LogicGate">   --->   Core 74 'LogicGate' <Latency = 0> <II = 1> <Delay = 0.12> <FuncUnit> <Opcode : 'and' 'or' 'xor'> <InPorts = 2> <OutPorts = 1>
ST_1 : Operation 65 [1/1] (0.00ns) (grouped into LUT with out node add_ln46_93)   --->   "%zext_ln46_93 = zext i1 %and_ln46_184" [firmware/nnet_utils/nnet_activation.h:46->firmware/myproject.cpp:60]   --->   Operation 65 'zext' 'zext_ln46_93' <Predicate = (icmp_ln45_93)> <Delay = 0.00>
ST_1 : Operation 66 [1/1] (0.70ns) (out node of the LUT)   --->   "%add_ln46_93 = add i6 %trunc_ln46_s, i6 %zext_ln46_93" [firmware/nnet_utils/nnet_activation.h:46->firmware/myproject.cpp:60]   --->   Operation 66 'add' 'add_ln46_93' <Predicate = (icmp_ln45_93)> <Delay = 0.70> <CoreInst = "Adder">   --->   Core 1 'Adder' <Latency = 0> <II = 1> <Delay = 0.70> <FuncUnit> <Opcode : 'add' 'sub'> <InPorts = 2> <OutPorts = 1>
ST_1 : Operation 67 [1/1] (0.00ns)   --->   "%tmp_567 = partselect i7 @_ssdm_op_PartSelect.i7.i18.i32, i18 %layer8_out_1_val_read, i32 11" [firmware/nnet_utils/nnet_activation.h:46->firmware/myproject.cpp:60]   --->   Operation 67 'partselect' 'tmp_567' <Predicate = (icmp_ln45_93)> <Delay = 0.00>
ST_1 : Operation 68 [1/1] (0.70ns)   --->   "%icmp_ln46_189 = icmp_eq  i7 %tmp_567, i7 0" [firmware/nnet_utils/nnet_activation.h:46->firmware/myproject.cpp:60]   --->   Operation 68 'icmp' 'icmp_ln46_189' <Predicate = (icmp_ln45_93)> <Delay = 0.70> <CoreInst = "Cmp">   --->   Core 9 'Cmp' <Latency = 0> <II = 1> <Delay = 0.70> <FuncUnit> <Opcode : 'seteq' 'setne' 'setle' 'setge' 'setlt' 'setgt'> <InPorts = 2> <OutPorts = 1>
ST_1 : Operation 69 [1/1] (0.00ns) (grouped into LUT with out node empty_107)   --->   "%tmp_576 = bitselect i1 @_ssdm_op_BitSelect.i1.i6.i32, i6 %add_ln46_93, i32 5" [firmware/nnet_utils/nnet_activation.h:46->firmware/myproject.cpp:60]   --->   Operation 69 'bitselect' 'tmp_576' <Predicate = (icmp_ln45_93)> <Delay = 0.00>
ST_1 : Operation 70 [1/1] (0.00ns) (grouped into LUT with out node empty_107)   --->   "%not_tmp_663 = xor i1 %tmp_574, i1 1" [firmware/nnet_utils/nnet_activation.h:46->firmware/myproject.cpp:60]   --->   Operation 70 'xor' 'not_tmp_663' <Predicate = (icmp_ln45_93)> <Delay = 0.00> <CoreInst = "LogicGate">   --->   Core 74 'LogicGate' <Latency = 0> <II = 1> <Delay = 0.12> <FuncUnit> <Opcode : 'and' 'or' 'xor'> <InPorts = 2> <OutPorts = 1>
ST_1 : Operation 71 [1/1] (0.00ns) (grouped into LUT with out node empty_107)   --->   "%and_ln46_189 = or i1 %tmp_576, i1 %not_tmp_663" [firmware/nnet_utils/nnet_activation.h:46->firmware/myproject.cpp:60]   --->   Operation 71 'or' 'and_ln46_189' <Predicate = (icmp_ln45_93)> <Delay = 0.00> <CoreInst = "LogicGate">   --->   Core 74 'LogicGate' <Latency = 0> <II = 1> <Delay = 0.12> <FuncUnit> <Opcode : 'and' 'or' 'xor'> <InPorts = 2> <OutPorts = 1>
ST_1 : Operation 72 [1/1] (0.12ns) (out node of the LUT)   --->   "%empty_107 = and i1 %icmp_ln46_189, i1 %and_ln46_189" [firmware/nnet_utils/nnet_activation.h:46->firmware/myproject.cpp:60]   --->   Operation 72 'and' 'empty_107' <Predicate = (icmp_ln45_93)> <Delay = 0.12> <CoreInst = "LogicGate">   --->   Core 74 'LogicGate' <Latency = 0> <II = 1> <Delay = 0.12> <FuncUnit> <Opcode : 'and' 'or' 'xor'> <InPorts = 2> <OutPorts = 1>
ST_1 : Operation 73 [1/1] (0.00ns) (grouped into LUT with out node select_ln46_284)   --->   "%or_ln46_284 = or i1 %empty_107, i1 %tmp_572" [firmware/nnet_utils/nnet_activation.h:46->firmware/myproject.cpp:60]   --->   Operation 73 'or' 'or_ln46_284' <Predicate = (or_ln46_285 & icmp_ln45_93)> <Delay = 0.00> <CoreInst = "LogicGate">   --->   Core 74 'LogicGate' <Latency = 0> <II = 1> <Delay = 0.12> <FuncUnit> <Opcode : 'and' 'or' 'xor'> <InPorts = 2> <OutPorts = 1>
ST_1 : Operation 74 [1/1] (0.00ns) (grouped into LUT with out node layer10_out_1_0)   --->   "%xor_ln46_93 = xor i1 %empty_107, i1 1" [firmware/nnet_utils/nnet_activation.h:46->firmware/myproject.cpp:60]   --->   Operation 74 'xor' 'xor_ln46_93' <Predicate = (icmp_ln45_93)> <Delay = 0.00> <CoreInst = "LogicGate">   --->   Core 74 'LogicGate' <Latency = 0> <II = 1> <Delay = 0.12> <FuncUnit> <Opcode : 'and' 'or' 'xor'> <InPorts = 2> <OutPorts = 1>
ST_1 : Operation 75 [1/1] (0.00ns) (grouped into LUT with out node layer10_out_1_0)   --->   "%or_ln46_285 = or i1 %tmp_572, i1 %xor_ln46_93" [firmware/nnet_utils/nnet_activation.h:46->firmware/myproject.cpp:60]   --->   Operation 75 'or' 'or_ln46_285' <Predicate = (icmp_ln45_93)> <Delay = 0.00> <CoreInst = "LogicGate">   --->   Core 74 'LogicGate' <Latency = 0> <II = 1> <Delay = 0.12> <FuncUnit> <Opcode : 'and' 'or' 'xor'> <InPorts = 2> <OutPorts = 1>
ST_1 : Operation 76 [1/1] (0.00ns) (grouped into LUT with out node select_ln46_284)   --->   "%select_ln46_283 = select i1 %tmp_572, i6 0, i6 %add_ln46_93" [firmware/nnet_utils/nnet_activation.h:46->firmware/myproject.cpp:60]   --->   Operation 76 'select' 'select_ln46_283' <Predicate = (or_ln46_284 & or_ln46_285 & icmp_ln45_93)> <Delay = 0.00> <CoreInst = "Sel">   --->   Core 73 'Sel' <Latency = 0> <II = 1> <Delay = 0.29> <FuncUnit> <Opcode : 'select'> <InPorts = 3> <OutPorts = 1>
ST_1 : Operation 77 [1/1] (0.29ns) (out node of the LUT)   --->   "%select_ln46_284 = select i1 %or_ln46_284, i6 %select_ln46_283, i6 63" [firmware/nnet_utils/nnet_activation.h:46->firmware/myproject.cpp:60]   --->   Operation 77 'select' 'select_ln46_284' <Predicate = (or_ln46_285 & icmp_ln45_93)> <Delay = 0.29> <CoreInst = "Sel">   --->   Core 73 'Sel' <Latency = 0> <II = 1> <Delay = 0.29> <FuncUnit> <Opcode : 'select'> <InPorts = 3> <OutPorts = 1>
ST_1 : Operation 78 [1/1] (0.00ns) (grouped into LUT with out node layer10_out_1_0)   --->   "%select_ln46_285 = select i1 %or_ln46_285, i6 %select_ln46_284, i6 %add_ln46_93" [firmware/nnet_utils/nnet_activation.h:46->firmware/myproject.cpp:60]   --->   Operation 78 'select' 'select_ln46_285' <Predicate = (icmp_ln45_93)> <Delay = 0.00> <CoreInst = "Sel">   --->   Core 73 'Sel' <Latency = 0> <II = 1> <Delay = 0.29> <FuncUnit> <Opcode : 'select'> <InPorts = 3> <OutPorts = 1>
ST_1 : Operation 79 [1/1] (0.29ns) (out node of the LUT)   --->   "%layer10_out_1_0 = select i1 %icmp_ln45_93, i6 %select_ln46_285, i6 0" [firmware/nnet_utils/nnet_activation.h:45->firmware/myproject.cpp:60]   --->   Operation 79 'select' 'layer10_out_1_0' <Predicate = true> <Delay = 0.29> <CoreInst = "Sel">   --->   Core 73 'Sel' <Latency = 0> <II = 1> <Delay = 0.29> <FuncUnit> <Opcode : 'select'> <InPorts = 3> <OutPorts = 1>
ST_1 : Operation 80 [1/1] (0.79ns)   --->   "%icmp_ln45_94 = icmp_sgt  i18 %layer8_out_3_val_read, i18 0" [firmware/nnet_utils/nnet_activation.h:45->firmware/myproject.cpp:60]   --->   Operation 80 'icmp' 'icmp_ln45_94' <Predicate = true> <Delay = 0.79> <CoreInst = "Cmp">   --->   Core 9 'Cmp' <Latency = 0> <II = 1> <Delay = 0.79> <FuncUnit> <Opcode : 'seteq' 'setne' 'setle' 'setge' 'setlt' 'setgt'> <InPorts = 2> <OutPorts = 1>
ST_1 : Operation 81 [1/1] (0.00ns)   --->   "%tmp_577 = bitselect i1 @_ssdm_op_BitSelect.i1.i18.i32, i18 %layer8_out_3_val_read, i32 17" [firmware/nnet_utils/nnet_activation.h:46->firmware/myproject.cpp:60]   --->   Operation 81 'bitselect' 'tmp_577' <Predicate = (icmp_ln45_94)> <Delay = 0.00>
ST_1 : Operation 82 [1/1] (0.00ns) (grouped into LUT with out node add_ln46_94)   --->   "%trunc_ln46_91 = partselect i6 @_ssdm_op_PartSelect.i6.i18.i32.i32, i18 %layer8_out_3_val_read, i32 5, i32 10" [firmware/nnet_utils/nnet_activation.h:46->firmware/myproject.cpp:60]   --->   Operation 82 'partselect' 'trunc_ln46_91' <Predicate = (icmp_ln45_94)> <Delay = 0.00>
ST_1 : Operation 83 [1/1] (0.00ns) (grouped into LUT with out node add_ln46_94)   --->   "%tmp_578 = bitselect i1 @_ssdm_op_BitSelect.i1.i18.i32, i18 %layer8_out_3_val_read, i32 4" [firmware/nnet_utils/nnet_activation.h:46->firmware/myproject.cpp:60]   --->   Operation 83 'bitselect' 'tmp_578' <Predicate = (icmp_ln45_94)> <Delay = 0.00>
ST_1 : Operation 84 [1/1] (0.00ns)   --->   "%trunc_ln46_155 = trunc i18 %layer8_out_3_val_read" [firmware/nnet_utils/nnet_activation.h:46->firmware/myproject.cpp:60]   --->   Operation 84 'trunc' 'trunc_ln46_155' <Predicate = (icmp_ln45_94)> <Delay = 0.00>
ST_1 : Operation 85 [1/1] (0.70ns)   --->   "%icmp_ln46_190 = icmp_ne  i4 %trunc_ln46_155, i4 0" [firmware/nnet_utils/nnet_activation.h:46->firmware/myproject.cpp:60]   --->   Operation 85 'icmp' 'icmp_ln46_190' <Predicate = (icmp_ln45_94)> <Delay = 0.70> <CoreInst = "Cmp">   --->   Core 9 'Cmp' <Latency = 0> <II = 1> <Delay = 0.70> <FuncUnit> <Opcode : 'seteq' 'setne' 'setle' 'setge' 'setlt' 'setgt'> <InPorts = 2> <OutPorts = 1>
ST_1 : Operation 86 [1/1] (0.00ns) (grouped into LUT with out node empty_108)   --->   "%tmp_579 = bitselect i1 @_ssdm_op_BitSelect.i1.i18.i32, i18 %layer8_out_3_val_read, i32 10" [firmware/nnet_utils/nnet_activation.h:46->firmware/myproject.cpp:60]   --->   Operation 86 'bitselect' 'tmp_579' <Predicate = (icmp_ln45_94)> <Delay = 0.00>
ST_1 : Operation 87 [1/1] (0.00ns) (grouped into LUT with out node add_ln46_94)   --->   "%tmp_580 = bitselect i1 @_ssdm_op_BitSelect.i1.i18.i32, i18 %layer8_out_3_val_read, i32 5" [firmware/nnet_utils/nnet_activation.h:46->firmware/myproject.cpp:60]   --->   Operation 87 'bitselect' 'tmp_580' <Predicate = (icmp_ln45_94)> <Delay = 0.00>
ST_1 : Operation 88 [1/1] (0.00ns) (grouped into LUT with out node add_ln46_94)   --->   "%or_ln46_286 = or i1 %tmp_580, i1 %icmp_ln46_190" [firmware/nnet_utils/nnet_activation.h:46->firmware/myproject.cpp:60]   --->   Operation 88 'or' 'or_ln46_286' <Predicate = (icmp_ln45_94)> <Delay = 0.00> <CoreInst = "LogicGate">   --->   Core 74 'LogicGate' <Latency = 0> <II = 1> <Delay = 0.12> <FuncUnit> <Opcode : 'and' 'or' 'xor'> <InPorts = 2> <OutPorts = 1>
ST_1 : Operation 89 [1/1] (0.00ns) (grouped into LUT with out node add_ln46_94)   --->   "%and_ln46_185 = and i1 %or_ln46_286, i1 %tmp_578" [firmware/nnet_utils/nnet_activation.h:46->firmware/myproject.cpp:60]   --->   Operation 89 'and' 'and_ln46_185' <Predicate = (icmp_ln45_94)> <Delay = 0.00> <CoreInst = "LogicGate">   --->   Core 74 'LogicGate' <Latency = 0> <II = 1> <Delay = 0.12> <FuncUnit> <Opcode : 'and' 'or' 'xor'> <InPorts = 2> <OutPorts = 1>
ST_1 : Operation 90 [1/1] (0.00ns) (grouped into LUT with out node add_ln46_94)   --->   "%zext_ln46_94 = zext i1 %and_ln46_185" [firmware/nnet_utils/nnet_activation.h:46->firmware/myproject.cpp:60]   --->   Operation 90 'zext' 'zext_ln46_94' <Predicate = (icmp_ln45_94)> <Delay = 0.00>
ST_1 : Operation 91 [1/1] (0.70ns) (out node of the LUT)   --->   "%add_ln46_94 = add i6 %trunc_ln46_91, i6 %zext_ln46_94" [firmware/nnet_utils/nnet_activation.h:46->firmware/myproject.cpp:60]   --->   Operation 91 'add' 'add_ln46_94' <Predicate = (icmp_ln45_94)> <Delay = 0.70> <CoreInst = "Adder">   --->   Core 1 'Adder' <Latency = 0> <II = 1> <Delay = 0.70> <FuncUnit> <Opcode : 'add' 'sub'> <InPorts = 2> <OutPorts = 1>
ST_1 : Operation 92 [1/1] (0.00ns)   --->   "%tmp_581 = partselect i7 @_ssdm_op_PartSelect.i7.i18.i32, i18 %layer8_out_3_val_read, i32 11" [firmware/nnet_utils/nnet_activation.h:46->firmware/myproject.cpp:60]   --->   Operation 92 'partselect' 'tmp_581' <Predicate = (icmp_ln45_94)> <Delay = 0.00>
ST_1 : Operation 93 [1/1] (0.70ns)   --->   "%icmp_ln46_191 = icmp_eq  i7 %tmp_581, i7 0" [firmware/nnet_utils/nnet_activation.h:46->firmware/myproject.cpp:60]   --->   Operation 93 'icmp' 'icmp_ln46_191' <Predicate = (icmp_ln45_94)> <Delay = 0.70> <CoreInst = "Cmp">   --->   Core 9 'Cmp' <Latency = 0> <II = 1> <Delay = 0.70> <FuncUnit> <Opcode : 'seteq' 'setne' 'setle' 'setge' 'setlt' 'setgt'> <InPorts = 2> <OutPorts = 1>
ST_1 : Operation 94 [1/1] (0.00ns) (grouped into LUT with out node empty_108)   --->   "%tmp_582 = bitselect i1 @_ssdm_op_BitSelect.i1.i6.i32, i6 %add_ln46_94, i32 5" [firmware/nnet_utils/nnet_activation.h:46->firmware/myproject.cpp:60]   --->   Operation 94 'bitselect' 'tmp_582' <Predicate = (icmp_ln45_94)> <Delay = 0.00>
ST_1 : Operation 95 [1/1] (0.00ns) (grouped into LUT with out node empty_108)   --->   "%not_tmp_670 = xor i1 %tmp_579, i1 1" [firmware/nnet_utils/nnet_activation.h:46->firmware/myproject.cpp:60]   --->   Operation 95 'xor' 'not_tmp_670' <Predicate = (icmp_ln45_94)> <Delay = 0.00> <CoreInst = "LogicGate">   --->   Core 74 'LogicGate' <Latency = 0> <II = 1> <Delay = 0.12> <FuncUnit> <Opcode : 'and' 'or' 'xor'> <InPorts = 2> <OutPorts = 1>
ST_1 : Operation 96 [1/1] (0.00ns) (grouped into LUT with out node empty_108)   --->   "%and_ln46_191 = or i1 %tmp_582, i1 %not_tmp_670" [firmware/nnet_utils/nnet_activation.h:46->firmware/myproject.cpp:60]   --->   Operation 96 'or' 'and_ln46_191' <Predicate = (icmp_ln45_94)> <Delay = 0.00> <CoreInst = "LogicGate">   --->   Core 74 'LogicGate' <Latency = 0> <II = 1> <Delay = 0.12> <FuncUnit> <Opcode : 'and' 'or' 'xor'> <InPorts = 2> <OutPorts = 1>
ST_1 : Operation 97 [1/1] (0.12ns) (out node of the LUT)   --->   "%empty_108 = and i1 %icmp_ln46_191, i1 %and_ln46_191" [firmware/nnet_utils/nnet_activation.h:46->firmware/myproject.cpp:60]   --->   Operation 97 'and' 'empty_108' <Predicate = (icmp_ln45_94)> <Delay = 0.12> <CoreInst = "LogicGate">   --->   Core 74 'LogicGate' <Latency = 0> <II = 1> <Delay = 0.12> <FuncUnit> <Opcode : 'and' 'or' 'xor'> <InPorts = 2> <OutPorts = 1>
ST_1 : Operation 98 [1/1] (0.00ns) (grouped into LUT with out node select_ln46_287)   --->   "%or_ln46_287 = or i1 %empty_108, i1 %tmp_577" [firmware/nnet_utils/nnet_activation.h:46->firmware/myproject.cpp:60]   --->   Operation 98 'or' 'or_ln46_287' <Predicate = (or_ln46_288 & icmp_ln45_94)> <Delay = 0.00> <CoreInst = "LogicGate">   --->   Core 74 'LogicGate' <Latency = 0> <II = 1> <Delay = 0.12> <FuncUnit> <Opcode : 'and' 'or' 'xor'> <InPorts = 2> <OutPorts = 1>
ST_1 : Operation 99 [1/1] (0.00ns) (grouped into LUT with out node layer10_out_3_0)   --->   "%xor_ln46_94 = xor i1 %empty_108, i1 1" [firmware/nnet_utils/nnet_activation.h:46->firmware/myproject.cpp:60]   --->   Operation 99 'xor' 'xor_ln46_94' <Predicate = (icmp_ln45_94)> <Delay = 0.00> <CoreInst = "LogicGate">   --->   Core 74 'LogicGate' <Latency = 0> <II = 1> <Delay = 0.12> <FuncUnit> <Opcode : 'and' 'or' 'xor'> <InPorts = 2> <OutPorts = 1>
ST_1 : Operation 100 [1/1] (0.00ns) (grouped into LUT with out node layer10_out_3_0)   --->   "%or_ln46_288 = or i1 %tmp_577, i1 %xor_ln46_94" [firmware/nnet_utils/nnet_activation.h:46->firmware/myproject.cpp:60]   --->   Operation 100 'or' 'or_ln46_288' <Predicate = (icmp_ln45_94)> <Delay = 0.00> <CoreInst = "LogicGate">   --->   Core 74 'LogicGate' <Latency = 0> <II = 1> <Delay = 0.12> <FuncUnit> <Opcode : 'and' 'or' 'xor'> <InPorts = 2> <OutPorts = 1>
ST_1 : Operation 101 [1/1] (0.00ns) (grouped into LUT with out node select_ln46_287)   --->   "%select_ln46_286 = select i1 %tmp_577, i6 0, i6 %add_ln46_94" [firmware/nnet_utils/nnet_activation.h:46->firmware/myproject.cpp:60]   --->   Operation 101 'select' 'select_ln46_286' <Predicate = (or_ln46_287 & or_ln46_288 & icmp_ln45_94)> <Delay = 0.00> <CoreInst = "Sel">   --->   Core 73 'Sel' <Latency = 0> <II = 1> <Delay = 0.29> <FuncUnit> <Opcode : 'select'> <InPorts = 3> <OutPorts = 1>
ST_1 : Operation 102 [1/1] (0.29ns) (out node of the LUT)   --->   "%select_ln46_287 = select i1 %or_ln46_287, i6 %select_ln46_286, i6 63" [firmware/nnet_utils/nnet_activation.h:46->firmware/myproject.cpp:60]   --->   Operation 102 'select' 'select_ln46_287' <Predicate = (or_ln46_288 & icmp_ln45_94)> <Delay = 0.29> <CoreInst = "Sel">   --->   Core 73 'Sel' <Latency = 0> <II = 1> <Delay = 0.29> <FuncUnit> <Opcode : 'select'> <InPorts = 3> <OutPorts = 1>
ST_1 : Operation 103 [1/1] (0.00ns) (grouped into LUT with out node layer10_out_3_0)   --->   "%select_ln46_288 = select i1 %or_ln46_288, i6 %select_ln46_287, i6 %add_ln46_94" [firmware/nnet_utils/nnet_activation.h:46->firmware/myproject.cpp:60]   --->   Operation 103 'select' 'select_ln46_288' <Predicate = (icmp_ln45_94)> <Delay = 0.00> <CoreInst = "Sel">   --->   Core 73 'Sel' <Latency = 0> <II = 1> <Delay = 0.29> <FuncUnit> <Opcode : 'select'> <InPorts = 3> <OutPorts = 1>
ST_1 : Operation 104 [1/1] (0.29ns) (out node of the LUT)   --->   "%layer10_out_3_0 = select i1 %icmp_ln45_94, i6 %select_ln46_288, i6 0" [firmware/nnet_utils/nnet_activation.h:45->firmware/myproject.cpp:60]   --->   Operation 104 'select' 'layer10_out_3_0' <Predicate = true> <Delay = 0.29> <CoreInst = "Sel">   --->   Core 73 'Sel' <Latency = 0> <II = 1> <Delay = 0.29> <FuncUnit> <Opcode : 'select'> <InPorts = 3> <OutPorts = 1>
ST_1 : Operation 105 [1/1] (0.79ns)   --->   "%icmp_ln45_95 = icmp_sgt  i18 %layer8_out_4_val_read, i18 0" [firmware/nnet_utils/nnet_activation.h:45->firmware/myproject.cpp:60]   --->   Operation 105 'icmp' 'icmp_ln45_95' <Predicate = true> <Delay = 0.79> <CoreInst = "Cmp">   --->   Core 9 'Cmp' <Latency = 0> <II = 1> <Delay = 0.79> <FuncUnit> <Opcode : 'seteq' 'setne' 'setle' 'setge' 'setlt' 'setgt'> <InPorts = 2> <OutPorts = 1>
ST_1 : Operation 106 [1/1] (0.00ns)   --->   "%tmp_583 = bitselect i1 @_ssdm_op_BitSelect.i1.i18.i32, i18 %layer8_out_4_val_read, i32 17" [firmware/nnet_utils/nnet_activation.h:46->firmware/myproject.cpp:60]   --->   Operation 106 'bitselect' 'tmp_583' <Predicate = (icmp_ln45_95)> <Delay = 0.00>
ST_1 : Operation 107 [1/1] (0.00ns) (grouped into LUT with out node add_ln46_95)   --->   "%trunc_ln46_92 = partselect i6 @_ssdm_op_PartSelect.i6.i18.i32.i32, i18 %layer8_out_4_val_read, i32 5, i32 10" [firmware/nnet_utils/nnet_activation.h:46->firmware/myproject.cpp:60]   --->   Operation 107 'partselect' 'trunc_ln46_92' <Predicate = (icmp_ln45_95)> <Delay = 0.00>
ST_1 : Operation 108 [1/1] (0.00ns) (grouped into LUT with out node add_ln46_95)   --->   "%tmp_584 = bitselect i1 @_ssdm_op_BitSelect.i1.i18.i32, i18 %layer8_out_4_val_read, i32 4" [firmware/nnet_utils/nnet_activation.h:46->firmware/myproject.cpp:60]   --->   Operation 108 'bitselect' 'tmp_584' <Predicate = (icmp_ln45_95)> <Delay = 0.00>
ST_1 : Operation 109 [1/1] (0.00ns)   --->   "%trunc_ln46_156 = trunc i18 %layer8_out_4_val_read" [firmware/nnet_utils/nnet_activation.h:46->firmware/myproject.cpp:60]   --->   Operation 109 'trunc' 'trunc_ln46_156' <Predicate = (icmp_ln45_95)> <Delay = 0.00>
ST_1 : Operation 110 [1/1] (0.70ns)   --->   "%icmp_ln46_192 = icmp_ne  i4 %trunc_ln46_156, i4 0" [firmware/nnet_utils/nnet_activation.h:46->firmware/myproject.cpp:60]   --->   Operation 110 'icmp' 'icmp_ln46_192' <Predicate = (icmp_ln45_95)> <Delay = 0.70> <CoreInst = "Cmp">   --->   Core 9 'Cmp' <Latency = 0> <II = 1> <Delay = 0.70> <FuncUnit> <Opcode : 'seteq' 'setne' 'setle' 'setge' 'setlt' 'setgt'> <InPorts = 2> <OutPorts = 1>
ST_1 : Operation 111 [1/1] (0.00ns) (grouped into LUT with out node empty_109)   --->   "%tmp_585 = bitselect i1 @_ssdm_op_BitSelect.i1.i18.i32, i18 %layer8_out_4_val_read, i32 10" [firmware/nnet_utils/nnet_activation.h:46->firmware/myproject.cpp:60]   --->   Operation 111 'bitselect' 'tmp_585' <Predicate = (icmp_ln45_95)> <Delay = 0.00>
ST_1 : Operation 112 [1/1] (0.00ns) (grouped into LUT with out node add_ln46_95)   --->   "%tmp_586 = bitselect i1 @_ssdm_op_BitSelect.i1.i18.i32, i18 %layer8_out_4_val_read, i32 5" [firmware/nnet_utils/nnet_activation.h:46->firmware/myproject.cpp:60]   --->   Operation 112 'bitselect' 'tmp_586' <Predicate = (icmp_ln45_95)> <Delay = 0.00>
ST_1 : Operation 113 [1/1] (0.00ns) (grouped into LUT with out node add_ln46_95)   --->   "%or_ln46_289 = or i1 %tmp_586, i1 %icmp_ln46_192" [firmware/nnet_utils/nnet_activation.h:46->firmware/myproject.cpp:60]   --->   Operation 113 'or' 'or_ln46_289' <Predicate = (icmp_ln45_95)> <Delay = 0.00> <CoreInst = "LogicGate">   --->   Core 74 'LogicGate' <Latency = 0> <II = 1> <Delay = 0.12> <FuncUnit> <Opcode : 'and' 'or' 'xor'> <InPorts = 2> <OutPorts = 1>
ST_1 : Operation 114 [1/1] (0.00ns) (grouped into LUT with out node add_ln46_95)   --->   "%and_ln46_186 = and i1 %or_ln46_289, i1 %tmp_584" [firmware/nnet_utils/nnet_activation.h:46->firmware/myproject.cpp:60]   --->   Operation 114 'and' 'and_ln46_186' <Predicate = (icmp_ln45_95)> <Delay = 0.00> <CoreInst = "LogicGate">   --->   Core 74 'LogicGate' <Latency = 0> <II = 1> <Delay = 0.12> <FuncUnit> <Opcode : 'and' 'or' 'xor'> <InPorts = 2> <OutPorts = 1>
ST_1 : Operation 115 [1/1] (0.00ns) (grouped into LUT with out node add_ln46_95)   --->   "%zext_ln46_95 = zext i1 %and_ln46_186" [firmware/nnet_utils/nnet_activation.h:46->firmware/myproject.cpp:60]   --->   Operation 115 'zext' 'zext_ln46_95' <Predicate = (icmp_ln45_95)> <Delay = 0.00>
ST_1 : Operation 116 [1/1] (0.70ns) (out node of the LUT)   --->   "%add_ln46_95 = add i6 %trunc_ln46_92, i6 %zext_ln46_95" [firmware/nnet_utils/nnet_activation.h:46->firmware/myproject.cpp:60]   --->   Operation 116 'add' 'add_ln46_95' <Predicate = (icmp_ln45_95)> <Delay = 0.70> <CoreInst = "Adder">   --->   Core 1 'Adder' <Latency = 0> <II = 1> <Delay = 0.70> <FuncUnit> <Opcode : 'add' 'sub'> <InPorts = 2> <OutPorts = 1>
ST_1 : Operation 117 [1/1] (0.00ns)   --->   "%tmp_587 = partselect i7 @_ssdm_op_PartSelect.i7.i18.i32, i18 %layer8_out_4_val_read, i32 11" [firmware/nnet_utils/nnet_activation.h:46->firmware/myproject.cpp:60]   --->   Operation 117 'partselect' 'tmp_587' <Predicate = (icmp_ln45_95)> <Delay = 0.00>
ST_1 : Operation 118 [1/1] (0.70ns)   --->   "%icmp_ln46_193 = icmp_eq  i7 %tmp_587, i7 0" [firmware/nnet_utils/nnet_activation.h:46->firmware/myproject.cpp:60]   --->   Operation 118 'icmp' 'icmp_ln46_193' <Predicate = (icmp_ln45_95)> <Delay = 0.70> <CoreInst = "Cmp">   --->   Core 9 'Cmp' <Latency = 0> <II = 1> <Delay = 0.70> <FuncUnit> <Opcode : 'seteq' 'setne' 'setle' 'setge' 'setlt' 'setgt'> <InPorts = 2> <OutPorts = 1>
ST_1 : Operation 119 [1/1] (0.00ns) (grouped into LUT with out node empty_109)   --->   "%tmp_588 = bitselect i1 @_ssdm_op_BitSelect.i1.i6.i32, i6 %add_ln46_95, i32 5" [firmware/nnet_utils/nnet_activation.h:46->firmware/myproject.cpp:60]   --->   Operation 119 'bitselect' 'tmp_588' <Predicate = (icmp_ln45_95)> <Delay = 0.00>
ST_1 : Operation 120 [1/1] (0.00ns) (grouped into LUT with out node empty_109)   --->   "%not_tmp_677 = xor i1 %tmp_585, i1 1" [firmware/nnet_utils/nnet_activation.h:46->firmware/myproject.cpp:60]   --->   Operation 120 'xor' 'not_tmp_677' <Predicate = (icmp_ln45_95)> <Delay = 0.00> <CoreInst = "LogicGate">   --->   Core 74 'LogicGate' <Latency = 0> <II = 1> <Delay = 0.12> <FuncUnit> <Opcode : 'and' 'or' 'xor'> <InPorts = 2> <OutPorts = 1>
ST_1 : Operation 121 [1/1] (0.00ns) (grouped into LUT with out node empty_109)   --->   "%and_ln46_193 = or i1 %tmp_588, i1 %not_tmp_677" [firmware/nnet_utils/nnet_activation.h:46->firmware/myproject.cpp:60]   --->   Operation 121 'or' 'and_ln46_193' <Predicate = (icmp_ln45_95)> <Delay = 0.00> <CoreInst = "LogicGate">   --->   Core 74 'LogicGate' <Latency = 0> <II = 1> <Delay = 0.12> <FuncUnit> <Opcode : 'and' 'or' 'xor'> <InPorts = 2> <OutPorts = 1>
ST_1 : Operation 122 [1/1] (0.12ns) (out node of the LUT)   --->   "%empty_109 = and i1 %icmp_ln46_193, i1 %and_ln46_193" [firmware/nnet_utils/nnet_activation.h:46->firmware/myproject.cpp:60]   --->   Operation 122 'and' 'empty_109' <Predicate = (icmp_ln45_95)> <Delay = 0.12> <CoreInst = "LogicGate">   --->   Core 74 'LogicGate' <Latency = 0> <II = 1> <Delay = 0.12> <FuncUnit> <Opcode : 'and' 'or' 'xor'> <InPorts = 2> <OutPorts = 1>
ST_1 : Operation 123 [1/1] (0.00ns) (grouped into LUT with out node select_ln46_290)   --->   "%or_ln46_290 = or i1 %empty_109, i1 %tmp_583" [firmware/nnet_utils/nnet_activation.h:46->firmware/myproject.cpp:60]   --->   Operation 123 'or' 'or_ln46_290' <Predicate = (or_ln46_291 & icmp_ln45_95)> <Delay = 0.00> <CoreInst = "LogicGate">   --->   Core 74 'LogicGate' <Latency = 0> <II = 1> <Delay = 0.12> <FuncUnit> <Opcode : 'and' 'or' 'xor'> <InPorts = 2> <OutPorts = 1>
ST_1 : Operation 124 [1/1] (0.00ns) (grouped into LUT with out node layer10_out_4_0)   --->   "%xor_ln46_95 = xor i1 %empty_109, i1 1" [firmware/nnet_utils/nnet_activation.h:46->firmware/myproject.cpp:60]   --->   Operation 124 'xor' 'xor_ln46_95' <Predicate = (icmp_ln45_95)> <Delay = 0.00> <CoreInst = "LogicGate">   --->   Core 74 'LogicGate' <Latency = 0> <II = 1> <Delay = 0.12> <FuncUnit> <Opcode : 'and' 'or' 'xor'> <InPorts = 2> <OutPorts = 1>
ST_1 : Operation 125 [1/1] (0.00ns) (grouped into LUT with out node layer10_out_4_0)   --->   "%or_ln46_291 = or i1 %tmp_583, i1 %xor_ln46_95" [firmware/nnet_utils/nnet_activation.h:46->firmware/myproject.cpp:60]   --->   Operation 125 'or' 'or_ln46_291' <Predicate = (icmp_ln45_95)> <Delay = 0.00> <CoreInst = "LogicGate">   --->   Core 74 'LogicGate' <Latency = 0> <II = 1> <Delay = 0.12> <FuncUnit> <Opcode : 'and' 'or' 'xor'> <InPorts = 2> <OutPorts = 1>
ST_1 : Operation 126 [1/1] (0.00ns) (grouped into LUT with out node select_ln46_290)   --->   "%select_ln46_289 = select i1 %tmp_583, i6 0, i6 %add_ln46_95" [firmware/nnet_utils/nnet_activation.h:46->firmware/myproject.cpp:60]   --->   Operation 126 'select' 'select_ln46_289' <Predicate = (or_ln46_290 & or_ln46_291 & icmp_ln45_95)> <Delay = 0.00> <CoreInst = "Sel">   --->   Core 73 'Sel' <Latency = 0> <II = 1> <Delay = 0.29> <FuncUnit> <Opcode : 'select'> <InPorts = 3> <OutPorts = 1>
ST_1 : Operation 127 [1/1] (0.29ns) (out node of the LUT)   --->   "%select_ln46_290 = select i1 %or_ln46_290, i6 %select_ln46_289, i6 63" [firmware/nnet_utils/nnet_activation.h:46->firmware/myproject.cpp:60]   --->   Operation 127 'select' 'select_ln46_290' <Predicate = (or_ln46_291 & icmp_ln45_95)> <Delay = 0.29> <CoreInst = "Sel">   --->   Core 73 'Sel' <Latency = 0> <II = 1> <Delay = 0.29> <FuncUnit> <Opcode : 'select'> <InPorts = 3> <OutPorts = 1>
ST_1 : Operation 128 [1/1] (0.00ns) (grouped into LUT with out node layer10_out_4_0)   --->   "%select_ln46_291 = select i1 %or_ln46_291, i6 %select_ln46_290, i6 %add_ln46_95" [firmware/nnet_utils/nnet_activation.h:46->firmware/myproject.cpp:60]   --->   Operation 128 'select' 'select_ln46_291' <Predicate = (icmp_ln45_95)> <Delay = 0.00> <CoreInst = "Sel">   --->   Core 73 'Sel' <Latency = 0> <II = 1> <Delay = 0.29> <FuncUnit> <Opcode : 'select'> <InPorts = 3> <OutPorts = 1>
ST_1 : Operation 129 [1/1] (0.29ns) (out node of the LUT)   --->   "%layer10_out_4_0 = select i1 %icmp_ln45_95, i6 %select_ln46_291, i6 0" [firmware/nnet_utils/nnet_activation.h:45->firmware/myproject.cpp:60]   --->   Operation 129 'select' 'layer10_out_4_0' <Predicate = true> <Delay = 0.29> <CoreInst = "Sel">   --->   Core 73 'Sel' <Latency = 0> <II = 1> <Delay = 0.29> <FuncUnit> <Opcode : 'select'> <InPorts = 3> <OutPorts = 1>
ST_1 : Operation 130 [1/1] (0.79ns)   --->   "%icmp_ln45_96 = icmp_sgt  i18 %layer8_out_5_val_read, i18 0" [firmware/nnet_utils/nnet_activation.h:45->firmware/myproject.cpp:60]   --->   Operation 130 'icmp' 'icmp_ln45_96' <Predicate = true> <Delay = 0.79> <CoreInst = "Cmp">   --->   Core 9 'Cmp' <Latency = 0> <II = 1> <Delay = 0.79> <FuncUnit> <Opcode : 'seteq' 'setne' 'setle' 'setge' 'setlt' 'setgt'> <InPorts = 2> <OutPorts = 1>
ST_1 : Operation 131 [1/1] (0.00ns)   --->   "%tmp_589 = bitselect i1 @_ssdm_op_BitSelect.i1.i18.i32, i18 %layer8_out_5_val_read, i32 17" [firmware/nnet_utils/nnet_activation.h:46->firmware/myproject.cpp:60]   --->   Operation 131 'bitselect' 'tmp_589' <Predicate = (icmp_ln45_96)> <Delay = 0.00>
ST_1 : Operation 132 [1/1] (0.00ns) (grouped into LUT with out node add_ln46_96)   --->   "%trunc_ln46_93 = partselect i6 @_ssdm_op_PartSelect.i6.i18.i32.i32, i18 %layer8_out_5_val_read, i32 5, i32 10" [firmware/nnet_utils/nnet_activation.h:46->firmware/myproject.cpp:60]   --->   Operation 132 'partselect' 'trunc_ln46_93' <Predicate = (icmp_ln45_96)> <Delay = 0.00>
ST_1 : Operation 133 [1/1] (0.00ns) (grouped into LUT with out node add_ln46_96)   --->   "%tmp_590 = bitselect i1 @_ssdm_op_BitSelect.i1.i18.i32, i18 %layer8_out_5_val_read, i32 4" [firmware/nnet_utils/nnet_activation.h:46->firmware/myproject.cpp:60]   --->   Operation 133 'bitselect' 'tmp_590' <Predicate = (icmp_ln45_96)> <Delay = 0.00>
ST_1 : Operation 134 [1/1] (0.00ns)   --->   "%trunc_ln46_157 = trunc i18 %layer8_out_5_val_read" [firmware/nnet_utils/nnet_activation.h:46->firmware/myproject.cpp:60]   --->   Operation 134 'trunc' 'trunc_ln46_157' <Predicate = (icmp_ln45_96)> <Delay = 0.00>
ST_1 : Operation 135 [1/1] (0.70ns)   --->   "%icmp_ln46_194 = icmp_ne  i4 %trunc_ln46_157, i4 0" [firmware/nnet_utils/nnet_activation.h:46->firmware/myproject.cpp:60]   --->   Operation 135 'icmp' 'icmp_ln46_194' <Predicate = (icmp_ln45_96)> <Delay = 0.70> <CoreInst = "Cmp">   --->   Core 9 'Cmp' <Latency = 0> <II = 1> <Delay = 0.70> <FuncUnit> <Opcode : 'seteq' 'setne' 'setle' 'setge' 'setlt' 'setgt'> <InPorts = 2> <OutPorts = 1>
ST_1 : Operation 136 [1/1] (0.00ns) (grouped into LUT with out node empty_110)   --->   "%tmp_591 = bitselect i1 @_ssdm_op_BitSelect.i1.i18.i32, i18 %layer8_out_5_val_read, i32 10" [firmware/nnet_utils/nnet_activation.h:46->firmware/myproject.cpp:60]   --->   Operation 136 'bitselect' 'tmp_591' <Predicate = (icmp_ln45_96)> <Delay = 0.00>
ST_1 : Operation 137 [1/1] (0.00ns) (grouped into LUT with out node add_ln46_96)   --->   "%tmp_592 = bitselect i1 @_ssdm_op_BitSelect.i1.i18.i32, i18 %layer8_out_5_val_read, i32 5" [firmware/nnet_utils/nnet_activation.h:46->firmware/myproject.cpp:60]   --->   Operation 137 'bitselect' 'tmp_592' <Predicate = (icmp_ln45_96)> <Delay = 0.00>
ST_1 : Operation 138 [1/1] (0.00ns) (grouped into LUT with out node add_ln46_96)   --->   "%or_ln46_292 = or i1 %tmp_592, i1 %icmp_ln46_194" [firmware/nnet_utils/nnet_activation.h:46->firmware/myproject.cpp:60]   --->   Operation 138 'or' 'or_ln46_292' <Predicate = (icmp_ln45_96)> <Delay = 0.00> <CoreInst = "LogicGate">   --->   Core 74 'LogicGate' <Latency = 0> <II = 1> <Delay = 0.12> <FuncUnit> <Opcode : 'and' 'or' 'xor'> <InPorts = 2> <OutPorts = 1>
ST_1 : Operation 139 [1/1] (0.00ns) (grouped into LUT with out node add_ln46_96)   --->   "%and_ln46_188 = and i1 %or_ln46_292, i1 %tmp_590" [firmware/nnet_utils/nnet_activation.h:46->firmware/myproject.cpp:60]   --->   Operation 139 'and' 'and_ln46_188' <Predicate = (icmp_ln45_96)> <Delay = 0.00> <CoreInst = "LogicGate">   --->   Core 74 'LogicGate' <Latency = 0> <II = 1> <Delay = 0.12> <FuncUnit> <Opcode : 'and' 'or' 'xor'> <InPorts = 2> <OutPorts = 1>
ST_1 : Operation 140 [1/1] (0.00ns) (grouped into LUT with out node add_ln46_96)   --->   "%zext_ln46_96 = zext i1 %and_ln46_188" [firmware/nnet_utils/nnet_activation.h:46->firmware/myproject.cpp:60]   --->   Operation 140 'zext' 'zext_ln46_96' <Predicate = (icmp_ln45_96)> <Delay = 0.00>
ST_1 : Operation 141 [1/1] (0.70ns) (out node of the LUT)   --->   "%add_ln46_96 = add i6 %trunc_ln46_93, i6 %zext_ln46_96" [firmware/nnet_utils/nnet_activation.h:46->firmware/myproject.cpp:60]   --->   Operation 141 'add' 'add_ln46_96' <Predicate = (icmp_ln45_96)> <Delay = 0.70> <CoreInst = "Adder">   --->   Core 1 'Adder' <Latency = 0> <II = 1> <Delay = 0.70> <FuncUnit> <Opcode : 'add' 'sub'> <InPorts = 2> <OutPorts = 1>
ST_1 : Operation 142 [1/1] (0.00ns)   --->   "%tmp_593 = partselect i7 @_ssdm_op_PartSelect.i7.i18.i32, i18 %layer8_out_5_val_read, i32 11" [firmware/nnet_utils/nnet_activation.h:46->firmware/myproject.cpp:60]   --->   Operation 142 'partselect' 'tmp_593' <Predicate = (icmp_ln45_96)> <Delay = 0.00>
ST_1 : Operation 143 [1/1] (0.70ns)   --->   "%icmp_ln46_195 = icmp_eq  i7 %tmp_593, i7 0" [firmware/nnet_utils/nnet_activation.h:46->firmware/myproject.cpp:60]   --->   Operation 143 'icmp' 'icmp_ln46_195' <Predicate = (icmp_ln45_96)> <Delay = 0.70> <CoreInst = "Cmp">   --->   Core 9 'Cmp' <Latency = 0> <II = 1> <Delay = 0.70> <FuncUnit> <Opcode : 'seteq' 'setne' 'setle' 'setge' 'setlt' 'setgt'> <InPorts = 2> <OutPorts = 1>
ST_1 : Operation 144 [1/1] (0.00ns) (grouped into LUT with out node empty_110)   --->   "%tmp_594 = bitselect i1 @_ssdm_op_BitSelect.i1.i6.i32, i6 %add_ln46_96, i32 5" [firmware/nnet_utils/nnet_activation.h:46->firmware/myproject.cpp:60]   --->   Operation 144 'bitselect' 'tmp_594' <Predicate = (icmp_ln45_96)> <Delay = 0.00>
ST_1 : Operation 145 [1/1] (0.00ns) (grouped into LUT with out node empty_110)   --->   "%not_tmp_684 = xor i1 %tmp_591, i1 1" [firmware/nnet_utils/nnet_activation.h:46->firmware/myproject.cpp:60]   --->   Operation 145 'xor' 'not_tmp_684' <Predicate = (icmp_ln45_96)> <Delay = 0.00> <CoreInst = "LogicGate">   --->   Core 74 'LogicGate' <Latency = 0> <II = 1> <Delay = 0.12> <FuncUnit> <Opcode : 'and' 'or' 'xor'> <InPorts = 2> <OutPorts = 1>
ST_1 : Operation 146 [1/1] (0.00ns) (grouped into LUT with out node empty_110)   --->   "%and_ln46_195 = or i1 %tmp_594, i1 %not_tmp_684" [firmware/nnet_utils/nnet_activation.h:46->firmware/myproject.cpp:60]   --->   Operation 146 'or' 'and_ln46_195' <Predicate = (icmp_ln45_96)> <Delay = 0.00> <CoreInst = "LogicGate">   --->   Core 74 'LogicGate' <Latency = 0> <II = 1> <Delay = 0.12> <FuncUnit> <Opcode : 'and' 'or' 'xor'> <InPorts = 2> <OutPorts = 1>
ST_1 : Operation 147 [1/1] (0.12ns) (out node of the LUT)   --->   "%empty_110 = and i1 %icmp_ln46_195, i1 %and_ln46_195" [firmware/nnet_utils/nnet_activation.h:46->firmware/myproject.cpp:60]   --->   Operation 147 'and' 'empty_110' <Predicate = (icmp_ln45_96)> <Delay = 0.12> <CoreInst = "LogicGate">   --->   Core 74 'LogicGate' <Latency = 0> <II = 1> <Delay = 0.12> <FuncUnit> <Opcode : 'and' 'or' 'xor'> <InPorts = 2> <OutPorts = 1>
ST_1 : Operation 148 [1/1] (0.00ns) (grouped into LUT with out node select_ln46_293)   --->   "%or_ln46_293 = or i1 %empty_110, i1 %tmp_589" [firmware/nnet_utils/nnet_activation.h:46->firmware/myproject.cpp:60]   --->   Operation 148 'or' 'or_ln46_293' <Predicate = (or_ln46_294 & icmp_ln45_96)> <Delay = 0.00> <CoreInst = "LogicGate">   --->   Core 74 'LogicGate' <Latency = 0> <II = 1> <Delay = 0.12> <FuncUnit> <Opcode : 'and' 'or' 'xor'> <InPorts = 2> <OutPorts = 1>
ST_1 : Operation 149 [1/1] (0.00ns) (grouped into LUT with out node layer10_out_5_0)   --->   "%xor_ln46_96 = xor i1 %empty_110, i1 1" [firmware/nnet_utils/nnet_activation.h:46->firmware/myproject.cpp:60]   --->   Operation 149 'xor' 'xor_ln46_96' <Predicate = (icmp_ln45_96)> <Delay = 0.00> <CoreInst = "LogicGate">   --->   Core 74 'LogicGate' <Latency = 0> <II = 1> <Delay = 0.12> <FuncUnit> <Opcode : 'and' 'or' 'xor'> <InPorts = 2> <OutPorts = 1>
ST_1 : Operation 150 [1/1] (0.00ns) (grouped into LUT with out node layer10_out_5_0)   --->   "%or_ln46_294 = or i1 %tmp_589, i1 %xor_ln46_96" [firmware/nnet_utils/nnet_activation.h:46->firmware/myproject.cpp:60]   --->   Operation 150 'or' 'or_ln46_294' <Predicate = (icmp_ln45_96)> <Delay = 0.00> <CoreInst = "LogicGate">   --->   Core 74 'LogicGate' <Latency = 0> <II = 1> <Delay = 0.12> <FuncUnit> <Opcode : 'and' 'or' 'xor'> <InPorts = 2> <OutPorts = 1>
ST_1 : Operation 151 [1/1] (0.00ns) (grouped into LUT with out node select_ln46_293)   --->   "%select_ln46_292 = select i1 %tmp_589, i6 0, i6 %add_ln46_96" [firmware/nnet_utils/nnet_activation.h:46->firmware/myproject.cpp:60]   --->   Operation 151 'select' 'select_ln46_292' <Predicate = (or_ln46_293 & or_ln46_294 & icmp_ln45_96)> <Delay = 0.00> <CoreInst = "Sel">   --->   Core 73 'Sel' <Latency = 0> <II = 1> <Delay = 0.29> <FuncUnit> <Opcode : 'select'> <InPorts = 3> <OutPorts = 1>
ST_1 : Operation 152 [1/1] (0.29ns) (out node of the LUT)   --->   "%select_ln46_293 = select i1 %or_ln46_293, i6 %select_ln46_292, i6 63" [firmware/nnet_utils/nnet_activation.h:46->firmware/myproject.cpp:60]   --->   Operation 152 'select' 'select_ln46_293' <Predicate = (or_ln46_294 & icmp_ln45_96)> <Delay = 0.29> <CoreInst = "Sel">   --->   Core 73 'Sel' <Latency = 0> <II = 1> <Delay = 0.29> <FuncUnit> <Opcode : 'select'> <InPorts = 3> <OutPorts = 1>
ST_1 : Operation 153 [1/1] (0.00ns) (grouped into LUT with out node layer10_out_5_0)   --->   "%select_ln46_294 = select i1 %or_ln46_294, i6 %select_ln46_293, i6 %add_ln46_96" [firmware/nnet_utils/nnet_activation.h:46->firmware/myproject.cpp:60]   --->   Operation 153 'select' 'select_ln46_294' <Predicate = (icmp_ln45_96)> <Delay = 0.00> <CoreInst = "Sel">   --->   Core 73 'Sel' <Latency = 0> <II = 1> <Delay = 0.29> <FuncUnit> <Opcode : 'select'> <InPorts = 3> <OutPorts = 1>
ST_1 : Operation 154 [1/1] (0.29ns) (out node of the LUT)   --->   "%layer10_out_5_0 = select i1 %icmp_ln45_96, i6 %select_ln46_294, i6 0" [firmware/nnet_utils/nnet_activation.h:45->firmware/myproject.cpp:60]   --->   Operation 154 'select' 'layer10_out_5_0' <Predicate = true> <Delay = 0.29> <CoreInst = "Sel">   --->   Core 73 'Sel' <Latency = 0> <II = 1> <Delay = 0.29> <FuncUnit> <Opcode : 'select'> <InPorts = 3> <OutPorts = 1>
ST_1 : Operation 155 [1/1] (0.79ns)   --->   "%icmp_ln45_97 = icmp_sgt  i18 %layer8_out_6_val_read, i18 0" [firmware/nnet_utils/nnet_activation.h:45->firmware/myproject.cpp:60]   --->   Operation 155 'icmp' 'icmp_ln45_97' <Predicate = true> <Delay = 0.79> <CoreInst = "Cmp">   --->   Core 9 'Cmp' <Latency = 0> <II = 1> <Delay = 0.79> <FuncUnit> <Opcode : 'seteq' 'setne' 'setle' 'setge' 'setlt' 'setgt'> <InPorts = 2> <OutPorts = 1>
ST_1 : Operation 156 [1/1] (0.00ns)   --->   "%tmp_595 = bitselect i1 @_ssdm_op_BitSelect.i1.i18.i32, i18 %layer8_out_6_val_read, i32 17" [firmware/nnet_utils/nnet_activation.h:46->firmware/myproject.cpp:60]   --->   Operation 156 'bitselect' 'tmp_595' <Predicate = (icmp_ln45_97)> <Delay = 0.00>
ST_1 : Operation 157 [1/1] (0.00ns) (grouped into LUT with out node add_ln46_97)   --->   "%trunc_ln46_94 = partselect i6 @_ssdm_op_PartSelect.i6.i18.i32.i32, i18 %layer8_out_6_val_read, i32 5, i32 10" [firmware/nnet_utils/nnet_activation.h:46->firmware/myproject.cpp:60]   --->   Operation 157 'partselect' 'trunc_ln46_94' <Predicate = (icmp_ln45_97)> <Delay = 0.00>
ST_1 : Operation 158 [1/1] (0.00ns) (grouped into LUT with out node add_ln46_97)   --->   "%tmp_596 = bitselect i1 @_ssdm_op_BitSelect.i1.i18.i32, i18 %layer8_out_6_val_read, i32 4" [firmware/nnet_utils/nnet_activation.h:46->firmware/myproject.cpp:60]   --->   Operation 158 'bitselect' 'tmp_596' <Predicate = (icmp_ln45_97)> <Delay = 0.00>
ST_1 : Operation 159 [1/1] (0.00ns)   --->   "%trunc_ln46_158 = trunc i18 %layer8_out_6_val_read" [firmware/nnet_utils/nnet_activation.h:46->firmware/myproject.cpp:60]   --->   Operation 159 'trunc' 'trunc_ln46_158' <Predicate = (icmp_ln45_97)> <Delay = 0.00>
ST_1 : Operation 160 [1/1] (0.70ns)   --->   "%icmp_ln46_196 = icmp_ne  i4 %trunc_ln46_158, i4 0" [firmware/nnet_utils/nnet_activation.h:46->firmware/myproject.cpp:60]   --->   Operation 160 'icmp' 'icmp_ln46_196' <Predicate = (icmp_ln45_97)> <Delay = 0.70> <CoreInst = "Cmp">   --->   Core 9 'Cmp' <Latency = 0> <II = 1> <Delay = 0.70> <FuncUnit> <Opcode : 'seteq' 'setne' 'setle' 'setge' 'setlt' 'setgt'> <InPorts = 2> <OutPorts = 1>
ST_1 : Operation 161 [1/1] (0.00ns) (grouped into LUT with out node empty_111)   --->   "%tmp_597 = bitselect i1 @_ssdm_op_BitSelect.i1.i18.i32, i18 %layer8_out_6_val_read, i32 10" [firmware/nnet_utils/nnet_activation.h:46->firmware/myproject.cpp:60]   --->   Operation 161 'bitselect' 'tmp_597' <Predicate = (icmp_ln45_97)> <Delay = 0.00>
ST_1 : Operation 162 [1/1] (0.00ns) (grouped into LUT with out node add_ln46_97)   --->   "%tmp_598 = bitselect i1 @_ssdm_op_BitSelect.i1.i18.i32, i18 %layer8_out_6_val_read, i32 5" [firmware/nnet_utils/nnet_activation.h:46->firmware/myproject.cpp:60]   --->   Operation 162 'bitselect' 'tmp_598' <Predicate = (icmp_ln45_97)> <Delay = 0.00>
ST_1 : Operation 163 [1/1] (0.00ns) (grouped into LUT with out node add_ln46_97)   --->   "%or_ln46_295 = or i1 %tmp_598, i1 %icmp_ln46_196" [firmware/nnet_utils/nnet_activation.h:46->firmware/myproject.cpp:60]   --->   Operation 163 'or' 'or_ln46_295' <Predicate = (icmp_ln45_97)> <Delay = 0.00> <CoreInst = "LogicGate">   --->   Core 74 'LogicGate' <Latency = 0> <II = 1> <Delay = 0.12> <FuncUnit> <Opcode : 'and' 'or' 'xor'> <InPorts = 2> <OutPorts = 1>
ST_1 : Operation 164 [1/1] (0.00ns) (grouped into LUT with out node add_ln46_97)   --->   "%and_ln46_190 = and i1 %or_ln46_295, i1 %tmp_596" [firmware/nnet_utils/nnet_activation.h:46->firmware/myproject.cpp:60]   --->   Operation 164 'and' 'and_ln46_190' <Predicate = (icmp_ln45_97)> <Delay = 0.00> <CoreInst = "LogicGate">   --->   Core 74 'LogicGate' <Latency = 0> <II = 1> <Delay = 0.12> <FuncUnit> <Opcode : 'and' 'or' 'xor'> <InPorts = 2> <OutPorts = 1>
ST_1 : Operation 165 [1/1] (0.00ns) (grouped into LUT with out node add_ln46_97)   --->   "%zext_ln46_97 = zext i1 %and_ln46_190" [firmware/nnet_utils/nnet_activation.h:46->firmware/myproject.cpp:60]   --->   Operation 165 'zext' 'zext_ln46_97' <Predicate = (icmp_ln45_97)> <Delay = 0.00>
ST_1 : Operation 166 [1/1] (0.70ns) (out node of the LUT)   --->   "%add_ln46_97 = add i6 %trunc_ln46_94, i6 %zext_ln46_97" [firmware/nnet_utils/nnet_activation.h:46->firmware/myproject.cpp:60]   --->   Operation 166 'add' 'add_ln46_97' <Predicate = (icmp_ln45_97)> <Delay = 0.70> <CoreInst = "Adder">   --->   Core 1 'Adder' <Latency = 0> <II = 1> <Delay = 0.70> <FuncUnit> <Opcode : 'add' 'sub'> <InPorts = 2> <OutPorts = 1>
ST_1 : Operation 167 [1/1] (0.00ns)   --->   "%tmp_599 = partselect i7 @_ssdm_op_PartSelect.i7.i18.i32, i18 %layer8_out_6_val_read, i32 11" [firmware/nnet_utils/nnet_activation.h:46->firmware/myproject.cpp:60]   --->   Operation 167 'partselect' 'tmp_599' <Predicate = (icmp_ln45_97)> <Delay = 0.00>
ST_1 : Operation 168 [1/1] (0.70ns)   --->   "%icmp_ln46_197 = icmp_eq  i7 %tmp_599, i7 0" [firmware/nnet_utils/nnet_activation.h:46->firmware/myproject.cpp:60]   --->   Operation 168 'icmp' 'icmp_ln46_197' <Predicate = (icmp_ln45_97)> <Delay = 0.70> <CoreInst = "Cmp">   --->   Core 9 'Cmp' <Latency = 0> <II = 1> <Delay = 0.70> <FuncUnit> <Opcode : 'seteq' 'setne' 'setle' 'setge' 'setlt' 'setgt'> <InPorts = 2> <OutPorts = 1>
ST_1 : Operation 169 [1/1] (0.00ns) (grouped into LUT with out node empty_111)   --->   "%tmp_600 = bitselect i1 @_ssdm_op_BitSelect.i1.i6.i32, i6 %add_ln46_97, i32 5" [firmware/nnet_utils/nnet_activation.h:46->firmware/myproject.cpp:60]   --->   Operation 169 'bitselect' 'tmp_600' <Predicate = (icmp_ln45_97)> <Delay = 0.00>
ST_1 : Operation 170 [1/1] (0.00ns) (grouped into LUT with out node empty_111)   --->   "%not_tmp_691 = xor i1 %tmp_597, i1 1" [firmware/nnet_utils/nnet_activation.h:46->firmware/myproject.cpp:60]   --->   Operation 170 'xor' 'not_tmp_691' <Predicate = (icmp_ln45_97)> <Delay = 0.00> <CoreInst = "LogicGate">   --->   Core 74 'LogicGate' <Latency = 0> <II = 1> <Delay = 0.12> <FuncUnit> <Opcode : 'and' 'or' 'xor'> <InPorts = 2> <OutPorts = 1>
ST_1 : Operation 171 [1/1] (0.00ns) (grouped into LUT with out node empty_111)   --->   "%and_ln46_197 = or i1 %tmp_600, i1 %not_tmp_691" [firmware/nnet_utils/nnet_activation.h:46->firmware/myproject.cpp:60]   --->   Operation 171 'or' 'and_ln46_197' <Predicate = (icmp_ln45_97)> <Delay = 0.00> <CoreInst = "LogicGate">   --->   Core 74 'LogicGate' <Latency = 0> <II = 1> <Delay = 0.12> <FuncUnit> <Opcode : 'and' 'or' 'xor'> <InPorts = 2> <OutPorts = 1>
ST_1 : Operation 172 [1/1] (0.12ns) (out node of the LUT)   --->   "%empty_111 = and i1 %icmp_ln46_197, i1 %and_ln46_197" [firmware/nnet_utils/nnet_activation.h:46->firmware/myproject.cpp:60]   --->   Operation 172 'and' 'empty_111' <Predicate = (icmp_ln45_97)> <Delay = 0.12> <CoreInst = "LogicGate">   --->   Core 74 'LogicGate' <Latency = 0> <II = 1> <Delay = 0.12> <FuncUnit> <Opcode : 'and' 'or' 'xor'> <InPorts = 2> <OutPorts = 1>
ST_1 : Operation 173 [1/1] (0.00ns) (grouped into LUT with out node select_ln46_296)   --->   "%or_ln46_296 = or i1 %empty_111, i1 %tmp_595" [firmware/nnet_utils/nnet_activation.h:46->firmware/myproject.cpp:60]   --->   Operation 173 'or' 'or_ln46_296' <Predicate = (or_ln46_297 & icmp_ln45_97)> <Delay = 0.00> <CoreInst = "LogicGate">   --->   Core 74 'LogicGate' <Latency = 0> <II = 1> <Delay = 0.12> <FuncUnit> <Opcode : 'and' 'or' 'xor'> <InPorts = 2> <OutPorts = 1>
ST_1 : Operation 174 [1/1] (0.00ns) (grouped into LUT with out node layer10_out_6_0)   --->   "%xor_ln46_97 = xor i1 %empty_111, i1 1" [firmware/nnet_utils/nnet_activation.h:46->firmware/myproject.cpp:60]   --->   Operation 174 'xor' 'xor_ln46_97' <Predicate = (icmp_ln45_97)> <Delay = 0.00> <CoreInst = "LogicGate">   --->   Core 74 'LogicGate' <Latency = 0> <II = 1> <Delay = 0.12> <FuncUnit> <Opcode : 'and' 'or' 'xor'> <InPorts = 2> <OutPorts = 1>
ST_1 : Operation 175 [1/1] (0.00ns) (grouped into LUT with out node layer10_out_6_0)   --->   "%or_ln46_297 = or i1 %tmp_595, i1 %xor_ln46_97" [firmware/nnet_utils/nnet_activation.h:46->firmware/myproject.cpp:60]   --->   Operation 175 'or' 'or_ln46_297' <Predicate = (icmp_ln45_97)> <Delay = 0.00> <CoreInst = "LogicGate">   --->   Core 74 'LogicGate' <Latency = 0> <II = 1> <Delay = 0.12> <FuncUnit> <Opcode : 'and' 'or' 'xor'> <InPorts = 2> <OutPorts = 1>
ST_1 : Operation 176 [1/1] (0.00ns) (grouped into LUT with out node select_ln46_296)   --->   "%select_ln46_295 = select i1 %tmp_595, i6 0, i6 %add_ln46_97" [firmware/nnet_utils/nnet_activation.h:46->firmware/myproject.cpp:60]   --->   Operation 176 'select' 'select_ln46_295' <Predicate = (or_ln46_296 & or_ln46_297 & icmp_ln45_97)> <Delay = 0.00> <CoreInst = "Sel">   --->   Core 73 'Sel' <Latency = 0> <II = 1> <Delay = 0.29> <FuncUnit> <Opcode : 'select'> <InPorts = 3> <OutPorts = 1>
ST_1 : Operation 177 [1/1] (0.29ns) (out node of the LUT)   --->   "%select_ln46_296 = select i1 %or_ln46_296, i6 %select_ln46_295, i6 63" [firmware/nnet_utils/nnet_activation.h:46->firmware/myproject.cpp:60]   --->   Operation 177 'select' 'select_ln46_296' <Predicate = (or_ln46_297 & icmp_ln45_97)> <Delay = 0.29> <CoreInst = "Sel">   --->   Core 73 'Sel' <Latency = 0> <II = 1> <Delay = 0.29> <FuncUnit> <Opcode : 'select'> <InPorts = 3> <OutPorts = 1>
ST_1 : Operation 178 [1/1] (0.00ns) (grouped into LUT with out node layer10_out_6_0)   --->   "%select_ln46_297 = select i1 %or_ln46_297, i6 %select_ln46_296, i6 %add_ln46_97" [firmware/nnet_utils/nnet_activation.h:46->firmware/myproject.cpp:60]   --->   Operation 178 'select' 'select_ln46_297' <Predicate = (icmp_ln45_97)> <Delay = 0.00> <CoreInst = "Sel">   --->   Core 73 'Sel' <Latency = 0> <II = 1> <Delay = 0.29> <FuncUnit> <Opcode : 'select'> <InPorts = 3> <OutPorts = 1>
ST_1 : Operation 179 [1/1] (0.29ns) (out node of the LUT)   --->   "%layer10_out_6_0 = select i1 %icmp_ln45_97, i6 %select_ln46_297, i6 0" [firmware/nnet_utils/nnet_activation.h:45->firmware/myproject.cpp:60]   --->   Operation 179 'select' 'layer10_out_6_0' <Predicate = true> <Delay = 0.29> <CoreInst = "Sel">   --->   Core 73 'Sel' <Latency = 0> <II = 1> <Delay = 0.29> <FuncUnit> <Opcode : 'select'> <InPorts = 3> <OutPorts = 1>
ST_1 : Operation 180 [1/1] (0.79ns)   --->   "%icmp_ln45_98 = icmp_sgt  i18 %layer8_out_7_val_read, i18 0" [firmware/nnet_utils/nnet_activation.h:45->firmware/myproject.cpp:60]   --->   Operation 180 'icmp' 'icmp_ln45_98' <Predicate = true> <Delay = 0.79> <CoreInst = "Cmp">   --->   Core 9 'Cmp' <Latency = 0> <II = 1> <Delay = 0.79> <FuncUnit> <Opcode : 'seteq' 'setne' 'setle' 'setge' 'setlt' 'setgt'> <InPorts = 2> <OutPorts = 1>
ST_1 : Operation 181 [1/1] (0.00ns)   --->   "%tmp_601 = bitselect i1 @_ssdm_op_BitSelect.i1.i18.i32, i18 %layer8_out_7_val_read, i32 17" [firmware/nnet_utils/nnet_activation.h:46->firmware/myproject.cpp:60]   --->   Operation 181 'bitselect' 'tmp_601' <Predicate = (icmp_ln45_98)> <Delay = 0.00>
ST_1 : Operation 182 [1/1] (0.00ns) (grouped into LUT with out node add_ln46_98)   --->   "%trunc_ln46_95 = partselect i6 @_ssdm_op_PartSelect.i6.i18.i32.i32, i18 %layer8_out_7_val_read, i32 5, i32 10" [firmware/nnet_utils/nnet_activation.h:46->firmware/myproject.cpp:60]   --->   Operation 182 'partselect' 'trunc_ln46_95' <Predicate = (icmp_ln45_98)> <Delay = 0.00>
ST_1 : Operation 183 [1/1] (0.00ns) (grouped into LUT with out node add_ln46_98)   --->   "%tmp_602 = bitselect i1 @_ssdm_op_BitSelect.i1.i18.i32, i18 %layer8_out_7_val_read, i32 4" [firmware/nnet_utils/nnet_activation.h:46->firmware/myproject.cpp:60]   --->   Operation 183 'bitselect' 'tmp_602' <Predicate = (icmp_ln45_98)> <Delay = 0.00>
ST_1 : Operation 184 [1/1] (0.00ns)   --->   "%trunc_ln46_159 = trunc i18 %layer8_out_7_val_read" [firmware/nnet_utils/nnet_activation.h:46->firmware/myproject.cpp:60]   --->   Operation 184 'trunc' 'trunc_ln46_159' <Predicate = (icmp_ln45_98)> <Delay = 0.00>
ST_1 : Operation 185 [1/1] (0.70ns)   --->   "%icmp_ln46_198 = icmp_ne  i4 %trunc_ln46_159, i4 0" [firmware/nnet_utils/nnet_activation.h:46->firmware/myproject.cpp:60]   --->   Operation 185 'icmp' 'icmp_ln46_198' <Predicate = (icmp_ln45_98)> <Delay = 0.70> <CoreInst = "Cmp">   --->   Core 9 'Cmp' <Latency = 0> <II = 1> <Delay = 0.70> <FuncUnit> <Opcode : 'seteq' 'setne' 'setle' 'setge' 'setlt' 'setgt'> <InPorts = 2> <OutPorts = 1>
ST_1 : Operation 186 [1/1] (0.00ns) (grouped into LUT with out node empty_112)   --->   "%tmp_603 = bitselect i1 @_ssdm_op_BitSelect.i1.i18.i32, i18 %layer8_out_7_val_read, i32 10" [firmware/nnet_utils/nnet_activation.h:46->firmware/myproject.cpp:60]   --->   Operation 186 'bitselect' 'tmp_603' <Predicate = (icmp_ln45_98)> <Delay = 0.00>
ST_1 : Operation 187 [1/1] (0.00ns) (grouped into LUT with out node add_ln46_98)   --->   "%tmp_604 = bitselect i1 @_ssdm_op_BitSelect.i1.i18.i32, i18 %layer8_out_7_val_read, i32 5" [firmware/nnet_utils/nnet_activation.h:46->firmware/myproject.cpp:60]   --->   Operation 187 'bitselect' 'tmp_604' <Predicate = (icmp_ln45_98)> <Delay = 0.00>
ST_1 : Operation 188 [1/1] (0.00ns) (grouped into LUT with out node add_ln46_98)   --->   "%or_ln46_298 = or i1 %tmp_604, i1 %icmp_ln46_198" [firmware/nnet_utils/nnet_activation.h:46->firmware/myproject.cpp:60]   --->   Operation 188 'or' 'or_ln46_298' <Predicate = (icmp_ln45_98)> <Delay = 0.00> <CoreInst = "LogicGate">   --->   Core 74 'LogicGate' <Latency = 0> <II = 1> <Delay = 0.12> <FuncUnit> <Opcode : 'and' 'or' 'xor'> <InPorts = 2> <OutPorts = 1>
ST_1 : Operation 189 [1/1] (0.00ns) (grouped into LUT with out node add_ln46_98)   --->   "%and_ln46_192 = and i1 %or_ln46_298, i1 %tmp_602" [firmware/nnet_utils/nnet_activation.h:46->firmware/myproject.cpp:60]   --->   Operation 189 'and' 'and_ln46_192' <Predicate = (icmp_ln45_98)> <Delay = 0.00> <CoreInst = "LogicGate">   --->   Core 74 'LogicGate' <Latency = 0> <II = 1> <Delay = 0.12> <FuncUnit> <Opcode : 'and' 'or' 'xor'> <InPorts = 2> <OutPorts = 1>
ST_1 : Operation 190 [1/1] (0.00ns) (grouped into LUT with out node add_ln46_98)   --->   "%zext_ln46_98 = zext i1 %and_ln46_192" [firmware/nnet_utils/nnet_activation.h:46->firmware/myproject.cpp:60]   --->   Operation 190 'zext' 'zext_ln46_98' <Predicate = (icmp_ln45_98)> <Delay = 0.00>
ST_1 : Operation 191 [1/1] (0.70ns) (out node of the LUT)   --->   "%add_ln46_98 = add i6 %trunc_ln46_95, i6 %zext_ln46_98" [firmware/nnet_utils/nnet_activation.h:46->firmware/myproject.cpp:60]   --->   Operation 191 'add' 'add_ln46_98' <Predicate = (icmp_ln45_98)> <Delay = 0.70> <CoreInst = "Adder">   --->   Core 1 'Adder' <Latency = 0> <II = 1> <Delay = 0.70> <FuncUnit> <Opcode : 'add' 'sub'> <InPorts = 2> <OutPorts = 1>
ST_1 : Operation 192 [1/1] (0.00ns)   --->   "%tmp_605 = partselect i7 @_ssdm_op_PartSelect.i7.i18.i32, i18 %layer8_out_7_val_read, i32 11" [firmware/nnet_utils/nnet_activation.h:46->firmware/myproject.cpp:60]   --->   Operation 192 'partselect' 'tmp_605' <Predicate = (icmp_ln45_98)> <Delay = 0.00>
ST_1 : Operation 193 [1/1] (0.70ns)   --->   "%icmp_ln46_199 = icmp_eq  i7 %tmp_605, i7 0" [firmware/nnet_utils/nnet_activation.h:46->firmware/myproject.cpp:60]   --->   Operation 193 'icmp' 'icmp_ln46_199' <Predicate = (icmp_ln45_98)> <Delay = 0.70> <CoreInst = "Cmp">   --->   Core 9 'Cmp' <Latency = 0> <II = 1> <Delay = 0.70> <FuncUnit> <Opcode : 'seteq' 'setne' 'setle' 'setge' 'setlt' 'setgt'> <InPorts = 2> <OutPorts = 1>
ST_1 : Operation 194 [1/1] (0.00ns) (grouped into LUT with out node empty_112)   --->   "%tmp_606 = bitselect i1 @_ssdm_op_BitSelect.i1.i6.i32, i6 %add_ln46_98, i32 5" [firmware/nnet_utils/nnet_activation.h:46->firmware/myproject.cpp:60]   --->   Operation 194 'bitselect' 'tmp_606' <Predicate = (icmp_ln45_98)> <Delay = 0.00>
ST_1 : Operation 195 [1/1] (0.00ns) (grouped into LUT with out node empty_112)   --->   "%not_tmp_698 = xor i1 %tmp_603, i1 1" [firmware/nnet_utils/nnet_activation.h:46->firmware/myproject.cpp:60]   --->   Operation 195 'xor' 'not_tmp_698' <Predicate = (icmp_ln45_98)> <Delay = 0.00> <CoreInst = "LogicGate">   --->   Core 74 'LogicGate' <Latency = 0> <II = 1> <Delay = 0.12> <FuncUnit> <Opcode : 'and' 'or' 'xor'> <InPorts = 2> <OutPorts = 1>
ST_1 : Operation 196 [1/1] (0.00ns) (grouped into LUT with out node empty_112)   --->   "%and_ln46_199 = or i1 %tmp_606, i1 %not_tmp_698" [firmware/nnet_utils/nnet_activation.h:46->firmware/myproject.cpp:60]   --->   Operation 196 'or' 'and_ln46_199' <Predicate = (icmp_ln45_98)> <Delay = 0.00> <CoreInst = "LogicGate">   --->   Core 74 'LogicGate' <Latency = 0> <II = 1> <Delay = 0.12> <FuncUnit> <Opcode : 'and' 'or' 'xor'> <InPorts = 2> <OutPorts = 1>
ST_1 : Operation 197 [1/1] (0.12ns) (out node of the LUT)   --->   "%empty_112 = and i1 %icmp_ln46_199, i1 %and_ln46_199" [firmware/nnet_utils/nnet_activation.h:46->firmware/myproject.cpp:60]   --->   Operation 197 'and' 'empty_112' <Predicate = (icmp_ln45_98)> <Delay = 0.12> <CoreInst = "LogicGate">   --->   Core 74 'LogicGate' <Latency = 0> <II = 1> <Delay = 0.12> <FuncUnit> <Opcode : 'and' 'or' 'xor'> <InPorts = 2> <OutPorts = 1>
ST_1 : Operation 198 [1/1] (0.00ns) (grouped into LUT with out node select_ln46_299)   --->   "%or_ln46_299 = or i1 %empty_112, i1 %tmp_601" [firmware/nnet_utils/nnet_activation.h:46->firmware/myproject.cpp:60]   --->   Operation 198 'or' 'or_ln46_299' <Predicate = (or_ln46_300 & icmp_ln45_98)> <Delay = 0.00> <CoreInst = "LogicGate">   --->   Core 74 'LogicGate' <Latency = 0> <II = 1> <Delay = 0.12> <FuncUnit> <Opcode : 'and' 'or' 'xor'> <InPorts = 2> <OutPorts = 1>
ST_1 : Operation 199 [1/1] (0.00ns) (grouped into LUT with out node layer10_out_7_0)   --->   "%xor_ln46_98 = xor i1 %empty_112, i1 1" [firmware/nnet_utils/nnet_activation.h:46->firmware/myproject.cpp:60]   --->   Operation 199 'xor' 'xor_ln46_98' <Predicate = (icmp_ln45_98)> <Delay = 0.00> <CoreInst = "LogicGate">   --->   Core 74 'LogicGate' <Latency = 0> <II = 1> <Delay = 0.12> <FuncUnit> <Opcode : 'and' 'or' 'xor'> <InPorts = 2> <OutPorts = 1>
ST_1 : Operation 200 [1/1] (0.00ns) (grouped into LUT with out node layer10_out_7_0)   --->   "%or_ln46_300 = or i1 %tmp_601, i1 %xor_ln46_98" [firmware/nnet_utils/nnet_activation.h:46->firmware/myproject.cpp:60]   --->   Operation 200 'or' 'or_ln46_300' <Predicate = (icmp_ln45_98)> <Delay = 0.00> <CoreInst = "LogicGate">   --->   Core 74 'LogicGate' <Latency = 0> <II = 1> <Delay = 0.12> <FuncUnit> <Opcode : 'and' 'or' 'xor'> <InPorts = 2> <OutPorts = 1>
ST_1 : Operation 201 [1/1] (0.00ns) (grouped into LUT with out node select_ln46_299)   --->   "%select_ln46_298 = select i1 %tmp_601, i6 0, i6 %add_ln46_98" [firmware/nnet_utils/nnet_activation.h:46->firmware/myproject.cpp:60]   --->   Operation 201 'select' 'select_ln46_298' <Predicate = (or_ln46_299 & or_ln46_300 & icmp_ln45_98)> <Delay = 0.00> <CoreInst = "Sel">   --->   Core 73 'Sel' <Latency = 0> <II = 1> <Delay = 0.29> <FuncUnit> <Opcode : 'select'> <InPorts = 3> <OutPorts = 1>
ST_1 : Operation 202 [1/1] (0.29ns) (out node of the LUT)   --->   "%select_ln46_299 = select i1 %or_ln46_299, i6 %select_ln46_298, i6 63" [firmware/nnet_utils/nnet_activation.h:46->firmware/myproject.cpp:60]   --->   Operation 202 'select' 'select_ln46_299' <Predicate = (or_ln46_300 & icmp_ln45_98)> <Delay = 0.29> <CoreInst = "Sel">   --->   Core 73 'Sel' <Latency = 0> <II = 1> <Delay = 0.29> <FuncUnit> <Opcode : 'select'> <InPorts = 3> <OutPorts = 1>
ST_1 : Operation 203 [1/1] (0.00ns) (grouped into LUT with out node layer10_out_7_0)   --->   "%select_ln46_300 = select i1 %or_ln46_300, i6 %select_ln46_299, i6 %add_ln46_98" [firmware/nnet_utils/nnet_activation.h:46->firmware/myproject.cpp:60]   --->   Operation 203 'select' 'select_ln46_300' <Predicate = (icmp_ln45_98)> <Delay = 0.00> <CoreInst = "Sel">   --->   Core 73 'Sel' <Latency = 0> <II = 1> <Delay = 0.29> <FuncUnit> <Opcode : 'select'> <InPorts = 3> <OutPorts = 1>
ST_1 : Operation 204 [1/1] (0.29ns) (out node of the LUT)   --->   "%layer10_out_7_0 = select i1 %icmp_ln45_98, i6 %select_ln46_300, i6 0" [firmware/nnet_utils/nnet_activation.h:45->firmware/myproject.cpp:60]   --->   Operation 204 'select' 'layer10_out_7_0' <Predicate = true> <Delay = 0.29> <CoreInst = "Sel">   --->   Core 73 'Sel' <Latency = 0> <II = 1> <Delay = 0.29> <FuncUnit> <Opcode : 'select'> <InPorts = 3> <OutPorts = 1>
ST_1 : Operation 205 [1/1] (0.79ns)   --->   "%icmp_ln45_99 = icmp_sgt  i18 %layer8_out_9_val_read, i18 0" [firmware/nnet_utils/nnet_activation.h:45->firmware/myproject.cpp:60]   --->   Operation 205 'icmp' 'icmp_ln45_99' <Predicate = true> <Delay = 0.79> <CoreInst = "Cmp">   --->   Core 9 'Cmp' <Latency = 0> <II = 1> <Delay = 0.79> <FuncUnit> <Opcode : 'seteq' 'setne' 'setle' 'setge' 'setlt' 'setgt'> <InPorts = 2> <OutPorts = 1>
ST_1 : Operation 206 [1/1] (0.00ns)   --->   "%tmp_607 = bitselect i1 @_ssdm_op_BitSelect.i1.i18.i32, i18 %layer8_out_9_val_read, i32 17" [firmware/nnet_utils/nnet_activation.h:46->firmware/myproject.cpp:60]   --->   Operation 206 'bitselect' 'tmp_607' <Predicate = (icmp_ln45_99)> <Delay = 0.00>
ST_1 : Operation 207 [1/1] (0.00ns) (grouped into LUT with out node add_ln46_99)   --->   "%trunc_ln46_96 = partselect i6 @_ssdm_op_PartSelect.i6.i18.i32.i32, i18 %layer8_out_9_val_read, i32 5, i32 10" [firmware/nnet_utils/nnet_activation.h:46->firmware/myproject.cpp:60]   --->   Operation 207 'partselect' 'trunc_ln46_96' <Predicate = (icmp_ln45_99)> <Delay = 0.00>
ST_1 : Operation 208 [1/1] (0.00ns) (grouped into LUT with out node add_ln46_99)   --->   "%tmp_608 = bitselect i1 @_ssdm_op_BitSelect.i1.i18.i32, i18 %layer8_out_9_val_read, i32 4" [firmware/nnet_utils/nnet_activation.h:46->firmware/myproject.cpp:60]   --->   Operation 208 'bitselect' 'tmp_608' <Predicate = (icmp_ln45_99)> <Delay = 0.00>
ST_1 : Operation 209 [1/1] (0.00ns)   --->   "%trunc_ln46_160 = trunc i18 %layer8_out_9_val_read" [firmware/nnet_utils/nnet_activation.h:46->firmware/myproject.cpp:60]   --->   Operation 209 'trunc' 'trunc_ln46_160' <Predicate = (icmp_ln45_99)> <Delay = 0.00>
ST_1 : Operation 210 [1/1] (0.70ns)   --->   "%icmp_ln46_200 = icmp_ne  i4 %trunc_ln46_160, i4 0" [firmware/nnet_utils/nnet_activation.h:46->firmware/myproject.cpp:60]   --->   Operation 210 'icmp' 'icmp_ln46_200' <Predicate = (icmp_ln45_99)> <Delay = 0.70> <CoreInst = "Cmp">   --->   Core 9 'Cmp' <Latency = 0> <II = 1> <Delay = 0.70> <FuncUnit> <Opcode : 'seteq' 'setne' 'setle' 'setge' 'setlt' 'setgt'> <InPorts = 2> <OutPorts = 1>
ST_1 : Operation 211 [1/1] (0.00ns) (grouped into LUT with out node empty_113)   --->   "%tmp_609 = bitselect i1 @_ssdm_op_BitSelect.i1.i18.i32, i18 %layer8_out_9_val_read, i32 10" [firmware/nnet_utils/nnet_activation.h:46->firmware/myproject.cpp:60]   --->   Operation 211 'bitselect' 'tmp_609' <Predicate = (icmp_ln45_99)> <Delay = 0.00>
ST_1 : Operation 212 [1/1] (0.00ns) (grouped into LUT with out node add_ln46_99)   --->   "%tmp_610 = bitselect i1 @_ssdm_op_BitSelect.i1.i18.i32, i18 %layer8_out_9_val_read, i32 5" [firmware/nnet_utils/nnet_activation.h:46->firmware/myproject.cpp:60]   --->   Operation 212 'bitselect' 'tmp_610' <Predicate = (icmp_ln45_99)> <Delay = 0.00>
ST_1 : Operation 213 [1/1] (0.00ns) (grouped into LUT with out node add_ln46_99)   --->   "%or_ln46_301 = or i1 %tmp_610, i1 %icmp_ln46_200" [firmware/nnet_utils/nnet_activation.h:46->firmware/myproject.cpp:60]   --->   Operation 213 'or' 'or_ln46_301' <Predicate = (icmp_ln45_99)> <Delay = 0.00> <CoreInst = "LogicGate">   --->   Core 74 'LogicGate' <Latency = 0> <II = 1> <Delay = 0.12> <FuncUnit> <Opcode : 'and' 'or' 'xor'> <InPorts = 2> <OutPorts = 1>
ST_1 : Operation 214 [1/1] (0.00ns) (grouped into LUT with out node add_ln46_99)   --->   "%and_ln46_194 = and i1 %or_ln46_301, i1 %tmp_608" [firmware/nnet_utils/nnet_activation.h:46->firmware/myproject.cpp:60]   --->   Operation 214 'and' 'and_ln46_194' <Predicate = (icmp_ln45_99)> <Delay = 0.00> <CoreInst = "LogicGate">   --->   Core 74 'LogicGate' <Latency = 0> <II = 1> <Delay = 0.12> <FuncUnit> <Opcode : 'and' 'or' 'xor'> <InPorts = 2> <OutPorts = 1>
ST_1 : Operation 215 [1/1] (0.00ns) (grouped into LUT with out node add_ln46_99)   --->   "%zext_ln46_99 = zext i1 %and_ln46_194" [firmware/nnet_utils/nnet_activation.h:46->firmware/myproject.cpp:60]   --->   Operation 215 'zext' 'zext_ln46_99' <Predicate = (icmp_ln45_99)> <Delay = 0.00>
ST_1 : Operation 216 [1/1] (0.70ns) (out node of the LUT)   --->   "%add_ln46_99 = add i6 %trunc_ln46_96, i6 %zext_ln46_99" [firmware/nnet_utils/nnet_activation.h:46->firmware/myproject.cpp:60]   --->   Operation 216 'add' 'add_ln46_99' <Predicate = (icmp_ln45_99)> <Delay = 0.70> <CoreInst = "Adder">   --->   Core 1 'Adder' <Latency = 0> <II = 1> <Delay = 0.70> <FuncUnit> <Opcode : 'add' 'sub'> <InPorts = 2> <OutPorts = 1>
ST_1 : Operation 217 [1/1] (0.00ns)   --->   "%tmp_611 = partselect i7 @_ssdm_op_PartSelect.i7.i18.i32, i18 %layer8_out_9_val_read, i32 11" [firmware/nnet_utils/nnet_activation.h:46->firmware/myproject.cpp:60]   --->   Operation 217 'partselect' 'tmp_611' <Predicate = (icmp_ln45_99)> <Delay = 0.00>
ST_1 : Operation 218 [1/1] (0.70ns)   --->   "%icmp_ln46_201 = icmp_eq  i7 %tmp_611, i7 0" [firmware/nnet_utils/nnet_activation.h:46->firmware/myproject.cpp:60]   --->   Operation 218 'icmp' 'icmp_ln46_201' <Predicate = (icmp_ln45_99)> <Delay = 0.70> <CoreInst = "Cmp">   --->   Core 9 'Cmp' <Latency = 0> <II = 1> <Delay = 0.70> <FuncUnit> <Opcode : 'seteq' 'setne' 'setle' 'setge' 'setlt' 'setgt'> <InPorts = 2> <OutPorts = 1>
ST_1 : Operation 219 [1/1] (0.00ns) (grouped into LUT with out node empty_113)   --->   "%tmp_612 = bitselect i1 @_ssdm_op_BitSelect.i1.i6.i32, i6 %add_ln46_99, i32 5" [firmware/nnet_utils/nnet_activation.h:46->firmware/myproject.cpp:60]   --->   Operation 219 'bitselect' 'tmp_612' <Predicate = (icmp_ln45_99)> <Delay = 0.00>
ST_1 : Operation 220 [1/1] (0.00ns) (grouped into LUT with out node empty_113)   --->   "%not_tmp_705 = xor i1 %tmp_609, i1 1" [firmware/nnet_utils/nnet_activation.h:46->firmware/myproject.cpp:60]   --->   Operation 220 'xor' 'not_tmp_705' <Predicate = (icmp_ln45_99)> <Delay = 0.00> <CoreInst = "LogicGate">   --->   Core 74 'LogicGate' <Latency = 0> <II = 1> <Delay = 0.12> <FuncUnit> <Opcode : 'and' 'or' 'xor'> <InPorts = 2> <OutPorts = 1>
ST_1 : Operation 221 [1/1] (0.00ns) (grouped into LUT with out node empty_113)   --->   "%and_ln46_201 = or i1 %tmp_612, i1 %not_tmp_705" [firmware/nnet_utils/nnet_activation.h:46->firmware/myproject.cpp:60]   --->   Operation 221 'or' 'and_ln46_201' <Predicate = (icmp_ln45_99)> <Delay = 0.00> <CoreInst = "LogicGate">   --->   Core 74 'LogicGate' <Latency = 0> <II = 1> <Delay = 0.12> <FuncUnit> <Opcode : 'and' 'or' 'xor'> <InPorts = 2> <OutPorts = 1>
ST_1 : Operation 222 [1/1] (0.12ns) (out node of the LUT)   --->   "%empty_113 = and i1 %icmp_ln46_201, i1 %and_ln46_201" [firmware/nnet_utils/nnet_activation.h:46->firmware/myproject.cpp:60]   --->   Operation 222 'and' 'empty_113' <Predicate = (icmp_ln45_99)> <Delay = 0.12> <CoreInst = "LogicGate">   --->   Core 74 'LogicGate' <Latency = 0> <II = 1> <Delay = 0.12> <FuncUnit> <Opcode : 'and' 'or' 'xor'> <InPorts = 2> <OutPorts = 1>
ST_1 : Operation 223 [1/1] (0.00ns) (grouped into LUT with out node select_ln46_302)   --->   "%or_ln46_302 = or i1 %empty_113, i1 %tmp_607" [firmware/nnet_utils/nnet_activation.h:46->firmware/myproject.cpp:60]   --->   Operation 223 'or' 'or_ln46_302' <Predicate = (or_ln46_303 & icmp_ln45_99)> <Delay = 0.00> <CoreInst = "LogicGate">   --->   Core 74 'LogicGate' <Latency = 0> <II = 1> <Delay = 0.12> <FuncUnit> <Opcode : 'and' 'or' 'xor'> <InPorts = 2> <OutPorts = 1>
ST_1 : Operation 224 [1/1] (0.00ns) (grouped into LUT with out node layer10_out_9_0)   --->   "%xor_ln46_99 = xor i1 %empty_113, i1 1" [firmware/nnet_utils/nnet_activation.h:46->firmware/myproject.cpp:60]   --->   Operation 224 'xor' 'xor_ln46_99' <Predicate = (icmp_ln45_99)> <Delay = 0.00> <CoreInst = "LogicGate">   --->   Core 74 'LogicGate' <Latency = 0> <II = 1> <Delay = 0.12> <FuncUnit> <Opcode : 'and' 'or' 'xor'> <InPorts = 2> <OutPorts = 1>
ST_1 : Operation 225 [1/1] (0.00ns) (grouped into LUT with out node layer10_out_9_0)   --->   "%or_ln46_303 = or i1 %tmp_607, i1 %xor_ln46_99" [firmware/nnet_utils/nnet_activation.h:46->firmware/myproject.cpp:60]   --->   Operation 225 'or' 'or_ln46_303' <Predicate = (icmp_ln45_99)> <Delay = 0.00> <CoreInst = "LogicGate">   --->   Core 74 'LogicGate' <Latency = 0> <II = 1> <Delay = 0.12> <FuncUnit> <Opcode : 'and' 'or' 'xor'> <InPorts = 2> <OutPorts = 1>
ST_1 : Operation 226 [1/1] (0.00ns) (grouped into LUT with out node select_ln46_302)   --->   "%select_ln46_301 = select i1 %tmp_607, i6 0, i6 %add_ln46_99" [firmware/nnet_utils/nnet_activation.h:46->firmware/myproject.cpp:60]   --->   Operation 226 'select' 'select_ln46_301' <Predicate = (or_ln46_302 & or_ln46_303 & icmp_ln45_99)> <Delay = 0.00> <CoreInst = "Sel">   --->   Core 73 'Sel' <Latency = 0> <II = 1> <Delay = 0.29> <FuncUnit> <Opcode : 'select'> <InPorts = 3> <OutPorts = 1>
ST_1 : Operation 227 [1/1] (0.29ns) (out node of the LUT)   --->   "%select_ln46_302 = select i1 %or_ln46_302, i6 %select_ln46_301, i6 63" [firmware/nnet_utils/nnet_activation.h:46->firmware/myproject.cpp:60]   --->   Operation 227 'select' 'select_ln46_302' <Predicate = (or_ln46_303 & icmp_ln45_99)> <Delay = 0.29> <CoreInst = "Sel">   --->   Core 73 'Sel' <Latency = 0> <II = 1> <Delay = 0.29> <FuncUnit> <Opcode : 'select'> <InPorts = 3> <OutPorts = 1>
ST_1 : Operation 228 [1/1] (0.00ns) (grouped into LUT with out node layer10_out_9_0)   --->   "%select_ln46_303 = select i1 %or_ln46_303, i6 %select_ln46_302, i6 %add_ln46_99" [firmware/nnet_utils/nnet_activation.h:46->firmware/myproject.cpp:60]   --->   Operation 228 'select' 'select_ln46_303' <Predicate = (icmp_ln45_99)> <Delay = 0.00> <CoreInst = "Sel">   --->   Core 73 'Sel' <Latency = 0> <II = 1> <Delay = 0.29> <FuncUnit> <Opcode : 'select'> <InPorts = 3> <OutPorts = 1>
ST_1 : Operation 229 [1/1] (0.29ns) (out node of the LUT)   --->   "%layer10_out_9_0 = select i1 %icmp_ln45_99, i6 %select_ln46_303, i6 0" [firmware/nnet_utils/nnet_activation.h:45->firmware/myproject.cpp:60]   --->   Operation 229 'select' 'layer10_out_9_0' <Predicate = true> <Delay = 0.29> <CoreInst = "Sel">   --->   Core 73 'Sel' <Latency = 0> <II = 1> <Delay = 0.29> <FuncUnit> <Opcode : 'select'> <InPorts = 3> <OutPorts = 1>
ST_1 : Operation 230 [1/1] (0.79ns)   --->   "%icmp_ln45_100 = icmp_sgt  i18 %layer8_out_11_val_read, i18 0" [firmware/nnet_utils/nnet_activation.h:45->firmware/myproject.cpp:60]   --->   Operation 230 'icmp' 'icmp_ln45_100' <Predicate = true> <Delay = 0.79> <CoreInst = "Cmp">   --->   Core 9 'Cmp' <Latency = 0> <II = 1> <Delay = 0.79> <FuncUnit> <Opcode : 'seteq' 'setne' 'setle' 'setge' 'setlt' 'setgt'> <InPorts = 2> <OutPorts = 1>
ST_1 : Operation 231 [1/1] (0.00ns)   --->   "%tmp_613 = bitselect i1 @_ssdm_op_BitSelect.i1.i18.i32, i18 %layer8_out_11_val_read, i32 17" [firmware/nnet_utils/nnet_activation.h:46->firmware/myproject.cpp:60]   --->   Operation 231 'bitselect' 'tmp_613' <Predicate = (icmp_ln45_100)> <Delay = 0.00>
ST_1 : Operation 232 [1/1] (0.00ns) (grouped into LUT with out node add_ln46_100)   --->   "%trunc_ln46_97 = partselect i6 @_ssdm_op_PartSelect.i6.i18.i32.i32, i18 %layer8_out_11_val_read, i32 5, i32 10" [firmware/nnet_utils/nnet_activation.h:46->firmware/myproject.cpp:60]   --->   Operation 232 'partselect' 'trunc_ln46_97' <Predicate = (icmp_ln45_100)> <Delay = 0.00>
ST_1 : Operation 233 [1/1] (0.00ns) (grouped into LUT with out node add_ln46_100)   --->   "%tmp_614 = bitselect i1 @_ssdm_op_BitSelect.i1.i18.i32, i18 %layer8_out_11_val_read, i32 4" [firmware/nnet_utils/nnet_activation.h:46->firmware/myproject.cpp:60]   --->   Operation 233 'bitselect' 'tmp_614' <Predicate = (icmp_ln45_100)> <Delay = 0.00>
ST_1 : Operation 234 [1/1] (0.00ns)   --->   "%trunc_ln46_161 = trunc i18 %layer8_out_11_val_read" [firmware/nnet_utils/nnet_activation.h:46->firmware/myproject.cpp:60]   --->   Operation 234 'trunc' 'trunc_ln46_161' <Predicate = (icmp_ln45_100)> <Delay = 0.00>
ST_1 : Operation 235 [1/1] (0.70ns)   --->   "%icmp_ln46_202 = icmp_ne  i4 %trunc_ln46_161, i4 0" [firmware/nnet_utils/nnet_activation.h:46->firmware/myproject.cpp:60]   --->   Operation 235 'icmp' 'icmp_ln46_202' <Predicate = (icmp_ln45_100)> <Delay = 0.70> <CoreInst = "Cmp">   --->   Core 9 'Cmp' <Latency = 0> <II = 1> <Delay = 0.70> <FuncUnit> <Opcode : 'seteq' 'setne' 'setle' 'setge' 'setlt' 'setgt'> <InPorts = 2> <OutPorts = 1>
ST_1 : Operation 236 [1/1] (0.00ns) (grouped into LUT with out node empty_114)   --->   "%tmp_615 = bitselect i1 @_ssdm_op_BitSelect.i1.i18.i32, i18 %layer8_out_11_val_read, i32 10" [firmware/nnet_utils/nnet_activation.h:46->firmware/myproject.cpp:60]   --->   Operation 236 'bitselect' 'tmp_615' <Predicate = (icmp_ln45_100)> <Delay = 0.00>
ST_1 : Operation 237 [1/1] (0.00ns) (grouped into LUT with out node add_ln46_100)   --->   "%tmp_616 = bitselect i1 @_ssdm_op_BitSelect.i1.i18.i32, i18 %layer8_out_11_val_read, i32 5" [firmware/nnet_utils/nnet_activation.h:46->firmware/myproject.cpp:60]   --->   Operation 237 'bitselect' 'tmp_616' <Predicate = (icmp_ln45_100)> <Delay = 0.00>
ST_1 : Operation 238 [1/1] (0.00ns) (grouped into LUT with out node add_ln46_100)   --->   "%or_ln46_304 = or i1 %tmp_616, i1 %icmp_ln46_202" [firmware/nnet_utils/nnet_activation.h:46->firmware/myproject.cpp:60]   --->   Operation 238 'or' 'or_ln46_304' <Predicate = (icmp_ln45_100)> <Delay = 0.00> <CoreInst = "LogicGate">   --->   Core 74 'LogicGate' <Latency = 0> <II = 1> <Delay = 0.12> <FuncUnit> <Opcode : 'and' 'or' 'xor'> <InPorts = 2> <OutPorts = 1>
ST_1 : Operation 239 [1/1] (0.00ns) (grouped into LUT with out node add_ln46_100)   --->   "%and_ln46_196 = and i1 %or_ln46_304, i1 %tmp_614" [firmware/nnet_utils/nnet_activation.h:46->firmware/myproject.cpp:60]   --->   Operation 239 'and' 'and_ln46_196' <Predicate = (icmp_ln45_100)> <Delay = 0.00> <CoreInst = "LogicGate">   --->   Core 74 'LogicGate' <Latency = 0> <II = 1> <Delay = 0.12> <FuncUnit> <Opcode : 'and' 'or' 'xor'> <InPorts = 2> <OutPorts = 1>
ST_1 : Operation 240 [1/1] (0.00ns) (grouped into LUT with out node add_ln46_100)   --->   "%zext_ln46_100 = zext i1 %and_ln46_196" [firmware/nnet_utils/nnet_activation.h:46->firmware/myproject.cpp:60]   --->   Operation 240 'zext' 'zext_ln46_100' <Predicate = (icmp_ln45_100)> <Delay = 0.00>
ST_1 : Operation 241 [1/1] (0.70ns) (out node of the LUT)   --->   "%add_ln46_100 = add i6 %trunc_ln46_97, i6 %zext_ln46_100" [firmware/nnet_utils/nnet_activation.h:46->firmware/myproject.cpp:60]   --->   Operation 241 'add' 'add_ln46_100' <Predicate = (icmp_ln45_100)> <Delay = 0.70> <CoreInst = "Adder">   --->   Core 1 'Adder' <Latency = 0> <II = 1> <Delay = 0.70> <FuncUnit> <Opcode : 'add' 'sub'> <InPorts = 2> <OutPorts = 1>
ST_1 : Operation 242 [1/1] (0.00ns)   --->   "%tmp_617 = partselect i7 @_ssdm_op_PartSelect.i7.i18.i32, i18 %layer8_out_11_val_read, i32 11" [firmware/nnet_utils/nnet_activation.h:46->firmware/myproject.cpp:60]   --->   Operation 242 'partselect' 'tmp_617' <Predicate = (icmp_ln45_100)> <Delay = 0.00>
ST_1 : Operation 243 [1/1] (0.70ns)   --->   "%icmp_ln46_203 = icmp_eq  i7 %tmp_617, i7 0" [firmware/nnet_utils/nnet_activation.h:46->firmware/myproject.cpp:60]   --->   Operation 243 'icmp' 'icmp_ln46_203' <Predicate = (icmp_ln45_100)> <Delay = 0.70> <CoreInst = "Cmp">   --->   Core 9 'Cmp' <Latency = 0> <II = 1> <Delay = 0.70> <FuncUnit> <Opcode : 'seteq' 'setne' 'setle' 'setge' 'setlt' 'setgt'> <InPorts = 2> <OutPorts = 1>
ST_1 : Operation 244 [1/1] (0.00ns) (grouped into LUT with out node empty_114)   --->   "%tmp_618 = bitselect i1 @_ssdm_op_BitSelect.i1.i6.i32, i6 %add_ln46_100, i32 5" [firmware/nnet_utils/nnet_activation.h:46->firmware/myproject.cpp:60]   --->   Operation 244 'bitselect' 'tmp_618' <Predicate = (icmp_ln45_100)> <Delay = 0.00>
ST_1 : Operation 245 [1/1] (0.00ns) (grouped into LUT with out node empty_114)   --->   "%not_tmp_712 = xor i1 %tmp_615, i1 1" [firmware/nnet_utils/nnet_activation.h:46->firmware/myproject.cpp:60]   --->   Operation 245 'xor' 'not_tmp_712' <Predicate = (icmp_ln45_100)> <Delay = 0.00> <CoreInst = "LogicGate">   --->   Core 74 'LogicGate' <Latency = 0> <II = 1> <Delay = 0.12> <FuncUnit> <Opcode : 'and' 'or' 'xor'> <InPorts = 2> <OutPorts = 1>
ST_1 : Operation 246 [1/1] (0.00ns) (grouped into LUT with out node empty_114)   --->   "%and_ln46_203 = or i1 %tmp_618, i1 %not_tmp_712" [firmware/nnet_utils/nnet_activation.h:46->firmware/myproject.cpp:60]   --->   Operation 246 'or' 'and_ln46_203' <Predicate = (icmp_ln45_100)> <Delay = 0.00> <CoreInst = "LogicGate">   --->   Core 74 'LogicGate' <Latency = 0> <II = 1> <Delay = 0.12> <FuncUnit> <Opcode : 'and' 'or' 'xor'> <InPorts = 2> <OutPorts = 1>
ST_1 : Operation 247 [1/1] (0.12ns) (out node of the LUT)   --->   "%empty_114 = and i1 %icmp_ln46_203, i1 %and_ln46_203" [firmware/nnet_utils/nnet_activation.h:46->firmware/myproject.cpp:60]   --->   Operation 247 'and' 'empty_114' <Predicate = (icmp_ln45_100)> <Delay = 0.12> <CoreInst = "LogicGate">   --->   Core 74 'LogicGate' <Latency = 0> <II = 1> <Delay = 0.12> <FuncUnit> <Opcode : 'and' 'or' 'xor'> <InPorts = 2> <OutPorts = 1>
ST_1 : Operation 248 [1/1] (0.00ns) (grouped into LUT with out node select_ln46_305)   --->   "%or_ln46_305 = or i1 %empty_114, i1 %tmp_613" [firmware/nnet_utils/nnet_activation.h:46->firmware/myproject.cpp:60]   --->   Operation 248 'or' 'or_ln46_305' <Predicate = (or_ln46_306 & icmp_ln45_100)> <Delay = 0.00> <CoreInst = "LogicGate">   --->   Core 74 'LogicGate' <Latency = 0> <II = 1> <Delay = 0.12> <FuncUnit> <Opcode : 'and' 'or' 'xor'> <InPorts = 2> <OutPorts = 1>
ST_1 : Operation 249 [1/1] (0.00ns) (grouped into LUT with out node layer10_out_11_0)   --->   "%xor_ln46_100 = xor i1 %empty_114, i1 1" [firmware/nnet_utils/nnet_activation.h:46->firmware/myproject.cpp:60]   --->   Operation 249 'xor' 'xor_ln46_100' <Predicate = (icmp_ln45_100)> <Delay = 0.00> <CoreInst = "LogicGate">   --->   Core 74 'LogicGate' <Latency = 0> <II = 1> <Delay = 0.12> <FuncUnit> <Opcode : 'and' 'or' 'xor'> <InPorts = 2> <OutPorts = 1>
ST_1 : Operation 250 [1/1] (0.00ns) (grouped into LUT with out node layer10_out_11_0)   --->   "%or_ln46_306 = or i1 %tmp_613, i1 %xor_ln46_100" [firmware/nnet_utils/nnet_activation.h:46->firmware/myproject.cpp:60]   --->   Operation 250 'or' 'or_ln46_306' <Predicate = (icmp_ln45_100)> <Delay = 0.00> <CoreInst = "LogicGate">   --->   Core 74 'LogicGate' <Latency = 0> <II = 1> <Delay = 0.12> <FuncUnit> <Opcode : 'and' 'or' 'xor'> <InPorts = 2> <OutPorts = 1>
ST_1 : Operation 251 [1/1] (0.00ns) (grouped into LUT with out node select_ln46_305)   --->   "%select_ln46_304 = select i1 %tmp_613, i6 0, i6 %add_ln46_100" [firmware/nnet_utils/nnet_activation.h:46->firmware/myproject.cpp:60]   --->   Operation 251 'select' 'select_ln46_304' <Predicate = (or_ln46_305 & or_ln46_306 & icmp_ln45_100)> <Delay = 0.00> <CoreInst = "Sel">   --->   Core 73 'Sel' <Latency = 0> <II = 1> <Delay = 0.29> <FuncUnit> <Opcode : 'select'> <InPorts = 3> <OutPorts = 1>
ST_1 : Operation 252 [1/1] (0.29ns) (out node of the LUT)   --->   "%select_ln46_305 = select i1 %or_ln46_305, i6 %select_ln46_304, i6 63" [firmware/nnet_utils/nnet_activation.h:46->firmware/myproject.cpp:60]   --->   Operation 252 'select' 'select_ln46_305' <Predicate = (or_ln46_306 & icmp_ln45_100)> <Delay = 0.29> <CoreInst = "Sel">   --->   Core 73 'Sel' <Latency = 0> <II = 1> <Delay = 0.29> <FuncUnit> <Opcode : 'select'> <InPorts = 3> <OutPorts = 1>
ST_1 : Operation 253 [1/1] (0.00ns) (grouped into LUT with out node layer10_out_11_0)   --->   "%select_ln46_306 = select i1 %or_ln46_306, i6 %select_ln46_305, i6 %add_ln46_100" [firmware/nnet_utils/nnet_activation.h:46->firmware/myproject.cpp:60]   --->   Operation 253 'select' 'select_ln46_306' <Predicate = (icmp_ln45_100)> <Delay = 0.00> <CoreInst = "Sel">   --->   Core 73 'Sel' <Latency = 0> <II = 1> <Delay = 0.29> <FuncUnit> <Opcode : 'select'> <InPorts = 3> <OutPorts = 1>
ST_1 : Operation 254 [1/1] (0.29ns) (out node of the LUT)   --->   "%layer10_out_11_0 = select i1 %icmp_ln45_100, i6 %select_ln46_306, i6 0" [firmware/nnet_utils/nnet_activation.h:45->firmware/myproject.cpp:60]   --->   Operation 254 'select' 'layer10_out_11_0' <Predicate = true> <Delay = 0.29> <CoreInst = "Sel">   --->   Core 73 'Sel' <Latency = 0> <II = 1> <Delay = 0.29> <FuncUnit> <Opcode : 'select'> <InPorts = 3> <OutPorts = 1>
ST_1 : Operation 255 [1/1] (0.79ns)   --->   "%icmp_ln45_101 = icmp_sgt  i18 %layer8_out_12_val_read, i18 0" [firmware/nnet_utils/nnet_activation.h:45->firmware/myproject.cpp:60]   --->   Operation 255 'icmp' 'icmp_ln45_101' <Predicate = true> <Delay = 0.79> <CoreInst = "Cmp">   --->   Core 9 'Cmp' <Latency = 0> <II = 1> <Delay = 0.79> <FuncUnit> <Opcode : 'seteq' 'setne' 'setle' 'setge' 'setlt' 'setgt'> <InPorts = 2> <OutPorts = 1>
ST_1 : Operation 256 [1/1] (0.00ns)   --->   "%tmp_619 = bitselect i1 @_ssdm_op_BitSelect.i1.i18.i32, i18 %layer8_out_12_val_read, i32 17" [firmware/nnet_utils/nnet_activation.h:46->firmware/myproject.cpp:60]   --->   Operation 256 'bitselect' 'tmp_619' <Predicate = (icmp_ln45_101)> <Delay = 0.00>
ST_1 : Operation 257 [1/1] (0.00ns) (grouped into LUT with out node add_ln46_101)   --->   "%trunc_ln46_98 = partselect i6 @_ssdm_op_PartSelect.i6.i18.i32.i32, i18 %layer8_out_12_val_read, i32 5, i32 10" [firmware/nnet_utils/nnet_activation.h:46->firmware/myproject.cpp:60]   --->   Operation 257 'partselect' 'trunc_ln46_98' <Predicate = (icmp_ln45_101)> <Delay = 0.00>
ST_1 : Operation 258 [1/1] (0.00ns) (grouped into LUT with out node add_ln46_101)   --->   "%tmp_620 = bitselect i1 @_ssdm_op_BitSelect.i1.i18.i32, i18 %layer8_out_12_val_read, i32 4" [firmware/nnet_utils/nnet_activation.h:46->firmware/myproject.cpp:60]   --->   Operation 258 'bitselect' 'tmp_620' <Predicate = (icmp_ln45_101)> <Delay = 0.00>
ST_1 : Operation 259 [1/1] (0.00ns)   --->   "%trunc_ln46_162 = trunc i18 %layer8_out_12_val_read" [firmware/nnet_utils/nnet_activation.h:46->firmware/myproject.cpp:60]   --->   Operation 259 'trunc' 'trunc_ln46_162' <Predicate = (icmp_ln45_101)> <Delay = 0.00>
ST_1 : Operation 260 [1/1] (0.70ns)   --->   "%icmp_ln46_204 = icmp_ne  i4 %trunc_ln46_162, i4 0" [firmware/nnet_utils/nnet_activation.h:46->firmware/myproject.cpp:60]   --->   Operation 260 'icmp' 'icmp_ln46_204' <Predicate = (icmp_ln45_101)> <Delay = 0.70> <CoreInst = "Cmp">   --->   Core 9 'Cmp' <Latency = 0> <II = 1> <Delay = 0.70> <FuncUnit> <Opcode : 'seteq' 'setne' 'setle' 'setge' 'setlt' 'setgt'> <InPorts = 2> <OutPorts = 1>
ST_1 : Operation 261 [1/1] (0.00ns) (grouped into LUT with out node empty_115)   --->   "%tmp_621 = bitselect i1 @_ssdm_op_BitSelect.i1.i18.i32, i18 %layer8_out_12_val_read, i32 10" [firmware/nnet_utils/nnet_activation.h:46->firmware/myproject.cpp:60]   --->   Operation 261 'bitselect' 'tmp_621' <Predicate = (icmp_ln45_101)> <Delay = 0.00>
ST_1 : Operation 262 [1/1] (0.00ns) (grouped into LUT with out node add_ln46_101)   --->   "%tmp_622 = bitselect i1 @_ssdm_op_BitSelect.i1.i18.i32, i18 %layer8_out_12_val_read, i32 5" [firmware/nnet_utils/nnet_activation.h:46->firmware/myproject.cpp:60]   --->   Operation 262 'bitselect' 'tmp_622' <Predicate = (icmp_ln45_101)> <Delay = 0.00>
ST_1 : Operation 263 [1/1] (0.00ns) (grouped into LUT with out node add_ln46_101)   --->   "%or_ln46_307 = or i1 %tmp_622, i1 %icmp_ln46_204" [firmware/nnet_utils/nnet_activation.h:46->firmware/myproject.cpp:60]   --->   Operation 263 'or' 'or_ln46_307' <Predicate = (icmp_ln45_101)> <Delay = 0.00> <CoreInst = "LogicGate">   --->   Core 74 'LogicGate' <Latency = 0> <II = 1> <Delay = 0.12> <FuncUnit> <Opcode : 'and' 'or' 'xor'> <InPorts = 2> <OutPorts = 1>
ST_1 : Operation 264 [1/1] (0.00ns) (grouped into LUT with out node add_ln46_101)   --->   "%and_ln46_198 = and i1 %or_ln46_307, i1 %tmp_620" [firmware/nnet_utils/nnet_activation.h:46->firmware/myproject.cpp:60]   --->   Operation 264 'and' 'and_ln46_198' <Predicate = (icmp_ln45_101)> <Delay = 0.00> <CoreInst = "LogicGate">   --->   Core 74 'LogicGate' <Latency = 0> <II = 1> <Delay = 0.12> <FuncUnit> <Opcode : 'and' 'or' 'xor'> <InPorts = 2> <OutPorts = 1>
ST_1 : Operation 265 [1/1] (0.00ns) (grouped into LUT with out node add_ln46_101)   --->   "%zext_ln46_101 = zext i1 %and_ln46_198" [firmware/nnet_utils/nnet_activation.h:46->firmware/myproject.cpp:60]   --->   Operation 265 'zext' 'zext_ln46_101' <Predicate = (icmp_ln45_101)> <Delay = 0.00>
ST_1 : Operation 266 [1/1] (0.70ns) (out node of the LUT)   --->   "%add_ln46_101 = add i6 %trunc_ln46_98, i6 %zext_ln46_101" [firmware/nnet_utils/nnet_activation.h:46->firmware/myproject.cpp:60]   --->   Operation 266 'add' 'add_ln46_101' <Predicate = (icmp_ln45_101)> <Delay = 0.70> <CoreInst = "Adder">   --->   Core 1 'Adder' <Latency = 0> <II = 1> <Delay = 0.70> <FuncUnit> <Opcode : 'add' 'sub'> <InPorts = 2> <OutPorts = 1>
ST_1 : Operation 267 [1/1] (0.00ns)   --->   "%tmp_623 = partselect i7 @_ssdm_op_PartSelect.i7.i18.i32, i18 %layer8_out_12_val_read, i32 11" [firmware/nnet_utils/nnet_activation.h:46->firmware/myproject.cpp:60]   --->   Operation 267 'partselect' 'tmp_623' <Predicate = (icmp_ln45_101)> <Delay = 0.00>
ST_1 : Operation 268 [1/1] (0.70ns)   --->   "%icmp_ln46_205 = icmp_eq  i7 %tmp_623, i7 0" [firmware/nnet_utils/nnet_activation.h:46->firmware/myproject.cpp:60]   --->   Operation 268 'icmp' 'icmp_ln46_205' <Predicate = (icmp_ln45_101)> <Delay = 0.70> <CoreInst = "Cmp">   --->   Core 9 'Cmp' <Latency = 0> <II = 1> <Delay = 0.70> <FuncUnit> <Opcode : 'seteq' 'setne' 'setle' 'setge' 'setlt' 'setgt'> <InPorts = 2> <OutPorts = 1>
ST_1 : Operation 269 [1/1] (0.00ns) (grouped into LUT with out node empty_115)   --->   "%tmp_624 = bitselect i1 @_ssdm_op_BitSelect.i1.i6.i32, i6 %add_ln46_101, i32 5" [firmware/nnet_utils/nnet_activation.h:46->firmware/myproject.cpp:60]   --->   Operation 269 'bitselect' 'tmp_624' <Predicate = (icmp_ln45_101)> <Delay = 0.00>
ST_1 : Operation 270 [1/1] (0.00ns) (grouped into LUT with out node empty_115)   --->   "%not_tmp_719 = xor i1 %tmp_621, i1 1" [firmware/nnet_utils/nnet_activation.h:46->firmware/myproject.cpp:60]   --->   Operation 270 'xor' 'not_tmp_719' <Predicate = (icmp_ln45_101)> <Delay = 0.00> <CoreInst = "LogicGate">   --->   Core 74 'LogicGate' <Latency = 0> <II = 1> <Delay = 0.12> <FuncUnit> <Opcode : 'and' 'or' 'xor'> <InPorts = 2> <OutPorts = 1>
ST_1 : Operation 271 [1/1] (0.00ns) (grouped into LUT with out node empty_115)   --->   "%and_ln46_205 = or i1 %tmp_624, i1 %not_tmp_719" [firmware/nnet_utils/nnet_activation.h:46->firmware/myproject.cpp:60]   --->   Operation 271 'or' 'and_ln46_205' <Predicate = (icmp_ln45_101)> <Delay = 0.00> <CoreInst = "LogicGate">   --->   Core 74 'LogicGate' <Latency = 0> <II = 1> <Delay = 0.12> <FuncUnit> <Opcode : 'and' 'or' 'xor'> <InPorts = 2> <OutPorts = 1>
ST_1 : Operation 272 [1/1] (0.12ns) (out node of the LUT)   --->   "%empty_115 = and i1 %icmp_ln46_205, i1 %and_ln46_205" [firmware/nnet_utils/nnet_activation.h:46->firmware/myproject.cpp:60]   --->   Operation 272 'and' 'empty_115' <Predicate = (icmp_ln45_101)> <Delay = 0.12> <CoreInst = "LogicGate">   --->   Core 74 'LogicGate' <Latency = 0> <II = 1> <Delay = 0.12> <FuncUnit> <Opcode : 'and' 'or' 'xor'> <InPorts = 2> <OutPorts = 1>
ST_1 : Operation 273 [1/1] (0.00ns) (grouped into LUT with out node select_ln46_308)   --->   "%or_ln46_308 = or i1 %empty_115, i1 %tmp_619" [firmware/nnet_utils/nnet_activation.h:46->firmware/myproject.cpp:60]   --->   Operation 273 'or' 'or_ln46_308' <Predicate = (or_ln46_309 & icmp_ln45_101)> <Delay = 0.00> <CoreInst = "LogicGate">   --->   Core 74 'LogicGate' <Latency = 0> <II = 1> <Delay = 0.12> <FuncUnit> <Opcode : 'and' 'or' 'xor'> <InPorts = 2> <OutPorts = 1>
ST_1 : Operation 274 [1/1] (0.00ns) (grouped into LUT with out node layer10_out_12_0)   --->   "%xor_ln46_101 = xor i1 %empty_115, i1 1" [firmware/nnet_utils/nnet_activation.h:46->firmware/myproject.cpp:60]   --->   Operation 274 'xor' 'xor_ln46_101' <Predicate = (icmp_ln45_101)> <Delay = 0.00> <CoreInst = "LogicGate">   --->   Core 74 'LogicGate' <Latency = 0> <II = 1> <Delay = 0.12> <FuncUnit> <Opcode : 'and' 'or' 'xor'> <InPorts = 2> <OutPorts = 1>
ST_1 : Operation 275 [1/1] (0.00ns) (grouped into LUT with out node layer10_out_12_0)   --->   "%or_ln46_309 = or i1 %tmp_619, i1 %xor_ln46_101" [firmware/nnet_utils/nnet_activation.h:46->firmware/myproject.cpp:60]   --->   Operation 275 'or' 'or_ln46_309' <Predicate = (icmp_ln45_101)> <Delay = 0.00> <CoreInst = "LogicGate">   --->   Core 74 'LogicGate' <Latency = 0> <II = 1> <Delay = 0.12> <FuncUnit> <Opcode : 'and' 'or' 'xor'> <InPorts = 2> <OutPorts = 1>
ST_1 : Operation 276 [1/1] (0.00ns) (grouped into LUT with out node select_ln46_308)   --->   "%select_ln46_307 = select i1 %tmp_619, i6 0, i6 %add_ln46_101" [firmware/nnet_utils/nnet_activation.h:46->firmware/myproject.cpp:60]   --->   Operation 276 'select' 'select_ln46_307' <Predicate = (or_ln46_308 & or_ln46_309 & icmp_ln45_101)> <Delay = 0.00> <CoreInst = "Sel">   --->   Core 73 'Sel' <Latency = 0> <II = 1> <Delay = 0.29> <FuncUnit> <Opcode : 'select'> <InPorts = 3> <OutPorts = 1>
ST_1 : Operation 277 [1/1] (0.29ns) (out node of the LUT)   --->   "%select_ln46_308 = select i1 %or_ln46_308, i6 %select_ln46_307, i6 63" [firmware/nnet_utils/nnet_activation.h:46->firmware/myproject.cpp:60]   --->   Operation 277 'select' 'select_ln46_308' <Predicate = (or_ln46_309 & icmp_ln45_101)> <Delay = 0.29> <CoreInst = "Sel">   --->   Core 73 'Sel' <Latency = 0> <II = 1> <Delay = 0.29> <FuncUnit> <Opcode : 'select'> <InPorts = 3> <OutPorts = 1>
ST_1 : Operation 278 [1/1] (0.00ns) (grouped into LUT with out node layer10_out_12_0)   --->   "%select_ln46_309 = select i1 %or_ln46_309, i6 %select_ln46_308, i6 %add_ln46_101" [firmware/nnet_utils/nnet_activation.h:46->firmware/myproject.cpp:60]   --->   Operation 278 'select' 'select_ln46_309' <Predicate = (icmp_ln45_101)> <Delay = 0.00> <CoreInst = "Sel">   --->   Core 73 'Sel' <Latency = 0> <II = 1> <Delay = 0.29> <FuncUnit> <Opcode : 'select'> <InPorts = 3> <OutPorts = 1>
ST_1 : Operation 279 [1/1] (0.29ns) (out node of the LUT)   --->   "%layer10_out_12_0 = select i1 %icmp_ln45_101, i6 %select_ln46_309, i6 0" [firmware/nnet_utils/nnet_activation.h:45->firmware/myproject.cpp:60]   --->   Operation 279 'select' 'layer10_out_12_0' <Predicate = true> <Delay = 0.29> <CoreInst = "Sel">   --->   Core 73 'Sel' <Latency = 0> <II = 1> <Delay = 0.29> <FuncUnit> <Opcode : 'select'> <InPorts = 3> <OutPorts = 1>
ST_1 : Operation 280 [1/1] (0.79ns)   --->   "%icmp_ln45_102 = icmp_sgt  i18 %layer8_out_13_val_read, i18 0" [firmware/nnet_utils/nnet_activation.h:45->firmware/myproject.cpp:60]   --->   Operation 280 'icmp' 'icmp_ln45_102' <Predicate = true> <Delay = 0.79> <CoreInst = "Cmp">   --->   Core 9 'Cmp' <Latency = 0> <II = 1> <Delay = 0.79> <FuncUnit> <Opcode : 'seteq' 'setne' 'setle' 'setge' 'setlt' 'setgt'> <InPorts = 2> <OutPorts = 1>
ST_1 : Operation 281 [1/1] (0.00ns)   --->   "%tmp_625 = bitselect i1 @_ssdm_op_BitSelect.i1.i18.i32, i18 %layer8_out_13_val_read, i32 17" [firmware/nnet_utils/nnet_activation.h:46->firmware/myproject.cpp:60]   --->   Operation 281 'bitselect' 'tmp_625' <Predicate = (icmp_ln45_102)> <Delay = 0.00>
ST_1 : Operation 282 [1/1] (0.00ns) (grouped into LUT with out node add_ln46_102)   --->   "%trunc_ln46_99 = partselect i6 @_ssdm_op_PartSelect.i6.i18.i32.i32, i18 %layer8_out_13_val_read, i32 5, i32 10" [firmware/nnet_utils/nnet_activation.h:46->firmware/myproject.cpp:60]   --->   Operation 282 'partselect' 'trunc_ln46_99' <Predicate = (icmp_ln45_102)> <Delay = 0.00>
ST_1 : Operation 283 [1/1] (0.00ns) (grouped into LUT with out node add_ln46_102)   --->   "%tmp_626 = bitselect i1 @_ssdm_op_BitSelect.i1.i18.i32, i18 %layer8_out_13_val_read, i32 4" [firmware/nnet_utils/nnet_activation.h:46->firmware/myproject.cpp:60]   --->   Operation 283 'bitselect' 'tmp_626' <Predicate = (icmp_ln45_102)> <Delay = 0.00>
ST_1 : Operation 284 [1/1] (0.00ns)   --->   "%trunc_ln46_163 = trunc i18 %layer8_out_13_val_read" [firmware/nnet_utils/nnet_activation.h:46->firmware/myproject.cpp:60]   --->   Operation 284 'trunc' 'trunc_ln46_163' <Predicate = (icmp_ln45_102)> <Delay = 0.00>
ST_1 : Operation 285 [1/1] (0.70ns)   --->   "%icmp_ln46_206 = icmp_ne  i4 %trunc_ln46_163, i4 0" [firmware/nnet_utils/nnet_activation.h:46->firmware/myproject.cpp:60]   --->   Operation 285 'icmp' 'icmp_ln46_206' <Predicate = (icmp_ln45_102)> <Delay = 0.70> <CoreInst = "Cmp">   --->   Core 9 'Cmp' <Latency = 0> <II = 1> <Delay = 0.70> <FuncUnit> <Opcode : 'seteq' 'setne' 'setle' 'setge' 'setlt' 'setgt'> <InPorts = 2> <OutPorts = 1>
ST_1 : Operation 286 [1/1] (0.00ns) (grouped into LUT with out node empty_116)   --->   "%tmp_627 = bitselect i1 @_ssdm_op_BitSelect.i1.i18.i32, i18 %layer8_out_13_val_read, i32 10" [firmware/nnet_utils/nnet_activation.h:46->firmware/myproject.cpp:60]   --->   Operation 286 'bitselect' 'tmp_627' <Predicate = (icmp_ln45_102)> <Delay = 0.00>
ST_1 : Operation 287 [1/1] (0.00ns) (grouped into LUT with out node add_ln46_102)   --->   "%tmp_628 = bitselect i1 @_ssdm_op_BitSelect.i1.i18.i32, i18 %layer8_out_13_val_read, i32 5" [firmware/nnet_utils/nnet_activation.h:46->firmware/myproject.cpp:60]   --->   Operation 287 'bitselect' 'tmp_628' <Predicate = (icmp_ln45_102)> <Delay = 0.00>
ST_1 : Operation 288 [1/1] (0.00ns) (grouped into LUT with out node add_ln46_102)   --->   "%or_ln46_310 = or i1 %tmp_628, i1 %icmp_ln46_206" [firmware/nnet_utils/nnet_activation.h:46->firmware/myproject.cpp:60]   --->   Operation 288 'or' 'or_ln46_310' <Predicate = (icmp_ln45_102)> <Delay = 0.00> <CoreInst = "LogicGate">   --->   Core 74 'LogicGate' <Latency = 0> <II = 1> <Delay = 0.12> <FuncUnit> <Opcode : 'and' 'or' 'xor'> <InPorts = 2> <OutPorts = 1>
ST_1 : Operation 289 [1/1] (0.00ns) (grouped into LUT with out node add_ln46_102)   --->   "%and_ln46_200 = and i1 %or_ln46_310, i1 %tmp_626" [firmware/nnet_utils/nnet_activation.h:46->firmware/myproject.cpp:60]   --->   Operation 289 'and' 'and_ln46_200' <Predicate = (icmp_ln45_102)> <Delay = 0.00> <CoreInst = "LogicGate">   --->   Core 74 'LogicGate' <Latency = 0> <II = 1> <Delay = 0.12> <FuncUnit> <Opcode : 'and' 'or' 'xor'> <InPorts = 2> <OutPorts = 1>
ST_1 : Operation 290 [1/1] (0.00ns) (grouped into LUT with out node add_ln46_102)   --->   "%zext_ln46_102 = zext i1 %and_ln46_200" [firmware/nnet_utils/nnet_activation.h:46->firmware/myproject.cpp:60]   --->   Operation 290 'zext' 'zext_ln46_102' <Predicate = (icmp_ln45_102)> <Delay = 0.00>
ST_1 : Operation 291 [1/1] (0.70ns) (out node of the LUT)   --->   "%add_ln46_102 = add i6 %trunc_ln46_99, i6 %zext_ln46_102" [firmware/nnet_utils/nnet_activation.h:46->firmware/myproject.cpp:60]   --->   Operation 291 'add' 'add_ln46_102' <Predicate = (icmp_ln45_102)> <Delay = 0.70> <CoreInst = "Adder">   --->   Core 1 'Adder' <Latency = 0> <II = 1> <Delay = 0.70> <FuncUnit> <Opcode : 'add' 'sub'> <InPorts = 2> <OutPorts = 1>
ST_1 : Operation 292 [1/1] (0.00ns)   --->   "%tmp_629 = partselect i7 @_ssdm_op_PartSelect.i7.i18.i32, i18 %layer8_out_13_val_read, i32 11" [firmware/nnet_utils/nnet_activation.h:46->firmware/myproject.cpp:60]   --->   Operation 292 'partselect' 'tmp_629' <Predicate = (icmp_ln45_102)> <Delay = 0.00>
ST_1 : Operation 293 [1/1] (0.70ns)   --->   "%icmp_ln46_207 = icmp_eq  i7 %tmp_629, i7 0" [firmware/nnet_utils/nnet_activation.h:46->firmware/myproject.cpp:60]   --->   Operation 293 'icmp' 'icmp_ln46_207' <Predicate = (icmp_ln45_102)> <Delay = 0.70> <CoreInst = "Cmp">   --->   Core 9 'Cmp' <Latency = 0> <II = 1> <Delay = 0.70> <FuncUnit> <Opcode : 'seteq' 'setne' 'setle' 'setge' 'setlt' 'setgt'> <InPorts = 2> <OutPorts = 1>
ST_1 : Operation 294 [1/1] (0.00ns) (grouped into LUT with out node empty_116)   --->   "%tmp_630 = bitselect i1 @_ssdm_op_BitSelect.i1.i6.i32, i6 %add_ln46_102, i32 5" [firmware/nnet_utils/nnet_activation.h:46->firmware/myproject.cpp:60]   --->   Operation 294 'bitselect' 'tmp_630' <Predicate = (icmp_ln45_102)> <Delay = 0.00>
ST_1 : Operation 295 [1/1] (0.00ns) (grouped into LUT with out node empty_116)   --->   "%not_tmp_726 = xor i1 %tmp_627, i1 1" [firmware/nnet_utils/nnet_activation.h:46->firmware/myproject.cpp:60]   --->   Operation 295 'xor' 'not_tmp_726' <Predicate = (icmp_ln45_102)> <Delay = 0.00> <CoreInst = "LogicGate">   --->   Core 74 'LogicGate' <Latency = 0> <II = 1> <Delay = 0.12> <FuncUnit> <Opcode : 'and' 'or' 'xor'> <InPorts = 2> <OutPorts = 1>
ST_1 : Operation 296 [1/1] (0.00ns) (grouped into LUT with out node empty_116)   --->   "%and_ln46_207 = or i1 %tmp_630, i1 %not_tmp_726" [firmware/nnet_utils/nnet_activation.h:46->firmware/myproject.cpp:60]   --->   Operation 296 'or' 'and_ln46_207' <Predicate = (icmp_ln45_102)> <Delay = 0.00> <CoreInst = "LogicGate">   --->   Core 74 'LogicGate' <Latency = 0> <II = 1> <Delay = 0.12> <FuncUnit> <Opcode : 'and' 'or' 'xor'> <InPorts = 2> <OutPorts = 1>
ST_1 : Operation 297 [1/1] (0.12ns) (out node of the LUT)   --->   "%empty_116 = and i1 %icmp_ln46_207, i1 %and_ln46_207" [firmware/nnet_utils/nnet_activation.h:46->firmware/myproject.cpp:60]   --->   Operation 297 'and' 'empty_116' <Predicate = (icmp_ln45_102)> <Delay = 0.12> <CoreInst = "LogicGate">   --->   Core 74 'LogicGate' <Latency = 0> <II = 1> <Delay = 0.12> <FuncUnit> <Opcode : 'and' 'or' 'xor'> <InPorts = 2> <OutPorts = 1>
ST_1 : Operation 298 [1/1] (0.00ns) (grouped into LUT with out node select_ln46_311)   --->   "%or_ln46_311 = or i1 %empty_116, i1 %tmp_625" [firmware/nnet_utils/nnet_activation.h:46->firmware/myproject.cpp:60]   --->   Operation 298 'or' 'or_ln46_311' <Predicate = (or_ln46_312 & icmp_ln45_102)> <Delay = 0.00> <CoreInst = "LogicGate">   --->   Core 74 'LogicGate' <Latency = 0> <II = 1> <Delay = 0.12> <FuncUnit> <Opcode : 'and' 'or' 'xor'> <InPorts = 2> <OutPorts = 1>
ST_1 : Operation 299 [1/1] (0.00ns) (grouped into LUT with out node layer10_out_13_0)   --->   "%xor_ln46_102 = xor i1 %empty_116, i1 1" [firmware/nnet_utils/nnet_activation.h:46->firmware/myproject.cpp:60]   --->   Operation 299 'xor' 'xor_ln46_102' <Predicate = (icmp_ln45_102)> <Delay = 0.00> <CoreInst = "LogicGate">   --->   Core 74 'LogicGate' <Latency = 0> <II = 1> <Delay = 0.12> <FuncUnit> <Opcode : 'and' 'or' 'xor'> <InPorts = 2> <OutPorts = 1>
ST_1 : Operation 300 [1/1] (0.00ns) (grouped into LUT with out node layer10_out_13_0)   --->   "%or_ln46_312 = or i1 %tmp_625, i1 %xor_ln46_102" [firmware/nnet_utils/nnet_activation.h:46->firmware/myproject.cpp:60]   --->   Operation 300 'or' 'or_ln46_312' <Predicate = (icmp_ln45_102)> <Delay = 0.00> <CoreInst = "LogicGate">   --->   Core 74 'LogicGate' <Latency = 0> <II = 1> <Delay = 0.12> <FuncUnit> <Opcode : 'and' 'or' 'xor'> <InPorts = 2> <OutPorts = 1>
ST_1 : Operation 301 [1/1] (0.00ns) (grouped into LUT with out node select_ln46_311)   --->   "%select_ln46_310 = select i1 %tmp_625, i6 0, i6 %add_ln46_102" [firmware/nnet_utils/nnet_activation.h:46->firmware/myproject.cpp:60]   --->   Operation 301 'select' 'select_ln46_310' <Predicate = (or_ln46_311 & or_ln46_312 & icmp_ln45_102)> <Delay = 0.00> <CoreInst = "Sel">   --->   Core 73 'Sel' <Latency = 0> <II = 1> <Delay = 0.29> <FuncUnit> <Opcode : 'select'> <InPorts = 3> <OutPorts = 1>
ST_1 : Operation 302 [1/1] (0.29ns) (out node of the LUT)   --->   "%select_ln46_311 = select i1 %or_ln46_311, i6 %select_ln46_310, i6 63" [firmware/nnet_utils/nnet_activation.h:46->firmware/myproject.cpp:60]   --->   Operation 302 'select' 'select_ln46_311' <Predicate = (or_ln46_312 & icmp_ln45_102)> <Delay = 0.29> <CoreInst = "Sel">   --->   Core 73 'Sel' <Latency = 0> <II = 1> <Delay = 0.29> <FuncUnit> <Opcode : 'select'> <InPorts = 3> <OutPorts = 1>
ST_1 : Operation 303 [1/1] (0.00ns) (grouped into LUT with out node layer10_out_13_0)   --->   "%select_ln46_312 = select i1 %or_ln46_312, i6 %select_ln46_311, i6 %add_ln46_102" [firmware/nnet_utils/nnet_activation.h:46->firmware/myproject.cpp:60]   --->   Operation 303 'select' 'select_ln46_312' <Predicate = (icmp_ln45_102)> <Delay = 0.00> <CoreInst = "Sel">   --->   Core 73 'Sel' <Latency = 0> <II = 1> <Delay = 0.29> <FuncUnit> <Opcode : 'select'> <InPorts = 3> <OutPorts = 1>
ST_1 : Operation 304 [1/1] (0.29ns) (out node of the LUT)   --->   "%layer10_out_13_0 = select i1 %icmp_ln45_102, i6 %select_ln46_312, i6 0" [firmware/nnet_utils/nnet_activation.h:45->firmware/myproject.cpp:60]   --->   Operation 304 'select' 'layer10_out_13_0' <Predicate = true> <Delay = 0.29> <CoreInst = "Sel">   --->   Core 73 'Sel' <Latency = 0> <II = 1> <Delay = 0.29> <FuncUnit> <Opcode : 'select'> <InPorts = 3> <OutPorts = 1>
ST_1 : Operation 305 [1/1] (0.79ns)   --->   "%icmp_ln45_103 = icmp_sgt  i18 %layer8_out_14_val_read, i18 0" [firmware/nnet_utils/nnet_activation.h:45->firmware/myproject.cpp:60]   --->   Operation 305 'icmp' 'icmp_ln45_103' <Predicate = true> <Delay = 0.79> <CoreInst = "Cmp">   --->   Core 9 'Cmp' <Latency = 0> <II = 1> <Delay = 0.79> <FuncUnit> <Opcode : 'seteq' 'setne' 'setle' 'setge' 'setlt' 'setgt'> <InPorts = 2> <OutPorts = 1>
ST_1 : Operation 306 [1/1] (0.00ns)   --->   "%tmp_631 = bitselect i1 @_ssdm_op_BitSelect.i1.i18.i32, i18 %layer8_out_14_val_read, i32 17" [firmware/nnet_utils/nnet_activation.h:46->firmware/myproject.cpp:60]   --->   Operation 306 'bitselect' 'tmp_631' <Predicate = (icmp_ln45_103)> <Delay = 0.00>
ST_1 : Operation 307 [1/1] (0.00ns) (grouped into LUT with out node add_ln46_103)   --->   "%trunc_ln46_100 = partselect i6 @_ssdm_op_PartSelect.i6.i18.i32.i32, i18 %layer8_out_14_val_read, i32 5, i32 10" [firmware/nnet_utils/nnet_activation.h:46->firmware/myproject.cpp:60]   --->   Operation 307 'partselect' 'trunc_ln46_100' <Predicate = (icmp_ln45_103)> <Delay = 0.00>
ST_1 : Operation 308 [1/1] (0.00ns) (grouped into LUT with out node add_ln46_103)   --->   "%tmp_632 = bitselect i1 @_ssdm_op_BitSelect.i1.i18.i32, i18 %layer8_out_14_val_read, i32 4" [firmware/nnet_utils/nnet_activation.h:46->firmware/myproject.cpp:60]   --->   Operation 308 'bitselect' 'tmp_632' <Predicate = (icmp_ln45_103)> <Delay = 0.00>
ST_1 : Operation 309 [1/1] (0.00ns)   --->   "%trunc_ln46_164 = trunc i18 %layer8_out_14_val_read" [firmware/nnet_utils/nnet_activation.h:46->firmware/myproject.cpp:60]   --->   Operation 309 'trunc' 'trunc_ln46_164' <Predicate = (icmp_ln45_103)> <Delay = 0.00>
ST_1 : Operation 310 [1/1] (0.70ns)   --->   "%icmp_ln46_208 = icmp_ne  i4 %trunc_ln46_164, i4 0" [firmware/nnet_utils/nnet_activation.h:46->firmware/myproject.cpp:60]   --->   Operation 310 'icmp' 'icmp_ln46_208' <Predicate = (icmp_ln45_103)> <Delay = 0.70> <CoreInst = "Cmp">   --->   Core 9 'Cmp' <Latency = 0> <II = 1> <Delay = 0.70> <FuncUnit> <Opcode : 'seteq' 'setne' 'setle' 'setge' 'setlt' 'setgt'> <InPorts = 2> <OutPorts = 1>
ST_1 : Operation 311 [1/1] (0.00ns) (grouped into LUT with out node empty_117)   --->   "%tmp_633 = bitselect i1 @_ssdm_op_BitSelect.i1.i18.i32, i18 %layer8_out_14_val_read, i32 10" [firmware/nnet_utils/nnet_activation.h:46->firmware/myproject.cpp:60]   --->   Operation 311 'bitselect' 'tmp_633' <Predicate = (icmp_ln45_103)> <Delay = 0.00>
ST_1 : Operation 312 [1/1] (0.00ns) (grouped into LUT with out node add_ln46_103)   --->   "%tmp_634 = bitselect i1 @_ssdm_op_BitSelect.i1.i18.i32, i18 %layer8_out_14_val_read, i32 5" [firmware/nnet_utils/nnet_activation.h:46->firmware/myproject.cpp:60]   --->   Operation 312 'bitselect' 'tmp_634' <Predicate = (icmp_ln45_103)> <Delay = 0.00>
ST_1 : Operation 313 [1/1] (0.00ns) (grouped into LUT with out node add_ln46_103)   --->   "%or_ln46_313 = or i1 %tmp_634, i1 %icmp_ln46_208" [firmware/nnet_utils/nnet_activation.h:46->firmware/myproject.cpp:60]   --->   Operation 313 'or' 'or_ln46_313' <Predicate = (icmp_ln45_103)> <Delay = 0.00> <CoreInst = "LogicGate">   --->   Core 74 'LogicGate' <Latency = 0> <II = 1> <Delay = 0.12> <FuncUnit> <Opcode : 'and' 'or' 'xor'> <InPorts = 2> <OutPorts = 1>
ST_1 : Operation 314 [1/1] (0.00ns) (grouped into LUT with out node add_ln46_103)   --->   "%and_ln46_202 = and i1 %or_ln46_313, i1 %tmp_632" [firmware/nnet_utils/nnet_activation.h:46->firmware/myproject.cpp:60]   --->   Operation 314 'and' 'and_ln46_202' <Predicate = (icmp_ln45_103)> <Delay = 0.00> <CoreInst = "LogicGate">   --->   Core 74 'LogicGate' <Latency = 0> <II = 1> <Delay = 0.12> <FuncUnit> <Opcode : 'and' 'or' 'xor'> <InPorts = 2> <OutPorts = 1>
ST_1 : Operation 315 [1/1] (0.00ns) (grouped into LUT with out node add_ln46_103)   --->   "%zext_ln46_103 = zext i1 %and_ln46_202" [firmware/nnet_utils/nnet_activation.h:46->firmware/myproject.cpp:60]   --->   Operation 315 'zext' 'zext_ln46_103' <Predicate = (icmp_ln45_103)> <Delay = 0.00>
ST_1 : Operation 316 [1/1] (0.70ns) (out node of the LUT)   --->   "%add_ln46_103 = add i6 %trunc_ln46_100, i6 %zext_ln46_103" [firmware/nnet_utils/nnet_activation.h:46->firmware/myproject.cpp:60]   --->   Operation 316 'add' 'add_ln46_103' <Predicate = (icmp_ln45_103)> <Delay = 0.70> <CoreInst = "Adder">   --->   Core 1 'Adder' <Latency = 0> <II = 1> <Delay = 0.70> <FuncUnit> <Opcode : 'add' 'sub'> <InPorts = 2> <OutPorts = 1>
ST_1 : Operation 317 [1/1] (0.00ns)   --->   "%tmp_635 = partselect i7 @_ssdm_op_PartSelect.i7.i18.i32, i18 %layer8_out_14_val_read, i32 11" [firmware/nnet_utils/nnet_activation.h:46->firmware/myproject.cpp:60]   --->   Operation 317 'partselect' 'tmp_635' <Predicate = (icmp_ln45_103)> <Delay = 0.00>
ST_1 : Operation 318 [1/1] (0.70ns)   --->   "%icmp_ln46_209 = icmp_eq  i7 %tmp_635, i7 0" [firmware/nnet_utils/nnet_activation.h:46->firmware/myproject.cpp:60]   --->   Operation 318 'icmp' 'icmp_ln46_209' <Predicate = (icmp_ln45_103)> <Delay = 0.70> <CoreInst = "Cmp">   --->   Core 9 'Cmp' <Latency = 0> <II = 1> <Delay = 0.70> <FuncUnit> <Opcode : 'seteq' 'setne' 'setle' 'setge' 'setlt' 'setgt'> <InPorts = 2> <OutPorts = 1>
ST_1 : Operation 319 [1/1] (0.00ns) (grouped into LUT with out node empty_117)   --->   "%tmp_636 = bitselect i1 @_ssdm_op_BitSelect.i1.i6.i32, i6 %add_ln46_103, i32 5" [firmware/nnet_utils/nnet_activation.h:46->firmware/myproject.cpp:60]   --->   Operation 319 'bitselect' 'tmp_636' <Predicate = (icmp_ln45_103)> <Delay = 0.00>
ST_1 : Operation 320 [1/1] (0.00ns) (grouped into LUT with out node empty_117)   --->   "%not_tmp_733 = xor i1 %tmp_633, i1 1" [firmware/nnet_utils/nnet_activation.h:46->firmware/myproject.cpp:60]   --->   Operation 320 'xor' 'not_tmp_733' <Predicate = (icmp_ln45_103)> <Delay = 0.00> <CoreInst = "LogicGate">   --->   Core 74 'LogicGate' <Latency = 0> <II = 1> <Delay = 0.12> <FuncUnit> <Opcode : 'and' 'or' 'xor'> <InPorts = 2> <OutPorts = 1>
ST_1 : Operation 321 [1/1] (0.00ns) (grouped into LUT with out node empty_117)   --->   "%and_ln46_209 = or i1 %tmp_636, i1 %not_tmp_733" [firmware/nnet_utils/nnet_activation.h:46->firmware/myproject.cpp:60]   --->   Operation 321 'or' 'and_ln46_209' <Predicate = (icmp_ln45_103)> <Delay = 0.00> <CoreInst = "LogicGate">   --->   Core 74 'LogicGate' <Latency = 0> <II = 1> <Delay = 0.12> <FuncUnit> <Opcode : 'and' 'or' 'xor'> <InPorts = 2> <OutPorts = 1>
ST_1 : Operation 322 [1/1] (0.12ns) (out node of the LUT)   --->   "%empty_117 = and i1 %icmp_ln46_209, i1 %and_ln46_209" [firmware/nnet_utils/nnet_activation.h:46->firmware/myproject.cpp:60]   --->   Operation 322 'and' 'empty_117' <Predicate = (icmp_ln45_103)> <Delay = 0.12> <CoreInst = "LogicGate">   --->   Core 74 'LogicGate' <Latency = 0> <II = 1> <Delay = 0.12> <FuncUnit> <Opcode : 'and' 'or' 'xor'> <InPorts = 2> <OutPorts = 1>
ST_1 : Operation 323 [1/1] (0.00ns) (grouped into LUT with out node select_ln46_314)   --->   "%or_ln46_314 = or i1 %empty_117, i1 %tmp_631" [firmware/nnet_utils/nnet_activation.h:46->firmware/myproject.cpp:60]   --->   Operation 323 'or' 'or_ln46_314' <Predicate = (or_ln46_315 & icmp_ln45_103)> <Delay = 0.00> <CoreInst = "LogicGate">   --->   Core 74 'LogicGate' <Latency = 0> <II = 1> <Delay = 0.12> <FuncUnit> <Opcode : 'and' 'or' 'xor'> <InPorts = 2> <OutPorts = 1>
ST_1 : Operation 324 [1/1] (0.00ns) (grouped into LUT with out node layer10_out_1436_0)   --->   "%xor_ln46_103 = xor i1 %empty_117, i1 1" [firmware/nnet_utils/nnet_activation.h:46->firmware/myproject.cpp:60]   --->   Operation 324 'xor' 'xor_ln46_103' <Predicate = (icmp_ln45_103)> <Delay = 0.00> <CoreInst = "LogicGate">   --->   Core 74 'LogicGate' <Latency = 0> <II = 1> <Delay = 0.12> <FuncUnit> <Opcode : 'and' 'or' 'xor'> <InPorts = 2> <OutPorts = 1>
ST_1 : Operation 325 [1/1] (0.00ns) (grouped into LUT with out node layer10_out_1436_0)   --->   "%or_ln46_315 = or i1 %tmp_631, i1 %xor_ln46_103" [firmware/nnet_utils/nnet_activation.h:46->firmware/myproject.cpp:60]   --->   Operation 325 'or' 'or_ln46_315' <Predicate = (icmp_ln45_103)> <Delay = 0.00> <CoreInst = "LogicGate">   --->   Core 74 'LogicGate' <Latency = 0> <II = 1> <Delay = 0.12> <FuncUnit> <Opcode : 'and' 'or' 'xor'> <InPorts = 2> <OutPorts = 1>
ST_1 : Operation 326 [1/1] (0.00ns) (grouped into LUT with out node select_ln46_314)   --->   "%select_ln46_313 = select i1 %tmp_631, i6 0, i6 %add_ln46_103" [firmware/nnet_utils/nnet_activation.h:46->firmware/myproject.cpp:60]   --->   Operation 326 'select' 'select_ln46_313' <Predicate = (or_ln46_314 & or_ln46_315 & icmp_ln45_103)> <Delay = 0.00> <CoreInst = "Sel">   --->   Core 73 'Sel' <Latency = 0> <II = 1> <Delay = 0.29> <FuncUnit> <Opcode : 'select'> <InPorts = 3> <OutPorts = 1>
ST_1 : Operation 327 [1/1] (0.29ns) (out node of the LUT)   --->   "%select_ln46_314 = select i1 %or_ln46_314, i6 %select_ln46_313, i6 63" [firmware/nnet_utils/nnet_activation.h:46->firmware/myproject.cpp:60]   --->   Operation 327 'select' 'select_ln46_314' <Predicate = (or_ln46_315 & icmp_ln45_103)> <Delay = 0.29> <CoreInst = "Sel">   --->   Core 73 'Sel' <Latency = 0> <II = 1> <Delay = 0.29> <FuncUnit> <Opcode : 'select'> <InPorts = 3> <OutPorts = 1>
ST_1 : Operation 328 [1/1] (0.00ns) (grouped into LUT with out node layer10_out_1436_0)   --->   "%select_ln46_315 = select i1 %or_ln46_315, i6 %select_ln46_314, i6 %add_ln46_103" [firmware/nnet_utils/nnet_activation.h:46->firmware/myproject.cpp:60]   --->   Operation 328 'select' 'select_ln46_315' <Predicate = (icmp_ln45_103)> <Delay = 0.00> <CoreInst = "Sel">   --->   Core 73 'Sel' <Latency = 0> <II = 1> <Delay = 0.29> <FuncUnit> <Opcode : 'select'> <InPorts = 3> <OutPorts = 1>
ST_1 : Operation 329 [1/1] (0.29ns) (out node of the LUT)   --->   "%layer10_out_1436_0 = select i1 %icmp_ln45_103, i6 %select_ln46_315, i6 0" [firmware/nnet_utils/nnet_activation.h:45->firmware/myproject.cpp:60]   --->   Operation 329 'select' 'layer10_out_1436_0' <Predicate = true> <Delay = 0.29> <CoreInst = "Sel">   --->   Core 73 'Sel' <Latency = 0> <II = 1> <Delay = 0.29> <FuncUnit> <Opcode : 'select'> <InPorts = 3> <OutPorts = 1>
ST_1 : Operation 330 [1/1] (0.79ns)   --->   "%icmp_ln45_104 = icmp_sgt  i18 %layer8_out_15_val_read, i18 0" [firmware/nnet_utils/nnet_activation.h:45->firmware/myproject.cpp:60]   --->   Operation 330 'icmp' 'icmp_ln45_104' <Predicate = true> <Delay = 0.79> <CoreInst = "Cmp">   --->   Core 9 'Cmp' <Latency = 0> <II = 1> <Delay = 0.79> <FuncUnit> <Opcode : 'seteq' 'setne' 'setle' 'setge' 'setlt' 'setgt'> <InPorts = 2> <OutPorts = 1>
ST_1 : Operation 331 [1/1] (0.00ns)   --->   "%tmp_637 = bitselect i1 @_ssdm_op_BitSelect.i1.i18.i32, i18 %layer8_out_15_val_read, i32 17" [firmware/nnet_utils/nnet_activation.h:46->firmware/myproject.cpp:60]   --->   Operation 331 'bitselect' 'tmp_637' <Predicate = (icmp_ln45_104)> <Delay = 0.00>
ST_1 : Operation 332 [1/1] (0.00ns) (grouped into LUT with out node add_ln46_104)   --->   "%trunc_ln46_101 = partselect i6 @_ssdm_op_PartSelect.i6.i18.i32.i32, i18 %layer8_out_15_val_read, i32 5, i32 10" [firmware/nnet_utils/nnet_activation.h:46->firmware/myproject.cpp:60]   --->   Operation 332 'partselect' 'trunc_ln46_101' <Predicate = (icmp_ln45_104)> <Delay = 0.00>
ST_1 : Operation 333 [1/1] (0.00ns) (grouped into LUT with out node add_ln46_104)   --->   "%tmp_638 = bitselect i1 @_ssdm_op_BitSelect.i1.i18.i32, i18 %layer8_out_15_val_read, i32 4" [firmware/nnet_utils/nnet_activation.h:46->firmware/myproject.cpp:60]   --->   Operation 333 'bitselect' 'tmp_638' <Predicate = (icmp_ln45_104)> <Delay = 0.00>
ST_1 : Operation 334 [1/1] (0.00ns)   --->   "%trunc_ln46_165 = trunc i18 %layer8_out_15_val_read" [firmware/nnet_utils/nnet_activation.h:46->firmware/myproject.cpp:60]   --->   Operation 334 'trunc' 'trunc_ln46_165' <Predicate = (icmp_ln45_104)> <Delay = 0.00>
ST_1 : Operation 335 [1/1] (0.70ns)   --->   "%icmp_ln46_210 = icmp_ne  i4 %trunc_ln46_165, i4 0" [firmware/nnet_utils/nnet_activation.h:46->firmware/myproject.cpp:60]   --->   Operation 335 'icmp' 'icmp_ln46_210' <Predicate = (icmp_ln45_104)> <Delay = 0.70> <CoreInst = "Cmp">   --->   Core 9 'Cmp' <Latency = 0> <II = 1> <Delay = 0.70> <FuncUnit> <Opcode : 'seteq' 'setne' 'setle' 'setge' 'setlt' 'setgt'> <InPorts = 2> <OutPorts = 1>
ST_1 : Operation 336 [1/1] (0.00ns) (grouped into LUT with out node empty_118)   --->   "%tmp_639 = bitselect i1 @_ssdm_op_BitSelect.i1.i18.i32, i18 %layer8_out_15_val_read, i32 10" [firmware/nnet_utils/nnet_activation.h:46->firmware/myproject.cpp:60]   --->   Operation 336 'bitselect' 'tmp_639' <Predicate = (icmp_ln45_104)> <Delay = 0.00>
ST_1 : Operation 337 [1/1] (0.00ns) (grouped into LUT with out node add_ln46_104)   --->   "%tmp_640 = bitselect i1 @_ssdm_op_BitSelect.i1.i18.i32, i18 %layer8_out_15_val_read, i32 5" [firmware/nnet_utils/nnet_activation.h:46->firmware/myproject.cpp:60]   --->   Operation 337 'bitselect' 'tmp_640' <Predicate = (icmp_ln45_104)> <Delay = 0.00>
ST_1 : Operation 338 [1/1] (0.00ns) (grouped into LUT with out node add_ln46_104)   --->   "%or_ln46_316 = or i1 %tmp_640, i1 %icmp_ln46_210" [firmware/nnet_utils/nnet_activation.h:46->firmware/myproject.cpp:60]   --->   Operation 338 'or' 'or_ln46_316' <Predicate = (icmp_ln45_104)> <Delay = 0.00> <CoreInst = "LogicGate">   --->   Core 74 'LogicGate' <Latency = 0> <II = 1> <Delay = 0.12> <FuncUnit> <Opcode : 'and' 'or' 'xor'> <InPorts = 2> <OutPorts = 1>
ST_1 : Operation 339 [1/1] (0.00ns) (grouped into LUT with out node add_ln46_104)   --->   "%and_ln46_204 = and i1 %or_ln46_316, i1 %tmp_638" [firmware/nnet_utils/nnet_activation.h:46->firmware/myproject.cpp:60]   --->   Operation 339 'and' 'and_ln46_204' <Predicate = (icmp_ln45_104)> <Delay = 0.00> <CoreInst = "LogicGate">   --->   Core 74 'LogicGate' <Latency = 0> <II = 1> <Delay = 0.12> <FuncUnit> <Opcode : 'and' 'or' 'xor'> <InPorts = 2> <OutPorts = 1>
ST_1 : Operation 340 [1/1] (0.00ns) (grouped into LUT with out node add_ln46_104)   --->   "%zext_ln46_104 = zext i1 %and_ln46_204" [firmware/nnet_utils/nnet_activation.h:46->firmware/myproject.cpp:60]   --->   Operation 340 'zext' 'zext_ln46_104' <Predicate = (icmp_ln45_104)> <Delay = 0.00>
ST_1 : Operation 341 [1/1] (0.70ns) (out node of the LUT)   --->   "%add_ln46_104 = add i6 %trunc_ln46_101, i6 %zext_ln46_104" [firmware/nnet_utils/nnet_activation.h:46->firmware/myproject.cpp:60]   --->   Operation 341 'add' 'add_ln46_104' <Predicate = (icmp_ln45_104)> <Delay = 0.70> <CoreInst = "Adder">   --->   Core 1 'Adder' <Latency = 0> <II = 1> <Delay = 0.70> <FuncUnit> <Opcode : 'add' 'sub'> <InPorts = 2> <OutPorts = 1>
ST_1 : Operation 342 [1/1] (0.00ns)   --->   "%tmp_641 = partselect i7 @_ssdm_op_PartSelect.i7.i18.i32, i18 %layer8_out_15_val_read, i32 11" [firmware/nnet_utils/nnet_activation.h:46->firmware/myproject.cpp:60]   --->   Operation 342 'partselect' 'tmp_641' <Predicate = (icmp_ln45_104)> <Delay = 0.00>
ST_1 : Operation 343 [1/1] (0.70ns)   --->   "%icmp_ln46_211 = icmp_eq  i7 %tmp_641, i7 0" [firmware/nnet_utils/nnet_activation.h:46->firmware/myproject.cpp:60]   --->   Operation 343 'icmp' 'icmp_ln46_211' <Predicate = (icmp_ln45_104)> <Delay = 0.70> <CoreInst = "Cmp">   --->   Core 9 'Cmp' <Latency = 0> <II = 1> <Delay = 0.70> <FuncUnit> <Opcode : 'seteq' 'setne' 'setle' 'setge' 'setlt' 'setgt'> <InPorts = 2> <OutPorts = 1>
ST_1 : Operation 344 [1/1] (0.00ns) (grouped into LUT with out node empty_118)   --->   "%tmp_642 = bitselect i1 @_ssdm_op_BitSelect.i1.i6.i32, i6 %add_ln46_104, i32 5" [firmware/nnet_utils/nnet_activation.h:46->firmware/myproject.cpp:60]   --->   Operation 344 'bitselect' 'tmp_642' <Predicate = (icmp_ln45_104)> <Delay = 0.00>
ST_1 : Operation 345 [1/1] (0.00ns) (grouped into LUT with out node empty_118)   --->   "%not_tmp_740 = xor i1 %tmp_639, i1 1" [firmware/nnet_utils/nnet_activation.h:46->firmware/myproject.cpp:60]   --->   Operation 345 'xor' 'not_tmp_740' <Predicate = (icmp_ln45_104)> <Delay = 0.00> <CoreInst = "LogicGate">   --->   Core 74 'LogicGate' <Latency = 0> <II = 1> <Delay = 0.12> <FuncUnit> <Opcode : 'and' 'or' 'xor'> <InPorts = 2> <OutPorts = 1>
ST_1 : Operation 346 [1/1] (0.00ns) (grouped into LUT with out node empty_118)   --->   "%and_ln46_211 = or i1 %tmp_642, i1 %not_tmp_740" [firmware/nnet_utils/nnet_activation.h:46->firmware/myproject.cpp:60]   --->   Operation 346 'or' 'and_ln46_211' <Predicate = (icmp_ln45_104)> <Delay = 0.00> <CoreInst = "LogicGate">   --->   Core 74 'LogicGate' <Latency = 0> <II = 1> <Delay = 0.12> <FuncUnit> <Opcode : 'and' 'or' 'xor'> <InPorts = 2> <OutPorts = 1>
ST_1 : Operation 347 [1/1] (0.12ns) (out node of the LUT)   --->   "%empty_118 = and i1 %icmp_ln46_211, i1 %and_ln46_211" [firmware/nnet_utils/nnet_activation.h:46->firmware/myproject.cpp:60]   --->   Operation 347 'and' 'empty_118' <Predicate = (icmp_ln45_104)> <Delay = 0.12> <CoreInst = "LogicGate">   --->   Core 74 'LogicGate' <Latency = 0> <II = 1> <Delay = 0.12> <FuncUnit> <Opcode : 'and' 'or' 'xor'> <InPorts = 2> <OutPorts = 1>
ST_1 : Operation 348 [1/1] (0.00ns) (grouped into LUT with out node select_ln46_317)   --->   "%or_ln46_317 = or i1 %empty_118, i1 %tmp_637" [firmware/nnet_utils/nnet_activation.h:46->firmware/myproject.cpp:60]   --->   Operation 348 'or' 'or_ln46_317' <Predicate = (or_ln46_318 & icmp_ln45_104)> <Delay = 0.00> <CoreInst = "LogicGate">   --->   Core 74 'LogicGate' <Latency = 0> <II = 1> <Delay = 0.12> <FuncUnit> <Opcode : 'and' 'or' 'xor'> <InPorts = 2> <OutPorts = 1>
ST_1 : Operation 349 [1/1] (0.00ns) (grouped into LUT with out node layer10_out_15_0)   --->   "%xor_ln46_104 = xor i1 %empty_118, i1 1" [firmware/nnet_utils/nnet_activation.h:46->firmware/myproject.cpp:60]   --->   Operation 349 'xor' 'xor_ln46_104' <Predicate = (icmp_ln45_104)> <Delay = 0.00> <CoreInst = "LogicGate">   --->   Core 74 'LogicGate' <Latency = 0> <II = 1> <Delay = 0.12> <FuncUnit> <Opcode : 'and' 'or' 'xor'> <InPorts = 2> <OutPorts = 1>
ST_1 : Operation 350 [1/1] (0.00ns) (grouped into LUT with out node layer10_out_15_0)   --->   "%or_ln46_318 = or i1 %tmp_637, i1 %xor_ln46_104" [firmware/nnet_utils/nnet_activation.h:46->firmware/myproject.cpp:60]   --->   Operation 350 'or' 'or_ln46_318' <Predicate = (icmp_ln45_104)> <Delay = 0.00> <CoreInst = "LogicGate">   --->   Core 74 'LogicGate' <Latency = 0> <II = 1> <Delay = 0.12> <FuncUnit> <Opcode : 'and' 'or' 'xor'> <InPorts = 2> <OutPorts = 1>
ST_1 : Operation 351 [1/1] (0.00ns) (grouped into LUT with out node select_ln46_317)   --->   "%select_ln46_316 = select i1 %tmp_637, i6 0, i6 %add_ln46_104" [firmware/nnet_utils/nnet_activation.h:46->firmware/myproject.cpp:60]   --->   Operation 351 'select' 'select_ln46_316' <Predicate = (or_ln46_317 & or_ln46_318 & icmp_ln45_104)> <Delay = 0.00> <CoreInst = "Sel">   --->   Core 73 'Sel' <Latency = 0> <II = 1> <Delay = 0.29> <FuncUnit> <Opcode : 'select'> <InPorts = 3> <OutPorts = 1>
ST_1 : Operation 352 [1/1] (0.29ns) (out node of the LUT)   --->   "%select_ln46_317 = select i1 %or_ln46_317, i6 %select_ln46_316, i6 63" [firmware/nnet_utils/nnet_activation.h:46->firmware/myproject.cpp:60]   --->   Operation 352 'select' 'select_ln46_317' <Predicate = (or_ln46_318 & icmp_ln45_104)> <Delay = 0.29> <CoreInst = "Sel">   --->   Core 73 'Sel' <Latency = 0> <II = 1> <Delay = 0.29> <FuncUnit> <Opcode : 'select'> <InPorts = 3> <OutPorts = 1>
ST_1 : Operation 353 [1/1] (0.00ns) (grouped into LUT with out node layer10_out_15_0)   --->   "%select_ln46_318 = select i1 %or_ln46_318, i6 %select_ln46_317, i6 %add_ln46_104" [firmware/nnet_utils/nnet_activation.h:46->firmware/myproject.cpp:60]   --->   Operation 353 'select' 'select_ln46_318' <Predicate = (icmp_ln45_104)> <Delay = 0.00> <CoreInst = "Sel">   --->   Core 73 'Sel' <Latency = 0> <II = 1> <Delay = 0.29> <FuncUnit> <Opcode : 'select'> <InPorts = 3> <OutPorts = 1>
ST_1 : Operation 354 [1/1] (0.29ns) (out node of the LUT)   --->   "%layer10_out_15_0 = select i1 %icmp_ln45_104, i6 %select_ln46_318, i6 0" [firmware/nnet_utils/nnet_activation.h:45->firmware/myproject.cpp:60]   --->   Operation 354 'select' 'layer10_out_15_0' <Predicate = true> <Delay = 0.29> <CoreInst = "Sel">   --->   Core 73 'Sel' <Latency = 0> <II = 1> <Delay = 0.29> <FuncUnit> <Opcode : 'select'> <InPorts = 3> <OutPorts = 1>
ST_1 : Operation 355 [1/1] (0.79ns)   --->   "%icmp_ln45_105 = icmp_sgt  i18 %layer8_out_17_val_read, i18 0" [firmware/nnet_utils/nnet_activation.h:45->firmware/myproject.cpp:60]   --->   Operation 355 'icmp' 'icmp_ln45_105' <Predicate = true> <Delay = 0.79> <CoreInst = "Cmp">   --->   Core 9 'Cmp' <Latency = 0> <II = 1> <Delay = 0.79> <FuncUnit> <Opcode : 'seteq' 'setne' 'setle' 'setge' 'setlt' 'setgt'> <InPorts = 2> <OutPorts = 1>
ST_1 : Operation 356 [1/1] (0.00ns)   --->   "%tmp_643 = bitselect i1 @_ssdm_op_BitSelect.i1.i18.i32, i18 %layer8_out_17_val_read, i32 17" [firmware/nnet_utils/nnet_activation.h:46->firmware/myproject.cpp:60]   --->   Operation 356 'bitselect' 'tmp_643' <Predicate = (icmp_ln45_105)> <Delay = 0.00>
ST_1 : Operation 357 [1/1] (0.00ns) (grouped into LUT with out node add_ln46_105)   --->   "%trunc_ln46_102 = partselect i6 @_ssdm_op_PartSelect.i6.i18.i32.i32, i18 %layer8_out_17_val_read, i32 5, i32 10" [firmware/nnet_utils/nnet_activation.h:46->firmware/myproject.cpp:60]   --->   Operation 357 'partselect' 'trunc_ln46_102' <Predicate = (icmp_ln45_105)> <Delay = 0.00>
ST_1 : Operation 358 [1/1] (0.00ns) (grouped into LUT with out node add_ln46_105)   --->   "%tmp_644 = bitselect i1 @_ssdm_op_BitSelect.i1.i18.i32, i18 %layer8_out_17_val_read, i32 4" [firmware/nnet_utils/nnet_activation.h:46->firmware/myproject.cpp:60]   --->   Operation 358 'bitselect' 'tmp_644' <Predicate = (icmp_ln45_105)> <Delay = 0.00>
ST_1 : Operation 359 [1/1] (0.00ns)   --->   "%trunc_ln46_166 = trunc i18 %layer8_out_17_val_read" [firmware/nnet_utils/nnet_activation.h:46->firmware/myproject.cpp:60]   --->   Operation 359 'trunc' 'trunc_ln46_166' <Predicate = (icmp_ln45_105)> <Delay = 0.00>
ST_1 : Operation 360 [1/1] (0.70ns)   --->   "%icmp_ln46_212 = icmp_ne  i4 %trunc_ln46_166, i4 0" [firmware/nnet_utils/nnet_activation.h:46->firmware/myproject.cpp:60]   --->   Operation 360 'icmp' 'icmp_ln46_212' <Predicate = (icmp_ln45_105)> <Delay = 0.70> <CoreInst = "Cmp">   --->   Core 9 'Cmp' <Latency = 0> <II = 1> <Delay = 0.70> <FuncUnit> <Opcode : 'seteq' 'setne' 'setle' 'setge' 'setlt' 'setgt'> <InPorts = 2> <OutPorts = 1>
ST_1 : Operation 361 [1/1] (0.00ns) (grouped into LUT with out node empty_119)   --->   "%tmp_645 = bitselect i1 @_ssdm_op_BitSelect.i1.i18.i32, i18 %layer8_out_17_val_read, i32 10" [firmware/nnet_utils/nnet_activation.h:46->firmware/myproject.cpp:60]   --->   Operation 361 'bitselect' 'tmp_645' <Predicate = (icmp_ln45_105)> <Delay = 0.00>
ST_1 : Operation 362 [1/1] (0.00ns) (grouped into LUT with out node add_ln46_105)   --->   "%tmp_646 = bitselect i1 @_ssdm_op_BitSelect.i1.i18.i32, i18 %layer8_out_17_val_read, i32 5" [firmware/nnet_utils/nnet_activation.h:46->firmware/myproject.cpp:60]   --->   Operation 362 'bitselect' 'tmp_646' <Predicate = (icmp_ln45_105)> <Delay = 0.00>
ST_1 : Operation 363 [1/1] (0.00ns) (grouped into LUT with out node add_ln46_105)   --->   "%or_ln46_319 = or i1 %tmp_646, i1 %icmp_ln46_212" [firmware/nnet_utils/nnet_activation.h:46->firmware/myproject.cpp:60]   --->   Operation 363 'or' 'or_ln46_319' <Predicate = (icmp_ln45_105)> <Delay = 0.00> <CoreInst = "LogicGate">   --->   Core 74 'LogicGate' <Latency = 0> <II = 1> <Delay = 0.12> <FuncUnit> <Opcode : 'and' 'or' 'xor'> <InPorts = 2> <OutPorts = 1>
ST_1 : Operation 364 [1/1] (0.00ns) (grouped into LUT with out node add_ln46_105)   --->   "%and_ln46_206 = and i1 %or_ln46_319, i1 %tmp_644" [firmware/nnet_utils/nnet_activation.h:46->firmware/myproject.cpp:60]   --->   Operation 364 'and' 'and_ln46_206' <Predicate = (icmp_ln45_105)> <Delay = 0.00> <CoreInst = "LogicGate">   --->   Core 74 'LogicGate' <Latency = 0> <II = 1> <Delay = 0.12> <FuncUnit> <Opcode : 'and' 'or' 'xor'> <InPorts = 2> <OutPorts = 1>
ST_1 : Operation 365 [1/1] (0.00ns) (grouped into LUT with out node add_ln46_105)   --->   "%zext_ln46_105 = zext i1 %and_ln46_206" [firmware/nnet_utils/nnet_activation.h:46->firmware/myproject.cpp:60]   --->   Operation 365 'zext' 'zext_ln46_105' <Predicate = (icmp_ln45_105)> <Delay = 0.00>
ST_1 : Operation 366 [1/1] (0.70ns) (out node of the LUT)   --->   "%add_ln46_105 = add i6 %trunc_ln46_102, i6 %zext_ln46_105" [firmware/nnet_utils/nnet_activation.h:46->firmware/myproject.cpp:60]   --->   Operation 366 'add' 'add_ln46_105' <Predicate = (icmp_ln45_105)> <Delay = 0.70> <CoreInst = "Adder">   --->   Core 1 'Adder' <Latency = 0> <II = 1> <Delay = 0.70> <FuncUnit> <Opcode : 'add' 'sub'> <InPorts = 2> <OutPorts = 1>
ST_1 : Operation 367 [1/1] (0.00ns)   --->   "%tmp_647 = partselect i7 @_ssdm_op_PartSelect.i7.i18.i32, i18 %layer8_out_17_val_read, i32 11" [firmware/nnet_utils/nnet_activation.h:46->firmware/myproject.cpp:60]   --->   Operation 367 'partselect' 'tmp_647' <Predicate = (icmp_ln45_105)> <Delay = 0.00>
ST_1 : Operation 368 [1/1] (0.70ns)   --->   "%icmp_ln46_213 = icmp_eq  i7 %tmp_647, i7 0" [firmware/nnet_utils/nnet_activation.h:46->firmware/myproject.cpp:60]   --->   Operation 368 'icmp' 'icmp_ln46_213' <Predicate = (icmp_ln45_105)> <Delay = 0.70> <CoreInst = "Cmp">   --->   Core 9 'Cmp' <Latency = 0> <II = 1> <Delay = 0.70> <FuncUnit> <Opcode : 'seteq' 'setne' 'setle' 'setge' 'setlt' 'setgt'> <InPorts = 2> <OutPorts = 1>
ST_1 : Operation 369 [1/1] (0.00ns) (grouped into LUT with out node empty_119)   --->   "%tmp_648 = bitselect i1 @_ssdm_op_BitSelect.i1.i6.i32, i6 %add_ln46_105, i32 5" [firmware/nnet_utils/nnet_activation.h:46->firmware/myproject.cpp:60]   --->   Operation 369 'bitselect' 'tmp_648' <Predicate = (icmp_ln45_105)> <Delay = 0.00>
ST_1 : Operation 370 [1/1] (0.00ns) (grouped into LUT with out node empty_119)   --->   "%not_tmp_747 = xor i1 %tmp_645, i1 1" [firmware/nnet_utils/nnet_activation.h:46->firmware/myproject.cpp:60]   --->   Operation 370 'xor' 'not_tmp_747' <Predicate = (icmp_ln45_105)> <Delay = 0.00> <CoreInst = "LogicGate">   --->   Core 74 'LogicGate' <Latency = 0> <II = 1> <Delay = 0.12> <FuncUnit> <Opcode : 'and' 'or' 'xor'> <InPorts = 2> <OutPorts = 1>
ST_1 : Operation 371 [1/1] (0.00ns) (grouped into LUT with out node empty_119)   --->   "%and_ln46_213 = or i1 %tmp_648, i1 %not_tmp_747" [firmware/nnet_utils/nnet_activation.h:46->firmware/myproject.cpp:60]   --->   Operation 371 'or' 'and_ln46_213' <Predicate = (icmp_ln45_105)> <Delay = 0.00> <CoreInst = "LogicGate">   --->   Core 74 'LogicGate' <Latency = 0> <II = 1> <Delay = 0.12> <FuncUnit> <Opcode : 'and' 'or' 'xor'> <InPorts = 2> <OutPorts = 1>
ST_1 : Operation 372 [1/1] (0.12ns) (out node of the LUT)   --->   "%empty_119 = and i1 %icmp_ln46_213, i1 %and_ln46_213" [firmware/nnet_utils/nnet_activation.h:46->firmware/myproject.cpp:60]   --->   Operation 372 'and' 'empty_119' <Predicate = (icmp_ln45_105)> <Delay = 0.12> <CoreInst = "LogicGate">   --->   Core 74 'LogicGate' <Latency = 0> <II = 1> <Delay = 0.12> <FuncUnit> <Opcode : 'and' 'or' 'xor'> <InPorts = 2> <OutPorts = 1>
ST_1 : Operation 373 [1/1] (0.00ns) (grouped into LUT with out node select_ln46_320)   --->   "%or_ln46_320 = or i1 %empty_119, i1 %tmp_643" [firmware/nnet_utils/nnet_activation.h:46->firmware/myproject.cpp:60]   --->   Operation 373 'or' 'or_ln46_320' <Predicate = (or_ln46_321 & icmp_ln45_105)> <Delay = 0.00> <CoreInst = "LogicGate">   --->   Core 74 'LogicGate' <Latency = 0> <II = 1> <Delay = 0.12> <FuncUnit> <Opcode : 'and' 'or' 'xor'> <InPorts = 2> <OutPorts = 1>
ST_1 : Operation 374 [1/1] (0.00ns) (grouped into LUT with out node layer10_out_17_0)   --->   "%xor_ln46_105 = xor i1 %empty_119, i1 1" [firmware/nnet_utils/nnet_activation.h:46->firmware/myproject.cpp:60]   --->   Operation 374 'xor' 'xor_ln46_105' <Predicate = (icmp_ln45_105)> <Delay = 0.00> <CoreInst = "LogicGate">   --->   Core 74 'LogicGate' <Latency = 0> <II = 1> <Delay = 0.12> <FuncUnit> <Opcode : 'and' 'or' 'xor'> <InPorts = 2> <OutPorts = 1>
ST_1 : Operation 375 [1/1] (0.00ns) (grouped into LUT with out node layer10_out_17_0)   --->   "%or_ln46_321 = or i1 %tmp_643, i1 %xor_ln46_105" [firmware/nnet_utils/nnet_activation.h:46->firmware/myproject.cpp:60]   --->   Operation 375 'or' 'or_ln46_321' <Predicate = (icmp_ln45_105)> <Delay = 0.00> <CoreInst = "LogicGate">   --->   Core 74 'LogicGate' <Latency = 0> <II = 1> <Delay = 0.12> <FuncUnit> <Opcode : 'and' 'or' 'xor'> <InPorts = 2> <OutPorts = 1>
ST_1 : Operation 376 [1/1] (0.00ns) (grouped into LUT with out node select_ln46_320)   --->   "%select_ln46_319 = select i1 %tmp_643, i6 0, i6 %add_ln46_105" [firmware/nnet_utils/nnet_activation.h:46->firmware/myproject.cpp:60]   --->   Operation 376 'select' 'select_ln46_319' <Predicate = (or_ln46_320 & or_ln46_321 & icmp_ln45_105)> <Delay = 0.00> <CoreInst = "Sel">   --->   Core 73 'Sel' <Latency = 0> <II = 1> <Delay = 0.29> <FuncUnit> <Opcode : 'select'> <InPorts = 3> <OutPorts = 1>
ST_1 : Operation 377 [1/1] (0.29ns) (out node of the LUT)   --->   "%select_ln46_320 = select i1 %or_ln46_320, i6 %select_ln46_319, i6 63" [firmware/nnet_utils/nnet_activation.h:46->firmware/myproject.cpp:60]   --->   Operation 377 'select' 'select_ln46_320' <Predicate = (or_ln46_321 & icmp_ln45_105)> <Delay = 0.29> <CoreInst = "Sel">   --->   Core 73 'Sel' <Latency = 0> <II = 1> <Delay = 0.29> <FuncUnit> <Opcode : 'select'> <InPorts = 3> <OutPorts = 1>
ST_1 : Operation 378 [1/1] (0.00ns) (grouped into LUT with out node layer10_out_17_0)   --->   "%select_ln46_321 = select i1 %or_ln46_321, i6 %select_ln46_320, i6 %add_ln46_105" [firmware/nnet_utils/nnet_activation.h:46->firmware/myproject.cpp:60]   --->   Operation 378 'select' 'select_ln46_321' <Predicate = (icmp_ln45_105)> <Delay = 0.00> <CoreInst = "Sel">   --->   Core 73 'Sel' <Latency = 0> <II = 1> <Delay = 0.29> <FuncUnit> <Opcode : 'select'> <InPorts = 3> <OutPorts = 1>
ST_1 : Operation 379 [1/1] (0.29ns) (out node of the LUT)   --->   "%layer10_out_17_0 = select i1 %icmp_ln45_105, i6 %select_ln46_321, i6 0" [firmware/nnet_utils/nnet_activation.h:45->firmware/myproject.cpp:60]   --->   Operation 379 'select' 'layer10_out_17_0' <Predicate = true> <Delay = 0.29> <CoreInst = "Sel">   --->   Core 73 'Sel' <Latency = 0> <II = 1> <Delay = 0.29> <FuncUnit> <Opcode : 'select'> <InPorts = 3> <OutPorts = 1>
ST_1 : Operation 380 [1/1] (0.79ns)   --->   "%icmp_ln45_106 = icmp_sgt  i18 %layer8_out_18_val_read, i18 0" [firmware/nnet_utils/nnet_activation.h:45->firmware/myproject.cpp:60]   --->   Operation 380 'icmp' 'icmp_ln45_106' <Predicate = true> <Delay = 0.79> <CoreInst = "Cmp">   --->   Core 9 'Cmp' <Latency = 0> <II = 1> <Delay = 0.79> <FuncUnit> <Opcode : 'seteq' 'setne' 'setle' 'setge' 'setlt' 'setgt'> <InPorts = 2> <OutPorts = 1>
ST_1 : Operation 381 [1/1] (0.00ns)   --->   "%tmp_649 = bitselect i1 @_ssdm_op_BitSelect.i1.i18.i32, i18 %layer8_out_18_val_read, i32 17" [firmware/nnet_utils/nnet_activation.h:46->firmware/myproject.cpp:60]   --->   Operation 381 'bitselect' 'tmp_649' <Predicate = (icmp_ln45_106)> <Delay = 0.00>
ST_1 : Operation 382 [1/1] (0.00ns) (grouped into LUT with out node add_ln46_106)   --->   "%trunc_ln46_103 = partselect i6 @_ssdm_op_PartSelect.i6.i18.i32.i32, i18 %layer8_out_18_val_read, i32 5, i32 10" [firmware/nnet_utils/nnet_activation.h:46->firmware/myproject.cpp:60]   --->   Operation 382 'partselect' 'trunc_ln46_103' <Predicate = (icmp_ln45_106)> <Delay = 0.00>
ST_1 : Operation 383 [1/1] (0.00ns) (grouped into LUT with out node add_ln46_106)   --->   "%tmp_650 = bitselect i1 @_ssdm_op_BitSelect.i1.i18.i32, i18 %layer8_out_18_val_read, i32 4" [firmware/nnet_utils/nnet_activation.h:46->firmware/myproject.cpp:60]   --->   Operation 383 'bitselect' 'tmp_650' <Predicate = (icmp_ln45_106)> <Delay = 0.00>
ST_1 : Operation 384 [1/1] (0.00ns)   --->   "%trunc_ln46_167 = trunc i18 %layer8_out_18_val_read" [firmware/nnet_utils/nnet_activation.h:46->firmware/myproject.cpp:60]   --->   Operation 384 'trunc' 'trunc_ln46_167' <Predicate = (icmp_ln45_106)> <Delay = 0.00>
ST_1 : Operation 385 [1/1] (0.70ns)   --->   "%icmp_ln46_214 = icmp_ne  i4 %trunc_ln46_167, i4 0" [firmware/nnet_utils/nnet_activation.h:46->firmware/myproject.cpp:60]   --->   Operation 385 'icmp' 'icmp_ln46_214' <Predicate = (icmp_ln45_106)> <Delay = 0.70> <CoreInst = "Cmp">   --->   Core 9 'Cmp' <Latency = 0> <II = 1> <Delay = 0.70> <FuncUnit> <Opcode : 'seteq' 'setne' 'setle' 'setge' 'setlt' 'setgt'> <InPorts = 2> <OutPorts = 1>
ST_1 : Operation 386 [1/1] (0.00ns) (grouped into LUT with out node empty_120)   --->   "%tmp_651 = bitselect i1 @_ssdm_op_BitSelect.i1.i18.i32, i18 %layer8_out_18_val_read, i32 10" [firmware/nnet_utils/nnet_activation.h:46->firmware/myproject.cpp:60]   --->   Operation 386 'bitselect' 'tmp_651' <Predicate = (icmp_ln45_106)> <Delay = 0.00>
ST_1 : Operation 387 [1/1] (0.00ns) (grouped into LUT with out node add_ln46_106)   --->   "%tmp_652 = bitselect i1 @_ssdm_op_BitSelect.i1.i18.i32, i18 %layer8_out_18_val_read, i32 5" [firmware/nnet_utils/nnet_activation.h:46->firmware/myproject.cpp:60]   --->   Operation 387 'bitselect' 'tmp_652' <Predicate = (icmp_ln45_106)> <Delay = 0.00>
ST_1 : Operation 388 [1/1] (0.00ns) (grouped into LUT with out node add_ln46_106)   --->   "%or_ln46_322 = or i1 %tmp_652, i1 %icmp_ln46_214" [firmware/nnet_utils/nnet_activation.h:46->firmware/myproject.cpp:60]   --->   Operation 388 'or' 'or_ln46_322' <Predicate = (icmp_ln45_106)> <Delay = 0.00> <CoreInst = "LogicGate">   --->   Core 74 'LogicGate' <Latency = 0> <II = 1> <Delay = 0.12> <FuncUnit> <Opcode : 'and' 'or' 'xor'> <InPorts = 2> <OutPorts = 1>
ST_1 : Operation 389 [1/1] (0.00ns) (grouped into LUT with out node add_ln46_106)   --->   "%and_ln46_208 = and i1 %or_ln46_322, i1 %tmp_650" [firmware/nnet_utils/nnet_activation.h:46->firmware/myproject.cpp:60]   --->   Operation 389 'and' 'and_ln46_208' <Predicate = (icmp_ln45_106)> <Delay = 0.00> <CoreInst = "LogicGate">   --->   Core 74 'LogicGate' <Latency = 0> <II = 1> <Delay = 0.12> <FuncUnit> <Opcode : 'and' 'or' 'xor'> <InPorts = 2> <OutPorts = 1>
ST_1 : Operation 390 [1/1] (0.00ns) (grouped into LUT with out node add_ln46_106)   --->   "%zext_ln46_106 = zext i1 %and_ln46_208" [firmware/nnet_utils/nnet_activation.h:46->firmware/myproject.cpp:60]   --->   Operation 390 'zext' 'zext_ln46_106' <Predicate = (icmp_ln45_106)> <Delay = 0.00>
ST_1 : Operation 391 [1/1] (0.70ns) (out node of the LUT)   --->   "%add_ln46_106 = add i6 %trunc_ln46_103, i6 %zext_ln46_106" [firmware/nnet_utils/nnet_activation.h:46->firmware/myproject.cpp:60]   --->   Operation 391 'add' 'add_ln46_106' <Predicate = (icmp_ln45_106)> <Delay = 0.70> <CoreInst = "Adder">   --->   Core 1 'Adder' <Latency = 0> <II = 1> <Delay = 0.70> <FuncUnit> <Opcode : 'add' 'sub'> <InPorts = 2> <OutPorts = 1>
ST_1 : Operation 392 [1/1] (0.00ns)   --->   "%tmp_653 = partselect i7 @_ssdm_op_PartSelect.i7.i18.i32, i18 %layer8_out_18_val_read, i32 11" [firmware/nnet_utils/nnet_activation.h:46->firmware/myproject.cpp:60]   --->   Operation 392 'partselect' 'tmp_653' <Predicate = (icmp_ln45_106)> <Delay = 0.00>
ST_1 : Operation 393 [1/1] (0.70ns)   --->   "%icmp_ln46_215 = icmp_eq  i7 %tmp_653, i7 0" [firmware/nnet_utils/nnet_activation.h:46->firmware/myproject.cpp:60]   --->   Operation 393 'icmp' 'icmp_ln46_215' <Predicate = (icmp_ln45_106)> <Delay = 0.70> <CoreInst = "Cmp">   --->   Core 9 'Cmp' <Latency = 0> <II = 1> <Delay = 0.70> <FuncUnit> <Opcode : 'seteq' 'setne' 'setle' 'setge' 'setlt' 'setgt'> <InPorts = 2> <OutPorts = 1>
ST_1 : Operation 394 [1/1] (0.00ns) (grouped into LUT with out node empty_120)   --->   "%tmp_654 = bitselect i1 @_ssdm_op_BitSelect.i1.i6.i32, i6 %add_ln46_106, i32 5" [firmware/nnet_utils/nnet_activation.h:46->firmware/myproject.cpp:60]   --->   Operation 394 'bitselect' 'tmp_654' <Predicate = (icmp_ln45_106)> <Delay = 0.00>
ST_1 : Operation 395 [1/1] (0.00ns) (grouped into LUT with out node empty_120)   --->   "%not_tmp_754 = xor i1 %tmp_651, i1 1" [firmware/nnet_utils/nnet_activation.h:46->firmware/myproject.cpp:60]   --->   Operation 395 'xor' 'not_tmp_754' <Predicate = (icmp_ln45_106)> <Delay = 0.00> <CoreInst = "LogicGate">   --->   Core 74 'LogicGate' <Latency = 0> <II = 1> <Delay = 0.12> <FuncUnit> <Opcode : 'and' 'or' 'xor'> <InPorts = 2> <OutPorts = 1>
ST_1 : Operation 396 [1/1] (0.00ns) (grouped into LUT with out node empty_120)   --->   "%and_ln46_215 = or i1 %tmp_654, i1 %not_tmp_754" [firmware/nnet_utils/nnet_activation.h:46->firmware/myproject.cpp:60]   --->   Operation 396 'or' 'and_ln46_215' <Predicate = (icmp_ln45_106)> <Delay = 0.00> <CoreInst = "LogicGate">   --->   Core 74 'LogicGate' <Latency = 0> <II = 1> <Delay = 0.12> <FuncUnit> <Opcode : 'and' 'or' 'xor'> <InPorts = 2> <OutPorts = 1>
ST_1 : Operation 397 [1/1] (0.12ns) (out node of the LUT)   --->   "%empty_120 = and i1 %icmp_ln46_215, i1 %and_ln46_215" [firmware/nnet_utils/nnet_activation.h:46->firmware/myproject.cpp:60]   --->   Operation 397 'and' 'empty_120' <Predicate = (icmp_ln45_106)> <Delay = 0.12> <CoreInst = "LogicGate">   --->   Core 74 'LogicGate' <Latency = 0> <II = 1> <Delay = 0.12> <FuncUnit> <Opcode : 'and' 'or' 'xor'> <InPorts = 2> <OutPorts = 1>
ST_1 : Operation 398 [1/1] (0.00ns) (grouped into LUT with out node select_ln46_323)   --->   "%or_ln46_323 = or i1 %empty_120, i1 %tmp_649" [firmware/nnet_utils/nnet_activation.h:46->firmware/myproject.cpp:60]   --->   Operation 398 'or' 'or_ln46_323' <Predicate = (or_ln46_324 & icmp_ln45_106)> <Delay = 0.00> <CoreInst = "LogicGate">   --->   Core 74 'LogicGate' <Latency = 0> <II = 1> <Delay = 0.12> <FuncUnit> <Opcode : 'and' 'or' 'xor'> <InPorts = 2> <OutPorts = 1>
ST_1 : Operation 399 [1/1] (0.00ns) (grouped into LUT with out node layer10_out_18_0)   --->   "%xor_ln46_106 = xor i1 %empty_120, i1 1" [firmware/nnet_utils/nnet_activation.h:46->firmware/myproject.cpp:60]   --->   Operation 399 'xor' 'xor_ln46_106' <Predicate = (icmp_ln45_106)> <Delay = 0.00> <CoreInst = "LogicGate">   --->   Core 74 'LogicGate' <Latency = 0> <II = 1> <Delay = 0.12> <FuncUnit> <Opcode : 'and' 'or' 'xor'> <InPorts = 2> <OutPorts = 1>
ST_1 : Operation 400 [1/1] (0.00ns) (grouped into LUT with out node layer10_out_18_0)   --->   "%or_ln46_324 = or i1 %tmp_649, i1 %xor_ln46_106" [firmware/nnet_utils/nnet_activation.h:46->firmware/myproject.cpp:60]   --->   Operation 400 'or' 'or_ln46_324' <Predicate = (icmp_ln45_106)> <Delay = 0.00> <CoreInst = "LogicGate">   --->   Core 74 'LogicGate' <Latency = 0> <II = 1> <Delay = 0.12> <FuncUnit> <Opcode : 'and' 'or' 'xor'> <InPorts = 2> <OutPorts = 1>
ST_1 : Operation 401 [1/1] (0.00ns) (grouped into LUT with out node select_ln46_323)   --->   "%select_ln46_322 = select i1 %tmp_649, i6 0, i6 %add_ln46_106" [firmware/nnet_utils/nnet_activation.h:46->firmware/myproject.cpp:60]   --->   Operation 401 'select' 'select_ln46_322' <Predicate = (or_ln46_323 & or_ln46_324 & icmp_ln45_106)> <Delay = 0.00> <CoreInst = "Sel">   --->   Core 73 'Sel' <Latency = 0> <II = 1> <Delay = 0.29> <FuncUnit> <Opcode : 'select'> <InPorts = 3> <OutPorts = 1>
ST_1 : Operation 402 [1/1] (0.29ns) (out node of the LUT)   --->   "%select_ln46_323 = select i1 %or_ln46_323, i6 %select_ln46_322, i6 63" [firmware/nnet_utils/nnet_activation.h:46->firmware/myproject.cpp:60]   --->   Operation 402 'select' 'select_ln46_323' <Predicate = (or_ln46_324 & icmp_ln45_106)> <Delay = 0.29> <CoreInst = "Sel">   --->   Core 73 'Sel' <Latency = 0> <II = 1> <Delay = 0.29> <FuncUnit> <Opcode : 'select'> <InPorts = 3> <OutPorts = 1>
ST_1 : Operation 403 [1/1] (0.00ns) (grouped into LUT with out node layer10_out_18_0)   --->   "%select_ln46_324 = select i1 %or_ln46_324, i6 %select_ln46_323, i6 %add_ln46_106" [firmware/nnet_utils/nnet_activation.h:46->firmware/myproject.cpp:60]   --->   Operation 403 'select' 'select_ln46_324' <Predicate = (icmp_ln45_106)> <Delay = 0.00> <CoreInst = "Sel">   --->   Core 73 'Sel' <Latency = 0> <II = 1> <Delay = 0.29> <FuncUnit> <Opcode : 'select'> <InPorts = 3> <OutPorts = 1>
ST_1 : Operation 404 [1/1] (0.29ns) (out node of the LUT)   --->   "%layer10_out_18_0 = select i1 %icmp_ln45_106, i6 %select_ln46_324, i6 0" [firmware/nnet_utils/nnet_activation.h:45->firmware/myproject.cpp:60]   --->   Operation 404 'select' 'layer10_out_18_0' <Predicate = true> <Delay = 0.29> <CoreInst = "Sel">   --->   Core 73 'Sel' <Latency = 0> <II = 1> <Delay = 0.29> <FuncUnit> <Opcode : 'select'> <InPorts = 3> <OutPorts = 1>
ST_1 : Operation 405 [1/1] (0.79ns)   --->   "%icmp_ln45_107 = icmp_sgt  i18 %layer8_out_19_val_read, i18 0" [firmware/nnet_utils/nnet_activation.h:45->firmware/myproject.cpp:60]   --->   Operation 405 'icmp' 'icmp_ln45_107' <Predicate = true> <Delay = 0.79> <CoreInst = "Cmp">   --->   Core 9 'Cmp' <Latency = 0> <II = 1> <Delay = 0.79> <FuncUnit> <Opcode : 'seteq' 'setne' 'setle' 'setge' 'setlt' 'setgt'> <InPorts = 2> <OutPorts = 1>
ST_1 : Operation 406 [1/1] (0.00ns)   --->   "%tmp_655 = bitselect i1 @_ssdm_op_BitSelect.i1.i18.i32, i18 %layer8_out_19_val_read, i32 17" [firmware/nnet_utils/nnet_activation.h:46->firmware/myproject.cpp:60]   --->   Operation 406 'bitselect' 'tmp_655' <Predicate = (icmp_ln45_107)> <Delay = 0.00>
ST_1 : Operation 407 [1/1] (0.00ns) (grouped into LUT with out node add_ln46_107)   --->   "%trunc_ln46_104 = partselect i6 @_ssdm_op_PartSelect.i6.i18.i32.i32, i18 %layer8_out_19_val_read, i32 5, i32 10" [firmware/nnet_utils/nnet_activation.h:46->firmware/myproject.cpp:60]   --->   Operation 407 'partselect' 'trunc_ln46_104' <Predicate = (icmp_ln45_107)> <Delay = 0.00>
ST_1 : Operation 408 [1/1] (0.00ns) (grouped into LUT with out node add_ln46_107)   --->   "%tmp_656 = bitselect i1 @_ssdm_op_BitSelect.i1.i18.i32, i18 %layer8_out_19_val_read, i32 4" [firmware/nnet_utils/nnet_activation.h:46->firmware/myproject.cpp:60]   --->   Operation 408 'bitselect' 'tmp_656' <Predicate = (icmp_ln45_107)> <Delay = 0.00>
ST_1 : Operation 409 [1/1] (0.00ns)   --->   "%trunc_ln46_168 = trunc i18 %layer8_out_19_val_read" [firmware/nnet_utils/nnet_activation.h:46->firmware/myproject.cpp:60]   --->   Operation 409 'trunc' 'trunc_ln46_168' <Predicate = (icmp_ln45_107)> <Delay = 0.00>
ST_1 : Operation 410 [1/1] (0.70ns)   --->   "%icmp_ln46_216 = icmp_ne  i4 %trunc_ln46_168, i4 0" [firmware/nnet_utils/nnet_activation.h:46->firmware/myproject.cpp:60]   --->   Operation 410 'icmp' 'icmp_ln46_216' <Predicate = (icmp_ln45_107)> <Delay = 0.70> <CoreInst = "Cmp">   --->   Core 9 'Cmp' <Latency = 0> <II = 1> <Delay = 0.70> <FuncUnit> <Opcode : 'seteq' 'setne' 'setle' 'setge' 'setlt' 'setgt'> <InPorts = 2> <OutPorts = 1>
ST_1 : Operation 411 [1/1] (0.00ns) (grouped into LUT with out node empty_121)   --->   "%tmp_657 = bitselect i1 @_ssdm_op_BitSelect.i1.i18.i32, i18 %layer8_out_19_val_read, i32 10" [firmware/nnet_utils/nnet_activation.h:46->firmware/myproject.cpp:60]   --->   Operation 411 'bitselect' 'tmp_657' <Predicate = (icmp_ln45_107)> <Delay = 0.00>
ST_1 : Operation 412 [1/1] (0.00ns) (grouped into LUT with out node add_ln46_107)   --->   "%tmp_658 = bitselect i1 @_ssdm_op_BitSelect.i1.i18.i32, i18 %layer8_out_19_val_read, i32 5" [firmware/nnet_utils/nnet_activation.h:46->firmware/myproject.cpp:60]   --->   Operation 412 'bitselect' 'tmp_658' <Predicate = (icmp_ln45_107)> <Delay = 0.00>
ST_1 : Operation 413 [1/1] (0.00ns) (grouped into LUT with out node add_ln46_107)   --->   "%or_ln46_325 = or i1 %tmp_658, i1 %icmp_ln46_216" [firmware/nnet_utils/nnet_activation.h:46->firmware/myproject.cpp:60]   --->   Operation 413 'or' 'or_ln46_325' <Predicate = (icmp_ln45_107)> <Delay = 0.00> <CoreInst = "LogicGate">   --->   Core 74 'LogicGate' <Latency = 0> <II = 1> <Delay = 0.12> <FuncUnit> <Opcode : 'and' 'or' 'xor'> <InPorts = 2> <OutPorts = 1>
ST_1 : Operation 414 [1/1] (0.00ns) (grouped into LUT with out node add_ln46_107)   --->   "%and_ln46_210 = and i1 %or_ln46_325, i1 %tmp_656" [firmware/nnet_utils/nnet_activation.h:46->firmware/myproject.cpp:60]   --->   Operation 414 'and' 'and_ln46_210' <Predicate = (icmp_ln45_107)> <Delay = 0.00> <CoreInst = "LogicGate">   --->   Core 74 'LogicGate' <Latency = 0> <II = 1> <Delay = 0.12> <FuncUnit> <Opcode : 'and' 'or' 'xor'> <InPorts = 2> <OutPorts = 1>
ST_1 : Operation 415 [1/1] (0.00ns) (grouped into LUT with out node add_ln46_107)   --->   "%zext_ln46_107 = zext i1 %and_ln46_210" [firmware/nnet_utils/nnet_activation.h:46->firmware/myproject.cpp:60]   --->   Operation 415 'zext' 'zext_ln46_107' <Predicate = (icmp_ln45_107)> <Delay = 0.00>
ST_1 : Operation 416 [1/1] (0.70ns) (out node of the LUT)   --->   "%add_ln46_107 = add i6 %trunc_ln46_104, i6 %zext_ln46_107" [firmware/nnet_utils/nnet_activation.h:46->firmware/myproject.cpp:60]   --->   Operation 416 'add' 'add_ln46_107' <Predicate = (icmp_ln45_107)> <Delay = 0.70> <CoreInst = "Adder">   --->   Core 1 'Adder' <Latency = 0> <II = 1> <Delay = 0.70> <FuncUnit> <Opcode : 'add' 'sub'> <InPorts = 2> <OutPorts = 1>
ST_1 : Operation 417 [1/1] (0.00ns)   --->   "%tmp_659 = partselect i7 @_ssdm_op_PartSelect.i7.i18.i32, i18 %layer8_out_19_val_read, i32 11" [firmware/nnet_utils/nnet_activation.h:46->firmware/myproject.cpp:60]   --->   Operation 417 'partselect' 'tmp_659' <Predicate = (icmp_ln45_107)> <Delay = 0.00>
ST_1 : Operation 418 [1/1] (0.70ns)   --->   "%icmp_ln46_217 = icmp_eq  i7 %tmp_659, i7 0" [firmware/nnet_utils/nnet_activation.h:46->firmware/myproject.cpp:60]   --->   Operation 418 'icmp' 'icmp_ln46_217' <Predicate = (icmp_ln45_107)> <Delay = 0.70> <CoreInst = "Cmp">   --->   Core 9 'Cmp' <Latency = 0> <II = 1> <Delay = 0.70> <FuncUnit> <Opcode : 'seteq' 'setne' 'setle' 'setge' 'setlt' 'setgt'> <InPorts = 2> <OutPorts = 1>
ST_1 : Operation 419 [1/1] (0.00ns) (grouped into LUT with out node empty_121)   --->   "%tmp_660 = bitselect i1 @_ssdm_op_BitSelect.i1.i6.i32, i6 %add_ln46_107, i32 5" [firmware/nnet_utils/nnet_activation.h:46->firmware/myproject.cpp:60]   --->   Operation 419 'bitselect' 'tmp_660' <Predicate = (icmp_ln45_107)> <Delay = 0.00>
ST_1 : Operation 420 [1/1] (0.00ns) (grouped into LUT with out node empty_121)   --->   "%not_tmp_761 = xor i1 %tmp_657, i1 1" [firmware/nnet_utils/nnet_activation.h:46->firmware/myproject.cpp:60]   --->   Operation 420 'xor' 'not_tmp_761' <Predicate = (icmp_ln45_107)> <Delay = 0.00> <CoreInst = "LogicGate">   --->   Core 74 'LogicGate' <Latency = 0> <II = 1> <Delay = 0.12> <FuncUnit> <Opcode : 'and' 'or' 'xor'> <InPorts = 2> <OutPorts = 1>
ST_1 : Operation 421 [1/1] (0.00ns) (grouped into LUT with out node empty_121)   --->   "%and_ln46_217 = or i1 %tmp_660, i1 %not_tmp_761" [firmware/nnet_utils/nnet_activation.h:46->firmware/myproject.cpp:60]   --->   Operation 421 'or' 'and_ln46_217' <Predicate = (icmp_ln45_107)> <Delay = 0.00> <CoreInst = "LogicGate">   --->   Core 74 'LogicGate' <Latency = 0> <II = 1> <Delay = 0.12> <FuncUnit> <Opcode : 'and' 'or' 'xor'> <InPorts = 2> <OutPorts = 1>
ST_1 : Operation 422 [1/1] (0.12ns) (out node of the LUT)   --->   "%empty_121 = and i1 %icmp_ln46_217, i1 %and_ln46_217" [firmware/nnet_utils/nnet_activation.h:46->firmware/myproject.cpp:60]   --->   Operation 422 'and' 'empty_121' <Predicate = (icmp_ln45_107)> <Delay = 0.12> <CoreInst = "LogicGate">   --->   Core 74 'LogicGate' <Latency = 0> <II = 1> <Delay = 0.12> <FuncUnit> <Opcode : 'and' 'or' 'xor'> <InPorts = 2> <OutPorts = 1>
ST_1 : Operation 423 [1/1] (0.00ns) (grouped into LUT with out node select_ln46_326)   --->   "%or_ln46_326 = or i1 %empty_121, i1 %tmp_655" [firmware/nnet_utils/nnet_activation.h:46->firmware/myproject.cpp:60]   --->   Operation 423 'or' 'or_ln46_326' <Predicate = (or_ln46_327 & icmp_ln45_107)> <Delay = 0.00> <CoreInst = "LogicGate">   --->   Core 74 'LogicGate' <Latency = 0> <II = 1> <Delay = 0.12> <FuncUnit> <Opcode : 'and' 'or' 'xor'> <InPorts = 2> <OutPorts = 1>
ST_1 : Operation 424 [1/1] (0.00ns) (grouped into LUT with out node layer10_out_19_0)   --->   "%xor_ln46_107 = xor i1 %empty_121, i1 1" [firmware/nnet_utils/nnet_activation.h:46->firmware/myproject.cpp:60]   --->   Operation 424 'xor' 'xor_ln46_107' <Predicate = (icmp_ln45_107)> <Delay = 0.00> <CoreInst = "LogicGate">   --->   Core 74 'LogicGate' <Latency = 0> <II = 1> <Delay = 0.12> <FuncUnit> <Opcode : 'and' 'or' 'xor'> <InPorts = 2> <OutPorts = 1>
ST_1 : Operation 425 [1/1] (0.00ns) (grouped into LUT with out node layer10_out_19_0)   --->   "%or_ln46_327 = or i1 %tmp_655, i1 %xor_ln46_107" [firmware/nnet_utils/nnet_activation.h:46->firmware/myproject.cpp:60]   --->   Operation 425 'or' 'or_ln46_327' <Predicate = (icmp_ln45_107)> <Delay = 0.00> <CoreInst = "LogicGate">   --->   Core 74 'LogicGate' <Latency = 0> <II = 1> <Delay = 0.12> <FuncUnit> <Opcode : 'and' 'or' 'xor'> <InPorts = 2> <OutPorts = 1>
ST_1 : Operation 426 [1/1] (0.00ns) (grouped into LUT with out node select_ln46_326)   --->   "%select_ln46_325 = select i1 %tmp_655, i6 0, i6 %add_ln46_107" [firmware/nnet_utils/nnet_activation.h:46->firmware/myproject.cpp:60]   --->   Operation 426 'select' 'select_ln46_325' <Predicate = (or_ln46_326 & or_ln46_327 & icmp_ln45_107)> <Delay = 0.00> <CoreInst = "Sel">   --->   Core 73 'Sel' <Latency = 0> <II = 1> <Delay = 0.29> <FuncUnit> <Opcode : 'select'> <InPorts = 3> <OutPorts = 1>
ST_1 : Operation 427 [1/1] (0.29ns) (out node of the LUT)   --->   "%select_ln46_326 = select i1 %or_ln46_326, i6 %select_ln46_325, i6 63" [firmware/nnet_utils/nnet_activation.h:46->firmware/myproject.cpp:60]   --->   Operation 427 'select' 'select_ln46_326' <Predicate = (or_ln46_327 & icmp_ln45_107)> <Delay = 0.29> <CoreInst = "Sel">   --->   Core 73 'Sel' <Latency = 0> <II = 1> <Delay = 0.29> <FuncUnit> <Opcode : 'select'> <InPorts = 3> <OutPorts = 1>
ST_1 : Operation 428 [1/1] (0.00ns) (grouped into LUT with out node layer10_out_19_0)   --->   "%select_ln46_327 = select i1 %or_ln46_327, i6 %select_ln46_326, i6 %add_ln46_107" [firmware/nnet_utils/nnet_activation.h:46->firmware/myproject.cpp:60]   --->   Operation 428 'select' 'select_ln46_327' <Predicate = (icmp_ln45_107)> <Delay = 0.00> <CoreInst = "Sel">   --->   Core 73 'Sel' <Latency = 0> <II = 1> <Delay = 0.29> <FuncUnit> <Opcode : 'select'> <InPorts = 3> <OutPorts = 1>
ST_1 : Operation 429 [1/1] (0.29ns) (out node of the LUT)   --->   "%layer10_out_19_0 = select i1 %icmp_ln45_107, i6 %select_ln46_327, i6 0" [firmware/nnet_utils/nnet_activation.h:45->firmware/myproject.cpp:60]   --->   Operation 429 'select' 'layer10_out_19_0' <Predicate = true> <Delay = 0.29> <CoreInst = "Sel">   --->   Core 73 'Sel' <Latency = 0> <II = 1> <Delay = 0.29> <FuncUnit> <Opcode : 'select'> <InPorts = 3> <OutPorts = 1>
ST_1 : Operation 430 [1/1] (0.79ns)   --->   "%icmp_ln45_108 = icmp_sgt  i18 %layer8_out_20_val_read, i18 0" [firmware/nnet_utils/nnet_activation.h:45->firmware/myproject.cpp:60]   --->   Operation 430 'icmp' 'icmp_ln45_108' <Predicate = true> <Delay = 0.79> <CoreInst = "Cmp">   --->   Core 9 'Cmp' <Latency = 0> <II = 1> <Delay = 0.79> <FuncUnit> <Opcode : 'seteq' 'setne' 'setle' 'setge' 'setlt' 'setgt'> <InPorts = 2> <OutPorts = 1>
ST_1 : Operation 431 [1/1] (0.00ns)   --->   "%tmp_661 = bitselect i1 @_ssdm_op_BitSelect.i1.i18.i32, i18 %layer8_out_20_val_read, i32 17" [firmware/nnet_utils/nnet_activation.h:46->firmware/myproject.cpp:60]   --->   Operation 431 'bitselect' 'tmp_661' <Predicate = (icmp_ln45_108)> <Delay = 0.00>
ST_1 : Operation 432 [1/1] (0.00ns) (grouped into LUT with out node add_ln46_108)   --->   "%trunc_ln46_105 = partselect i6 @_ssdm_op_PartSelect.i6.i18.i32.i32, i18 %layer8_out_20_val_read, i32 5, i32 10" [firmware/nnet_utils/nnet_activation.h:46->firmware/myproject.cpp:60]   --->   Operation 432 'partselect' 'trunc_ln46_105' <Predicate = (icmp_ln45_108)> <Delay = 0.00>
ST_1 : Operation 433 [1/1] (0.00ns) (grouped into LUT with out node add_ln46_108)   --->   "%tmp_662 = bitselect i1 @_ssdm_op_BitSelect.i1.i18.i32, i18 %layer8_out_20_val_read, i32 4" [firmware/nnet_utils/nnet_activation.h:46->firmware/myproject.cpp:60]   --->   Operation 433 'bitselect' 'tmp_662' <Predicate = (icmp_ln45_108)> <Delay = 0.00>
ST_1 : Operation 434 [1/1] (0.00ns)   --->   "%trunc_ln46_169 = trunc i18 %layer8_out_20_val_read" [firmware/nnet_utils/nnet_activation.h:46->firmware/myproject.cpp:60]   --->   Operation 434 'trunc' 'trunc_ln46_169' <Predicate = (icmp_ln45_108)> <Delay = 0.00>
ST_1 : Operation 435 [1/1] (0.70ns)   --->   "%icmp_ln46_218 = icmp_ne  i4 %trunc_ln46_169, i4 0" [firmware/nnet_utils/nnet_activation.h:46->firmware/myproject.cpp:60]   --->   Operation 435 'icmp' 'icmp_ln46_218' <Predicate = (icmp_ln45_108)> <Delay = 0.70> <CoreInst = "Cmp">   --->   Core 9 'Cmp' <Latency = 0> <II = 1> <Delay = 0.70> <FuncUnit> <Opcode : 'seteq' 'setne' 'setle' 'setge' 'setlt' 'setgt'> <InPorts = 2> <OutPorts = 1>
ST_1 : Operation 436 [1/1] (0.00ns) (grouped into LUT with out node empty_122)   --->   "%tmp_663 = bitselect i1 @_ssdm_op_BitSelect.i1.i18.i32, i18 %layer8_out_20_val_read, i32 10" [firmware/nnet_utils/nnet_activation.h:46->firmware/myproject.cpp:60]   --->   Operation 436 'bitselect' 'tmp_663' <Predicate = (icmp_ln45_108)> <Delay = 0.00>
ST_1 : Operation 437 [1/1] (0.00ns) (grouped into LUT with out node add_ln46_108)   --->   "%tmp_664 = bitselect i1 @_ssdm_op_BitSelect.i1.i18.i32, i18 %layer8_out_20_val_read, i32 5" [firmware/nnet_utils/nnet_activation.h:46->firmware/myproject.cpp:60]   --->   Operation 437 'bitselect' 'tmp_664' <Predicate = (icmp_ln45_108)> <Delay = 0.00>
ST_1 : Operation 438 [1/1] (0.00ns) (grouped into LUT with out node add_ln46_108)   --->   "%or_ln46_328 = or i1 %tmp_664, i1 %icmp_ln46_218" [firmware/nnet_utils/nnet_activation.h:46->firmware/myproject.cpp:60]   --->   Operation 438 'or' 'or_ln46_328' <Predicate = (icmp_ln45_108)> <Delay = 0.00> <CoreInst = "LogicGate">   --->   Core 74 'LogicGate' <Latency = 0> <II = 1> <Delay = 0.12> <FuncUnit> <Opcode : 'and' 'or' 'xor'> <InPorts = 2> <OutPorts = 1>
ST_1 : Operation 439 [1/1] (0.00ns) (grouped into LUT with out node add_ln46_108)   --->   "%and_ln46_212 = and i1 %or_ln46_328, i1 %tmp_662" [firmware/nnet_utils/nnet_activation.h:46->firmware/myproject.cpp:60]   --->   Operation 439 'and' 'and_ln46_212' <Predicate = (icmp_ln45_108)> <Delay = 0.00> <CoreInst = "LogicGate">   --->   Core 74 'LogicGate' <Latency = 0> <II = 1> <Delay = 0.12> <FuncUnit> <Opcode : 'and' 'or' 'xor'> <InPorts = 2> <OutPorts = 1>
ST_1 : Operation 440 [1/1] (0.00ns) (grouped into LUT with out node add_ln46_108)   --->   "%zext_ln46_108 = zext i1 %and_ln46_212" [firmware/nnet_utils/nnet_activation.h:46->firmware/myproject.cpp:60]   --->   Operation 440 'zext' 'zext_ln46_108' <Predicate = (icmp_ln45_108)> <Delay = 0.00>
ST_1 : Operation 441 [1/1] (0.70ns) (out node of the LUT)   --->   "%add_ln46_108 = add i6 %trunc_ln46_105, i6 %zext_ln46_108" [firmware/nnet_utils/nnet_activation.h:46->firmware/myproject.cpp:60]   --->   Operation 441 'add' 'add_ln46_108' <Predicate = (icmp_ln45_108)> <Delay = 0.70> <CoreInst = "Adder">   --->   Core 1 'Adder' <Latency = 0> <II = 1> <Delay = 0.70> <FuncUnit> <Opcode : 'add' 'sub'> <InPorts = 2> <OutPorts = 1>
ST_1 : Operation 442 [1/1] (0.00ns)   --->   "%tmp_665 = partselect i7 @_ssdm_op_PartSelect.i7.i18.i32, i18 %layer8_out_20_val_read, i32 11" [firmware/nnet_utils/nnet_activation.h:46->firmware/myproject.cpp:60]   --->   Operation 442 'partselect' 'tmp_665' <Predicate = (icmp_ln45_108)> <Delay = 0.00>
ST_1 : Operation 443 [1/1] (0.70ns)   --->   "%icmp_ln46_219 = icmp_eq  i7 %tmp_665, i7 0" [firmware/nnet_utils/nnet_activation.h:46->firmware/myproject.cpp:60]   --->   Operation 443 'icmp' 'icmp_ln46_219' <Predicate = (icmp_ln45_108)> <Delay = 0.70> <CoreInst = "Cmp">   --->   Core 9 'Cmp' <Latency = 0> <II = 1> <Delay = 0.70> <FuncUnit> <Opcode : 'seteq' 'setne' 'setle' 'setge' 'setlt' 'setgt'> <InPorts = 2> <OutPorts = 1>
ST_1 : Operation 444 [1/1] (0.00ns) (grouped into LUT with out node empty_122)   --->   "%tmp_666 = bitselect i1 @_ssdm_op_BitSelect.i1.i6.i32, i6 %add_ln46_108, i32 5" [firmware/nnet_utils/nnet_activation.h:46->firmware/myproject.cpp:60]   --->   Operation 444 'bitselect' 'tmp_666' <Predicate = (icmp_ln45_108)> <Delay = 0.00>
ST_1 : Operation 445 [1/1] (0.00ns) (grouped into LUT with out node empty_122)   --->   "%not_tmp_768 = xor i1 %tmp_663, i1 1" [firmware/nnet_utils/nnet_activation.h:46->firmware/myproject.cpp:60]   --->   Operation 445 'xor' 'not_tmp_768' <Predicate = (icmp_ln45_108)> <Delay = 0.00> <CoreInst = "LogicGate">   --->   Core 74 'LogicGate' <Latency = 0> <II = 1> <Delay = 0.12> <FuncUnit> <Opcode : 'and' 'or' 'xor'> <InPorts = 2> <OutPorts = 1>
ST_1 : Operation 446 [1/1] (0.00ns) (grouped into LUT with out node empty_122)   --->   "%and_ln46_219 = or i1 %tmp_666, i1 %not_tmp_768" [firmware/nnet_utils/nnet_activation.h:46->firmware/myproject.cpp:60]   --->   Operation 446 'or' 'and_ln46_219' <Predicate = (icmp_ln45_108)> <Delay = 0.00> <CoreInst = "LogicGate">   --->   Core 74 'LogicGate' <Latency = 0> <II = 1> <Delay = 0.12> <FuncUnit> <Opcode : 'and' 'or' 'xor'> <InPorts = 2> <OutPorts = 1>
ST_1 : Operation 447 [1/1] (0.12ns) (out node of the LUT)   --->   "%empty_122 = and i1 %icmp_ln46_219, i1 %and_ln46_219" [firmware/nnet_utils/nnet_activation.h:46->firmware/myproject.cpp:60]   --->   Operation 447 'and' 'empty_122' <Predicate = (icmp_ln45_108)> <Delay = 0.12> <CoreInst = "LogicGate">   --->   Core 74 'LogicGate' <Latency = 0> <II = 1> <Delay = 0.12> <FuncUnit> <Opcode : 'and' 'or' 'xor'> <InPorts = 2> <OutPorts = 1>
ST_1 : Operation 448 [1/1] (0.00ns) (grouped into LUT with out node select_ln46_329)   --->   "%or_ln46_329 = or i1 %empty_122, i1 %tmp_661" [firmware/nnet_utils/nnet_activation.h:46->firmware/myproject.cpp:60]   --->   Operation 448 'or' 'or_ln46_329' <Predicate = (or_ln46_330 & icmp_ln45_108)> <Delay = 0.00> <CoreInst = "LogicGate">   --->   Core 74 'LogicGate' <Latency = 0> <II = 1> <Delay = 0.12> <FuncUnit> <Opcode : 'and' 'or' 'xor'> <InPorts = 2> <OutPorts = 1>
ST_1 : Operation 449 [1/1] (0.00ns) (grouped into LUT with out node layer10_out_20_0)   --->   "%xor_ln46_108 = xor i1 %empty_122, i1 1" [firmware/nnet_utils/nnet_activation.h:46->firmware/myproject.cpp:60]   --->   Operation 449 'xor' 'xor_ln46_108' <Predicate = (icmp_ln45_108)> <Delay = 0.00> <CoreInst = "LogicGate">   --->   Core 74 'LogicGate' <Latency = 0> <II = 1> <Delay = 0.12> <FuncUnit> <Opcode : 'and' 'or' 'xor'> <InPorts = 2> <OutPorts = 1>
ST_1 : Operation 450 [1/1] (0.00ns) (grouped into LUT with out node layer10_out_20_0)   --->   "%or_ln46_330 = or i1 %tmp_661, i1 %xor_ln46_108" [firmware/nnet_utils/nnet_activation.h:46->firmware/myproject.cpp:60]   --->   Operation 450 'or' 'or_ln46_330' <Predicate = (icmp_ln45_108)> <Delay = 0.00> <CoreInst = "LogicGate">   --->   Core 74 'LogicGate' <Latency = 0> <II = 1> <Delay = 0.12> <FuncUnit> <Opcode : 'and' 'or' 'xor'> <InPorts = 2> <OutPorts = 1>
ST_1 : Operation 451 [1/1] (0.00ns) (grouped into LUT with out node select_ln46_329)   --->   "%select_ln46_328 = select i1 %tmp_661, i6 0, i6 %add_ln46_108" [firmware/nnet_utils/nnet_activation.h:46->firmware/myproject.cpp:60]   --->   Operation 451 'select' 'select_ln46_328' <Predicate = (or_ln46_329 & or_ln46_330 & icmp_ln45_108)> <Delay = 0.00> <CoreInst = "Sel">   --->   Core 73 'Sel' <Latency = 0> <II = 1> <Delay = 0.29> <FuncUnit> <Opcode : 'select'> <InPorts = 3> <OutPorts = 1>
ST_1 : Operation 452 [1/1] (0.29ns) (out node of the LUT)   --->   "%select_ln46_329 = select i1 %or_ln46_329, i6 %select_ln46_328, i6 63" [firmware/nnet_utils/nnet_activation.h:46->firmware/myproject.cpp:60]   --->   Operation 452 'select' 'select_ln46_329' <Predicate = (or_ln46_330 & icmp_ln45_108)> <Delay = 0.29> <CoreInst = "Sel">   --->   Core 73 'Sel' <Latency = 0> <II = 1> <Delay = 0.29> <FuncUnit> <Opcode : 'select'> <InPorts = 3> <OutPorts = 1>
ST_1 : Operation 453 [1/1] (0.00ns) (grouped into LUT with out node layer10_out_20_0)   --->   "%select_ln46_330 = select i1 %or_ln46_330, i6 %select_ln46_329, i6 %add_ln46_108" [firmware/nnet_utils/nnet_activation.h:46->firmware/myproject.cpp:60]   --->   Operation 453 'select' 'select_ln46_330' <Predicate = (icmp_ln45_108)> <Delay = 0.00> <CoreInst = "Sel">   --->   Core 73 'Sel' <Latency = 0> <II = 1> <Delay = 0.29> <FuncUnit> <Opcode : 'select'> <InPorts = 3> <OutPorts = 1>
ST_1 : Operation 454 [1/1] (0.29ns) (out node of the LUT)   --->   "%layer10_out_20_0 = select i1 %icmp_ln45_108, i6 %select_ln46_330, i6 0" [firmware/nnet_utils/nnet_activation.h:45->firmware/myproject.cpp:60]   --->   Operation 454 'select' 'layer10_out_20_0' <Predicate = true> <Delay = 0.29> <CoreInst = "Sel">   --->   Core 73 'Sel' <Latency = 0> <II = 1> <Delay = 0.29> <FuncUnit> <Opcode : 'select'> <InPorts = 3> <OutPorts = 1>
ST_1 : Operation 455 [1/1] (0.79ns)   --->   "%icmp_ln45_109 = icmp_sgt  i18 %layer8_out_21_val_read, i18 0" [firmware/nnet_utils/nnet_activation.h:45->firmware/myproject.cpp:60]   --->   Operation 455 'icmp' 'icmp_ln45_109' <Predicate = true> <Delay = 0.79> <CoreInst = "Cmp">   --->   Core 9 'Cmp' <Latency = 0> <II = 1> <Delay = 0.79> <FuncUnit> <Opcode : 'seteq' 'setne' 'setle' 'setge' 'setlt' 'setgt'> <InPorts = 2> <OutPorts = 1>
ST_1 : Operation 456 [1/1] (0.00ns)   --->   "%tmp_667 = bitselect i1 @_ssdm_op_BitSelect.i1.i18.i32, i18 %layer8_out_21_val_read, i32 17" [firmware/nnet_utils/nnet_activation.h:46->firmware/myproject.cpp:60]   --->   Operation 456 'bitselect' 'tmp_667' <Predicate = (icmp_ln45_109)> <Delay = 0.00>
ST_1 : Operation 457 [1/1] (0.00ns) (grouped into LUT with out node add_ln46_109)   --->   "%trunc_ln46_106 = partselect i6 @_ssdm_op_PartSelect.i6.i18.i32.i32, i18 %layer8_out_21_val_read, i32 5, i32 10" [firmware/nnet_utils/nnet_activation.h:46->firmware/myproject.cpp:60]   --->   Operation 457 'partselect' 'trunc_ln46_106' <Predicate = (icmp_ln45_109)> <Delay = 0.00>
ST_1 : Operation 458 [1/1] (0.00ns) (grouped into LUT with out node add_ln46_109)   --->   "%tmp_668 = bitselect i1 @_ssdm_op_BitSelect.i1.i18.i32, i18 %layer8_out_21_val_read, i32 4" [firmware/nnet_utils/nnet_activation.h:46->firmware/myproject.cpp:60]   --->   Operation 458 'bitselect' 'tmp_668' <Predicate = (icmp_ln45_109)> <Delay = 0.00>
ST_1 : Operation 459 [1/1] (0.00ns)   --->   "%trunc_ln46_170 = trunc i18 %layer8_out_21_val_read" [firmware/nnet_utils/nnet_activation.h:46->firmware/myproject.cpp:60]   --->   Operation 459 'trunc' 'trunc_ln46_170' <Predicate = (icmp_ln45_109)> <Delay = 0.00>
ST_1 : Operation 460 [1/1] (0.70ns)   --->   "%icmp_ln46_220 = icmp_ne  i4 %trunc_ln46_170, i4 0" [firmware/nnet_utils/nnet_activation.h:46->firmware/myproject.cpp:60]   --->   Operation 460 'icmp' 'icmp_ln46_220' <Predicate = (icmp_ln45_109)> <Delay = 0.70> <CoreInst = "Cmp">   --->   Core 9 'Cmp' <Latency = 0> <II = 1> <Delay = 0.70> <FuncUnit> <Opcode : 'seteq' 'setne' 'setle' 'setge' 'setlt' 'setgt'> <InPorts = 2> <OutPorts = 1>
ST_1 : Operation 461 [1/1] (0.00ns) (grouped into LUT with out node empty_123)   --->   "%tmp_669 = bitselect i1 @_ssdm_op_BitSelect.i1.i18.i32, i18 %layer8_out_21_val_read, i32 10" [firmware/nnet_utils/nnet_activation.h:46->firmware/myproject.cpp:60]   --->   Operation 461 'bitselect' 'tmp_669' <Predicate = (icmp_ln45_109)> <Delay = 0.00>
ST_1 : Operation 462 [1/1] (0.00ns) (grouped into LUT with out node add_ln46_109)   --->   "%tmp_670 = bitselect i1 @_ssdm_op_BitSelect.i1.i18.i32, i18 %layer8_out_21_val_read, i32 5" [firmware/nnet_utils/nnet_activation.h:46->firmware/myproject.cpp:60]   --->   Operation 462 'bitselect' 'tmp_670' <Predicate = (icmp_ln45_109)> <Delay = 0.00>
ST_1 : Operation 463 [1/1] (0.00ns) (grouped into LUT with out node add_ln46_109)   --->   "%or_ln46_331 = or i1 %tmp_670, i1 %icmp_ln46_220" [firmware/nnet_utils/nnet_activation.h:46->firmware/myproject.cpp:60]   --->   Operation 463 'or' 'or_ln46_331' <Predicate = (icmp_ln45_109)> <Delay = 0.00> <CoreInst = "LogicGate">   --->   Core 74 'LogicGate' <Latency = 0> <II = 1> <Delay = 0.12> <FuncUnit> <Opcode : 'and' 'or' 'xor'> <InPorts = 2> <OutPorts = 1>
ST_1 : Operation 464 [1/1] (0.00ns) (grouped into LUT with out node add_ln46_109)   --->   "%and_ln46_214 = and i1 %or_ln46_331, i1 %tmp_668" [firmware/nnet_utils/nnet_activation.h:46->firmware/myproject.cpp:60]   --->   Operation 464 'and' 'and_ln46_214' <Predicate = (icmp_ln45_109)> <Delay = 0.00> <CoreInst = "LogicGate">   --->   Core 74 'LogicGate' <Latency = 0> <II = 1> <Delay = 0.12> <FuncUnit> <Opcode : 'and' 'or' 'xor'> <InPorts = 2> <OutPorts = 1>
ST_1 : Operation 465 [1/1] (0.00ns) (grouped into LUT with out node add_ln46_109)   --->   "%zext_ln46_109 = zext i1 %and_ln46_214" [firmware/nnet_utils/nnet_activation.h:46->firmware/myproject.cpp:60]   --->   Operation 465 'zext' 'zext_ln46_109' <Predicate = (icmp_ln45_109)> <Delay = 0.00>
ST_1 : Operation 466 [1/1] (0.70ns) (out node of the LUT)   --->   "%add_ln46_109 = add i6 %trunc_ln46_106, i6 %zext_ln46_109" [firmware/nnet_utils/nnet_activation.h:46->firmware/myproject.cpp:60]   --->   Operation 466 'add' 'add_ln46_109' <Predicate = (icmp_ln45_109)> <Delay = 0.70> <CoreInst = "Adder">   --->   Core 1 'Adder' <Latency = 0> <II = 1> <Delay = 0.70> <FuncUnit> <Opcode : 'add' 'sub'> <InPorts = 2> <OutPorts = 1>
ST_1 : Operation 467 [1/1] (0.00ns)   --->   "%tmp_671 = partselect i7 @_ssdm_op_PartSelect.i7.i18.i32, i18 %layer8_out_21_val_read, i32 11" [firmware/nnet_utils/nnet_activation.h:46->firmware/myproject.cpp:60]   --->   Operation 467 'partselect' 'tmp_671' <Predicate = (icmp_ln45_109)> <Delay = 0.00>
ST_1 : Operation 468 [1/1] (0.70ns)   --->   "%icmp_ln46_221 = icmp_eq  i7 %tmp_671, i7 0" [firmware/nnet_utils/nnet_activation.h:46->firmware/myproject.cpp:60]   --->   Operation 468 'icmp' 'icmp_ln46_221' <Predicate = (icmp_ln45_109)> <Delay = 0.70> <CoreInst = "Cmp">   --->   Core 9 'Cmp' <Latency = 0> <II = 1> <Delay = 0.70> <FuncUnit> <Opcode : 'seteq' 'setne' 'setle' 'setge' 'setlt' 'setgt'> <InPorts = 2> <OutPorts = 1>
ST_1 : Operation 469 [1/1] (0.00ns) (grouped into LUT with out node empty_123)   --->   "%tmp_672 = bitselect i1 @_ssdm_op_BitSelect.i1.i6.i32, i6 %add_ln46_109, i32 5" [firmware/nnet_utils/nnet_activation.h:46->firmware/myproject.cpp:60]   --->   Operation 469 'bitselect' 'tmp_672' <Predicate = (icmp_ln45_109)> <Delay = 0.00>
ST_1 : Operation 470 [1/1] (0.00ns) (grouped into LUT with out node empty_123)   --->   "%not_tmp_775 = xor i1 %tmp_669, i1 1" [firmware/nnet_utils/nnet_activation.h:46->firmware/myproject.cpp:60]   --->   Operation 470 'xor' 'not_tmp_775' <Predicate = (icmp_ln45_109)> <Delay = 0.00> <CoreInst = "LogicGate">   --->   Core 74 'LogicGate' <Latency = 0> <II = 1> <Delay = 0.12> <FuncUnit> <Opcode : 'and' 'or' 'xor'> <InPorts = 2> <OutPorts = 1>
ST_1 : Operation 471 [1/1] (0.00ns) (grouped into LUT with out node empty_123)   --->   "%and_ln46_221 = or i1 %tmp_672, i1 %not_tmp_775" [firmware/nnet_utils/nnet_activation.h:46->firmware/myproject.cpp:60]   --->   Operation 471 'or' 'and_ln46_221' <Predicate = (icmp_ln45_109)> <Delay = 0.00> <CoreInst = "LogicGate">   --->   Core 74 'LogicGate' <Latency = 0> <II = 1> <Delay = 0.12> <FuncUnit> <Opcode : 'and' 'or' 'xor'> <InPorts = 2> <OutPorts = 1>
ST_1 : Operation 472 [1/1] (0.12ns) (out node of the LUT)   --->   "%empty_123 = and i1 %icmp_ln46_221, i1 %and_ln46_221" [firmware/nnet_utils/nnet_activation.h:46->firmware/myproject.cpp:60]   --->   Operation 472 'and' 'empty_123' <Predicate = (icmp_ln45_109)> <Delay = 0.12> <CoreInst = "LogicGate">   --->   Core 74 'LogicGate' <Latency = 0> <II = 1> <Delay = 0.12> <FuncUnit> <Opcode : 'and' 'or' 'xor'> <InPorts = 2> <OutPorts = 1>
ST_1 : Operation 473 [1/1] (0.00ns) (grouped into LUT with out node select_ln46_332)   --->   "%or_ln46_332 = or i1 %empty_123, i1 %tmp_667" [firmware/nnet_utils/nnet_activation.h:46->firmware/myproject.cpp:60]   --->   Operation 473 'or' 'or_ln46_332' <Predicate = (or_ln46_333 & icmp_ln45_109)> <Delay = 0.00> <CoreInst = "LogicGate">   --->   Core 74 'LogicGate' <Latency = 0> <II = 1> <Delay = 0.12> <FuncUnit> <Opcode : 'and' 'or' 'xor'> <InPorts = 2> <OutPorts = 1>
ST_1 : Operation 474 [1/1] (0.00ns) (grouped into LUT with out node layer10_out_21_0)   --->   "%xor_ln46_109 = xor i1 %empty_123, i1 1" [firmware/nnet_utils/nnet_activation.h:46->firmware/myproject.cpp:60]   --->   Operation 474 'xor' 'xor_ln46_109' <Predicate = (icmp_ln45_109)> <Delay = 0.00> <CoreInst = "LogicGate">   --->   Core 74 'LogicGate' <Latency = 0> <II = 1> <Delay = 0.12> <FuncUnit> <Opcode : 'and' 'or' 'xor'> <InPorts = 2> <OutPorts = 1>
ST_1 : Operation 475 [1/1] (0.00ns) (grouped into LUT with out node layer10_out_21_0)   --->   "%or_ln46_333 = or i1 %tmp_667, i1 %xor_ln46_109" [firmware/nnet_utils/nnet_activation.h:46->firmware/myproject.cpp:60]   --->   Operation 475 'or' 'or_ln46_333' <Predicate = (icmp_ln45_109)> <Delay = 0.00> <CoreInst = "LogicGate">   --->   Core 74 'LogicGate' <Latency = 0> <II = 1> <Delay = 0.12> <FuncUnit> <Opcode : 'and' 'or' 'xor'> <InPorts = 2> <OutPorts = 1>
ST_1 : Operation 476 [1/1] (0.00ns) (grouped into LUT with out node select_ln46_332)   --->   "%select_ln46_331 = select i1 %tmp_667, i6 0, i6 %add_ln46_109" [firmware/nnet_utils/nnet_activation.h:46->firmware/myproject.cpp:60]   --->   Operation 476 'select' 'select_ln46_331' <Predicate = (or_ln46_332 & or_ln46_333 & icmp_ln45_109)> <Delay = 0.00> <CoreInst = "Sel">   --->   Core 73 'Sel' <Latency = 0> <II = 1> <Delay = 0.29> <FuncUnit> <Opcode : 'select'> <InPorts = 3> <OutPorts = 1>
ST_1 : Operation 477 [1/1] (0.29ns) (out node of the LUT)   --->   "%select_ln46_332 = select i1 %or_ln46_332, i6 %select_ln46_331, i6 63" [firmware/nnet_utils/nnet_activation.h:46->firmware/myproject.cpp:60]   --->   Operation 477 'select' 'select_ln46_332' <Predicate = (or_ln46_333 & icmp_ln45_109)> <Delay = 0.29> <CoreInst = "Sel">   --->   Core 73 'Sel' <Latency = 0> <II = 1> <Delay = 0.29> <FuncUnit> <Opcode : 'select'> <InPorts = 3> <OutPorts = 1>
ST_1 : Operation 478 [1/1] (0.00ns) (grouped into LUT with out node layer10_out_21_0)   --->   "%select_ln46_333 = select i1 %or_ln46_333, i6 %select_ln46_332, i6 %add_ln46_109" [firmware/nnet_utils/nnet_activation.h:46->firmware/myproject.cpp:60]   --->   Operation 478 'select' 'select_ln46_333' <Predicate = (icmp_ln45_109)> <Delay = 0.00> <CoreInst = "Sel">   --->   Core 73 'Sel' <Latency = 0> <II = 1> <Delay = 0.29> <FuncUnit> <Opcode : 'select'> <InPorts = 3> <OutPorts = 1>
ST_1 : Operation 479 [1/1] (0.29ns) (out node of the LUT)   --->   "%layer10_out_21_0 = select i1 %icmp_ln45_109, i6 %select_ln46_333, i6 0" [firmware/nnet_utils/nnet_activation.h:45->firmware/myproject.cpp:60]   --->   Operation 479 'select' 'layer10_out_21_0' <Predicate = true> <Delay = 0.29> <CoreInst = "Sel">   --->   Core 73 'Sel' <Latency = 0> <II = 1> <Delay = 0.29> <FuncUnit> <Opcode : 'select'> <InPorts = 3> <OutPorts = 1>
ST_1 : Operation 480 [1/1] (0.79ns)   --->   "%icmp_ln45_110 = icmp_sgt  i18 %layer8_out_22_val_read, i18 0" [firmware/nnet_utils/nnet_activation.h:45->firmware/myproject.cpp:60]   --->   Operation 480 'icmp' 'icmp_ln45_110' <Predicate = true> <Delay = 0.79> <CoreInst = "Cmp">   --->   Core 9 'Cmp' <Latency = 0> <II = 1> <Delay = 0.79> <FuncUnit> <Opcode : 'seteq' 'setne' 'setle' 'setge' 'setlt' 'setgt'> <InPorts = 2> <OutPorts = 1>
ST_1 : Operation 481 [1/1] (0.00ns)   --->   "%tmp_673 = bitselect i1 @_ssdm_op_BitSelect.i1.i18.i32, i18 %layer8_out_22_val_read, i32 17" [firmware/nnet_utils/nnet_activation.h:46->firmware/myproject.cpp:60]   --->   Operation 481 'bitselect' 'tmp_673' <Predicate = (icmp_ln45_110)> <Delay = 0.00>
ST_1 : Operation 482 [1/1] (0.00ns) (grouped into LUT with out node add_ln46_110)   --->   "%trunc_ln46_107 = partselect i6 @_ssdm_op_PartSelect.i6.i18.i32.i32, i18 %layer8_out_22_val_read, i32 5, i32 10" [firmware/nnet_utils/nnet_activation.h:46->firmware/myproject.cpp:60]   --->   Operation 482 'partselect' 'trunc_ln46_107' <Predicate = (icmp_ln45_110)> <Delay = 0.00>
ST_1 : Operation 483 [1/1] (0.00ns) (grouped into LUT with out node add_ln46_110)   --->   "%tmp_674 = bitselect i1 @_ssdm_op_BitSelect.i1.i18.i32, i18 %layer8_out_22_val_read, i32 4" [firmware/nnet_utils/nnet_activation.h:46->firmware/myproject.cpp:60]   --->   Operation 483 'bitselect' 'tmp_674' <Predicate = (icmp_ln45_110)> <Delay = 0.00>
ST_1 : Operation 484 [1/1] (0.00ns)   --->   "%trunc_ln46_171 = trunc i18 %layer8_out_22_val_read" [firmware/nnet_utils/nnet_activation.h:46->firmware/myproject.cpp:60]   --->   Operation 484 'trunc' 'trunc_ln46_171' <Predicate = (icmp_ln45_110)> <Delay = 0.00>
ST_1 : Operation 485 [1/1] (0.70ns)   --->   "%icmp_ln46_222 = icmp_ne  i4 %trunc_ln46_171, i4 0" [firmware/nnet_utils/nnet_activation.h:46->firmware/myproject.cpp:60]   --->   Operation 485 'icmp' 'icmp_ln46_222' <Predicate = (icmp_ln45_110)> <Delay = 0.70> <CoreInst = "Cmp">   --->   Core 9 'Cmp' <Latency = 0> <II = 1> <Delay = 0.70> <FuncUnit> <Opcode : 'seteq' 'setne' 'setle' 'setge' 'setlt' 'setgt'> <InPorts = 2> <OutPorts = 1>
ST_1 : Operation 486 [1/1] (0.00ns) (grouped into LUT with out node empty_124)   --->   "%tmp_675 = bitselect i1 @_ssdm_op_BitSelect.i1.i18.i32, i18 %layer8_out_22_val_read, i32 10" [firmware/nnet_utils/nnet_activation.h:46->firmware/myproject.cpp:60]   --->   Operation 486 'bitselect' 'tmp_675' <Predicate = (icmp_ln45_110)> <Delay = 0.00>
ST_1 : Operation 487 [1/1] (0.00ns) (grouped into LUT with out node add_ln46_110)   --->   "%tmp_676 = bitselect i1 @_ssdm_op_BitSelect.i1.i18.i32, i18 %layer8_out_22_val_read, i32 5" [firmware/nnet_utils/nnet_activation.h:46->firmware/myproject.cpp:60]   --->   Operation 487 'bitselect' 'tmp_676' <Predicate = (icmp_ln45_110)> <Delay = 0.00>
ST_1 : Operation 488 [1/1] (0.00ns) (grouped into LUT with out node add_ln46_110)   --->   "%or_ln46_334 = or i1 %tmp_676, i1 %icmp_ln46_222" [firmware/nnet_utils/nnet_activation.h:46->firmware/myproject.cpp:60]   --->   Operation 488 'or' 'or_ln46_334' <Predicate = (icmp_ln45_110)> <Delay = 0.00> <CoreInst = "LogicGate">   --->   Core 74 'LogicGate' <Latency = 0> <II = 1> <Delay = 0.12> <FuncUnit> <Opcode : 'and' 'or' 'xor'> <InPorts = 2> <OutPorts = 1>
ST_1 : Operation 489 [1/1] (0.00ns) (grouped into LUT with out node add_ln46_110)   --->   "%and_ln46_216 = and i1 %or_ln46_334, i1 %tmp_674" [firmware/nnet_utils/nnet_activation.h:46->firmware/myproject.cpp:60]   --->   Operation 489 'and' 'and_ln46_216' <Predicate = (icmp_ln45_110)> <Delay = 0.00> <CoreInst = "LogicGate">   --->   Core 74 'LogicGate' <Latency = 0> <II = 1> <Delay = 0.12> <FuncUnit> <Opcode : 'and' 'or' 'xor'> <InPorts = 2> <OutPorts = 1>
ST_1 : Operation 490 [1/1] (0.00ns) (grouped into LUT with out node add_ln46_110)   --->   "%zext_ln46_110 = zext i1 %and_ln46_216" [firmware/nnet_utils/nnet_activation.h:46->firmware/myproject.cpp:60]   --->   Operation 490 'zext' 'zext_ln46_110' <Predicate = (icmp_ln45_110)> <Delay = 0.00>
ST_1 : Operation 491 [1/1] (0.70ns) (out node of the LUT)   --->   "%add_ln46_110 = add i6 %trunc_ln46_107, i6 %zext_ln46_110" [firmware/nnet_utils/nnet_activation.h:46->firmware/myproject.cpp:60]   --->   Operation 491 'add' 'add_ln46_110' <Predicate = (icmp_ln45_110)> <Delay = 0.70> <CoreInst = "Adder">   --->   Core 1 'Adder' <Latency = 0> <II = 1> <Delay = 0.70> <FuncUnit> <Opcode : 'add' 'sub'> <InPorts = 2> <OutPorts = 1>
ST_1 : Operation 492 [1/1] (0.00ns)   --->   "%tmp_677 = partselect i7 @_ssdm_op_PartSelect.i7.i18.i32, i18 %layer8_out_22_val_read, i32 11" [firmware/nnet_utils/nnet_activation.h:46->firmware/myproject.cpp:60]   --->   Operation 492 'partselect' 'tmp_677' <Predicate = (icmp_ln45_110)> <Delay = 0.00>
ST_1 : Operation 493 [1/1] (0.70ns)   --->   "%icmp_ln46_223 = icmp_eq  i7 %tmp_677, i7 0" [firmware/nnet_utils/nnet_activation.h:46->firmware/myproject.cpp:60]   --->   Operation 493 'icmp' 'icmp_ln46_223' <Predicate = (icmp_ln45_110)> <Delay = 0.70> <CoreInst = "Cmp">   --->   Core 9 'Cmp' <Latency = 0> <II = 1> <Delay = 0.70> <FuncUnit> <Opcode : 'seteq' 'setne' 'setle' 'setge' 'setlt' 'setgt'> <InPorts = 2> <OutPorts = 1>
ST_1 : Operation 494 [1/1] (0.00ns) (grouped into LUT with out node empty_124)   --->   "%tmp_678 = bitselect i1 @_ssdm_op_BitSelect.i1.i6.i32, i6 %add_ln46_110, i32 5" [firmware/nnet_utils/nnet_activation.h:46->firmware/myproject.cpp:60]   --->   Operation 494 'bitselect' 'tmp_678' <Predicate = (icmp_ln45_110)> <Delay = 0.00>
ST_1 : Operation 495 [1/1] (0.00ns) (grouped into LUT with out node empty_124)   --->   "%not_tmp_782 = xor i1 %tmp_675, i1 1" [firmware/nnet_utils/nnet_activation.h:46->firmware/myproject.cpp:60]   --->   Operation 495 'xor' 'not_tmp_782' <Predicate = (icmp_ln45_110)> <Delay = 0.00> <CoreInst = "LogicGate">   --->   Core 74 'LogicGate' <Latency = 0> <II = 1> <Delay = 0.12> <FuncUnit> <Opcode : 'and' 'or' 'xor'> <InPorts = 2> <OutPorts = 1>
ST_1 : Operation 496 [1/1] (0.00ns) (grouped into LUT with out node empty_124)   --->   "%and_ln46_223 = or i1 %tmp_678, i1 %not_tmp_782" [firmware/nnet_utils/nnet_activation.h:46->firmware/myproject.cpp:60]   --->   Operation 496 'or' 'and_ln46_223' <Predicate = (icmp_ln45_110)> <Delay = 0.00> <CoreInst = "LogicGate">   --->   Core 74 'LogicGate' <Latency = 0> <II = 1> <Delay = 0.12> <FuncUnit> <Opcode : 'and' 'or' 'xor'> <InPorts = 2> <OutPorts = 1>
ST_1 : Operation 497 [1/1] (0.12ns) (out node of the LUT)   --->   "%empty_124 = and i1 %icmp_ln46_223, i1 %and_ln46_223" [firmware/nnet_utils/nnet_activation.h:46->firmware/myproject.cpp:60]   --->   Operation 497 'and' 'empty_124' <Predicate = (icmp_ln45_110)> <Delay = 0.12> <CoreInst = "LogicGate">   --->   Core 74 'LogicGate' <Latency = 0> <II = 1> <Delay = 0.12> <FuncUnit> <Opcode : 'and' 'or' 'xor'> <InPorts = 2> <OutPorts = 1>
ST_1 : Operation 498 [1/1] (0.00ns) (grouped into LUT with out node select_ln46_335)   --->   "%or_ln46_335 = or i1 %empty_124, i1 %tmp_673" [firmware/nnet_utils/nnet_activation.h:46->firmware/myproject.cpp:60]   --->   Operation 498 'or' 'or_ln46_335' <Predicate = (or_ln46_336 & icmp_ln45_110)> <Delay = 0.00> <CoreInst = "LogicGate">   --->   Core 74 'LogicGate' <Latency = 0> <II = 1> <Delay = 0.12> <FuncUnit> <Opcode : 'and' 'or' 'xor'> <InPorts = 2> <OutPorts = 1>
ST_1 : Operation 499 [1/1] (0.00ns) (grouped into LUT with out node layer10_out_22_0)   --->   "%xor_ln46_110 = xor i1 %empty_124, i1 1" [firmware/nnet_utils/nnet_activation.h:46->firmware/myproject.cpp:60]   --->   Operation 499 'xor' 'xor_ln46_110' <Predicate = (icmp_ln45_110)> <Delay = 0.00> <CoreInst = "LogicGate">   --->   Core 74 'LogicGate' <Latency = 0> <II = 1> <Delay = 0.12> <FuncUnit> <Opcode : 'and' 'or' 'xor'> <InPorts = 2> <OutPorts = 1>
ST_1 : Operation 500 [1/1] (0.00ns) (grouped into LUT with out node layer10_out_22_0)   --->   "%or_ln46_336 = or i1 %tmp_673, i1 %xor_ln46_110" [firmware/nnet_utils/nnet_activation.h:46->firmware/myproject.cpp:60]   --->   Operation 500 'or' 'or_ln46_336' <Predicate = (icmp_ln45_110)> <Delay = 0.00> <CoreInst = "LogicGate">   --->   Core 74 'LogicGate' <Latency = 0> <II = 1> <Delay = 0.12> <FuncUnit> <Opcode : 'and' 'or' 'xor'> <InPorts = 2> <OutPorts = 1>
ST_1 : Operation 501 [1/1] (0.00ns) (grouped into LUT with out node select_ln46_335)   --->   "%select_ln46_334 = select i1 %tmp_673, i6 0, i6 %add_ln46_110" [firmware/nnet_utils/nnet_activation.h:46->firmware/myproject.cpp:60]   --->   Operation 501 'select' 'select_ln46_334' <Predicate = (or_ln46_335 & or_ln46_336 & icmp_ln45_110)> <Delay = 0.00> <CoreInst = "Sel">   --->   Core 73 'Sel' <Latency = 0> <II = 1> <Delay = 0.29> <FuncUnit> <Opcode : 'select'> <InPorts = 3> <OutPorts = 1>
ST_1 : Operation 502 [1/1] (0.29ns) (out node of the LUT)   --->   "%select_ln46_335 = select i1 %or_ln46_335, i6 %select_ln46_334, i6 63" [firmware/nnet_utils/nnet_activation.h:46->firmware/myproject.cpp:60]   --->   Operation 502 'select' 'select_ln46_335' <Predicate = (or_ln46_336 & icmp_ln45_110)> <Delay = 0.29> <CoreInst = "Sel">   --->   Core 73 'Sel' <Latency = 0> <II = 1> <Delay = 0.29> <FuncUnit> <Opcode : 'select'> <InPorts = 3> <OutPorts = 1>
ST_1 : Operation 503 [1/1] (0.00ns) (grouped into LUT with out node layer10_out_22_0)   --->   "%select_ln46_336 = select i1 %or_ln46_336, i6 %select_ln46_335, i6 %add_ln46_110" [firmware/nnet_utils/nnet_activation.h:46->firmware/myproject.cpp:60]   --->   Operation 503 'select' 'select_ln46_336' <Predicate = (icmp_ln45_110)> <Delay = 0.00> <CoreInst = "Sel">   --->   Core 73 'Sel' <Latency = 0> <II = 1> <Delay = 0.29> <FuncUnit> <Opcode : 'select'> <InPorts = 3> <OutPorts = 1>
ST_1 : Operation 504 [1/1] (0.29ns) (out node of the LUT)   --->   "%layer10_out_22_0 = select i1 %icmp_ln45_110, i6 %select_ln46_336, i6 0" [firmware/nnet_utils/nnet_activation.h:45->firmware/myproject.cpp:60]   --->   Operation 504 'select' 'layer10_out_22_0' <Predicate = true> <Delay = 0.29> <CoreInst = "Sel">   --->   Core 73 'Sel' <Latency = 0> <II = 1> <Delay = 0.29> <FuncUnit> <Opcode : 'select'> <InPorts = 3> <OutPorts = 1>
ST_1 : Operation 505 [1/1] (0.79ns)   --->   "%icmp_ln45_111 = icmp_sgt  i18 %layer8_out_23_val_read, i18 0" [firmware/nnet_utils/nnet_activation.h:45->firmware/myproject.cpp:60]   --->   Operation 505 'icmp' 'icmp_ln45_111' <Predicate = true> <Delay = 0.79> <CoreInst = "Cmp">   --->   Core 9 'Cmp' <Latency = 0> <II = 1> <Delay = 0.79> <FuncUnit> <Opcode : 'seteq' 'setne' 'setle' 'setge' 'setlt' 'setgt'> <InPorts = 2> <OutPorts = 1>
ST_1 : Operation 506 [1/1] (0.00ns)   --->   "%tmp_679 = bitselect i1 @_ssdm_op_BitSelect.i1.i18.i32, i18 %layer8_out_23_val_read, i32 17" [firmware/nnet_utils/nnet_activation.h:46->firmware/myproject.cpp:60]   --->   Operation 506 'bitselect' 'tmp_679' <Predicate = (icmp_ln45_111)> <Delay = 0.00>
ST_1 : Operation 507 [1/1] (0.00ns) (grouped into LUT with out node add_ln46_111)   --->   "%trunc_ln46_108 = partselect i6 @_ssdm_op_PartSelect.i6.i18.i32.i32, i18 %layer8_out_23_val_read, i32 5, i32 10" [firmware/nnet_utils/nnet_activation.h:46->firmware/myproject.cpp:60]   --->   Operation 507 'partselect' 'trunc_ln46_108' <Predicate = (icmp_ln45_111)> <Delay = 0.00>
ST_1 : Operation 508 [1/1] (0.00ns) (grouped into LUT with out node add_ln46_111)   --->   "%tmp_680 = bitselect i1 @_ssdm_op_BitSelect.i1.i18.i32, i18 %layer8_out_23_val_read, i32 4" [firmware/nnet_utils/nnet_activation.h:46->firmware/myproject.cpp:60]   --->   Operation 508 'bitselect' 'tmp_680' <Predicate = (icmp_ln45_111)> <Delay = 0.00>
ST_1 : Operation 509 [1/1] (0.00ns)   --->   "%trunc_ln46_172 = trunc i18 %layer8_out_23_val_read" [firmware/nnet_utils/nnet_activation.h:46->firmware/myproject.cpp:60]   --->   Operation 509 'trunc' 'trunc_ln46_172' <Predicate = (icmp_ln45_111)> <Delay = 0.00>
ST_1 : Operation 510 [1/1] (0.70ns)   --->   "%icmp_ln46_224 = icmp_ne  i4 %trunc_ln46_172, i4 0" [firmware/nnet_utils/nnet_activation.h:46->firmware/myproject.cpp:60]   --->   Operation 510 'icmp' 'icmp_ln46_224' <Predicate = (icmp_ln45_111)> <Delay = 0.70> <CoreInst = "Cmp">   --->   Core 9 'Cmp' <Latency = 0> <II = 1> <Delay = 0.70> <FuncUnit> <Opcode : 'seteq' 'setne' 'setle' 'setge' 'setlt' 'setgt'> <InPorts = 2> <OutPorts = 1>
ST_1 : Operation 511 [1/1] (0.00ns) (grouped into LUT with out node empty_125)   --->   "%tmp_681 = bitselect i1 @_ssdm_op_BitSelect.i1.i18.i32, i18 %layer8_out_23_val_read, i32 10" [firmware/nnet_utils/nnet_activation.h:46->firmware/myproject.cpp:60]   --->   Operation 511 'bitselect' 'tmp_681' <Predicate = (icmp_ln45_111)> <Delay = 0.00>
ST_1 : Operation 512 [1/1] (0.00ns) (grouped into LUT with out node add_ln46_111)   --->   "%tmp_682 = bitselect i1 @_ssdm_op_BitSelect.i1.i18.i32, i18 %layer8_out_23_val_read, i32 5" [firmware/nnet_utils/nnet_activation.h:46->firmware/myproject.cpp:60]   --->   Operation 512 'bitselect' 'tmp_682' <Predicate = (icmp_ln45_111)> <Delay = 0.00>
ST_1 : Operation 513 [1/1] (0.00ns) (grouped into LUT with out node add_ln46_111)   --->   "%or_ln46_337 = or i1 %tmp_682, i1 %icmp_ln46_224" [firmware/nnet_utils/nnet_activation.h:46->firmware/myproject.cpp:60]   --->   Operation 513 'or' 'or_ln46_337' <Predicate = (icmp_ln45_111)> <Delay = 0.00> <CoreInst = "LogicGate">   --->   Core 74 'LogicGate' <Latency = 0> <II = 1> <Delay = 0.12> <FuncUnit> <Opcode : 'and' 'or' 'xor'> <InPorts = 2> <OutPorts = 1>
ST_1 : Operation 514 [1/1] (0.00ns) (grouped into LUT with out node add_ln46_111)   --->   "%and_ln46_218 = and i1 %or_ln46_337, i1 %tmp_680" [firmware/nnet_utils/nnet_activation.h:46->firmware/myproject.cpp:60]   --->   Operation 514 'and' 'and_ln46_218' <Predicate = (icmp_ln45_111)> <Delay = 0.00> <CoreInst = "LogicGate">   --->   Core 74 'LogicGate' <Latency = 0> <II = 1> <Delay = 0.12> <FuncUnit> <Opcode : 'and' 'or' 'xor'> <InPorts = 2> <OutPorts = 1>
ST_1 : Operation 515 [1/1] (0.00ns) (grouped into LUT with out node add_ln46_111)   --->   "%zext_ln46_111 = zext i1 %and_ln46_218" [firmware/nnet_utils/nnet_activation.h:46->firmware/myproject.cpp:60]   --->   Operation 515 'zext' 'zext_ln46_111' <Predicate = (icmp_ln45_111)> <Delay = 0.00>
ST_1 : Operation 516 [1/1] (0.70ns) (out node of the LUT)   --->   "%add_ln46_111 = add i6 %trunc_ln46_108, i6 %zext_ln46_111" [firmware/nnet_utils/nnet_activation.h:46->firmware/myproject.cpp:60]   --->   Operation 516 'add' 'add_ln46_111' <Predicate = (icmp_ln45_111)> <Delay = 0.70> <CoreInst = "Adder">   --->   Core 1 'Adder' <Latency = 0> <II = 1> <Delay = 0.70> <FuncUnit> <Opcode : 'add' 'sub'> <InPorts = 2> <OutPorts = 1>
ST_1 : Operation 517 [1/1] (0.00ns)   --->   "%tmp_683 = partselect i7 @_ssdm_op_PartSelect.i7.i18.i32, i18 %layer8_out_23_val_read, i32 11" [firmware/nnet_utils/nnet_activation.h:46->firmware/myproject.cpp:60]   --->   Operation 517 'partselect' 'tmp_683' <Predicate = (icmp_ln45_111)> <Delay = 0.00>
ST_1 : Operation 518 [1/1] (0.70ns)   --->   "%icmp_ln46_225 = icmp_eq  i7 %tmp_683, i7 0" [firmware/nnet_utils/nnet_activation.h:46->firmware/myproject.cpp:60]   --->   Operation 518 'icmp' 'icmp_ln46_225' <Predicate = (icmp_ln45_111)> <Delay = 0.70> <CoreInst = "Cmp">   --->   Core 9 'Cmp' <Latency = 0> <II = 1> <Delay = 0.70> <FuncUnit> <Opcode : 'seteq' 'setne' 'setle' 'setge' 'setlt' 'setgt'> <InPorts = 2> <OutPorts = 1>
ST_1 : Operation 519 [1/1] (0.00ns) (grouped into LUT with out node empty_125)   --->   "%tmp_684 = bitselect i1 @_ssdm_op_BitSelect.i1.i6.i32, i6 %add_ln46_111, i32 5" [firmware/nnet_utils/nnet_activation.h:46->firmware/myproject.cpp:60]   --->   Operation 519 'bitselect' 'tmp_684' <Predicate = (icmp_ln45_111)> <Delay = 0.00>
ST_1 : Operation 520 [1/1] (0.00ns) (grouped into LUT with out node empty_125)   --->   "%not_tmp_789 = xor i1 %tmp_681, i1 1" [firmware/nnet_utils/nnet_activation.h:46->firmware/myproject.cpp:60]   --->   Operation 520 'xor' 'not_tmp_789' <Predicate = (icmp_ln45_111)> <Delay = 0.00> <CoreInst = "LogicGate">   --->   Core 74 'LogicGate' <Latency = 0> <II = 1> <Delay = 0.12> <FuncUnit> <Opcode : 'and' 'or' 'xor'> <InPorts = 2> <OutPorts = 1>
ST_1 : Operation 521 [1/1] (0.00ns) (grouped into LUT with out node empty_125)   --->   "%and_ln46_225 = or i1 %tmp_684, i1 %not_tmp_789" [firmware/nnet_utils/nnet_activation.h:46->firmware/myproject.cpp:60]   --->   Operation 521 'or' 'and_ln46_225' <Predicate = (icmp_ln45_111)> <Delay = 0.00> <CoreInst = "LogicGate">   --->   Core 74 'LogicGate' <Latency = 0> <II = 1> <Delay = 0.12> <FuncUnit> <Opcode : 'and' 'or' 'xor'> <InPorts = 2> <OutPorts = 1>
ST_1 : Operation 522 [1/1] (0.12ns) (out node of the LUT)   --->   "%empty_125 = and i1 %icmp_ln46_225, i1 %and_ln46_225" [firmware/nnet_utils/nnet_activation.h:46->firmware/myproject.cpp:60]   --->   Operation 522 'and' 'empty_125' <Predicate = (icmp_ln45_111)> <Delay = 0.12> <CoreInst = "LogicGate">   --->   Core 74 'LogicGate' <Latency = 0> <II = 1> <Delay = 0.12> <FuncUnit> <Opcode : 'and' 'or' 'xor'> <InPorts = 2> <OutPorts = 1>
ST_1 : Operation 523 [1/1] (0.00ns) (grouped into LUT with out node select_ln46_338)   --->   "%or_ln46_338 = or i1 %empty_125, i1 %tmp_679" [firmware/nnet_utils/nnet_activation.h:46->firmware/myproject.cpp:60]   --->   Operation 523 'or' 'or_ln46_338' <Predicate = (or_ln46_339 & icmp_ln45_111)> <Delay = 0.00> <CoreInst = "LogicGate">   --->   Core 74 'LogicGate' <Latency = 0> <II = 1> <Delay = 0.12> <FuncUnit> <Opcode : 'and' 'or' 'xor'> <InPorts = 2> <OutPorts = 1>
ST_1 : Operation 524 [1/1] (0.00ns) (grouped into LUT with out node layer10_out_23_0)   --->   "%xor_ln46_111 = xor i1 %empty_125, i1 1" [firmware/nnet_utils/nnet_activation.h:46->firmware/myproject.cpp:60]   --->   Operation 524 'xor' 'xor_ln46_111' <Predicate = (icmp_ln45_111)> <Delay = 0.00> <CoreInst = "LogicGate">   --->   Core 74 'LogicGate' <Latency = 0> <II = 1> <Delay = 0.12> <FuncUnit> <Opcode : 'and' 'or' 'xor'> <InPorts = 2> <OutPorts = 1>
ST_1 : Operation 525 [1/1] (0.00ns) (grouped into LUT with out node layer10_out_23_0)   --->   "%or_ln46_339 = or i1 %tmp_679, i1 %xor_ln46_111" [firmware/nnet_utils/nnet_activation.h:46->firmware/myproject.cpp:60]   --->   Operation 525 'or' 'or_ln46_339' <Predicate = (icmp_ln45_111)> <Delay = 0.00> <CoreInst = "LogicGate">   --->   Core 74 'LogicGate' <Latency = 0> <II = 1> <Delay = 0.12> <FuncUnit> <Opcode : 'and' 'or' 'xor'> <InPorts = 2> <OutPorts = 1>
ST_1 : Operation 526 [1/1] (0.00ns) (grouped into LUT with out node select_ln46_338)   --->   "%select_ln46_337 = select i1 %tmp_679, i6 0, i6 %add_ln46_111" [firmware/nnet_utils/nnet_activation.h:46->firmware/myproject.cpp:60]   --->   Operation 526 'select' 'select_ln46_337' <Predicate = (or_ln46_338 & or_ln46_339 & icmp_ln45_111)> <Delay = 0.00> <CoreInst = "Sel">   --->   Core 73 'Sel' <Latency = 0> <II = 1> <Delay = 0.29> <FuncUnit> <Opcode : 'select'> <InPorts = 3> <OutPorts = 1>
ST_1 : Operation 527 [1/1] (0.29ns) (out node of the LUT)   --->   "%select_ln46_338 = select i1 %or_ln46_338, i6 %select_ln46_337, i6 63" [firmware/nnet_utils/nnet_activation.h:46->firmware/myproject.cpp:60]   --->   Operation 527 'select' 'select_ln46_338' <Predicate = (or_ln46_339 & icmp_ln45_111)> <Delay = 0.29> <CoreInst = "Sel">   --->   Core 73 'Sel' <Latency = 0> <II = 1> <Delay = 0.29> <FuncUnit> <Opcode : 'select'> <InPorts = 3> <OutPorts = 1>
ST_1 : Operation 528 [1/1] (0.00ns) (grouped into LUT with out node layer10_out_23_0)   --->   "%select_ln46_339 = select i1 %or_ln46_339, i6 %select_ln46_338, i6 %add_ln46_111" [firmware/nnet_utils/nnet_activation.h:46->firmware/myproject.cpp:60]   --->   Operation 528 'select' 'select_ln46_339' <Predicate = (icmp_ln45_111)> <Delay = 0.00> <CoreInst = "Sel">   --->   Core 73 'Sel' <Latency = 0> <II = 1> <Delay = 0.29> <FuncUnit> <Opcode : 'select'> <InPorts = 3> <OutPorts = 1>
ST_1 : Operation 529 [1/1] (0.29ns) (out node of the LUT)   --->   "%layer10_out_23_0 = select i1 %icmp_ln45_111, i6 %select_ln46_339, i6 0" [firmware/nnet_utils/nnet_activation.h:45->firmware/myproject.cpp:60]   --->   Operation 529 'select' 'layer10_out_23_0' <Predicate = true> <Delay = 0.29> <CoreInst = "Sel">   --->   Core 73 'Sel' <Latency = 0> <II = 1> <Delay = 0.29> <FuncUnit> <Opcode : 'select'> <InPorts = 3> <OutPorts = 1>
ST_1 : Operation 530 [1/1] (0.79ns)   --->   "%icmp_ln45_112 = icmp_sgt  i18 %layer8_out_24_val_read, i18 0" [firmware/nnet_utils/nnet_activation.h:45->firmware/myproject.cpp:60]   --->   Operation 530 'icmp' 'icmp_ln45_112' <Predicate = true> <Delay = 0.79> <CoreInst = "Cmp">   --->   Core 9 'Cmp' <Latency = 0> <II = 1> <Delay = 0.79> <FuncUnit> <Opcode : 'seteq' 'setne' 'setle' 'setge' 'setlt' 'setgt'> <InPorts = 2> <OutPorts = 1>
ST_1 : Operation 531 [1/1] (0.00ns)   --->   "%tmp_685 = bitselect i1 @_ssdm_op_BitSelect.i1.i18.i32, i18 %layer8_out_24_val_read, i32 17" [firmware/nnet_utils/nnet_activation.h:46->firmware/myproject.cpp:60]   --->   Operation 531 'bitselect' 'tmp_685' <Predicate = (icmp_ln45_112)> <Delay = 0.00>
ST_1 : Operation 532 [1/1] (0.00ns) (grouped into LUT with out node add_ln46_112)   --->   "%trunc_ln46_109 = partselect i6 @_ssdm_op_PartSelect.i6.i18.i32.i32, i18 %layer8_out_24_val_read, i32 5, i32 10" [firmware/nnet_utils/nnet_activation.h:46->firmware/myproject.cpp:60]   --->   Operation 532 'partselect' 'trunc_ln46_109' <Predicate = (icmp_ln45_112)> <Delay = 0.00>
ST_1 : Operation 533 [1/1] (0.00ns) (grouped into LUT with out node add_ln46_112)   --->   "%tmp_686 = bitselect i1 @_ssdm_op_BitSelect.i1.i18.i32, i18 %layer8_out_24_val_read, i32 4" [firmware/nnet_utils/nnet_activation.h:46->firmware/myproject.cpp:60]   --->   Operation 533 'bitselect' 'tmp_686' <Predicate = (icmp_ln45_112)> <Delay = 0.00>
ST_1 : Operation 534 [1/1] (0.00ns)   --->   "%trunc_ln46_173 = trunc i18 %layer8_out_24_val_read" [firmware/nnet_utils/nnet_activation.h:46->firmware/myproject.cpp:60]   --->   Operation 534 'trunc' 'trunc_ln46_173' <Predicate = (icmp_ln45_112)> <Delay = 0.00>
ST_1 : Operation 535 [1/1] (0.70ns)   --->   "%icmp_ln46_226 = icmp_ne  i4 %trunc_ln46_173, i4 0" [firmware/nnet_utils/nnet_activation.h:46->firmware/myproject.cpp:60]   --->   Operation 535 'icmp' 'icmp_ln46_226' <Predicate = (icmp_ln45_112)> <Delay = 0.70> <CoreInst = "Cmp">   --->   Core 9 'Cmp' <Latency = 0> <II = 1> <Delay = 0.70> <FuncUnit> <Opcode : 'seteq' 'setne' 'setle' 'setge' 'setlt' 'setgt'> <InPorts = 2> <OutPorts = 1>
ST_1 : Operation 536 [1/1] (0.00ns) (grouped into LUT with out node empty_126)   --->   "%tmp_687 = bitselect i1 @_ssdm_op_BitSelect.i1.i18.i32, i18 %layer8_out_24_val_read, i32 10" [firmware/nnet_utils/nnet_activation.h:46->firmware/myproject.cpp:60]   --->   Operation 536 'bitselect' 'tmp_687' <Predicate = (icmp_ln45_112)> <Delay = 0.00>
ST_1 : Operation 537 [1/1] (0.00ns) (grouped into LUT with out node add_ln46_112)   --->   "%tmp_688 = bitselect i1 @_ssdm_op_BitSelect.i1.i18.i32, i18 %layer8_out_24_val_read, i32 5" [firmware/nnet_utils/nnet_activation.h:46->firmware/myproject.cpp:60]   --->   Operation 537 'bitselect' 'tmp_688' <Predicate = (icmp_ln45_112)> <Delay = 0.00>
ST_1 : Operation 538 [1/1] (0.00ns) (grouped into LUT with out node add_ln46_112)   --->   "%or_ln46_340 = or i1 %tmp_688, i1 %icmp_ln46_226" [firmware/nnet_utils/nnet_activation.h:46->firmware/myproject.cpp:60]   --->   Operation 538 'or' 'or_ln46_340' <Predicate = (icmp_ln45_112)> <Delay = 0.00> <CoreInst = "LogicGate">   --->   Core 74 'LogicGate' <Latency = 0> <II = 1> <Delay = 0.12> <FuncUnit> <Opcode : 'and' 'or' 'xor'> <InPorts = 2> <OutPorts = 1>
ST_1 : Operation 539 [1/1] (0.00ns) (grouped into LUT with out node add_ln46_112)   --->   "%and_ln46_220 = and i1 %or_ln46_340, i1 %tmp_686" [firmware/nnet_utils/nnet_activation.h:46->firmware/myproject.cpp:60]   --->   Operation 539 'and' 'and_ln46_220' <Predicate = (icmp_ln45_112)> <Delay = 0.00> <CoreInst = "LogicGate">   --->   Core 74 'LogicGate' <Latency = 0> <II = 1> <Delay = 0.12> <FuncUnit> <Opcode : 'and' 'or' 'xor'> <InPorts = 2> <OutPorts = 1>
ST_1 : Operation 540 [1/1] (0.00ns) (grouped into LUT with out node add_ln46_112)   --->   "%zext_ln46_112 = zext i1 %and_ln46_220" [firmware/nnet_utils/nnet_activation.h:46->firmware/myproject.cpp:60]   --->   Operation 540 'zext' 'zext_ln46_112' <Predicate = (icmp_ln45_112)> <Delay = 0.00>
ST_1 : Operation 541 [1/1] (0.70ns) (out node of the LUT)   --->   "%add_ln46_112 = add i6 %trunc_ln46_109, i6 %zext_ln46_112" [firmware/nnet_utils/nnet_activation.h:46->firmware/myproject.cpp:60]   --->   Operation 541 'add' 'add_ln46_112' <Predicate = (icmp_ln45_112)> <Delay = 0.70> <CoreInst = "Adder">   --->   Core 1 'Adder' <Latency = 0> <II = 1> <Delay = 0.70> <FuncUnit> <Opcode : 'add' 'sub'> <InPorts = 2> <OutPorts = 1>
ST_1 : Operation 542 [1/1] (0.00ns)   --->   "%tmp_689 = partselect i7 @_ssdm_op_PartSelect.i7.i18.i32, i18 %layer8_out_24_val_read, i32 11" [firmware/nnet_utils/nnet_activation.h:46->firmware/myproject.cpp:60]   --->   Operation 542 'partselect' 'tmp_689' <Predicate = (icmp_ln45_112)> <Delay = 0.00>
ST_1 : Operation 543 [1/1] (0.70ns)   --->   "%icmp_ln46_227 = icmp_eq  i7 %tmp_689, i7 0" [firmware/nnet_utils/nnet_activation.h:46->firmware/myproject.cpp:60]   --->   Operation 543 'icmp' 'icmp_ln46_227' <Predicate = (icmp_ln45_112)> <Delay = 0.70> <CoreInst = "Cmp">   --->   Core 9 'Cmp' <Latency = 0> <II = 1> <Delay = 0.70> <FuncUnit> <Opcode : 'seteq' 'setne' 'setle' 'setge' 'setlt' 'setgt'> <InPorts = 2> <OutPorts = 1>
ST_1 : Operation 544 [1/1] (0.00ns) (grouped into LUT with out node empty_126)   --->   "%tmp_690 = bitselect i1 @_ssdm_op_BitSelect.i1.i6.i32, i6 %add_ln46_112, i32 5" [firmware/nnet_utils/nnet_activation.h:46->firmware/myproject.cpp:60]   --->   Operation 544 'bitselect' 'tmp_690' <Predicate = (icmp_ln45_112)> <Delay = 0.00>
ST_1 : Operation 545 [1/1] (0.00ns) (grouped into LUT with out node empty_126)   --->   "%not_tmp_796 = xor i1 %tmp_687, i1 1" [firmware/nnet_utils/nnet_activation.h:46->firmware/myproject.cpp:60]   --->   Operation 545 'xor' 'not_tmp_796' <Predicate = (icmp_ln45_112)> <Delay = 0.00> <CoreInst = "LogicGate">   --->   Core 74 'LogicGate' <Latency = 0> <II = 1> <Delay = 0.12> <FuncUnit> <Opcode : 'and' 'or' 'xor'> <InPorts = 2> <OutPorts = 1>
ST_1 : Operation 546 [1/1] (0.00ns) (grouped into LUT with out node empty_126)   --->   "%and_ln46_227 = or i1 %tmp_690, i1 %not_tmp_796" [firmware/nnet_utils/nnet_activation.h:46->firmware/myproject.cpp:60]   --->   Operation 546 'or' 'and_ln46_227' <Predicate = (icmp_ln45_112)> <Delay = 0.00> <CoreInst = "LogicGate">   --->   Core 74 'LogicGate' <Latency = 0> <II = 1> <Delay = 0.12> <FuncUnit> <Opcode : 'and' 'or' 'xor'> <InPorts = 2> <OutPorts = 1>
ST_1 : Operation 547 [1/1] (0.12ns) (out node of the LUT)   --->   "%empty_126 = and i1 %icmp_ln46_227, i1 %and_ln46_227" [firmware/nnet_utils/nnet_activation.h:46->firmware/myproject.cpp:60]   --->   Operation 547 'and' 'empty_126' <Predicate = (icmp_ln45_112)> <Delay = 0.12> <CoreInst = "LogicGate">   --->   Core 74 'LogicGate' <Latency = 0> <II = 1> <Delay = 0.12> <FuncUnit> <Opcode : 'and' 'or' 'xor'> <InPorts = 2> <OutPorts = 1>
ST_1 : Operation 548 [1/1] (0.00ns) (grouped into LUT with out node select_ln46_341)   --->   "%or_ln46_341 = or i1 %empty_126, i1 %tmp_685" [firmware/nnet_utils/nnet_activation.h:46->firmware/myproject.cpp:60]   --->   Operation 548 'or' 'or_ln46_341' <Predicate = (or_ln46_342 & icmp_ln45_112)> <Delay = 0.00> <CoreInst = "LogicGate">   --->   Core 74 'LogicGate' <Latency = 0> <II = 1> <Delay = 0.12> <FuncUnit> <Opcode : 'and' 'or' 'xor'> <InPorts = 2> <OutPorts = 1>
ST_1 : Operation 549 [1/1] (0.00ns) (grouped into LUT with out node layer10_out_24_0)   --->   "%xor_ln46_112 = xor i1 %empty_126, i1 1" [firmware/nnet_utils/nnet_activation.h:46->firmware/myproject.cpp:60]   --->   Operation 549 'xor' 'xor_ln46_112' <Predicate = (icmp_ln45_112)> <Delay = 0.00> <CoreInst = "LogicGate">   --->   Core 74 'LogicGate' <Latency = 0> <II = 1> <Delay = 0.12> <FuncUnit> <Opcode : 'and' 'or' 'xor'> <InPorts = 2> <OutPorts = 1>
ST_1 : Operation 550 [1/1] (0.00ns) (grouped into LUT with out node layer10_out_24_0)   --->   "%or_ln46_342 = or i1 %tmp_685, i1 %xor_ln46_112" [firmware/nnet_utils/nnet_activation.h:46->firmware/myproject.cpp:60]   --->   Operation 550 'or' 'or_ln46_342' <Predicate = (icmp_ln45_112)> <Delay = 0.00> <CoreInst = "LogicGate">   --->   Core 74 'LogicGate' <Latency = 0> <II = 1> <Delay = 0.12> <FuncUnit> <Opcode : 'and' 'or' 'xor'> <InPorts = 2> <OutPorts = 1>
ST_1 : Operation 551 [1/1] (0.00ns) (grouped into LUT with out node select_ln46_341)   --->   "%select_ln46_340 = select i1 %tmp_685, i6 0, i6 %add_ln46_112" [firmware/nnet_utils/nnet_activation.h:46->firmware/myproject.cpp:60]   --->   Operation 551 'select' 'select_ln46_340' <Predicate = (or_ln46_341 & or_ln46_342 & icmp_ln45_112)> <Delay = 0.00> <CoreInst = "Sel">   --->   Core 73 'Sel' <Latency = 0> <II = 1> <Delay = 0.29> <FuncUnit> <Opcode : 'select'> <InPorts = 3> <OutPorts = 1>
ST_1 : Operation 552 [1/1] (0.29ns) (out node of the LUT)   --->   "%select_ln46_341 = select i1 %or_ln46_341, i6 %select_ln46_340, i6 63" [firmware/nnet_utils/nnet_activation.h:46->firmware/myproject.cpp:60]   --->   Operation 552 'select' 'select_ln46_341' <Predicate = (or_ln46_342 & icmp_ln45_112)> <Delay = 0.29> <CoreInst = "Sel">   --->   Core 73 'Sel' <Latency = 0> <II = 1> <Delay = 0.29> <FuncUnit> <Opcode : 'select'> <InPorts = 3> <OutPorts = 1>
ST_1 : Operation 553 [1/1] (0.00ns) (grouped into LUT with out node layer10_out_24_0)   --->   "%select_ln46_342 = select i1 %or_ln46_342, i6 %select_ln46_341, i6 %add_ln46_112" [firmware/nnet_utils/nnet_activation.h:46->firmware/myproject.cpp:60]   --->   Operation 553 'select' 'select_ln46_342' <Predicate = (icmp_ln45_112)> <Delay = 0.00> <CoreInst = "Sel">   --->   Core 73 'Sel' <Latency = 0> <II = 1> <Delay = 0.29> <FuncUnit> <Opcode : 'select'> <InPorts = 3> <OutPorts = 1>
ST_1 : Operation 554 [1/1] (0.29ns) (out node of the LUT)   --->   "%layer10_out_24_0 = select i1 %icmp_ln45_112, i6 %select_ln46_342, i6 0" [firmware/nnet_utils/nnet_activation.h:45->firmware/myproject.cpp:60]   --->   Operation 554 'select' 'layer10_out_24_0' <Predicate = true> <Delay = 0.29> <CoreInst = "Sel">   --->   Core 73 'Sel' <Latency = 0> <II = 1> <Delay = 0.29> <FuncUnit> <Opcode : 'select'> <InPorts = 3> <OutPorts = 1>
ST_1 : Operation 555 [1/1] (0.79ns)   --->   "%icmp_ln45_113 = icmp_sgt  i18 %layer8_out_25_val_read, i18 0" [firmware/nnet_utils/nnet_activation.h:45->firmware/myproject.cpp:60]   --->   Operation 555 'icmp' 'icmp_ln45_113' <Predicate = true> <Delay = 0.79> <CoreInst = "Cmp">   --->   Core 9 'Cmp' <Latency = 0> <II = 1> <Delay = 0.79> <FuncUnit> <Opcode : 'seteq' 'setne' 'setle' 'setge' 'setlt' 'setgt'> <InPorts = 2> <OutPorts = 1>
ST_1 : Operation 556 [1/1] (0.00ns)   --->   "%tmp_691 = bitselect i1 @_ssdm_op_BitSelect.i1.i18.i32, i18 %layer8_out_25_val_read, i32 17" [firmware/nnet_utils/nnet_activation.h:46->firmware/myproject.cpp:60]   --->   Operation 556 'bitselect' 'tmp_691' <Predicate = (icmp_ln45_113)> <Delay = 0.00>
ST_1 : Operation 557 [1/1] (0.00ns) (grouped into LUT with out node add_ln46_113)   --->   "%trunc_ln46_110 = partselect i6 @_ssdm_op_PartSelect.i6.i18.i32.i32, i18 %layer8_out_25_val_read, i32 5, i32 10" [firmware/nnet_utils/nnet_activation.h:46->firmware/myproject.cpp:60]   --->   Operation 557 'partselect' 'trunc_ln46_110' <Predicate = (icmp_ln45_113)> <Delay = 0.00>
ST_1 : Operation 558 [1/1] (0.00ns) (grouped into LUT with out node add_ln46_113)   --->   "%tmp_692 = bitselect i1 @_ssdm_op_BitSelect.i1.i18.i32, i18 %layer8_out_25_val_read, i32 4" [firmware/nnet_utils/nnet_activation.h:46->firmware/myproject.cpp:60]   --->   Operation 558 'bitselect' 'tmp_692' <Predicate = (icmp_ln45_113)> <Delay = 0.00>
ST_1 : Operation 559 [1/1] (0.00ns)   --->   "%trunc_ln46_174 = trunc i18 %layer8_out_25_val_read" [firmware/nnet_utils/nnet_activation.h:46->firmware/myproject.cpp:60]   --->   Operation 559 'trunc' 'trunc_ln46_174' <Predicate = (icmp_ln45_113)> <Delay = 0.00>
ST_1 : Operation 560 [1/1] (0.70ns)   --->   "%icmp_ln46_228 = icmp_ne  i4 %trunc_ln46_174, i4 0" [firmware/nnet_utils/nnet_activation.h:46->firmware/myproject.cpp:60]   --->   Operation 560 'icmp' 'icmp_ln46_228' <Predicate = (icmp_ln45_113)> <Delay = 0.70> <CoreInst = "Cmp">   --->   Core 9 'Cmp' <Latency = 0> <II = 1> <Delay = 0.70> <FuncUnit> <Opcode : 'seteq' 'setne' 'setle' 'setge' 'setlt' 'setgt'> <InPorts = 2> <OutPorts = 1>
ST_1 : Operation 561 [1/1] (0.00ns) (grouped into LUT with out node empty_127)   --->   "%tmp_693 = bitselect i1 @_ssdm_op_BitSelect.i1.i18.i32, i18 %layer8_out_25_val_read, i32 10" [firmware/nnet_utils/nnet_activation.h:46->firmware/myproject.cpp:60]   --->   Operation 561 'bitselect' 'tmp_693' <Predicate = (icmp_ln45_113)> <Delay = 0.00>
ST_1 : Operation 562 [1/1] (0.00ns) (grouped into LUT with out node add_ln46_113)   --->   "%tmp_694 = bitselect i1 @_ssdm_op_BitSelect.i1.i18.i32, i18 %layer8_out_25_val_read, i32 5" [firmware/nnet_utils/nnet_activation.h:46->firmware/myproject.cpp:60]   --->   Operation 562 'bitselect' 'tmp_694' <Predicate = (icmp_ln45_113)> <Delay = 0.00>
ST_1 : Operation 563 [1/1] (0.00ns) (grouped into LUT with out node add_ln46_113)   --->   "%or_ln46_343 = or i1 %tmp_694, i1 %icmp_ln46_228" [firmware/nnet_utils/nnet_activation.h:46->firmware/myproject.cpp:60]   --->   Operation 563 'or' 'or_ln46_343' <Predicate = (icmp_ln45_113)> <Delay = 0.00> <CoreInst = "LogicGate">   --->   Core 74 'LogicGate' <Latency = 0> <II = 1> <Delay = 0.12> <FuncUnit> <Opcode : 'and' 'or' 'xor'> <InPorts = 2> <OutPorts = 1>
ST_1 : Operation 564 [1/1] (0.00ns) (grouped into LUT with out node add_ln46_113)   --->   "%and_ln46_222 = and i1 %or_ln46_343, i1 %tmp_692" [firmware/nnet_utils/nnet_activation.h:46->firmware/myproject.cpp:60]   --->   Operation 564 'and' 'and_ln46_222' <Predicate = (icmp_ln45_113)> <Delay = 0.00> <CoreInst = "LogicGate">   --->   Core 74 'LogicGate' <Latency = 0> <II = 1> <Delay = 0.12> <FuncUnit> <Opcode : 'and' 'or' 'xor'> <InPorts = 2> <OutPorts = 1>
ST_1 : Operation 565 [1/1] (0.00ns) (grouped into LUT with out node add_ln46_113)   --->   "%zext_ln46_113 = zext i1 %and_ln46_222" [firmware/nnet_utils/nnet_activation.h:46->firmware/myproject.cpp:60]   --->   Operation 565 'zext' 'zext_ln46_113' <Predicate = (icmp_ln45_113)> <Delay = 0.00>
ST_1 : Operation 566 [1/1] (0.70ns) (out node of the LUT)   --->   "%add_ln46_113 = add i6 %trunc_ln46_110, i6 %zext_ln46_113" [firmware/nnet_utils/nnet_activation.h:46->firmware/myproject.cpp:60]   --->   Operation 566 'add' 'add_ln46_113' <Predicate = (icmp_ln45_113)> <Delay = 0.70> <CoreInst = "Adder">   --->   Core 1 'Adder' <Latency = 0> <II = 1> <Delay = 0.70> <FuncUnit> <Opcode : 'add' 'sub'> <InPorts = 2> <OutPorts = 1>
ST_1 : Operation 567 [1/1] (0.00ns)   --->   "%tmp_695 = partselect i7 @_ssdm_op_PartSelect.i7.i18.i32, i18 %layer8_out_25_val_read, i32 11" [firmware/nnet_utils/nnet_activation.h:46->firmware/myproject.cpp:60]   --->   Operation 567 'partselect' 'tmp_695' <Predicate = (icmp_ln45_113)> <Delay = 0.00>
ST_1 : Operation 568 [1/1] (0.70ns)   --->   "%icmp_ln46_229 = icmp_eq  i7 %tmp_695, i7 0" [firmware/nnet_utils/nnet_activation.h:46->firmware/myproject.cpp:60]   --->   Operation 568 'icmp' 'icmp_ln46_229' <Predicate = (icmp_ln45_113)> <Delay = 0.70> <CoreInst = "Cmp">   --->   Core 9 'Cmp' <Latency = 0> <II = 1> <Delay = 0.70> <FuncUnit> <Opcode : 'seteq' 'setne' 'setle' 'setge' 'setlt' 'setgt'> <InPorts = 2> <OutPorts = 1>
ST_1 : Operation 569 [1/1] (0.00ns) (grouped into LUT with out node empty_127)   --->   "%tmp_696 = bitselect i1 @_ssdm_op_BitSelect.i1.i6.i32, i6 %add_ln46_113, i32 5" [firmware/nnet_utils/nnet_activation.h:46->firmware/myproject.cpp:60]   --->   Operation 569 'bitselect' 'tmp_696' <Predicate = (icmp_ln45_113)> <Delay = 0.00>
ST_1 : Operation 570 [1/1] (0.00ns) (grouped into LUT with out node empty_127)   --->   "%not_tmp_803 = xor i1 %tmp_693, i1 1" [firmware/nnet_utils/nnet_activation.h:46->firmware/myproject.cpp:60]   --->   Operation 570 'xor' 'not_tmp_803' <Predicate = (icmp_ln45_113)> <Delay = 0.00> <CoreInst = "LogicGate">   --->   Core 74 'LogicGate' <Latency = 0> <II = 1> <Delay = 0.12> <FuncUnit> <Opcode : 'and' 'or' 'xor'> <InPorts = 2> <OutPorts = 1>
ST_1 : Operation 571 [1/1] (0.00ns) (grouped into LUT with out node empty_127)   --->   "%and_ln46_229 = or i1 %tmp_696, i1 %not_tmp_803" [firmware/nnet_utils/nnet_activation.h:46->firmware/myproject.cpp:60]   --->   Operation 571 'or' 'and_ln46_229' <Predicate = (icmp_ln45_113)> <Delay = 0.00> <CoreInst = "LogicGate">   --->   Core 74 'LogicGate' <Latency = 0> <II = 1> <Delay = 0.12> <FuncUnit> <Opcode : 'and' 'or' 'xor'> <InPorts = 2> <OutPorts = 1>
ST_1 : Operation 572 [1/1] (0.12ns) (out node of the LUT)   --->   "%empty_127 = and i1 %icmp_ln46_229, i1 %and_ln46_229" [firmware/nnet_utils/nnet_activation.h:46->firmware/myproject.cpp:60]   --->   Operation 572 'and' 'empty_127' <Predicate = (icmp_ln45_113)> <Delay = 0.12> <CoreInst = "LogicGate">   --->   Core 74 'LogicGate' <Latency = 0> <II = 1> <Delay = 0.12> <FuncUnit> <Opcode : 'and' 'or' 'xor'> <InPorts = 2> <OutPorts = 1>
ST_1 : Operation 573 [1/1] (0.00ns) (grouped into LUT with out node select_ln46_344)   --->   "%or_ln46_344 = or i1 %empty_127, i1 %tmp_691" [firmware/nnet_utils/nnet_activation.h:46->firmware/myproject.cpp:60]   --->   Operation 573 'or' 'or_ln46_344' <Predicate = (or_ln46_345 & icmp_ln45_113)> <Delay = 0.00> <CoreInst = "LogicGate">   --->   Core 74 'LogicGate' <Latency = 0> <II = 1> <Delay = 0.12> <FuncUnit> <Opcode : 'and' 'or' 'xor'> <InPorts = 2> <OutPorts = 1>
ST_1 : Operation 574 [1/1] (0.00ns) (grouped into LUT with out node layer10_out_25_0)   --->   "%xor_ln46_113 = xor i1 %empty_127, i1 1" [firmware/nnet_utils/nnet_activation.h:46->firmware/myproject.cpp:60]   --->   Operation 574 'xor' 'xor_ln46_113' <Predicate = (icmp_ln45_113)> <Delay = 0.00> <CoreInst = "LogicGate">   --->   Core 74 'LogicGate' <Latency = 0> <II = 1> <Delay = 0.12> <FuncUnit> <Opcode : 'and' 'or' 'xor'> <InPorts = 2> <OutPorts = 1>
ST_1 : Operation 575 [1/1] (0.00ns) (grouped into LUT with out node layer10_out_25_0)   --->   "%or_ln46_345 = or i1 %tmp_691, i1 %xor_ln46_113" [firmware/nnet_utils/nnet_activation.h:46->firmware/myproject.cpp:60]   --->   Operation 575 'or' 'or_ln46_345' <Predicate = (icmp_ln45_113)> <Delay = 0.00> <CoreInst = "LogicGate">   --->   Core 74 'LogicGate' <Latency = 0> <II = 1> <Delay = 0.12> <FuncUnit> <Opcode : 'and' 'or' 'xor'> <InPorts = 2> <OutPorts = 1>
ST_1 : Operation 576 [1/1] (0.00ns) (grouped into LUT with out node select_ln46_344)   --->   "%select_ln46_343 = select i1 %tmp_691, i6 0, i6 %add_ln46_113" [firmware/nnet_utils/nnet_activation.h:46->firmware/myproject.cpp:60]   --->   Operation 576 'select' 'select_ln46_343' <Predicate = (or_ln46_344 & or_ln46_345 & icmp_ln45_113)> <Delay = 0.00> <CoreInst = "Sel">   --->   Core 73 'Sel' <Latency = 0> <II = 1> <Delay = 0.29> <FuncUnit> <Opcode : 'select'> <InPorts = 3> <OutPorts = 1>
ST_1 : Operation 577 [1/1] (0.29ns) (out node of the LUT)   --->   "%select_ln46_344 = select i1 %or_ln46_344, i6 %select_ln46_343, i6 63" [firmware/nnet_utils/nnet_activation.h:46->firmware/myproject.cpp:60]   --->   Operation 577 'select' 'select_ln46_344' <Predicate = (or_ln46_345 & icmp_ln45_113)> <Delay = 0.29> <CoreInst = "Sel">   --->   Core 73 'Sel' <Latency = 0> <II = 1> <Delay = 0.29> <FuncUnit> <Opcode : 'select'> <InPorts = 3> <OutPorts = 1>
ST_1 : Operation 578 [1/1] (0.00ns) (grouped into LUT with out node layer10_out_25_0)   --->   "%select_ln46_345 = select i1 %or_ln46_345, i6 %select_ln46_344, i6 %add_ln46_113" [firmware/nnet_utils/nnet_activation.h:46->firmware/myproject.cpp:60]   --->   Operation 578 'select' 'select_ln46_345' <Predicate = (icmp_ln45_113)> <Delay = 0.00> <CoreInst = "Sel">   --->   Core 73 'Sel' <Latency = 0> <II = 1> <Delay = 0.29> <FuncUnit> <Opcode : 'select'> <InPorts = 3> <OutPorts = 1>
ST_1 : Operation 579 [1/1] (0.29ns) (out node of the LUT)   --->   "%layer10_out_25_0 = select i1 %icmp_ln45_113, i6 %select_ln46_345, i6 0" [firmware/nnet_utils/nnet_activation.h:45->firmware/myproject.cpp:60]   --->   Operation 579 'select' 'layer10_out_25_0' <Predicate = true> <Delay = 0.29> <CoreInst = "Sel">   --->   Core 73 'Sel' <Latency = 0> <II = 1> <Delay = 0.29> <FuncUnit> <Opcode : 'select'> <InPorts = 3> <OutPorts = 1>
ST_1 : Operation 580 [1/1] (0.79ns)   --->   "%icmp_ln45_114 = icmp_sgt  i18 %layer8_out_26_val_read, i18 0" [firmware/nnet_utils/nnet_activation.h:45->firmware/myproject.cpp:60]   --->   Operation 580 'icmp' 'icmp_ln45_114' <Predicate = true> <Delay = 0.79> <CoreInst = "Cmp">   --->   Core 9 'Cmp' <Latency = 0> <II = 1> <Delay = 0.79> <FuncUnit> <Opcode : 'seteq' 'setne' 'setle' 'setge' 'setlt' 'setgt'> <InPorts = 2> <OutPorts = 1>
ST_1 : Operation 581 [1/1] (0.00ns)   --->   "%tmp_697 = bitselect i1 @_ssdm_op_BitSelect.i1.i18.i32, i18 %layer8_out_26_val_read, i32 17" [firmware/nnet_utils/nnet_activation.h:46->firmware/myproject.cpp:60]   --->   Operation 581 'bitselect' 'tmp_697' <Predicate = (icmp_ln45_114)> <Delay = 0.00>
ST_1 : Operation 582 [1/1] (0.00ns) (grouped into LUT with out node add_ln46_114)   --->   "%trunc_ln46_111 = partselect i6 @_ssdm_op_PartSelect.i6.i18.i32.i32, i18 %layer8_out_26_val_read, i32 5, i32 10" [firmware/nnet_utils/nnet_activation.h:46->firmware/myproject.cpp:60]   --->   Operation 582 'partselect' 'trunc_ln46_111' <Predicate = (icmp_ln45_114)> <Delay = 0.00>
ST_1 : Operation 583 [1/1] (0.00ns) (grouped into LUT with out node add_ln46_114)   --->   "%tmp_698 = bitselect i1 @_ssdm_op_BitSelect.i1.i18.i32, i18 %layer8_out_26_val_read, i32 4" [firmware/nnet_utils/nnet_activation.h:46->firmware/myproject.cpp:60]   --->   Operation 583 'bitselect' 'tmp_698' <Predicate = (icmp_ln45_114)> <Delay = 0.00>
ST_1 : Operation 584 [1/1] (0.00ns)   --->   "%trunc_ln46_175 = trunc i18 %layer8_out_26_val_read" [firmware/nnet_utils/nnet_activation.h:46->firmware/myproject.cpp:60]   --->   Operation 584 'trunc' 'trunc_ln46_175' <Predicate = (icmp_ln45_114)> <Delay = 0.00>
ST_1 : Operation 585 [1/1] (0.70ns)   --->   "%icmp_ln46_230 = icmp_ne  i4 %trunc_ln46_175, i4 0" [firmware/nnet_utils/nnet_activation.h:46->firmware/myproject.cpp:60]   --->   Operation 585 'icmp' 'icmp_ln46_230' <Predicate = (icmp_ln45_114)> <Delay = 0.70> <CoreInst = "Cmp">   --->   Core 9 'Cmp' <Latency = 0> <II = 1> <Delay = 0.70> <FuncUnit> <Opcode : 'seteq' 'setne' 'setle' 'setge' 'setlt' 'setgt'> <InPorts = 2> <OutPorts = 1>
ST_1 : Operation 586 [1/1] (0.00ns) (grouped into LUT with out node empty_128)   --->   "%tmp_699 = bitselect i1 @_ssdm_op_BitSelect.i1.i18.i32, i18 %layer8_out_26_val_read, i32 10" [firmware/nnet_utils/nnet_activation.h:46->firmware/myproject.cpp:60]   --->   Operation 586 'bitselect' 'tmp_699' <Predicate = (icmp_ln45_114)> <Delay = 0.00>
ST_1 : Operation 587 [1/1] (0.00ns) (grouped into LUT with out node add_ln46_114)   --->   "%tmp_700 = bitselect i1 @_ssdm_op_BitSelect.i1.i18.i32, i18 %layer8_out_26_val_read, i32 5" [firmware/nnet_utils/nnet_activation.h:46->firmware/myproject.cpp:60]   --->   Operation 587 'bitselect' 'tmp_700' <Predicate = (icmp_ln45_114)> <Delay = 0.00>
ST_1 : Operation 588 [1/1] (0.00ns) (grouped into LUT with out node add_ln46_114)   --->   "%or_ln46_346 = or i1 %tmp_700, i1 %icmp_ln46_230" [firmware/nnet_utils/nnet_activation.h:46->firmware/myproject.cpp:60]   --->   Operation 588 'or' 'or_ln46_346' <Predicate = (icmp_ln45_114)> <Delay = 0.00> <CoreInst = "LogicGate">   --->   Core 74 'LogicGate' <Latency = 0> <II = 1> <Delay = 0.12> <FuncUnit> <Opcode : 'and' 'or' 'xor'> <InPorts = 2> <OutPorts = 1>
ST_1 : Operation 589 [1/1] (0.00ns) (grouped into LUT with out node add_ln46_114)   --->   "%and_ln46_224 = and i1 %or_ln46_346, i1 %tmp_698" [firmware/nnet_utils/nnet_activation.h:46->firmware/myproject.cpp:60]   --->   Operation 589 'and' 'and_ln46_224' <Predicate = (icmp_ln45_114)> <Delay = 0.00> <CoreInst = "LogicGate">   --->   Core 74 'LogicGate' <Latency = 0> <II = 1> <Delay = 0.12> <FuncUnit> <Opcode : 'and' 'or' 'xor'> <InPorts = 2> <OutPorts = 1>
ST_1 : Operation 590 [1/1] (0.00ns) (grouped into LUT with out node add_ln46_114)   --->   "%zext_ln46_114 = zext i1 %and_ln46_224" [firmware/nnet_utils/nnet_activation.h:46->firmware/myproject.cpp:60]   --->   Operation 590 'zext' 'zext_ln46_114' <Predicate = (icmp_ln45_114)> <Delay = 0.00>
ST_1 : Operation 591 [1/1] (0.70ns) (out node of the LUT)   --->   "%add_ln46_114 = add i6 %trunc_ln46_111, i6 %zext_ln46_114" [firmware/nnet_utils/nnet_activation.h:46->firmware/myproject.cpp:60]   --->   Operation 591 'add' 'add_ln46_114' <Predicate = (icmp_ln45_114)> <Delay = 0.70> <CoreInst = "Adder">   --->   Core 1 'Adder' <Latency = 0> <II = 1> <Delay = 0.70> <FuncUnit> <Opcode : 'add' 'sub'> <InPorts = 2> <OutPorts = 1>
ST_1 : Operation 592 [1/1] (0.00ns)   --->   "%tmp_701 = partselect i7 @_ssdm_op_PartSelect.i7.i18.i32, i18 %layer8_out_26_val_read, i32 11" [firmware/nnet_utils/nnet_activation.h:46->firmware/myproject.cpp:60]   --->   Operation 592 'partselect' 'tmp_701' <Predicate = (icmp_ln45_114)> <Delay = 0.00>
ST_1 : Operation 593 [1/1] (0.70ns)   --->   "%icmp_ln46_231 = icmp_eq  i7 %tmp_701, i7 0" [firmware/nnet_utils/nnet_activation.h:46->firmware/myproject.cpp:60]   --->   Operation 593 'icmp' 'icmp_ln46_231' <Predicate = (icmp_ln45_114)> <Delay = 0.70> <CoreInst = "Cmp">   --->   Core 9 'Cmp' <Latency = 0> <II = 1> <Delay = 0.70> <FuncUnit> <Opcode : 'seteq' 'setne' 'setle' 'setge' 'setlt' 'setgt'> <InPorts = 2> <OutPorts = 1>
ST_1 : Operation 594 [1/1] (0.00ns) (grouped into LUT with out node empty_128)   --->   "%tmp_702 = bitselect i1 @_ssdm_op_BitSelect.i1.i6.i32, i6 %add_ln46_114, i32 5" [firmware/nnet_utils/nnet_activation.h:46->firmware/myproject.cpp:60]   --->   Operation 594 'bitselect' 'tmp_702' <Predicate = (icmp_ln45_114)> <Delay = 0.00>
ST_1 : Operation 595 [1/1] (0.00ns) (grouped into LUT with out node empty_128)   --->   "%not_tmp_810 = xor i1 %tmp_699, i1 1" [firmware/nnet_utils/nnet_activation.h:46->firmware/myproject.cpp:60]   --->   Operation 595 'xor' 'not_tmp_810' <Predicate = (icmp_ln45_114)> <Delay = 0.00> <CoreInst = "LogicGate">   --->   Core 74 'LogicGate' <Latency = 0> <II = 1> <Delay = 0.12> <FuncUnit> <Opcode : 'and' 'or' 'xor'> <InPorts = 2> <OutPorts = 1>
ST_1 : Operation 596 [1/1] (0.00ns) (grouped into LUT with out node empty_128)   --->   "%and_ln46_231 = or i1 %tmp_702, i1 %not_tmp_810" [firmware/nnet_utils/nnet_activation.h:46->firmware/myproject.cpp:60]   --->   Operation 596 'or' 'and_ln46_231' <Predicate = (icmp_ln45_114)> <Delay = 0.00> <CoreInst = "LogicGate">   --->   Core 74 'LogicGate' <Latency = 0> <II = 1> <Delay = 0.12> <FuncUnit> <Opcode : 'and' 'or' 'xor'> <InPorts = 2> <OutPorts = 1>
ST_1 : Operation 597 [1/1] (0.12ns) (out node of the LUT)   --->   "%empty_128 = and i1 %icmp_ln46_231, i1 %and_ln46_231" [firmware/nnet_utils/nnet_activation.h:46->firmware/myproject.cpp:60]   --->   Operation 597 'and' 'empty_128' <Predicate = (icmp_ln45_114)> <Delay = 0.12> <CoreInst = "LogicGate">   --->   Core 74 'LogicGate' <Latency = 0> <II = 1> <Delay = 0.12> <FuncUnit> <Opcode : 'and' 'or' 'xor'> <InPorts = 2> <OutPorts = 1>
ST_1 : Operation 598 [1/1] (0.00ns) (grouped into LUT with out node select_ln46_347)   --->   "%or_ln46_347 = or i1 %empty_128, i1 %tmp_697" [firmware/nnet_utils/nnet_activation.h:46->firmware/myproject.cpp:60]   --->   Operation 598 'or' 'or_ln46_347' <Predicate = (or_ln46_348 & icmp_ln45_114)> <Delay = 0.00> <CoreInst = "LogicGate">   --->   Core 74 'LogicGate' <Latency = 0> <II = 1> <Delay = 0.12> <FuncUnit> <Opcode : 'and' 'or' 'xor'> <InPorts = 2> <OutPorts = 1>
ST_1 : Operation 599 [1/1] (0.00ns) (grouped into LUT with out node layer10_out_26_0)   --->   "%xor_ln46_114 = xor i1 %empty_128, i1 1" [firmware/nnet_utils/nnet_activation.h:46->firmware/myproject.cpp:60]   --->   Operation 599 'xor' 'xor_ln46_114' <Predicate = (icmp_ln45_114)> <Delay = 0.00> <CoreInst = "LogicGate">   --->   Core 74 'LogicGate' <Latency = 0> <II = 1> <Delay = 0.12> <FuncUnit> <Opcode : 'and' 'or' 'xor'> <InPorts = 2> <OutPorts = 1>
ST_1 : Operation 600 [1/1] (0.00ns) (grouped into LUT with out node layer10_out_26_0)   --->   "%or_ln46_348 = or i1 %tmp_697, i1 %xor_ln46_114" [firmware/nnet_utils/nnet_activation.h:46->firmware/myproject.cpp:60]   --->   Operation 600 'or' 'or_ln46_348' <Predicate = (icmp_ln45_114)> <Delay = 0.00> <CoreInst = "LogicGate">   --->   Core 74 'LogicGate' <Latency = 0> <II = 1> <Delay = 0.12> <FuncUnit> <Opcode : 'and' 'or' 'xor'> <InPorts = 2> <OutPorts = 1>
ST_1 : Operation 601 [1/1] (0.00ns) (grouped into LUT with out node select_ln46_347)   --->   "%select_ln46_346 = select i1 %tmp_697, i6 0, i6 %add_ln46_114" [firmware/nnet_utils/nnet_activation.h:46->firmware/myproject.cpp:60]   --->   Operation 601 'select' 'select_ln46_346' <Predicate = (or_ln46_347 & or_ln46_348 & icmp_ln45_114)> <Delay = 0.00> <CoreInst = "Sel">   --->   Core 73 'Sel' <Latency = 0> <II = 1> <Delay = 0.29> <FuncUnit> <Opcode : 'select'> <InPorts = 3> <OutPorts = 1>
ST_1 : Operation 602 [1/1] (0.29ns) (out node of the LUT)   --->   "%select_ln46_347 = select i1 %or_ln46_347, i6 %select_ln46_346, i6 63" [firmware/nnet_utils/nnet_activation.h:46->firmware/myproject.cpp:60]   --->   Operation 602 'select' 'select_ln46_347' <Predicate = (or_ln46_348 & icmp_ln45_114)> <Delay = 0.29> <CoreInst = "Sel">   --->   Core 73 'Sel' <Latency = 0> <II = 1> <Delay = 0.29> <FuncUnit> <Opcode : 'select'> <InPorts = 3> <OutPorts = 1>
ST_1 : Operation 603 [1/1] (0.00ns) (grouped into LUT with out node layer10_out_26_0)   --->   "%select_ln46_348 = select i1 %or_ln46_348, i6 %select_ln46_347, i6 %add_ln46_114" [firmware/nnet_utils/nnet_activation.h:46->firmware/myproject.cpp:60]   --->   Operation 603 'select' 'select_ln46_348' <Predicate = (icmp_ln45_114)> <Delay = 0.00> <CoreInst = "Sel">   --->   Core 73 'Sel' <Latency = 0> <II = 1> <Delay = 0.29> <FuncUnit> <Opcode : 'select'> <InPorts = 3> <OutPorts = 1>
ST_1 : Operation 604 [1/1] (0.29ns) (out node of the LUT)   --->   "%layer10_out_26_0 = select i1 %icmp_ln45_114, i6 %select_ln46_348, i6 0" [firmware/nnet_utils/nnet_activation.h:45->firmware/myproject.cpp:60]   --->   Operation 604 'select' 'layer10_out_26_0' <Predicate = true> <Delay = 0.29> <CoreInst = "Sel">   --->   Core 73 'Sel' <Latency = 0> <II = 1> <Delay = 0.29> <FuncUnit> <Opcode : 'select'> <InPorts = 3> <OutPorts = 1>
ST_1 : Operation 605 [1/1] (0.79ns)   --->   "%icmp_ln45_115 = icmp_sgt  i18 %layer8_out_27_val_read, i18 0" [firmware/nnet_utils/nnet_activation.h:45->firmware/myproject.cpp:60]   --->   Operation 605 'icmp' 'icmp_ln45_115' <Predicate = true> <Delay = 0.79> <CoreInst = "Cmp">   --->   Core 9 'Cmp' <Latency = 0> <II = 1> <Delay = 0.79> <FuncUnit> <Opcode : 'seteq' 'setne' 'setle' 'setge' 'setlt' 'setgt'> <InPorts = 2> <OutPorts = 1>
ST_1 : Operation 606 [1/1] (0.00ns)   --->   "%tmp_703 = bitselect i1 @_ssdm_op_BitSelect.i1.i18.i32, i18 %layer8_out_27_val_read, i32 17" [firmware/nnet_utils/nnet_activation.h:46->firmware/myproject.cpp:60]   --->   Operation 606 'bitselect' 'tmp_703' <Predicate = (icmp_ln45_115)> <Delay = 0.00>
ST_1 : Operation 607 [1/1] (0.00ns) (grouped into LUT with out node add_ln46_115)   --->   "%trunc_ln46_112 = partselect i6 @_ssdm_op_PartSelect.i6.i18.i32.i32, i18 %layer8_out_27_val_read, i32 5, i32 10" [firmware/nnet_utils/nnet_activation.h:46->firmware/myproject.cpp:60]   --->   Operation 607 'partselect' 'trunc_ln46_112' <Predicate = (icmp_ln45_115)> <Delay = 0.00>
ST_1 : Operation 608 [1/1] (0.00ns) (grouped into LUT with out node add_ln46_115)   --->   "%tmp_704 = bitselect i1 @_ssdm_op_BitSelect.i1.i18.i32, i18 %layer8_out_27_val_read, i32 4" [firmware/nnet_utils/nnet_activation.h:46->firmware/myproject.cpp:60]   --->   Operation 608 'bitselect' 'tmp_704' <Predicate = (icmp_ln45_115)> <Delay = 0.00>
ST_1 : Operation 609 [1/1] (0.00ns)   --->   "%trunc_ln46_176 = trunc i18 %layer8_out_27_val_read" [firmware/nnet_utils/nnet_activation.h:46->firmware/myproject.cpp:60]   --->   Operation 609 'trunc' 'trunc_ln46_176' <Predicate = (icmp_ln45_115)> <Delay = 0.00>
ST_1 : Operation 610 [1/1] (0.70ns)   --->   "%icmp_ln46_232 = icmp_ne  i4 %trunc_ln46_176, i4 0" [firmware/nnet_utils/nnet_activation.h:46->firmware/myproject.cpp:60]   --->   Operation 610 'icmp' 'icmp_ln46_232' <Predicate = (icmp_ln45_115)> <Delay = 0.70> <CoreInst = "Cmp">   --->   Core 9 'Cmp' <Latency = 0> <II = 1> <Delay = 0.70> <FuncUnit> <Opcode : 'seteq' 'setne' 'setle' 'setge' 'setlt' 'setgt'> <InPorts = 2> <OutPorts = 1>
ST_1 : Operation 611 [1/1] (0.00ns) (grouped into LUT with out node empty_129)   --->   "%tmp_705 = bitselect i1 @_ssdm_op_BitSelect.i1.i18.i32, i18 %layer8_out_27_val_read, i32 10" [firmware/nnet_utils/nnet_activation.h:46->firmware/myproject.cpp:60]   --->   Operation 611 'bitselect' 'tmp_705' <Predicate = (icmp_ln45_115)> <Delay = 0.00>
ST_1 : Operation 612 [1/1] (0.00ns) (grouped into LUT with out node add_ln46_115)   --->   "%tmp_706 = bitselect i1 @_ssdm_op_BitSelect.i1.i18.i32, i18 %layer8_out_27_val_read, i32 5" [firmware/nnet_utils/nnet_activation.h:46->firmware/myproject.cpp:60]   --->   Operation 612 'bitselect' 'tmp_706' <Predicate = (icmp_ln45_115)> <Delay = 0.00>
ST_1 : Operation 613 [1/1] (0.00ns) (grouped into LUT with out node add_ln46_115)   --->   "%or_ln46_349 = or i1 %tmp_706, i1 %icmp_ln46_232" [firmware/nnet_utils/nnet_activation.h:46->firmware/myproject.cpp:60]   --->   Operation 613 'or' 'or_ln46_349' <Predicate = (icmp_ln45_115)> <Delay = 0.00> <CoreInst = "LogicGate">   --->   Core 74 'LogicGate' <Latency = 0> <II = 1> <Delay = 0.12> <FuncUnit> <Opcode : 'and' 'or' 'xor'> <InPorts = 2> <OutPorts = 1>
ST_1 : Operation 614 [1/1] (0.00ns) (grouped into LUT with out node add_ln46_115)   --->   "%and_ln46_226 = and i1 %or_ln46_349, i1 %tmp_704" [firmware/nnet_utils/nnet_activation.h:46->firmware/myproject.cpp:60]   --->   Operation 614 'and' 'and_ln46_226' <Predicate = (icmp_ln45_115)> <Delay = 0.00> <CoreInst = "LogicGate">   --->   Core 74 'LogicGate' <Latency = 0> <II = 1> <Delay = 0.12> <FuncUnit> <Opcode : 'and' 'or' 'xor'> <InPorts = 2> <OutPorts = 1>
ST_1 : Operation 615 [1/1] (0.00ns) (grouped into LUT with out node add_ln46_115)   --->   "%zext_ln46_115 = zext i1 %and_ln46_226" [firmware/nnet_utils/nnet_activation.h:46->firmware/myproject.cpp:60]   --->   Operation 615 'zext' 'zext_ln46_115' <Predicate = (icmp_ln45_115)> <Delay = 0.00>
ST_1 : Operation 616 [1/1] (0.70ns) (out node of the LUT)   --->   "%add_ln46_115 = add i6 %trunc_ln46_112, i6 %zext_ln46_115" [firmware/nnet_utils/nnet_activation.h:46->firmware/myproject.cpp:60]   --->   Operation 616 'add' 'add_ln46_115' <Predicate = (icmp_ln45_115)> <Delay = 0.70> <CoreInst = "Adder">   --->   Core 1 'Adder' <Latency = 0> <II = 1> <Delay = 0.70> <FuncUnit> <Opcode : 'add' 'sub'> <InPorts = 2> <OutPorts = 1>
ST_1 : Operation 617 [1/1] (0.00ns)   --->   "%tmp_707 = partselect i7 @_ssdm_op_PartSelect.i7.i18.i32, i18 %layer8_out_27_val_read, i32 11" [firmware/nnet_utils/nnet_activation.h:46->firmware/myproject.cpp:60]   --->   Operation 617 'partselect' 'tmp_707' <Predicate = (icmp_ln45_115)> <Delay = 0.00>
ST_1 : Operation 618 [1/1] (0.70ns)   --->   "%icmp_ln46_233 = icmp_eq  i7 %tmp_707, i7 0" [firmware/nnet_utils/nnet_activation.h:46->firmware/myproject.cpp:60]   --->   Operation 618 'icmp' 'icmp_ln46_233' <Predicate = (icmp_ln45_115)> <Delay = 0.70> <CoreInst = "Cmp">   --->   Core 9 'Cmp' <Latency = 0> <II = 1> <Delay = 0.70> <FuncUnit> <Opcode : 'seteq' 'setne' 'setle' 'setge' 'setlt' 'setgt'> <InPorts = 2> <OutPorts = 1>
ST_1 : Operation 619 [1/1] (0.00ns) (grouped into LUT with out node empty_129)   --->   "%tmp_708 = bitselect i1 @_ssdm_op_BitSelect.i1.i6.i32, i6 %add_ln46_115, i32 5" [firmware/nnet_utils/nnet_activation.h:46->firmware/myproject.cpp:60]   --->   Operation 619 'bitselect' 'tmp_708' <Predicate = (icmp_ln45_115)> <Delay = 0.00>
ST_1 : Operation 620 [1/1] (0.00ns) (grouped into LUT with out node empty_129)   --->   "%not_tmp_817 = xor i1 %tmp_705, i1 1" [firmware/nnet_utils/nnet_activation.h:46->firmware/myproject.cpp:60]   --->   Operation 620 'xor' 'not_tmp_817' <Predicate = (icmp_ln45_115)> <Delay = 0.00> <CoreInst = "LogicGate">   --->   Core 74 'LogicGate' <Latency = 0> <II = 1> <Delay = 0.12> <FuncUnit> <Opcode : 'and' 'or' 'xor'> <InPorts = 2> <OutPorts = 1>
ST_1 : Operation 621 [1/1] (0.00ns) (grouped into LUT with out node empty_129)   --->   "%and_ln46_233 = or i1 %tmp_708, i1 %not_tmp_817" [firmware/nnet_utils/nnet_activation.h:46->firmware/myproject.cpp:60]   --->   Operation 621 'or' 'and_ln46_233' <Predicate = (icmp_ln45_115)> <Delay = 0.00> <CoreInst = "LogicGate">   --->   Core 74 'LogicGate' <Latency = 0> <II = 1> <Delay = 0.12> <FuncUnit> <Opcode : 'and' 'or' 'xor'> <InPorts = 2> <OutPorts = 1>
ST_1 : Operation 622 [1/1] (0.12ns) (out node of the LUT)   --->   "%empty_129 = and i1 %icmp_ln46_233, i1 %and_ln46_233" [firmware/nnet_utils/nnet_activation.h:46->firmware/myproject.cpp:60]   --->   Operation 622 'and' 'empty_129' <Predicate = (icmp_ln45_115)> <Delay = 0.12> <CoreInst = "LogicGate">   --->   Core 74 'LogicGate' <Latency = 0> <II = 1> <Delay = 0.12> <FuncUnit> <Opcode : 'and' 'or' 'xor'> <InPorts = 2> <OutPorts = 1>
ST_1 : Operation 623 [1/1] (0.00ns) (grouped into LUT with out node select_ln46_350)   --->   "%or_ln46_350 = or i1 %empty_129, i1 %tmp_703" [firmware/nnet_utils/nnet_activation.h:46->firmware/myproject.cpp:60]   --->   Operation 623 'or' 'or_ln46_350' <Predicate = (or_ln46_351 & icmp_ln45_115)> <Delay = 0.00> <CoreInst = "LogicGate">   --->   Core 74 'LogicGate' <Latency = 0> <II = 1> <Delay = 0.12> <FuncUnit> <Opcode : 'and' 'or' 'xor'> <InPorts = 2> <OutPorts = 1>
ST_1 : Operation 624 [1/1] (0.00ns) (grouped into LUT with out node layer10_out_27_0)   --->   "%xor_ln46_115 = xor i1 %empty_129, i1 1" [firmware/nnet_utils/nnet_activation.h:46->firmware/myproject.cpp:60]   --->   Operation 624 'xor' 'xor_ln46_115' <Predicate = (icmp_ln45_115)> <Delay = 0.00> <CoreInst = "LogicGate">   --->   Core 74 'LogicGate' <Latency = 0> <II = 1> <Delay = 0.12> <FuncUnit> <Opcode : 'and' 'or' 'xor'> <InPorts = 2> <OutPorts = 1>
ST_1 : Operation 625 [1/1] (0.00ns) (grouped into LUT with out node layer10_out_27_0)   --->   "%or_ln46_351 = or i1 %tmp_703, i1 %xor_ln46_115" [firmware/nnet_utils/nnet_activation.h:46->firmware/myproject.cpp:60]   --->   Operation 625 'or' 'or_ln46_351' <Predicate = (icmp_ln45_115)> <Delay = 0.00> <CoreInst = "LogicGate">   --->   Core 74 'LogicGate' <Latency = 0> <II = 1> <Delay = 0.12> <FuncUnit> <Opcode : 'and' 'or' 'xor'> <InPorts = 2> <OutPorts = 1>
ST_1 : Operation 626 [1/1] (0.00ns) (grouped into LUT with out node select_ln46_350)   --->   "%select_ln46_349 = select i1 %tmp_703, i6 0, i6 %add_ln46_115" [firmware/nnet_utils/nnet_activation.h:46->firmware/myproject.cpp:60]   --->   Operation 626 'select' 'select_ln46_349' <Predicate = (or_ln46_350 & or_ln46_351 & icmp_ln45_115)> <Delay = 0.00> <CoreInst = "Sel">   --->   Core 73 'Sel' <Latency = 0> <II = 1> <Delay = 0.29> <FuncUnit> <Opcode : 'select'> <InPorts = 3> <OutPorts = 1>
ST_1 : Operation 627 [1/1] (0.29ns) (out node of the LUT)   --->   "%select_ln46_350 = select i1 %or_ln46_350, i6 %select_ln46_349, i6 63" [firmware/nnet_utils/nnet_activation.h:46->firmware/myproject.cpp:60]   --->   Operation 627 'select' 'select_ln46_350' <Predicate = (or_ln46_351 & icmp_ln45_115)> <Delay = 0.29> <CoreInst = "Sel">   --->   Core 73 'Sel' <Latency = 0> <II = 1> <Delay = 0.29> <FuncUnit> <Opcode : 'select'> <InPorts = 3> <OutPorts = 1>
ST_1 : Operation 628 [1/1] (0.00ns) (grouped into LUT with out node layer10_out_27_0)   --->   "%select_ln46_351 = select i1 %or_ln46_351, i6 %select_ln46_350, i6 %add_ln46_115" [firmware/nnet_utils/nnet_activation.h:46->firmware/myproject.cpp:60]   --->   Operation 628 'select' 'select_ln46_351' <Predicate = (icmp_ln45_115)> <Delay = 0.00> <CoreInst = "Sel">   --->   Core 73 'Sel' <Latency = 0> <II = 1> <Delay = 0.29> <FuncUnit> <Opcode : 'select'> <InPorts = 3> <OutPorts = 1>
ST_1 : Operation 629 [1/1] (0.29ns) (out node of the LUT)   --->   "%layer10_out_27_0 = select i1 %icmp_ln45_115, i6 %select_ln46_351, i6 0" [firmware/nnet_utils/nnet_activation.h:45->firmware/myproject.cpp:60]   --->   Operation 629 'select' 'layer10_out_27_0' <Predicate = true> <Delay = 0.29> <CoreInst = "Sel">   --->   Core 73 'Sel' <Latency = 0> <II = 1> <Delay = 0.29> <FuncUnit> <Opcode : 'select'> <InPorts = 3> <OutPorts = 1>
ST_1 : Operation 630 [1/1] (0.79ns)   --->   "%icmp_ln45_116 = icmp_sgt  i18 %layer8_out_28_val_read, i18 0" [firmware/nnet_utils/nnet_activation.h:45->firmware/myproject.cpp:60]   --->   Operation 630 'icmp' 'icmp_ln45_116' <Predicate = true> <Delay = 0.79> <CoreInst = "Cmp">   --->   Core 9 'Cmp' <Latency = 0> <II = 1> <Delay = 0.79> <FuncUnit> <Opcode : 'seteq' 'setne' 'setle' 'setge' 'setlt' 'setgt'> <InPorts = 2> <OutPorts = 1>
ST_1 : Operation 631 [1/1] (0.00ns)   --->   "%tmp_709 = bitselect i1 @_ssdm_op_BitSelect.i1.i18.i32, i18 %layer8_out_28_val_read, i32 17" [firmware/nnet_utils/nnet_activation.h:46->firmware/myproject.cpp:60]   --->   Operation 631 'bitselect' 'tmp_709' <Predicate = (icmp_ln45_116)> <Delay = 0.00>
ST_1 : Operation 632 [1/1] (0.00ns) (grouped into LUT with out node add_ln46_116)   --->   "%trunc_ln46_113 = partselect i6 @_ssdm_op_PartSelect.i6.i18.i32.i32, i18 %layer8_out_28_val_read, i32 5, i32 10" [firmware/nnet_utils/nnet_activation.h:46->firmware/myproject.cpp:60]   --->   Operation 632 'partselect' 'trunc_ln46_113' <Predicate = (icmp_ln45_116)> <Delay = 0.00>
ST_1 : Operation 633 [1/1] (0.00ns) (grouped into LUT with out node add_ln46_116)   --->   "%tmp_710 = bitselect i1 @_ssdm_op_BitSelect.i1.i18.i32, i18 %layer8_out_28_val_read, i32 4" [firmware/nnet_utils/nnet_activation.h:46->firmware/myproject.cpp:60]   --->   Operation 633 'bitselect' 'tmp_710' <Predicate = (icmp_ln45_116)> <Delay = 0.00>
ST_1 : Operation 634 [1/1] (0.00ns)   --->   "%trunc_ln46_177 = trunc i18 %layer8_out_28_val_read" [firmware/nnet_utils/nnet_activation.h:46->firmware/myproject.cpp:60]   --->   Operation 634 'trunc' 'trunc_ln46_177' <Predicate = (icmp_ln45_116)> <Delay = 0.00>
ST_1 : Operation 635 [1/1] (0.70ns)   --->   "%icmp_ln46_234 = icmp_ne  i4 %trunc_ln46_177, i4 0" [firmware/nnet_utils/nnet_activation.h:46->firmware/myproject.cpp:60]   --->   Operation 635 'icmp' 'icmp_ln46_234' <Predicate = (icmp_ln45_116)> <Delay = 0.70> <CoreInst = "Cmp">   --->   Core 9 'Cmp' <Latency = 0> <II = 1> <Delay = 0.70> <FuncUnit> <Opcode : 'seteq' 'setne' 'setle' 'setge' 'setlt' 'setgt'> <InPorts = 2> <OutPorts = 1>
ST_1 : Operation 636 [1/1] (0.00ns) (grouped into LUT with out node empty_130)   --->   "%tmp_711 = bitselect i1 @_ssdm_op_BitSelect.i1.i18.i32, i18 %layer8_out_28_val_read, i32 10" [firmware/nnet_utils/nnet_activation.h:46->firmware/myproject.cpp:60]   --->   Operation 636 'bitselect' 'tmp_711' <Predicate = (icmp_ln45_116)> <Delay = 0.00>
ST_1 : Operation 637 [1/1] (0.00ns) (grouped into LUT with out node add_ln46_116)   --->   "%tmp_712 = bitselect i1 @_ssdm_op_BitSelect.i1.i18.i32, i18 %layer8_out_28_val_read, i32 5" [firmware/nnet_utils/nnet_activation.h:46->firmware/myproject.cpp:60]   --->   Operation 637 'bitselect' 'tmp_712' <Predicate = (icmp_ln45_116)> <Delay = 0.00>
ST_1 : Operation 638 [1/1] (0.00ns) (grouped into LUT with out node add_ln46_116)   --->   "%or_ln46_352 = or i1 %tmp_712, i1 %icmp_ln46_234" [firmware/nnet_utils/nnet_activation.h:46->firmware/myproject.cpp:60]   --->   Operation 638 'or' 'or_ln46_352' <Predicate = (icmp_ln45_116)> <Delay = 0.00> <CoreInst = "LogicGate">   --->   Core 74 'LogicGate' <Latency = 0> <II = 1> <Delay = 0.12> <FuncUnit> <Opcode : 'and' 'or' 'xor'> <InPorts = 2> <OutPorts = 1>
ST_1 : Operation 639 [1/1] (0.00ns) (grouped into LUT with out node add_ln46_116)   --->   "%and_ln46_228 = and i1 %or_ln46_352, i1 %tmp_710" [firmware/nnet_utils/nnet_activation.h:46->firmware/myproject.cpp:60]   --->   Operation 639 'and' 'and_ln46_228' <Predicate = (icmp_ln45_116)> <Delay = 0.00> <CoreInst = "LogicGate">   --->   Core 74 'LogicGate' <Latency = 0> <II = 1> <Delay = 0.12> <FuncUnit> <Opcode : 'and' 'or' 'xor'> <InPorts = 2> <OutPorts = 1>
ST_1 : Operation 640 [1/1] (0.00ns) (grouped into LUT with out node add_ln46_116)   --->   "%zext_ln46_116 = zext i1 %and_ln46_228" [firmware/nnet_utils/nnet_activation.h:46->firmware/myproject.cpp:60]   --->   Operation 640 'zext' 'zext_ln46_116' <Predicate = (icmp_ln45_116)> <Delay = 0.00>
ST_1 : Operation 641 [1/1] (0.70ns) (out node of the LUT)   --->   "%add_ln46_116 = add i6 %trunc_ln46_113, i6 %zext_ln46_116" [firmware/nnet_utils/nnet_activation.h:46->firmware/myproject.cpp:60]   --->   Operation 641 'add' 'add_ln46_116' <Predicate = (icmp_ln45_116)> <Delay = 0.70> <CoreInst = "Adder">   --->   Core 1 'Adder' <Latency = 0> <II = 1> <Delay = 0.70> <FuncUnit> <Opcode : 'add' 'sub'> <InPorts = 2> <OutPorts = 1>
ST_1 : Operation 642 [1/1] (0.00ns)   --->   "%tmp_713 = partselect i7 @_ssdm_op_PartSelect.i7.i18.i32, i18 %layer8_out_28_val_read, i32 11" [firmware/nnet_utils/nnet_activation.h:46->firmware/myproject.cpp:60]   --->   Operation 642 'partselect' 'tmp_713' <Predicate = (icmp_ln45_116)> <Delay = 0.00>
ST_1 : Operation 643 [1/1] (0.70ns)   --->   "%icmp_ln46_235 = icmp_eq  i7 %tmp_713, i7 0" [firmware/nnet_utils/nnet_activation.h:46->firmware/myproject.cpp:60]   --->   Operation 643 'icmp' 'icmp_ln46_235' <Predicate = (icmp_ln45_116)> <Delay = 0.70> <CoreInst = "Cmp">   --->   Core 9 'Cmp' <Latency = 0> <II = 1> <Delay = 0.70> <FuncUnit> <Opcode : 'seteq' 'setne' 'setle' 'setge' 'setlt' 'setgt'> <InPorts = 2> <OutPorts = 1>
ST_1 : Operation 644 [1/1] (0.00ns) (grouped into LUT with out node empty_130)   --->   "%tmp_714 = bitselect i1 @_ssdm_op_BitSelect.i1.i6.i32, i6 %add_ln46_116, i32 5" [firmware/nnet_utils/nnet_activation.h:46->firmware/myproject.cpp:60]   --->   Operation 644 'bitselect' 'tmp_714' <Predicate = (icmp_ln45_116)> <Delay = 0.00>
ST_1 : Operation 645 [1/1] (0.00ns) (grouped into LUT with out node empty_130)   --->   "%not_tmp_824 = xor i1 %tmp_711, i1 1" [firmware/nnet_utils/nnet_activation.h:46->firmware/myproject.cpp:60]   --->   Operation 645 'xor' 'not_tmp_824' <Predicate = (icmp_ln45_116)> <Delay = 0.00> <CoreInst = "LogicGate">   --->   Core 74 'LogicGate' <Latency = 0> <II = 1> <Delay = 0.12> <FuncUnit> <Opcode : 'and' 'or' 'xor'> <InPorts = 2> <OutPorts = 1>
ST_1 : Operation 646 [1/1] (0.00ns) (grouped into LUT with out node empty_130)   --->   "%and_ln46_235 = or i1 %tmp_714, i1 %not_tmp_824" [firmware/nnet_utils/nnet_activation.h:46->firmware/myproject.cpp:60]   --->   Operation 646 'or' 'and_ln46_235' <Predicate = (icmp_ln45_116)> <Delay = 0.00> <CoreInst = "LogicGate">   --->   Core 74 'LogicGate' <Latency = 0> <II = 1> <Delay = 0.12> <FuncUnit> <Opcode : 'and' 'or' 'xor'> <InPorts = 2> <OutPorts = 1>
ST_1 : Operation 647 [1/1] (0.12ns) (out node of the LUT)   --->   "%empty_130 = and i1 %icmp_ln46_235, i1 %and_ln46_235" [firmware/nnet_utils/nnet_activation.h:46->firmware/myproject.cpp:60]   --->   Operation 647 'and' 'empty_130' <Predicate = (icmp_ln45_116)> <Delay = 0.12> <CoreInst = "LogicGate">   --->   Core 74 'LogicGate' <Latency = 0> <II = 1> <Delay = 0.12> <FuncUnit> <Opcode : 'and' 'or' 'xor'> <InPorts = 2> <OutPorts = 1>
ST_1 : Operation 648 [1/1] (0.00ns) (grouped into LUT with out node select_ln46_353)   --->   "%or_ln46_353 = or i1 %empty_130, i1 %tmp_709" [firmware/nnet_utils/nnet_activation.h:46->firmware/myproject.cpp:60]   --->   Operation 648 'or' 'or_ln46_353' <Predicate = (or_ln46_354 & icmp_ln45_116)> <Delay = 0.00> <CoreInst = "LogicGate">   --->   Core 74 'LogicGate' <Latency = 0> <II = 1> <Delay = 0.12> <FuncUnit> <Opcode : 'and' 'or' 'xor'> <InPorts = 2> <OutPorts = 1>
ST_1 : Operation 649 [1/1] (0.00ns) (grouped into LUT with out node layer10_out_28_0)   --->   "%xor_ln46_116 = xor i1 %empty_130, i1 1" [firmware/nnet_utils/nnet_activation.h:46->firmware/myproject.cpp:60]   --->   Operation 649 'xor' 'xor_ln46_116' <Predicate = (icmp_ln45_116)> <Delay = 0.00> <CoreInst = "LogicGate">   --->   Core 74 'LogicGate' <Latency = 0> <II = 1> <Delay = 0.12> <FuncUnit> <Opcode : 'and' 'or' 'xor'> <InPorts = 2> <OutPorts = 1>
ST_1 : Operation 650 [1/1] (0.00ns) (grouped into LUT with out node layer10_out_28_0)   --->   "%or_ln46_354 = or i1 %tmp_709, i1 %xor_ln46_116" [firmware/nnet_utils/nnet_activation.h:46->firmware/myproject.cpp:60]   --->   Operation 650 'or' 'or_ln46_354' <Predicate = (icmp_ln45_116)> <Delay = 0.00> <CoreInst = "LogicGate">   --->   Core 74 'LogicGate' <Latency = 0> <II = 1> <Delay = 0.12> <FuncUnit> <Opcode : 'and' 'or' 'xor'> <InPorts = 2> <OutPorts = 1>
ST_1 : Operation 651 [1/1] (0.00ns) (grouped into LUT with out node select_ln46_353)   --->   "%select_ln46_352 = select i1 %tmp_709, i6 0, i6 %add_ln46_116" [firmware/nnet_utils/nnet_activation.h:46->firmware/myproject.cpp:60]   --->   Operation 651 'select' 'select_ln46_352' <Predicate = (or_ln46_353 & or_ln46_354 & icmp_ln45_116)> <Delay = 0.00> <CoreInst = "Sel">   --->   Core 73 'Sel' <Latency = 0> <II = 1> <Delay = 0.29> <FuncUnit> <Opcode : 'select'> <InPorts = 3> <OutPorts = 1>
ST_1 : Operation 652 [1/1] (0.29ns) (out node of the LUT)   --->   "%select_ln46_353 = select i1 %or_ln46_353, i6 %select_ln46_352, i6 63" [firmware/nnet_utils/nnet_activation.h:46->firmware/myproject.cpp:60]   --->   Operation 652 'select' 'select_ln46_353' <Predicate = (or_ln46_354 & icmp_ln45_116)> <Delay = 0.29> <CoreInst = "Sel">   --->   Core 73 'Sel' <Latency = 0> <II = 1> <Delay = 0.29> <FuncUnit> <Opcode : 'select'> <InPorts = 3> <OutPorts = 1>
ST_1 : Operation 653 [1/1] (0.00ns) (grouped into LUT with out node layer10_out_28_0)   --->   "%select_ln46_354 = select i1 %or_ln46_354, i6 %select_ln46_353, i6 %add_ln46_116" [firmware/nnet_utils/nnet_activation.h:46->firmware/myproject.cpp:60]   --->   Operation 653 'select' 'select_ln46_354' <Predicate = (icmp_ln45_116)> <Delay = 0.00> <CoreInst = "Sel">   --->   Core 73 'Sel' <Latency = 0> <II = 1> <Delay = 0.29> <FuncUnit> <Opcode : 'select'> <InPorts = 3> <OutPorts = 1>
ST_1 : Operation 654 [1/1] (0.29ns) (out node of the LUT)   --->   "%layer10_out_28_0 = select i1 %icmp_ln45_116, i6 %select_ln46_354, i6 0" [firmware/nnet_utils/nnet_activation.h:45->firmware/myproject.cpp:60]   --->   Operation 654 'select' 'layer10_out_28_0' <Predicate = true> <Delay = 0.29> <CoreInst = "Sel">   --->   Core 73 'Sel' <Latency = 0> <II = 1> <Delay = 0.29> <FuncUnit> <Opcode : 'select'> <InPorts = 3> <OutPorts = 1>
ST_1 : Operation 655 [1/1] (0.79ns)   --->   "%icmp_ln45_117 = icmp_sgt  i18 %layer8_out_29_val_read, i18 0" [firmware/nnet_utils/nnet_activation.h:45->firmware/myproject.cpp:60]   --->   Operation 655 'icmp' 'icmp_ln45_117' <Predicate = true> <Delay = 0.79> <CoreInst = "Cmp">   --->   Core 9 'Cmp' <Latency = 0> <II = 1> <Delay = 0.79> <FuncUnit> <Opcode : 'seteq' 'setne' 'setle' 'setge' 'setlt' 'setgt'> <InPorts = 2> <OutPorts = 1>
ST_1 : Operation 656 [1/1] (0.00ns)   --->   "%tmp_715 = bitselect i1 @_ssdm_op_BitSelect.i1.i18.i32, i18 %layer8_out_29_val_read, i32 17" [firmware/nnet_utils/nnet_activation.h:46->firmware/myproject.cpp:60]   --->   Operation 656 'bitselect' 'tmp_715' <Predicate = (icmp_ln45_117)> <Delay = 0.00>
ST_1 : Operation 657 [1/1] (0.00ns) (grouped into LUT with out node add_ln46_117)   --->   "%trunc_ln46_114 = partselect i6 @_ssdm_op_PartSelect.i6.i18.i32.i32, i18 %layer8_out_29_val_read, i32 5, i32 10" [firmware/nnet_utils/nnet_activation.h:46->firmware/myproject.cpp:60]   --->   Operation 657 'partselect' 'trunc_ln46_114' <Predicate = (icmp_ln45_117)> <Delay = 0.00>
ST_1 : Operation 658 [1/1] (0.00ns) (grouped into LUT with out node add_ln46_117)   --->   "%tmp_716 = bitselect i1 @_ssdm_op_BitSelect.i1.i18.i32, i18 %layer8_out_29_val_read, i32 4" [firmware/nnet_utils/nnet_activation.h:46->firmware/myproject.cpp:60]   --->   Operation 658 'bitselect' 'tmp_716' <Predicate = (icmp_ln45_117)> <Delay = 0.00>
ST_1 : Operation 659 [1/1] (0.00ns)   --->   "%trunc_ln46_178 = trunc i18 %layer8_out_29_val_read" [firmware/nnet_utils/nnet_activation.h:46->firmware/myproject.cpp:60]   --->   Operation 659 'trunc' 'trunc_ln46_178' <Predicate = (icmp_ln45_117)> <Delay = 0.00>
ST_1 : Operation 660 [1/1] (0.70ns)   --->   "%icmp_ln46_236 = icmp_ne  i4 %trunc_ln46_178, i4 0" [firmware/nnet_utils/nnet_activation.h:46->firmware/myproject.cpp:60]   --->   Operation 660 'icmp' 'icmp_ln46_236' <Predicate = (icmp_ln45_117)> <Delay = 0.70> <CoreInst = "Cmp">   --->   Core 9 'Cmp' <Latency = 0> <II = 1> <Delay = 0.70> <FuncUnit> <Opcode : 'seteq' 'setne' 'setle' 'setge' 'setlt' 'setgt'> <InPorts = 2> <OutPorts = 1>
ST_1 : Operation 661 [1/1] (0.00ns) (grouped into LUT with out node empty_131)   --->   "%tmp_717 = bitselect i1 @_ssdm_op_BitSelect.i1.i18.i32, i18 %layer8_out_29_val_read, i32 10" [firmware/nnet_utils/nnet_activation.h:46->firmware/myproject.cpp:60]   --->   Operation 661 'bitselect' 'tmp_717' <Predicate = (icmp_ln45_117)> <Delay = 0.00>
ST_1 : Operation 662 [1/1] (0.00ns) (grouped into LUT with out node add_ln46_117)   --->   "%tmp_718 = bitselect i1 @_ssdm_op_BitSelect.i1.i18.i32, i18 %layer8_out_29_val_read, i32 5" [firmware/nnet_utils/nnet_activation.h:46->firmware/myproject.cpp:60]   --->   Operation 662 'bitselect' 'tmp_718' <Predicate = (icmp_ln45_117)> <Delay = 0.00>
ST_1 : Operation 663 [1/1] (0.00ns) (grouped into LUT with out node add_ln46_117)   --->   "%or_ln46_355 = or i1 %tmp_718, i1 %icmp_ln46_236" [firmware/nnet_utils/nnet_activation.h:46->firmware/myproject.cpp:60]   --->   Operation 663 'or' 'or_ln46_355' <Predicate = (icmp_ln45_117)> <Delay = 0.00> <CoreInst = "LogicGate">   --->   Core 74 'LogicGate' <Latency = 0> <II = 1> <Delay = 0.12> <FuncUnit> <Opcode : 'and' 'or' 'xor'> <InPorts = 2> <OutPorts = 1>
ST_1 : Operation 664 [1/1] (0.00ns) (grouped into LUT with out node add_ln46_117)   --->   "%and_ln46_230 = and i1 %or_ln46_355, i1 %tmp_716" [firmware/nnet_utils/nnet_activation.h:46->firmware/myproject.cpp:60]   --->   Operation 664 'and' 'and_ln46_230' <Predicate = (icmp_ln45_117)> <Delay = 0.00> <CoreInst = "LogicGate">   --->   Core 74 'LogicGate' <Latency = 0> <II = 1> <Delay = 0.12> <FuncUnit> <Opcode : 'and' 'or' 'xor'> <InPorts = 2> <OutPorts = 1>
ST_1 : Operation 665 [1/1] (0.00ns) (grouped into LUT with out node add_ln46_117)   --->   "%zext_ln46_117 = zext i1 %and_ln46_230" [firmware/nnet_utils/nnet_activation.h:46->firmware/myproject.cpp:60]   --->   Operation 665 'zext' 'zext_ln46_117' <Predicate = (icmp_ln45_117)> <Delay = 0.00>
ST_1 : Operation 666 [1/1] (0.70ns) (out node of the LUT)   --->   "%add_ln46_117 = add i6 %trunc_ln46_114, i6 %zext_ln46_117" [firmware/nnet_utils/nnet_activation.h:46->firmware/myproject.cpp:60]   --->   Operation 666 'add' 'add_ln46_117' <Predicate = (icmp_ln45_117)> <Delay = 0.70> <CoreInst = "Adder">   --->   Core 1 'Adder' <Latency = 0> <II = 1> <Delay = 0.70> <FuncUnit> <Opcode : 'add' 'sub'> <InPorts = 2> <OutPorts = 1>
ST_1 : Operation 667 [1/1] (0.00ns)   --->   "%tmp_719 = partselect i7 @_ssdm_op_PartSelect.i7.i18.i32, i18 %layer8_out_29_val_read, i32 11" [firmware/nnet_utils/nnet_activation.h:46->firmware/myproject.cpp:60]   --->   Operation 667 'partselect' 'tmp_719' <Predicate = (icmp_ln45_117)> <Delay = 0.00>
ST_1 : Operation 668 [1/1] (0.70ns)   --->   "%icmp_ln46_237 = icmp_eq  i7 %tmp_719, i7 0" [firmware/nnet_utils/nnet_activation.h:46->firmware/myproject.cpp:60]   --->   Operation 668 'icmp' 'icmp_ln46_237' <Predicate = (icmp_ln45_117)> <Delay = 0.70> <CoreInst = "Cmp">   --->   Core 9 'Cmp' <Latency = 0> <II = 1> <Delay = 0.70> <FuncUnit> <Opcode : 'seteq' 'setne' 'setle' 'setge' 'setlt' 'setgt'> <InPorts = 2> <OutPorts = 1>
ST_1 : Operation 669 [1/1] (0.00ns) (grouped into LUT with out node empty_131)   --->   "%tmp_720 = bitselect i1 @_ssdm_op_BitSelect.i1.i6.i32, i6 %add_ln46_117, i32 5" [firmware/nnet_utils/nnet_activation.h:46->firmware/myproject.cpp:60]   --->   Operation 669 'bitselect' 'tmp_720' <Predicate = (icmp_ln45_117)> <Delay = 0.00>
ST_1 : Operation 670 [1/1] (0.00ns) (grouped into LUT with out node empty_131)   --->   "%not_tmp_831 = xor i1 %tmp_717, i1 1" [firmware/nnet_utils/nnet_activation.h:46->firmware/myproject.cpp:60]   --->   Operation 670 'xor' 'not_tmp_831' <Predicate = (icmp_ln45_117)> <Delay = 0.00> <CoreInst = "LogicGate">   --->   Core 74 'LogicGate' <Latency = 0> <II = 1> <Delay = 0.12> <FuncUnit> <Opcode : 'and' 'or' 'xor'> <InPorts = 2> <OutPorts = 1>
ST_1 : Operation 671 [1/1] (0.00ns) (grouped into LUT with out node empty_131)   --->   "%and_ln46_237 = or i1 %tmp_720, i1 %not_tmp_831" [firmware/nnet_utils/nnet_activation.h:46->firmware/myproject.cpp:60]   --->   Operation 671 'or' 'and_ln46_237' <Predicate = (icmp_ln45_117)> <Delay = 0.00> <CoreInst = "LogicGate">   --->   Core 74 'LogicGate' <Latency = 0> <II = 1> <Delay = 0.12> <FuncUnit> <Opcode : 'and' 'or' 'xor'> <InPorts = 2> <OutPorts = 1>
ST_1 : Operation 672 [1/1] (0.12ns) (out node of the LUT)   --->   "%empty_131 = and i1 %icmp_ln46_237, i1 %and_ln46_237" [firmware/nnet_utils/nnet_activation.h:46->firmware/myproject.cpp:60]   --->   Operation 672 'and' 'empty_131' <Predicate = (icmp_ln45_117)> <Delay = 0.12> <CoreInst = "LogicGate">   --->   Core 74 'LogicGate' <Latency = 0> <II = 1> <Delay = 0.12> <FuncUnit> <Opcode : 'and' 'or' 'xor'> <InPorts = 2> <OutPorts = 1>
ST_1 : Operation 673 [1/1] (0.00ns) (grouped into LUT with out node select_ln46_356)   --->   "%or_ln46_356 = or i1 %empty_131, i1 %tmp_715" [firmware/nnet_utils/nnet_activation.h:46->firmware/myproject.cpp:60]   --->   Operation 673 'or' 'or_ln46_356' <Predicate = (or_ln46_357 & icmp_ln45_117)> <Delay = 0.00> <CoreInst = "LogicGate">   --->   Core 74 'LogicGate' <Latency = 0> <II = 1> <Delay = 0.12> <FuncUnit> <Opcode : 'and' 'or' 'xor'> <InPorts = 2> <OutPorts = 1>
ST_1 : Operation 674 [1/1] (0.00ns) (grouped into LUT with out node layer10_out_29_0)   --->   "%xor_ln46_117 = xor i1 %empty_131, i1 1" [firmware/nnet_utils/nnet_activation.h:46->firmware/myproject.cpp:60]   --->   Operation 674 'xor' 'xor_ln46_117' <Predicate = (icmp_ln45_117)> <Delay = 0.00> <CoreInst = "LogicGate">   --->   Core 74 'LogicGate' <Latency = 0> <II = 1> <Delay = 0.12> <FuncUnit> <Opcode : 'and' 'or' 'xor'> <InPorts = 2> <OutPorts = 1>
ST_1 : Operation 675 [1/1] (0.00ns) (grouped into LUT with out node layer10_out_29_0)   --->   "%or_ln46_357 = or i1 %tmp_715, i1 %xor_ln46_117" [firmware/nnet_utils/nnet_activation.h:46->firmware/myproject.cpp:60]   --->   Operation 675 'or' 'or_ln46_357' <Predicate = (icmp_ln45_117)> <Delay = 0.00> <CoreInst = "LogicGate">   --->   Core 74 'LogicGate' <Latency = 0> <II = 1> <Delay = 0.12> <FuncUnit> <Opcode : 'and' 'or' 'xor'> <InPorts = 2> <OutPorts = 1>
ST_1 : Operation 676 [1/1] (0.00ns) (grouped into LUT with out node select_ln46_356)   --->   "%select_ln46_355 = select i1 %tmp_715, i6 0, i6 %add_ln46_117" [firmware/nnet_utils/nnet_activation.h:46->firmware/myproject.cpp:60]   --->   Operation 676 'select' 'select_ln46_355' <Predicate = (or_ln46_356 & or_ln46_357 & icmp_ln45_117)> <Delay = 0.00> <CoreInst = "Sel">   --->   Core 73 'Sel' <Latency = 0> <II = 1> <Delay = 0.29> <FuncUnit> <Opcode : 'select'> <InPorts = 3> <OutPorts = 1>
ST_1 : Operation 677 [1/1] (0.29ns) (out node of the LUT)   --->   "%select_ln46_356 = select i1 %or_ln46_356, i6 %select_ln46_355, i6 63" [firmware/nnet_utils/nnet_activation.h:46->firmware/myproject.cpp:60]   --->   Operation 677 'select' 'select_ln46_356' <Predicate = (or_ln46_357 & icmp_ln45_117)> <Delay = 0.29> <CoreInst = "Sel">   --->   Core 73 'Sel' <Latency = 0> <II = 1> <Delay = 0.29> <FuncUnit> <Opcode : 'select'> <InPorts = 3> <OutPorts = 1>
ST_1 : Operation 678 [1/1] (0.00ns) (grouped into LUT with out node layer10_out_29_0)   --->   "%select_ln46_357 = select i1 %or_ln46_357, i6 %select_ln46_356, i6 %add_ln46_117" [firmware/nnet_utils/nnet_activation.h:46->firmware/myproject.cpp:60]   --->   Operation 678 'select' 'select_ln46_357' <Predicate = (icmp_ln45_117)> <Delay = 0.00> <CoreInst = "Sel">   --->   Core 73 'Sel' <Latency = 0> <II = 1> <Delay = 0.29> <FuncUnit> <Opcode : 'select'> <InPorts = 3> <OutPorts = 1>
ST_1 : Operation 679 [1/1] (0.29ns) (out node of the LUT)   --->   "%layer10_out_29_0 = select i1 %icmp_ln45_117, i6 %select_ln46_357, i6 0" [firmware/nnet_utils/nnet_activation.h:45->firmware/myproject.cpp:60]   --->   Operation 679 'select' 'layer10_out_29_0' <Predicate = true> <Delay = 0.29> <CoreInst = "Sel">   --->   Core 73 'Sel' <Latency = 0> <II = 1> <Delay = 0.29> <FuncUnit> <Opcode : 'select'> <InPorts = 3> <OutPorts = 1>
ST_1 : Operation 680 [1/1] (0.79ns)   --->   "%icmp_ln45_118 = icmp_sgt  i18 %layer8_out_31_val_read, i18 0" [firmware/nnet_utils/nnet_activation.h:45->firmware/myproject.cpp:60]   --->   Operation 680 'icmp' 'icmp_ln45_118' <Predicate = true> <Delay = 0.79> <CoreInst = "Cmp">   --->   Core 9 'Cmp' <Latency = 0> <II = 1> <Delay = 0.79> <FuncUnit> <Opcode : 'seteq' 'setne' 'setle' 'setge' 'setlt' 'setgt'> <InPorts = 2> <OutPorts = 1>
ST_1 : Operation 681 [1/1] (0.00ns)   --->   "%tmp_721 = bitselect i1 @_ssdm_op_BitSelect.i1.i18.i32, i18 %layer8_out_31_val_read, i32 17" [firmware/nnet_utils/nnet_activation.h:46->firmware/myproject.cpp:60]   --->   Operation 681 'bitselect' 'tmp_721' <Predicate = (icmp_ln45_118)> <Delay = 0.00>
ST_1 : Operation 682 [1/1] (0.00ns) (grouped into LUT with out node add_ln46_118)   --->   "%trunc_ln46_115 = partselect i6 @_ssdm_op_PartSelect.i6.i18.i32.i32, i18 %layer8_out_31_val_read, i32 5, i32 10" [firmware/nnet_utils/nnet_activation.h:46->firmware/myproject.cpp:60]   --->   Operation 682 'partselect' 'trunc_ln46_115' <Predicate = (icmp_ln45_118)> <Delay = 0.00>
ST_1 : Operation 683 [1/1] (0.00ns) (grouped into LUT with out node add_ln46_118)   --->   "%tmp_722 = bitselect i1 @_ssdm_op_BitSelect.i1.i18.i32, i18 %layer8_out_31_val_read, i32 4" [firmware/nnet_utils/nnet_activation.h:46->firmware/myproject.cpp:60]   --->   Operation 683 'bitselect' 'tmp_722' <Predicate = (icmp_ln45_118)> <Delay = 0.00>
ST_1 : Operation 684 [1/1] (0.00ns)   --->   "%trunc_ln46_179 = trunc i18 %layer8_out_31_val_read" [firmware/nnet_utils/nnet_activation.h:46->firmware/myproject.cpp:60]   --->   Operation 684 'trunc' 'trunc_ln46_179' <Predicate = (icmp_ln45_118)> <Delay = 0.00>
ST_1 : Operation 685 [1/1] (0.70ns)   --->   "%icmp_ln46_238 = icmp_ne  i4 %trunc_ln46_179, i4 0" [firmware/nnet_utils/nnet_activation.h:46->firmware/myproject.cpp:60]   --->   Operation 685 'icmp' 'icmp_ln46_238' <Predicate = (icmp_ln45_118)> <Delay = 0.70> <CoreInst = "Cmp">   --->   Core 9 'Cmp' <Latency = 0> <II = 1> <Delay = 0.70> <FuncUnit> <Opcode : 'seteq' 'setne' 'setle' 'setge' 'setlt' 'setgt'> <InPorts = 2> <OutPorts = 1>
ST_1 : Operation 686 [1/1] (0.00ns) (grouped into LUT with out node empty_132)   --->   "%tmp_723 = bitselect i1 @_ssdm_op_BitSelect.i1.i18.i32, i18 %layer8_out_31_val_read, i32 10" [firmware/nnet_utils/nnet_activation.h:46->firmware/myproject.cpp:60]   --->   Operation 686 'bitselect' 'tmp_723' <Predicate = (icmp_ln45_118)> <Delay = 0.00>
ST_1 : Operation 687 [1/1] (0.00ns) (grouped into LUT with out node add_ln46_118)   --->   "%tmp_724 = bitselect i1 @_ssdm_op_BitSelect.i1.i18.i32, i18 %layer8_out_31_val_read, i32 5" [firmware/nnet_utils/nnet_activation.h:46->firmware/myproject.cpp:60]   --->   Operation 687 'bitselect' 'tmp_724' <Predicate = (icmp_ln45_118)> <Delay = 0.00>
ST_1 : Operation 688 [1/1] (0.00ns) (grouped into LUT with out node add_ln46_118)   --->   "%or_ln46_358 = or i1 %tmp_724, i1 %icmp_ln46_238" [firmware/nnet_utils/nnet_activation.h:46->firmware/myproject.cpp:60]   --->   Operation 688 'or' 'or_ln46_358' <Predicate = (icmp_ln45_118)> <Delay = 0.00> <CoreInst = "LogicGate">   --->   Core 74 'LogicGate' <Latency = 0> <II = 1> <Delay = 0.12> <FuncUnit> <Opcode : 'and' 'or' 'xor'> <InPorts = 2> <OutPorts = 1>
ST_1 : Operation 689 [1/1] (0.00ns) (grouped into LUT with out node add_ln46_118)   --->   "%and_ln46_232 = and i1 %or_ln46_358, i1 %tmp_722" [firmware/nnet_utils/nnet_activation.h:46->firmware/myproject.cpp:60]   --->   Operation 689 'and' 'and_ln46_232' <Predicate = (icmp_ln45_118)> <Delay = 0.00> <CoreInst = "LogicGate">   --->   Core 74 'LogicGate' <Latency = 0> <II = 1> <Delay = 0.12> <FuncUnit> <Opcode : 'and' 'or' 'xor'> <InPorts = 2> <OutPorts = 1>
ST_1 : Operation 690 [1/1] (0.00ns) (grouped into LUT with out node add_ln46_118)   --->   "%zext_ln46_118 = zext i1 %and_ln46_232" [firmware/nnet_utils/nnet_activation.h:46->firmware/myproject.cpp:60]   --->   Operation 690 'zext' 'zext_ln46_118' <Predicate = (icmp_ln45_118)> <Delay = 0.00>
ST_1 : Operation 691 [1/1] (0.70ns) (out node of the LUT)   --->   "%add_ln46_118 = add i6 %trunc_ln46_115, i6 %zext_ln46_118" [firmware/nnet_utils/nnet_activation.h:46->firmware/myproject.cpp:60]   --->   Operation 691 'add' 'add_ln46_118' <Predicate = (icmp_ln45_118)> <Delay = 0.70> <CoreInst = "Adder">   --->   Core 1 'Adder' <Latency = 0> <II = 1> <Delay = 0.70> <FuncUnit> <Opcode : 'add' 'sub'> <InPorts = 2> <OutPorts = 1>
ST_1 : Operation 692 [1/1] (0.00ns)   --->   "%tmp_725 = partselect i7 @_ssdm_op_PartSelect.i7.i18.i32, i18 %layer8_out_31_val_read, i32 11" [firmware/nnet_utils/nnet_activation.h:46->firmware/myproject.cpp:60]   --->   Operation 692 'partselect' 'tmp_725' <Predicate = (icmp_ln45_118)> <Delay = 0.00>
ST_1 : Operation 693 [1/1] (0.70ns)   --->   "%icmp_ln46_239 = icmp_eq  i7 %tmp_725, i7 0" [firmware/nnet_utils/nnet_activation.h:46->firmware/myproject.cpp:60]   --->   Operation 693 'icmp' 'icmp_ln46_239' <Predicate = (icmp_ln45_118)> <Delay = 0.70> <CoreInst = "Cmp">   --->   Core 9 'Cmp' <Latency = 0> <II = 1> <Delay = 0.70> <FuncUnit> <Opcode : 'seteq' 'setne' 'setle' 'setge' 'setlt' 'setgt'> <InPorts = 2> <OutPorts = 1>
ST_1 : Operation 694 [1/1] (0.00ns) (grouped into LUT with out node empty_132)   --->   "%tmp_726 = bitselect i1 @_ssdm_op_BitSelect.i1.i6.i32, i6 %add_ln46_118, i32 5" [firmware/nnet_utils/nnet_activation.h:46->firmware/myproject.cpp:60]   --->   Operation 694 'bitselect' 'tmp_726' <Predicate = (icmp_ln45_118)> <Delay = 0.00>
ST_1 : Operation 695 [1/1] (0.00ns) (grouped into LUT with out node empty_132)   --->   "%not_tmp_838 = xor i1 %tmp_723, i1 1" [firmware/nnet_utils/nnet_activation.h:46->firmware/myproject.cpp:60]   --->   Operation 695 'xor' 'not_tmp_838' <Predicate = (icmp_ln45_118)> <Delay = 0.00> <CoreInst = "LogicGate">   --->   Core 74 'LogicGate' <Latency = 0> <II = 1> <Delay = 0.12> <FuncUnit> <Opcode : 'and' 'or' 'xor'> <InPorts = 2> <OutPorts = 1>
ST_1 : Operation 696 [1/1] (0.00ns) (grouped into LUT with out node empty_132)   --->   "%and_ln46_239 = or i1 %tmp_726, i1 %not_tmp_838" [firmware/nnet_utils/nnet_activation.h:46->firmware/myproject.cpp:60]   --->   Operation 696 'or' 'and_ln46_239' <Predicate = (icmp_ln45_118)> <Delay = 0.00> <CoreInst = "LogicGate">   --->   Core 74 'LogicGate' <Latency = 0> <II = 1> <Delay = 0.12> <FuncUnit> <Opcode : 'and' 'or' 'xor'> <InPorts = 2> <OutPorts = 1>
ST_1 : Operation 697 [1/1] (0.12ns) (out node of the LUT)   --->   "%empty_132 = and i1 %icmp_ln46_239, i1 %and_ln46_239" [firmware/nnet_utils/nnet_activation.h:46->firmware/myproject.cpp:60]   --->   Operation 697 'and' 'empty_132' <Predicate = (icmp_ln45_118)> <Delay = 0.12> <CoreInst = "LogicGate">   --->   Core 74 'LogicGate' <Latency = 0> <II = 1> <Delay = 0.12> <FuncUnit> <Opcode : 'and' 'or' 'xor'> <InPorts = 2> <OutPorts = 1>
ST_1 : Operation 698 [1/1] (0.00ns) (grouped into LUT with out node select_ln46_359)   --->   "%or_ln46_359 = or i1 %empty_132, i1 %tmp_721" [firmware/nnet_utils/nnet_activation.h:46->firmware/myproject.cpp:60]   --->   Operation 698 'or' 'or_ln46_359' <Predicate = (or_ln46_360 & icmp_ln45_118)> <Delay = 0.00> <CoreInst = "LogicGate">   --->   Core 74 'LogicGate' <Latency = 0> <II = 1> <Delay = 0.12> <FuncUnit> <Opcode : 'and' 'or' 'xor'> <InPorts = 2> <OutPorts = 1>
ST_1 : Operation 699 [1/1] (0.00ns) (grouped into LUT with out node layer10_out_31_0)   --->   "%xor_ln46_118 = xor i1 %empty_132, i1 1" [firmware/nnet_utils/nnet_activation.h:46->firmware/myproject.cpp:60]   --->   Operation 699 'xor' 'xor_ln46_118' <Predicate = (icmp_ln45_118)> <Delay = 0.00> <CoreInst = "LogicGate">   --->   Core 74 'LogicGate' <Latency = 0> <II = 1> <Delay = 0.12> <FuncUnit> <Opcode : 'and' 'or' 'xor'> <InPorts = 2> <OutPorts = 1>
ST_1 : Operation 700 [1/1] (0.00ns) (grouped into LUT with out node layer10_out_31_0)   --->   "%or_ln46_360 = or i1 %tmp_721, i1 %xor_ln46_118" [firmware/nnet_utils/nnet_activation.h:46->firmware/myproject.cpp:60]   --->   Operation 700 'or' 'or_ln46_360' <Predicate = (icmp_ln45_118)> <Delay = 0.00> <CoreInst = "LogicGate">   --->   Core 74 'LogicGate' <Latency = 0> <II = 1> <Delay = 0.12> <FuncUnit> <Opcode : 'and' 'or' 'xor'> <InPorts = 2> <OutPorts = 1>
ST_1 : Operation 701 [1/1] (0.00ns) (grouped into LUT with out node select_ln46_359)   --->   "%select_ln46_358 = select i1 %tmp_721, i6 0, i6 %add_ln46_118" [firmware/nnet_utils/nnet_activation.h:46->firmware/myproject.cpp:60]   --->   Operation 701 'select' 'select_ln46_358' <Predicate = (or_ln46_359 & or_ln46_360 & icmp_ln45_118)> <Delay = 0.00> <CoreInst = "Sel">   --->   Core 73 'Sel' <Latency = 0> <II = 1> <Delay = 0.29> <FuncUnit> <Opcode : 'select'> <InPorts = 3> <OutPorts = 1>
ST_1 : Operation 702 [1/1] (0.29ns) (out node of the LUT)   --->   "%select_ln46_359 = select i1 %or_ln46_359, i6 %select_ln46_358, i6 63" [firmware/nnet_utils/nnet_activation.h:46->firmware/myproject.cpp:60]   --->   Operation 702 'select' 'select_ln46_359' <Predicate = (or_ln46_360 & icmp_ln45_118)> <Delay = 0.29> <CoreInst = "Sel">   --->   Core 73 'Sel' <Latency = 0> <II = 1> <Delay = 0.29> <FuncUnit> <Opcode : 'select'> <InPorts = 3> <OutPorts = 1>
ST_1 : Operation 703 [1/1] (0.00ns) (grouped into LUT with out node layer10_out_31_0)   --->   "%select_ln46_360 = select i1 %or_ln46_360, i6 %select_ln46_359, i6 %add_ln46_118" [firmware/nnet_utils/nnet_activation.h:46->firmware/myproject.cpp:60]   --->   Operation 703 'select' 'select_ln46_360' <Predicate = (icmp_ln45_118)> <Delay = 0.00> <CoreInst = "Sel">   --->   Core 73 'Sel' <Latency = 0> <II = 1> <Delay = 0.29> <FuncUnit> <Opcode : 'select'> <InPorts = 3> <OutPorts = 1>
ST_1 : Operation 704 [1/1] (0.29ns) (out node of the LUT)   --->   "%layer10_out_31_0 = select i1 %icmp_ln45_118, i6 %select_ln46_360, i6 0" [firmware/nnet_utils/nnet_activation.h:45->firmware/myproject.cpp:60]   --->   Operation 704 'select' 'layer10_out_31_0' <Predicate = true> <Delay = 0.29> <CoreInst = "Sel">   --->   Core 73 'Sel' <Latency = 0> <II = 1> <Delay = 0.29> <FuncUnit> <Opcode : 'select'> <InPorts = 3> <OutPorts = 1>
ST_1 : Operation 705 [1/1] (0.00ns)   --->   "%mrv = insertvalue i162 <undef>, i6 %layer10_out_0_0" [firmware/nnet_utils/nnet_activation.h:45->firmware/myproject.cpp:60]   --->   Operation 705 'insertvalue' 'mrv' <Predicate = true> <Delay = 0.00>
ST_1 : Operation 706 [1/1] (0.00ns)   --->   "%mrv_1 = insertvalue i162 %mrv, i6 %layer10_out_1_0" [firmware/nnet_utils/nnet_activation.h:45->firmware/myproject.cpp:60]   --->   Operation 706 'insertvalue' 'mrv_1' <Predicate = true> <Delay = 0.00>
ST_1 : Operation 707 [1/1] (0.00ns)   --->   "%mrv_2 = insertvalue i162 %mrv_1, i6 %layer10_out_3_0" [firmware/nnet_utils/nnet_activation.h:45->firmware/myproject.cpp:60]   --->   Operation 707 'insertvalue' 'mrv_2' <Predicate = true> <Delay = 0.00>
ST_1 : Operation 708 [1/1] (0.00ns)   --->   "%mrv_3 = insertvalue i162 %mrv_2, i6 %layer10_out_4_0" [firmware/nnet_utils/nnet_activation.h:45->firmware/myproject.cpp:60]   --->   Operation 708 'insertvalue' 'mrv_3' <Predicate = true> <Delay = 0.00>
ST_1 : Operation 709 [1/1] (0.00ns)   --->   "%mrv_4 = insertvalue i162 %mrv_3, i6 %layer10_out_5_0" [firmware/nnet_utils/nnet_activation.h:45->firmware/myproject.cpp:60]   --->   Operation 709 'insertvalue' 'mrv_4' <Predicate = true> <Delay = 0.00>
ST_1 : Operation 710 [1/1] (0.00ns)   --->   "%mrv_5 = insertvalue i162 %mrv_4, i6 %layer10_out_6_0" [firmware/nnet_utils/nnet_activation.h:45->firmware/myproject.cpp:60]   --->   Operation 710 'insertvalue' 'mrv_5' <Predicate = true> <Delay = 0.00>
ST_1 : Operation 711 [1/1] (0.00ns)   --->   "%mrv_6 = insertvalue i162 %mrv_5, i6 %layer10_out_7_0" [firmware/nnet_utils/nnet_activation.h:45->firmware/myproject.cpp:60]   --->   Operation 711 'insertvalue' 'mrv_6' <Predicate = true> <Delay = 0.00>
ST_1 : Operation 712 [1/1] (0.00ns)   --->   "%mrv_7 = insertvalue i162 %mrv_6, i6 %layer10_out_9_0" [firmware/nnet_utils/nnet_activation.h:45->firmware/myproject.cpp:60]   --->   Operation 712 'insertvalue' 'mrv_7' <Predicate = true> <Delay = 0.00>
ST_1 : Operation 713 [1/1] (0.00ns)   --->   "%mrv_8 = insertvalue i162 %mrv_7, i6 %layer10_out_11_0" [firmware/nnet_utils/nnet_activation.h:45->firmware/myproject.cpp:60]   --->   Operation 713 'insertvalue' 'mrv_8' <Predicate = true> <Delay = 0.00>
ST_1 : Operation 714 [1/1] (0.00ns)   --->   "%mrv_9 = insertvalue i162 %mrv_8, i6 %layer10_out_12_0" [firmware/nnet_utils/nnet_activation.h:45->firmware/myproject.cpp:60]   --->   Operation 714 'insertvalue' 'mrv_9' <Predicate = true> <Delay = 0.00>
ST_1 : Operation 715 [1/1] (0.00ns)   --->   "%mrv_10 = insertvalue i162 %mrv_9, i6 %layer10_out_13_0" [firmware/nnet_utils/nnet_activation.h:45->firmware/myproject.cpp:60]   --->   Operation 715 'insertvalue' 'mrv_10' <Predicate = true> <Delay = 0.00>
ST_1 : Operation 716 [1/1] (0.00ns)   --->   "%mrv_11 = insertvalue i162 %mrv_10, i6 %layer10_out_1436_0" [firmware/nnet_utils/nnet_activation.h:45->firmware/myproject.cpp:60]   --->   Operation 716 'insertvalue' 'mrv_11' <Predicate = true> <Delay = 0.00>
ST_1 : Operation 717 [1/1] (0.00ns)   --->   "%mrv_12 = insertvalue i162 %mrv_11, i6 %layer10_out_15_0" [firmware/nnet_utils/nnet_activation.h:45->firmware/myproject.cpp:60]   --->   Operation 717 'insertvalue' 'mrv_12' <Predicate = true> <Delay = 0.00>
ST_1 : Operation 718 [1/1] (0.00ns)   --->   "%mrv_13 = insertvalue i162 %mrv_12, i6 %layer10_out_17_0" [firmware/nnet_utils/nnet_activation.h:45->firmware/myproject.cpp:60]   --->   Operation 718 'insertvalue' 'mrv_13' <Predicate = true> <Delay = 0.00>
ST_1 : Operation 719 [1/1] (0.00ns)   --->   "%mrv_14 = insertvalue i162 %mrv_13, i6 %layer10_out_18_0" [firmware/nnet_utils/nnet_activation.h:45->firmware/myproject.cpp:60]   --->   Operation 719 'insertvalue' 'mrv_14' <Predicate = true> <Delay = 0.00>
ST_1 : Operation 720 [1/1] (0.00ns)   --->   "%mrv_15 = insertvalue i162 %mrv_14, i6 %layer10_out_19_0" [firmware/nnet_utils/nnet_activation.h:45->firmware/myproject.cpp:60]   --->   Operation 720 'insertvalue' 'mrv_15' <Predicate = true> <Delay = 0.00>
ST_1 : Operation 721 [1/1] (0.00ns)   --->   "%mrv_16 = insertvalue i162 %mrv_15, i6 %layer10_out_20_0" [firmware/nnet_utils/nnet_activation.h:45->firmware/myproject.cpp:60]   --->   Operation 721 'insertvalue' 'mrv_16' <Predicate = true> <Delay = 0.00>
ST_1 : Operation 722 [1/1] (0.00ns)   --->   "%mrv_17 = insertvalue i162 %mrv_16, i6 %layer10_out_21_0" [firmware/nnet_utils/nnet_activation.h:45->firmware/myproject.cpp:60]   --->   Operation 722 'insertvalue' 'mrv_17' <Predicate = true> <Delay = 0.00>
ST_1 : Operation 723 [1/1] (0.00ns)   --->   "%mrv_18 = insertvalue i162 %mrv_17, i6 %layer10_out_22_0" [firmware/nnet_utils/nnet_activation.h:45->firmware/myproject.cpp:60]   --->   Operation 723 'insertvalue' 'mrv_18' <Predicate = true> <Delay = 0.00>
ST_1 : Operation 724 [1/1] (0.00ns)   --->   "%mrv_19 = insertvalue i162 %mrv_18, i6 %layer10_out_23_0" [firmware/nnet_utils/nnet_activation.h:45->firmware/myproject.cpp:60]   --->   Operation 724 'insertvalue' 'mrv_19' <Predicate = true> <Delay = 0.00>
ST_1 : Operation 725 [1/1] (0.00ns)   --->   "%mrv_20 = insertvalue i162 %mrv_19, i6 %layer10_out_24_0" [firmware/nnet_utils/nnet_activation.h:45->firmware/myproject.cpp:60]   --->   Operation 725 'insertvalue' 'mrv_20' <Predicate = true> <Delay = 0.00>
ST_1 : Operation 726 [1/1] (0.00ns)   --->   "%mrv_21 = insertvalue i162 %mrv_20, i6 %layer10_out_25_0" [firmware/nnet_utils/nnet_activation.h:45->firmware/myproject.cpp:60]   --->   Operation 726 'insertvalue' 'mrv_21' <Predicate = true> <Delay = 0.00>
ST_1 : Operation 727 [1/1] (0.00ns)   --->   "%mrv_22 = insertvalue i162 %mrv_21, i6 %layer10_out_26_0" [firmware/nnet_utils/nnet_activation.h:45->firmware/myproject.cpp:60]   --->   Operation 727 'insertvalue' 'mrv_22' <Predicate = true> <Delay = 0.00>
ST_1 : Operation 728 [1/1] (0.00ns)   --->   "%mrv_23 = insertvalue i162 %mrv_22, i6 %layer10_out_27_0" [firmware/nnet_utils/nnet_activation.h:45->firmware/myproject.cpp:60]   --->   Operation 728 'insertvalue' 'mrv_23' <Predicate = true> <Delay = 0.00>
ST_1 : Operation 729 [1/1] (0.00ns)   --->   "%mrv_24 = insertvalue i162 %mrv_23, i6 %layer10_out_28_0" [firmware/nnet_utils/nnet_activation.h:45->firmware/myproject.cpp:60]   --->   Operation 729 'insertvalue' 'mrv_24' <Predicate = true> <Delay = 0.00>
ST_1 : Operation 730 [1/1] (0.00ns)   --->   "%mrv_25 = insertvalue i162 %mrv_24, i6 %layer10_out_29_0" [firmware/nnet_utils/nnet_activation.h:45->firmware/myproject.cpp:60]   --->   Operation 730 'insertvalue' 'mrv_25' <Predicate = true> <Delay = 0.00>
ST_1 : Operation 731 [1/1] (0.00ns)   --->   "%mrv_26 = insertvalue i162 %mrv_25, i6 %layer10_out_31_0" [firmware/nnet_utils/nnet_activation.h:45->firmware/myproject.cpp:60]   --->   Operation 731 'insertvalue' 'mrv_26' <Predicate = true> <Delay = 0.00>
ST_1 : Operation 732 [1/1] (0.00ns)   --->   "%ret_ln45 = ret i162 %mrv_26" [firmware/nnet_utils/nnet_activation.h:45->firmware/myproject.cpp:60]   --->   Operation 732 'ret' 'ret_ln45' <Predicate = true> <Delay = 0.00>


============================================================
+ Verbose Summary: Binding
============================================================
STG Binding: 
---------------- STG Properties BEGIN ----------------
- Is combinational: 1
- Is one-state seq: 0
- Is datapath-only: 0
- Is pipelined: 1
- Is top level: 0
Port [ Return ] is wired: 1; IO mode=ap_ctrl_hs:ce=0
Port [ layer8_out_0_val]:  wired=1; compound=0; hidden=0; nouse=0; global=0; static=0; extern=0; dir=0; type=0; pingpong=0; private_global=0; IO mode=ap_none:ce=0
Port [ layer8_out_1_val]:  wired=1; compound=0; hidden=0; nouse=0; global=0; static=0; extern=0; dir=0; type=0; pingpong=0; private_global=0; IO mode=ap_none:ce=0
Port [ layer8_out_3_val]:  wired=1; compound=0; hidden=0; nouse=0; global=0; static=0; extern=0; dir=0; type=0; pingpong=0; private_global=0; IO mode=ap_none:ce=0
Port [ layer8_out_4_val]:  wired=1; compound=0; hidden=0; nouse=0; global=0; static=0; extern=0; dir=0; type=0; pingpong=0; private_global=0; IO mode=ap_none:ce=0
Port [ layer8_out_5_val]:  wired=1; compound=0; hidden=0; nouse=0; global=0; static=0; extern=0; dir=0; type=0; pingpong=0; private_global=0; IO mode=ap_none:ce=0
Port [ layer8_out_6_val]:  wired=1; compound=0; hidden=0; nouse=0; global=0; static=0; extern=0; dir=0; type=0; pingpong=0; private_global=0; IO mode=ap_none:ce=0
Port [ layer8_out_7_val]:  wired=1; compound=0; hidden=0; nouse=0; global=0; static=0; extern=0; dir=0; type=0; pingpong=0; private_global=0; IO mode=ap_none:ce=0
Port [ layer8_out_9_val]:  wired=1; compound=0; hidden=0; nouse=0; global=0; static=0; extern=0; dir=0; type=0; pingpong=0; private_global=0; IO mode=ap_none:ce=0
Port [ layer8_out_11_val]:  wired=1; compound=0; hidden=0; nouse=0; global=0; static=0; extern=0; dir=0; type=0; pingpong=0; private_global=0; IO mode=ap_none:ce=0
Port [ layer8_out_12_val]:  wired=1; compound=0; hidden=0; nouse=0; global=0; static=0; extern=0; dir=0; type=0; pingpong=0; private_global=0; IO mode=ap_none:ce=0
Port [ layer8_out_13_val]:  wired=1; compound=0; hidden=0; nouse=0; global=0; static=0; extern=0; dir=0; type=0; pingpong=0; private_global=0; IO mode=ap_none:ce=0
Port [ layer8_out_14_val]:  wired=1; compound=0; hidden=0; nouse=0; global=0; static=0; extern=0; dir=0; type=0; pingpong=0; private_global=0; IO mode=ap_none:ce=0
Port [ layer8_out_15_val]:  wired=1; compound=0; hidden=0; nouse=0; global=0; static=0; extern=0; dir=0; type=0; pingpong=0; private_global=0; IO mode=ap_none:ce=0
Port [ layer8_out_17_val]:  wired=1; compound=0; hidden=0; nouse=0; global=0; static=0; extern=0; dir=0; type=0; pingpong=0; private_global=0; IO mode=ap_none:ce=0
Port [ layer8_out_18_val]:  wired=1; compound=0; hidden=0; nouse=0; global=0; static=0; extern=0; dir=0; type=0; pingpong=0; private_global=0; IO mode=ap_none:ce=0
Port [ layer8_out_19_val]:  wired=1; compound=0; hidden=0; nouse=0; global=0; static=0; extern=0; dir=0; type=0; pingpong=0; private_global=0; IO mode=ap_none:ce=0
Port [ layer8_out_20_val]:  wired=1; compound=0; hidden=0; nouse=0; global=0; static=0; extern=0; dir=0; type=0; pingpong=0; private_global=0; IO mode=ap_none:ce=0
Port [ layer8_out_21_val]:  wired=1; compound=0; hidden=0; nouse=0; global=0; static=0; extern=0; dir=0; type=0; pingpong=0; private_global=0; IO mode=ap_none:ce=0
Port [ layer8_out_22_val]:  wired=1; compound=0; hidden=0; nouse=0; global=0; static=0; extern=0; dir=0; type=0; pingpong=0; private_global=0; IO mode=ap_none:ce=0
Port [ layer8_out_23_val]:  wired=1; compound=0; hidden=0; nouse=0; global=0; static=0; extern=0; dir=0; type=0; pingpong=0; private_global=0; IO mode=ap_none:ce=0
Port [ layer8_out_24_val]:  wired=1; compound=0; hidden=0; nouse=0; global=0; static=0; extern=0; dir=0; type=0; pingpong=0; private_global=0; IO mode=ap_none:ce=0
Port [ layer8_out_25_val]:  wired=1; compound=0; hidden=0; nouse=0; global=0; static=0; extern=0; dir=0; type=0; pingpong=0; private_global=0; IO mode=ap_none:ce=0
Port [ layer8_out_26_val]:  wired=1; compound=0; hidden=0; nouse=0; global=0; static=0; extern=0; dir=0; type=0; pingpong=0; private_global=0; IO mode=ap_none:ce=0
Port [ layer8_out_27_val]:  wired=1; compound=0; hidden=0; nouse=0; global=0; static=0; extern=0; dir=0; type=0; pingpong=0; private_global=0; IO mode=ap_none:ce=0
Port [ layer8_out_28_val]:  wired=1; compound=0; hidden=0; nouse=0; global=0; static=0; extern=0; dir=0; type=0; pingpong=0; private_global=0; IO mode=ap_none:ce=0
Port [ layer8_out_29_val]:  wired=1; compound=0; hidden=0; nouse=0; global=0; static=0; extern=0; dir=0; type=0; pingpong=0; private_global=0; IO mode=ap_none:ce=0
Port [ layer8_out_31_val]:  wired=1; compound=0; hidden=0; nouse=0; global=0; static=0; extern=0; dir=0; type=0; pingpong=0; private_global=0; IO mode=ap_none:ce=0
---------------- STG Properties END ------------------

---------------- Datapath Model BEGIN ----------------

<LifeTime>
<method=bitvector/>
specpipeline_ln39      (specpipeline) [ 00]
layer8_out_31_val_read (read        ) [ 00]
layer8_out_29_val_read (read        ) [ 00]
layer8_out_28_val_read (read        ) [ 00]
layer8_out_27_val_read (read        ) [ 00]
layer8_out_26_val_read (read        ) [ 00]
layer8_out_25_val_read (read        ) [ 00]
layer8_out_24_val_read (read        ) [ 00]
layer8_out_23_val_read (read        ) [ 00]
layer8_out_22_val_read (read        ) [ 00]
layer8_out_21_val_read (read        ) [ 00]
layer8_out_20_val_read (read        ) [ 00]
layer8_out_19_val_read (read        ) [ 00]
layer8_out_18_val_read (read        ) [ 00]
layer8_out_17_val_read (read        ) [ 00]
layer8_out_15_val_read (read        ) [ 00]
layer8_out_14_val_read (read        ) [ 00]
layer8_out_13_val_read (read        ) [ 00]
layer8_out_12_val_read (read        ) [ 00]
layer8_out_11_val_read (read        ) [ 00]
layer8_out_9_val_read  (read        ) [ 00]
layer8_out_7_val_read  (read        ) [ 00]
layer8_out_6_val_read  (read        ) [ 00]
layer8_out_5_val_read  (read        ) [ 00]
layer8_out_4_val_read  (read        ) [ 00]
layer8_out_3_val_read  (read        ) [ 00]
layer8_out_1_val_read  (read        ) [ 00]
layer8_out_0_val_read  (read        ) [ 00]
icmp_ln45              (icmp        ) [ 01]
tmp                    (bitselect   ) [ 00]
trunc_ln               (partselect  ) [ 00]
tmp_568                (bitselect   ) [ 00]
trunc_ln46             (trunc       ) [ 00]
icmp_ln46              (icmp        ) [ 00]
tmp_569                (bitselect   ) [ 00]
tmp_570                (bitselect   ) [ 00]
or_ln46                (or          ) [ 00]
and_ln46               (and         ) [ 00]
zext_ln46              (zext        ) [ 00]
add_ln46               (add         ) [ 00]
tmp_s                  (partselect  ) [ 00]
icmp_ln46_187          (icmp        ) [ 00]
tmp_571                (bitselect   ) [ 00]
not_tmp_656            (xor         ) [ 00]
and_ln46_187           (or          ) [ 00]
empty                  (and         ) [ 00]
or_ln46_281            (or          ) [ 01]
xor_ln46               (xor         ) [ 00]
or_ln46_282            (or          ) [ 01]
select_ln46            (select      ) [ 00]
select_ln46_281        (select      ) [ 00]
select_ln46_282        (select      ) [ 00]
layer10_out_0_0        (select      ) [ 00]
icmp_ln45_93           (icmp        ) [ 01]
tmp_572                (bitselect   ) [ 00]
trunc_ln46_s           (partselect  ) [ 00]
tmp_573                (bitselect   ) [ 00]
trunc_ln46_154         (trunc       ) [ 00]
icmp_ln46_188          (icmp        ) [ 00]
tmp_574                (bitselect   ) [ 00]
tmp_575                (bitselect   ) [ 00]
or_ln46_283            (or          ) [ 00]
and_ln46_184           (and         ) [ 00]
zext_ln46_93           (zext        ) [ 00]
add_ln46_93            (add         ) [ 00]
tmp_567                (partselect  ) [ 00]
icmp_ln46_189          (icmp        ) [ 00]
tmp_576                (bitselect   ) [ 00]
not_tmp_663            (xor         ) [ 00]
and_ln46_189           (or          ) [ 00]
empty_107              (and         ) [ 00]
or_ln46_284            (or          ) [ 01]
xor_ln46_93            (xor         ) [ 00]
or_ln46_285            (or          ) [ 01]
select_ln46_283        (select      ) [ 00]
select_ln46_284        (select      ) [ 00]
select_ln46_285        (select      ) [ 00]
layer10_out_1_0        (select      ) [ 00]
icmp_ln45_94           (icmp        ) [ 01]
tmp_577                (bitselect   ) [ 00]
trunc_ln46_91          (partselect  ) [ 00]
tmp_578                (bitselect   ) [ 00]
trunc_ln46_155         (trunc       ) [ 00]
icmp_ln46_190          (icmp        ) [ 00]
tmp_579                (bitselect   ) [ 00]
tmp_580                (bitselect   ) [ 00]
or_ln46_286            (or          ) [ 00]
and_ln46_185           (and         ) [ 00]
zext_ln46_94           (zext        ) [ 00]
add_ln46_94            (add         ) [ 00]
tmp_581                (partselect  ) [ 00]
icmp_ln46_191          (icmp        ) [ 00]
tmp_582                (bitselect   ) [ 00]
not_tmp_670            (xor         ) [ 00]
and_ln46_191           (or          ) [ 00]
empty_108              (and         ) [ 00]
or_ln46_287            (or          ) [ 01]
xor_ln46_94            (xor         ) [ 00]
or_ln46_288            (or          ) [ 01]
select_ln46_286        (select      ) [ 00]
select_ln46_287        (select      ) [ 00]
select_ln46_288        (select      ) [ 00]
layer10_out_3_0        (select      ) [ 00]
icmp_ln45_95           (icmp        ) [ 01]
tmp_583                (bitselect   ) [ 00]
trunc_ln46_92          (partselect  ) [ 00]
tmp_584                (bitselect   ) [ 00]
trunc_ln46_156         (trunc       ) [ 00]
icmp_ln46_192          (icmp        ) [ 00]
tmp_585                (bitselect   ) [ 00]
tmp_586                (bitselect   ) [ 00]
or_ln46_289            (or          ) [ 00]
and_ln46_186           (and         ) [ 00]
zext_ln46_95           (zext        ) [ 00]
add_ln46_95            (add         ) [ 00]
tmp_587                (partselect  ) [ 00]
icmp_ln46_193          (icmp        ) [ 00]
tmp_588                (bitselect   ) [ 00]
not_tmp_677            (xor         ) [ 00]
and_ln46_193           (or          ) [ 00]
empty_109              (and         ) [ 00]
or_ln46_290            (or          ) [ 01]
xor_ln46_95            (xor         ) [ 00]
or_ln46_291            (or          ) [ 01]
select_ln46_289        (select      ) [ 00]
select_ln46_290        (select      ) [ 00]
select_ln46_291        (select      ) [ 00]
layer10_out_4_0        (select      ) [ 00]
icmp_ln45_96           (icmp        ) [ 01]
tmp_589                (bitselect   ) [ 00]
trunc_ln46_93          (partselect  ) [ 00]
tmp_590                (bitselect   ) [ 00]
trunc_ln46_157         (trunc       ) [ 00]
icmp_ln46_194          (icmp        ) [ 00]
tmp_591                (bitselect   ) [ 00]
tmp_592                (bitselect   ) [ 00]
or_ln46_292            (or          ) [ 00]
and_ln46_188           (and         ) [ 00]
zext_ln46_96           (zext        ) [ 00]
add_ln46_96            (add         ) [ 00]
tmp_593                (partselect  ) [ 00]
icmp_ln46_195          (icmp        ) [ 00]
tmp_594                (bitselect   ) [ 00]
not_tmp_684            (xor         ) [ 00]
and_ln46_195           (or          ) [ 00]
empty_110              (and         ) [ 00]
or_ln46_293            (or          ) [ 01]
xor_ln46_96            (xor         ) [ 00]
or_ln46_294            (or          ) [ 01]
select_ln46_292        (select      ) [ 00]
select_ln46_293        (select      ) [ 00]
select_ln46_294        (select      ) [ 00]
layer10_out_5_0        (select      ) [ 00]
icmp_ln45_97           (icmp        ) [ 01]
tmp_595                (bitselect   ) [ 00]
trunc_ln46_94          (partselect  ) [ 00]
tmp_596                (bitselect   ) [ 00]
trunc_ln46_158         (trunc       ) [ 00]
icmp_ln46_196          (icmp        ) [ 00]
tmp_597                (bitselect   ) [ 00]
tmp_598                (bitselect   ) [ 00]
or_ln46_295            (or          ) [ 00]
and_ln46_190           (and         ) [ 00]
zext_ln46_97           (zext        ) [ 00]
add_ln46_97            (add         ) [ 00]
tmp_599                (partselect  ) [ 00]
icmp_ln46_197          (icmp        ) [ 00]
tmp_600                (bitselect   ) [ 00]
not_tmp_691            (xor         ) [ 00]
and_ln46_197           (or          ) [ 00]
empty_111              (and         ) [ 00]
or_ln46_296            (or          ) [ 01]
xor_ln46_97            (xor         ) [ 00]
or_ln46_297            (or          ) [ 01]
select_ln46_295        (select      ) [ 00]
select_ln46_296        (select      ) [ 00]
select_ln46_297        (select      ) [ 00]
layer10_out_6_0        (select      ) [ 00]
icmp_ln45_98           (icmp        ) [ 01]
tmp_601                (bitselect   ) [ 00]
trunc_ln46_95          (partselect  ) [ 00]
tmp_602                (bitselect   ) [ 00]
trunc_ln46_159         (trunc       ) [ 00]
icmp_ln46_198          (icmp        ) [ 00]
tmp_603                (bitselect   ) [ 00]
tmp_604                (bitselect   ) [ 00]
or_ln46_298            (or          ) [ 00]
and_ln46_192           (and         ) [ 00]
zext_ln46_98           (zext        ) [ 00]
add_ln46_98            (add         ) [ 00]
tmp_605                (partselect  ) [ 00]
icmp_ln46_199          (icmp        ) [ 00]
tmp_606                (bitselect   ) [ 00]
not_tmp_698            (xor         ) [ 00]
and_ln46_199           (or          ) [ 00]
empty_112              (and         ) [ 00]
or_ln46_299            (or          ) [ 01]
xor_ln46_98            (xor         ) [ 00]
or_ln46_300            (or          ) [ 01]
select_ln46_298        (select      ) [ 00]
select_ln46_299        (select      ) [ 00]
select_ln46_300        (select      ) [ 00]
layer10_out_7_0        (select      ) [ 00]
icmp_ln45_99           (icmp        ) [ 01]
tmp_607                (bitselect   ) [ 00]
trunc_ln46_96          (partselect  ) [ 00]
tmp_608                (bitselect   ) [ 00]
trunc_ln46_160         (trunc       ) [ 00]
icmp_ln46_200          (icmp        ) [ 00]
tmp_609                (bitselect   ) [ 00]
tmp_610                (bitselect   ) [ 00]
or_ln46_301            (or          ) [ 00]
and_ln46_194           (and         ) [ 00]
zext_ln46_99           (zext        ) [ 00]
add_ln46_99            (add         ) [ 00]
tmp_611                (partselect  ) [ 00]
icmp_ln46_201          (icmp        ) [ 00]
tmp_612                (bitselect   ) [ 00]
not_tmp_705            (xor         ) [ 00]
and_ln46_201           (or          ) [ 00]
empty_113              (and         ) [ 00]
or_ln46_302            (or          ) [ 01]
xor_ln46_99            (xor         ) [ 00]
or_ln46_303            (or          ) [ 01]
select_ln46_301        (select      ) [ 00]
select_ln46_302        (select      ) [ 00]
select_ln46_303        (select      ) [ 00]
layer10_out_9_0        (select      ) [ 00]
icmp_ln45_100          (icmp        ) [ 01]
tmp_613                (bitselect   ) [ 00]
trunc_ln46_97          (partselect  ) [ 00]
tmp_614                (bitselect   ) [ 00]
trunc_ln46_161         (trunc       ) [ 00]
icmp_ln46_202          (icmp        ) [ 00]
tmp_615                (bitselect   ) [ 00]
tmp_616                (bitselect   ) [ 00]
or_ln46_304            (or          ) [ 00]
and_ln46_196           (and         ) [ 00]
zext_ln46_100          (zext        ) [ 00]
add_ln46_100           (add         ) [ 00]
tmp_617                (partselect  ) [ 00]
icmp_ln46_203          (icmp        ) [ 00]
tmp_618                (bitselect   ) [ 00]
not_tmp_712            (xor         ) [ 00]
and_ln46_203           (or          ) [ 00]
empty_114              (and         ) [ 00]
or_ln46_305            (or          ) [ 01]
xor_ln46_100           (xor         ) [ 00]
or_ln46_306            (or          ) [ 01]
select_ln46_304        (select      ) [ 00]
select_ln46_305        (select      ) [ 00]
select_ln46_306        (select      ) [ 00]
layer10_out_11_0       (select      ) [ 00]
icmp_ln45_101          (icmp        ) [ 01]
tmp_619                (bitselect   ) [ 00]
trunc_ln46_98          (partselect  ) [ 00]
tmp_620                (bitselect   ) [ 00]
trunc_ln46_162         (trunc       ) [ 00]
icmp_ln46_204          (icmp        ) [ 00]
tmp_621                (bitselect   ) [ 00]
tmp_622                (bitselect   ) [ 00]
or_ln46_307            (or          ) [ 00]
and_ln46_198           (and         ) [ 00]
zext_ln46_101          (zext        ) [ 00]
add_ln46_101           (add         ) [ 00]
tmp_623                (partselect  ) [ 00]
icmp_ln46_205          (icmp        ) [ 00]
tmp_624                (bitselect   ) [ 00]
not_tmp_719            (xor         ) [ 00]
and_ln46_205           (or          ) [ 00]
empty_115              (and         ) [ 00]
or_ln46_308            (or          ) [ 01]
xor_ln46_101           (xor         ) [ 00]
or_ln46_309            (or          ) [ 01]
select_ln46_307        (select      ) [ 00]
select_ln46_308        (select      ) [ 00]
select_ln46_309        (select      ) [ 00]
layer10_out_12_0       (select      ) [ 00]
icmp_ln45_102          (icmp        ) [ 01]
tmp_625                (bitselect   ) [ 00]
trunc_ln46_99          (partselect  ) [ 00]
tmp_626                (bitselect   ) [ 00]
trunc_ln46_163         (trunc       ) [ 00]
icmp_ln46_206          (icmp        ) [ 00]
tmp_627                (bitselect   ) [ 00]
tmp_628                (bitselect   ) [ 00]
or_ln46_310            (or          ) [ 00]
and_ln46_200           (and         ) [ 00]
zext_ln46_102          (zext        ) [ 00]
add_ln46_102           (add         ) [ 00]
tmp_629                (partselect  ) [ 00]
icmp_ln46_207          (icmp        ) [ 00]
tmp_630                (bitselect   ) [ 00]
not_tmp_726            (xor         ) [ 00]
and_ln46_207           (or          ) [ 00]
empty_116              (and         ) [ 00]
or_ln46_311            (or          ) [ 01]
xor_ln46_102           (xor         ) [ 00]
or_ln46_312            (or          ) [ 01]
select_ln46_310        (select      ) [ 00]
select_ln46_311        (select      ) [ 00]
select_ln46_312        (select      ) [ 00]
layer10_out_13_0       (select      ) [ 00]
icmp_ln45_103          (icmp        ) [ 01]
tmp_631                (bitselect   ) [ 00]
trunc_ln46_100         (partselect  ) [ 00]
tmp_632                (bitselect   ) [ 00]
trunc_ln46_164         (trunc       ) [ 00]
icmp_ln46_208          (icmp        ) [ 00]
tmp_633                (bitselect   ) [ 00]
tmp_634                (bitselect   ) [ 00]
or_ln46_313            (or          ) [ 00]
and_ln46_202           (and         ) [ 00]
zext_ln46_103          (zext        ) [ 00]
add_ln46_103           (add         ) [ 00]
tmp_635                (partselect  ) [ 00]
icmp_ln46_209          (icmp        ) [ 00]
tmp_636                (bitselect   ) [ 00]
not_tmp_733            (xor         ) [ 00]
and_ln46_209           (or          ) [ 00]
empty_117              (and         ) [ 00]
or_ln46_314            (or          ) [ 01]
xor_ln46_103           (xor         ) [ 00]
or_ln46_315            (or          ) [ 01]
select_ln46_313        (select      ) [ 00]
select_ln46_314        (select      ) [ 00]
select_ln46_315        (select      ) [ 00]
layer10_out_1436_0     (select      ) [ 00]
icmp_ln45_104          (icmp        ) [ 01]
tmp_637                (bitselect   ) [ 00]
trunc_ln46_101         (partselect  ) [ 00]
tmp_638                (bitselect   ) [ 00]
trunc_ln46_165         (trunc       ) [ 00]
icmp_ln46_210          (icmp        ) [ 00]
tmp_639                (bitselect   ) [ 00]
tmp_640                (bitselect   ) [ 00]
or_ln46_316            (or          ) [ 00]
and_ln46_204           (and         ) [ 00]
zext_ln46_104          (zext        ) [ 00]
add_ln46_104           (add         ) [ 00]
tmp_641                (partselect  ) [ 00]
icmp_ln46_211          (icmp        ) [ 00]
tmp_642                (bitselect   ) [ 00]
not_tmp_740            (xor         ) [ 00]
and_ln46_211           (or          ) [ 00]
empty_118              (and         ) [ 00]
or_ln46_317            (or          ) [ 01]
xor_ln46_104           (xor         ) [ 00]
or_ln46_318            (or          ) [ 01]
select_ln46_316        (select      ) [ 00]
select_ln46_317        (select      ) [ 00]
select_ln46_318        (select      ) [ 00]
layer10_out_15_0       (select      ) [ 00]
icmp_ln45_105          (icmp        ) [ 01]
tmp_643                (bitselect   ) [ 00]
trunc_ln46_102         (partselect  ) [ 00]
tmp_644                (bitselect   ) [ 00]
trunc_ln46_166         (trunc       ) [ 00]
icmp_ln46_212          (icmp        ) [ 00]
tmp_645                (bitselect   ) [ 00]
tmp_646                (bitselect   ) [ 00]
or_ln46_319            (or          ) [ 00]
and_ln46_206           (and         ) [ 00]
zext_ln46_105          (zext        ) [ 00]
add_ln46_105           (add         ) [ 00]
tmp_647                (partselect  ) [ 00]
icmp_ln46_213          (icmp        ) [ 00]
tmp_648                (bitselect   ) [ 00]
not_tmp_747            (xor         ) [ 00]
and_ln46_213           (or          ) [ 00]
empty_119              (and         ) [ 00]
or_ln46_320            (or          ) [ 01]
xor_ln46_105           (xor         ) [ 00]
or_ln46_321            (or          ) [ 01]
select_ln46_319        (select      ) [ 00]
select_ln46_320        (select      ) [ 00]
select_ln46_321        (select      ) [ 00]
layer10_out_17_0       (select      ) [ 00]
icmp_ln45_106          (icmp        ) [ 01]
tmp_649                (bitselect   ) [ 00]
trunc_ln46_103         (partselect  ) [ 00]
tmp_650                (bitselect   ) [ 00]
trunc_ln46_167         (trunc       ) [ 00]
icmp_ln46_214          (icmp        ) [ 00]
tmp_651                (bitselect   ) [ 00]
tmp_652                (bitselect   ) [ 00]
or_ln46_322            (or          ) [ 00]
and_ln46_208           (and         ) [ 00]
zext_ln46_106          (zext        ) [ 00]
add_ln46_106           (add         ) [ 00]
tmp_653                (partselect  ) [ 00]
icmp_ln46_215          (icmp        ) [ 00]
tmp_654                (bitselect   ) [ 00]
not_tmp_754            (xor         ) [ 00]
and_ln46_215           (or          ) [ 00]
empty_120              (and         ) [ 00]
or_ln46_323            (or          ) [ 01]
xor_ln46_106           (xor         ) [ 00]
or_ln46_324            (or          ) [ 01]
select_ln46_322        (select      ) [ 00]
select_ln46_323        (select      ) [ 00]
select_ln46_324        (select      ) [ 00]
layer10_out_18_0       (select      ) [ 00]
icmp_ln45_107          (icmp        ) [ 01]
tmp_655                (bitselect   ) [ 00]
trunc_ln46_104         (partselect  ) [ 00]
tmp_656                (bitselect   ) [ 00]
trunc_ln46_168         (trunc       ) [ 00]
icmp_ln46_216          (icmp        ) [ 00]
tmp_657                (bitselect   ) [ 00]
tmp_658                (bitselect   ) [ 00]
or_ln46_325            (or          ) [ 00]
and_ln46_210           (and         ) [ 00]
zext_ln46_107          (zext        ) [ 00]
add_ln46_107           (add         ) [ 00]
tmp_659                (partselect  ) [ 00]
icmp_ln46_217          (icmp        ) [ 00]
tmp_660                (bitselect   ) [ 00]
not_tmp_761            (xor         ) [ 00]
and_ln46_217           (or          ) [ 00]
empty_121              (and         ) [ 00]
or_ln46_326            (or          ) [ 01]
xor_ln46_107           (xor         ) [ 00]
or_ln46_327            (or          ) [ 01]
select_ln46_325        (select      ) [ 00]
select_ln46_326        (select      ) [ 00]
select_ln46_327        (select      ) [ 00]
layer10_out_19_0       (select      ) [ 00]
icmp_ln45_108          (icmp        ) [ 01]
tmp_661                (bitselect   ) [ 00]
trunc_ln46_105         (partselect  ) [ 00]
tmp_662                (bitselect   ) [ 00]
trunc_ln46_169         (trunc       ) [ 00]
icmp_ln46_218          (icmp        ) [ 00]
tmp_663                (bitselect   ) [ 00]
tmp_664                (bitselect   ) [ 00]
or_ln46_328            (or          ) [ 00]
and_ln46_212           (and         ) [ 00]
zext_ln46_108          (zext        ) [ 00]
add_ln46_108           (add         ) [ 00]
tmp_665                (partselect  ) [ 00]
icmp_ln46_219          (icmp        ) [ 00]
tmp_666                (bitselect   ) [ 00]
not_tmp_768            (xor         ) [ 00]
and_ln46_219           (or          ) [ 00]
empty_122              (and         ) [ 00]
or_ln46_329            (or          ) [ 01]
xor_ln46_108           (xor         ) [ 00]
or_ln46_330            (or          ) [ 01]
select_ln46_328        (select      ) [ 00]
select_ln46_329        (select      ) [ 00]
select_ln46_330        (select      ) [ 00]
layer10_out_20_0       (select      ) [ 00]
icmp_ln45_109          (icmp        ) [ 01]
tmp_667                (bitselect   ) [ 00]
trunc_ln46_106         (partselect  ) [ 00]
tmp_668                (bitselect   ) [ 00]
trunc_ln46_170         (trunc       ) [ 00]
icmp_ln46_220          (icmp        ) [ 00]
tmp_669                (bitselect   ) [ 00]
tmp_670                (bitselect   ) [ 00]
or_ln46_331            (or          ) [ 00]
and_ln46_214           (and         ) [ 00]
zext_ln46_109          (zext        ) [ 00]
add_ln46_109           (add         ) [ 00]
tmp_671                (partselect  ) [ 00]
icmp_ln46_221          (icmp        ) [ 00]
tmp_672                (bitselect   ) [ 00]
not_tmp_775            (xor         ) [ 00]
and_ln46_221           (or          ) [ 00]
empty_123              (and         ) [ 00]
or_ln46_332            (or          ) [ 01]
xor_ln46_109           (xor         ) [ 00]
or_ln46_333            (or          ) [ 01]
select_ln46_331        (select      ) [ 00]
select_ln46_332        (select      ) [ 00]
select_ln46_333        (select      ) [ 00]
layer10_out_21_0       (select      ) [ 00]
icmp_ln45_110          (icmp        ) [ 01]
tmp_673                (bitselect   ) [ 00]
trunc_ln46_107         (partselect  ) [ 00]
tmp_674                (bitselect   ) [ 00]
trunc_ln46_171         (trunc       ) [ 00]
icmp_ln46_222          (icmp        ) [ 00]
tmp_675                (bitselect   ) [ 00]
tmp_676                (bitselect   ) [ 00]
or_ln46_334            (or          ) [ 00]
and_ln46_216           (and         ) [ 00]
zext_ln46_110          (zext        ) [ 00]
add_ln46_110           (add         ) [ 00]
tmp_677                (partselect  ) [ 00]
icmp_ln46_223          (icmp        ) [ 00]
tmp_678                (bitselect   ) [ 00]
not_tmp_782            (xor         ) [ 00]
and_ln46_223           (or          ) [ 00]
empty_124              (and         ) [ 00]
or_ln46_335            (or          ) [ 01]
xor_ln46_110           (xor         ) [ 00]
or_ln46_336            (or          ) [ 01]
select_ln46_334        (select      ) [ 00]
select_ln46_335        (select      ) [ 00]
select_ln46_336        (select      ) [ 00]
layer10_out_22_0       (select      ) [ 00]
icmp_ln45_111          (icmp        ) [ 01]
tmp_679                (bitselect   ) [ 00]
trunc_ln46_108         (partselect  ) [ 00]
tmp_680                (bitselect   ) [ 00]
trunc_ln46_172         (trunc       ) [ 00]
icmp_ln46_224          (icmp        ) [ 00]
tmp_681                (bitselect   ) [ 00]
tmp_682                (bitselect   ) [ 00]
or_ln46_337            (or          ) [ 00]
and_ln46_218           (and         ) [ 00]
zext_ln46_111          (zext        ) [ 00]
add_ln46_111           (add         ) [ 00]
tmp_683                (partselect  ) [ 00]
icmp_ln46_225          (icmp        ) [ 00]
tmp_684                (bitselect   ) [ 00]
not_tmp_789            (xor         ) [ 00]
and_ln46_225           (or          ) [ 00]
empty_125              (and         ) [ 00]
or_ln46_338            (or          ) [ 01]
xor_ln46_111           (xor         ) [ 00]
or_ln46_339            (or          ) [ 01]
select_ln46_337        (select      ) [ 00]
select_ln46_338        (select      ) [ 00]
select_ln46_339        (select      ) [ 00]
layer10_out_23_0       (select      ) [ 00]
icmp_ln45_112          (icmp        ) [ 01]
tmp_685                (bitselect   ) [ 00]
trunc_ln46_109         (partselect  ) [ 00]
tmp_686                (bitselect   ) [ 00]
trunc_ln46_173         (trunc       ) [ 00]
icmp_ln46_226          (icmp        ) [ 00]
tmp_687                (bitselect   ) [ 00]
tmp_688                (bitselect   ) [ 00]
or_ln46_340            (or          ) [ 00]
and_ln46_220           (and         ) [ 00]
zext_ln46_112          (zext        ) [ 00]
add_ln46_112           (add         ) [ 00]
tmp_689                (partselect  ) [ 00]
icmp_ln46_227          (icmp        ) [ 00]
tmp_690                (bitselect   ) [ 00]
not_tmp_796            (xor         ) [ 00]
and_ln46_227           (or          ) [ 00]
empty_126              (and         ) [ 00]
or_ln46_341            (or          ) [ 01]
xor_ln46_112           (xor         ) [ 00]
or_ln46_342            (or          ) [ 01]
select_ln46_340        (select      ) [ 00]
select_ln46_341        (select      ) [ 00]
select_ln46_342        (select      ) [ 00]
layer10_out_24_0       (select      ) [ 00]
icmp_ln45_113          (icmp        ) [ 01]
tmp_691                (bitselect   ) [ 00]
trunc_ln46_110         (partselect  ) [ 00]
tmp_692                (bitselect   ) [ 00]
trunc_ln46_174         (trunc       ) [ 00]
icmp_ln46_228          (icmp        ) [ 00]
tmp_693                (bitselect   ) [ 00]
tmp_694                (bitselect   ) [ 00]
or_ln46_343            (or          ) [ 00]
and_ln46_222           (and         ) [ 00]
zext_ln46_113          (zext        ) [ 00]
add_ln46_113           (add         ) [ 00]
tmp_695                (partselect  ) [ 00]
icmp_ln46_229          (icmp        ) [ 00]
tmp_696                (bitselect   ) [ 00]
not_tmp_803            (xor         ) [ 00]
and_ln46_229           (or          ) [ 00]
empty_127              (and         ) [ 00]
or_ln46_344            (or          ) [ 01]
xor_ln46_113           (xor         ) [ 00]
or_ln46_345            (or          ) [ 01]
select_ln46_343        (select      ) [ 00]
select_ln46_344        (select      ) [ 00]
select_ln46_345        (select      ) [ 00]
layer10_out_25_0       (select      ) [ 00]
icmp_ln45_114          (icmp        ) [ 01]
tmp_697                (bitselect   ) [ 00]
trunc_ln46_111         (partselect  ) [ 00]
tmp_698                (bitselect   ) [ 00]
trunc_ln46_175         (trunc       ) [ 00]
icmp_ln46_230          (icmp        ) [ 00]
tmp_699                (bitselect   ) [ 00]
tmp_700                (bitselect   ) [ 00]
or_ln46_346            (or          ) [ 00]
and_ln46_224           (and         ) [ 00]
zext_ln46_114          (zext        ) [ 00]
add_ln46_114           (add         ) [ 00]
tmp_701                (partselect  ) [ 00]
icmp_ln46_231          (icmp        ) [ 00]
tmp_702                (bitselect   ) [ 00]
not_tmp_810            (xor         ) [ 00]
and_ln46_231           (or          ) [ 00]
empty_128              (and         ) [ 00]
or_ln46_347            (or          ) [ 01]
xor_ln46_114           (xor         ) [ 00]
or_ln46_348            (or          ) [ 01]
select_ln46_346        (select      ) [ 00]
select_ln46_347        (select      ) [ 00]
select_ln46_348        (select      ) [ 00]
layer10_out_26_0       (select      ) [ 00]
icmp_ln45_115          (icmp        ) [ 01]
tmp_703                (bitselect   ) [ 00]
trunc_ln46_112         (partselect  ) [ 00]
tmp_704                (bitselect   ) [ 00]
trunc_ln46_176         (trunc       ) [ 00]
icmp_ln46_232          (icmp        ) [ 00]
tmp_705                (bitselect   ) [ 00]
tmp_706                (bitselect   ) [ 00]
or_ln46_349            (or          ) [ 00]
and_ln46_226           (and         ) [ 00]
zext_ln46_115          (zext        ) [ 00]
add_ln46_115           (add         ) [ 00]
tmp_707                (partselect  ) [ 00]
icmp_ln46_233          (icmp        ) [ 00]
tmp_708                (bitselect   ) [ 00]
not_tmp_817            (xor         ) [ 00]
and_ln46_233           (or          ) [ 00]
empty_129              (and         ) [ 00]
or_ln46_350            (or          ) [ 01]
xor_ln46_115           (xor         ) [ 00]
or_ln46_351            (or          ) [ 01]
select_ln46_349        (select      ) [ 00]
select_ln46_350        (select      ) [ 00]
select_ln46_351        (select      ) [ 00]
layer10_out_27_0       (select      ) [ 00]
icmp_ln45_116          (icmp        ) [ 01]
tmp_709                (bitselect   ) [ 00]
trunc_ln46_113         (partselect  ) [ 00]
tmp_710                (bitselect   ) [ 00]
trunc_ln46_177         (trunc       ) [ 00]
icmp_ln46_234          (icmp        ) [ 00]
tmp_711                (bitselect   ) [ 00]
tmp_712                (bitselect   ) [ 00]
or_ln46_352            (or          ) [ 00]
and_ln46_228           (and         ) [ 00]
zext_ln46_116          (zext        ) [ 00]
add_ln46_116           (add         ) [ 00]
tmp_713                (partselect  ) [ 00]
icmp_ln46_235          (icmp        ) [ 00]
tmp_714                (bitselect   ) [ 00]
not_tmp_824            (xor         ) [ 00]
and_ln46_235           (or          ) [ 00]
empty_130              (and         ) [ 00]
or_ln46_353            (or          ) [ 01]
xor_ln46_116           (xor         ) [ 00]
or_ln46_354            (or          ) [ 01]
select_ln46_352        (select      ) [ 00]
select_ln46_353        (select      ) [ 00]
select_ln46_354        (select      ) [ 00]
layer10_out_28_0       (select      ) [ 00]
icmp_ln45_117          (icmp        ) [ 01]
tmp_715                (bitselect   ) [ 00]
trunc_ln46_114         (partselect  ) [ 00]
tmp_716                (bitselect   ) [ 00]
trunc_ln46_178         (trunc       ) [ 00]
icmp_ln46_236          (icmp        ) [ 00]
tmp_717                (bitselect   ) [ 00]
tmp_718                (bitselect   ) [ 00]
or_ln46_355            (or          ) [ 00]
and_ln46_230           (and         ) [ 00]
zext_ln46_117          (zext        ) [ 00]
add_ln46_117           (add         ) [ 00]
tmp_719                (partselect  ) [ 00]
icmp_ln46_237          (icmp        ) [ 00]
tmp_720                (bitselect   ) [ 00]
not_tmp_831            (xor         ) [ 00]
and_ln46_237           (or          ) [ 00]
empty_131              (and         ) [ 00]
or_ln46_356            (or          ) [ 01]
xor_ln46_117           (xor         ) [ 00]
or_ln46_357            (or          ) [ 01]
select_ln46_355        (select      ) [ 00]
select_ln46_356        (select      ) [ 00]
select_ln46_357        (select      ) [ 00]
layer10_out_29_0       (select      ) [ 00]
icmp_ln45_118          (icmp        ) [ 01]
tmp_721                (bitselect   ) [ 00]
trunc_ln46_115         (partselect  ) [ 00]
tmp_722                (bitselect   ) [ 00]
trunc_ln46_179         (trunc       ) [ 00]
icmp_ln46_238          (icmp        ) [ 00]
tmp_723                (bitselect   ) [ 00]
tmp_724                (bitselect   ) [ 00]
or_ln46_358            (or          ) [ 00]
and_ln46_232           (and         ) [ 00]
zext_ln46_118          (zext        ) [ 00]
add_ln46_118           (add         ) [ 00]
tmp_725                (partselect  ) [ 00]
icmp_ln46_239          (icmp        ) [ 00]
tmp_726                (bitselect   ) [ 00]
not_tmp_838            (xor         ) [ 00]
and_ln46_239           (or          ) [ 00]
empty_132              (and         ) [ 00]
or_ln46_359            (or          ) [ 01]
xor_ln46_118           (xor         ) [ 00]
or_ln46_360            (or          ) [ 01]
select_ln46_358        (select      ) [ 00]
select_ln46_359        (select      ) [ 00]
select_ln46_360        (select      ) [ 00]
layer10_out_31_0       (select      ) [ 00]
mrv                    (insertvalue ) [ 00]
mrv_1                  (insertvalue ) [ 00]
mrv_2                  (insertvalue ) [ 00]
mrv_3                  (insertvalue ) [ 00]
mrv_4                  (insertvalue ) [ 00]
mrv_5                  (insertvalue ) [ 00]
mrv_6                  (insertvalue ) [ 00]
mrv_7                  (insertvalue ) [ 00]
mrv_8                  (insertvalue ) [ 00]
mrv_9                  (insertvalue ) [ 00]
mrv_10                 (insertvalue ) [ 00]
mrv_11                 (insertvalue ) [ 00]
mrv_12                 (insertvalue ) [ 00]
mrv_13                 (insertvalue ) [ 00]
mrv_14                 (insertvalue ) [ 00]
mrv_15                 (insertvalue ) [ 00]
mrv_16                 (insertvalue ) [ 00]
mrv_17                 (insertvalue ) [ 00]
mrv_18                 (insertvalue ) [ 00]
mrv_19                 (insertvalue ) [ 00]
mrv_20                 (insertvalue ) [ 00]
mrv_21                 (insertvalue ) [ 00]
mrv_22                 (insertvalue ) [ 00]
mrv_23                 (insertvalue ) [ 00]
mrv_24                 (insertvalue ) [ 00]
mrv_25                 (insertvalue ) [ 00]
mrv_26                 (insertvalue ) [ 00]
ret_ln45               (ret         ) [ 00]
</LifeTime>

<model>

<comp_list>
<comp id="0" class="1000" name="layer8_out_0_val">
<pin_list>
<pin id="1" dir="1" index="0" bw="1" slack="0"/>
</pin_list>
<bind>
<StgValue><ssdm name="layer8_out_0_val"/></StgValue>
</bind>
</comp>

<comp id="2" class="1000" name="layer8_out_1_val">
<pin_list>
<pin id="3" dir="1" index="0" bw="1" slack="0"/>
</pin_list>
<bind>
<StgValue><ssdm name="layer8_out_1_val"/></StgValue>
</bind>
</comp>

<comp id="4" class="1000" name="layer8_out_3_val">
<pin_list>
<pin id="5" dir="1" index="0" bw="1" slack="0"/>
</pin_list>
<bind>
<StgValue><ssdm name="layer8_out_3_val"/></StgValue>
</bind>
</comp>

<comp id="6" class="1000" name="layer8_out_4_val">
<pin_list>
<pin id="7" dir="1" index="0" bw="1" slack="0"/>
</pin_list>
<bind>
<StgValue><ssdm name="layer8_out_4_val"/></StgValue>
</bind>
</comp>

<comp id="8" class="1000" name="layer8_out_5_val">
<pin_list>
<pin id="9" dir="1" index="0" bw="1" slack="0"/>
</pin_list>
<bind>
<StgValue><ssdm name="layer8_out_5_val"/></StgValue>
</bind>
</comp>

<comp id="10" class="1000" name="layer8_out_6_val">
<pin_list>
<pin id="11" dir="1" index="0" bw="1" slack="0"/>
</pin_list>
<bind>
<StgValue><ssdm name="layer8_out_6_val"/></StgValue>
</bind>
</comp>

<comp id="12" class="1000" name="layer8_out_7_val">
<pin_list>
<pin id="13" dir="1" index="0" bw="1" slack="0"/>
</pin_list>
<bind>
<StgValue><ssdm name="layer8_out_7_val"/></StgValue>
</bind>
</comp>

<comp id="14" class="1000" name="layer8_out_9_val">
<pin_list>
<pin id="15" dir="1" index="0" bw="1" slack="0"/>
</pin_list>
<bind>
<StgValue><ssdm name="layer8_out_9_val"/></StgValue>
</bind>
</comp>

<comp id="16" class="1000" name="layer8_out_11_val">
<pin_list>
<pin id="17" dir="1" index="0" bw="1" slack="0"/>
</pin_list>
<bind>
<StgValue><ssdm name="layer8_out_11_val"/></StgValue>
</bind>
</comp>

<comp id="18" class="1000" name="layer8_out_12_val">
<pin_list>
<pin id="19" dir="1" index="0" bw="1" slack="0"/>
</pin_list>
<bind>
<StgValue><ssdm name="layer8_out_12_val"/></StgValue>
</bind>
</comp>

<comp id="20" class="1000" name="layer8_out_13_val">
<pin_list>
<pin id="21" dir="1" index="0" bw="1" slack="0"/>
</pin_list>
<bind>
<StgValue><ssdm name="layer8_out_13_val"/></StgValue>
</bind>
</comp>

<comp id="22" class="1000" name="layer8_out_14_val">
<pin_list>
<pin id="23" dir="1" index="0" bw="1" slack="0"/>
</pin_list>
<bind>
<StgValue><ssdm name="layer8_out_14_val"/></StgValue>
</bind>
</comp>

<comp id="24" class="1000" name="layer8_out_15_val">
<pin_list>
<pin id="25" dir="1" index="0" bw="1" slack="0"/>
</pin_list>
<bind>
<StgValue><ssdm name="layer8_out_15_val"/></StgValue>
</bind>
</comp>

<comp id="26" class="1000" name="layer8_out_17_val">
<pin_list>
<pin id="27" dir="1" index="0" bw="1" slack="0"/>
</pin_list>
<bind>
<StgValue><ssdm name="layer8_out_17_val"/></StgValue>
</bind>
</comp>

<comp id="28" class="1000" name="layer8_out_18_val">
<pin_list>
<pin id="29" dir="1" index="0" bw="1" slack="0"/>
</pin_list>
<bind>
<StgValue><ssdm name="layer8_out_18_val"/></StgValue>
</bind>
</comp>

<comp id="30" class="1000" name="layer8_out_19_val">
<pin_list>
<pin id="31" dir="1" index="0" bw="1" slack="0"/>
</pin_list>
<bind>
<StgValue><ssdm name="layer8_out_19_val"/></StgValue>
</bind>
</comp>

<comp id="32" class="1000" name="layer8_out_20_val">
<pin_list>
<pin id="33" dir="1" index="0" bw="1" slack="0"/>
</pin_list>
<bind>
<StgValue><ssdm name="layer8_out_20_val"/></StgValue>
</bind>
</comp>

<comp id="34" class="1000" name="layer8_out_21_val">
<pin_list>
<pin id="35" dir="1" index="0" bw="1" slack="0"/>
</pin_list>
<bind>
<StgValue><ssdm name="layer8_out_21_val"/></StgValue>
</bind>
</comp>

<comp id="36" class="1000" name="layer8_out_22_val">
<pin_list>
<pin id="37" dir="1" index="0" bw="1" slack="0"/>
</pin_list>
<bind>
<StgValue><ssdm name="layer8_out_22_val"/></StgValue>
</bind>
</comp>

<comp id="38" class="1000" name="layer8_out_23_val">
<pin_list>
<pin id="39" dir="1" index="0" bw="1" slack="0"/>
</pin_list>
<bind>
<StgValue><ssdm name="layer8_out_23_val"/></StgValue>
</bind>
</comp>

<comp id="40" class="1000" name="layer8_out_24_val">
<pin_list>
<pin id="41" dir="1" index="0" bw="1" slack="0"/>
</pin_list>
<bind>
<StgValue><ssdm name="layer8_out_24_val"/></StgValue>
</bind>
</comp>

<comp id="42" class="1000" name="layer8_out_25_val">
<pin_list>
<pin id="43" dir="1" index="0" bw="1" slack="0"/>
</pin_list>
<bind>
<StgValue><ssdm name="layer8_out_25_val"/></StgValue>
</bind>
</comp>

<comp id="44" class="1000" name="layer8_out_26_val">
<pin_list>
<pin id="45" dir="1" index="0" bw="1" slack="0"/>
</pin_list>
<bind>
<StgValue><ssdm name="layer8_out_26_val"/></StgValue>
</bind>
</comp>

<comp id="46" class="1000" name="layer8_out_27_val">
<pin_list>
<pin id="47" dir="1" index="0" bw="1" slack="0"/>
</pin_list>
<bind>
<StgValue><ssdm name="layer8_out_27_val"/></StgValue>
</bind>
</comp>

<comp id="48" class="1000" name="layer8_out_28_val">
<pin_list>
<pin id="49" dir="1" index="0" bw="1" slack="0"/>
</pin_list>
<bind>
<StgValue><ssdm name="layer8_out_28_val"/></StgValue>
</bind>
</comp>

<comp id="50" class="1000" name="layer8_out_29_val">
<pin_list>
<pin id="51" dir="1" index="0" bw="1" slack="0"/>
</pin_list>
<bind>
<StgValue><ssdm name="layer8_out_29_val"/></StgValue>
</bind>
</comp>

<comp id="52" class="1000" name="layer8_out_31_val">
<pin_list>
<pin id="53" dir="1" index="0" bw="1" slack="0"/>
</pin_list>
<bind>
<StgValue><ssdm name="layer8_out_31_val"/></StgValue>
</bind>
</comp>

<comp id="54" class="1001" name="const_54">
<pin_list>
<pin id="55" dir="1" index="0" bw="1" slack="2147483647"/>
</pin_list>
<bind>
<StgValue><ssdm name="_ssdm_op_SpecPipeline"/></StgValue>
</bind>
</comp>

<comp id="56" class="1001" name="const_56">
<pin_list>
<pin id="57" dir="1" index="0" bw="1" slack="2147483647"/>
</pin_list>
<bind>
<StgValue><ssdm name=""/></StgValue>
</bind>
</comp>

<comp id="58" class="1001" name="const_58">
<pin_list>
<pin id="59" dir="1" index="0" bw="1" slack="2147483647"/>
</pin_list>
<bind>
<StgValue><ssdm name=""/></StgValue>
</bind>
</comp>

<comp id="60" class="1001" name="const_60">
<pin_list>
<pin id="61" dir="1" index="0" bw="1" slack="2147483647"/>
</pin_list>
<bind>
<StgValue><ssdm name="empty_0"/></StgValue>
</bind>
</comp>

<comp id="62" class="1001" name="const_62">
<pin_list>
<pin id="63" dir="1" index="0" bw="1" slack="0"/>
</pin_list>
<bind>
<StgValue><ssdm name="_ssdm_op_Read.ap_auto.i18"/></StgValue>
</bind>
</comp>

<comp id="64" class="1001" name="const_64">
<pin_list>
<pin id="65" dir="1" index="0" bw="1" slack="0"/>
</pin_list>
<bind>
<StgValue><ssdm name=""/></StgValue>
</bind>
</comp>

<comp id="66" class="1001" name="const_66">
<pin_list>
<pin id="67" dir="1" index="0" bw="1" slack="0"/>
</pin_list>
<bind>
<StgValue><ssdm name="_ssdm_op_BitSelect.i1.i18.i32"/></StgValue>
</bind>
</comp>

<comp id="68" class="1001" name="const_68">
<pin_list>
<pin id="69" dir="1" index="0" bw="1" slack="0"/>
</pin_list>
<bind>
<StgValue><ssdm name=""/></StgValue>
</bind>
</comp>

<comp id="70" class="1001" name="const_70">
<pin_list>
<pin id="71" dir="1" index="0" bw="1" slack="0"/>
</pin_list>
<bind>
<StgValue><ssdm name="_ssdm_op_PartSelect.i6.i18.i32.i32"/></StgValue>
</bind>
</comp>

<comp id="72" class="1001" name="const_72">
<pin_list>
<pin id="73" dir="1" index="0" bw="1" slack="0"/>
</pin_list>
<bind>
<StgValue><ssdm name=""/></StgValue>
</bind>
</comp>

<comp id="74" class="1001" name="const_74">
<pin_list>
<pin id="75" dir="1" index="0" bw="1" slack="0"/>
</pin_list>
<bind>
<StgValue><ssdm name=""/></StgValue>
</bind>
</comp>

<comp id="76" class="1001" name="const_76">
<pin_list>
<pin id="77" dir="1" index="0" bw="1" slack="0"/>
</pin_list>
<bind>
<StgValue><ssdm name=""/></StgValue>
</bind>
</comp>

<comp id="78" class="1001" name="const_78">
<pin_list>
<pin id="79" dir="1" index="0" bw="1" slack="0"/>
</pin_list>
<bind>
<StgValue><ssdm name=""/></StgValue>
</bind>
</comp>

<comp id="80" class="1001" name="const_80">
<pin_list>
<pin id="81" dir="1" index="0" bw="1" slack="0"/>
</pin_list>
<bind>
<StgValue><ssdm name="_ssdm_op_PartSelect.i7.i18.i32"/></StgValue>
</bind>
</comp>

<comp id="82" class="1001" name="const_82">
<pin_list>
<pin id="83" dir="1" index="0" bw="1" slack="0"/>
</pin_list>
<bind>
<StgValue><ssdm name=""/></StgValue>
</bind>
</comp>

<comp id="84" class="1001" name="const_84">
<pin_list>
<pin id="85" dir="1" index="0" bw="1" slack="0"/>
</pin_list>
<bind>
<StgValue><ssdm name=""/></StgValue>
</bind>
</comp>

<comp id="86" class="1001" name="const_86">
<pin_list>
<pin id="87" dir="1" index="0" bw="1" slack="0"/>
</pin_list>
<bind>
<StgValue><ssdm name="_ssdm_op_BitSelect.i1.i6.i32"/></StgValue>
</bind>
</comp>

<comp id="88" class="1001" name="const_88">
<pin_list>
<pin id="89" dir="1" index="0" bw="1" slack="0"/>
</pin_list>
<bind>
<StgValue><ssdm name=""/></StgValue>
</bind>
</comp>

<comp id="90" class="1001" name="const_90">
<pin_list>
<pin id="91" dir="1" index="0" bw="1" slack="0"/>
</pin_list>
<bind>
<StgValue><ssdm name=""/></StgValue>
</bind>
</comp>

<comp id="92" class="1001" name="const_92">
<pin_list>
<pin id="93" dir="1" index="0" bw="1" slack="0"/>
</pin_list>
<bind>
<StgValue><ssdm name=""/></StgValue>
</bind>
</comp>

<comp id="94" class="1001" name="const_94">
<pin_list>
<pin id="95" dir="1" index="0" bw="1" slack="0"/>
</pin_list>
<bind>
<StgValue><ssdm name=""/></StgValue>
</bind>
</comp>

<comp id="96" class="1004" name="layer8_out_31_val_read_read_fu_96">
<pin_list>
<pin id="97" dir="0" index="0" bw="18" slack="0"/>
<pin id="98" dir="0" index="1" bw="18" slack="0"/>
<pin id="99" dir="1" index="2" bw="18" slack="0"/>
</pin_list>
<bind>
<opcode="read(1150) " fcode="read"/>
<opset="layer8_out_31_val_read/1 "/>
</bind>
</comp>

<comp id="102" class="1004" name="layer8_out_29_val_read_read_fu_102">
<pin_list>
<pin id="103" dir="0" index="0" bw="18" slack="0"/>
<pin id="104" dir="0" index="1" bw="18" slack="0"/>
<pin id="105" dir="1" index="2" bw="18" slack="0"/>
</pin_list>
<bind>
<opcode="read(1150) " fcode="read"/>
<opset="layer8_out_29_val_read/1 "/>
</bind>
</comp>

<comp id="108" class="1004" name="layer8_out_28_val_read_read_fu_108">
<pin_list>
<pin id="109" dir="0" index="0" bw="18" slack="0"/>
<pin id="110" dir="0" index="1" bw="18" slack="0"/>
<pin id="111" dir="1" index="2" bw="18" slack="0"/>
</pin_list>
<bind>
<opcode="read(1150) " fcode="read"/>
<opset="layer8_out_28_val_read/1 "/>
</bind>
</comp>

<comp id="114" class="1004" name="layer8_out_27_val_read_read_fu_114">
<pin_list>
<pin id="115" dir="0" index="0" bw="18" slack="0"/>
<pin id="116" dir="0" index="1" bw="18" slack="0"/>
<pin id="117" dir="1" index="2" bw="18" slack="0"/>
</pin_list>
<bind>
<opcode="read(1150) " fcode="read"/>
<opset="layer8_out_27_val_read/1 "/>
</bind>
</comp>

<comp id="120" class="1004" name="layer8_out_26_val_read_read_fu_120">
<pin_list>
<pin id="121" dir="0" index="0" bw="18" slack="0"/>
<pin id="122" dir="0" index="1" bw="18" slack="0"/>
<pin id="123" dir="1" index="2" bw="18" slack="0"/>
</pin_list>
<bind>
<opcode="read(1150) " fcode="read"/>
<opset="layer8_out_26_val_read/1 "/>
</bind>
</comp>

<comp id="126" class="1004" name="layer8_out_25_val_read_read_fu_126">
<pin_list>
<pin id="127" dir="0" index="0" bw="18" slack="0"/>
<pin id="128" dir="0" index="1" bw="18" slack="0"/>
<pin id="129" dir="1" index="2" bw="18" slack="0"/>
</pin_list>
<bind>
<opcode="read(1150) " fcode="read"/>
<opset="layer8_out_25_val_read/1 "/>
</bind>
</comp>

<comp id="132" class="1004" name="layer8_out_24_val_read_read_fu_132">
<pin_list>
<pin id="133" dir="0" index="0" bw="18" slack="0"/>
<pin id="134" dir="0" index="1" bw="18" slack="0"/>
<pin id="135" dir="1" index="2" bw="18" slack="0"/>
</pin_list>
<bind>
<opcode="read(1150) " fcode="read"/>
<opset="layer8_out_24_val_read/1 "/>
</bind>
</comp>

<comp id="138" class="1004" name="layer8_out_23_val_read_read_fu_138">
<pin_list>
<pin id="139" dir="0" index="0" bw="18" slack="0"/>
<pin id="140" dir="0" index="1" bw="18" slack="0"/>
<pin id="141" dir="1" index="2" bw="18" slack="0"/>
</pin_list>
<bind>
<opcode="read(1150) " fcode="read"/>
<opset="layer8_out_23_val_read/1 "/>
</bind>
</comp>

<comp id="144" class="1004" name="layer8_out_22_val_read_read_fu_144">
<pin_list>
<pin id="145" dir="0" index="0" bw="18" slack="0"/>
<pin id="146" dir="0" index="1" bw="18" slack="0"/>
<pin id="147" dir="1" index="2" bw="18" slack="0"/>
</pin_list>
<bind>
<opcode="read(1150) " fcode="read"/>
<opset="layer8_out_22_val_read/1 "/>
</bind>
</comp>

<comp id="150" class="1004" name="layer8_out_21_val_read_read_fu_150">
<pin_list>
<pin id="151" dir="0" index="0" bw="18" slack="0"/>
<pin id="152" dir="0" index="1" bw="18" slack="0"/>
<pin id="153" dir="1" index="2" bw="18" slack="0"/>
</pin_list>
<bind>
<opcode="read(1150) " fcode="read"/>
<opset="layer8_out_21_val_read/1 "/>
</bind>
</comp>

<comp id="156" class="1004" name="layer8_out_20_val_read_read_fu_156">
<pin_list>
<pin id="157" dir="0" index="0" bw="18" slack="0"/>
<pin id="158" dir="0" index="1" bw="18" slack="0"/>
<pin id="159" dir="1" index="2" bw="18" slack="0"/>
</pin_list>
<bind>
<opcode="read(1150) " fcode="read"/>
<opset="layer8_out_20_val_read/1 "/>
</bind>
</comp>

<comp id="162" class="1004" name="layer8_out_19_val_read_read_fu_162">
<pin_list>
<pin id="163" dir="0" index="0" bw="18" slack="0"/>
<pin id="164" dir="0" index="1" bw="18" slack="0"/>
<pin id="165" dir="1" index="2" bw="18" slack="0"/>
</pin_list>
<bind>
<opcode="read(1150) " fcode="read"/>
<opset="layer8_out_19_val_read/1 "/>
</bind>
</comp>

<comp id="168" class="1004" name="layer8_out_18_val_read_read_fu_168">
<pin_list>
<pin id="169" dir="0" index="0" bw="18" slack="0"/>
<pin id="170" dir="0" index="1" bw="18" slack="0"/>
<pin id="171" dir="1" index="2" bw="18" slack="0"/>
</pin_list>
<bind>
<opcode="read(1150) " fcode="read"/>
<opset="layer8_out_18_val_read/1 "/>
</bind>
</comp>

<comp id="174" class="1004" name="layer8_out_17_val_read_read_fu_174">
<pin_list>
<pin id="175" dir="0" index="0" bw="18" slack="0"/>
<pin id="176" dir="0" index="1" bw="18" slack="0"/>
<pin id="177" dir="1" index="2" bw="18" slack="0"/>
</pin_list>
<bind>
<opcode="read(1150) " fcode="read"/>
<opset="layer8_out_17_val_read/1 "/>
</bind>
</comp>

<comp id="180" class="1004" name="layer8_out_15_val_read_read_fu_180">
<pin_list>
<pin id="181" dir="0" index="0" bw="18" slack="0"/>
<pin id="182" dir="0" index="1" bw="18" slack="0"/>
<pin id="183" dir="1" index="2" bw="18" slack="0"/>
</pin_list>
<bind>
<opcode="read(1150) " fcode="read"/>
<opset="layer8_out_15_val_read/1 "/>
</bind>
</comp>

<comp id="186" class="1004" name="layer8_out_14_val_read_read_fu_186">
<pin_list>
<pin id="187" dir="0" index="0" bw="18" slack="0"/>
<pin id="188" dir="0" index="1" bw="18" slack="0"/>
<pin id="189" dir="1" index="2" bw="18" slack="0"/>
</pin_list>
<bind>
<opcode="read(1150) " fcode="read"/>
<opset="layer8_out_14_val_read/1 "/>
</bind>
</comp>

<comp id="192" class="1004" name="layer8_out_13_val_read_read_fu_192">
<pin_list>
<pin id="193" dir="0" index="0" bw="18" slack="0"/>
<pin id="194" dir="0" index="1" bw="18" slack="0"/>
<pin id="195" dir="1" index="2" bw="18" slack="0"/>
</pin_list>
<bind>
<opcode="read(1150) " fcode="read"/>
<opset="layer8_out_13_val_read/1 "/>
</bind>
</comp>

<comp id="198" class="1004" name="layer8_out_12_val_read_read_fu_198">
<pin_list>
<pin id="199" dir="0" index="0" bw="18" slack="0"/>
<pin id="200" dir="0" index="1" bw="18" slack="0"/>
<pin id="201" dir="1" index="2" bw="18" slack="0"/>
</pin_list>
<bind>
<opcode="read(1150) " fcode="read"/>
<opset="layer8_out_12_val_read/1 "/>
</bind>
</comp>

<comp id="204" class="1004" name="layer8_out_11_val_read_read_fu_204">
<pin_list>
<pin id="205" dir="0" index="0" bw="18" slack="0"/>
<pin id="206" dir="0" index="1" bw="18" slack="0"/>
<pin id="207" dir="1" index="2" bw="18" slack="0"/>
</pin_list>
<bind>
<opcode="read(1150) " fcode="read"/>
<opset="layer8_out_11_val_read/1 "/>
</bind>
</comp>

<comp id="210" class="1004" name="layer8_out_9_val_read_read_fu_210">
<pin_list>
<pin id="211" dir="0" index="0" bw="18" slack="0"/>
<pin id="212" dir="0" index="1" bw="18" slack="0"/>
<pin id="213" dir="1" index="2" bw="18" slack="0"/>
</pin_list>
<bind>
<opcode="read(1150) " fcode="read"/>
<opset="layer8_out_9_val_read/1 "/>
</bind>
</comp>

<comp id="216" class="1004" name="layer8_out_7_val_read_read_fu_216">
<pin_list>
<pin id="217" dir="0" index="0" bw="18" slack="0"/>
<pin id="218" dir="0" index="1" bw="18" slack="0"/>
<pin id="219" dir="1" index="2" bw="18" slack="0"/>
</pin_list>
<bind>
<opcode="read(1150) " fcode="read"/>
<opset="layer8_out_7_val_read/1 "/>
</bind>
</comp>

<comp id="222" class="1004" name="layer8_out_6_val_read_read_fu_222">
<pin_list>
<pin id="223" dir="0" index="0" bw="18" slack="0"/>
<pin id="224" dir="0" index="1" bw="18" slack="0"/>
<pin id="225" dir="1" index="2" bw="18" slack="0"/>
</pin_list>
<bind>
<opcode="read(1150) " fcode="read"/>
<opset="layer8_out_6_val_read/1 "/>
</bind>
</comp>

<comp id="228" class="1004" name="layer8_out_5_val_read_read_fu_228">
<pin_list>
<pin id="229" dir="0" index="0" bw="18" slack="0"/>
<pin id="230" dir="0" index="1" bw="18" slack="0"/>
<pin id="231" dir="1" index="2" bw="18" slack="0"/>
</pin_list>
<bind>
<opcode="read(1150) " fcode="read"/>
<opset="layer8_out_5_val_read/1 "/>
</bind>
</comp>

<comp id="234" class="1004" name="layer8_out_4_val_read_read_fu_234">
<pin_list>
<pin id="235" dir="0" index="0" bw="18" slack="0"/>
<pin id="236" dir="0" index="1" bw="18" slack="0"/>
<pin id="237" dir="1" index="2" bw="18" slack="0"/>
</pin_list>
<bind>
<opcode="read(1150) " fcode="read"/>
<opset="layer8_out_4_val_read/1 "/>
</bind>
</comp>

<comp id="240" class="1004" name="layer8_out_3_val_read_read_fu_240">
<pin_list>
<pin id="241" dir="0" index="0" bw="18" slack="0"/>
<pin id="242" dir="0" index="1" bw="18" slack="0"/>
<pin id="243" dir="1" index="2" bw="18" slack="0"/>
</pin_list>
<bind>
<opcode="read(1150) " fcode="read"/>
<opset="layer8_out_3_val_read/1 "/>
</bind>
</comp>

<comp id="246" class="1004" name="layer8_out_1_val_read_read_fu_246">
<pin_list>
<pin id="247" dir="0" index="0" bw="18" slack="0"/>
<pin id="248" dir="0" index="1" bw="18" slack="0"/>
<pin id="249" dir="1" index="2" bw="18" slack="0"/>
</pin_list>
<bind>
<opcode="read(1150) " fcode="read"/>
<opset="layer8_out_1_val_read/1 "/>
</bind>
</comp>

<comp id="252" class="1004" name="layer8_out_0_val_read_read_fu_252">
<pin_list>
<pin id="253" dir="0" index="0" bw="18" slack="0"/>
<pin id="254" dir="0" index="1" bw="18" slack="0"/>
<pin id="255" dir="1" index="2" bw="18" slack="0"/>
</pin_list>
<bind>
<opcode="read(1150) " fcode="read"/>
<opset="layer8_out_0_val_read/1 "/>
</bind>
</comp>

<comp id="258" class="1004" name="icmp_ln45_fu_258">
<pin_list>
<pin id="259" dir="0" index="0" bw="18" slack="0"/>
<pin id="260" dir="0" index="1" bw="18" slack="0"/>
<pin id="261" dir="1" index="2" bw="1" slack="0"/>
</pin_list>
<bind>
<opcode="icmp(45) " fcode="icmp"/>
<opset="icmp_ln45/1 "/>
</bind>
</comp>

<comp id="264" class="1004" name="tmp_fu_264">
<pin_list>
<pin id="265" dir="0" index="0" bw="1" slack="0"/>
<pin id="266" dir="0" index="1" bw="18" slack="0"/>
<pin id="267" dir="0" index="2" bw="6" slack="0"/>
<pin id="268" dir="1" index="3" bw="1" slack="0"/>
</pin_list>
<bind>
<opcode="bitselect(1000) " fcode="bitselect"/>
<opset="tmp/1 "/>
</bind>
</comp>

<comp id="272" class="1004" name="trunc_ln_fu_272">
<pin_list>
<pin id="273" dir="0" index="0" bw="6" slack="0"/>
<pin id="274" dir="0" index="1" bw="18" slack="0"/>
<pin id="275" dir="0" index="2" bw="4" slack="0"/>
<pin id="276" dir="0" index="3" bw="5" slack="0"/>
<pin id="277" dir="1" index="4" bw="6" slack="0"/>
</pin_list>
<bind>
<opcode="partselect(1002) " fcode="partselect"/>
<opset="trunc_ln/1 "/>
</bind>
</comp>

<comp id="282" class="1004" name="tmp_568_fu_282">
<pin_list>
<pin id="283" dir="0" index="0" bw="1" slack="0"/>
<pin id="284" dir="0" index="1" bw="18" slack="0"/>
<pin id="285" dir="0" index="2" bw="4" slack="0"/>
<pin id="286" dir="1" index="3" bw="1" slack="0"/>
</pin_list>
<bind>
<opcode="bitselect(1000) " fcode="bitselect"/>
<opset="tmp_568/1 "/>
</bind>
</comp>

<comp id="290" class="1004" name="trunc_ln46_fu_290">
<pin_list>
<pin id="291" dir="0" index="0" bw="18" slack="0"/>
<pin id="292" dir="1" index="1" bw="4" slack="0"/>
</pin_list>
<bind>
<opcode="trunc(33) " fcode="trunc"/>
<opset="trunc_ln46/1 "/>
</bind>
</comp>

<comp id="294" class="1004" name="icmp_ln46_fu_294">
<pin_list>
<pin id="295" dir="0" index="0" bw="4" slack="0"/>
<pin id="296" dir="0" index="1" bw="4" slack="0"/>
<pin id="297" dir="1" index="2" bw="1" slack="0"/>
</pin_list>
<bind>
<opcode="icmp(45) " fcode="icmp"/>
<opset="icmp_ln46/1 "/>
</bind>
</comp>

<comp id="300" class="1004" name="tmp_569_fu_300">
<pin_list>
<pin id="301" dir="0" index="0" bw="1" slack="0"/>
<pin id="302" dir="0" index="1" bw="18" slack="0"/>
<pin id="303" dir="0" index="2" bw="5" slack="0"/>
<pin id="304" dir="1" index="3" bw="1" slack="0"/>
</pin_list>
<bind>
<opcode="bitselect(1000) " fcode="bitselect"/>
<opset="tmp_569/1 "/>
</bind>
</comp>

<comp id="308" class="1004" name="tmp_570_fu_308">
<pin_list>
<pin id="309" dir="0" index="0" bw="1" slack="0"/>
<pin id="310" dir="0" index="1" bw="18" slack="0"/>
<pin id="311" dir="0" index="2" bw="4" slack="0"/>
<pin id="312" dir="1" index="3" bw="1" slack="0"/>
</pin_list>
<bind>
<opcode="bitselect(1000) " fcode="bitselect"/>
<opset="tmp_570/1 "/>
</bind>
</comp>

<comp id="316" class="1004" name="or_ln46_fu_316">
<pin_list>
<pin id="317" dir="0" index="0" bw="1" slack="0"/>
<pin id="318" dir="0" index="1" bw="1" slack="0"/>
<pin id="319" dir="1" index="2" bw="1" slack="0"/>
</pin_list>
<bind>
<opcode="or(24) " fcode="or"/>
<opset="or_ln46/1 "/>
</bind>
</comp>

<comp id="322" class="1004" name="and_ln46_fu_322">
<pin_list>
<pin id="323" dir="0" index="0" bw="1" slack="0"/>
<pin id="324" dir="0" index="1" bw="1" slack="0"/>
<pin id="325" dir="1" index="2" bw="1" slack="0"/>
</pin_list>
<bind>
<opcode="and(23) " fcode="and"/>
<opset="and_ln46/1 "/>
</bind>
</comp>

<comp id="328" class="1004" name="zext_ln46_fu_328">
<pin_list>
<pin id="329" dir="0" index="0" bw="1" slack="0"/>
<pin id="330" dir="1" index="1" bw="6" slack="0"/>
</pin_list>
<bind>
<opcode="zext(34) " fcode="zext"/>
<opset="zext_ln46/1 "/>
</bind>
</comp>

<comp id="332" class="1004" name="add_ln46_fu_332">
<pin_list>
<pin id="333" dir="0" index="0" bw="6" slack="0"/>
<pin id="334" dir="0" index="1" bw="1" slack="0"/>
<pin id="335" dir="1" index="2" bw="6" slack="0"/>
</pin_list>
<bind>
<opcode="add(8) " fcode="add"/>
<opset="add_ln46/1 "/>
</bind>
</comp>

<comp id="338" class="1004" name="tmp_s_fu_338">
<pin_list>
<pin id="339" dir="0" index="0" bw="7" slack="0"/>
<pin id="340" dir="0" index="1" bw="18" slack="0"/>
<pin id="341" dir="0" index="2" bw="5" slack="0"/>
<pin id="342" dir="1" index="3" bw="7" slack="0"/>
</pin_list>
<bind>
<opcode="partselect(1002) " fcode="partselect"/>
<opset="tmp_s/1 "/>
</bind>
</comp>

<comp id="346" class="1004" name="icmp_ln46_187_fu_346">
<pin_list>
<pin id="347" dir="0" index="0" bw="7" slack="0"/>
<pin id="348" dir="0" index="1" bw="7" slack="0"/>
<pin id="349" dir="1" index="2" bw="1" slack="0"/>
</pin_list>
<bind>
<opcode="icmp(45) " fcode="icmp"/>
<opset="icmp_ln46_187/1 "/>
</bind>
</comp>

<comp id="352" class="1004" name="tmp_571_fu_352">
<pin_list>
<pin id="353" dir="0" index="0" bw="1" slack="0"/>
<pin id="354" dir="0" index="1" bw="6" slack="0"/>
<pin id="355" dir="0" index="2" bw="4" slack="0"/>
<pin id="356" dir="1" index="3" bw="1" slack="0"/>
</pin_list>
<bind>
<opcode="bitselect(1000) " fcode="bitselect"/>
<opset="tmp_571/1 "/>
</bind>
</comp>

<comp id="360" class="1004" name="not_tmp_656_fu_360">
<pin_list>
<pin id="361" dir="0" index="0" bw="1" slack="0"/>
<pin id="362" dir="0" index="1" bw="1" slack="0"/>
<pin id="363" dir="1" index="2" bw="1" slack="0"/>
</pin_list>
<bind>
<opcode="xor(25) " fcode="xor"/>
<opset="not_tmp_656/1 "/>
</bind>
</comp>

<comp id="366" class="1004" name="and_ln46_187_fu_366">
<pin_list>
<pin id="367" dir="0" index="0" bw="1" slack="0"/>
<pin id="368" dir="0" index="1" bw="1" slack="0"/>
<pin id="369" dir="1" index="2" bw="1" slack="0"/>
</pin_list>
<bind>
<opcode="or(24) " fcode="or"/>
<opset="and_ln46_187/1 "/>
</bind>
</comp>

<comp id="372" class="1004" name="empty_fu_372">
<pin_list>
<pin id="373" dir="0" index="0" bw="1" slack="0"/>
<pin id="374" dir="0" index="1" bw="1" slack="0"/>
<pin id="375" dir="1" index="2" bw="1" slack="0"/>
</pin_list>
<bind>
<opcode="and(23) " fcode="and"/>
<opset="empty/1 "/>
</bind>
</comp>

<comp id="378" class="1004" name="or_ln46_281_fu_378">
<pin_list>
<pin id="379" dir="0" index="0" bw="1" slack="0"/>
<pin id="380" dir="0" index="1" bw="1" slack="0"/>
<pin id="381" dir="1" index="2" bw="1" slack="0"/>
</pin_list>
<bind>
<opcode="or(24) " fcode="or"/>
<opset="or_ln46_281/1 "/>
</bind>
</comp>

<comp id="384" class="1004" name="xor_ln46_fu_384">
<pin_list>
<pin id="385" dir="0" index="0" bw="1" slack="0"/>
<pin id="386" dir="0" index="1" bw="1" slack="0"/>
<pin id="387" dir="1" index="2" bw="1" slack="0"/>
</pin_list>
<bind>
<opcode="xor(25) " fcode="xor"/>
<opset="xor_ln46/1 "/>
</bind>
</comp>

<comp id="390" class="1004" name="or_ln46_282_fu_390">
<pin_list>
<pin id="391" dir="0" index="0" bw="1" slack="0"/>
<pin id="392" dir="0" index="1" bw="1" slack="0"/>
<pin id="393" dir="1" index="2" bw="1" slack="0"/>
</pin_list>
<bind>
<opcode="or(24) " fcode="or"/>
<opset="or_ln46_282/1 "/>
</bind>
</comp>

<comp id="396" class="1004" name="select_ln46_fu_396">
<pin_list>
<pin id="397" dir="0" index="0" bw="1" slack="0"/>
<pin id="398" dir="0" index="1" bw="6" slack="0"/>
<pin id="399" dir="0" index="2" bw="6" slack="0"/>
<pin id="400" dir="1" index="3" bw="6" slack="0"/>
</pin_list>
<bind>
<opcode="select(49) " fcode="select"/>
<opset="select_ln46/1 "/>
</bind>
</comp>

<comp id="404" class="1004" name="select_ln46_281_fu_404">
<pin_list>
<pin id="405" dir="0" index="0" bw="1" slack="0"/>
<pin id="406" dir="0" index="1" bw="6" slack="0"/>
<pin id="407" dir="0" index="2" bw="6" slack="0"/>
<pin id="408" dir="1" index="3" bw="6" slack="0"/>
</pin_list>
<bind>
<opcode="select(49) " fcode="select"/>
<opset="select_ln46_281/1 "/>
</bind>
</comp>

<comp id="412" class="1004" name="select_ln46_282_fu_412">
<pin_list>
<pin id="413" dir="0" index="0" bw="1" slack="0"/>
<pin id="414" dir="0" index="1" bw="6" slack="0"/>
<pin id="415" dir="0" index="2" bw="6" slack="0"/>
<pin id="416" dir="1" index="3" bw="6" slack="0"/>
</pin_list>
<bind>
<opcode="select(49) " fcode="select"/>
<opset="select_ln46_282/1 "/>
</bind>
</comp>

<comp id="420" class="1004" name="layer10_out_0_0_fu_420">
<pin_list>
<pin id="421" dir="0" index="0" bw="1" slack="0"/>
<pin id="422" dir="0" index="1" bw="6" slack="0"/>
<pin id="423" dir="0" index="2" bw="6" slack="0"/>
<pin id="424" dir="1" index="3" bw="6" slack="0"/>
</pin_list>
<bind>
<opcode="select(49) " fcode="select"/>
<opset="layer10_out_0_0/1 "/>
</bind>
</comp>

<comp id="428" class="1004" name="icmp_ln45_93_fu_428">
<pin_list>
<pin id="429" dir="0" index="0" bw="18" slack="0"/>
<pin id="430" dir="0" index="1" bw="18" slack="0"/>
<pin id="431" dir="1" index="2" bw="1" slack="0"/>
</pin_list>
<bind>
<opcode="icmp(45) " fcode="icmp"/>
<opset="icmp_ln45_93/1 "/>
</bind>
</comp>

<comp id="434" class="1004" name="tmp_572_fu_434">
<pin_list>
<pin id="435" dir="0" index="0" bw="1" slack="0"/>
<pin id="436" dir="0" index="1" bw="18" slack="0"/>
<pin id="437" dir="0" index="2" bw="6" slack="0"/>
<pin id="438" dir="1" index="3" bw="1" slack="0"/>
</pin_list>
<bind>
<opcode="bitselect(1000) " fcode="bitselect"/>
<opset="tmp_572/1 "/>
</bind>
</comp>

<comp id="442" class="1004" name="trunc_ln46_s_fu_442">
<pin_list>
<pin id="443" dir="0" index="0" bw="6" slack="0"/>
<pin id="444" dir="0" index="1" bw="18" slack="0"/>
<pin id="445" dir="0" index="2" bw="4" slack="0"/>
<pin id="446" dir="0" index="3" bw="5" slack="0"/>
<pin id="447" dir="1" index="4" bw="6" slack="0"/>
</pin_list>
<bind>
<opcode="partselect(1002) " fcode="partselect"/>
<opset="trunc_ln46_s/1 "/>
</bind>
</comp>

<comp id="452" class="1004" name="tmp_573_fu_452">
<pin_list>
<pin id="453" dir="0" index="0" bw="1" slack="0"/>
<pin id="454" dir="0" index="1" bw="18" slack="0"/>
<pin id="455" dir="0" index="2" bw="4" slack="0"/>
<pin id="456" dir="1" index="3" bw="1" slack="0"/>
</pin_list>
<bind>
<opcode="bitselect(1000) " fcode="bitselect"/>
<opset="tmp_573/1 "/>
</bind>
</comp>

<comp id="460" class="1004" name="trunc_ln46_154_fu_460">
<pin_list>
<pin id="461" dir="0" index="0" bw="18" slack="0"/>
<pin id="462" dir="1" index="1" bw="4" slack="0"/>
</pin_list>
<bind>
<opcode="trunc(33) " fcode="trunc"/>
<opset="trunc_ln46_154/1 "/>
</bind>
</comp>

<comp id="464" class="1004" name="icmp_ln46_188_fu_464">
<pin_list>
<pin id="465" dir="0" index="0" bw="4" slack="0"/>
<pin id="466" dir="0" index="1" bw="4" slack="0"/>
<pin id="467" dir="1" index="2" bw="1" slack="0"/>
</pin_list>
<bind>
<opcode="icmp(45) " fcode="icmp"/>
<opset="icmp_ln46_188/1 "/>
</bind>
</comp>

<comp id="470" class="1004" name="tmp_574_fu_470">
<pin_list>
<pin id="471" dir="0" index="0" bw="1" slack="0"/>
<pin id="472" dir="0" index="1" bw="18" slack="0"/>
<pin id="473" dir="0" index="2" bw="5" slack="0"/>
<pin id="474" dir="1" index="3" bw="1" slack="0"/>
</pin_list>
<bind>
<opcode="bitselect(1000) " fcode="bitselect"/>
<opset="tmp_574/1 "/>
</bind>
</comp>

<comp id="478" class="1004" name="tmp_575_fu_478">
<pin_list>
<pin id="479" dir="0" index="0" bw="1" slack="0"/>
<pin id="480" dir="0" index="1" bw="18" slack="0"/>
<pin id="481" dir="0" index="2" bw="4" slack="0"/>
<pin id="482" dir="1" index="3" bw="1" slack="0"/>
</pin_list>
<bind>
<opcode="bitselect(1000) " fcode="bitselect"/>
<opset="tmp_575/1 "/>
</bind>
</comp>

<comp id="486" class="1004" name="or_ln46_283_fu_486">
<pin_list>
<pin id="487" dir="0" index="0" bw="1" slack="0"/>
<pin id="488" dir="0" index="1" bw="1" slack="0"/>
<pin id="489" dir="1" index="2" bw="1" slack="0"/>
</pin_list>
<bind>
<opcode="or(24) " fcode="or"/>
<opset="or_ln46_283/1 "/>
</bind>
</comp>

<comp id="492" class="1004" name="and_ln46_184_fu_492">
<pin_list>
<pin id="493" dir="0" index="0" bw="1" slack="0"/>
<pin id="494" dir="0" index="1" bw="1" slack="0"/>
<pin id="495" dir="1" index="2" bw="1" slack="0"/>
</pin_list>
<bind>
<opcode="and(23) " fcode="and"/>
<opset="and_ln46_184/1 "/>
</bind>
</comp>

<comp id="498" class="1004" name="zext_ln46_93_fu_498">
<pin_list>
<pin id="499" dir="0" index="0" bw="1" slack="0"/>
<pin id="500" dir="1" index="1" bw="6" slack="0"/>
</pin_list>
<bind>
<opcode="zext(34) " fcode="zext"/>
<opset="zext_ln46_93/1 "/>
</bind>
</comp>

<comp id="502" class="1004" name="add_ln46_93_fu_502">
<pin_list>
<pin id="503" dir="0" index="0" bw="6" slack="0"/>
<pin id="504" dir="0" index="1" bw="1" slack="0"/>
<pin id="505" dir="1" index="2" bw="6" slack="0"/>
</pin_list>
<bind>
<opcode="add(8) " fcode="add"/>
<opset="add_ln46_93/1 "/>
</bind>
</comp>

<comp id="508" class="1004" name="tmp_567_fu_508">
<pin_list>
<pin id="509" dir="0" index="0" bw="7" slack="0"/>
<pin id="510" dir="0" index="1" bw="18" slack="0"/>
<pin id="511" dir="0" index="2" bw="5" slack="0"/>
<pin id="512" dir="1" index="3" bw="7" slack="0"/>
</pin_list>
<bind>
<opcode="partselect(1002) " fcode="partselect"/>
<opset="tmp_567/1 "/>
</bind>
</comp>

<comp id="516" class="1004" name="icmp_ln46_189_fu_516">
<pin_list>
<pin id="517" dir="0" index="0" bw="7" slack="0"/>
<pin id="518" dir="0" index="1" bw="7" slack="0"/>
<pin id="519" dir="1" index="2" bw="1" slack="0"/>
</pin_list>
<bind>
<opcode="icmp(45) " fcode="icmp"/>
<opset="icmp_ln46_189/1 "/>
</bind>
</comp>

<comp id="522" class="1004" name="tmp_576_fu_522">
<pin_list>
<pin id="523" dir="0" index="0" bw="1" slack="0"/>
<pin id="524" dir="0" index="1" bw="6" slack="0"/>
<pin id="525" dir="0" index="2" bw="4" slack="0"/>
<pin id="526" dir="1" index="3" bw="1" slack="0"/>
</pin_list>
<bind>
<opcode="bitselect(1000) " fcode="bitselect"/>
<opset="tmp_576/1 "/>
</bind>
</comp>

<comp id="530" class="1004" name="not_tmp_663_fu_530">
<pin_list>
<pin id="531" dir="0" index="0" bw="1" slack="0"/>
<pin id="532" dir="0" index="1" bw="1" slack="0"/>
<pin id="533" dir="1" index="2" bw="1" slack="0"/>
</pin_list>
<bind>
<opcode="xor(25) " fcode="xor"/>
<opset="not_tmp_663/1 "/>
</bind>
</comp>

<comp id="536" class="1004" name="and_ln46_189_fu_536">
<pin_list>
<pin id="537" dir="0" index="0" bw="1" slack="0"/>
<pin id="538" dir="0" index="1" bw="1" slack="0"/>
<pin id="539" dir="1" index="2" bw="1" slack="0"/>
</pin_list>
<bind>
<opcode="or(24) " fcode="or"/>
<opset="and_ln46_189/1 "/>
</bind>
</comp>

<comp id="542" class="1004" name="empty_107_fu_542">
<pin_list>
<pin id="543" dir="0" index="0" bw="1" slack="0"/>
<pin id="544" dir="0" index="1" bw="1" slack="0"/>
<pin id="545" dir="1" index="2" bw="1" slack="0"/>
</pin_list>
<bind>
<opcode="and(23) " fcode="and"/>
<opset="empty_107/1 "/>
</bind>
</comp>

<comp id="548" class="1004" name="or_ln46_284_fu_548">
<pin_list>
<pin id="549" dir="0" index="0" bw="1" slack="0"/>
<pin id="550" dir="0" index="1" bw="1" slack="0"/>
<pin id="551" dir="1" index="2" bw="1" slack="0"/>
</pin_list>
<bind>
<opcode="or(24) " fcode="or"/>
<opset="or_ln46_284/1 "/>
</bind>
</comp>

<comp id="554" class="1004" name="xor_ln46_93_fu_554">
<pin_list>
<pin id="555" dir="0" index="0" bw="1" slack="0"/>
<pin id="556" dir="0" index="1" bw="1" slack="0"/>
<pin id="557" dir="1" index="2" bw="1" slack="0"/>
</pin_list>
<bind>
<opcode="xor(25) " fcode="xor"/>
<opset="xor_ln46_93/1 "/>
</bind>
</comp>

<comp id="560" class="1004" name="or_ln46_285_fu_560">
<pin_list>
<pin id="561" dir="0" index="0" bw="1" slack="0"/>
<pin id="562" dir="0" index="1" bw="1" slack="0"/>
<pin id="563" dir="1" index="2" bw="1" slack="0"/>
</pin_list>
<bind>
<opcode="or(24) " fcode="or"/>
<opset="or_ln46_285/1 "/>
</bind>
</comp>

<comp id="566" class="1004" name="select_ln46_283_fu_566">
<pin_list>
<pin id="567" dir="0" index="0" bw="1" slack="0"/>
<pin id="568" dir="0" index="1" bw="6" slack="0"/>
<pin id="569" dir="0" index="2" bw="6" slack="0"/>
<pin id="570" dir="1" index="3" bw="6" slack="0"/>
</pin_list>
<bind>
<opcode="select(49) " fcode="select"/>
<opset="select_ln46_283/1 "/>
</bind>
</comp>

<comp id="574" class="1004" name="select_ln46_284_fu_574">
<pin_list>
<pin id="575" dir="0" index="0" bw="1" slack="0"/>
<pin id="576" dir="0" index="1" bw="6" slack="0"/>
<pin id="577" dir="0" index="2" bw="6" slack="0"/>
<pin id="578" dir="1" index="3" bw="6" slack="0"/>
</pin_list>
<bind>
<opcode="select(49) " fcode="select"/>
<opset="select_ln46_284/1 "/>
</bind>
</comp>

<comp id="582" class="1004" name="select_ln46_285_fu_582">
<pin_list>
<pin id="583" dir="0" index="0" bw="1" slack="0"/>
<pin id="584" dir="0" index="1" bw="6" slack="0"/>
<pin id="585" dir="0" index="2" bw="6" slack="0"/>
<pin id="586" dir="1" index="3" bw="6" slack="0"/>
</pin_list>
<bind>
<opcode="select(49) " fcode="select"/>
<opset="select_ln46_285/1 "/>
</bind>
</comp>

<comp id="590" class="1004" name="layer10_out_1_0_fu_590">
<pin_list>
<pin id="591" dir="0" index="0" bw="1" slack="0"/>
<pin id="592" dir="0" index="1" bw="6" slack="0"/>
<pin id="593" dir="0" index="2" bw="6" slack="0"/>
<pin id="594" dir="1" index="3" bw="6" slack="0"/>
</pin_list>
<bind>
<opcode="select(49) " fcode="select"/>
<opset="layer10_out_1_0/1 "/>
</bind>
</comp>

<comp id="598" class="1004" name="icmp_ln45_94_fu_598">
<pin_list>
<pin id="599" dir="0" index="0" bw="18" slack="0"/>
<pin id="600" dir="0" index="1" bw="18" slack="0"/>
<pin id="601" dir="1" index="2" bw="1" slack="0"/>
</pin_list>
<bind>
<opcode="icmp(45) " fcode="icmp"/>
<opset="icmp_ln45_94/1 "/>
</bind>
</comp>

<comp id="604" class="1004" name="tmp_577_fu_604">
<pin_list>
<pin id="605" dir="0" index="0" bw="1" slack="0"/>
<pin id="606" dir="0" index="1" bw="18" slack="0"/>
<pin id="607" dir="0" index="2" bw="6" slack="0"/>
<pin id="608" dir="1" index="3" bw="1" slack="0"/>
</pin_list>
<bind>
<opcode="bitselect(1000) " fcode="bitselect"/>
<opset="tmp_577/1 "/>
</bind>
</comp>

<comp id="612" class="1004" name="trunc_ln46_91_fu_612">
<pin_list>
<pin id="613" dir="0" index="0" bw="6" slack="0"/>
<pin id="614" dir="0" index="1" bw="18" slack="0"/>
<pin id="615" dir="0" index="2" bw="4" slack="0"/>
<pin id="616" dir="0" index="3" bw="5" slack="0"/>
<pin id="617" dir="1" index="4" bw="6" slack="0"/>
</pin_list>
<bind>
<opcode="partselect(1002) " fcode="partselect"/>
<opset="trunc_ln46_91/1 "/>
</bind>
</comp>

<comp id="622" class="1004" name="tmp_578_fu_622">
<pin_list>
<pin id="623" dir="0" index="0" bw="1" slack="0"/>
<pin id="624" dir="0" index="1" bw="18" slack="0"/>
<pin id="625" dir="0" index="2" bw="4" slack="0"/>
<pin id="626" dir="1" index="3" bw="1" slack="0"/>
</pin_list>
<bind>
<opcode="bitselect(1000) " fcode="bitselect"/>
<opset="tmp_578/1 "/>
</bind>
</comp>

<comp id="630" class="1004" name="trunc_ln46_155_fu_630">
<pin_list>
<pin id="631" dir="0" index="0" bw="18" slack="0"/>
<pin id="632" dir="1" index="1" bw="4" slack="0"/>
</pin_list>
<bind>
<opcode="trunc(33) " fcode="trunc"/>
<opset="trunc_ln46_155/1 "/>
</bind>
</comp>

<comp id="634" class="1004" name="icmp_ln46_190_fu_634">
<pin_list>
<pin id="635" dir="0" index="0" bw="4" slack="0"/>
<pin id="636" dir="0" index="1" bw="4" slack="0"/>
<pin id="637" dir="1" index="2" bw="1" slack="0"/>
</pin_list>
<bind>
<opcode="icmp(45) " fcode="icmp"/>
<opset="icmp_ln46_190/1 "/>
</bind>
</comp>

<comp id="640" class="1004" name="tmp_579_fu_640">
<pin_list>
<pin id="641" dir="0" index="0" bw="1" slack="0"/>
<pin id="642" dir="0" index="1" bw="18" slack="0"/>
<pin id="643" dir="0" index="2" bw="5" slack="0"/>
<pin id="644" dir="1" index="3" bw="1" slack="0"/>
</pin_list>
<bind>
<opcode="bitselect(1000) " fcode="bitselect"/>
<opset="tmp_579/1 "/>
</bind>
</comp>

<comp id="648" class="1004" name="tmp_580_fu_648">
<pin_list>
<pin id="649" dir="0" index="0" bw="1" slack="0"/>
<pin id="650" dir="0" index="1" bw="18" slack="0"/>
<pin id="651" dir="0" index="2" bw="4" slack="0"/>
<pin id="652" dir="1" index="3" bw="1" slack="0"/>
</pin_list>
<bind>
<opcode="bitselect(1000) " fcode="bitselect"/>
<opset="tmp_580/1 "/>
</bind>
</comp>

<comp id="656" class="1004" name="or_ln46_286_fu_656">
<pin_list>
<pin id="657" dir="0" index="0" bw="1" slack="0"/>
<pin id="658" dir="0" index="1" bw="1" slack="0"/>
<pin id="659" dir="1" index="2" bw="1" slack="0"/>
</pin_list>
<bind>
<opcode="or(24) " fcode="or"/>
<opset="or_ln46_286/1 "/>
</bind>
</comp>

<comp id="662" class="1004" name="and_ln46_185_fu_662">
<pin_list>
<pin id="663" dir="0" index="0" bw="1" slack="0"/>
<pin id="664" dir="0" index="1" bw="1" slack="0"/>
<pin id="665" dir="1" index="2" bw="1" slack="0"/>
</pin_list>
<bind>
<opcode="and(23) " fcode="and"/>
<opset="and_ln46_185/1 "/>
</bind>
</comp>

<comp id="668" class="1004" name="zext_ln46_94_fu_668">
<pin_list>
<pin id="669" dir="0" index="0" bw="1" slack="0"/>
<pin id="670" dir="1" index="1" bw="6" slack="0"/>
</pin_list>
<bind>
<opcode="zext(34) " fcode="zext"/>
<opset="zext_ln46_94/1 "/>
</bind>
</comp>

<comp id="672" class="1004" name="add_ln46_94_fu_672">
<pin_list>
<pin id="673" dir="0" index="0" bw="6" slack="0"/>
<pin id="674" dir="0" index="1" bw="1" slack="0"/>
<pin id="675" dir="1" index="2" bw="6" slack="0"/>
</pin_list>
<bind>
<opcode="add(8) " fcode="add"/>
<opset="add_ln46_94/1 "/>
</bind>
</comp>

<comp id="678" class="1004" name="tmp_581_fu_678">
<pin_list>
<pin id="679" dir="0" index="0" bw="7" slack="0"/>
<pin id="680" dir="0" index="1" bw="18" slack="0"/>
<pin id="681" dir="0" index="2" bw="5" slack="0"/>
<pin id="682" dir="1" index="3" bw="7" slack="0"/>
</pin_list>
<bind>
<opcode="partselect(1002) " fcode="partselect"/>
<opset="tmp_581/1 "/>
</bind>
</comp>

<comp id="686" class="1004" name="icmp_ln46_191_fu_686">
<pin_list>
<pin id="687" dir="0" index="0" bw="7" slack="0"/>
<pin id="688" dir="0" index="1" bw="7" slack="0"/>
<pin id="689" dir="1" index="2" bw="1" slack="0"/>
</pin_list>
<bind>
<opcode="icmp(45) " fcode="icmp"/>
<opset="icmp_ln46_191/1 "/>
</bind>
</comp>

<comp id="692" class="1004" name="tmp_582_fu_692">
<pin_list>
<pin id="693" dir="0" index="0" bw="1" slack="0"/>
<pin id="694" dir="0" index="1" bw="6" slack="0"/>
<pin id="695" dir="0" index="2" bw="4" slack="0"/>
<pin id="696" dir="1" index="3" bw="1" slack="0"/>
</pin_list>
<bind>
<opcode="bitselect(1000) " fcode="bitselect"/>
<opset="tmp_582/1 "/>
</bind>
</comp>

<comp id="700" class="1004" name="not_tmp_670_fu_700">
<pin_list>
<pin id="701" dir="0" index="0" bw="1" slack="0"/>
<pin id="702" dir="0" index="1" bw="1" slack="0"/>
<pin id="703" dir="1" index="2" bw="1" slack="0"/>
</pin_list>
<bind>
<opcode="xor(25) " fcode="xor"/>
<opset="not_tmp_670/1 "/>
</bind>
</comp>

<comp id="706" class="1004" name="and_ln46_191_fu_706">
<pin_list>
<pin id="707" dir="0" index="0" bw="1" slack="0"/>
<pin id="708" dir="0" index="1" bw="1" slack="0"/>
<pin id="709" dir="1" index="2" bw="1" slack="0"/>
</pin_list>
<bind>
<opcode="or(24) " fcode="or"/>
<opset="and_ln46_191/1 "/>
</bind>
</comp>

<comp id="712" class="1004" name="empty_108_fu_712">
<pin_list>
<pin id="713" dir="0" index="0" bw="1" slack="0"/>
<pin id="714" dir="0" index="1" bw="1" slack="0"/>
<pin id="715" dir="1" index="2" bw="1" slack="0"/>
</pin_list>
<bind>
<opcode="and(23) " fcode="and"/>
<opset="empty_108/1 "/>
</bind>
</comp>

<comp id="718" class="1004" name="or_ln46_287_fu_718">
<pin_list>
<pin id="719" dir="0" index="0" bw="1" slack="0"/>
<pin id="720" dir="0" index="1" bw="1" slack="0"/>
<pin id="721" dir="1" index="2" bw="1" slack="0"/>
</pin_list>
<bind>
<opcode="or(24) " fcode="or"/>
<opset="or_ln46_287/1 "/>
</bind>
</comp>

<comp id="724" class="1004" name="xor_ln46_94_fu_724">
<pin_list>
<pin id="725" dir="0" index="0" bw="1" slack="0"/>
<pin id="726" dir="0" index="1" bw="1" slack="0"/>
<pin id="727" dir="1" index="2" bw="1" slack="0"/>
</pin_list>
<bind>
<opcode="xor(25) " fcode="xor"/>
<opset="xor_ln46_94/1 "/>
</bind>
</comp>

<comp id="730" class="1004" name="or_ln46_288_fu_730">
<pin_list>
<pin id="731" dir="0" index="0" bw="1" slack="0"/>
<pin id="732" dir="0" index="1" bw="1" slack="0"/>
<pin id="733" dir="1" index="2" bw="1" slack="0"/>
</pin_list>
<bind>
<opcode="or(24) " fcode="or"/>
<opset="or_ln46_288/1 "/>
</bind>
</comp>

<comp id="736" class="1004" name="select_ln46_286_fu_736">
<pin_list>
<pin id="737" dir="0" index="0" bw="1" slack="0"/>
<pin id="738" dir="0" index="1" bw="6" slack="0"/>
<pin id="739" dir="0" index="2" bw="6" slack="0"/>
<pin id="740" dir="1" index="3" bw="6" slack="0"/>
</pin_list>
<bind>
<opcode="select(49) " fcode="select"/>
<opset="select_ln46_286/1 "/>
</bind>
</comp>

<comp id="744" class="1004" name="select_ln46_287_fu_744">
<pin_list>
<pin id="745" dir="0" index="0" bw="1" slack="0"/>
<pin id="746" dir="0" index="1" bw="6" slack="0"/>
<pin id="747" dir="0" index="2" bw="6" slack="0"/>
<pin id="748" dir="1" index="3" bw="6" slack="0"/>
</pin_list>
<bind>
<opcode="select(49) " fcode="select"/>
<opset="select_ln46_287/1 "/>
</bind>
</comp>

<comp id="752" class="1004" name="select_ln46_288_fu_752">
<pin_list>
<pin id="753" dir="0" index="0" bw="1" slack="0"/>
<pin id="754" dir="0" index="1" bw="6" slack="0"/>
<pin id="755" dir="0" index="2" bw="6" slack="0"/>
<pin id="756" dir="1" index="3" bw="6" slack="0"/>
</pin_list>
<bind>
<opcode="select(49) " fcode="select"/>
<opset="select_ln46_288/1 "/>
</bind>
</comp>

<comp id="760" class="1004" name="layer10_out_3_0_fu_760">
<pin_list>
<pin id="761" dir="0" index="0" bw="1" slack="0"/>
<pin id="762" dir="0" index="1" bw="6" slack="0"/>
<pin id="763" dir="0" index="2" bw="6" slack="0"/>
<pin id="764" dir="1" index="3" bw="6" slack="0"/>
</pin_list>
<bind>
<opcode="select(49) " fcode="select"/>
<opset="layer10_out_3_0/1 "/>
</bind>
</comp>

<comp id="768" class="1004" name="icmp_ln45_95_fu_768">
<pin_list>
<pin id="769" dir="0" index="0" bw="18" slack="0"/>
<pin id="770" dir="0" index="1" bw="18" slack="0"/>
<pin id="771" dir="1" index="2" bw="1" slack="0"/>
</pin_list>
<bind>
<opcode="icmp(45) " fcode="icmp"/>
<opset="icmp_ln45_95/1 "/>
</bind>
</comp>

<comp id="774" class="1004" name="tmp_583_fu_774">
<pin_list>
<pin id="775" dir="0" index="0" bw="1" slack="0"/>
<pin id="776" dir="0" index="1" bw="18" slack="0"/>
<pin id="777" dir="0" index="2" bw="6" slack="0"/>
<pin id="778" dir="1" index="3" bw="1" slack="0"/>
</pin_list>
<bind>
<opcode="bitselect(1000) " fcode="bitselect"/>
<opset="tmp_583/1 "/>
</bind>
</comp>

<comp id="782" class="1004" name="trunc_ln46_92_fu_782">
<pin_list>
<pin id="783" dir="0" index="0" bw="6" slack="0"/>
<pin id="784" dir="0" index="1" bw="18" slack="0"/>
<pin id="785" dir="0" index="2" bw="4" slack="0"/>
<pin id="786" dir="0" index="3" bw="5" slack="0"/>
<pin id="787" dir="1" index="4" bw="6" slack="0"/>
</pin_list>
<bind>
<opcode="partselect(1002) " fcode="partselect"/>
<opset="trunc_ln46_92/1 "/>
</bind>
</comp>

<comp id="792" class="1004" name="tmp_584_fu_792">
<pin_list>
<pin id="793" dir="0" index="0" bw="1" slack="0"/>
<pin id="794" dir="0" index="1" bw="18" slack="0"/>
<pin id="795" dir="0" index="2" bw="4" slack="0"/>
<pin id="796" dir="1" index="3" bw="1" slack="0"/>
</pin_list>
<bind>
<opcode="bitselect(1000) " fcode="bitselect"/>
<opset="tmp_584/1 "/>
</bind>
</comp>

<comp id="800" class="1004" name="trunc_ln46_156_fu_800">
<pin_list>
<pin id="801" dir="0" index="0" bw="18" slack="0"/>
<pin id="802" dir="1" index="1" bw="4" slack="0"/>
</pin_list>
<bind>
<opcode="trunc(33) " fcode="trunc"/>
<opset="trunc_ln46_156/1 "/>
</bind>
</comp>

<comp id="804" class="1004" name="icmp_ln46_192_fu_804">
<pin_list>
<pin id="805" dir="0" index="0" bw="4" slack="0"/>
<pin id="806" dir="0" index="1" bw="4" slack="0"/>
<pin id="807" dir="1" index="2" bw="1" slack="0"/>
</pin_list>
<bind>
<opcode="icmp(45) " fcode="icmp"/>
<opset="icmp_ln46_192/1 "/>
</bind>
</comp>

<comp id="810" class="1004" name="tmp_585_fu_810">
<pin_list>
<pin id="811" dir="0" index="0" bw="1" slack="0"/>
<pin id="812" dir="0" index="1" bw="18" slack="0"/>
<pin id="813" dir="0" index="2" bw="5" slack="0"/>
<pin id="814" dir="1" index="3" bw="1" slack="0"/>
</pin_list>
<bind>
<opcode="bitselect(1000) " fcode="bitselect"/>
<opset="tmp_585/1 "/>
</bind>
</comp>

<comp id="818" class="1004" name="tmp_586_fu_818">
<pin_list>
<pin id="819" dir="0" index="0" bw="1" slack="0"/>
<pin id="820" dir="0" index="1" bw="18" slack="0"/>
<pin id="821" dir="0" index="2" bw="4" slack="0"/>
<pin id="822" dir="1" index="3" bw="1" slack="0"/>
</pin_list>
<bind>
<opcode="bitselect(1000) " fcode="bitselect"/>
<opset="tmp_586/1 "/>
</bind>
</comp>

<comp id="826" class="1004" name="or_ln46_289_fu_826">
<pin_list>
<pin id="827" dir="0" index="0" bw="1" slack="0"/>
<pin id="828" dir="0" index="1" bw="1" slack="0"/>
<pin id="829" dir="1" index="2" bw="1" slack="0"/>
</pin_list>
<bind>
<opcode="or(24) " fcode="or"/>
<opset="or_ln46_289/1 "/>
</bind>
</comp>

<comp id="832" class="1004" name="and_ln46_186_fu_832">
<pin_list>
<pin id="833" dir="0" index="0" bw="1" slack="0"/>
<pin id="834" dir="0" index="1" bw="1" slack="0"/>
<pin id="835" dir="1" index="2" bw="1" slack="0"/>
</pin_list>
<bind>
<opcode="and(23) " fcode="and"/>
<opset="and_ln46_186/1 "/>
</bind>
</comp>

<comp id="838" class="1004" name="zext_ln46_95_fu_838">
<pin_list>
<pin id="839" dir="0" index="0" bw="1" slack="0"/>
<pin id="840" dir="1" index="1" bw="6" slack="0"/>
</pin_list>
<bind>
<opcode="zext(34) " fcode="zext"/>
<opset="zext_ln46_95/1 "/>
</bind>
</comp>

<comp id="842" class="1004" name="add_ln46_95_fu_842">
<pin_list>
<pin id="843" dir="0" index="0" bw="6" slack="0"/>
<pin id="844" dir="0" index="1" bw="1" slack="0"/>
<pin id="845" dir="1" index="2" bw="6" slack="0"/>
</pin_list>
<bind>
<opcode="add(8) " fcode="add"/>
<opset="add_ln46_95/1 "/>
</bind>
</comp>

<comp id="848" class="1004" name="tmp_587_fu_848">
<pin_list>
<pin id="849" dir="0" index="0" bw="7" slack="0"/>
<pin id="850" dir="0" index="1" bw="18" slack="0"/>
<pin id="851" dir="0" index="2" bw="5" slack="0"/>
<pin id="852" dir="1" index="3" bw="7" slack="0"/>
</pin_list>
<bind>
<opcode="partselect(1002) " fcode="partselect"/>
<opset="tmp_587/1 "/>
</bind>
</comp>

<comp id="856" class="1004" name="icmp_ln46_193_fu_856">
<pin_list>
<pin id="857" dir="0" index="0" bw="7" slack="0"/>
<pin id="858" dir="0" index="1" bw="7" slack="0"/>
<pin id="859" dir="1" index="2" bw="1" slack="0"/>
</pin_list>
<bind>
<opcode="icmp(45) " fcode="icmp"/>
<opset="icmp_ln46_193/1 "/>
</bind>
</comp>

<comp id="862" class="1004" name="tmp_588_fu_862">
<pin_list>
<pin id="863" dir="0" index="0" bw="1" slack="0"/>
<pin id="864" dir="0" index="1" bw="6" slack="0"/>
<pin id="865" dir="0" index="2" bw="4" slack="0"/>
<pin id="866" dir="1" index="3" bw="1" slack="0"/>
</pin_list>
<bind>
<opcode="bitselect(1000) " fcode="bitselect"/>
<opset="tmp_588/1 "/>
</bind>
</comp>

<comp id="870" class="1004" name="not_tmp_677_fu_870">
<pin_list>
<pin id="871" dir="0" index="0" bw="1" slack="0"/>
<pin id="872" dir="0" index="1" bw="1" slack="0"/>
<pin id="873" dir="1" index="2" bw="1" slack="0"/>
</pin_list>
<bind>
<opcode="xor(25) " fcode="xor"/>
<opset="not_tmp_677/1 "/>
</bind>
</comp>

<comp id="876" class="1004" name="and_ln46_193_fu_876">
<pin_list>
<pin id="877" dir="0" index="0" bw="1" slack="0"/>
<pin id="878" dir="0" index="1" bw="1" slack="0"/>
<pin id="879" dir="1" index="2" bw="1" slack="0"/>
</pin_list>
<bind>
<opcode="or(24) " fcode="or"/>
<opset="and_ln46_193/1 "/>
</bind>
</comp>

<comp id="882" class="1004" name="empty_109_fu_882">
<pin_list>
<pin id="883" dir="0" index="0" bw="1" slack="0"/>
<pin id="884" dir="0" index="1" bw="1" slack="0"/>
<pin id="885" dir="1" index="2" bw="1" slack="0"/>
</pin_list>
<bind>
<opcode="and(23) " fcode="and"/>
<opset="empty_109/1 "/>
</bind>
</comp>

<comp id="888" class="1004" name="or_ln46_290_fu_888">
<pin_list>
<pin id="889" dir="0" index="0" bw="1" slack="0"/>
<pin id="890" dir="0" index="1" bw="1" slack="0"/>
<pin id="891" dir="1" index="2" bw="1" slack="0"/>
</pin_list>
<bind>
<opcode="or(24) " fcode="or"/>
<opset="or_ln46_290/1 "/>
</bind>
</comp>

<comp id="894" class="1004" name="xor_ln46_95_fu_894">
<pin_list>
<pin id="895" dir="0" index="0" bw="1" slack="0"/>
<pin id="896" dir="0" index="1" bw="1" slack="0"/>
<pin id="897" dir="1" index="2" bw="1" slack="0"/>
</pin_list>
<bind>
<opcode="xor(25) " fcode="xor"/>
<opset="xor_ln46_95/1 "/>
</bind>
</comp>

<comp id="900" class="1004" name="or_ln46_291_fu_900">
<pin_list>
<pin id="901" dir="0" index="0" bw="1" slack="0"/>
<pin id="902" dir="0" index="1" bw="1" slack="0"/>
<pin id="903" dir="1" index="2" bw="1" slack="0"/>
</pin_list>
<bind>
<opcode="or(24) " fcode="or"/>
<opset="or_ln46_291/1 "/>
</bind>
</comp>

<comp id="906" class="1004" name="select_ln46_289_fu_906">
<pin_list>
<pin id="907" dir="0" index="0" bw="1" slack="0"/>
<pin id="908" dir="0" index="1" bw="6" slack="0"/>
<pin id="909" dir="0" index="2" bw="6" slack="0"/>
<pin id="910" dir="1" index="3" bw="6" slack="0"/>
</pin_list>
<bind>
<opcode="select(49) " fcode="select"/>
<opset="select_ln46_289/1 "/>
</bind>
</comp>

<comp id="914" class="1004" name="select_ln46_290_fu_914">
<pin_list>
<pin id="915" dir="0" index="0" bw="1" slack="0"/>
<pin id="916" dir="0" index="1" bw="6" slack="0"/>
<pin id="917" dir="0" index="2" bw="6" slack="0"/>
<pin id="918" dir="1" index="3" bw="6" slack="0"/>
</pin_list>
<bind>
<opcode="select(49) " fcode="select"/>
<opset="select_ln46_290/1 "/>
</bind>
</comp>

<comp id="922" class="1004" name="select_ln46_291_fu_922">
<pin_list>
<pin id="923" dir="0" index="0" bw="1" slack="0"/>
<pin id="924" dir="0" index="1" bw="6" slack="0"/>
<pin id="925" dir="0" index="2" bw="6" slack="0"/>
<pin id="926" dir="1" index="3" bw="6" slack="0"/>
</pin_list>
<bind>
<opcode="select(49) " fcode="select"/>
<opset="select_ln46_291/1 "/>
</bind>
</comp>

<comp id="930" class="1004" name="layer10_out_4_0_fu_930">
<pin_list>
<pin id="931" dir="0" index="0" bw="1" slack="0"/>
<pin id="932" dir="0" index="1" bw="6" slack="0"/>
<pin id="933" dir="0" index="2" bw="6" slack="0"/>
<pin id="934" dir="1" index="3" bw="6" slack="0"/>
</pin_list>
<bind>
<opcode="select(49) " fcode="select"/>
<opset="layer10_out_4_0/1 "/>
</bind>
</comp>

<comp id="938" class="1004" name="icmp_ln45_96_fu_938">
<pin_list>
<pin id="939" dir="0" index="0" bw="18" slack="0"/>
<pin id="940" dir="0" index="1" bw="18" slack="0"/>
<pin id="941" dir="1" index="2" bw="1" slack="0"/>
</pin_list>
<bind>
<opcode="icmp(45) " fcode="icmp"/>
<opset="icmp_ln45_96/1 "/>
</bind>
</comp>

<comp id="944" class="1004" name="tmp_589_fu_944">
<pin_list>
<pin id="945" dir="0" index="0" bw="1" slack="0"/>
<pin id="946" dir="0" index="1" bw="18" slack="0"/>
<pin id="947" dir="0" index="2" bw="6" slack="0"/>
<pin id="948" dir="1" index="3" bw="1" slack="0"/>
</pin_list>
<bind>
<opcode="bitselect(1000) " fcode="bitselect"/>
<opset="tmp_589/1 "/>
</bind>
</comp>

<comp id="952" class="1004" name="trunc_ln46_93_fu_952">
<pin_list>
<pin id="953" dir="0" index="0" bw="6" slack="0"/>
<pin id="954" dir="0" index="1" bw="18" slack="0"/>
<pin id="955" dir="0" index="2" bw="4" slack="0"/>
<pin id="956" dir="0" index="3" bw="5" slack="0"/>
<pin id="957" dir="1" index="4" bw="6" slack="0"/>
</pin_list>
<bind>
<opcode="partselect(1002) " fcode="partselect"/>
<opset="trunc_ln46_93/1 "/>
</bind>
</comp>

<comp id="962" class="1004" name="tmp_590_fu_962">
<pin_list>
<pin id="963" dir="0" index="0" bw="1" slack="0"/>
<pin id="964" dir="0" index="1" bw="18" slack="0"/>
<pin id="965" dir="0" index="2" bw="4" slack="0"/>
<pin id="966" dir="1" index="3" bw="1" slack="0"/>
</pin_list>
<bind>
<opcode="bitselect(1000) " fcode="bitselect"/>
<opset="tmp_590/1 "/>
</bind>
</comp>

<comp id="970" class="1004" name="trunc_ln46_157_fu_970">
<pin_list>
<pin id="971" dir="0" index="0" bw="18" slack="0"/>
<pin id="972" dir="1" index="1" bw="4" slack="0"/>
</pin_list>
<bind>
<opcode="trunc(33) " fcode="trunc"/>
<opset="trunc_ln46_157/1 "/>
</bind>
</comp>

<comp id="974" class="1004" name="icmp_ln46_194_fu_974">
<pin_list>
<pin id="975" dir="0" index="0" bw="4" slack="0"/>
<pin id="976" dir="0" index="1" bw="4" slack="0"/>
<pin id="977" dir="1" index="2" bw="1" slack="0"/>
</pin_list>
<bind>
<opcode="icmp(45) " fcode="icmp"/>
<opset="icmp_ln46_194/1 "/>
</bind>
</comp>

<comp id="980" class="1004" name="tmp_591_fu_980">
<pin_list>
<pin id="981" dir="0" index="0" bw="1" slack="0"/>
<pin id="982" dir="0" index="1" bw="18" slack="0"/>
<pin id="983" dir="0" index="2" bw="5" slack="0"/>
<pin id="984" dir="1" index="3" bw="1" slack="0"/>
</pin_list>
<bind>
<opcode="bitselect(1000) " fcode="bitselect"/>
<opset="tmp_591/1 "/>
</bind>
</comp>

<comp id="988" class="1004" name="tmp_592_fu_988">
<pin_list>
<pin id="989" dir="0" index="0" bw="1" slack="0"/>
<pin id="990" dir="0" index="1" bw="18" slack="0"/>
<pin id="991" dir="0" index="2" bw="4" slack="0"/>
<pin id="992" dir="1" index="3" bw="1" slack="0"/>
</pin_list>
<bind>
<opcode="bitselect(1000) " fcode="bitselect"/>
<opset="tmp_592/1 "/>
</bind>
</comp>

<comp id="996" class="1004" name="or_ln46_292_fu_996">
<pin_list>
<pin id="997" dir="0" index="0" bw="1" slack="0"/>
<pin id="998" dir="0" index="1" bw="1" slack="0"/>
<pin id="999" dir="1" index="2" bw="1" slack="0"/>
</pin_list>
<bind>
<opcode="or(24) " fcode="or"/>
<opset="or_ln46_292/1 "/>
</bind>
</comp>

<comp id="1002" class="1004" name="and_ln46_188_fu_1002">
<pin_list>
<pin id="1003" dir="0" index="0" bw="1" slack="0"/>
<pin id="1004" dir="0" index="1" bw="1" slack="0"/>
<pin id="1005" dir="1" index="2" bw="1" slack="0"/>
</pin_list>
<bind>
<opcode="and(23) " fcode="and"/>
<opset="and_ln46_188/1 "/>
</bind>
</comp>

<comp id="1008" class="1004" name="zext_ln46_96_fu_1008">
<pin_list>
<pin id="1009" dir="0" index="0" bw="1" slack="0"/>
<pin id="1010" dir="1" index="1" bw="6" slack="0"/>
</pin_list>
<bind>
<opcode="zext(34) " fcode="zext"/>
<opset="zext_ln46_96/1 "/>
</bind>
</comp>

<comp id="1012" class="1004" name="add_ln46_96_fu_1012">
<pin_list>
<pin id="1013" dir="0" index="0" bw="6" slack="0"/>
<pin id="1014" dir="0" index="1" bw="1" slack="0"/>
<pin id="1015" dir="1" index="2" bw="6" slack="0"/>
</pin_list>
<bind>
<opcode="add(8) " fcode="add"/>
<opset="add_ln46_96/1 "/>
</bind>
</comp>

<comp id="1018" class="1004" name="tmp_593_fu_1018">
<pin_list>
<pin id="1019" dir="0" index="0" bw="7" slack="0"/>
<pin id="1020" dir="0" index="1" bw="18" slack="0"/>
<pin id="1021" dir="0" index="2" bw="5" slack="0"/>
<pin id="1022" dir="1" index="3" bw="7" slack="0"/>
</pin_list>
<bind>
<opcode="partselect(1002) " fcode="partselect"/>
<opset="tmp_593/1 "/>
</bind>
</comp>

<comp id="1026" class="1004" name="icmp_ln46_195_fu_1026">
<pin_list>
<pin id="1027" dir="0" index="0" bw="7" slack="0"/>
<pin id="1028" dir="0" index="1" bw="7" slack="0"/>
<pin id="1029" dir="1" index="2" bw="1" slack="0"/>
</pin_list>
<bind>
<opcode="icmp(45) " fcode="icmp"/>
<opset="icmp_ln46_195/1 "/>
</bind>
</comp>

<comp id="1032" class="1004" name="tmp_594_fu_1032">
<pin_list>
<pin id="1033" dir="0" index="0" bw="1" slack="0"/>
<pin id="1034" dir="0" index="1" bw="6" slack="0"/>
<pin id="1035" dir="0" index="2" bw="4" slack="0"/>
<pin id="1036" dir="1" index="3" bw="1" slack="0"/>
</pin_list>
<bind>
<opcode="bitselect(1000) " fcode="bitselect"/>
<opset="tmp_594/1 "/>
</bind>
</comp>

<comp id="1040" class="1004" name="not_tmp_684_fu_1040">
<pin_list>
<pin id="1041" dir="0" index="0" bw="1" slack="0"/>
<pin id="1042" dir="0" index="1" bw="1" slack="0"/>
<pin id="1043" dir="1" index="2" bw="1" slack="0"/>
</pin_list>
<bind>
<opcode="xor(25) " fcode="xor"/>
<opset="not_tmp_684/1 "/>
</bind>
</comp>

<comp id="1046" class="1004" name="and_ln46_195_fu_1046">
<pin_list>
<pin id="1047" dir="0" index="0" bw="1" slack="0"/>
<pin id="1048" dir="0" index="1" bw="1" slack="0"/>
<pin id="1049" dir="1" index="2" bw="1" slack="0"/>
</pin_list>
<bind>
<opcode="or(24) " fcode="or"/>
<opset="and_ln46_195/1 "/>
</bind>
</comp>

<comp id="1052" class="1004" name="empty_110_fu_1052">
<pin_list>
<pin id="1053" dir="0" index="0" bw="1" slack="0"/>
<pin id="1054" dir="0" index="1" bw="1" slack="0"/>
<pin id="1055" dir="1" index="2" bw="1" slack="0"/>
</pin_list>
<bind>
<opcode="and(23) " fcode="and"/>
<opset="empty_110/1 "/>
</bind>
</comp>

<comp id="1058" class="1004" name="or_ln46_293_fu_1058">
<pin_list>
<pin id="1059" dir="0" index="0" bw="1" slack="0"/>
<pin id="1060" dir="0" index="1" bw="1" slack="0"/>
<pin id="1061" dir="1" index="2" bw="1" slack="0"/>
</pin_list>
<bind>
<opcode="or(24) " fcode="or"/>
<opset="or_ln46_293/1 "/>
</bind>
</comp>

<comp id="1064" class="1004" name="xor_ln46_96_fu_1064">
<pin_list>
<pin id="1065" dir="0" index="0" bw="1" slack="0"/>
<pin id="1066" dir="0" index="1" bw="1" slack="0"/>
<pin id="1067" dir="1" index="2" bw="1" slack="0"/>
</pin_list>
<bind>
<opcode="xor(25) " fcode="xor"/>
<opset="xor_ln46_96/1 "/>
</bind>
</comp>

<comp id="1070" class="1004" name="or_ln46_294_fu_1070">
<pin_list>
<pin id="1071" dir="0" index="0" bw="1" slack="0"/>
<pin id="1072" dir="0" index="1" bw="1" slack="0"/>
<pin id="1073" dir="1" index="2" bw="1" slack="0"/>
</pin_list>
<bind>
<opcode="or(24) " fcode="or"/>
<opset="or_ln46_294/1 "/>
</bind>
</comp>

<comp id="1076" class="1004" name="select_ln46_292_fu_1076">
<pin_list>
<pin id="1077" dir="0" index="0" bw="1" slack="0"/>
<pin id="1078" dir="0" index="1" bw="6" slack="0"/>
<pin id="1079" dir="0" index="2" bw="6" slack="0"/>
<pin id="1080" dir="1" index="3" bw="6" slack="0"/>
</pin_list>
<bind>
<opcode="select(49) " fcode="select"/>
<opset="select_ln46_292/1 "/>
</bind>
</comp>

<comp id="1084" class="1004" name="select_ln46_293_fu_1084">
<pin_list>
<pin id="1085" dir="0" index="0" bw="1" slack="0"/>
<pin id="1086" dir="0" index="1" bw="6" slack="0"/>
<pin id="1087" dir="0" index="2" bw="6" slack="0"/>
<pin id="1088" dir="1" index="3" bw="6" slack="0"/>
</pin_list>
<bind>
<opcode="select(49) " fcode="select"/>
<opset="select_ln46_293/1 "/>
</bind>
</comp>

<comp id="1092" class="1004" name="select_ln46_294_fu_1092">
<pin_list>
<pin id="1093" dir="0" index="0" bw="1" slack="0"/>
<pin id="1094" dir="0" index="1" bw="6" slack="0"/>
<pin id="1095" dir="0" index="2" bw="6" slack="0"/>
<pin id="1096" dir="1" index="3" bw="6" slack="0"/>
</pin_list>
<bind>
<opcode="select(49) " fcode="select"/>
<opset="select_ln46_294/1 "/>
</bind>
</comp>

<comp id="1100" class="1004" name="layer10_out_5_0_fu_1100">
<pin_list>
<pin id="1101" dir="0" index="0" bw="1" slack="0"/>
<pin id="1102" dir="0" index="1" bw="6" slack="0"/>
<pin id="1103" dir="0" index="2" bw="6" slack="0"/>
<pin id="1104" dir="1" index="3" bw="6" slack="0"/>
</pin_list>
<bind>
<opcode="select(49) " fcode="select"/>
<opset="layer10_out_5_0/1 "/>
</bind>
</comp>

<comp id="1108" class="1004" name="icmp_ln45_97_fu_1108">
<pin_list>
<pin id="1109" dir="0" index="0" bw="18" slack="0"/>
<pin id="1110" dir="0" index="1" bw="18" slack="0"/>
<pin id="1111" dir="1" index="2" bw="1" slack="0"/>
</pin_list>
<bind>
<opcode="icmp(45) " fcode="icmp"/>
<opset="icmp_ln45_97/1 "/>
</bind>
</comp>

<comp id="1114" class="1004" name="tmp_595_fu_1114">
<pin_list>
<pin id="1115" dir="0" index="0" bw="1" slack="0"/>
<pin id="1116" dir="0" index="1" bw="18" slack="0"/>
<pin id="1117" dir="0" index="2" bw="6" slack="0"/>
<pin id="1118" dir="1" index="3" bw="1" slack="0"/>
</pin_list>
<bind>
<opcode="bitselect(1000) " fcode="bitselect"/>
<opset="tmp_595/1 "/>
</bind>
</comp>

<comp id="1122" class="1004" name="trunc_ln46_94_fu_1122">
<pin_list>
<pin id="1123" dir="0" index="0" bw="6" slack="0"/>
<pin id="1124" dir="0" index="1" bw="18" slack="0"/>
<pin id="1125" dir="0" index="2" bw="4" slack="0"/>
<pin id="1126" dir="0" index="3" bw="5" slack="0"/>
<pin id="1127" dir="1" index="4" bw="6" slack="0"/>
</pin_list>
<bind>
<opcode="partselect(1002) " fcode="partselect"/>
<opset="trunc_ln46_94/1 "/>
</bind>
</comp>

<comp id="1132" class="1004" name="tmp_596_fu_1132">
<pin_list>
<pin id="1133" dir="0" index="0" bw="1" slack="0"/>
<pin id="1134" dir="0" index="1" bw="18" slack="0"/>
<pin id="1135" dir="0" index="2" bw="4" slack="0"/>
<pin id="1136" dir="1" index="3" bw="1" slack="0"/>
</pin_list>
<bind>
<opcode="bitselect(1000) " fcode="bitselect"/>
<opset="tmp_596/1 "/>
</bind>
</comp>

<comp id="1140" class="1004" name="trunc_ln46_158_fu_1140">
<pin_list>
<pin id="1141" dir="0" index="0" bw="18" slack="0"/>
<pin id="1142" dir="1" index="1" bw="4" slack="0"/>
</pin_list>
<bind>
<opcode="trunc(33) " fcode="trunc"/>
<opset="trunc_ln46_158/1 "/>
</bind>
</comp>

<comp id="1144" class="1004" name="icmp_ln46_196_fu_1144">
<pin_list>
<pin id="1145" dir="0" index="0" bw="4" slack="0"/>
<pin id="1146" dir="0" index="1" bw="4" slack="0"/>
<pin id="1147" dir="1" index="2" bw="1" slack="0"/>
</pin_list>
<bind>
<opcode="icmp(45) " fcode="icmp"/>
<opset="icmp_ln46_196/1 "/>
</bind>
</comp>

<comp id="1150" class="1004" name="tmp_597_fu_1150">
<pin_list>
<pin id="1151" dir="0" index="0" bw="1" slack="0"/>
<pin id="1152" dir="0" index="1" bw="18" slack="0"/>
<pin id="1153" dir="0" index="2" bw="5" slack="0"/>
<pin id="1154" dir="1" index="3" bw="1" slack="0"/>
</pin_list>
<bind>
<opcode="bitselect(1000) " fcode="bitselect"/>
<opset="tmp_597/1 "/>
</bind>
</comp>

<comp id="1158" class="1004" name="tmp_598_fu_1158">
<pin_list>
<pin id="1159" dir="0" index="0" bw="1" slack="0"/>
<pin id="1160" dir="0" index="1" bw="18" slack="0"/>
<pin id="1161" dir="0" index="2" bw="4" slack="0"/>
<pin id="1162" dir="1" index="3" bw="1" slack="0"/>
</pin_list>
<bind>
<opcode="bitselect(1000) " fcode="bitselect"/>
<opset="tmp_598/1 "/>
</bind>
</comp>

<comp id="1166" class="1004" name="or_ln46_295_fu_1166">
<pin_list>
<pin id="1167" dir="0" index="0" bw="1" slack="0"/>
<pin id="1168" dir="0" index="1" bw="1" slack="0"/>
<pin id="1169" dir="1" index="2" bw="1" slack="0"/>
</pin_list>
<bind>
<opcode="or(24) " fcode="or"/>
<opset="or_ln46_295/1 "/>
</bind>
</comp>

<comp id="1172" class="1004" name="and_ln46_190_fu_1172">
<pin_list>
<pin id="1173" dir="0" index="0" bw="1" slack="0"/>
<pin id="1174" dir="0" index="1" bw="1" slack="0"/>
<pin id="1175" dir="1" index="2" bw="1" slack="0"/>
</pin_list>
<bind>
<opcode="and(23) " fcode="and"/>
<opset="and_ln46_190/1 "/>
</bind>
</comp>

<comp id="1178" class="1004" name="zext_ln46_97_fu_1178">
<pin_list>
<pin id="1179" dir="0" index="0" bw="1" slack="0"/>
<pin id="1180" dir="1" index="1" bw="6" slack="0"/>
</pin_list>
<bind>
<opcode="zext(34) " fcode="zext"/>
<opset="zext_ln46_97/1 "/>
</bind>
</comp>

<comp id="1182" class="1004" name="add_ln46_97_fu_1182">
<pin_list>
<pin id="1183" dir="0" index="0" bw="6" slack="0"/>
<pin id="1184" dir="0" index="1" bw="1" slack="0"/>
<pin id="1185" dir="1" index="2" bw="6" slack="0"/>
</pin_list>
<bind>
<opcode="add(8) " fcode="add"/>
<opset="add_ln46_97/1 "/>
</bind>
</comp>

<comp id="1188" class="1004" name="tmp_599_fu_1188">
<pin_list>
<pin id="1189" dir="0" index="0" bw="7" slack="0"/>
<pin id="1190" dir="0" index="1" bw="18" slack="0"/>
<pin id="1191" dir="0" index="2" bw="5" slack="0"/>
<pin id="1192" dir="1" index="3" bw="7" slack="0"/>
</pin_list>
<bind>
<opcode="partselect(1002) " fcode="partselect"/>
<opset="tmp_599/1 "/>
</bind>
</comp>

<comp id="1196" class="1004" name="icmp_ln46_197_fu_1196">
<pin_list>
<pin id="1197" dir="0" index="0" bw="7" slack="0"/>
<pin id="1198" dir="0" index="1" bw="7" slack="0"/>
<pin id="1199" dir="1" index="2" bw="1" slack="0"/>
</pin_list>
<bind>
<opcode="icmp(45) " fcode="icmp"/>
<opset="icmp_ln46_197/1 "/>
</bind>
</comp>

<comp id="1202" class="1004" name="tmp_600_fu_1202">
<pin_list>
<pin id="1203" dir="0" index="0" bw="1" slack="0"/>
<pin id="1204" dir="0" index="1" bw="6" slack="0"/>
<pin id="1205" dir="0" index="2" bw="4" slack="0"/>
<pin id="1206" dir="1" index="3" bw="1" slack="0"/>
</pin_list>
<bind>
<opcode="bitselect(1000) " fcode="bitselect"/>
<opset="tmp_600/1 "/>
</bind>
</comp>

<comp id="1210" class="1004" name="not_tmp_691_fu_1210">
<pin_list>
<pin id="1211" dir="0" index="0" bw="1" slack="0"/>
<pin id="1212" dir="0" index="1" bw="1" slack="0"/>
<pin id="1213" dir="1" index="2" bw="1" slack="0"/>
</pin_list>
<bind>
<opcode="xor(25) " fcode="xor"/>
<opset="not_tmp_691/1 "/>
</bind>
</comp>

<comp id="1216" class="1004" name="and_ln46_197_fu_1216">
<pin_list>
<pin id="1217" dir="0" index="0" bw="1" slack="0"/>
<pin id="1218" dir="0" index="1" bw="1" slack="0"/>
<pin id="1219" dir="1" index="2" bw="1" slack="0"/>
</pin_list>
<bind>
<opcode="or(24) " fcode="or"/>
<opset="and_ln46_197/1 "/>
</bind>
</comp>

<comp id="1222" class="1004" name="empty_111_fu_1222">
<pin_list>
<pin id="1223" dir="0" index="0" bw="1" slack="0"/>
<pin id="1224" dir="0" index="1" bw="1" slack="0"/>
<pin id="1225" dir="1" index="2" bw="1" slack="0"/>
</pin_list>
<bind>
<opcode="and(23) " fcode="and"/>
<opset="empty_111/1 "/>
</bind>
</comp>

<comp id="1228" class="1004" name="or_ln46_296_fu_1228">
<pin_list>
<pin id="1229" dir="0" index="0" bw="1" slack="0"/>
<pin id="1230" dir="0" index="1" bw="1" slack="0"/>
<pin id="1231" dir="1" index="2" bw="1" slack="0"/>
</pin_list>
<bind>
<opcode="or(24) " fcode="or"/>
<opset="or_ln46_296/1 "/>
</bind>
</comp>

<comp id="1234" class="1004" name="xor_ln46_97_fu_1234">
<pin_list>
<pin id="1235" dir="0" index="0" bw="1" slack="0"/>
<pin id="1236" dir="0" index="1" bw="1" slack="0"/>
<pin id="1237" dir="1" index="2" bw="1" slack="0"/>
</pin_list>
<bind>
<opcode="xor(25) " fcode="xor"/>
<opset="xor_ln46_97/1 "/>
</bind>
</comp>

<comp id="1240" class="1004" name="or_ln46_297_fu_1240">
<pin_list>
<pin id="1241" dir="0" index="0" bw="1" slack="0"/>
<pin id="1242" dir="0" index="1" bw="1" slack="0"/>
<pin id="1243" dir="1" index="2" bw="1" slack="0"/>
</pin_list>
<bind>
<opcode="or(24) " fcode="or"/>
<opset="or_ln46_297/1 "/>
</bind>
</comp>

<comp id="1246" class="1004" name="select_ln46_295_fu_1246">
<pin_list>
<pin id="1247" dir="0" index="0" bw="1" slack="0"/>
<pin id="1248" dir="0" index="1" bw="6" slack="0"/>
<pin id="1249" dir="0" index="2" bw="6" slack="0"/>
<pin id="1250" dir="1" index="3" bw="6" slack="0"/>
</pin_list>
<bind>
<opcode="select(49) " fcode="select"/>
<opset="select_ln46_295/1 "/>
</bind>
</comp>

<comp id="1254" class="1004" name="select_ln46_296_fu_1254">
<pin_list>
<pin id="1255" dir="0" index="0" bw="1" slack="0"/>
<pin id="1256" dir="0" index="1" bw="6" slack="0"/>
<pin id="1257" dir="0" index="2" bw="6" slack="0"/>
<pin id="1258" dir="1" index="3" bw="6" slack="0"/>
</pin_list>
<bind>
<opcode="select(49) " fcode="select"/>
<opset="select_ln46_296/1 "/>
</bind>
</comp>

<comp id="1262" class="1004" name="select_ln46_297_fu_1262">
<pin_list>
<pin id="1263" dir="0" index="0" bw="1" slack="0"/>
<pin id="1264" dir="0" index="1" bw="6" slack="0"/>
<pin id="1265" dir="0" index="2" bw="6" slack="0"/>
<pin id="1266" dir="1" index="3" bw="6" slack="0"/>
</pin_list>
<bind>
<opcode="select(49) " fcode="select"/>
<opset="select_ln46_297/1 "/>
</bind>
</comp>

<comp id="1270" class="1004" name="layer10_out_6_0_fu_1270">
<pin_list>
<pin id="1271" dir="0" index="0" bw="1" slack="0"/>
<pin id="1272" dir="0" index="1" bw="6" slack="0"/>
<pin id="1273" dir="0" index="2" bw="6" slack="0"/>
<pin id="1274" dir="1" index="3" bw="6" slack="0"/>
</pin_list>
<bind>
<opcode="select(49) " fcode="select"/>
<opset="layer10_out_6_0/1 "/>
</bind>
</comp>

<comp id="1278" class="1004" name="icmp_ln45_98_fu_1278">
<pin_list>
<pin id="1279" dir="0" index="0" bw="18" slack="0"/>
<pin id="1280" dir="0" index="1" bw="18" slack="0"/>
<pin id="1281" dir="1" index="2" bw="1" slack="0"/>
</pin_list>
<bind>
<opcode="icmp(45) " fcode="icmp"/>
<opset="icmp_ln45_98/1 "/>
</bind>
</comp>

<comp id="1284" class="1004" name="tmp_601_fu_1284">
<pin_list>
<pin id="1285" dir="0" index="0" bw="1" slack="0"/>
<pin id="1286" dir="0" index="1" bw="18" slack="0"/>
<pin id="1287" dir="0" index="2" bw="6" slack="0"/>
<pin id="1288" dir="1" index="3" bw="1" slack="0"/>
</pin_list>
<bind>
<opcode="bitselect(1000) " fcode="bitselect"/>
<opset="tmp_601/1 "/>
</bind>
</comp>

<comp id="1292" class="1004" name="trunc_ln46_95_fu_1292">
<pin_list>
<pin id="1293" dir="0" index="0" bw="6" slack="0"/>
<pin id="1294" dir="0" index="1" bw="18" slack="0"/>
<pin id="1295" dir="0" index="2" bw="4" slack="0"/>
<pin id="1296" dir="0" index="3" bw="5" slack="0"/>
<pin id="1297" dir="1" index="4" bw="6" slack="0"/>
</pin_list>
<bind>
<opcode="partselect(1002) " fcode="partselect"/>
<opset="trunc_ln46_95/1 "/>
</bind>
</comp>

<comp id="1302" class="1004" name="tmp_602_fu_1302">
<pin_list>
<pin id="1303" dir="0" index="0" bw="1" slack="0"/>
<pin id="1304" dir="0" index="1" bw="18" slack="0"/>
<pin id="1305" dir="0" index="2" bw="4" slack="0"/>
<pin id="1306" dir="1" index="3" bw="1" slack="0"/>
</pin_list>
<bind>
<opcode="bitselect(1000) " fcode="bitselect"/>
<opset="tmp_602/1 "/>
</bind>
</comp>

<comp id="1310" class="1004" name="trunc_ln46_159_fu_1310">
<pin_list>
<pin id="1311" dir="0" index="0" bw="18" slack="0"/>
<pin id="1312" dir="1" index="1" bw="4" slack="0"/>
</pin_list>
<bind>
<opcode="trunc(33) " fcode="trunc"/>
<opset="trunc_ln46_159/1 "/>
</bind>
</comp>

<comp id="1314" class="1004" name="icmp_ln46_198_fu_1314">
<pin_list>
<pin id="1315" dir="0" index="0" bw="4" slack="0"/>
<pin id="1316" dir="0" index="1" bw="4" slack="0"/>
<pin id="1317" dir="1" index="2" bw="1" slack="0"/>
</pin_list>
<bind>
<opcode="icmp(45) " fcode="icmp"/>
<opset="icmp_ln46_198/1 "/>
</bind>
</comp>

<comp id="1320" class="1004" name="tmp_603_fu_1320">
<pin_list>
<pin id="1321" dir="0" index="0" bw="1" slack="0"/>
<pin id="1322" dir="0" index="1" bw="18" slack="0"/>
<pin id="1323" dir="0" index="2" bw="5" slack="0"/>
<pin id="1324" dir="1" index="3" bw="1" slack="0"/>
</pin_list>
<bind>
<opcode="bitselect(1000) " fcode="bitselect"/>
<opset="tmp_603/1 "/>
</bind>
</comp>

<comp id="1328" class="1004" name="tmp_604_fu_1328">
<pin_list>
<pin id="1329" dir="0" index="0" bw="1" slack="0"/>
<pin id="1330" dir="0" index="1" bw="18" slack="0"/>
<pin id="1331" dir="0" index="2" bw="4" slack="0"/>
<pin id="1332" dir="1" index="3" bw="1" slack="0"/>
</pin_list>
<bind>
<opcode="bitselect(1000) " fcode="bitselect"/>
<opset="tmp_604/1 "/>
</bind>
</comp>

<comp id="1336" class="1004" name="or_ln46_298_fu_1336">
<pin_list>
<pin id="1337" dir="0" index="0" bw="1" slack="0"/>
<pin id="1338" dir="0" index="1" bw="1" slack="0"/>
<pin id="1339" dir="1" index="2" bw="1" slack="0"/>
</pin_list>
<bind>
<opcode="or(24) " fcode="or"/>
<opset="or_ln46_298/1 "/>
</bind>
</comp>

<comp id="1342" class="1004" name="and_ln46_192_fu_1342">
<pin_list>
<pin id="1343" dir="0" index="0" bw="1" slack="0"/>
<pin id="1344" dir="0" index="1" bw="1" slack="0"/>
<pin id="1345" dir="1" index="2" bw="1" slack="0"/>
</pin_list>
<bind>
<opcode="and(23) " fcode="and"/>
<opset="and_ln46_192/1 "/>
</bind>
</comp>

<comp id="1348" class="1004" name="zext_ln46_98_fu_1348">
<pin_list>
<pin id="1349" dir="0" index="0" bw="1" slack="0"/>
<pin id="1350" dir="1" index="1" bw="6" slack="0"/>
</pin_list>
<bind>
<opcode="zext(34) " fcode="zext"/>
<opset="zext_ln46_98/1 "/>
</bind>
</comp>

<comp id="1352" class="1004" name="add_ln46_98_fu_1352">
<pin_list>
<pin id="1353" dir="0" index="0" bw="6" slack="0"/>
<pin id="1354" dir="0" index="1" bw="1" slack="0"/>
<pin id="1355" dir="1" index="2" bw="6" slack="0"/>
</pin_list>
<bind>
<opcode="add(8) " fcode="add"/>
<opset="add_ln46_98/1 "/>
</bind>
</comp>

<comp id="1358" class="1004" name="tmp_605_fu_1358">
<pin_list>
<pin id="1359" dir="0" index="0" bw="7" slack="0"/>
<pin id="1360" dir="0" index="1" bw="18" slack="0"/>
<pin id="1361" dir="0" index="2" bw="5" slack="0"/>
<pin id="1362" dir="1" index="3" bw="7" slack="0"/>
</pin_list>
<bind>
<opcode="partselect(1002) " fcode="partselect"/>
<opset="tmp_605/1 "/>
</bind>
</comp>

<comp id="1366" class="1004" name="icmp_ln46_199_fu_1366">
<pin_list>
<pin id="1367" dir="0" index="0" bw="7" slack="0"/>
<pin id="1368" dir="0" index="1" bw="7" slack="0"/>
<pin id="1369" dir="1" index="2" bw="1" slack="0"/>
</pin_list>
<bind>
<opcode="icmp(45) " fcode="icmp"/>
<opset="icmp_ln46_199/1 "/>
</bind>
</comp>

<comp id="1372" class="1004" name="tmp_606_fu_1372">
<pin_list>
<pin id="1373" dir="0" index="0" bw="1" slack="0"/>
<pin id="1374" dir="0" index="1" bw="6" slack="0"/>
<pin id="1375" dir="0" index="2" bw="4" slack="0"/>
<pin id="1376" dir="1" index="3" bw="1" slack="0"/>
</pin_list>
<bind>
<opcode="bitselect(1000) " fcode="bitselect"/>
<opset="tmp_606/1 "/>
</bind>
</comp>

<comp id="1380" class="1004" name="not_tmp_698_fu_1380">
<pin_list>
<pin id="1381" dir="0" index="0" bw="1" slack="0"/>
<pin id="1382" dir="0" index="1" bw="1" slack="0"/>
<pin id="1383" dir="1" index="2" bw="1" slack="0"/>
</pin_list>
<bind>
<opcode="xor(25) " fcode="xor"/>
<opset="not_tmp_698/1 "/>
</bind>
</comp>

<comp id="1386" class="1004" name="and_ln46_199_fu_1386">
<pin_list>
<pin id="1387" dir="0" index="0" bw="1" slack="0"/>
<pin id="1388" dir="0" index="1" bw="1" slack="0"/>
<pin id="1389" dir="1" index="2" bw="1" slack="0"/>
</pin_list>
<bind>
<opcode="or(24) " fcode="or"/>
<opset="and_ln46_199/1 "/>
</bind>
</comp>

<comp id="1392" class="1004" name="empty_112_fu_1392">
<pin_list>
<pin id="1393" dir="0" index="0" bw="1" slack="0"/>
<pin id="1394" dir="0" index="1" bw="1" slack="0"/>
<pin id="1395" dir="1" index="2" bw="1" slack="0"/>
</pin_list>
<bind>
<opcode="and(23) " fcode="and"/>
<opset="empty_112/1 "/>
</bind>
</comp>

<comp id="1398" class="1004" name="or_ln46_299_fu_1398">
<pin_list>
<pin id="1399" dir="0" index="0" bw="1" slack="0"/>
<pin id="1400" dir="0" index="1" bw="1" slack="0"/>
<pin id="1401" dir="1" index="2" bw="1" slack="0"/>
</pin_list>
<bind>
<opcode="or(24) " fcode="or"/>
<opset="or_ln46_299/1 "/>
</bind>
</comp>

<comp id="1404" class="1004" name="xor_ln46_98_fu_1404">
<pin_list>
<pin id="1405" dir="0" index="0" bw="1" slack="0"/>
<pin id="1406" dir="0" index="1" bw="1" slack="0"/>
<pin id="1407" dir="1" index="2" bw="1" slack="0"/>
</pin_list>
<bind>
<opcode="xor(25) " fcode="xor"/>
<opset="xor_ln46_98/1 "/>
</bind>
</comp>

<comp id="1410" class="1004" name="or_ln46_300_fu_1410">
<pin_list>
<pin id="1411" dir="0" index="0" bw="1" slack="0"/>
<pin id="1412" dir="0" index="1" bw="1" slack="0"/>
<pin id="1413" dir="1" index="2" bw="1" slack="0"/>
</pin_list>
<bind>
<opcode="or(24) " fcode="or"/>
<opset="or_ln46_300/1 "/>
</bind>
</comp>

<comp id="1416" class="1004" name="select_ln46_298_fu_1416">
<pin_list>
<pin id="1417" dir="0" index="0" bw="1" slack="0"/>
<pin id="1418" dir="0" index="1" bw="6" slack="0"/>
<pin id="1419" dir="0" index="2" bw="6" slack="0"/>
<pin id="1420" dir="1" index="3" bw="6" slack="0"/>
</pin_list>
<bind>
<opcode="select(49) " fcode="select"/>
<opset="select_ln46_298/1 "/>
</bind>
</comp>

<comp id="1424" class="1004" name="select_ln46_299_fu_1424">
<pin_list>
<pin id="1425" dir="0" index="0" bw="1" slack="0"/>
<pin id="1426" dir="0" index="1" bw="6" slack="0"/>
<pin id="1427" dir="0" index="2" bw="6" slack="0"/>
<pin id="1428" dir="1" index="3" bw="6" slack="0"/>
</pin_list>
<bind>
<opcode="select(49) " fcode="select"/>
<opset="select_ln46_299/1 "/>
</bind>
</comp>

<comp id="1432" class="1004" name="select_ln46_300_fu_1432">
<pin_list>
<pin id="1433" dir="0" index="0" bw="1" slack="0"/>
<pin id="1434" dir="0" index="1" bw="6" slack="0"/>
<pin id="1435" dir="0" index="2" bw="6" slack="0"/>
<pin id="1436" dir="1" index="3" bw="6" slack="0"/>
</pin_list>
<bind>
<opcode="select(49) " fcode="select"/>
<opset="select_ln46_300/1 "/>
</bind>
</comp>

<comp id="1440" class="1004" name="layer10_out_7_0_fu_1440">
<pin_list>
<pin id="1441" dir="0" index="0" bw="1" slack="0"/>
<pin id="1442" dir="0" index="1" bw="6" slack="0"/>
<pin id="1443" dir="0" index="2" bw="6" slack="0"/>
<pin id="1444" dir="1" index="3" bw="6" slack="0"/>
</pin_list>
<bind>
<opcode="select(49) " fcode="select"/>
<opset="layer10_out_7_0/1 "/>
</bind>
</comp>

<comp id="1448" class="1004" name="icmp_ln45_99_fu_1448">
<pin_list>
<pin id="1449" dir="0" index="0" bw="18" slack="0"/>
<pin id="1450" dir="0" index="1" bw="18" slack="0"/>
<pin id="1451" dir="1" index="2" bw="1" slack="0"/>
</pin_list>
<bind>
<opcode="icmp(45) " fcode="icmp"/>
<opset="icmp_ln45_99/1 "/>
</bind>
</comp>

<comp id="1454" class="1004" name="tmp_607_fu_1454">
<pin_list>
<pin id="1455" dir="0" index="0" bw="1" slack="0"/>
<pin id="1456" dir="0" index="1" bw="18" slack="0"/>
<pin id="1457" dir="0" index="2" bw="6" slack="0"/>
<pin id="1458" dir="1" index="3" bw="1" slack="0"/>
</pin_list>
<bind>
<opcode="bitselect(1000) " fcode="bitselect"/>
<opset="tmp_607/1 "/>
</bind>
</comp>

<comp id="1462" class="1004" name="trunc_ln46_96_fu_1462">
<pin_list>
<pin id="1463" dir="0" index="0" bw="6" slack="0"/>
<pin id="1464" dir="0" index="1" bw="18" slack="0"/>
<pin id="1465" dir="0" index="2" bw="4" slack="0"/>
<pin id="1466" dir="0" index="3" bw="5" slack="0"/>
<pin id="1467" dir="1" index="4" bw="6" slack="0"/>
</pin_list>
<bind>
<opcode="partselect(1002) " fcode="partselect"/>
<opset="trunc_ln46_96/1 "/>
</bind>
</comp>

<comp id="1472" class="1004" name="tmp_608_fu_1472">
<pin_list>
<pin id="1473" dir="0" index="0" bw="1" slack="0"/>
<pin id="1474" dir="0" index="1" bw="18" slack="0"/>
<pin id="1475" dir="0" index="2" bw="4" slack="0"/>
<pin id="1476" dir="1" index="3" bw="1" slack="0"/>
</pin_list>
<bind>
<opcode="bitselect(1000) " fcode="bitselect"/>
<opset="tmp_608/1 "/>
</bind>
</comp>

<comp id="1480" class="1004" name="trunc_ln46_160_fu_1480">
<pin_list>
<pin id="1481" dir="0" index="0" bw="18" slack="0"/>
<pin id="1482" dir="1" index="1" bw="4" slack="0"/>
</pin_list>
<bind>
<opcode="trunc(33) " fcode="trunc"/>
<opset="trunc_ln46_160/1 "/>
</bind>
</comp>

<comp id="1484" class="1004" name="icmp_ln46_200_fu_1484">
<pin_list>
<pin id="1485" dir="0" index="0" bw="4" slack="0"/>
<pin id="1486" dir="0" index="1" bw="4" slack="0"/>
<pin id="1487" dir="1" index="2" bw="1" slack="0"/>
</pin_list>
<bind>
<opcode="icmp(45) " fcode="icmp"/>
<opset="icmp_ln46_200/1 "/>
</bind>
</comp>

<comp id="1490" class="1004" name="tmp_609_fu_1490">
<pin_list>
<pin id="1491" dir="0" index="0" bw="1" slack="0"/>
<pin id="1492" dir="0" index="1" bw="18" slack="0"/>
<pin id="1493" dir="0" index="2" bw="5" slack="0"/>
<pin id="1494" dir="1" index="3" bw="1" slack="0"/>
</pin_list>
<bind>
<opcode="bitselect(1000) " fcode="bitselect"/>
<opset="tmp_609/1 "/>
</bind>
</comp>

<comp id="1498" class="1004" name="tmp_610_fu_1498">
<pin_list>
<pin id="1499" dir="0" index="0" bw="1" slack="0"/>
<pin id="1500" dir="0" index="1" bw="18" slack="0"/>
<pin id="1501" dir="0" index="2" bw="4" slack="0"/>
<pin id="1502" dir="1" index="3" bw="1" slack="0"/>
</pin_list>
<bind>
<opcode="bitselect(1000) " fcode="bitselect"/>
<opset="tmp_610/1 "/>
</bind>
</comp>

<comp id="1506" class="1004" name="or_ln46_301_fu_1506">
<pin_list>
<pin id="1507" dir="0" index="0" bw="1" slack="0"/>
<pin id="1508" dir="0" index="1" bw="1" slack="0"/>
<pin id="1509" dir="1" index="2" bw="1" slack="0"/>
</pin_list>
<bind>
<opcode="or(24) " fcode="or"/>
<opset="or_ln46_301/1 "/>
</bind>
</comp>

<comp id="1512" class="1004" name="and_ln46_194_fu_1512">
<pin_list>
<pin id="1513" dir="0" index="0" bw="1" slack="0"/>
<pin id="1514" dir="0" index="1" bw="1" slack="0"/>
<pin id="1515" dir="1" index="2" bw="1" slack="0"/>
</pin_list>
<bind>
<opcode="and(23) " fcode="and"/>
<opset="and_ln46_194/1 "/>
</bind>
</comp>

<comp id="1518" class="1004" name="zext_ln46_99_fu_1518">
<pin_list>
<pin id="1519" dir="0" index="0" bw="1" slack="0"/>
<pin id="1520" dir="1" index="1" bw="6" slack="0"/>
</pin_list>
<bind>
<opcode="zext(34) " fcode="zext"/>
<opset="zext_ln46_99/1 "/>
</bind>
</comp>

<comp id="1522" class="1004" name="add_ln46_99_fu_1522">
<pin_list>
<pin id="1523" dir="0" index="0" bw="6" slack="0"/>
<pin id="1524" dir="0" index="1" bw="1" slack="0"/>
<pin id="1525" dir="1" index="2" bw="6" slack="0"/>
</pin_list>
<bind>
<opcode="add(8) " fcode="add"/>
<opset="add_ln46_99/1 "/>
</bind>
</comp>

<comp id="1528" class="1004" name="tmp_611_fu_1528">
<pin_list>
<pin id="1529" dir="0" index="0" bw="7" slack="0"/>
<pin id="1530" dir="0" index="1" bw="18" slack="0"/>
<pin id="1531" dir="0" index="2" bw="5" slack="0"/>
<pin id="1532" dir="1" index="3" bw="7" slack="0"/>
</pin_list>
<bind>
<opcode="partselect(1002) " fcode="partselect"/>
<opset="tmp_611/1 "/>
</bind>
</comp>

<comp id="1536" class="1004" name="icmp_ln46_201_fu_1536">
<pin_list>
<pin id="1537" dir="0" index="0" bw="7" slack="0"/>
<pin id="1538" dir="0" index="1" bw="7" slack="0"/>
<pin id="1539" dir="1" index="2" bw="1" slack="0"/>
</pin_list>
<bind>
<opcode="icmp(45) " fcode="icmp"/>
<opset="icmp_ln46_201/1 "/>
</bind>
</comp>

<comp id="1542" class="1004" name="tmp_612_fu_1542">
<pin_list>
<pin id="1543" dir="0" index="0" bw="1" slack="0"/>
<pin id="1544" dir="0" index="1" bw="6" slack="0"/>
<pin id="1545" dir="0" index="2" bw="4" slack="0"/>
<pin id="1546" dir="1" index="3" bw="1" slack="0"/>
</pin_list>
<bind>
<opcode="bitselect(1000) " fcode="bitselect"/>
<opset="tmp_612/1 "/>
</bind>
</comp>

<comp id="1550" class="1004" name="not_tmp_705_fu_1550">
<pin_list>
<pin id="1551" dir="0" index="0" bw="1" slack="0"/>
<pin id="1552" dir="0" index="1" bw="1" slack="0"/>
<pin id="1553" dir="1" index="2" bw="1" slack="0"/>
</pin_list>
<bind>
<opcode="xor(25) " fcode="xor"/>
<opset="not_tmp_705/1 "/>
</bind>
</comp>

<comp id="1556" class="1004" name="and_ln46_201_fu_1556">
<pin_list>
<pin id="1557" dir="0" index="0" bw="1" slack="0"/>
<pin id="1558" dir="0" index="1" bw="1" slack="0"/>
<pin id="1559" dir="1" index="2" bw="1" slack="0"/>
</pin_list>
<bind>
<opcode="or(24) " fcode="or"/>
<opset="and_ln46_201/1 "/>
</bind>
</comp>

<comp id="1562" class="1004" name="empty_113_fu_1562">
<pin_list>
<pin id="1563" dir="0" index="0" bw="1" slack="0"/>
<pin id="1564" dir="0" index="1" bw="1" slack="0"/>
<pin id="1565" dir="1" index="2" bw="1" slack="0"/>
</pin_list>
<bind>
<opcode="and(23) " fcode="and"/>
<opset="empty_113/1 "/>
</bind>
</comp>

<comp id="1568" class="1004" name="or_ln46_302_fu_1568">
<pin_list>
<pin id="1569" dir="0" index="0" bw="1" slack="0"/>
<pin id="1570" dir="0" index="1" bw="1" slack="0"/>
<pin id="1571" dir="1" index="2" bw="1" slack="0"/>
</pin_list>
<bind>
<opcode="or(24) " fcode="or"/>
<opset="or_ln46_302/1 "/>
</bind>
</comp>

<comp id="1574" class="1004" name="xor_ln46_99_fu_1574">
<pin_list>
<pin id="1575" dir="0" index="0" bw="1" slack="0"/>
<pin id="1576" dir="0" index="1" bw="1" slack="0"/>
<pin id="1577" dir="1" index="2" bw="1" slack="0"/>
</pin_list>
<bind>
<opcode="xor(25) " fcode="xor"/>
<opset="xor_ln46_99/1 "/>
</bind>
</comp>

<comp id="1580" class="1004" name="or_ln46_303_fu_1580">
<pin_list>
<pin id="1581" dir="0" index="0" bw="1" slack="0"/>
<pin id="1582" dir="0" index="1" bw="1" slack="0"/>
<pin id="1583" dir="1" index="2" bw="1" slack="0"/>
</pin_list>
<bind>
<opcode="or(24) " fcode="or"/>
<opset="or_ln46_303/1 "/>
</bind>
</comp>

<comp id="1586" class="1004" name="select_ln46_301_fu_1586">
<pin_list>
<pin id="1587" dir="0" index="0" bw="1" slack="0"/>
<pin id="1588" dir="0" index="1" bw="6" slack="0"/>
<pin id="1589" dir="0" index="2" bw="6" slack="0"/>
<pin id="1590" dir="1" index="3" bw="6" slack="0"/>
</pin_list>
<bind>
<opcode="select(49) " fcode="select"/>
<opset="select_ln46_301/1 "/>
</bind>
</comp>

<comp id="1594" class="1004" name="select_ln46_302_fu_1594">
<pin_list>
<pin id="1595" dir="0" index="0" bw="1" slack="0"/>
<pin id="1596" dir="0" index="1" bw="6" slack="0"/>
<pin id="1597" dir="0" index="2" bw="6" slack="0"/>
<pin id="1598" dir="1" index="3" bw="6" slack="0"/>
</pin_list>
<bind>
<opcode="select(49) " fcode="select"/>
<opset="select_ln46_302/1 "/>
</bind>
</comp>

<comp id="1602" class="1004" name="select_ln46_303_fu_1602">
<pin_list>
<pin id="1603" dir="0" index="0" bw="1" slack="0"/>
<pin id="1604" dir="0" index="1" bw="6" slack="0"/>
<pin id="1605" dir="0" index="2" bw="6" slack="0"/>
<pin id="1606" dir="1" index="3" bw="6" slack="0"/>
</pin_list>
<bind>
<opcode="select(49) " fcode="select"/>
<opset="select_ln46_303/1 "/>
</bind>
</comp>

<comp id="1610" class="1004" name="layer10_out_9_0_fu_1610">
<pin_list>
<pin id="1611" dir="0" index="0" bw="1" slack="0"/>
<pin id="1612" dir="0" index="1" bw="6" slack="0"/>
<pin id="1613" dir="0" index="2" bw="6" slack="0"/>
<pin id="1614" dir="1" index="3" bw="6" slack="0"/>
</pin_list>
<bind>
<opcode="select(49) " fcode="select"/>
<opset="layer10_out_9_0/1 "/>
</bind>
</comp>

<comp id="1618" class="1004" name="icmp_ln45_100_fu_1618">
<pin_list>
<pin id="1619" dir="0" index="0" bw="18" slack="0"/>
<pin id="1620" dir="0" index="1" bw="18" slack="0"/>
<pin id="1621" dir="1" index="2" bw="1" slack="0"/>
</pin_list>
<bind>
<opcode="icmp(45) " fcode="icmp"/>
<opset="icmp_ln45_100/1 "/>
</bind>
</comp>

<comp id="1624" class="1004" name="tmp_613_fu_1624">
<pin_list>
<pin id="1625" dir="0" index="0" bw="1" slack="0"/>
<pin id="1626" dir="0" index="1" bw="18" slack="0"/>
<pin id="1627" dir="0" index="2" bw="6" slack="0"/>
<pin id="1628" dir="1" index="3" bw="1" slack="0"/>
</pin_list>
<bind>
<opcode="bitselect(1000) " fcode="bitselect"/>
<opset="tmp_613/1 "/>
</bind>
</comp>

<comp id="1632" class="1004" name="trunc_ln46_97_fu_1632">
<pin_list>
<pin id="1633" dir="0" index="0" bw="6" slack="0"/>
<pin id="1634" dir="0" index="1" bw="18" slack="0"/>
<pin id="1635" dir="0" index="2" bw="4" slack="0"/>
<pin id="1636" dir="0" index="3" bw="5" slack="0"/>
<pin id="1637" dir="1" index="4" bw="6" slack="0"/>
</pin_list>
<bind>
<opcode="partselect(1002) " fcode="partselect"/>
<opset="trunc_ln46_97/1 "/>
</bind>
</comp>

<comp id="1642" class="1004" name="tmp_614_fu_1642">
<pin_list>
<pin id="1643" dir="0" index="0" bw="1" slack="0"/>
<pin id="1644" dir="0" index="1" bw="18" slack="0"/>
<pin id="1645" dir="0" index="2" bw="4" slack="0"/>
<pin id="1646" dir="1" index="3" bw="1" slack="0"/>
</pin_list>
<bind>
<opcode="bitselect(1000) " fcode="bitselect"/>
<opset="tmp_614/1 "/>
</bind>
</comp>

<comp id="1650" class="1004" name="trunc_ln46_161_fu_1650">
<pin_list>
<pin id="1651" dir="0" index="0" bw="18" slack="0"/>
<pin id="1652" dir="1" index="1" bw="4" slack="0"/>
</pin_list>
<bind>
<opcode="trunc(33) " fcode="trunc"/>
<opset="trunc_ln46_161/1 "/>
</bind>
</comp>

<comp id="1654" class="1004" name="icmp_ln46_202_fu_1654">
<pin_list>
<pin id="1655" dir="0" index="0" bw="4" slack="0"/>
<pin id="1656" dir="0" index="1" bw="4" slack="0"/>
<pin id="1657" dir="1" index="2" bw="1" slack="0"/>
</pin_list>
<bind>
<opcode="icmp(45) " fcode="icmp"/>
<opset="icmp_ln46_202/1 "/>
</bind>
</comp>

<comp id="1660" class="1004" name="tmp_615_fu_1660">
<pin_list>
<pin id="1661" dir="0" index="0" bw="1" slack="0"/>
<pin id="1662" dir="0" index="1" bw="18" slack="0"/>
<pin id="1663" dir="0" index="2" bw="5" slack="0"/>
<pin id="1664" dir="1" index="3" bw="1" slack="0"/>
</pin_list>
<bind>
<opcode="bitselect(1000) " fcode="bitselect"/>
<opset="tmp_615/1 "/>
</bind>
</comp>

<comp id="1668" class="1004" name="tmp_616_fu_1668">
<pin_list>
<pin id="1669" dir="0" index="0" bw="1" slack="0"/>
<pin id="1670" dir="0" index="1" bw="18" slack="0"/>
<pin id="1671" dir="0" index="2" bw="4" slack="0"/>
<pin id="1672" dir="1" index="3" bw="1" slack="0"/>
</pin_list>
<bind>
<opcode="bitselect(1000) " fcode="bitselect"/>
<opset="tmp_616/1 "/>
</bind>
</comp>

<comp id="1676" class="1004" name="or_ln46_304_fu_1676">
<pin_list>
<pin id="1677" dir="0" index="0" bw="1" slack="0"/>
<pin id="1678" dir="0" index="1" bw="1" slack="0"/>
<pin id="1679" dir="1" index="2" bw="1" slack="0"/>
</pin_list>
<bind>
<opcode="or(24) " fcode="or"/>
<opset="or_ln46_304/1 "/>
</bind>
</comp>

<comp id="1682" class="1004" name="and_ln46_196_fu_1682">
<pin_list>
<pin id="1683" dir="0" index="0" bw="1" slack="0"/>
<pin id="1684" dir="0" index="1" bw="1" slack="0"/>
<pin id="1685" dir="1" index="2" bw="1" slack="0"/>
</pin_list>
<bind>
<opcode="and(23) " fcode="and"/>
<opset="and_ln46_196/1 "/>
</bind>
</comp>

<comp id="1688" class="1004" name="zext_ln46_100_fu_1688">
<pin_list>
<pin id="1689" dir="0" index="0" bw="1" slack="0"/>
<pin id="1690" dir="1" index="1" bw="6" slack="0"/>
</pin_list>
<bind>
<opcode="zext(34) " fcode="zext"/>
<opset="zext_ln46_100/1 "/>
</bind>
</comp>

<comp id="1692" class="1004" name="add_ln46_100_fu_1692">
<pin_list>
<pin id="1693" dir="0" index="0" bw="6" slack="0"/>
<pin id="1694" dir="0" index="1" bw="1" slack="0"/>
<pin id="1695" dir="1" index="2" bw="6" slack="0"/>
</pin_list>
<bind>
<opcode="add(8) " fcode="add"/>
<opset="add_ln46_100/1 "/>
</bind>
</comp>

<comp id="1698" class="1004" name="tmp_617_fu_1698">
<pin_list>
<pin id="1699" dir="0" index="0" bw="7" slack="0"/>
<pin id="1700" dir="0" index="1" bw="18" slack="0"/>
<pin id="1701" dir="0" index="2" bw="5" slack="0"/>
<pin id="1702" dir="1" index="3" bw="7" slack="0"/>
</pin_list>
<bind>
<opcode="partselect(1002) " fcode="partselect"/>
<opset="tmp_617/1 "/>
</bind>
</comp>

<comp id="1706" class="1004" name="icmp_ln46_203_fu_1706">
<pin_list>
<pin id="1707" dir="0" index="0" bw="7" slack="0"/>
<pin id="1708" dir="0" index="1" bw="7" slack="0"/>
<pin id="1709" dir="1" index="2" bw="1" slack="0"/>
</pin_list>
<bind>
<opcode="icmp(45) " fcode="icmp"/>
<opset="icmp_ln46_203/1 "/>
</bind>
</comp>

<comp id="1712" class="1004" name="tmp_618_fu_1712">
<pin_list>
<pin id="1713" dir="0" index="0" bw="1" slack="0"/>
<pin id="1714" dir="0" index="1" bw="6" slack="0"/>
<pin id="1715" dir="0" index="2" bw="4" slack="0"/>
<pin id="1716" dir="1" index="3" bw="1" slack="0"/>
</pin_list>
<bind>
<opcode="bitselect(1000) " fcode="bitselect"/>
<opset="tmp_618/1 "/>
</bind>
</comp>

<comp id="1720" class="1004" name="not_tmp_712_fu_1720">
<pin_list>
<pin id="1721" dir="0" index="0" bw="1" slack="0"/>
<pin id="1722" dir="0" index="1" bw="1" slack="0"/>
<pin id="1723" dir="1" index="2" bw="1" slack="0"/>
</pin_list>
<bind>
<opcode="xor(25) " fcode="xor"/>
<opset="not_tmp_712/1 "/>
</bind>
</comp>

<comp id="1726" class="1004" name="and_ln46_203_fu_1726">
<pin_list>
<pin id="1727" dir="0" index="0" bw="1" slack="0"/>
<pin id="1728" dir="0" index="1" bw="1" slack="0"/>
<pin id="1729" dir="1" index="2" bw="1" slack="0"/>
</pin_list>
<bind>
<opcode="or(24) " fcode="or"/>
<opset="and_ln46_203/1 "/>
</bind>
</comp>

<comp id="1732" class="1004" name="empty_114_fu_1732">
<pin_list>
<pin id="1733" dir="0" index="0" bw="1" slack="0"/>
<pin id="1734" dir="0" index="1" bw="1" slack="0"/>
<pin id="1735" dir="1" index="2" bw="1" slack="0"/>
</pin_list>
<bind>
<opcode="and(23) " fcode="and"/>
<opset="empty_114/1 "/>
</bind>
</comp>

<comp id="1738" class="1004" name="or_ln46_305_fu_1738">
<pin_list>
<pin id="1739" dir="0" index="0" bw="1" slack="0"/>
<pin id="1740" dir="0" index="1" bw="1" slack="0"/>
<pin id="1741" dir="1" index="2" bw="1" slack="0"/>
</pin_list>
<bind>
<opcode="or(24) " fcode="or"/>
<opset="or_ln46_305/1 "/>
</bind>
</comp>

<comp id="1744" class="1004" name="xor_ln46_100_fu_1744">
<pin_list>
<pin id="1745" dir="0" index="0" bw="1" slack="0"/>
<pin id="1746" dir="0" index="1" bw="1" slack="0"/>
<pin id="1747" dir="1" index="2" bw="1" slack="0"/>
</pin_list>
<bind>
<opcode="xor(25) " fcode="xor"/>
<opset="xor_ln46_100/1 "/>
</bind>
</comp>

<comp id="1750" class="1004" name="or_ln46_306_fu_1750">
<pin_list>
<pin id="1751" dir="0" index="0" bw="1" slack="0"/>
<pin id="1752" dir="0" index="1" bw="1" slack="0"/>
<pin id="1753" dir="1" index="2" bw="1" slack="0"/>
</pin_list>
<bind>
<opcode="or(24) " fcode="or"/>
<opset="or_ln46_306/1 "/>
</bind>
</comp>

<comp id="1756" class="1004" name="select_ln46_304_fu_1756">
<pin_list>
<pin id="1757" dir="0" index="0" bw="1" slack="0"/>
<pin id="1758" dir="0" index="1" bw="6" slack="0"/>
<pin id="1759" dir="0" index="2" bw="6" slack="0"/>
<pin id="1760" dir="1" index="3" bw="6" slack="0"/>
</pin_list>
<bind>
<opcode="select(49) " fcode="select"/>
<opset="select_ln46_304/1 "/>
</bind>
</comp>

<comp id="1764" class="1004" name="select_ln46_305_fu_1764">
<pin_list>
<pin id="1765" dir="0" index="0" bw="1" slack="0"/>
<pin id="1766" dir="0" index="1" bw="6" slack="0"/>
<pin id="1767" dir="0" index="2" bw="6" slack="0"/>
<pin id="1768" dir="1" index="3" bw="6" slack="0"/>
</pin_list>
<bind>
<opcode="select(49) " fcode="select"/>
<opset="select_ln46_305/1 "/>
</bind>
</comp>

<comp id="1772" class="1004" name="select_ln46_306_fu_1772">
<pin_list>
<pin id="1773" dir="0" index="0" bw="1" slack="0"/>
<pin id="1774" dir="0" index="1" bw="6" slack="0"/>
<pin id="1775" dir="0" index="2" bw="6" slack="0"/>
<pin id="1776" dir="1" index="3" bw="6" slack="0"/>
</pin_list>
<bind>
<opcode="select(49) " fcode="select"/>
<opset="select_ln46_306/1 "/>
</bind>
</comp>

<comp id="1780" class="1004" name="layer10_out_11_0_fu_1780">
<pin_list>
<pin id="1781" dir="0" index="0" bw="1" slack="0"/>
<pin id="1782" dir="0" index="1" bw="6" slack="0"/>
<pin id="1783" dir="0" index="2" bw="6" slack="0"/>
<pin id="1784" dir="1" index="3" bw="6" slack="0"/>
</pin_list>
<bind>
<opcode="select(49) " fcode="select"/>
<opset="layer10_out_11_0/1 "/>
</bind>
</comp>

<comp id="1788" class="1004" name="icmp_ln45_101_fu_1788">
<pin_list>
<pin id="1789" dir="0" index="0" bw="18" slack="0"/>
<pin id="1790" dir="0" index="1" bw="18" slack="0"/>
<pin id="1791" dir="1" index="2" bw="1" slack="0"/>
</pin_list>
<bind>
<opcode="icmp(45) " fcode="icmp"/>
<opset="icmp_ln45_101/1 "/>
</bind>
</comp>

<comp id="1794" class="1004" name="tmp_619_fu_1794">
<pin_list>
<pin id="1795" dir="0" index="0" bw="1" slack="0"/>
<pin id="1796" dir="0" index="1" bw="18" slack="0"/>
<pin id="1797" dir="0" index="2" bw="6" slack="0"/>
<pin id="1798" dir="1" index="3" bw="1" slack="0"/>
</pin_list>
<bind>
<opcode="bitselect(1000) " fcode="bitselect"/>
<opset="tmp_619/1 "/>
</bind>
</comp>

<comp id="1802" class="1004" name="trunc_ln46_98_fu_1802">
<pin_list>
<pin id="1803" dir="0" index="0" bw="6" slack="0"/>
<pin id="1804" dir="0" index="1" bw="18" slack="0"/>
<pin id="1805" dir="0" index="2" bw="4" slack="0"/>
<pin id="1806" dir="0" index="3" bw="5" slack="0"/>
<pin id="1807" dir="1" index="4" bw="6" slack="0"/>
</pin_list>
<bind>
<opcode="partselect(1002) " fcode="partselect"/>
<opset="trunc_ln46_98/1 "/>
</bind>
</comp>

<comp id="1812" class="1004" name="tmp_620_fu_1812">
<pin_list>
<pin id="1813" dir="0" index="0" bw="1" slack="0"/>
<pin id="1814" dir="0" index="1" bw="18" slack="0"/>
<pin id="1815" dir="0" index="2" bw="4" slack="0"/>
<pin id="1816" dir="1" index="3" bw="1" slack="0"/>
</pin_list>
<bind>
<opcode="bitselect(1000) " fcode="bitselect"/>
<opset="tmp_620/1 "/>
</bind>
</comp>

<comp id="1820" class="1004" name="trunc_ln46_162_fu_1820">
<pin_list>
<pin id="1821" dir="0" index="0" bw="18" slack="0"/>
<pin id="1822" dir="1" index="1" bw="4" slack="0"/>
</pin_list>
<bind>
<opcode="trunc(33) " fcode="trunc"/>
<opset="trunc_ln46_162/1 "/>
</bind>
</comp>

<comp id="1824" class="1004" name="icmp_ln46_204_fu_1824">
<pin_list>
<pin id="1825" dir="0" index="0" bw="4" slack="0"/>
<pin id="1826" dir="0" index="1" bw="4" slack="0"/>
<pin id="1827" dir="1" index="2" bw="1" slack="0"/>
</pin_list>
<bind>
<opcode="icmp(45) " fcode="icmp"/>
<opset="icmp_ln46_204/1 "/>
</bind>
</comp>

<comp id="1830" class="1004" name="tmp_621_fu_1830">
<pin_list>
<pin id="1831" dir="0" index="0" bw="1" slack="0"/>
<pin id="1832" dir="0" index="1" bw="18" slack="0"/>
<pin id="1833" dir="0" index="2" bw="5" slack="0"/>
<pin id="1834" dir="1" index="3" bw="1" slack="0"/>
</pin_list>
<bind>
<opcode="bitselect(1000) " fcode="bitselect"/>
<opset="tmp_621/1 "/>
</bind>
</comp>

<comp id="1838" class="1004" name="tmp_622_fu_1838">
<pin_list>
<pin id="1839" dir="0" index="0" bw="1" slack="0"/>
<pin id="1840" dir="0" index="1" bw="18" slack="0"/>
<pin id="1841" dir="0" index="2" bw="4" slack="0"/>
<pin id="1842" dir="1" index="3" bw="1" slack="0"/>
</pin_list>
<bind>
<opcode="bitselect(1000) " fcode="bitselect"/>
<opset="tmp_622/1 "/>
</bind>
</comp>

<comp id="1846" class="1004" name="or_ln46_307_fu_1846">
<pin_list>
<pin id="1847" dir="0" index="0" bw="1" slack="0"/>
<pin id="1848" dir="0" index="1" bw="1" slack="0"/>
<pin id="1849" dir="1" index="2" bw="1" slack="0"/>
</pin_list>
<bind>
<opcode="or(24) " fcode="or"/>
<opset="or_ln46_307/1 "/>
</bind>
</comp>

<comp id="1852" class="1004" name="and_ln46_198_fu_1852">
<pin_list>
<pin id="1853" dir="0" index="0" bw="1" slack="0"/>
<pin id="1854" dir="0" index="1" bw="1" slack="0"/>
<pin id="1855" dir="1" index="2" bw="1" slack="0"/>
</pin_list>
<bind>
<opcode="and(23) " fcode="and"/>
<opset="and_ln46_198/1 "/>
</bind>
</comp>

<comp id="1858" class="1004" name="zext_ln46_101_fu_1858">
<pin_list>
<pin id="1859" dir="0" index="0" bw="1" slack="0"/>
<pin id="1860" dir="1" index="1" bw="6" slack="0"/>
</pin_list>
<bind>
<opcode="zext(34) " fcode="zext"/>
<opset="zext_ln46_101/1 "/>
</bind>
</comp>

<comp id="1862" class="1004" name="add_ln46_101_fu_1862">
<pin_list>
<pin id="1863" dir="0" index="0" bw="6" slack="0"/>
<pin id="1864" dir="0" index="1" bw="1" slack="0"/>
<pin id="1865" dir="1" index="2" bw="6" slack="0"/>
</pin_list>
<bind>
<opcode="add(8) " fcode="add"/>
<opset="add_ln46_101/1 "/>
</bind>
</comp>

<comp id="1868" class="1004" name="tmp_623_fu_1868">
<pin_list>
<pin id="1869" dir="0" index="0" bw="7" slack="0"/>
<pin id="1870" dir="0" index="1" bw="18" slack="0"/>
<pin id="1871" dir="0" index="2" bw="5" slack="0"/>
<pin id="1872" dir="1" index="3" bw="7" slack="0"/>
</pin_list>
<bind>
<opcode="partselect(1002) " fcode="partselect"/>
<opset="tmp_623/1 "/>
</bind>
</comp>

<comp id="1876" class="1004" name="icmp_ln46_205_fu_1876">
<pin_list>
<pin id="1877" dir="0" index="0" bw="7" slack="0"/>
<pin id="1878" dir="0" index="1" bw="7" slack="0"/>
<pin id="1879" dir="1" index="2" bw="1" slack="0"/>
</pin_list>
<bind>
<opcode="icmp(45) " fcode="icmp"/>
<opset="icmp_ln46_205/1 "/>
</bind>
</comp>

<comp id="1882" class="1004" name="tmp_624_fu_1882">
<pin_list>
<pin id="1883" dir="0" index="0" bw="1" slack="0"/>
<pin id="1884" dir="0" index="1" bw="6" slack="0"/>
<pin id="1885" dir="0" index="2" bw="4" slack="0"/>
<pin id="1886" dir="1" index="3" bw="1" slack="0"/>
</pin_list>
<bind>
<opcode="bitselect(1000) " fcode="bitselect"/>
<opset="tmp_624/1 "/>
</bind>
</comp>

<comp id="1890" class="1004" name="not_tmp_719_fu_1890">
<pin_list>
<pin id="1891" dir="0" index="0" bw="1" slack="0"/>
<pin id="1892" dir="0" index="1" bw="1" slack="0"/>
<pin id="1893" dir="1" index="2" bw="1" slack="0"/>
</pin_list>
<bind>
<opcode="xor(25) " fcode="xor"/>
<opset="not_tmp_719/1 "/>
</bind>
</comp>

<comp id="1896" class="1004" name="and_ln46_205_fu_1896">
<pin_list>
<pin id="1897" dir="0" index="0" bw="1" slack="0"/>
<pin id="1898" dir="0" index="1" bw="1" slack="0"/>
<pin id="1899" dir="1" index="2" bw="1" slack="0"/>
</pin_list>
<bind>
<opcode="or(24) " fcode="or"/>
<opset="and_ln46_205/1 "/>
</bind>
</comp>

<comp id="1902" class="1004" name="empty_115_fu_1902">
<pin_list>
<pin id="1903" dir="0" index="0" bw="1" slack="0"/>
<pin id="1904" dir="0" index="1" bw="1" slack="0"/>
<pin id="1905" dir="1" index="2" bw="1" slack="0"/>
</pin_list>
<bind>
<opcode="and(23) " fcode="and"/>
<opset="empty_115/1 "/>
</bind>
</comp>

<comp id="1908" class="1004" name="or_ln46_308_fu_1908">
<pin_list>
<pin id="1909" dir="0" index="0" bw="1" slack="0"/>
<pin id="1910" dir="0" index="1" bw="1" slack="0"/>
<pin id="1911" dir="1" index="2" bw="1" slack="0"/>
</pin_list>
<bind>
<opcode="or(24) " fcode="or"/>
<opset="or_ln46_308/1 "/>
</bind>
</comp>

<comp id="1914" class="1004" name="xor_ln46_101_fu_1914">
<pin_list>
<pin id="1915" dir="0" index="0" bw="1" slack="0"/>
<pin id="1916" dir="0" index="1" bw="1" slack="0"/>
<pin id="1917" dir="1" index="2" bw="1" slack="0"/>
</pin_list>
<bind>
<opcode="xor(25) " fcode="xor"/>
<opset="xor_ln46_101/1 "/>
</bind>
</comp>

<comp id="1920" class="1004" name="or_ln46_309_fu_1920">
<pin_list>
<pin id="1921" dir="0" index="0" bw="1" slack="0"/>
<pin id="1922" dir="0" index="1" bw="1" slack="0"/>
<pin id="1923" dir="1" index="2" bw="1" slack="0"/>
</pin_list>
<bind>
<opcode="or(24) " fcode="or"/>
<opset="or_ln46_309/1 "/>
</bind>
</comp>

<comp id="1926" class="1004" name="select_ln46_307_fu_1926">
<pin_list>
<pin id="1927" dir="0" index="0" bw="1" slack="0"/>
<pin id="1928" dir="0" index="1" bw="6" slack="0"/>
<pin id="1929" dir="0" index="2" bw="6" slack="0"/>
<pin id="1930" dir="1" index="3" bw="6" slack="0"/>
</pin_list>
<bind>
<opcode="select(49) " fcode="select"/>
<opset="select_ln46_307/1 "/>
</bind>
</comp>

<comp id="1934" class="1004" name="select_ln46_308_fu_1934">
<pin_list>
<pin id="1935" dir="0" index="0" bw="1" slack="0"/>
<pin id="1936" dir="0" index="1" bw="6" slack="0"/>
<pin id="1937" dir="0" index="2" bw="6" slack="0"/>
<pin id="1938" dir="1" index="3" bw="6" slack="0"/>
</pin_list>
<bind>
<opcode="select(49) " fcode="select"/>
<opset="select_ln46_308/1 "/>
</bind>
</comp>

<comp id="1942" class="1004" name="select_ln46_309_fu_1942">
<pin_list>
<pin id="1943" dir="0" index="0" bw="1" slack="0"/>
<pin id="1944" dir="0" index="1" bw="6" slack="0"/>
<pin id="1945" dir="0" index="2" bw="6" slack="0"/>
<pin id="1946" dir="1" index="3" bw="6" slack="0"/>
</pin_list>
<bind>
<opcode="select(49) " fcode="select"/>
<opset="select_ln46_309/1 "/>
</bind>
</comp>

<comp id="1950" class="1004" name="layer10_out_12_0_fu_1950">
<pin_list>
<pin id="1951" dir="0" index="0" bw="1" slack="0"/>
<pin id="1952" dir="0" index="1" bw="6" slack="0"/>
<pin id="1953" dir="0" index="2" bw="6" slack="0"/>
<pin id="1954" dir="1" index="3" bw="6" slack="0"/>
</pin_list>
<bind>
<opcode="select(49) " fcode="select"/>
<opset="layer10_out_12_0/1 "/>
</bind>
</comp>

<comp id="1958" class="1004" name="icmp_ln45_102_fu_1958">
<pin_list>
<pin id="1959" dir="0" index="0" bw="18" slack="0"/>
<pin id="1960" dir="0" index="1" bw="18" slack="0"/>
<pin id="1961" dir="1" index="2" bw="1" slack="0"/>
</pin_list>
<bind>
<opcode="icmp(45) " fcode="icmp"/>
<opset="icmp_ln45_102/1 "/>
</bind>
</comp>

<comp id="1964" class="1004" name="tmp_625_fu_1964">
<pin_list>
<pin id="1965" dir="0" index="0" bw="1" slack="0"/>
<pin id="1966" dir="0" index="1" bw="18" slack="0"/>
<pin id="1967" dir="0" index="2" bw="6" slack="0"/>
<pin id="1968" dir="1" index="3" bw="1" slack="0"/>
</pin_list>
<bind>
<opcode="bitselect(1000) " fcode="bitselect"/>
<opset="tmp_625/1 "/>
</bind>
</comp>

<comp id="1972" class="1004" name="trunc_ln46_99_fu_1972">
<pin_list>
<pin id="1973" dir="0" index="0" bw="6" slack="0"/>
<pin id="1974" dir="0" index="1" bw="18" slack="0"/>
<pin id="1975" dir="0" index="2" bw="4" slack="0"/>
<pin id="1976" dir="0" index="3" bw="5" slack="0"/>
<pin id="1977" dir="1" index="4" bw="6" slack="0"/>
</pin_list>
<bind>
<opcode="partselect(1002) " fcode="partselect"/>
<opset="trunc_ln46_99/1 "/>
</bind>
</comp>

<comp id="1982" class="1004" name="tmp_626_fu_1982">
<pin_list>
<pin id="1983" dir="0" index="0" bw="1" slack="0"/>
<pin id="1984" dir="0" index="1" bw="18" slack="0"/>
<pin id="1985" dir="0" index="2" bw="4" slack="0"/>
<pin id="1986" dir="1" index="3" bw="1" slack="0"/>
</pin_list>
<bind>
<opcode="bitselect(1000) " fcode="bitselect"/>
<opset="tmp_626/1 "/>
</bind>
</comp>

<comp id="1990" class="1004" name="trunc_ln46_163_fu_1990">
<pin_list>
<pin id="1991" dir="0" index="0" bw="18" slack="0"/>
<pin id="1992" dir="1" index="1" bw="4" slack="0"/>
</pin_list>
<bind>
<opcode="trunc(33) " fcode="trunc"/>
<opset="trunc_ln46_163/1 "/>
</bind>
</comp>

<comp id="1994" class="1004" name="icmp_ln46_206_fu_1994">
<pin_list>
<pin id="1995" dir="0" index="0" bw="4" slack="0"/>
<pin id="1996" dir="0" index="1" bw="4" slack="0"/>
<pin id="1997" dir="1" index="2" bw="1" slack="0"/>
</pin_list>
<bind>
<opcode="icmp(45) " fcode="icmp"/>
<opset="icmp_ln46_206/1 "/>
</bind>
</comp>

<comp id="2000" class="1004" name="tmp_627_fu_2000">
<pin_list>
<pin id="2001" dir="0" index="0" bw="1" slack="0"/>
<pin id="2002" dir="0" index="1" bw="18" slack="0"/>
<pin id="2003" dir="0" index="2" bw="5" slack="0"/>
<pin id="2004" dir="1" index="3" bw="1" slack="0"/>
</pin_list>
<bind>
<opcode="bitselect(1000) " fcode="bitselect"/>
<opset="tmp_627/1 "/>
</bind>
</comp>

<comp id="2008" class="1004" name="tmp_628_fu_2008">
<pin_list>
<pin id="2009" dir="0" index="0" bw="1" slack="0"/>
<pin id="2010" dir="0" index="1" bw="18" slack="0"/>
<pin id="2011" dir="0" index="2" bw="4" slack="0"/>
<pin id="2012" dir="1" index="3" bw="1" slack="0"/>
</pin_list>
<bind>
<opcode="bitselect(1000) " fcode="bitselect"/>
<opset="tmp_628/1 "/>
</bind>
</comp>

<comp id="2016" class="1004" name="or_ln46_310_fu_2016">
<pin_list>
<pin id="2017" dir="0" index="0" bw="1" slack="0"/>
<pin id="2018" dir="0" index="1" bw="1" slack="0"/>
<pin id="2019" dir="1" index="2" bw="1" slack="0"/>
</pin_list>
<bind>
<opcode="or(24) " fcode="or"/>
<opset="or_ln46_310/1 "/>
</bind>
</comp>

<comp id="2022" class="1004" name="and_ln46_200_fu_2022">
<pin_list>
<pin id="2023" dir="0" index="0" bw="1" slack="0"/>
<pin id="2024" dir="0" index="1" bw="1" slack="0"/>
<pin id="2025" dir="1" index="2" bw="1" slack="0"/>
</pin_list>
<bind>
<opcode="and(23) " fcode="and"/>
<opset="and_ln46_200/1 "/>
</bind>
</comp>

<comp id="2028" class="1004" name="zext_ln46_102_fu_2028">
<pin_list>
<pin id="2029" dir="0" index="0" bw="1" slack="0"/>
<pin id="2030" dir="1" index="1" bw="6" slack="0"/>
</pin_list>
<bind>
<opcode="zext(34) " fcode="zext"/>
<opset="zext_ln46_102/1 "/>
</bind>
</comp>

<comp id="2032" class="1004" name="add_ln46_102_fu_2032">
<pin_list>
<pin id="2033" dir="0" index="0" bw="6" slack="0"/>
<pin id="2034" dir="0" index="1" bw="1" slack="0"/>
<pin id="2035" dir="1" index="2" bw="6" slack="0"/>
</pin_list>
<bind>
<opcode="add(8) " fcode="add"/>
<opset="add_ln46_102/1 "/>
</bind>
</comp>

<comp id="2038" class="1004" name="tmp_629_fu_2038">
<pin_list>
<pin id="2039" dir="0" index="0" bw="7" slack="0"/>
<pin id="2040" dir="0" index="1" bw="18" slack="0"/>
<pin id="2041" dir="0" index="2" bw="5" slack="0"/>
<pin id="2042" dir="1" index="3" bw="7" slack="0"/>
</pin_list>
<bind>
<opcode="partselect(1002) " fcode="partselect"/>
<opset="tmp_629/1 "/>
</bind>
</comp>

<comp id="2046" class="1004" name="icmp_ln46_207_fu_2046">
<pin_list>
<pin id="2047" dir="0" index="0" bw="7" slack="0"/>
<pin id="2048" dir="0" index="1" bw="7" slack="0"/>
<pin id="2049" dir="1" index="2" bw="1" slack="0"/>
</pin_list>
<bind>
<opcode="icmp(45) " fcode="icmp"/>
<opset="icmp_ln46_207/1 "/>
</bind>
</comp>

<comp id="2052" class="1004" name="tmp_630_fu_2052">
<pin_list>
<pin id="2053" dir="0" index="0" bw="1" slack="0"/>
<pin id="2054" dir="0" index="1" bw="6" slack="0"/>
<pin id="2055" dir="0" index="2" bw="4" slack="0"/>
<pin id="2056" dir="1" index="3" bw="1" slack="0"/>
</pin_list>
<bind>
<opcode="bitselect(1000) " fcode="bitselect"/>
<opset="tmp_630/1 "/>
</bind>
</comp>

<comp id="2060" class="1004" name="not_tmp_726_fu_2060">
<pin_list>
<pin id="2061" dir="0" index="0" bw="1" slack="0"/>
<pin id="2062" dir="0" index="1" bw="1" slack="0"/>
<pin id="2063" dir="1" index="2" bw="1" slack="0"/>
</pin_list>
<bind>
<opcode="xor(25) " fcode="xor"/>
<opset="not_tmp_726/1 "/>
</bind>
</comp>

<comp id="2066" class="1004" name="and_ln46_207_fu_2066">
<pin_list>
<pin id="2067" dir="0" index="0" bw="1" slack="0"/>
<pin id="2068" dir="0" index="1" bw="1" slack="0"/>
<pin id="2069" dir="1" index="2" bw="1" slack="0"/>
</pin_list>
<bind>
<opcode="or(24) " fcode="or"/>
<opset="and_ln46_207/1 "/>
</bind>
</comp>

<comp id="2072" class="1004" name="empty_116_fu_2072">
<pin_list>
<pin id="2073" dir="0" index="0" bw="1" slack="0"/>
<pin id="2074" dir="0" index="1" bw="1" slack="0"/>
<pin id="2075" dir="1" index="2" bw="1" slack="0"/>
</pin_list>
<bind>
<opcode="and(23) " fcode="and"/>
<opset="empty_116/1 "/>
</bind>
</comp>

<comp id="2078" class="1004" name="or_ln46_311_fu_2078">
<pin_list>
<pin id="2079" dir="0" index="0" bw="1" slack="0"/>
<pin id="2080" dir="0" index="1" bw="1" slack="0"/>
<pin id="2081" dir="1" index="2" bw="1" slack="0"/>
</pin_list>
<bind>
<opcode="or(24) " fcode="or"/>
<opset="or_ln46_311/1 "/>
</bind>
</comp>

<comp id="2084" class="1004" name="xor_ln46_102_fu_2084">
<pin_list>
<pin id="2085" dir="0" index="0" bw="1" slack="0"/>
<pin id="2086" dir="0" index="1" bw="1" slack="0"/>
<pin id="2087" dir="1" index="2" bw="1" slack="0"/>
</pin_list>
<bind>
<opcode="xor(25) " fcode="xor"/>
<opset="xor_ln46_102/1 "/>
</bind>
</comp>

<comp id="2090" class="1004" name="or_ln46_312_fu_2090">
<pin_list>
<pin id="2091" dir="0" index="0" bw="1" slack="0"/>
<pin id="2092" dir="0" index="1" bw="1" slack="0"/>
<pin id="2093" dir="1" index="2" bw="1" slack="0"/>
</pin_list>
<bind>
<opcode="or(24) " fcode="or"/>
<opset="or_ln46_312/1 "/>
</bind>
</comp>

<comp id="2096" class="1004" name="select_ln46_310_fu_2096">
<pin_list>
<pin id="2097" dir="0" index="0" bw="1" slack="0"/>
<pin id="2098" dir="0" index="1" bw="6" slack="0"/>
<pin id="2099" dir="0" index="2" bw="6" slack="0"/>
<pin id="2100" dir="1" index="3" bw="6" slack="0"/>
</pin_list>
<bind>
<opcode="select(49) " fcode="select"/>
<opset="select_ln46_310/1 "/>
</bind>
</comp>

<comp id="2104" class="1004" name="select_ln46_311_fu_2104">
<pin_list>
<pin id="2105" dir="0" index="0" bw="1" slack="0"/>
<pin id="2106" dir="0" index="1" bw="6" slack="0"/>
<pin id="2107" dir="0" index="2" bw="6" slack="0"/>
<pin id="2108" dir="1" index="3" bw="6" slack="0"/>
</pin_list>
<bind>
<opcode="select(49) " fcode="select"/>
<opset="select_ln46_311/1 "/>
</bind>
</comp>

<comp id="2112" class="1004" name="select_ln46_312_fu_2112">
<pin_list>
<pin id="2113" dir="0" index="0" bw="1" slack="0"/>
<pin id="2114" dir="0" index="1" bw="6" slack="0"/>
<pin id="2115" dir="0" index="2" bw="6" slack="0"/>
<pin id="2116" dir="1" index="3" bw="6" slack="0"/>
</pin_list>
<bind>
<opcode="select(49) " fcode="select"/>
<opset="select_ln46_312/1 "/>
</bind>
</comp>

<comp id="2120" class="1004" name="layer10_out_13_0_fu_2120">
<pin_list>
<pin id="2121" dir="0" index="0" bw="1" slack="0"/>
<pin id="2122" dir="0" index="1" bw="6" slack="0"/>
<pin id="2123" dir="0" index="2" bw="6" slack="0"/>
<pin id="2124" dir="1" index="3" bw="6" slack="0"/>
</pin_list>
<bind>
<opcode="select(49) " fcode="select"/>
<opset="layer10_out_13_0/1 "/>
</bind>
</comp>

<comp id="2128" class="1004" name="icmp_ln45_103_fu_2128">
<pin_list>
<pin id="2129" dir="0" index="0" bw="18" slack="0"/>
<pin id="2130" dir="0" index="1" bw="18" slack="0"/>
<pin id="2131" dir="1" index="2" bw="1" slack="0"/>
</pin_list>
<bind>
<opcode="icmp(45) " fcode="icmp"/>
<opset="icmp_ln45_103/1 "/>
</bind>
</comp>

<comp id="2134" class="1004" name="tmp_631_fu_2134">
<pin_list>
<pin id="2135" dir="0" index="0" bw="1" slack="0"/>
<pin id="2136" dir="0" index="1" bw="18" slack="0"/>
<pin id="2137" dir="0" index="2" bw="6" slack="0"/>
<pin id="2138" dir="1" index="3" bw="1" slack="0"/>
</pin_list>
<bind>
<opcode="bitselect(1000) " fcode="bitselect"/>
<opset="tmp_631/1 "/>
</bind>
</comp>

<comp id="2142" class="1004" name="trunc_ln46_100_fu_2142">
<pin_list>
<pin id="2143" dir="0" index="0" bw="6" slack="0"/>
<pin id="2144" dir="0" index="1" bw="18" slack="0"/>
<pin id="2145" dir="0" index="2" bw="4" slack="0"/>
<pin id="2146" dir="0" index="3" bw="5" slack="0"/>
<pin id="2147" dir="1" index="4" bw="6" slack="0"/>
</pin_list>
<bind>
<opcode="partselect(1002) " fcode="partselect"/>
<opset="trunc_ln46_100/1 "/>
</bind>
</comp>

<comp id="2152" class="1004" name="tmp_632_fu_2152">
<pin_list>
<pin id="2153" dir="0" index="0" bw="1" slack="0"/>
<pin id="2154" dir="0" index="1" bw="18" slack="0"/>
<pin id="2155" dir="0" index="2" bw="4" slack="0"/>
<pin id="2156" dir="1" index="3" bw="1" slack="0"/>
</pin_list>
<bind>
<opcode="bitselect(1000) " fcode="bitselect"/>
<opset="tmp_632/1 "/>
</bind>
</comp>

<comp id="2160" class="1004" name="trunc_ln46_164_fu_2160">
<pin_list>
<pin id="2161" dir="0" index="0" bw="18" slack="0"/>
<pin id="2162" dir="1" index="1" bw="4" slack="0"/>
</pin_list>
<bind>
<opcode="trunc(33) " fcode="trunc"/>
<opset="trunc_ln46_164/1 "/>
</bind>
</comp>

<comp id="2164" class="1004" name="icmp_ln46_208_fu_2164">
<pin_list>
<pin id="2165" dir="0" index="0" bw="4" slack="0"/>
<pin id="2166" dir="0" index="1" bw="4" slack="0"/>
<pin id="2167" dir="1" index="2" bw="1" slack="0"/>
</pin_list>
<bind>
<opcode="icmp(45) " fcode="icmp"/>
<opset="icmp_ln46_208/1 "/>
</bind>
</comp>

<comp id="2170" class="1004" name="tmp_633_fu_2170">
<pin_list>
<pin id="2171" dir="0" index="0" bw="1" slack="0"/>
<pin id="2172" dir="0" index="1" bw="18" slack="0"/>
<pin id="2173" dir="0" index="2" bw="5" slack="0"/>
<pin id="2174" dir="1" index="3" bw="1" slack="0"/>
</pin_list>
<bind>
<opcode="bitselect(1000) " fcode="bitselect"/>
<opset="tmp_633/1 "/>
</bind>
</comp>

<comp id="2178" class="1004" name="tmp_634_fu_2178">
<pin_list>
<pin id="2179" dir="0" index="0" bw="1" slack="0"/>
<pin id="2180" dir="0" index="1" bw="18" slack="0"/>
<pin id="2181" dir="0" index="2" bw="4" slack="0"/>
<pin id="2182" dir="1" index="3" bw="1" slack="0"/>
</pin_list>
<bind>
<opcode="bitselect(1000) " fcode="bitselect"/>
<opset="tmp_634/1 "/>
</bind>
</comp>

<comp id="2186" class="1004" name="or_ln46_313_fu_2186">
<pin_list>
<pin id="2187" dir="0" index="0" bw="1" slack="0"/>
<pin id="2188" dir="0" index="1" bw="1" slack="0"/>
<pin id="2189" dir="1" index="2" bw="1" slack="0"/>
</pin_list>
<bind>
<opcode="or(24) " fcode="or"/>
<opset="or_ln46_313/1 "/>
</bind>
</comp>

<comp id="2192" class="1004" name="and_ln46_202_fu_2192">
<pin_list>
<pin id="2193" dir="0" index="0" bw="1" slack="0"/>
<pin id="2194" dir="0" index="1" bw="1" slack="0"/>
<pin id="2195" dir="1" index="2" bw="1" slack="0"/>
</pin_list>
<bind>
<opcode="and(23) " fcode="and"/>
<opset="and_ln46_202/1 "/>
</bind>
</comp>

<comp id="2198" class="1004" name="zext_ln46_103_fu_2198">
<pin_list>
<pin id="2199" dir="0" index="0" bw="1" slack="0"/>
<pin id="2200" dir="1" index="1" bw="6" slack="0"/>
</pin_list>
<bind>
<opcode="zext(34) " fcode="zext"/>
<opset="zext_ln46_103/1 "/>
</bind>
</comp>

<comp id="2202" class="1004" name="add_ln46_103_fu_2202">
<pin_list>
<pin id="2203" dir="0" index="0" bw="6" slack="0"/>
<pin id="2204" dir="0" index="1" bw="1" slack="0"/>
<pin id="2205" dir="1" index="2" bw="6" slack="0"/>
</pin_list>
<bind>
<opcode="add(8) " fcode="add"/>
<opset="add_ln46_103/1 "/>
</bind>
</comp>

<comp id="2208" class="1004" name="tmp_635_fu_2208">
<pin_list>
<pin id="2209" dir="0" index="0" bw="7" slack="0"/>
<pin id="2210" dir="0" index="1" bw="18" slack="0"/>
<pin id="2211" dir="0" index="2" bw="5" slack="0"/>
<pin id="2212" dir="1" index="3" bw="7" slack="0"/>
</pin_list>
<bind>
<opcode="partselect(1002) " fcode="partselect"/>
<opset="tmp_635/1 "/>
</bind>
</comp>

<comp id="2216" class="1004" name="icmp_ln46_209_fu_2216">
<pin_list>
<pin id="2217" dir="0" index="0" bw="7" slack="0"/>
<pin id="2218" dir="0" index="1" bw="7" slack="0"/>
<pin id="2219" dir="1" index="2" bw="1" slack="0"/>
</pin_list>
<bind>
<opcode="icmp(45) " fcode="icmp"/>
<opset="icmp_ln46_209/1 "/>
</bind>
</comp>

<comp id="2222" class="1004" name="tmp_636_fu_2222">
<pin_list>
<pin id="2223" dir="0" index="0" bw="1" slack="0"/>
<pin id="2224" dir="0" index="1" bw="6" slack="0"/>
<pin id="2225" dir="0" index="2" bw="4" slack="0"/>
<pin id="2226" dir="1" index="3" bw="1" slack="0"/>
</pin_list>
<bind>
<opcode="bitselect(1000) " fcode="bitselect"/>
<opset="tmp_636/1 "/>
</bind>
</comp>

<comp id="2230" class="1004" name="not_tmp_733_fu_2230">
<pin_list>
<pin id="2231" dir="0" index="0" bw="1" slack="0"/>
<pin id="2232" dir="0" index="1" bw="1" slack="0"/>
<pin id="2233" dir="1" index="2" bw="1" slack="0"/>
</pin_list>
<bind>
<opcode="xor(25) " fcode="xor"/>
<opset="not_tmp_733/1 "/>
</bind>
</comp>

<comp id="2236" class="1004" name="and_ln46_209_fu_2236">
<pin_list>
<pin id="2237" dir="0" index="0" bw="1" slack="0"/>
<pin id="2238" dir="0" index="1" bw="1" slack="0"/>
<pin id="2239" dir="1" index="2" bw="1" slack="0"/>
</pin_list>
<bind>
<opcode="or(24) " fcode="or"/>
<opset="and_ln46_209/1 "/>
</bind>
</comp>

<comp id="2242" class="1004" name="empty_117_fu_2242">
<pin_list>
<pin id="2243" dir="0" index="0" bw="1" slack="0"/>
<pin id="2244" dir="0" index="1" bw="1" slack="0"/>
<pin id="2245" dir="1" index="2" bw="1" slack="0"/>
</pin_list>
<bind>
<opcode="and(23) " fcode="and"/>
<opset="empty_117/1 "/>
</bind>
</comp>

<comp id="2248" class="1004" name="or_ln46_314_fu_2248">
<pin_list>
<pin id="2249" dir="0" index="0" bw="1" slack="0"/>
<pin id="2250" dir="0" index="1" bw="1" slack="0"/>
<pin id="2251" dir="1" index="2" bw="1" slack="0"/>
</pin_list>
<bind>
<opcode="or(24) " fcode="or"/>
<opset="or_ln46_314/1 "/>
</bind>
</comp>

<comp id="2254" class="1004" name="xor_ln46_103_fu_2254">
<pin_list>
<pin id="2255" dir="0" index="0" bw="1" slack="0"/>
<pin id="2256" dir="0" index="1" bw="1" slack="0"/>
<pin id="2257" dir="1" index="2" bw="1" slack="0"/>
</pin_list>
<bind>
<opcode="xor(25) " fcode="xor"/>
<opset="xor_ln46_103/1 "/>
</bind>
</comp>

<comp id="2260" class="1004" name="or_ln46_315_fu_2260">
<pin_list>
<pin id="2261" dir="0" index="0" bw="1" slack="0"/>
<pin id="2262" dir="0" index="1" bw="1" slack="0"/>
<pin id="2263" dir="1" index="2" bw="1" slack="0"/>
</pin_list>
<bind>
<opcode="or(24) " fcode="or"/>
<opset="or_ln46_315/1 "/>
</bind>
</comp>

<comp id="2266" class="1004" name="select_ln46_313_fu_2266">
<pin_list>
<pin id="2267" dir="0" index="0" bw="1" slack="0"/>
<pin id="2268" dir="0" index="1" bw="6" slack="0"/>
<pin id="2269" dir="0" index="2" bw="6" slack="0"/>
<pin id="2270" dir="1" index="3" bw="6" slack="0"/>
</pin_list>
<bind>
<opcode="select(49) " fcode="select"/>
<opset="select_ln46_313/1 "/>
</bind>
</comp>

<comp id="2274" class="1004" name="select_ln46_314_fu_2274">
<pin_list>
<pin id="2275" dir="0" index="0" bw="1" slack="0"/>
<pin id="2276" dir="0" index="1" bw="6" slack="0"/>
<pin id="2277" dir="0" index="2" bw="6" slack="0"/>
<pin id="2278" dir="1" index="3" bw="6" slack="0"/>
</pin_list>
<bind>
<opcode="select(49) " fcode="select"/>
<opset="select_ln46_314/1 "/>
</bind>
</comp>

<comp id="2282" class="1004" name="select_ln46_315_fu_2282">
<pin_list>
<pin id="2283" dir="0" index="0" bw="1" slack="0"/>
<pin id="2284" dir="0" index="1" bw="6" slack="0"/>
<pin id="2285" dir="0" index="2" bw="6" slack="0"/>
<pin id="2286" dir="1" index="3" bw="6" slack="0"/>
</pin_list>
<bind>
<opcode="select(49) " fcode="select"/>
<opset="select_ln46_315/1 "/>
</bind>
</comp>

<comp id="2290" class="1004" name="layer10_out_1436_0_fu_2290">
<pin_list>
<pin id="2291" dir="0" index="0" bw="1" slack="0"/>
<pin id="2292" dir="0" index="1" bw="6" slack="0"/>
<pin id="2293" dir="0" index="2" bw="6" slack="0"/>
<pin id="2294" dir="1" index="3" bw="6" slack="0"/>
</pin_list>
<bind>
<opcode="select(49) " fcode="select"/>
<opset="layer10_out_1436_0/1 "/>
</bind>
</comp>

<comp id="2298" class="1004" name="icmp_ln45_104_fu_2298">
<pin_list>
<pin id="2299" dir="0" index="0" bw="18" slack="0"/>
<pin id="2300" dir="0" index="1" bw="18" slack="0"/>
<pin id="2301" dir="1" index="2" bw="1" slack="0"/>
</pin_list>
<bind>
<opcode="icmp(45) " fcode="icmp"/>
<opset="icmp_ln45_104/1 "/>
</bind>
</comp>

<comp id="2304" class="1004" name="tmp_637_fu_2304">
<pin_list>
<pin id="2305" dir="0" index="0" bw="1" slack="0"/>
<pin id="2306" dir="0" index="1" bw="18" slack="0"/>
<pin id="2307" dir="0" index="2" bw="6" slack="0"/>
<pin id="2308" dir="1" index="3" bw="1" slack="0"/>
</pin_list>
<bind>
<opcode="bitselect(1000) " fcode="bitselect"/>
<opset="tmp_637/1 "/>
</bind>
</comp>

<comp id="2312" class="1004" name="trunc_ln46_101_fu_2312">
<pin_list>
<pin id="2313" dir="0" index="0" bw="6" slack="0"/>
<pin id="2314" dir="0" index="1" bw="18" slack="0"/>
<pin id="2315" dir="0" index="2" bw="4" slack="0"/>
<pin id="2316" dir="0" index="3" bw="5" slack="0"/>
<pin id="2317" dir="1" index="4" bw="6" slack="0"/>
</pin_list>
<bind>
<opcode="partselect(1002) " fcode="partselect"/>
<opset="trunc_ln46_101/1 "/>
</bind>
</comp>

<comp id="2322" class="1004" name="tmp_638_fu_2322">
<pin_list>
<pin id="2323" dir="0" index="0" bw="1" slack="0"/>
<pin id="2324" dir="0" index="1" bw="18" slack="0"/>
<pin id="2325" dir="0" index="2" bw="4" slack="0"/>
<pin id="2326" dir="1" index="3" bw="1" slack="0"/>
</pin_list>
<bind>
<opcode="bitselect(1000) " fcode="bitselect"/>
<opset="tmp_638/1 "/>
</bind>
</comp>

<comp id="2330" class="1004" name="trunc_ln46_165_fu_2330">
<pin_list>
<pin id="2331" dir="0" index="0" bw="18" slack="0"/>
<pin id="2332" dir="1" index="1" bw="4" slack="0"/>
</pin_list>
<bind>
<opcode="trunc(33) " fcode="trunc"/>
<opset="trunc_ln46_165/1 "/>
</bind>
</comp>

<comp id="2334" class="1004" name="icmp_ln46_210_fu_2334">
<pin_list>
<pin id="2335" dir="0" index="0" bw="4" slack="0"/>
<pin id="2336" dir="0" index="1" bw="4" slack="0"/>
<pin id="2337" dir="1" index="2" bw="1" slack="0"/>
</pin_list>
<bind>
<opcode="icmp(45) " fcode="icmp"/>
<opset="icmp_ln46_210/1 "/>
</bind>
</comp>

<comp id="2340" class="1004" name="tmp_639_fu_2340">
<pin_list>
<pin id="2341" dir="0" index="0" bw="1" slack="0"/>
<pin id="2342" dir="0" index="1" bw="18" slack="0"/>
<pin id="2343" dir="0" index="2" bw="5" slack="0"/>
<pin id="2344" dir="1" index="3" bw="1" slack="0"/>
</pin_list>
<bind>
<opcode="bitselect(1000) " fcode="bitselect"/>
<opset="tmp_639/1 "/>
</bind>
</comp>

<comp id="2348" class="1004" name="tmp_640_fu_2348">
<pin_list>
<pin id="2349" dir="0" index="0" bw="1" slack="0"/>
<pin id="2350" dir="0" index="1" bw="18" slack="0"/>
<pin id="2351" dir="0" index="2" bw="4" slack="0"/>
<pin id="2352" dir="1" index="3" bw="1" slack="0"/>
</pin_list>
<bind>
<opcode="bitselect(1000) " fcode="bitselect"/>
<opset="tmp_640/1 "/>
</bind>
</comp>

<comp id="2356" class="1004" name="or_ln46_316_fu_2356">
<pin_list>
<pin id="2357" dir="0" index="0" bw="1" slack="0"/>
<pin id="2358" dir="0" index="1" bw="1" slack="0"/>
<pin id="2359" dir="1" index="2" bw="1" slack="0"/>
</pin_list>
<bind>
<opcode="or(24) " fcode="or"/>
<opset="or_ln46_316/1 "/>
</bind>
</comp>

<comp id="2362" class="1004" name="and_ln46_204_fu_2362">
<pin_list>
<pin id="2363" dir="0" index="0" bw="1" slack="0"/>
<pin id="2364" dir="0" index="1" bw="1" slack="0"/>
<pin id="2365" dir="1" index="2" bw="1" slack="0"/>
</pin_list>
<bind>
<opcode="and(23) " fcode="and"/>
<opset="and_ln46_204/1 "/>
</bind>
</comp>

<comp id="2368" class="1004" name="zext_ln46_104_fu_2368">
<pin_list>
<pin id="2369" dir="0" index="0" bw="1" slack="0"/>
<pin id="2370" dir="1" index="1" bw="6" slack="0"/>
</pin_list>
<bind>
<opcode="zext(34) " fcode="zext"/>
<opset="zext_ln46_104/1 "/>
</bind>
</comp>

<comp id="2372" class="1004" name="add_ln46_104_fu_2372">
<pin_list>
<pin id="2373" dir="0" index="0" bw="6" slack="0"/>
<pin id="2374" dir="0" index="1" bw="1" slack="0"/>
<pin id="2375" dir="1" index="2" bw="6" slack="0"/>
</pin_list>
<bind>
<opcode="add(8) " fcode="add"/>
<opset="add_ln46_104/1 "/>
</bind>
</comp>

<comp id="2378" class="1004" name="tmp_641_fu_2378">
<pin_list>
<pin id="2379" dir="0" index="0" bw="7" slack="0"/>
<pin id="2380" dir="0" index="1" bw="18" slack="0"/>
<pin id="2381" dir="0" index="2" bw="5" slack="0"/>
<pin id="2382" dir="1" index="3" bw="7" slack="0"/>
</pin_list>
<bind>
<opcode="partselect(1002) " fcode="partselect"/>
<opset="tmp_641/1 "/>
</bind>
</comp>

<comp id="2386" class="1004" name="icmp_ln46_211_fu_2386">
<pin_list>
<pin id="2387" dir="0" index="0" bw="7" slack="0"/>
<pin id="2388" dir="0" index="1" bw="7" slack="0"/>
<pin id="2389" dir="1" index="2" bw="1" slack="0"/>
</pin_list>
<bind>
<opcode="icmp(45) " fcode="icmp"/>
<opset="icmp_ln46_211/1 "/>
</bind>
</comp>

<comp id="2392" class="1004" name="tmp_642_fu_2392">
<pin_list>
<pin id="2393" dir="0" index="0" bw="1" slack="0"/>
<pin id="2394" dir="0" index="1" bw="6" slack="0"/>
<pin id="2395" dir="0" index="2" bw="4" slack="0"/>
<pin id="2396" dir="1" index="3" bw="1" slack="0"/>
</pin_list>
<bind>
<opcode="bitselect(1000) " fcode="bitselect"/>
<opset="tmp_642/1 "/>
</bind>
</comp>

<comp id="2400" class="1004" name="not_tmp_740_fu_2400">
<pin_list>
<pin id="2401" dir="0" index="0" bw="1" slack="0"/>
<pin id="2402" dir="0" index="1" bw="1" slack="0"/>
<pin id="2403" dir="1" index="2" bw="1" slack="0"/>
</pin_list>
<bind>
<opcode="xor(25) " fcode="xor"/>
<opset="not_tmp_740/1 "/>
</bind>
</comp>

<comp id="2406" class="1004" name="and_ln46_211_fu_2406">
<pin_list>
<pin id="2407" dir="0" index="0" bw="1" slack="0"/>
<pin id="2408" dir="0" index="1" bw="1" slack="0"/>
<pin id="2409" dir="1" index="2" bw="1" slack="0"/>
</pin_list>
<bind>
<opcode="or(24) " fcode="or"/>
<opset="and_ln46_211/1 "/>
</bind>
</comp>

<comp id="2412" class="1004" name="empty_118_fu_2412">
<pin_list>
<pin id="2413" dir="0" index="0" bw="1" slack="0"/>
<pin id="2414" dir="0" index="1" bw="1" slack="0"/>
<pin id="2415" dir="1" index="2" bw="1" slack="0"/>
</pin_list>
<bind>
<opcode="and(23) " fcode="and"/>
<opset="empty_118/1 "/>
</bind>
</comp>

<comp id="2418" class="1004" name="or_ln46_317_fu_2418">
<pin_list>
<pin id="2419" dir="0" index="0" bw="1" slack="0"/>
<pin id="2420" dir="0" index="1" bw="1" slack="0"/>
<pin id="2421" dir="1" index="2" bw="1" slack="0"/>
</pin_list>
<bind>
<opcode="or(24) " fcode="or"/>
<opset="or_ln46_317/1 "/>
</bind>
</comp>

<comp id="2424" class="1004" name="xor_ln46_104_fu_2424">
<pin_list>
<pin id="2425" dir="0" index="0" bw="1" slack="0"/>
<pin id="2426" dir="0" index="1" bw="1" slack="0"/>
<pin id="2427" dir="1" index="2" bw="1" slack="0"/>
</pin_list>
<bind>
<opcode="xor(25) " fcode="xor"/>
<opset="xor_ln46_104/1 "/>
</bind>
</comp>

<comp id="2430" class="1004" name="or_ln46_318_fu_2430">
<pin_list>
<pin id="2431" dir="0" index="0" bw="1" slack="0"/>
<pin id="2432" dir="0" index="1" bw="1" slack="0"/>
<pin id="2433" dir="1" index="2" bw="1" slack="0"/>
</pin_list>
<bind>
<opcode="or(24) " fcode="or"/>
<opset="or_ln46_318/1 "/>
</bind>
</comp>

<comp id="2436" class="1004" name="select_ln46_316_fu_2436">
<pin_list>
<pin id="2437" dir="0" index="0" bw="1" slack="0"/>
<pin id="2438" dir="0" index="1" bw="6" slack="0"/>
<pin id="2439" dir="0" index="2" bw="6" slack="0"/>
<pin id="2440" dir="1" index="3" bw="6" slack="0"/>
</pin_list>
<bind>
<opcode="select(49) " fcode="select"/>
<opset="select_ln46_316/1 "/>
</bind>
</comp>

<comp id="2444" class="1004" name="select_ln46_317_fu_2444">
<pin_list>
<pin id="2445" dir="0" index="0" bw="1" slack="0"/>
<pin id="2446" dir="0" index="1" bw="6" slack="0"/>
<pin id="2447" dir="0" index="2" bw="6" slack="0"/>
<pin id="2448" dir="1" index="3" bw="6" slack="0"/>
</pin_list>
<bind>
<opcode="select(49) " fcode="select"/>
<opset="select_ln46_317/1 "/>
</bind>
</comp>

<comp id="2452" class="1004" name="select_ln46_318_fu_2452">
<pin_list>
<pin id="2453" dir="0" index="0" bw="1" slack="0"/>
<pin id="2454" dir="0" index="1" bw="6" slack="0"/>
<pin id="2455" dir="0" index="2" bw="6" slack="0"/>
<pin id="2456" dir="1" index="3" bw="6" slack="0"/>
</pin_list>
<bind>
<opcode="select(49) " fcode="select"/>
<opset="select_ln46_318/1 "/>
</bind>
</comp>

<comp id="2460" class="1004" name="layer10_out_15_0_fu_2460">
<pin_list>
<pin id="2461" dir="0" index="0" bw="1" slack="0"/>
<pin id="2462" dir="0" index="1" bw="6" slack="0"/>
<pin id="2463" dir="0" index="2" bw="6" slack="0"/>
<pin id="2464" dir="1" index="3" bw="6" slack="0"/>
</pin_list>
<bind>
<opcode="select(49) " fcode="select"/>
<opset="layer10_out_15_0/1 "/>
</bind>
</comp>

<comp id="2468" class="1004" name="icmp_ln45_105_fu_2468">
<pin_list>
<pin id="2469" dir="0" index="0" bw="18" slack="0"/>
<pin id="2470" dir="0" index="1" bw="18" slack="0"/>
<pin id="2471" dir="1" index="2" bw="1" slack="0"/>
</pin_list>
<bind>
<opcode="icmp(45) " fcode="icmp"/>
<opset="icmp_ln45_105/1 "/>
</bind>
</comp>

<comp id="2474" class="1004" name="tmp_643_fu_2474">
<pin_list>
<pin id="2475" dir="0" index="0" bw="1" slack="0"/>
<pin id="2476" dir="0" index="1" bw="18" slack="0"/>
<pin id="2477" dir="0" index="2" bw="6" slack="0"/>
<pin id="2478" dir="1" index="3" bw="1" slack="0"/>
</pin_list>
<bind>
<opcode="bitselect(1000) " fcode="bitselect"/>
<opset="tmp_643/1 "/>
</bind>
</comp>

<comp id="2482" class="1004" name="trunc_ln46_102_fu_2482">
<pin_list>
<pin id="2483" dir="0" index="0" bw="6" slack="0"/>
<pin id="2484" dir="0" index="1" bw="18" slack="0"/>
<pin id="2485" dir="0" index="2" bw="4" slack="0"/>
<pin id="2486" dir="0" index="3" bw="5" slack="0"/>
<pin id="2487" dir="1" index="4" bw="6" slack="0"/>
</pin_list>
<bind>
<opcode="partselect(1002) " fcode="partselect"/>
<opset="trunc_ln46_102/1 "/>
</bind>
</comp>

<comp id="2492" class="1004" name="tmp_644_fu_2492">
<pin_list>
<pin id="2493" dir="0" index="0" bw="1" slack="0"/>
<pin id="2494" dir="0" index="1" bw="18" slack="0"/>
<pin id="2495" dir="0" index="2" bw="4" slack="0"/>
<pin id="2496" dir="1" index="3" bw="1" slack="0"/>
</pin_list>
<bind>
<opcode="bitselect(1000) " fcode="bitselect"/>
<opset="tmp_644/1 "/>
</bind>
</comp>

<comp id="2500" class="1004" name="trunc_ln46_166_fu_2500">
<pin_list>
<pin id="2501" dir="0" index="0" bw="18" slack="0"/>
<pin id="2502" dir="1" index="1" bw="4" slack="0"/>
</pin_list>
<bind>
<opcode="trunc(33) " fcode="trunc"/>
<opset="trunc_ln46_166/1 "/>
</bind>
</comp>

<comp id="2504" class="1004" name="icmp_ln46_212_fu_2504">
<pin_list>
<pin id="2505" dir="0" index="0" bw="4" slack="0"/>
<pin id="2506" dir="0" index="1" bw="4" slack="0"/>
<pin id="2507" dir="1" index="2" bw="1" slack="0"/>
</pin_list>
<bind>
<opcode="icmp(45) " fcode="icmp"/>
<opset="icmp_ln46_212/1 "/>
</bind>
</comp>

<comp id="2510" class="1004" name="tmp_645_fu_2510">
<pin_list>
<pin id="2511" dir="0" index="0" bw="1" slack="0"/>
<pin id="2512" dir="0" index="1" bw="18" slack="0"/>
<pin id="2513" dir="0" index="2" bw="5" slack="0"/>
<pin id="2514" dir="1" index="3" bw="1" slack="0"/>
</pin_list>
<bind>
<opcode="bitselect(1000) " fcode="bitselect"/>
<opset="tmp_645/1 "/>
</bind>
</comp>

<comp id="2518" class="1004" name="tmp_646_fu_2518">
<pin_list>
<pin id="2519" dir="0" index="0" bw="1" slack="0"/>
<pin id="2520" dir="0" index="1" bw="18" slack="0"/>
<pin id="2521" dir="0" index="2" bw="4" slack="0"/>
<pin id="2522" dir="1" index="3" bw="1" slack="0"/>
</pin_list>
<bind>
<opcode="bitselect(1000) " fcode="bitselect"/>
<opset="tmp_646/1 "/>
</bind>
</comp>

<comp id="2526" class="1004" name="or_ln46_319_fu_2526">
<pin_list>
<pin id="2527" dir="0" index="0" bw="1" slack="0"/>
<pin id="2528" dir="0" index="1" bw="1" slack="0"/>
<pin id="2529" dir="1" index="2" bw="1" slack="0"/>
</pin_list>
<bind>
<opcode="or(24) " fcode="or"/>
<opset="or_ln46_319/1 "/>
</bind>
</comp>

<comp id="2532" class="1004" name="and_ln46_206_fu_2532">
<pin_list>
<pin id="2533" dir="0" index="0" bw="1" slack="0"/>
<pin id="2534" dir="0" index="1" bw="1" slack="0"/>
<pin id="2535" dir="1" index="2" bw="1" slack="0"/>
</pin_list>
<bind>
<opcode="and(23) " fcode="and"/>
<opset="and_ln46_206/1 "/>
</bind>
</comp>

<comp id="2538" class="1004" name="zext_ln46_105_fu_2538">
<pin_list>
<pin id="2539" dir="0" index="0" bw="1" slack="0"/>
<pin id="2540" dir="1" index="1" bw="6" slack="0"/>
</pin_list>
<bind>
<opcode="zext(34) " fcode="zext"/>
<opset="zext_ln46_105/1 "/>
</bind>
</comp>

<comp id="2542" class="1004" name="add_ln46_105_fu_2542">
<pin_list>
<pin id="2543" dir="0" index="0" bw="6" slack="0"/>
<pin id="2544" dir="0" index="1" bw="1" slack="0"/>
<pin id="2545" dir="1" index="2" bw="6" slack="0"/>
</pin_list>
<bind>
<opcode="add(8) " fcode="add"/>
<opset="add_ln46_105/1 "/>
</bind>
</comp>

<comp id="2548" class="1004" name="tmp_647_fu_2548">
<pin_list>
<pin id="2549" dir="0" index="0" bw="7" slack="0"/>
<pin id="2550" dir="0" index="1" bw="18" slack="0"/>
<pin id="2551" dir="0" index="2" bw="5" slack="0"/>
<pin id="2552" dir="1" index="3" bw="7" slack="0"/>
</pin_list>
<bind>
<opcode="partselect(1002) " fcode="partselect"/>
<opset="tmp_647/1 "/>
</bind>
</comp>

<comp id="2556" class="1004" name="icmp_ln46_213_fu_2556">
<pin_list>
<pin id="2557" dir="0" index="0" bw="7" slack="0"/>
<pin id="2558" dir="0" index="1" bw="7" slack="0"/>
<pin id="2559" dir="1" index="2" bw="1" slack="0"/>
</pin_list>
<bind>
<opcode="icmp(45) " fcode="icmp"/>
<opset="icmp_ln46_213/1 "/>
</bind>
</comp>

<comp id="2562" class="1004" name="tmp_648_fu_2562">
<pin_list>
<pin id="2563" dir="0" index="0" bw="1" slack="0"/>
<pin id="2564" dir="0" index="1" bw="6" slack="0"/>
<pin id="2565" dir="0" index="2" bw="4" slack="0"/>
<pin id="2566" dir="1" index="3" bw="1" slack="0"/>
</pin_list>
<bind>
<opcode="bitselect(1000) " fcode="bitselect"/>
<opset="tmp_648/1 "/>
</bind>
</comp>

<comp id="2570" class="1004" name="not_tmp_747_fu_2570">
<pin_list>
<pin id="2571" dir="0" index="0" bw="1" slack="0"/>
<pin id="2572" dir="0" index="1" bw="1" slack="0"/>
<pin id="2573" dir="1" index="2" bw="1" slack="0"/>
</pin_list>
<bind>
<opcode="xor(25) " fcode="xor"/>
<opset="not_tmp_747/1 "/>
</bind>
</comp>

<comp id="2576" class="1004" name="and_ln46_213_fu_2576">
<pin_list>
<pin id="2577" dir="0" index="0" bw="1" slack="0"/>
<pin id="2578" dir="0" index="1" bw="1" slack="0"/>
<pin id="2579" dir="1" index="2" bw="1" slack="0"/>
</pin_list>
<bind>
<opcode="or(24) " fcode="or"/>
<opset="and_ln46_213/1 "/>
</bind>
</comp>

<comp id="2582" class="1004" name="empty_119_fu_2582">
<pin_list>
<pin id="2583" dir="0" index="0" bw="1" slack="0"/>
<pin id="2584" dir="0" index="1" bw="1" slack="0"/>
<pin id="2585" dir="1" index="2" bw="1" slack="0"/>
</pin_list>
<bind>
<opcode="and(23) " fcode="and"/>
<opset="empty_119/1 "/>
</bind>
</comp>

<comp id="2588" class="1004" name="or_ln46_320_fu_2588">
<pin_list>
<pin id="2589" dir="0" index="0" bw="1" slack="0"/>
<pin id="2590" dir="0" index="1" bw="1" slack="0"/>
<pin id="2591" dir="1" index="2" bw="1" slack="0"/>
</pin_list>
<bind>
<opcode="or(24) " fcode="or"/>
<opset="or_ln46_320/1 "/>
</bind>
</comp>

<comp id="2594" class="1004" name="xor_ln46_105_fu_2594">
<pin_list>
<pin id="2595" dir="0" index="0" bw="1" slack="0"/>
<pin id="2596" dir="0" index="1" bw="1" slack="0"/>
<pin id="2597" dir="1" index="2" bw="1" slack="0"/>
</pin_list>
<bind>
<opcode="xor(25) " fcode="xor"/>
<opset="xor_ln46_105/1 "/>
</bind>
</comp>

<comp id="2600" class="1004" name="or_ln46_321_fu_2600">
<pin_list>
<pin id="2601" dir="0" index="0" bw="1" slack="0"/>
<pin id="2602" dir="0" index="1" bw="1" slack="0"/>
<pin id="2603" dir="1" index="2" bw="1" slack="0"/>
</pin_list>
<bind>
<opcode="or(24) " fcode="or"/>
<opset="or_ln46_321/1 "/>
</bind>
</comp>

<comp id="2606" class="1004" name="select_ln46_319_fu_2606">
<pin_list>
<pin id="2607" dir="0" index="0" bw="1" slack="0"/>
<pin id="2608" dir="0" index="1" bw="6" slack="0"/>
<pin id="2609" dir="0" index="2" bw="6" slack="0"/>
<pin id="2610" dir="1" index="3" bw="6" slack="0"/>
</pin_list>
<bind>
<opcode="select(49) " fcode="select"/>
<opset="select_ln46_319/1 "/>
</bind>
</comp>

<comp id="2614" class="1004" name="select_ln46_320_fu_2614">
<pin_list>
<pin id="2615" dir="0" index="0" bw="1" slack="0"/>
<pin id="2616" dir="0" index="1" bw="6" slack="0"/>
<pin id="2617" dir="0" index="2" bw="6" slack="0"/>
<pin id="2618" dir="1" index="3" bw="6" slack="0"/>
</pin_list>
<bind>
<opcode="select(49) " fcode="select"/>
<opset="select_ln46_320/1 "/>
</bind>
</comp>

<comp id="2622" class="1004" name="select_ln46_321_fu_2622">
<pin_list>
<pin id="2623" dir="0" index="0" bw="1" slack="0"/>
<pin id="2624" dir="0" index="1" bw="6" slack="0"/>
<pin id="2625" dir="0" index="2" bw="6" slack="0"/>
<pin id="2626" dir="1" index="3" bw="6" slack="0"/>
</pin_list>
<bind>
<opcode="select(49) " fcode="select"/>
<opset="select_ln46_321/1 "/>
</bind>
</comp>

<comp id="2630" class="1004" name="layer10_out_17_0_fu_2630">
<pin_list>
<pin id="2631" dir="0" index="0" bw="1" slack="0"/>
<pin id="2632" dir="0" index="1" bw="6" slack="0"/>
<pin id="2633" dir="0" index="2" bw="6" slack="0"/>
<pin id="2634" dir="1" index="3" bw="6" slack="0"/>
</pin_list>
<bind>
<opcode="select(49) " fcode="select"/>
<opset="layer10_out_17_0/1 "/>
</bind>
</comp>

<comp id="2638" class="1004" name="icmp_ln45_106_fu_2638">
<pin_list>
<pin id="2639" dir="0" index="0" bw="18" slack="0"/>
<pin id="2640" dir="0" index="1" bw="18" slack="0"/>
<pin id="2641" dir="1" index="2" bw="1" slack="0"/>
</pin_list>
<bind>
<opcode="icmp(45) " fcode="icmp"/>
<opset="icmp_ln45_106/1 "/>
</bind>
</comp>

<comp id="2644" class="1004" name="tmp_649_fu_2644">
<pin_list>
<pin id="2645" dir="0" index="0" bw="1" slack="0"/>
<pin id="2646" dir="0" index="1" bw="18" slack="0"/>
<pin id="2647" dir="0" index="2" bw="6" slack="0"/>
<pin id="2648" dir="1" index="3" bw="1" slack="0"/>
</pin_list>
<bind>
<opcode="bitselect(1000) " fcode="bitselect"/>
<opset="tmp_649/1 "/>
</bind>
</comp>

<comp id="2652" class="1004" name="trunc_ln46_103_fu_2652">
<pin_list>
<pin id="2653" dir="0" index="0" bw="6" slack="0"/>
<pin id="2654" dir="0" index="1" bw="18" slack="0"/>
<pin id="2655" dir="0" index="2" bw="4" slack="0"/>
<pin id="2656" dir="0" index="3" bw="5" slack="0"/>
<pin id="2657" dir="1" index="4" bw="6" slack="0"/>
</pin_list>
<bind>
<opcode="partselect(1002) " fcode="partselect"/>
<opset="trunc_ln46_103/1 "/>
</bind>
</comp>

<comp id="2662" class="1004" name="tmp_650_fu_2662">
<pin_list>
<pin id="2663" dir="0" index="0" bw="1" slack="0"/>
<pin id="2664" dir="0" index="1" bw="18" slack="0"/>
<pin id="2665" dir="0" index="2" bw="4" slack="0"/>
<pin id="2666" dir="1" index="3" bw="1" slack="0"/>
</pin_list>
<bind>
<opcode="bitselect(1000) " fcode="bitselect"/>
<opset="tmp_650/1 "/>
</bind>
</comp>

<comp id="2670" class="1004" name="trunc_ln46_167_fu_2670">
<pin_list>
<pin id="2671" dir="0" index="0" bw="18" slack="0"/>
<pin id="2672" dir="1" index="1" bw="4" slack="0"/>
</pin_list>
<bind>
<opcode="trunc(33) " fcode="trunc"/>
<opset="trunc_ln46_167/1 "/>
</bind>
</comp>

<comp id="2674" class="1004" name="icmp_ln46_214_fu_2674">
<pin_list>
<pin id="2675" dir="0" index="0" bw="4" slack="0"/>
<pin id="2676" dir="0" index="1" bw="4" slack="0"/>
<pin id="2677" dir="1" index="2" bw="1" slack="0"/>
</pin_list>
<bind>
<opcode="icmp(45) " fcode="icmp"/>
<opset="icmp_ln46_214/1 "/>
</bind>
</comp>

<comp id="2680" class="1004" name="tmp_651_fu_2680">
<pin_list>
<pin id="2681" dir="0" index="0" bw="1" slack="0"/>
<pin id="2682" dir="0" index="1" bw="18" slack="0"/>
<pin id="2683" dir="0" index="2" bw="5" slack="0"/>
<pin id="2684" dir="1" index="3" bw="1" slack="0"/>
</pin_list>
<bind>
<opcode="bitselect(1000) " fcode="bitselect"/>
<opset="tmp_651/1 "/>
</bind>
</comp>

<comp id="2688" class="1004" name="tmp_652_fu_2688">
<pin_list>
<pin id="2689" dir="0" index="0" bw="1" slack="0"/>
<pin id="2690" dir="0" index="1" bw="18" slack="0"/>
<pin id="2691" dir="0" index="2" bw="4" slack="0"/>
<pin id="2692" dir="1" index="3" bw="1" slack="0"/>
</pin_list>
<bind>
<opcode="bitselect(1000) " fcode="bitselect"/>
<opset="tmp_652/1 "/>
</bind>
</comp>

<comp id="2696" class="1004" name="or_ln46_322_fu_2696">
<pin_list>
<pin id="2697" dir="0" index="0" bw="1" slack="0"/>
<pin id="2698" dir="0" index="1" bw="1" slack="0"/>
<pin id="2699" dir="1" index="2" bw="1" slack="0"/>
</pin_list>
<bind>
<opcode="or(24) " fcode="or"/>
<opset="or_ln46_322/1 "/>
</bind>
</comp>

<comp id="2702" class="1004" name="and_ln46_208_fu_2702">
<pin_list>
<pin id="2703" dir="0" index="0" bw="1" slack="0"/>
<pin id="2704" dir="0" index="1" bw="1" slack="0"/>
<pin id="2705" dir="1" index="2" bw="1" slack="0"/>
</pin_list>
<bind>
<opcode="and(23) " fcode="and"/>
<opset="and_ln46_208/1 "/>
</bind>
</comp>

<comp id="2708" class="1004" name="zext_ln46_106_fu_2708">
<pin_list>
<pin id="2709" dir="0" index="0" bw="1" slack="0"/>
<pin id="2710" dir="1" index="1" bw="6" slack="0"/>
</pin_list>
<bind>
<opcode="zext(34) " fcode="zext"/>
<opset="zext_ln46_106/1 "/>
</bind>
</comp>

<comp id="2712" class="1004" name="add_ln46_106_fu_2712">
<pin_list>
<pin id="2713" dir="0" index="0" bw="6" slack="0"/>
<pin id="2714" dir="0" index="1" bw="1" slack="0"/>
<pin id="2715" dir="1" index="2" bw="6" slack="0"/>
</pin_list>
<bind>
<opcode="add(8) " fcode="add"/>
<opset="add_ln46_106/1 "/>
</bind>
</comp>

<comp id="2718" class="1004" name="tmp_653_fu_2718">
<pin_list>
<pin id="2719" dir="0" index="0" bw="7" slack="0"/>
<pin id="2720" dir="0" index="1" bw="18" slack="0"/>
<pin id="2721" dir="0" index="2" bw="5" slack="0"/>
<pin id="2722" dir="1" index="3" bw="7" slack="0"/>
</pin_list>
<bind>
<opcode="partselect(1002) " fcode="partselect"/>
<opset="tmp_653/1 "/>
</bind>
</comp>

<comp id="2726" class="1004" name="icmp_ln46_215_fu_2726">
<pin_list>
<pin id="2727" dir="0" index="0" bw="7" slack="0"/>
<pin id="2728" dir="0" index="1" bw="7" slack="0"/>
<pin id="2729" dir="1" index="2" bw="1" slack="0"/>
</pin_list>
<bind>
<opcode="icmp(45) " fcode="icmp"/>
<opset="icmp_ln46_215/1 "/>
</bind>
</comp>

<comp id="2732" class="1004" name="tmp_654_fu_2732">
<pin_list>
<pin id="2733" dir="0" index="0" bw="1" slack="0"/>
<pin id="2734" dir="0" index="1" bw="6" slack="0"/>
<pin id="2735" dir="0" index="2" bw="4" slack="0"/>
<pin id="2736" dir="1" index="3" bw="1" slack="0"/>
</pin_list>
<bind>
<opcode="bitselect(1000) " fcode="bitselect"/>
<opset="tmp_654/1 "/>
</bind>
</comp>

<comp id="2740" class="1004" name="not_tmp_754_fu_2740">
<pin_list>
<pin id="2741" dir="0" index="0" bw="1" slack="0"/>
<pin id="2742" dir="0" index="1" bw="1" slack="0"/>
<pin id="2743" dir="1" index="2" bw="1" slack="0"/>
</pin_list>
<bind>
<opcode="xor(25) " fcode="xor"/>
<opset="not_tmp_754/1 "/>
</bind>
</comp>

<comp id="2746" class="1004" name="and_ln46_215_fu_2746">
<pin_list>
<pin id="2747" dir="0" index="0" bw="1" slack="0"/>
<pin id="2748" dir="0" index="1" bw="1" slack="0"/>
<pin id="2749" dir="1" index="2" bw="1" slack="0"/>
</pin_list>
<bind>
<opcode="or(24) " fcode="or"/>
<opset="and_ln46_215/1 "/>
</bind>
</comp>

<comp id="2752" class="1004" name="empty_120_fu_2752">
<pin_list>
<pin id="2753" dir="0" index="0" bw="1" slack="0"/>
<pin id="2754" dir="0" index="1" bw="1" slack="0"/>
<pin id="2755" dir="1" index="2" bw="1" slack="0"/>
</pin_list>
<bind>
<opcode="and(23) " fcode="and"/>
<opset="empty_120/1 "/>
</bind>
</comp>

<comp id="2758" class="1004" name="or_ln46_323_fu_2758">
<pin_list>
<pin id="2759" dir="0" index="0" bw="1" slack="0"/>
<pin id="2760" dir="0" index="1" bw="1" slack="0"/>
<pin id="2761" dir="1" index="2" bw="1" slack="0"/>
</pin_list>
<bind>
<opcode="or(24) " fcode="or"/>
<opset="or_ln46_323/1 "/>
</bind>
</comp>

<comp id="2764" class="1004" name="xor_ln46_106_fu_2764">
<pin_list>
<pin id="2765" dir="0" index="0" bw="1" slack="0"/>
<pin id="2766" dir="0" index="1" bw="1" slack="0"/>
<pin id="2767" dir="1" index="2" bw="1" slack="0"/>
</pin_list>
<bind>
<opcode="xor(25) " fcode="xor"/>
<opset="xor_ln46_106/1 "/>
</bind>
</comp>

<comp id="2770" class="1004" name="or_ln46_324_fu_2770">
<pin_list>
<pin id="2771" dir="0" index="0" bw="1" slack="0"/>
<pin id="2772" dir="0" index="1" bw="1" slack="0"/>
<pin id="2773" dir="1" index="2" bw="1" slack="0"/>
</pin_list>
<bind>
<opcode="or(24) " fcode="or"/>
<opset="or_ln46_324/1 "/>
</bind>
</comp>

<comp id="2776" class="1004" name="select_ln46_322_fu_2776">
<pin_list>
<pin id="2777" dir="0" index="0" bw="1" slack="0"/>
<pin id="2778" dir="0" index="1" bw="6" slack="0"/>
<pin id="2779" dir="0" index="2" bw="6" slack="0"/>
<pin id="2780" dir="1" index="3" bw="6" slack="0"/>
</pin_list>
<bind>
<opcode="select(49) " fcode="select"/>
<opset="select_ln46_322/1 "/>
</bind>
</comp>

<comp id="2784" class="1004" name="select_ln46_323_fu_2784">
<pin_list>
<pin id="2785" dir="0" index="0" bw="1" slack="0"/>
<pin id="2786" dir="0" index="1" bw="6" slack="0"/>
<pin id="2787" dir="0" index="2" bw="6" slack="0"/>
<pin id="2788" dir="1" index="3" bw="6" slack="0"/>
</pin_list>
<bind>
<opcode="select(49) " fcode="select"/>
<opset="select_ln46_323/1 "/>
</bind>
</comp>

<comp id="2792" class="1004" name="select_ln46_324_fu_2792">
<pin_list>
<pin id="2793" dir="0" index="0" bw="1" slack="0"/>
<pin id="2794" dir="0" index="1" bw="6" slack="0"/>
<pin id="2795" dir="0" index="2" bw="6" slack="0"/>
<pin id="2796" dir="1" index="3" bw="6" slack="0"/>
</pin_list>
<bind>
<opcode="select(49) " fcode="select"/>
<opset="select_ln46_324/1 "/>
</bind>
</comp>

<comp id="2800" class="1004" name="layer10_out_18_0_fu_2800">
<pin_list>
<pin id="2801" dir="0" index="0" bw="1" slack="0"/>
<pin id="2802" dir="0" index="1" bw="6" slack="0"/>
<pin id="2803" dir="0" index="2" bw="6" slack="0"/>
<pin id="2804" dir="1" index="3" bw="6" slack="0"/>
</pin_list>
<bind>
<opcode="select(49) " fcode="select"/>
<opset="layer10_out_18_0/1 "/>
</bind>
</comp>

<comp id="2808" class="1004" name="icmp_ln45_107_fu_2808">
<pin_list>
<pin id="2809" dir="0" index="0" bw="18" slack="0"/>
<pin id="2810" dir="0" index="1" bw="18" slack="0"/>
<pin id="2811" dir="1" index="2" bw="1" slack="0"/>
</pin_list>
<bind>
<opcode="icmp(45) " fcode="icmp"/>
<opset="icmp_ln45_107/1 "/>
</bind>
</comp>

<comp id="2814" class="1004" name="tmp_655_fu_2814">
<pin_list>
<pin id="2815" dir="0" index="0" bw="1" slack="0"/>
<pin id="2816" dir="0" index="1" bw="18" slack="0"/>
<pin id="2817" dir="0" index="2" bw="6" slack="0"/>
<pin id="2818" dir="1" index="3" bw="1" slack="0"/>
</pin_list>
<bind>
<opcode="bitselect(1000) " fcode="bitselect"/>
<opset="tmp_655/1 "/>
</bind>
</comp>

<comp id="2822" class="1004" name="trunc_ln46_104_fu_2822">
<pin_list>
<pin id="2823" dir="0" index="0" bw="6" slack="0"/>
<pin id="2824" dir="0" index="1" bw="18" slack="0"/>
<pin id="2825" dir="0" index="2" bw="4" slack="0"/>
<pin id="2826" dir="0" index="3" bw="5" slack="0"/>
<pin id="2827" dir="1" index="4" bw="6" slack="0"/>
</pin_list>
<bind>
<opcode="partselect(1002) " fcode="partselect"/>
<opset="trunc_ln46_104/1 "/>
</bind>
</comp>

<comp id="2832" class="1004" name="tmp_656_fu_2832">
<pin_list>
<pin id="2833" dir="0" index="0" bw="1" slack="0"/>
<pin id="2834" dir="0" index="1" bw="18" slack="0"/>
<pin id="2835" dir="0" index="2" bw="4" slack="0"/>
<pin id="2836" dir="1" index="3" bw="1" slack="0"/>
</pin_list>
<bind>
<opcode="bitselect(1000) " fcode="bitselect"/>
<opset="tmp_656/1 "/>
</bind>
</comp>

<comp id="2840" class="1004" name="trunc_ln46_168_fu_2840">
<pin_list>
<pin id="2841" dir="0" index="0" bw="18" slack="0"/>
<pin id="2842" dir="1" index="1" bw="4" slack="0"/>
</pin_list>
<bind>
<opcode="trunc(33) " fcode="trunc"/>
<opset="trunc_ln46_168/1 "/>
</bind>
</comp>

<comp id="2844" class="1004" name="icmp_ln46_216_fu_2844">
<pin_list>
<pin id="2845" dir="0" index="0" bw="4" slack="0"/>
<pin id="2846" dir="0" index="1" bw="4" slack="0"/>
<pin id="2847" dir="1" index="2" bw="1" slack="0"/>
</pin_list>
<bind>
<opcode="icmp(45) " fcode="icmp"/>
<opset="icmp_ln46_216/1 "/>
</bind>
</comp>

<comp id="2850" class="1004" name="tmp_657_fu_2850">
<pin_list>
<pin id="2851" dir="0" index="0" bw="1" slack="0"/>
<pin id="2852" dir="0" index="1" bw="18" slack="0"/>
<pin id="2853" dir="0" index="2" bw="5" slack="0"/>
<pin id="2854" dir="1" index="3" bw="1" slack="0"/>
</pin_list>
<bind>
<opcode="bitselect(1000) " fcode="bitselect"/>
<opset="tmp_657/1 "/>
</bind>
</comp>

<comp id="2858" class="1004" name="tmp_658_fu_2858">
<pin_list>
<pin id="2859" dir="0" index="0" bw="1" slack="0"/>
<pin id="2860" dir="0" index="1" bw="18" slack="0"/>
<pin id="2861" dir="0" index="2" bw="4" slack="0"/>
<pin id="2862" dir="1" index="3" bw="1" slack="0"/>
</pin_list>
<bind>
<opcode="bitselect(1000) " fcode="bitselect"/>
<opset="tmp_658/1 "/>
</bind>
</comp>

<comp id="2866" class="1004" name="or_ln46_325_fu_2866">
<pin_list>
<pin id="2867" dir="0" index="0" bw="1" slack="0"/>
<pin id="2868" dir="0" index="1" bw="1" slack="0"/>
<pin id="2869" dir="1" index="2" bw="1" slack="0"/>
</pin_list>
<bind>
<opcode="or(24) " fcode="or"/>
<opset="or_ln46_325/1 "/>
</bind>
</comp>

<comp id="2872" class="1004" name="and_ln46_210_fu_2872">
<pin_list>
<pin id="2873" dir="0" index="0" bw="1" slack="0"/>
<pin id="2874" dir="0" index="1" bw="1" slack="0"/>
<pin id="2875" dir="1" index="2" bw="1" slack="0"/>
</pin_list>
<bind>
<opcode="and(23) " fcode="and"/>
<opset="and_ln46_210/1 "/>
</bind>
</comp>

<comp id="2878" class="1004" name="zext_ln46_107_fu_2878">
<pin_list>
<pin id="2879" dir="0" index="0" bw="1" slack="0"/>
<pin id="2880" dir="1" index="1" bw="6" slack="0"/>
</pin_list>
<bind>
<opcode="zext(34) " fcode="zext"/>
<opset="zext_ln46_107/1 "/>
</bind>
</comp>

<comp id="2882" class="1004" name="add_ln46_107_fu_2882">
<pin_list>
<pin id="2883" dir="0" index="0" bw="6" slack="0"/>
<pin id="2884" dir="0" index="1" bw="1" slack="0"/>
<pin id="2885" dir="1" index="2" bw="6" slack="0"/>
</pin_list>
<bind>
<opcode="add(8) " fcode="add"/>
<opset="add_ln46_107/1 "/>
</bind>
</comp>

<comp id="2888" class="1004" name="tmp_659_fu_2888">
<pin_list>
<pin id="2889" dir="0" index="0" bw="7" slack="0"/>
<pin id="2890" dir="0" index="1" bw="18" slack="0"/>
<pin id="2891" dir="0" index="2" bw="5" slack="0"/>
<pin id="2892" dir="1" index="3" bw="7" slack="0"/>
</pin_list>
<bind>
<opcode="partselect(1002) " fcode="partselect"/>
<opset="tmp_659/1 "/>
</bind>
</comp>

<comp id="2896" class="1004" name="icmp_ln46_217_fu_2896">
<pin_list>
<pin id="2897" dir="0" index="0" bw="7" slack="0"/>
<pin id="2898" dir="0" index="1" bw="7" slack="0"/>
<pin id="2899" dir="1" index="2" bw="1" slack="0"/>
</pin_list>
<bind>
<opcode="icmp(45) " fcode="icmp"/>
<opset="icmp_ln46_217/1 "/>
</bind>
</comp>

<comp id="2902" class="1004" name="tmp_660_fu_2902">
<pin_list>
<pin id="2903" dir="0" index="0" bw="1" slack="0"/>
<pin id="2904" dir="0" index="1" bw="6" slack="0"/>
<pin id="2905" dir="0" index="2" bw="4" slack="0"/>
<pin id="2906" dir="1" index="3" bw="1" slack="0"/>
</pin_list>
<bind>
<opcode="bitselect(1000) " fcode="bitselect"/>
<opset="tmp_660/1 "/>
</bind>
</comp>

<comp id="2910" class="1004" name="not_tmp_761_fu_2910">
<pin_list>
<pin id="2911" dir="0" index="0" bw="1" slack="0"/>
<pin id="2912" dir="0" index="1" bw="1" slack="0"/>
<pin id="2913" dir="1" index="2" bw="1" slack="0"/>
</pin_list>
<bind>
<opcode="xor(25) " fcode="xor"/>
<opset="not_tmp_761/1 "/>
</bind>
</comp>

<comp id="2916" class="1004" name="and_ln46_217_fu_2916">
<pin_list>
<pin id="2917" dir="0" index="0" bw="1" slack="0"/>
<pin id="2918" dir="0" index="1" bw="1" slack="0"/>
<pin id="2919" dir="1" index="2" bw="1" slack="0"/>
</pin_list>
<bind>
<opcode="or(24) " fcode="or"/>
<opset="and_ln46_217/1 "/>
</bind>
</comp>

<comp id="2922" class="1004" name="empty_121_fu_2922">
<pin_list>
<pin id="2923" dir="0" index="0" bw="1" slack="0"/>
<pin id="2924" dir="0" index="1" bw="1" slack="0"/>
<pin id="2925" dir="1" index="2" bw="1" slack="0"/>
</pin_list>
<bind>
<opcode="and(23) " fcode="and"/>
<opset="empty_121/1 "/>
</bind>
</comp>

<comp id="2928" class="1004" name="or_ln46_326_fu_2928">
<pin_list>
<pin id="2929" dir="0" index="0" bw="1" slack="0"/>
<pin id="2930" dir="0" index="1" bw="1" slack="0"/>
<pin id="2931" dir="1" index="2" bw="1" slack="0"/>
</pin_list>
<bind>
<opcode="or(24) " fcode="or"/>
<opset="or_ln46_326/1 "/>
</bind>
</comp>

<comp id="2934" class="1004" name="xor_ln46_107_fu_2934">
<pin_list>
<pin id="2935" dir="0" index="0" bw="1" slack="0"/>
<pin id="2936" dir="0" index="1" bw="1" slack="0"/>
<pin id="2937" dir="1" index="2" bw="1" slack="0"/>
</pin_list>
<bind>
<opcode="xor(25) " fcode="xor"/>
<opset="xor_ln46_107/1 "/>
</bind>
</comp>

<comp id="2940" class="1004" name="or_ln46_327_fu_2940">
<pin_list>
<pin id="2941" dir="0" index="0" bw="1" slack="0"/>
<pin id="2942" dir="0" index="1" bw="1" slack="0"/>
<pin id="2943" dir="1" index="2" bw="1" slack="0"/>
</pin_list>
<bind>
<opcode="or(24) " fcode="or"/>
<opset="or_ln46_327/1 "/>
</bind>
</comp>

<comp id="2946" class="1004" name="select_ln46_325_fu_2946">
<pin_list>
<pin id="2947" dir="0" index="0" bw="1" slack="0"/>
<pin id="2948" dir="0" index="1" bw="6" slack="0"/>
<pin id="2949" dir="0" index="2" bw="6" slack="0"/>
<pin id="2950" dir="1" index="3" bw="6" slack="0"/>
</pin_list>
<bind>
<opcode="select(49) " fcode="select"/>
<opset="select_ln46_325/1 "/>
</bind>
</comp>

<comp id="2954" class="1004" name="select_ln46_326_fu_2954">
<pin_list>
<pin id="2955" dir="0" index="0" bw="1" slack="0"/>
<pin id="2956" dir="0" index="1" bw="6" slack="0"/>
<pin id="2957" dir="0" index="2" bw="6" slack="0"/>
<pin id="2958" dir="1" index="3" bw="6" slack="0"/>
</pin_list>
<bind>
<opcode="select(49) " fcode="select"/>
<opset="select_ln46_326/1 "/>
</bind>
</comp>

<comp id="2962" class="1004" name="select_ln46_327_fu_2962">
<pin_list>
<pin id="2963" dir="0" index="0" bw="1" slack="0"/>
<pin id="2964" dir="0" index="1" bw="6" slack="0"/>
<pin id="2965" dir="0" index="2" bw="6" slack="0"/>
<pin id="2966" dir="1" index="3" bw="6" slack="0"/>
</pin_list>
<bind>
<opcode="select(49) " fcode="select"/>
<opset="select_ln46_327/1 "/>
</bind>
</comp>

<comp id="2970" class="1004" name="layer10_out_19_0_fu_2970">
<pin_list>
<pin id="2971" dir="0" index="0" bw="1" slack="0"/>
<pin id="2972" dir="0" index="1" bw="6" slack="0"/>
<pin id="2973" dir="0" index="2" bw="6" slack="0"/>
<pin id="2974" dir="1" index="3" bw="6" slack="0"/>
</pin_list>
<bind>
<opcode="select(49) " fcode="select"/>
<opset="layer10_out_19_0/1 "/>
</bind>
</comp>

<comp id="2978" class="1004" name="icmp_ln45_108_fu_2978">
<pin_list>
<pin id="2979" dir="0" index="0" bw="18" slack="0"/>
<pin id="2980" dir="0" index="1" bw="18" slack="0"/>
<pin id="2981" dir="1" index="2" bw="1" slack="0"/>
</pin_list>
<bind>
<opcode="icmp(45) " fcode="icmp"/>
<opset="icmp_ln45_108/1 "/>
</bind>
</comp>

<comp id="2984" class="1004" name="tmp_661_fu_2984">
<pin_list>
<pin id="2985" dir="0" index="0" bw="1" slack="0"/>
<pin id="2986" dir="0" index="1" bw="18" slack="0"/>
<pin id="2987" dir="0" index="2" bw="6" slack="0"/>
<pin id="2988" dir="1" index="3" bw="1" slack="0"/>
</pin_list>
<bind>
<opcode="bitselect(1000) " fcode="bitselect"/>
<opset="tmp_661/1 "/>
</bind>
</comp>

<comp id="2992" class="1004" name="trunc_ln46_105_fu_2992">
<pin_list>
<pin id="2993" dir="0" index="0" bw="6" slack="0"/>
<pin id="2994" dir="0" index="1" bw="18" slack="0"/>
<pin id="2995" dir="0" index="2" bw="4" slack="0"/>
<pin id="2996" dir="0" index="3" bw="5" slack="0"/>
<pin id="2997" dir="1" index="4" bw="6" slack="0"/>
</pin_list>
<bind>
<opcode="partselect(1002) " fcode="partselect"/>
<opset="trunc_ln46_105/1 "/>
</bind>
</comp>

<comp id="3002" class="1004" name="tmp_662_fu_3002">
<pin_list>
<pin id="3003" dir="0" index="0" bw="1" slack="0"/>
<pin id="3004" dir="0" index="1" bw="18" slack="0"/>
<pin id="3005" dir="0" index="2" bw="4" slack="0"/>
<pin id="3006" dir="1" index="3" bw="1" slack="0"/>
</pin_list>
<bind>
<opcode="bitselect(1000) " fcode="bitselect"/>
<opset="tmp_662/1 "/>
</bind>
</comp>

<comp id="3010" class="1004" name="trunc_ln46_169_fu_3010">
<pin_list>
<pin id="3011" dir="0" index="0" bw="18" slack="0"/>
<pin id="3012" dir="1" index="1" bw="4" slack="0"/>
</pin_list>
<bind>
<opcode="trunc(33) " fcode="trunc"/>
<opset="trunc_ln46_169/1 "/>
</bind>
</comp>

<comp id="3014" class="1004" name="icmp_ln46_218_fu_3014">
<pin_list>
<pin id="3015" dir="0" index="0" bw="4" slack="0"/>
<pin id="3016" dir="0" index="1" bw="4" slack="0"/>
<pin id="3017" dir="1" index="2" bw="1" slack="0"/>
</pin_list>
<bind>
<opcode="icmp(45) " fcode="icmp"/>
<opset="icmp_ln46_218/1 "/>
</bind>
</comp>

<comp id="3020" class="1004" name="tmp_663_fu_3020">
<pin_list>
<pin id="3021" dir="0" index="0" bw="1" slack="0"/>
<pin id="3022" dir="0" index="1" bw="18" slack="0"/>
<pin id="3023" dir="0" index="2" bw="5" slack="0"/>
<pin id="3024" dir="1" index="3" bw="1" slack="0"/>
</pin_list>
<bind>
<opcode="bitselect(1000) " fcode="bitselect"/>
<opset="tmp_663/1 "/>
</bind>
</comp>

<comp id="3028" class="1004" name="tmp_664_fu_3028">
<pin_list>
<pin id="3029" dir="0" index="0" bw="1" slack="0"/>
<pin id="3030" dir="0" index="1" bw="18" slack="0"/>
<pin id="3031" dir="0" index="2" bw="4" slack="0"/>
<pin id="3032" dir="1" index="3" bw="1" slack="0"/>
</pin_list>
<bind>
<opcode="bitselect(1000) " fcode="bitselect"/>
<opset="tmp_664/1 "/>
</bind>
</comp>

<comp id="3036" class="1004" name="or_ln46_328_fu_3036">
<pin_list>
<pin id="3037" dir="0" index="0" bw="1" slack="0"/>
<pin id="3038" dir="0" index="1" bw="1" slack="0"/>
<pin id="3039" dir="1" index="2" bw="1" slack="0"/>
</pin_list>
<bind>
<opcode="or(24) " fcode="or"/>
<opset="or_ln46_328/1 "/>
</bind>
</comp>

<comp id="3042" class="1004" name="and_ln46_212_fu_3042">
<pin_list>
<pin id="3043" dir="0" index="0" bw="1" slack="0"/>
<pin id="3044" dir="0" index="1" bw="1" slack="0"/>
<pin id="3045" dir="1" index="2" bw="1" slack="0"/>
</pin_list>
<bind>
<opcode="and(23) " fcode="and"/>
<opset="and_ln46_212/1 "/>
</bind>
</comp>

<comp id="3048" class="1004" name="zext_ln46_108_fu_3048">
<pin_list>
<pin id="3049" dir="0" index="0" bw="1" slack="0"/>
<pin id="3050" dir="1" index="1" bw="6" slack="0"/>
</pin_list>
<bind>
<opcode="zext(34) " fcode="zext"/>
<opset="zext_ln46_108/1 "/>
</bind>
</comp>

<comp id="3052" class="1004" name="add_ln46_108_fu_3052">
<pin_list>
<pin id="3053" dir="0" index="0" bw="6" slack="0"/>
<pin id="3054" dir="0" index="1" bw="1" slack="0"/>
<pin id="3055" dir="1" index="2" bw="6" slack="0"/>
</pin_list>
<bind>
<opcode="add(8) " fcode="add"/>
<opset="add_ln46_108/1 "/>
</bind>
</comp>

<comp id="3058" class="1004" name="tmp_665_fu_3058">
<pin_list>
<pin id="3059" dir="0" index="0" bw="7" slack="0"/>
<pin id="3060" dir="0" index="1" bw="18" slack="0"/>
<pin id="3061" dir="0" index="2" bw="5" slack="0"/>
<pin id="3062" dir="1" index="3" bw="7" slack="0"/>
</pin_list>
<bind>
<opcode="partselect(1002) " fcode="partselect"/>
<opset="tmp_665/1 "/>
</bind>
</comp>

<comp id="3066" class="1004" name="icmp_ln46_219_fu_3066">
<pin_list>
<pin id="3067" dir="0" index="0" bw="7" slack="0"/>
<pin id="3068" dir="0" index="1" bw="7" slack="0"/>
<pin id="3069" dir="1" index="2" bw="1" slack="0"/>
</pin_list>
<bind>
<opcode="icmp(45) " fcode="icmp"/>
<opset="icmp_ln46_219/1 "/>
</bind>
</comp>

<comp id="3072" class="1004" name="tmp_666_fu_3072">
<pin_list>
<pin id="3073" dir="0" index="0" bw="1" slack="0"/>
<pin id="3074" dir="0" index="1" bw="6" slack="0"/>
<pin id="3075" dir="0" index="2" bw="4" slack="0"/>
<pin id="3076" dir="1" index="3" bw="1" slack="0"/>
</pin_list>
<bind>
<opcode="bitselect(1000) " fcode="bitselect"/>
<opset="tmp_666/1 "/>
</bind>
</comp>

<comp id="3080" class="1004" name="not_tmp_768_fu_3080">
<pin_list>
<pin id="3081" dir="0" index="0" bw="1" slack="0"/>
<pin id="3082" dir="0" index="1" bw="1" slack="0"/>
<pin id="3083" dir="1" index="2" bw="1" slack="0"/>
</pin_list>
<bind>
<opcode="xor(25) " fcode="xor"/>
<opset="not_tmp_768/1 "/>
</bind>
</comp>

<comp id="3086" class="1004" name="and_ln46_219_fu_3086">
<pin_list>
<pin id="3087" dir="0" index="0" bw="1" slack="0"/>
<pin id="3088" dir="0" index="1" bw="1" slack="0"/>
<pin id="3089" dir="1" index="2" bw="1" slack="0"/>
</pin_list>
<bind>
<opcode="or(24) " fcode="or"/>
<opset="and_ln46_219/1 "/>
</bind>
</comp>

<comp id="3092" class="1004" name="empty_122_fu_3092">
<pin_list>
<pin id="3093" dir="0" index="0" bw="1" slack="0"/>
<pin id="3094" dir="0" index="1" bw="1" slack="0"/>
<pin id="3095" dir="1" index="2" bw="1" slack="0"/>
</pin_list>
<bind>
<opcode="and(23) " fcode="and"/>
<opset="empty_122/1 "/>
</bind>
</comp>

<comp id="3098" class="1004" name="or_ln46_329_fu_3098">
<pin_list>
<pin id="3099" dir="0" index="0" bw="1" slack="0"/>
<pin id="3100" dir="0" index="1" bw="1" slack="0"/>
<pin id="3101" dir="1" index="2" bw="1" slack="0"/>
</pin_list>
<bind>
<opcode="or(24) " fcode="or"/>
<opset="or_ln46_329/1 "/>
</bind>
</comp>

<comp id="3104" class="1004" name="xor_ln46_108_fu_3104">
<pin_list>
<pin id="3105" dir="0" index="0" bw="1" slack="0"/>
<pin id="3106" dir="0" index="1" bw="1" slack="0"/>
<pin id="3107" dir="1" index="2" bw="1" slack="0"/>
</pin_list>
<bind>
<opcode="xor(25) " fcode="xor"/>
<opset="xor_ln46_108/1 "/>
</bind>
</comp>

<comp id="3110" class="1004" name="or_ln46_330_fu_3110">
<pin_list>
<pin id="3111" dir="0" index="0" bw="1" slack="0"/>
<pin id="3112" dir="0" index="1" bw="1" slack="0"/>
<pin id="3113" dir="1" index="2" bw="1" slack="0"/>
</pin_list>
<bind>
<opcode="or(24) " fcode="or"/>
<opset="or_ln46_330/1 "/>
</bind>
</comp>

<comp id="3116" class="1004" name="select_ln46_328_fu_3116">
<pin_list>
<pin id="3117" dir="0" index="0" bw="1" slack="0"/>
<pin id="3118" dir="0" index="1" bw="6" slack="0"/>
<pin id="3119" dir="0" index="2" bw="6" slack="0"/>
<pin id="3120" dir="1" index="3" bw="6" slack="0"/>
</pin_list>
<bind>
<opcode="select(49) " fcode="select"/>
<opset="select_ln46_328/1 "/>
</bind>
</comp>

<comp id="3124" class="1004" name="select_ln46_329_fu_3124">
<pin_list>
<pin id="3125" dir="0" index="0" bw="1" slack="0"/>
<pin id="3126" dir="0" index="1" bw="6" slack="0"/>
<pin id="3127" dir="0" index="2" bw="6" slack="0"/>
<pin id="3128" dir="1" index="3" bw="6" slack="0"/>
</pin_list>
<bind>
<opcode="select(49) " fcode="select"/>
<opset="select_ln46_329/1 "/>
</bind>
</comp>

<comp id="3132" class="1004" name="select_ln46_330_fu_3132">
<pin_list>
<pin id="3133" dir="0" index="0" bw="1" slack="0"/>
<pin id="3134" dir="0" index="1" bw="6" slack="0"/>
<pin id="3135" dir="0" index="2" bw="6" slack="0"/>
<pin id="3136" dir="1" index="3" bw="6" slack="0"/>
</pin_list>
<bind>
<opcode="select(49) " fcode="select"/>
<opset="select_ln46_330/1 "/>
</bind>
</comp>

<comp id="3140" class="1004" name="layer10_out_20_0_fu_3140">
<pin_list>
<pin id="3141" dir="0" index="0" bw="1" slack="0"/>
<pin id="3142" dir="0" index="1" bw="6" slack="0"/>
<pin id="3143" dir="0" index="2" bw="6" slack="0"/>
<pin id="3144" dir="1" index="3" bw="6" slack="0"/>
</pin_list>
<bind>
<opcode="select(49) " fcode="select"/>
<opset="layer10_out_20_0/1 "/>
</bind>
</comp>

<comp id="3148" class="1004" name="icmp_ln45_109_fu_3148">
<pin_list>
<pin id="3149" dir="0" index="0" bw="18" slack="0"/>
<pin id="3150" dir="0" index="1" bw="18" slack="0"/>
<pin id="3151" dir="1" index="2" bw="1" slack="0"/>
</pin_list>
<bind>
<opcode="icmp(45) " fcode="icmp"/>
<opset="icmp_ln45_109/1 "/>
</bind>
</comp>

<comp id="3154" class="1004" name="tmp_667_fu_3154">
<pin_list>
<pin id="3155" dir="0" index="0" bw="1" slack="0"/>
<pin id="3156" dir="0" index="1" bw="18" slack="0"/>
<pin id="3157" dir="0" index="2" bw="6" slack="0"/>
<pin id="3158" dir="1" index="3" bw="1" slack="0"/>
</pin_list>
<bind>
<opcode="bitselect(1000) " fcode="bitselect"/>
<opset="tmp_667/1 "/>
</bind>
</comp>

<comp id="3162" class="1004" name="trunc_ln46_106_fu_3162">
<pin_list>
<pin id="3163" dir="0" index="0" bw="6" slack="0"/>
<pin id="3164" dir="0" index="1" bw="18" slack="0"/>
<pin id="3165" dir="0" index="2" bw="4" slack="0"/>
<pin id="3166" dir="0" index="3" bw="5" slack="0"/>
<pin id="3167" dir="1" index="4" bw="6" slack="0"/>
</pin_list>
<bind>
<opcode="partselect(1002) " fcode="partselect"/>
<opset="trunc_ln46_106/1 "/>
</bind>
</comp>

<comp id="3172" class="1004" name="tmp_668_fu_3172">
<pin_list>
<pin id="3173" dir="0" index="0" bw="1" slack="0"/>
<pin id="3174" dir="0" index="1" bw="18" slack="0"/>
<pin id="3175" dir="0" index="2" bw="4" slack="0"/>
<pin id="3176" dir="1" index="3" bw="1" slack="0"/>
</pin_list>
<bind>
<opcode="bitselect(1000) " fcode="bitselect"/>
<opset="tmp_668/1 "/>
</bind>
</comp>

<comp id="3180" class="1004" name="trunc_ln46_170_fu_3180">
<pin_list>
<pin id="3181" dir="0" index="0" bw="18" slack="0"/>
<pin id="3182" dir="1" index="1" bw="4" slack="0"/>
</pin_list>
<bind>
<opcode="trunc(33) " fcode="trunc"/>
<opset="trunc_ln46_170/1 "/>
</bind>
</comp>

<comp id="3184" class="1004" name="icmp_ln46_220_fu_3184">
<pin_list>
<pin id="3185" dir="0" index="0" bw="4" slack="0"/>
<pin id="3186" dir="0" index="1" bw="4" slack="0"/>
<pin id="3187" dir="1" index="2" bw="1" slack="0"/>
</pin_list>
<bind>
<opcode="icmp(45) " fcode="icmp"/>
<opset="icmp_ln46_220/1 "/>
</bind>
</comp>

<comp id="3190" class="1004" name="tmp_669_fu_3190">
<pin_list>
<pin id="3191" dir="0" index="0" bw="1" slack="0"/>
<pin id="3192" dir="0" index="1" bw="18" slack="0"/>
<pin id="3193" dir="0" index="2" bw="5" slack="0"/>
<pin id="3194" dir="1" index="3" bw="1" slack="0"/>
</pin_list>
<bind>
<opcode="bitselect(1000) " fcode="bitselect"/>
<opset="tmp_669/1 "/>
</bind>
</comp>

<comp id="3198" class="1004" name="tmp_670_fu_3198">
<pin_list>
<pin id="3199" dir="0" index="0" bw="1" slack="0"/>
<pin id="3200" dir="0" index="1" bw="18" slack="0"/>
<pin id="3201" dir="0" index="2" bw="4" slack="0"/>
<pin id="3202" dir="1" index="3" bw="1" slack="0"/>
</pin_list>
<bind>
<opcode="bitselect(1000) " fcode="bitselect"/>
<opset="tmp_670/1 "/>
</bind>
</comp>

<comp id="3206" class="1004" name="or_ln46_331_fu_3206">
<pin_list>
<pin id="3207" dir="0" index="0" bw="1" slack="0"/>
<pin id="3208" dir="0" index="1" bw="1" slack="0"/>
<pin id="3209" dir="1" index="2" bw="1" slack="0"/>
</pin_list>
<bind>
<opcode="or(24) " fcode="or"/>
<opset="or_ln46_331/1 "/>
</bind>
</comp>

<comp id="3212" class="1004" name="and_ln46_214_fu_3212">
<pin_list>
<pin id="3213" dir="0" index="0" bw="1" slack="0"/>
<pin id="3214" dir="0" index="1" bw="1" slack="0"/>
<pin id="3215" dir="1" index="2" bw="1" slack="0"/>
</pin_list>
<bind>
<opcode="and(23) " fcode="and"/>
<opset="and_ln46_214/1 "/>
</bind>
</comp>

<comp id="3218" class="1004" name="zext_ln46_109_fu_3218">
<pin_list>
<pin id="3219" dir="0" index="0" bw="1" slack="0"/>
<pin id="3220" dir="1" index="1" bw="6" slack="0"/>
</pin_list>
<bind>
<opcode="zext(34) " fcode="zext"/>
<opset="zext_ln46_109/1 "/>
</bind>
</comp>

<comp id="3222" class="1004" name="add_ln46_109_fu_3222">
<pin_list>
<pin id="3223" dir="0" index="0" bw="6" slack="0"/>
<pin id="3224" dir="0" index="1" bw="1" slack="0"/>
<pin id="3225" dir="1" index="2" bw="6" slack="0"/>
</pin_list>
<bind>
<opcode="add(8) " fcode="add"/>
<opset="add_ln46_109/1 "/>
</bind>
</comp>

<comp id="3228" class="1004" name="tmp_671_fu_3228">
<pin_list>
<pin id="3229" dir="0" index="0" bw="7" slack="0"/>
<pin id="3230" dir="0" index="1" bw="18" slack="0"/>
<pin id="3231" dir="0" index="2" bw="5" slack="0"/>
<pin id="3232" dir="1" index="3" bw="7" slack="0"/>
</pin_list>
<bind>
<opcode="partselect(1002) " fcode="partselect"/>
<opset="tmp_671/1 "/>
</bind>
</comp>

<comp id="3236" class="1004" name="icmp_ln46_221_fu_3236">
<pin_list>
<pin id="3237" dir="0" index="0" bw="7" slack="0"/>
<pin id="3238" dir="0" index="1" bw="7" slack="0"/>
<pin id="3239" dir="1" index="2" bw="1" slack="0"/>
</pin_list>
<bind>
<opcode="icmp(45) " fcode="icmp"/>
<opset="icmp_ln46_221/1 "/>
</bind>
</comp>

<comp id="3242" class="1004" name="tmp_672_fu_3242">
<pin_list>
<pin id="3243" dir="0" index="0" bw="1" slack="0"/>
<pin id="3244" dir="0" index="1" bw="6" slack="0"/>
<pin id="3245" dir="0" index="2" bw="4" slack="0"/>
<pin id="3246" dir="1" index="3" bw="1" slack="0"/>
</pin_list>
<bind>
<opcode="bitselect(1000) " fcode="bitselect"/>
<opset="tmp_672/1 "/>
</bind>
</comp>

<comp id="3250" class="1004" name="not_tmp_775_fu_3250">
<pin_list>
<pin id="3251" dir="0" index="0" bw="1" slack="0"/>
<pin id="3252" dir="0" index="1" bw="1" slack="0"/>
<pin id="3253" dir="1" index="2" bw="1" slack="0"/>
</pin_list>
<bind>
<opcode="xor(25) " fcode="xor"/>
<opset="not_tmp_775/1 "/>
</bind>
</comp>

<comp id="3256" class="1004" name="and_ln46_221_fu_3256">
<pin_list>
<pin id="3257" dir="0" index="0" bw="1" slack="0"/>
<pin id="3258" dir="0" index="1" bw="1" slack="0"/>
<pin id="3259" dir="1" index="2" bw="1" slack="0"/>
</pin_list>
<bind>
<opcode="or(24) " fcode="or"/>
<opset="and_ln46_221/1 "/>
</bind>
</comp>

<comp id="3262" class="1004" name="empty_123_fu_3262">
<pin_list>
<pin id="3263" dir="0" index="0" bw="1" slack="0"/>
<pin id="3264" dir="0" index="1" bw="1" slack="0"/>
<pin id="3265" dir="1" index="2" bw="1" slack="0"/>
</pin_list>
<bind>
<opcode="and(23) " fcode="and"/>
<opset="empty_123/1 "/>
</bind>
</comp>

<comp id="3268" class="1004" name="or_ln46_332_fu_3268">
<pin_list>
<pin id="3269" dir="0" index="0" bw="1" slack="0"/>
<pin id="3270" dir="0" index="1" bw="1" slack="0"/>
<pin id="3271" dir="1" index="2" bw="1" slack="0"/>
</pin_list>
<bind>
<opcode="or(24) " fcode="or"/>
<opset="or_ln46_332/1 "/>
</bind>
</comp>

<comp id="3274" class="1004" name="xor_ln46_109_fu_3274">
<pin_list>
<pin id="3275" dir="0" index="0" bw="1" slack="0"/>
<pin id="3276" dir="0" index="1" bw="1" slack="0"/>
<pin id="3277" dir="1" index="2" bw="1" slack="0"/>
</pin_list>
<bind>
<opcode="xor(25) " fcode="xor"/>
<opset="xor_ln46_109/1 "/>
</bind>
</comp>

<comp id="3280" class="1004" name="or_ln46_333_fu_3280">
<pin_list>
<pin id="3281" dir="0" index="0" bw="1" slack="0"/>
<pin id="3282" dir="0" index="1" bw="1" slack="0"/>
<pin id="3283" dir="1" index="2" bw="1" slack="0"/>
</pin_list>
<bind>
<opcode="or(24) " fcode="or"/>
<opset="or_ln46_333/1 "/>
</bind>
</comp>

<comp id="3286" class="1004" name="select_ln46_331_fu_3286">
<pin_list>
<pin id="3287" dir="0" index="0" bw="1" slack="0"/>
<pin id="3288" dir="0" index="1" bw="6" slack="0"/>
<pin id="3289" dir="0" index="2" bw="6" slack="0"/>
<pin id="3290" dir="1" index="3" bw="6" slack="0"/>
</pin_list>
<bind>
<opcode="select(49) " fcode="select"/>
<opset="select_ln46_331/1 "/>
</bind>
</comp>

<comp id="3294" class="1004" name="select_ln46_332_fu_3294">
<pin_list>
<pin id="3295" dir="0" index="0" bw="1" slack="0"/>
<pin id="3296" dir="0" index="1" bw="6" slack="0"/>
<pin id="3297" dir="0" index="2" bw="6" slack="0"/>
<pin id="3298" dir="1" index="3" bw="6" slack="0"/>
</pin_list>
<bind>
<opcode="select(49) " fcode="select"/>
<opset="select_ln46_332/1 "/>
</bind>
</comp>

<comp id="3302" class="1004" name="select_ln46_333_fu_3302">
<pin_list>
<pin id="3303" dir="0" index="0" bw="1" slack="0"/>
<pin id="3304" dir="0" index="1" bw="6" slack="0"/>
<pin id="3305" dir="0" index="2" bw="6" slack="0"/>
<pin id="3306" dir="1" index="3" bw="6" slack="0"/>
</pin_list>
<bind>
<opcode="select(49) " fcode="select"/>
<opset="select_ln46_333/1 "/>
</bind>
</comp>

<comp id="3310" class="1004" name="layer10_out_21_0_fu_3310">
<pin_list>
<pin id="3311" dir="0" index="0" bw="1" slack="0"/>
<pin id="3312" dir="0" index="1" bw="6" slack="0"/>
<pin id="3313" dir="0" index="2" bw="6" slack="0"/>
<pin id="3314" dir="1" index="3" bw="6" slack="0"/>
</pin_list>
<bind>
<opcode="select(49) " fcode="select"/>
<opset="layer10_out_21_0/1 "/>
</bind>
</comp>

<comp id="3318" class="1004" name="icmp_ln45_110_fu_3318">
<pin_list>
<pin id="3319" dir="0" index="0" bw="18" slack="0"/>
<pin id="3320" dir="0" index="1" bw="18" slack="0"/>
<pin id="3321" dir="1" index="2" bw="1" slack="0"/>
</pin_list>
<bind>
<opcode="icmp(45) " fcode="icmp"/>
<opset="icmp_ln45_110/1 "/>
</bind>
</comp>

<comp id="3324" class="1004" name="tmp_673_fu_3324">
<pin_list>
<pin id="3325" dir="0" index="0" bw="1" slack="0"/>
<pin id="3326" dir="0" index="1" bw="18" slack="0"/>
<pin id="3327" dir="0" index="2" bw="6" slack="0"/>
<pin id="3328" dir="1" index="3" bw="1" slack="0"/>
</pin_list>
<bind>
<opcode="bitselect(1000) " fcode="bitselect"/>
<opset="tmp_673/1 "/>
</bind>
</comp>

<comp id="3332" class="1004" name="trunc_ln46_107_fu_3332">
<pin_list>
<pin id="3333" dir="0" index="0" bw="6" slack="0"/>
<pin id="3334" dir="0" index="1" bw="18" slack="0"/>
<pin id="3335" dir="0" index="2" bw="4" slack="0"/>
<pin id="3336" dir="0" index="3" bw="5" slack="0"/>
<pin id="3337" dir="1" index="4" bw="6" slack="0"/>
</pin_list>
<bind>
<opcode="partselect(1002) " fcode="partselect"/>
<opset="trunc_ln46_107/1 "/>
</bind>
</comp>

<comp id="3342" class="1004" name="tmp_674_fu_3342">
<pin_list>
<pin id="3343" dir="0" index="0" bw="1" slack="0"/>
<pin id="3344" dir="0" index="1" bw="18" slack="0"/>
<pin id="3345" dir="0" index="2" bw="4" slack="0"/>
<pin id="3346" dir="1" index="3" bw="1" slack="0"/>
</pin_list>
<bind>
<opcode="bitselect(1000) " fcode="bitselect"/>
<opset="tmp_674/1 "/>
</bind>
</comp>

<comp id="3350" class="1004" name="trunc_ln46_171_fu_3350">
<pin_list>
<pin id="3351" dir="0" index="0" bw="18" slack="0"/>
<pin id="3352" dir="1" index="1" bw="4" slack="0"/>
</pin_list>
<bind>
<opcode="trunc(33) " fcode="trunc"/>
<opset="trunc_ln46_171/1 "/>
</bind>
</comp>

<comp id="3354" class="1004" name="icmp_ln46_222_fu_3354">
<pin_list>
<pin id="3355" dir="0" index="0" bw="4" slack="0"/>
<pin id="3356" dir="0" index="1" bw="4" slack="0"/>
<pin id="3357" dir="1" index="2" bw="1" slack="0"/>
</pin_list>
<bind>
<opcode="icmp(45) " fcode="icmp"/>
<opset="icmp_ln46_222/1 "/>
</bind>
</comp>

<comp id="3360" class="1004" name="tmp_675_fu_3360">
<pin_list>
<pin id="3361" dir="0" index="0" bw="1" slack="0"/>
<pin id="3362" dir="0" index="1" bw="18" slack="0"/>
<pin id="3363" dir="0" index="2" bw="5" slack="0"/>
<pin id="3364" dir="1" index="3" bw="1" slack="0"/>
</pin_list>
<bind>
<opcode="bitselect(1000) " fcode="bitselect"/>
<opset="tmp_675/1 "/>
</bind>
</comp>

<comp id="3368" class="1004" name="tmp_676_fu_3368">
<pin_list>
<pin id="3369" dir="0" index="0" bw="1" slack="0"/>
<pin id="3370" dir="0" index="1" bw="18" slack="0"/>
<pin id="3371" dir="0" index="2" bw="4" slack="0"/>
<pin id="3372" dir="1" index="3" bw="1" slack="0"/>
</pin_list>
<bind>
<opcode="bitselect(1000) " fcode="bitselect"/>
<opset="tmp_676/1 "/>
</bind>
</comp>

<comp id="3376" class="1004" name="or_ln46_334_fu_3376">
<pin_list>
<pin id="3377" dir="0" index="0" bw="1" slack="0"/>
<pin id="3378" dir="0" index="1" bw="1" slack="0"/>
<pin id="3379" dir="1" index="2" bw="1" slack="0"/>
</pin_list>
<bind>
<opcode="or(24) " fcode="or"/>
<opset="or_ln46_334/1 "/>
</bind>
</comp>

<comp id="3382" class="1004" name="and_ln46_216_fu_3382">
<pin_list>
<pin id="3383" dir="0" index="0" bw="1" slack="0"/>
<pin id="3384" dir="0" index="1" bw="1" slack="0"/>
<pin id="3385" dir="1" index="2" bw="1" slack="0"/>
</pin_list>
<bind>
<opcode="and(23) " fcode="and"/>
<opset="and_ln46_216/1 "/>
</bind>
</comp>

<comp id="3388" class="1004" name="zext_ln46_110_fu_3388">
<pin_list>
<pin id="3389" dir="0" index="0" bw="1" slack="0"/>
<pin id="3390" dir="1" index="1" bw="6" slack="0"/>
</pin_list>
<bind>
<opcode="zext(34) " fcode="zext"/>
<opset="zext_ln46_110/1 "/>
</bind>
</comp>

<comp id="3392" class="1004" name="add_ln46_110_fu_3392">
<pin_list>
<pin id="3393" dir="0" index="0" bw="6" slack="0"/>
<pin id="3394" dir="0" index="1" bw="1" slack="0"/>
<pin id="3395" dir="1" index="2" bw="6" slack="0"/>
</pin_list>
<bind>
<opcode="add(8) " fcode="add"/>
<opset="add_ln46_110/1 "/>
</bind>
</comp>

<comp id="3398" class="1004" name="tmp_677_fu_3398">
<pin_list>
<pin id="3399" dir="0" index="0" bw="7" slack="0"/>
<pin id="3400" dir="0" index="1" bw="18" slack="0"/>
<pin id="3401" dir="0" index="2" bw="5" slack="0"/>
<pin id="3402" dir="1" index="3" bw="7" slack="0"/>
</pin_list>
<bind>
<opcode="partselect(1002) " fcode="partselect"/>
<opset="tmp_677/1 "/>
</bind>
</comp>

<comp id="3406" class="1004" name="icmp_ln46_223_fu_3406">
<pin_list>
<pin id="3407" dir="0" index="0" bw="7" slack="0"/>
<pin id="3408" dir="0" index="1" bw="7" slack="0"/>
<pin id="3409" dir="1" index="2" bw="1" slack="0"/>
</pin_list>
<bind>
<opcode="icmp(45) " fcode="icmp"/>
<opset="icmp_ln46_223/1 "/>
</bind>
</comp>

<comp id="3412" class="1004" name="tmp_678_fu_3412">
<pin_list>
<pin id="3413" dir="0" index="0" bw="1" slack="0"/>
<pin id="3414" dir="0" index="1" bw="6" slack="0"/>
<pin id="3415" dir="0" index="2" bw="4" slack="0"/>
<pin id="3416" dir="1" index="3" bw="1" slack="0"/>
</pin_list>
<bind>
<opcode="bitselect(1000) " fcode="bitselect"/>
<opset="tmp_678/1 "/>
</bind>
</comp>

<comp id="3420" class="1004" name="not_tmp_782_fu_3420">
<pin_list>
<pin id="3421" dir="0" index="0" bw="1" slack="0"/>
<pin id="3422" dir="0" index="1" bw="1" slack="0"/>
<pin id="3423" dir="1" index="2" bw="1" slack="0"/>
</pin_list>
<bind>
<opcode="xor(25) " fcode="xor"/>
<opset="not_tmp_782/1 "/>
</bind>
</comp>

<comp id="3426" class="1004" name="and_ln46_223_fu_3426">
<pin_list>
<pin id="3427" dir="0" index="0" bw="1" slack="0"/>
<pin id="3428" dir="0" index="1" bw="1" slack="0"/>
<pin id="3429" dir="1" index="2" bw="1" slack="0"/>
</pin_list>
<bind>
<opcode="or(24) " fcode="or"/>
<opset="and_ln46_223/1 "/>
</bind>
</comp>

<comp id="3432" class="1004" name="empty_124_fu_3432">
<pin_list>
<pin id="3433" dir="0" index="0" bw="1" slack="0"/>
<pin id="3434" dir="0" index="1" bw="1" slack="0"/>
<pin id="3435" dir="1" index="2" bw="1" slack="0"/>
</pin_list>
<bind>
<opcode="and(23) " fcode="and"/>
<opset="empty_124/1 "/>
</bind>
</comp>

<comp id="3438" class="1004" name="or_ln46_335_fu_3438">
<pin_list>
<pin id="3439" dir="0" index="0" bw="1" slack="0"/>
<pin id="3440" dir="0" index="1" bw="1" slack="0"/>
<pin id="3441" dir="1" index="2" bw="1" slack="0"/>
</pin_list>
<bind>
<opcode="or(24) " fcode="or"/>
<opset="or_ln46_335/1 "/>
</bind>
</comp>

<comp id="3444" class="1004" name="xor_ln46_110_fu_3444">
<pin_list>
<pin id="3445" dir="0" index="0" bw="1" slack="0"/>
<pin id="3446" dir="0" index="1" bw="1" slack="0"/>
<pin id="3447" dir="1" index="2" bw="1" slack="0"/>
</pin_list>
<bind>
<opcode="xor(25) " fcode="xor"/>
<opset="xor_ln46_110/1 "/>
</bind>
</comp>

<comp id="3450" class="1004" name="or_ln46_336_fu_3450">
<pin_list>
<pin id="3451" dir="0" index="0" bw="1" slack="0"/>
<pin id="3452" dir="0" index="1" bw="1" slack="0"/>
<pin id="3453" dir="1" index="2" bw="1" slack="0"/>
</pin_list>
<bind>
<opcode="or(24) " fcode="or"/>
<opset="or_ln46_336/1 "/>
</bind>
</comp>

<comp id="3456" class="1004" name="select_ln46_334_fu_3456">
<pin_list>
<pin id="3457" dir="0" index="0" bw="1" slack="0"/>
<pin id="3458" dir="0" index="1" bw="6" slack="0"/>
<pin id="3459" dir="0" index="2" bw="6" slack="0"/>
<pin id="3460" dir="1" index="3" bw="6" slack="0"/>
</pin_list>
<bind>
<opcode="select(49) " fcode="select"/>
<opset="select_ln46_334/1 "/>
</bind>
</comp>

<comp id="3464" class="1004" name="select_ln46_335_fu_3464">
<pin_list>
<pin id="3465" dir="0" index="0" bw="1" slack="0"/>
<pin id="3466" dir="0" index="1" bw="6" slack="0"/>
<pin id="3467" dir="0" index="2" bw="6" slack="0"/>
<pin id="3468" dir="1" index="3" bw="6" slack="0"/>
</pin_list>
<bind>
<opcode="select(49) " fcode="select"/>
<opset="select_ln46_335/1 "/>
</bind>
</comp>

<comp id="3472" class="1004" name="select_ln46_336_fu_3472">
<pin_list>
<pin id="3473" dir="0" index="0" bw="1" slack="0"/>
<pin id="3474" dir="0" index="1" bw="6" slack="0"/>
<pin id="3475" dir="0" index="2" bw="6" slack="0"/>
<pin id="3476" dir="1" index="3" bw="6" slack="0"/>
</pin_list>
<bind>
<opcode="select(49) " fcode="select"/>
<opset="select_ln46_336/1 "/>
</bind>
</comp>

<comp id="3480" class="1004" name="layer10_out_22_0_fu_3480">
<pin_list>
<pin id="3481" dir="0" index="0" bw="1" slack="0"/>
<pin id="3482" dir="0" index="1" bw="6" slack="0"/>
<pin id="3483" dir="0" index="2" bw="6" slack="0"/>
<pin id="3484" dir="1" index="3" bw="6" slack="0"/>
</pin_list>
<bind>
<opcode="select(49) " fcode="select"/>
<opset="layer10_out_22_0/1 "/>
</bind>
</comp>

<comp id="3488" class="1004" name="icmp_ln45_111_fu_3488">
<pin_list>
<pin id="3489" dir="0" index="0" bw="18" slack="0"/>
<pin id="3490" dir="0" index="1" bw="18" slack="0"/>
<pin id="3491" dir="1" index="2" bw="1" slack="0"/>
</pin_list>
<bind>
<opcode="icmp(45) " fcode="icmp"/>
<opset="icmp_ln45_111/1 "/>
</bind>
</comp>

<comp id="3494" class="1004" name="tmp_679_fu_3494">
<pin_list>
<pin id="3495" dir="0" index="0" bw="1" slack="0"/>
<pin id="3496" dir="0" index="1" bw="18" slack="0"/>
<pin id="3497" dir="0" index="2" bw="6" slack="0"/>
<pin id="3498" dir="1" index="3" bw="1" slack="0"/>
</pin_list>
<bind>
<opcode="bitselect(1000) " fcode="bitselect"/>
<opset="tmp_679/1 "/>
</bind>
</comp>

<comp id="3502" class="1004" name="trunc_ln46_108_fu_3502">
<pin_list>
<pin id="3503" dir="0" index="0" bw="6" slack="0"/>
<pin id="3504" dir="0" index="1" bw="18" slack="0"/>
<pin id="3505" dir="0" index="2" bw="4" slack="0"/>
<pin id="3506" dir="0" index="3" bw="5" slack="0"/>
<pin id="3507" dir="1" index="4" bw="6" slack="0"/>
</pin_list>
<bind>
<opcode="partselect(1002) " fcode="partselect"/>
<opset="trunc_ln46_108/1 "/>
</bind>
</comp>

<comp id="3512" class="1004" name="tmp_680_fu_3512">
<pin_list>
<pin id="3513" dir="0" index="0" bw="1" slack="0"/>
<pin id="3514" dir="0" index="1" bw="18" slack="0"/>
<pin id="3515" dir="0" index="2" bw="4" slack="0"/>
<pin id="3516" dir="1" index="3" bw="1" slack="0"/>
</pin_list>
<bind>
<opcode="bitselect(1000) " fcode="bitselect"/>
<opset="tmp_680/1 "/>
</bind>
</comp>

<comp id="3520" class="1004" name="trunc_ln46_172_fu_3520">
<pin_list>
<pin id="3521" dir="0" index="0" bw="18" slack="0"/>
<pin id="3522" dir="1" index="1" bw="4" slack="0"/>
</pin_list>
<bind>
<opcode="trunc(33) " fcode="trunc"/>
<opset="trunc_ln46_172/1 "/>
</bind>
</comp>

<comp id="3524" class="1004" name="icmp_ln46_224_fu_3524">
<pin_list>
<pin id="3525" dir="0" index="0" bw="4" slack="0"/>
<pin id="3526" dir="0" index="1" bw="4" slack="0"/>
<pin id="3527" dir="1" index="2" bw="1" slack="0"/>
</pin_list>
<bind>
<opcode="icmp(45) " fcode="icmp"/>
<opset="icmp_ln46_224/1 "/>
</bind>
</comp>

<comp id="3530" class="1004" name="tmp_681_fu_3530">
<pin_list>
<pin id="3531" dir="0" index="0" bw="1" slack="0"/>
<pin id="3532" dir="0" index="1" bw="18" slack="0"/>
<pin id="3533" dir="0" index="2" bw="5" slack="0"/>
<pin id="3534" dir="1" index="3" bw="1" slack="0"/>
</pin_list>
<bind>
<opcode="bitselect(1000) " fcode="bitselect"/>
<opset="tmp_681/1 "/>
</bind>
</comp>

<comp id="3538" class="1004" name="tmp_682_fu_3538">
<pin_list>
<pin id="3539" dir="0" index="0" bw="1" slack="0"/>
<pin id="3540" dir="0" index="1" bw="18" slack="0"/>
<pin id="3541" dir="0" index="2" bw="4" slack="0"/>
<pin id="3542" dir="1" index="3" bw="1" slack="0"/>
</pin_list>
<bind>
<opcode="bitselect(1000) " fcode="bitselect"/>
<opset="tmp_682/1 "/>
</bind>
</comp>

<comp id="3546" class="1004" name="or_ln46_337_fu_3546">
<pin_list>
<pin id="3547" dir="0" index="0" bw="1" slack="0"/>
<pin id="3548" dir="0" index="1" bw="1" slack="0"/>
<pin id="3549" dir="1" index="2" bw="1" slack="0"/>
</pin_list>
<bind>
<opcode="or(24) " fcode="or"/>
<opset="or_ln46_337/1 "/>
</bind>
</comp>

<comp id="3552" class="1004" name="and_ln46_218_fu_3552">
<pin_list>
<pin id="3553" dir="0" index="0" bw="1" slack="0"/>
<pin id="3554" dir="0" index="1" bw="1" slack="0"/>
<pin id="3555" dir="1" index="2" bw="1" slack="0"/>
</pin_list>
<bind>
<opcode="and(23) " fcode="and"/>
<opset="and_ln46_218/1 "/>
</bind>
</comp>

<comp id="3558" class="1004" name="zext_ln46_111_fu_3558">
<pin_list>
<pin id="3559" dir="0" index="0" bw="1" slack="0"/>
<pin id="3560" dir="1" index="1" bw="6" slack="0"/>
</pin_list>
<bind>
<opcode="zext(34) " fcode="zext"/>
<opset="zext_ln46_111/1 "/>
</bind>
</comp>

<comp id="3562" class="1004" name="add_ln46_111_fu_3562">
<pin_list>
<pin id="3563" dir="0" index="0" bw="6" slack="0"/>
<pin id="3564" dir="0" index="1" bw="1" slack="0"/>
<pin id="3565" dir="1" index="2" bw="6" slack="0"/>
</pin_list>
<bind>
<opcode="add(8) " fcode="add"/>
<opset="add_ln46_111/1 "/>
</bind>
</comp>

<comp id="3568" class="1004" name="tmp_683_fu_3568">
<pin_list>
<pin id="3569" dir="0" index="0" bw="7" slack="0"/>
<pin id="3570" dir="0" index="1" bw="18" slack="0"/>
<pin id="3571" dir="0" index="2" bw="5" slack="0"/>
<pin id="3572" dir="1" index="3" bw="7" slack="0"/>
</pin_list>
<bind>
<opcode="partselect(1002) " fcode="partselect"/>
<opset="tmp_683/1 "/>
</bind>
</comp>

<comp id="3576" class="1004" name="icmp_ln46_225_fu_3576">
<pin_list>
<pin id="3577" dir="0" index="0" bw="7" slack="0"/>
<pin id="3578" dir="0" index="1" bw="7" slack="0"/>
<pin id="3579" dir="1" index="2" bw="1" slack="0"/>
</pin_list>
<bind>
<opcode="icmp(45) " fcode="icmp"/>
<opset="icmp_ln46_225/1 "/>
</bind>
</comp>

<comp id="3582" class="1004" name="tmp_684_fu_3582">
<pin_list>
<pin id="3583" dir="0" index="0" bw="1" slack="0"/>
<pin id="3584" dir="0" index="1" bw="6" slack="0"/>
<pin id="3585" dir="0" index="2" bw="4" slack="0"/>
<pin id="3586" dir="1" index="3" bw="1" slack="0"/>
</pin_list>
<bind>
<opcode="bitselect(1000) " fcode="bitselect"/>
<opset="tmp_684/1 "/>
</bind>
</comp>

<comp id="3590" class="1004" name="not_tmp_789_fu_3590">
<pin_list>
<pin id="3591" dir="0" index="0" bw="1" slack="0"/>
<pin id="3592" dir="0" index="1" bw="1" slack="0"/>
<pin id="3593" dir="1" index="2" bw="1" slack="0"/>
</pin_list>
<bind>
<opcode="xor(25) " fcode="xor"/>
<opset="not_tmp_789/1 "/>
</bind>
</comp>

<comp id="3596" class="1004" name="and_ln46_225_fu_3596">
<pin_list>
<pin id="3597" dir="0" index="0" bw="1" slack="0"/>
<pin id="3598" dir="0" index="1" bw="1" slack="0"/>
<pin id="3599" dir="1" index="2" bw="1" slack="0"/>
</pin_list>
<bind>
<opcode="or(24) " fcode="or"/>
<opset="and_ln46_225/1 "/>
</bind>
</comp>

<comp id="3602" class="1004" name="empty_125_fu_3602">
<pin_list>
<pin id="3603" dir="0" index="0" bw="1" slack="0"/>
<pin id="3604" dir="0" index="1" bw="1" slack="0"/>
<pin id="3605" dir="1" index="2" bw="1" slack="0"/>
</pin_list>
<bind>
<opcode="and(23) " fcode="and"/>
<opset="empty_125/1 "/>
</bind>
</comp>

<comp id="3608" class="1004" name="or_ln46_338_fu_3608">
<pin_list>
<pin id="3609" dir="0" index="0" bw="1" slack="0"/>
<pin id="3610" dir="0" index="1" bw="1" slack="0"/>
<pin id="3611" dir="1" index="2" bw="1" slack="0"/>
</pin_list>
<bind>
<opcode="or(24) " fcode="or"/>
<opset="or_ln46_338/1 "/>
</bind>
</comp>

<comp id="3614" class="1004" name="xor_ln46_111_fu_3614">
<pin_list>
<pin id="3615" dir="0" index="0" bw="1" slack="0"/>
<pin id="3616" dir="0" index="1" bw="1" slack="0"/>
<pin id="3617" dir="1" index="2" bw="1" slack="0"/>
</pin_list>
<bind>
<opcode="xor(25) " fcode="xor"/>
<opset="xor_ln46_111/1 "/>
</bind>
</comp>

<comp id="3620" class="1004" name="or_ln46_339_fu_3620">
<pin_list>
<pin id="3621" dir="0" index="0" bw="1" slack="0"/>
<pin id="3622" dir="0" index="1" bw="1" slack="0"/>
<pin id="3623" dir="1" index="2" bw="1" slack="0"/>
</pin_list>
<bind>
<opcode="or(24) " fcode="or"/>
<opset="or_ln46_339/1 "/>
</bind>
</comp>

<comp id="3626" class="1004" name="select_ln46_337_fu_3626">
<pin_list>
<pin id="3627" dir="0" index="0" bw="1" slack="0"/>
<pin id="3628" dir="0" index="1" bw="6" slack="0"/>
<pin id="3629" dir="0" index="2" bw="6" slack="0"/>
<pin id="3630" dir="1" index="3" bw="6" slack="0"/>
</pin_list>
<bind>
<opcode="select(49) " fcode="select"/>
<opset="select_ln46_337/1 "/>
</bind>
</comp>

<comp id="3634" class="1004" name="select_ln46_338_fu_3634">
<pin_list>
<pin id="3635" dir="0" index="0" bw="1" slack="0"/>
<pin id="3636" dir="0" index="1" bw="6" slack="0"/>
<pin id="3637" dir="0" index="2" bw="6" slack="0"/>
<pin id="3638" dir="1" index="3" bw="6" slack="0"/>
</pin_list>
<bind>
<opcode="select(49) " fcode="select"/>
<opset="select_ln46_338/1 "/>
</bind>
</comp>

<comp id="3642" class="1004" name="select_ln46_339_fu_3642">
<pin_list>
<pin id="3643" dir="0" index="0" bw="1" slack="0"/>
<pin id="3644" dir="0" index="1" bw="6" slack="0"/>
<pin id="3645" dir="0" index="2" bw="6" slack="0"/>
<pin id="3646" dir="1" index="3" bw="6" slack="0"/>
</pin_list>
<bind>
<opcode="select(49) " fcode="select"/>
<opset="select_ln46_339/1 "/>
</bind>
</comp>

<comp id="3650" class="1004" name="layer10_out_23_0_fu_3650">
<pin_list>
<pin id="3651" dir="0" index="0" bw="1" slack="0"/>
<pin id="3652" dir="0" index="1" bw="6" slack="0"/>
<pin id="3653" dir="0" index="2" bw="6" slack="0"/>
<pin id="3654" dir="1" index="3" bw="6" slack="0"/>
</pin_list>
<bind>
<opcode="select(49) " fcode="select"/>
<opset="layer10_out_23_0/1 "/>
</bind>
</comp>

<comp id="3658" class="1004" name="icmp_ln45_112_fu_3658">
<pin_list>
<pin id="3659" dir="0" index="0" bw="18" slack="0"/>
<pin id="3660" dir="0" index="1" bw="18" slack="0"/>
<pin id="3661" dir="1" index="2" bw="1" slack="0"/>
</pin_list>
<bind>
<opcode="icmp(45) " fcode="icmp"/>
<opset="icmp_ln45_112/1 "/>
</bind>
</comp>

<comp id="3664" class="1004" name="tmp_685_fu_3664">
<pin_list>
<pin id="3665" dir="0" index="0" bw="1" slack="0"/>
<pin id="3666" dir="0" index="1" bw="18" slack="0"/>
<pin id="3667" dir="0" index="2" bw="6" slack="0"/>
<pin id="3668" dir="1" index="3" bw="1" slack="0"/>
</pin_list>
<bind>
<opcode="bitselect(1000) " fcode="bitselect"/>
<opset="tmp_685/1 "/>
</bind>
</comp>

<comp id="3672" class="1004" name="trunc_ln46_109_fu_3672">
<pin_list>
<pin id="3673" dir="0" index="0" bw="6" slack="0"/>
<pin id="3674" dir="0" index="1" bw="18" slack="0"/>
<pin id="3675" dir="0" index="2" bw="4" slack="0"/>
<pin id="3676" dir="0" index="3" bw="5" slack="0"/>
<pin id="3677" dir="1" index="4" bw="6" slack="0"/>
</pin_list>
<bind>
<opcode="partselect(1002) " fcode="partselect"/>
<opset="trunc_ln46_109/1 "/>
</bind>
</comp>

<comp id="3682" class="1004" name="tmp_686_fu_3682">
<pin_list>
<pin id="3683" dir="0" index="0" bw="1" slack="0"/>
<pin id="3684" dir="0" index="1" bw="18" slack="0"/>
<pin id="3685" dir="0" index="2" bw="4" slack="0"/>
<pin id="3686" dir="1" index="3" bw="1" slack="0"/>
</pin_list>
<bind>
<opcode="bitselect(1000) " fcode="bitselect"/>
<opset="tmp_686/1 "/>
</bind>
</comp>

<comp id="3690" class="1004" name="trunc_ln46_173_fu_3690">
<pin_list>
<pin id="3691" dir="0" index="0" bw="18" slack="0"/>
<pin id="3692" dir="1" index="1" bw="4" slack="0"/>
</pin_list>
<bind>
<opcode="trunc(33) " fcode="trunc"/>
<opset="trunc_ln46_173/1 "/>
</bind>
</comp>

<comp id="3694" class="1004" name="icmp_ln46_226_fu_3694">
<pin_list>
<pin id="3695" dir="0" index="0" bw="4" slack="0"/>
<pin id="3696" dir="0" index="1" bw="4" slack="0"/>
<pin id="3697" dir="1" index="2" bw="1" slack="0"/>
</pin_list>
<bind>
<opcode="icmp(45) " fcode="icmp"/>
<opset="icmp_ln46_226/1 "/>
</bind>
</comp>

<comp id="3700" class="1004" name="tmp_687_fu_3700">
<pin_list>
<pin id="3701" dir="0" index="0" bw="1" slack="0"/>
<pin id="3702" dir="0" index="1" bw="18" slack="0"/>
<pin id="3703" dir="0" index="2" bw="5" slack="0"/>
<pin id="3704" dir="1" index="3" bw="1" slack="0"/>
</pin_list>
<bind>
<opcode="bitselect(1000) " fcode="bitselect"/>
<opset="tmp_687/1 "/>
</bind>
</comp>

<comp id="3708" class="1004" name="tmp_688_fu_3708">
<pin_list>
<pin id="3709" dir="0" index="0" bw="1" slack="0"/>
<pin id="3710" dir="0" index="1" bw="18" slack="0"/>
<pin id="3711" dir="0" index="2" bw="4" slack="0"/>
<pin id="3712" dir="1" index="3" bw="1" slack="0"/>
</pin_list>
<bind>
<opcode="bitselect(1000) " fcode="bitselect"/>
<opset="tmp_688/1 "/>
</bind>
</comp>

<comp id="3716" class="1004" name="or_ln46_340_fu_3716">
<pin_list>
<pin id="3717" dir="0" index="0" bw="1" slack="0"/>
<pin id="3718" dir="0" index="1" bw="1" slack="0"/>
<pin id="3719" dir="1" index="2" bw="1" slack="0"/>
</pin_list>
<bind>
<opcode="or(24) " fcode="or"/>
<opset="or_ln46_340/1 "/>
</bind>
</comp>

<comp id="3722" class="1004" name="and_ln46_220_fu_3722">
<pin_list>
<pin id="3723" dir="0" index="0" bw="1" slack="0"/>
<pin id="3724" dir="0" index="1" bw="1" slack="0"/>
<pin id="3725" dir="1" index="2" bw="1" slack="0"/>
</pin_list>
<bind>
<opcode="and(23) " fcode="and"/>
<opset="and_ln46_220/1 "/>
</bind>
</comp>

<comp id="3728" class="1004" name="zext_ln46_112_fu_3728">
<pin_list>
<pin id="3729" dir="0" index="0" bw="1" slack="0"/>
<pin id="3730" dir="1" index="1" bw="6" slack="0"/>
</pin_list>
<bind>
<opcode="zext(34) " fcode="zext"/>
<opset="zext_ln46_112/1 "/>
</bind>
</comp>

<comp id="3732" class="1004" name="add_ln46_112_fu_3732">
<pin_list>
<pin id="3733" dir="0" index="0" bw="6" slack="0"/>
<pin id="3734" dir="0" index="1" bw="1" slack="0"/>
<pin id="3735" dir="1" index="2" bw="6" slack="0"/>
</pin_list>
<bind>
<opcode="add(8) " fcode="add"/>
<opset="add_ln46_112/1 "/>
</bind>
</comp>

<comp id="3738" class="1004" name="tmp_689_fu_3738">
<pin_list>
<pin id="3739" dir="0" index="0" bw="7" slack="0"/>
<pin id="3740" dir="0" index="1" bw="18" slack="0"/>
<pin id="3741" dir="0" index="2" bw="5" slack="0"/>
<pin id="3742" dir="1" index="3" bw="7" slack="0"/>
</pin_list>
<bind>
<opcode="partselect(1002) " fcode="partselect"/>
<opset="tmp_689/1 "/>
</bind>
</comp>

<comp id="3746" class="1004" name="icmp_ln46_227_fu_3746">
<pin_list>
<pin id="3747" dir="0" index="0" bw="7" slack="0"/>
<pin id="3748" dir="0" index="1" bw="7" slack="0"/>
<pin id="3749" dir="1" index="2" bw="1" slack="0"/>
</pin_list>
<bind>
<opcode="icmp(45) " fcode="icmp"/>
<opset="icmp_ln46_227/1 "/>
</bind>
</comp>

<comp id="3752" class="1004" name="tmp_690_fu_3752">
<pin_list>
<pin id="3753" dir="0" index="0" bw="1" slack="0"/>
<pin id="3754" dir="0" index="1" bw="6" slack="0"/>
<pin id="3755" dir="0" index="2" bw="4" slack="0"/>
<pin id="3756" dir="1" index="3" bw="1" slack="0"/>
</pin_list>
<bind>
<opcode="bitselect(1000) " fcode="bitselect"/>
<opset="tmp_690/1 "/>
</bind>
</comp>

<comp id="3760" class="1004" name="not_tmp_796_fu_3760">
<pin_list>
<pin id="3761" dir="0" index="0" bw="1" slack="0"/>
<pin id="3762" dir="0" index="1" bw="1" slack="0"/>
<pin id="3763" dir="1" index="2" bw="1" slack="0"/>
</pin_list>
<bind>
<opcode="xor(25) " fcode="xor"/>
<opset="not_tmp_796/1 "/>
</bind>
</comp>

<comp id="3766" class="1004" name="and_ln46_227_fu_3766">
<pin_list>
<pin id="3767" dir="0" index="0" bw="1" slack="0"/>
<pin id="3768" dir="0" index="1" bw="1" slack="0"/>
<pin id="3769" dir="1" index="2" bw="1" slack="0"/>
</pin_list>
<bind>
<opcode="or(24) " fcode="or"/>
<opset="and_ln46_227/1 "/>
</bind>
</comp>

<comp id="3772" class="1004" name="empty_126_fu_3772">
<pin_list>
<pin id="3773" dir="0" index="0" bw="1" slack="0"/>
<pin id="3774" dir="0" index="1" bw="1" slack="0"/>
<pin id="3775" dir="1" index="2" bw="1" slack="0"/>
</pin_list>
<bind>
<opcode="and(23) " fcode="and"/>
<opset="empty_126/1 "/>
</bind>
</comp>

<comp id="3778" class="1004" name="or_ln46_341_fu_3778">
<pin_list>
<pin id="3779" dir="0" index="0" bw="1" slack="0"/>
<pin id="3780" dir="0" index="1" bw="1" slack="0"/>
<pin id="3781" dir="1" index="2" bw="1" slack="0"/>
</pin_list>
<bind>
<opcode="or(24) " fcode="or"/>
<opset="or_ln46_341/1 "/>
</bind>
</comp>

<comp id="3784" class="1004" name="xor_ln46_112_fu_3784">
<pin_list>
<pin id="3785" dir="0" index="0" bw="1" slack="0"/>
<pin id="3786" dir="0" index="1" bw="1" slack="0"/>
<pin id="3787" dir="1" index="2" bw="1" slack="0"/>
</pin_list>
<bind>
<opcode="xor(25) " fcode="xor"/>
<opset="xor_ln46_112/1 "/>
</bind>
</comp>

<comp id="3790" class="1004" name="or_ln46_342_fu_3790">
<pin_list>
<pin id="3791" dir="0" index="0" bw="1" slack="0"/>
<pin id="3792" dir="0" index="1" bw="1" slack="0"/>
<pin id="3793" dir="1" index="2" bw="1" slack="0"/>
</pin_list>
<bind>
<opcode="or(24) " fcode="or"/>
<opset="or_ln46_342/1 "/>
</bind>
</comp>

<comp id="3796" class="1004" name="select_ln46_340_fu_3796">
<pin_list>
<pin id="3797" dir="0" index="0" bw="1" slack="0"/>
<pin id="3798" dir="0" index="1" bw="6" slack="0"/>
<pin id="3799" dir="0" index="2" bw="6" slack="0"/>
<pin id="3800" dir="1" index="3" bw="6" slack="0"/>
</pin_list>
<bind>
<opcode="select(49) " fcode="select"/>
<opset="select_ln46_340/1 "/>
</bind>
</comp>

<comp id="3804" class="1004" name="select_ln46_341_fu_3804">
<pin_list>
<pin id="3805" dir="0" index="0" bw="1" slack="0"/>
<pin id="3806" dir="0" index="1" bw="6" slack="0"/>
<pin id="3807" dir="0" index="2" bw="6" slack="0"/>
<pin id="3808" dir="1" index="3" bw="6" slack="0"/>
</pin_list>
<bind>
<opcode="select(49) " fcode="select"/>
<opset="select_ln46_341/1 "/>
</bind>
</comp>

<comp id="3812" class="1004" name="select_ln46_342_fu_3812">
<pin_list>
<pin id="3813" dir="0" index="0" bw="1" slack="0"/>
<pin id="3814" dir="0" index="1" bw="6" slack="0"/>
<pin id="3815" dir="0" index="2" bw="6" slack="0"/>
<pin id="3816" dir="1" index="3" bw="6" slack="0"/>
</pin_list>
<bind>
<opcode="select(49) " fcode="select"/>
<opset="select_ln46_342/1 "/>
</bind>
</comp>

<comp id="3820" class="1004" name="layer10_out_24_0_fu_3820">
<pin_list>
<pin id="3821" dir="0" index="0" bw="1" slack="0"/>
<pin id="3822" dir="0" index="1" bw="6" slack="0"/>
<pin id="3823" dir="0" index="2" bw="6" slack="0"/>
<pin id="3824" dir="1" index="3" bw="6" slack="0"/>
</pin_list>
<bind>
<opcode="select(49) " fcode="select"/>
<opset="layer10_out_24_0/1 "/>
</bind>
</comp>

<comp id="3828" class="1004" name="icmp_ln45_113_fu_3828">
<pin_list>
<pin id="3829" dir="0" index="0" bw="18" slack="0"/>
<pin id="3830" dir="0" index="1" bw="18" slack="0"/>
<pin id="3831" dir="1" index="2" bw="1" slack="0"/>
</pin_list>
<bind>
<opcode="icmp(45) " fcode="icmp"/>
<opset="icmp_ln45_113/1 "/>
</bind>
</comp>

<comp id="3834" class="1004" name="tmp_691_fu_3834">
<pin_list>
<pin id="3835" dir="0" index="0" bw="1" slack="0"/>
<pin id="3836" dir="0" index="1" bw="18" slack="0"/>
<pin id="3837" dir="0" index="2" bw="6" slack="0"/>
<pin id="3838" dir="1" index="3" bw="1" slack="0"/>
</pin_list>
<bind>
<opcode="bitselect(1000) " fcode="bitselect"/>
<opset="tmp_691/1 "/>
</bind>
</comp>

<comp id="3842" class="1004" name="trunc_ln46_110_fu_3842">
<pin_list>
<pin id="3843" dir="0" index="0" bw="6" slack="0"/>
<pin id="3844" dir="0" index="1" bw="18" slack="0"/>
<pin id="3845" dir="0" index="2" bw="4" slack="0"/>
<pin id="3846" dir="0" index="3" bw="5" slack="0"/>
<pin id="3847" dir="1" index="4" bw="6" slack="0"/>
</pin_list>
<bind>
<opcode="partselect(1002) " fcode="partselect"/>
<opset="trunc_ln46_110/1 "/>
</bind>
</comp>

<comp id="3852" class="1004" name="tmp_692_fu_3852">
<pin_list>
<pin id="3853" dir="0" index="0" bw="1" slack="0"/>
<pin id="3854" dir="0" index="1" bw="18" slack="0"/>
<pin id="3855" dir="0" index="2" bw="4" slack="0"/>
<pin id="3856" dir="1" index="3" bw="1" slack="0"/>
</pin_list>
<bind>
<opcode="bitselect(1000) " fcode="bitselect"/>
<opset="tmp_692/1 "/>
</bind>
</comp>

<comp id="3860" class="1004" name="trunc_ln46_174_fu_3860">
<pin_list>
<pin id="3861" dir="0" index="0" bw="18" slack="0"/>
<pin id="3862" dir="1" index="1" bw="4" slack="0"/>
</pin_list>
<bind>
<opcode="trunc(33) " fcode="trunc"/>
<opset="trunc_ln46_174/1 "/>
</bind>
</comp>

<comp id="3864" class="1004" name="icmp_ln46_228_fu_3864">
<pin_list>
<pin id="3865" dir="0" index="0" bw="4" slack="0"/>
<pin id="3866" dir="0" index="1" bw="4" slack="0"/>
<pin id="3867" dir="1" index="2" bw="1" slack="0"/>
</pin_list>
<bind>
<opcode="icmp(45) " fcode="icmp"/>
<opset="icmp_ln46_228/1 "/>
</bind>
</comp>

<comp id="3870" class="1004" name="tmp_693_fu_3870">
<pin_list>
<pin id="3871" dir="0" index="0" bw="1" slack="0"/>
<pin id="3872" dir="0" index="1" bw="18" slack="0"/>
<pin id="3873" dir="0" index="2" bw="5" slack="0"/>
<pin id="3874" dir="1" index="3" bw="1" slack="0"/>
</pin_list>
<bind>
<opcode="bitselect(1000) " fcode="bitselect"/>
<opset="tmp_693/1 "/>
</bind>
</comp>

<comp id="3878" class="1004" name="tmp_694_fu_3878">
<pin_list>
<pin id="3879" dir="0" index="0" bw="1" slack="0"/>
<pin id="3880" dir="0" index="1" bw="18" slack="0"/>
<pin id="3881" dir="0" index="2" bw="4" slack="0"/>
<pin id="3882" dir="1" index="3" bw="1" slack="0"/>
</pin_list>
<bind>
<opcode="bitselect(1000) " fcode="bitselect"/>
<opset="tmp_694/1 "/>
</bind>
</comp>

<comp id="3886" class="1004" name="or_ln46_343_fu_3886">
<pin_list>
<pin id="3887" dir="0" index="0" bw="1" slack="0"/>
<pin id="3888" dir="0" index="1" bw="1" slack="0"/>
<pin id="3889" dir="1" index="2" bw="1" slack="0"/>
</pin_list>
<bind>
<opcode="or(24) " fcode="or"/>
<opset="or_ln46_343/1 "/>
</bind>
</comp>

<comp id="3892" class="1004" name="and_ln46_222_fu_3892">
<pin_list>
<pin id="3893" dir="0" index="0" bw="1" slack="0"/>
<pin id="3894" dir="0" index="1" bw="1" slack="0"/>
<pin id="3895" dir="1" index="2" bw="1" slack="0"/>
</pin_list>
<bind>
<opcode="and(23) " fcode="and"/>
<opset="and_ln46_222/1 "/>
</bind>
</comp>

<comp id="3898" class="1004" name="zext_ln46_113_fu_3898">
<pin_list>
<pin id="3899" dir="0" index="0" bw="1" slack="0"/>
<pin id="3900" dir="1" index="1" bw="6" slack="0"/>
</pin_list>
<bind>
<opcode="zext(34) " fcode="zext"/>
<opset="zext_ln46_113/1 "/>
</bind>
</comp>

<comp id="3902" class="1004" name="add_ln46_113_fu_3902">
<pin_list>
<pin id="3903" dir="0" index="0" bw="6" slack="0"/>
<pin id="3904" dir="0" index="1" bw="1" slack="0"/>
<pin id="3905" dir="1" index="2" bw="6" slack="0"/>
</pin_list>
<bind>
<opcode="add(8) " fcode="add"/>
<opset="add_ln46_113/1 "/>
</bind>
</comp>

<comp id="3908" class="1004" name="tmp_695_fu_3908">
<pin_list>
<pin id="3909" dir="0" index="0" bw="7" slack="0"/>
<pin id="3910" dir="0" index="1" bw="18" slack="0"/>
<pin id="3911" dir="0" index="2" bw="5" slack="0"/>
<pin id="3912" dir="1" index="3" bw="7" slack="0"/>
</pin_list>
<bind>
<opcode="partselect(1002) " fcode="partselect"/>
<opset="tmp_695/1 "/>
</bind>
</comp>

<comp id="3916" class="1004" name="icmp_ln46_229_fu_3916">
<pin_list>
<pin id="3917" dir="0" index="0" bw="7" slack="0"/>
<pin id="3918" dir="0" index="1" bw="7" slack="0"/>
<pin id="3919" dir="1" index="2" bw="1" slack="0"/>
</pin_list>
<bind>
<opcode="icmp(45) " fcode="icmp"/>
<opset="icmp_ln46_229/1 "/>
</bind>
</comp>

<comp id="3922" class="1004" name="tmp_696_fu_3922">
<pin_list>
<pin id="3923" dir="0" index="0" bw="1" slack="0"/>
<pin id="3924" dir="0" index="1" bw="6" slack="0"/>
<pin id="3925" dir="0" index="2" bw="4" slack="0"/>
<pin id="3926" dir="1" index="3" bw="1" slack="0"/>
</pin_list>
<bind>
<opcode="bitselect(1000) " fcode="bitselect"/>
<opset="tmp_696/1 "/>
</bind>
</comp>

<comp id="3930" class="1004" name="not_tmp_803_fu_3930">
<pin_list>
<pin id="3931" dir="0" index="0" bw="1" slack="0"/>
<pin id="3932" dir="0" index="1" bw="1" slack="0"/>
<pin id="3933" dir="1" index="2" bw="1" slack="0"/>
</pin_list>
<bind>
<opcode="xor(25) " fcode="xor"/>
<opset="not_tmp_803/1 "/>
</bind>
</comp>

<comp id="3936" class="1004" name="and_ln46_229_fu_3936">
<pin_list>
<pin id="3937" dir="0" index="0" bw="1" slack="0"/>
<pin id="3938" dir="0" index="1" bw="1" slack="0"/>
<pin id="3939" dir="1" index="2" bw="1" slack="0"/>
</pin_list>
<bind>
<opcode="or(24) " fcode="or"/>
<opset="and_ln46_229/1 "/>
</bind>
</comp>

<comp id="3942" class="1004" name="empty_127_fu_3942">
<pin_list>
<pin id="3943" dir="0" index="0" bw="1" slack="0"/>
<pin id="3944" dir="0" index="1" bw="1" slack="0"/>
<pin id="3945" dir="1" index="2" bw="1" slack="0"/>
</pin_list>
<bind>
<opcode="and(23) " fcode="and"/>
<opset="empty_127/1 "/>
</bind>
</comp>

<comp id="3948" class="1004" name="or_ln46_344_fu_3948">
<pin_list>
<pin id="3949" dir="0" index="0" bw="1" slack="0"/>
<pin id="3950" dir="0" index="1" bw="1" slack="0"/>
<pin id="3951" dir="1" index="2" bw="1" slack="0"/>
</pin_list>
<bind>
<opcode="or(24) " fcode="or"/>
<opset="or_ln46_344/1 "/>
</bind>
</comp>

<comp id="3954" class="1004" name="xor_ln46_113_fu_3954">
<pin_list>
<pin id="3955" dir="0" index="0" bw="1" slack="0"/>
<pin id="3956" dir="0" index="1" bw="1" slack="0"/>
<pin id="3957" dir="1" index="2" bw="1" slack="0"/>
</pin_list>
<bind>
<opcode="xor(25) " fcode="xor"/>
<opset="xor_ln46_113/1 "/>
</bind>
</comp>

<comp id="3960" class="1004" name="or_ln46_345_fu_3960">
<pin_list>
<pin id="3961" dir="0" index="0" bw="1" slack="0"/>
<pin id="3962" dir="0" index="1" bw="1" slack="0"/>
<pin id="3963" dir="1" index="2" bw="1" slack="0"/>
</pin_list>
<bind>
<opcode="or(24) " fcode="or"/>
<opset="or_ln46_345/1 "/>
</bind>
</comp>

<comp id="3966" class="1004" name="select_ln46_343_fu_3966">
<pin_list>
<pin id="3967" dir="0" index="0" bw="1" slack="0"/>
<pin id="3968" dir="0" index="1" bw="6" slack="0"/>
<pin id="3969" dir="0" index="2" bw="6" slack="0"/>
<pin id="3970" dir="1" index="3" bw="6" slack="0"/>
</pin_list>
<bind>
<opcode="select(49) " fcode="select"/>
<opset="select_ln46_343/1 "/>
</bind>
</comp>

<comp id="3974" class="1004" name="select_ln46_344_fu_3974">
<pin_list>
<pin id="3975" dir="0" index="0" bw="1" slack="0"/>
<pin id="3976" dir="0" index="1" bw="6" slack="0"/>
<pin id="3977" dir="0" index="2" bw="6" slack="0"/>
<pin id="3978" dir="1" index="3" bw="6" slack="0"/>
</pin_list>
<bind>
<opcode="select(49) " fcode="select"/>
<opset="select_ln46_344/1 "/>
</bind>
</comp>

<comp id="3982" class="1004" name="select_ln46_345_fu_3982">
<pin_list>
<pin id="3983" dir="0" index="0" bw="1" slack="0"/>
<pin id="3984" dir="0" index="1" bw="6" slack="0"/>
<pin id="3985" dir="0" index="2" bw="6" slack="0"/>
<pin id="3986" dir="1" index="3" bw="6" slack="0"/>
</pin_list>
<bind>
<opcode="select(49) " fcode="select"/>
<opset="select_ln46_345/1 "/>
</bind>
</comp>

<comp id="3990" class="1004" name="layer10_out_25_0_fu_3990">
<pin_list>
<pin id="3991" dir="0" index="0" bw="1" slack="0"/>
<pin id="3992" dir="0" index="1" bw="6" slack="0"/>
<pin id="3993" dir="0" index="2" bw="6" slack="0"/>
<pin id="3994" dir="1" index="3" bw="6" slack="0"/>
</pin_list>
<bind>
<opcode="select(49) " fcode="select"/>
<opset="layer10_out_25_0/1 "/>
</bind>
</comp>

<comp id="3998" class="1004" name="icmp_ln45_114_fu_3998">
<pin_list>
<pin id="3999" dir="0" index="0" bw="18" slack="0"/>
<pin id="4000" dir="0" index="1" bw="18" slack="0"/>
<pin id="4001" dir="1" index="2" bw="1" slack="0"/>
</pin_list>
<bind>
<opcode="icmp(45) " fcode="icmp"/>
<opset="icmp_ln45_114/1 "/>
</bind>
</comp>

<comp id="4004" class="1004" name="tmp_697_fu_4004">
<pin_list>
<pin id="4005" dir="0" index="0" bw="1" slack="0"/>
<pin id="4006" dir="0" index="1" bw="18" slack="0"/>
<pin id="4007" dir="0" index="2" bw="6" slack="0"/>
<pin id="4008" dir="1" index="3" bw="1" slack="0"/>
</pin_list>
<bind>
<opcode="bitselect(1000) " fcode="bitselect"/>
<opset="tmp_697/1 "/>
</bind>
</comp>

<comp id="4012" class="1004" name="trunc_ln46_111_fu_4012">
<pin_list>
<pin id="4013" dir="0" index="0" bw="6" slack="0"/>
<pin id="4014" dir="0" index="1" bw="18" slack="0"/>
<pin id="4015" dir="0" index="2" bw="4" slack="0"/>
<pin id="4016" dir="0" index="3" bw="5" slack="0"/>
<pin id="4017" dir="1" index="4" bw="6" slack="0"/>
</pin_list>
<bind>
<opcode="partselect(1002) " fcode="partselect"/>
<opset="trunc_ln46_111/1 "/>
</bind>
</comp>

<comp id="4022" class="1004" name="tmp_698_fu_4022">
<pin_list>
<pin id="4023" dir="0" index="0" bw="1" slack="0"/>
<pin id="4024" dir="0" index="1" bw="18" slack="0"/>
<pin id="4025" dir="0" index="2" bw="4" slack="0"/>
<pin id="4026" dir="1" index="3" bw="1" slack="0"/>
</pin_list>
<bind>
<opcode="bitselect(1000) " fcode="bitselect"/>
<opset="tmp_698/1 "/>
</bind>
</comp>

<comp id="4030" class="1004" name="trunc_ln46_175_fu_4030">
<pin_list>
<pin id="4031" dir="0" index="0" bw="18" slack="0"/>
<pin id="4032" dir="1" index="1" bw="4" slack="0"/>
</pin_list>
<bind>
<opcode="trunc(33) " fcode="trunc"/>
<opset="trunc_ln46_175/1 "/>
</bind>
</comp>

<comp id="4034" class="1004" name="icmp_ln46_230_fu_4034">
<pin_list>
<pin id="4035" dir="0" index="0" bw="4" slack="0"/>
<pin id="4036" dir="0" index="1" bw="4" slack="0"/>
<pin id="4037" dir="1" index="2" bw="1" slack="0"/>
</pin_list>
<bind>
<opcode="icmp(45) " fcode="icmp"/>
<opset="icmp_ln46_230/1 "/>
</bind>
</comp>

<comp id="4040" class="1004" name="tmp_699_fu_4040">
<pin_list>
<pin id="4041" dir="0" index="0" bw="1" slack="0"/>
<pin id="4042" dir="0" index="1" bw="18" slack="0"/>
<pin id="4043" dir="0" index="2" bw="5" slack="0"/>
<pin id="4044" dir="1" index="3" bw="1" slack="0"/>
</pin_list>
<bind>
<opcode="bitselect(1000) " fcode="bitselect"/>
<opset="tmp_699/1 "/>
</bind>
</comp>

<comp id="4048" class="1004" name="tmp_700_fu_4048">
<pin_list>
<pin id="4049" dir="0" index="0" bw="1" slack="0"/>
<pin id="4050" dir="0" index="1" bw="18" slack="0"/>
<pin id="4051" dir="0" index="2" bw="4" slack="0"/>
<pin id="4052" dir="1" index="3" bw="1" slack="0"/>
</pin_list>
<bind>
<opcode="bitselect(1000) " fcode="bitselect"/>
<opset="tmp_700/1 "/>
</bind>
</comp>

<comp id="4056" class="1004" name="or_ln46_346_fu_4056">
<pin_list>
<pin id="4057" dir="0" index="0" bw="1" slack="0"/>
<pin id="4058" dir="0" index="1" bw="1" slack="0"/>
<pin id="4059" dir="1" index="2" bw="1" slack="0"/>
</pin_list>
<bind>
<opcode="or(24) " fcode="or"/>
<opset="or_ln46_346/1 "/>
</bind>
</comp>

<comp id="4062" class="1004" name="and_ln46_224_fu_4062">
<pin_list>
<pin id="4063" dir="0" index="0" bw="1" slack="0"/>
<pin id="4064" dir="0" index="1" bw="1" slack="0"/>
<pin id="4065" dir="1" index="2" bw="1" slack="0"/>
</pin_list>
<bind>
<opcode="and(23) " fcode="and"/>
<opset="and_ln46_224/1 "/>
</bind>
</comp>

<comp id="4068" class="1004" name="zext_ln46_114_fu_4068">
<pin_list>
<pin id="4069" dir="0" index="0" bw="1" slack="0"/>
<pin id="4070" dir="1" index="1" bw="6" slack="0"/>
</pin_list>
<bind>
<opcode="zext(34) " fcode="zext"/>
<opset="zext_ln46_114/1 "/>
</bind>
</comp>

<comp id="4072" class="1004" name="add_ln46_114_fu_4072">
<pin_list>
<pin id="4073" dir="0" index="0" bw="6" slack="0"/>
<pin id="4074" dir="0" index="1" bw="1" slack="0"/>
<pin id="4075" dir="1" index="2" bw="6" slack="0"/>
</pin_list>
<bind>
<opcode="add(8) " fcode="add"/>
<opset="add_ln46_114/1 "/>
</bind>
</comp>

<comp id="4078" class="1004" name="tmp_701_fu_4078">
<pin_list>
<pin id="4079" dir="0" index="0" bw="7" slack="0"/>
<pin id="4080" dir="0" index="1" bw="18" slack="0"/>
<pin id="4081" dir="0" index="2" bw="5" slack="0"/>
<pin id="4082" dir="1" index="3" bw="7" slack="0"/>
</pin_list>
<bind>
<opcode="partselect(1002) " fcode="partselect"/>
<opset="tmp_701/1 "/>
</bind>
</comp>

<comp id="4086" class="1004" name="icmp_ln46_231_fu_4086">
<pin_list>
<pin id="4087" dir="0" index="0" bw="7" slack="0"/>
<pin id="4088" dir="0" index="1" bw="7" slack="0"/>
<pin id="4089" dir="1" index="2" bw="1" slack="0"/>
</pin_list>
<bind>
<opcode="icmp(45) " fcode="icmp"/>
<opset="icmp_ln46_231/1 "/>
</bind>
</comp>

<comp id="4092" class="1004" name="tmp_702_fu_4092">
<pin_list>
<pin id="4093" dir="0" index="0" bw="1" slack="0"/>
<pin id="4094" dir="0" index="1" bw="6" slack="0"/>
<pin id="4095" dir="0" index="2" bw="4" slack="0"/>
<pin id="4096" dir="1" index="3" bw="1" slack="0"/>
</pin_list>
<bind>
<opcode="bitselect(1000) " fcode="bitselect"/>
<opset="tmp_702/1 "/>
</bind>
</comp>

<comp id="4100" class="1004" name="not_tmp_810_fu_4100">
<pin_list>
<pin id="4101" dir="0" index="0" bw="1" slack="0"/>
<pin id="4102" dir="0" index="1" bw="1" slack="0"/>
<pin id="4103" dir="1" index="2" bw="1" slack="0"/>
</pin_list>
<bind>
<opcode="xor(25) " fcode="xor"/>
<opset="not_tmp_810/1 "/>
</bind>
</comp>

<comp id="4106" class="1004" name="and_ln46_231_fu_4106">
<pin_list>
<pin id="4107" dir="0" index="0" bw="1" slack="0"/>
<pin id="4108" dir="0" index="1" bw="1" slack="0"/>
<pin id="4109" dir="1" index="2" bw="1" slack="0"/>
</pin_list>
<bind>
<opcode="or(24) " fcode="or"/>
<opset="and_ln46_231/1 "/>
</bind>
</comp>

<comp id="4112" class="1004" name="empty_128_fu_4112">
<pin_list>
<pin id="4113" dir="0" index="0" bw="1" slack="0"/>
<pin id="4114" dir="0" index="1" bw="1" slack="0"/>
<pin id="4115" dir="1" index="2" bw="1" slack="0"/>
</pin_list>
<bind>
<opcode="and(23) " fcode="and"/>
<opset="empty_128/1 "/>
</bind>
</comp>

<comp id="4118" class="1004" name="or_ln46_347_fu_4118">
<pin_list>
<pin id="4119" dir="0" index="0" bw="1" slack="0"/>
<pin id="4120" dir="0" index="1" bw="1" slack="0"/>
<pin id="4121" dir="1" index="2" bw="1" slack="0"/>
</pin_list>
<bind>
<opcode="or(24) " fcode="or"/>
<opset="or_ln46_347/1 "/>
</bind>
</comp>

<comp id="4124" class="1004" name="xor_ln46_114_fu_4124">
<pin_list>
<pin id="4125" dir="0" index="0" bw="1" slack="0"/>
<pin id="4126" dir="0" index="1" bw="1" slack="0"/>
<pin id="4127" dir="1" index="2" bw="1" slack="0"/>
</pin_list>
<bind>
<opcode="xor(25) " fcode="xor"/>
<opset="xor_ln46_114/1 "/>
</bind>
</comp>

<comp id="4130" class="1004" name="or_ln46_348_fu_4130">
<pin_list>
<pin id="4131" dir="0" index="0" bw="1" slack="0"/>
<pin id="4132" dir="0" index="1" bw="1" slack="0"/>
<pin id="4133" dir="1" index="2" bw="1" slack="0"/>
</pin_list>
<bind>
<opcode="or(24) " fcode="or"/>
<opset="or_ln46_348/1 "/>
</bind>
</comp>

<comp id="4136" class="1004" name="select_ln46_346_fu_4136">
<pin_list>
<pin id="4137" dir="0" index="0" bw="1" slack="0"/>
<pin id="4138" dir="0" index="1" bw="6" slack="0"/>
<pin id="4139" dir="0" index="2" bw="6" slack="0"/>
<pin id="4140" dir="1" index="3" bw="6" slack="0"/>
</pin_list>
<bind>
<opcode="select(49) " fcode="select"/>
<opset="select_ln46_346/1 "/>
</bind>
</comp>

<comp id="4144" class="1004" name="select_ln46_347_fu_4144">
<pin_list>
<pin id="4145" dir="0" index="0" bw="1" slack="0"/>
<pin id="4146" dir="0" index="1" bw="6" slack="0"/>
<pin id="4147" dir="0" index="2" bw="6" slack="0"/>
<pin id="4148" dir="1" index="3" bw="6" slack="0"/>
</pin_list>
<bind>
<opcode="select(49) " fcode="select"/>
<opset="select_ln46_347/1 "/>
</bind>
</comp>

<comp id="4152" class="1004" name="select_ln46_348_fu_4152">
<pin_list>
<pin id="4153" dir="0" index="0" bw="1" slack="0"/>
<pin id="4154" dir="0" index="1" bw="6" slack="0"/>
<pin id="4155" dir="0" index="2" bw="6" slack="0"/>
<pin id="4156" dir="1" index="3" bw="6" slack="0"/>
</pin_list>
<bind>
<opcode="select(49) " fcode="select"/>
<opset="select_ln46_348/1 "/>
</bind>
</comp>

<comp id="4160" class="1004" name="layer10_out_26_0_fu_4160">
<pin_list>
<pin id="4161" dir="0" index="0" bw="1" slack="0"/>
<pin id="4162" dir="0" index="1" bw="6" slack="0"/>
<pin id="4163" dir="0" index="2" bw="6" slack="0"/>
<pin id="4164" dir="1" index="3" bw="6" slack="0"/>
</pin_list>
<bind>
<opcode="select(49) " fcode="select"/>
<opset="layer10_out_26_0/1 "/>
</bind>
</comp>

<comp id="4168" class="1004" name="icmp_ln45_115_fu_4168">
<pin_list>
<pin id="4169" dir="0" index="0" bw="18" slack="0"/>
<pin id="4170" dir="0" index="1" bw="18" slack="0"/>
<pin id="4171" dir="1" index="2" bw="1" slack="0"/>
</pin_list>
<bind>
<opcode="icmp(45) " fcode="icmp"/>
<opset="icmp_ln45_115/1 "/>
</bind>
</comp>

<comp id="4174" class="1004" name="tmp_703_fu_4174">
<pin_list>
<pin id="4175" dir="0" index="0" bw="1" slack="0"/>
<pin id="4176" dir="0" index="1" bw="18" slack="0"/>
<pin id="4177" dir="0" index="2" bw="6" slack="0"/>
<pin id="4178" dir="1" index="3" bw="1" slack="0"/>
</pin_list>
<bind>
<opcode="bitselect(1000) " fcode="bitselect"/>
<opset="tmp_703/1 "/>
</bind>
</comp>

<comp id="4182" class="1004" name="trunc_ln46_112_fu_4182">
<pin_list>
<pin id="4183" dir="0" index="0" bw="6" slack="0"/>
<pin id="4184" dir="0" index="1" bw="18" slack="0"/>
<pin id="4185" dir="0" index="2" bw="4" slack="0"/>
<pin id="4186" dir="0" index="3" bw="5" slack="0"/>
<pin id="4187" dir="1" index="4" bw="6" slack="0"/>
</pin_list>
<bind>
<opcode="partselect(1002) " fcode="partselect"/>
<opset="trunc_ln46_112/1 "/>
</bind>
</comp>

<comp id="4192" class="1004" name="tmp_704_fu_4192">
<pin_list>
<pin id="4193" dir="0" index="0" bw="1" slack="0"/>
<pin id="4194" dir="0" index="1" bw="18" slack="0"/>
<pin id="4195" dir="0" index="2" bw="4" slack="0"/>
<pin id="4196" dir="1" index="3" bw="1" slack="0"/>
</pin_list>
<bind>
<opcode="bitselect(1000) " fcode="bitselect"/>
<opset="tmp_704/1 "/>
</bind>
</comp>

<comp id="4200" class="1004" name="trunc_ln46_176_fu_4200">
<pin_list>
<pin id="4201" dir="0" index="0" bw="18" slack="0"/>
<pin id="4202" dir="1" index="1" bw="4" slack="0"/>
</pin_list>
<bind>
<opcode="trunc(33) " fcode="trunc"/>
<opset="trunc_ln46_176/1 "/>
</bind>
</comp>

<comp id="4204" class="1004" name="icmp_ln46_232_fu_4204">
<pin_list>
<pin id="4205" dir="0" index="0" bw="4" slack="0"/>
<pin id="4206" dir="0" index="1" bw="4" slack="0"/>
<pin id="4207" dir="1" index="2" bw="1" slack="0"/>
</pin_list>
<bind>
<opcode="icmp(45) " fcode="icmp"/>
<opset="icmp_ln46_232/1 "/>
</bind>
</comp>

<comp id="4210" class="1004" name="tmp_705_fu_4210">
<pin_list>
<pin id="4211" dir="0" index="0" bw="1" slack="0"/>
<pin id="4212" dir="0" index="1" bw="18" slack="0"/>
<pin id="4213" dir="0" index="2" bw="5" slack="0"/>
<pin id="4214" dir="1" index="3" bw="1" slack="0"/>
</pin_list>
<bind>
<opcode="bitselect(1000) " fcode="bitselect"/>
<opset="tmp_705/1 "/>
</bind>
</comp>

<comp id="4218" class="1004" name="tmp_706_fu_4218">
<pin_list>
<pin id="4219" dir="0" index="0" bw="1" slack="0"/>
<pin id="4220" dir="0" index="1" bw="18" slack="0"/>
<pin id="4221" dir="0" index="2" bw="4" slack="0"/>
<pin id="4222" dir="1" index="3" bw="1" slack="0"/>
</pin_list>
<bind>
<opcode="bitselect(1000) " fcode="bitselect"/>
<opset="tmp_706/1 "/>
</bind>
</comp>

<comp id="4226" class="1004" name="or_ln46_349_fu_4226">
<pin_list>
<pin id="4227" dir="0" index="0" bw="1" slack="0"/>
<pin id="4228" dir="0" index="1" bw="1" slack="0"/>
<pin id="4229" dir="1" index="2" bw="1" slack="0"/>
</pin_list>
<bind>
<opcode="or(24) " fcode="or"/>
<opset="or_ln46_349/1 "/>
</bind>
</comp>

<comp id="4232" class="1004" name="and_ln46_226_fu_4232">
<pin_list>
<pin id="4233" dir="0" index="0" bw="1" slack="0"/>
<pin id="4234" dir="0" index="1" bw="1" slack="0"/>
<pin id="4235" dir="1" index="2" bw="1" slack="0"/>
</pin_list>
<bind>
<opcode="and(23) " fcode="and"/>
<opset="and_ln46_226/1 "/>
</bind>
</comp>

<comp id="4238" class="1004" name="zext_ln46_115_fu_4238">
<pin_list>
<pin id="4239" dir="0" index="0" bw="1" slack="0"/>
<pin id="4240" dir="1" index="1" bw="6" slack="0"/>
</pin_list>
<bind>
<opcode="zext(34) " fcode="zext"/>
<opset="zext_ln46_115/1 "/>
</bind>
</comp>

<comp id="4242" class="1004" name="add_ln46_115_fu_4242">
<pin_list>
<pin id="4243" dir="0" index="0" bw="6" slack="0"/>
<pin id="4244" dir="0" index="1" bw="1" slack="0"/>
<pin id="4245" dir="1" index="2" bw="6" slack="0"/>
</pin_list>
<bind>
<opcode="add(8) " fcode="add"/>
<opset="add_ln46_115/1 "/>
</bind>
</comp>

<comp id="4248" class="1004" name="tmp_707_fu_4248">
<pin_list>
<pin id="4249" dir="0" index="0" bw="7" slack="0"/>
<pin id="4250" dir="0" index="1" bw="18" slack="0"/>
<pin id="4251" dir="0" index="2" bw="5" slack="0"/>
<pin id="4252" dir="1" index="3" bw="7" slack="0"/>
</pin_list>
<bind>
<opcode="partselect(1002) " fcode="partselect"/>
<opset="tmp_707/1 "/>
</bind>
</comp>

<comp id="4256" class="1004" name="icmp_ln46_233_fu_4256">
<pin_list>
<pin id="4257" dir="0" index="0" bw="7" slack="0"/>
<pin id="4258" dir="0" index="1" bw="7" slack="0"/>
<pin id="4259" dir="1" index="2" bw="1" slack="0"/>
</pin_list>
<bind>
<opcode="icmp(45) " fcode="icmp"/>
<opset="icmp_ln46_233/1 "/>
</bind>
</comp>

<comp id="4262" class="1004" name="tmp_708_fu_4262">
<pin_list>
<pin id="4263" dir="0" index="0" bw="1" slack="0"/>
<pin id="4264" dir="0" index="1" bw="6" slack="0"/>
<pin id="4265" dir="0" index="2" bw="4" slack="0"/>
<pin id="4266" dir="1" index="3" bw="1" slack="0"/>
</pin_list>
<bind>
<opcode="bitselect(1000) " fcode="bitselect"/>
<opset="tmp_708/1 "/>
</bind>
</comp>

<comp id="4270" class="1004" name="not_tmp_817_fu_4270">
<pin_list>
<pin id="4271" dir="0" index="0" bw="1" slack="0"/>
<pin id="4272" dir="0" index="1" bw="1" slack="0"/>
<pin id="4273" dir="1" index="2" bw="1" slack="0"/>
</pin_list>
<bind>
<opcode="xor(25) " fcode="xor"/>
<opset="not_tmp_817/1 "/>
</bind>
</comp>

<comp id="4276" class="1004" name="and_ln46_233_fu_4276">
<pin_list>
<pin id="4277" dir="0" index="0" bw="1" slack="0"/>
<pin id="4278" dir="0" index="1" bw="1" slack="0"/>
<pin id="4279" dir="1" index="2" bw="1" slack="0"/>
</pin_list>
<bind>
<opcode="or(24) " fcode="or"/>
<opset="and_ln46_233/1 "/>
</bind>
</comp>

<comp id="4282" class="1004" name="empty_129_fu_4282">
<pin_list>
<pin id="4283" dir="0" index="0" bw="1" slack="0"/>
<pin id="4284" dir="0" index="1" bw="1" slack="0"/>
<pin id="4285" dir="1" index="2" bw="1" slack="0"/>
</pin_list>
<bind>
<opcode="and(23) " fcode="and"/>
<opset="empty_129/1 "/>
</bind>
</comp>

<comp id="4288" class="1004" name="or_ln46_350_fu_4288">
<pin_list>
<pin id="4289" dir="0" index="0" bw="1" slack="0"/>
<pin id="4290" dir="0" index="1" bw="1" slack="0"/>
<pin id="4291" dir="1" index="2" bw="1" slack="0"/>
</pin_list>
<bind>
<opcode="or(24) " fcode="or"/>
<opset="or_ln46_350/1 "/>
</bind>
</comp>

<comp id="4294" class="1004" name="xor_ln46_115_fu_4294">
<pin_list>
<pin id="4295" dir="0" index="0" bw="1" slack="0"/>
<pin id="4296" dir="0" index="1" bw="1" slack="0"/>
<pin id="4297" dir="1" index="2" bw="1" slack="0"/>
</pin_list>
<bind>
<opcode="xor(25) " fcode="xor"/>
<opset="xor_ln46_115/1 "/>
</bind>
</comp>

<comp id="4300" class="1004" name="or_ln46_351_fu_4300">
<pin_list>
<pin id="4301" dir="0" index="0" bw="1" slack="0"/>
<pin id="4302" dir="0" index="1" bw="1" slack="0"/>
<pin id="4303" dir="1" index="2" bw="1" slack="0"/>
</pin_list>
<bind>
<opcode="or(24) " fcode="or"/>
<opset="or_ln46_351/1 "/>
</bind>
</comp>

<comp id="4306" class="1004" name="select_ln46_349_fu_4306">
<pin_list>
<pin id="4307" dir="0" index="0" bw="1" slack="0"/>
<pin id="4308" dir="0" index="1" bw="6" slack="0"/>
<pin id="4309" dir="0" index="2" bw="6" slack="0"/>
<pin id="4310" dir="1" index="3" bw="6" slack="0"/>
</pin_list>
<bind>
<opcode="select(49) " fcode="select"/>
<opset="select_ln46_349/1 "/>
</bind>
</comp>

<comp id="4314" class="1004" name="select_ln46_350_fu_4314">
<pin_list>
<pin id="4315" dir="0" index="0" bw="1" slack="0"/>
<pin id="4316" dir="0" index="1" bw="6" slack="0"/>
<pin id="4317" dir="0" index="2" bw="6" slack="0"/>
<pin id="4318" dir="1" index="3" bw="6" slack="0"/>
</pin_list>
<bind>
<opcode="select(49) " fcode="select"/>
<opset="select_ln46_350/1 "/>
</bind>
</comp>

<comp id="4322" class="1004" name="select_ln46_351_fu_4322">
<pin_list>
<pin id="4323" dir="0" index="0" bw="1" slack="0"/>
<pin id="4324" dir="0" index="1" bw="6" slack="0"/>
<pin id="4325" dir="0" index="2" bw="6" slack="0"/>
<pin id="4326" dir="1" index="3" bw="6" slack="0"/>
</pin_list>
<bind>
<opcode="select(49) " fcode="select"/>
<opset="select_ln46_351/1 "/>
</bind>
</comp>

<comp id="4330" class="1004" name="layer10_out_27_0_fu_4330">
<pin_list>
<pin id="4331" dir="0" index="0" bw="1" slack="0"/>
<pin id="4332" dir="0" index="1" bw="6" slack="0"/>
<pin id="4333" dir="0" index="2" bw="6" slack="0"/>
<pin id="4334" dir="1" index="3" bw="6" slack="0"/>
</pin_list>
<bind>
<opcode="select(49) " fcode="select"/>
<opset="layer10_out_27_0/1 "/>
</bind>
</comp>

<comp id="4338" class="1004" name="icmp_ln45_116_fu_4338">
<pin_list>
<pin id="4339" dir="0" index="0" bw="18" slack="0"/>
<pin id="4340" dir="0" index="1" bw="18" slack="0"/>
<pin id="4341" dir="1" index="2" bw="1" slack="0"/>
</pin_list>
<bind>
<opcode="icmp(45) " fcode="icmp"/>
<opset="icmp_ln45_116/1 "/>
</bind>
</comp>

<comp id="4344" class="1004" name="tmp_709_fu_4344">
<pin_list>
<pin id="4345" dir="0" index="0" bw="1" slack="0"/>
<pin id="4346" dir="0" index="1" bw="18" slack="0"/>
<pin id="4347" dir="0" index="2" bw="6" slack="0"/>
<pin id="4348" dir="1" index="3" bw="1" slack="0"/>
</pin_list>
<bind>
<opcode="bitselect(1000) " fcode="bitselect"/>
<opset="tmp_709/1 "/>
</bind>
</comp>

<comp id="4352" class="1004" name="trunc_ln46_113_fu_4352">
<pin_list>
<pin id="4353" dir="0" index="0" bw="6" slack="0"/>
<pin id="4354" dir="0" index="1" bw="18" slack="0"/>
<pin id="4355" dir="0" index="2" bw="4" slack="0"/>
<pin id="4356" dir="0" index="3" bw="5" slack="0"/>
<pin id="4357" dir="1" index="4" bw="6" slack="0"/>
</pin_list>
<bind>
<opcode="partselect(1002) " fcode="partselect"/>
<opset="trunc_ln46_113/1 "/>
</bind>
</comp>

<comp id="4362" class="1004" name="tmp_710_fu_4362">
<pin_list>
<pin id="4363" dir="0" index="0" bw="1" slack="0"/>
<pin id="4364" dir="0" index="1" bw="18" slack="0"/>
<pin id="4365" dir="0" index="2" bw="4" slack="0"/>
<pin id="4366" dir="1" index="3" bw="1" slack="0"/>
</pin_list>
<bind>
<opcode="bitselect(1000) " fcode="bitselect"/>
<opset="tmp_710/1 "/>
</bind>
</comp>

<comp id="4370" class="1004" name="trunc_ln46_177_fu_4370">
<pin_list>
<pin id="4371" dir="0" index="0" bw="18" slack="0"/>
<pin id="4372" dir="1" index="1" bw="4" slack="0"/>
</pin_list>
<bind>
<opcode="trunc(33) " fcode="trunc"/>
<opset="trunc_ln46_177/1 "/>
</bind>
</comp>

<comp id="4374" class="1004" name="icmp_ln46_234_fu_4374">
<pin_list>
<pin id="4375" dir="0" index="0" bw="4" slack="0"/>
<pin id="4376" dir="0" index="1" bw="4" slack="0"/>
<pin id="4377" dir="1" index="2" bw="1" slack="0"/>
</pin_list>
<bind>
<opcode="icmp(45) " fcode="icmp"/>
<opset="icmp_ln46_234/1 "/>
</bind>
</comp>

<comp id="4380" class="1004" name="tmp_711_fu_4380">
<pin_list>
<pin id="4381" dir="0" index="0" bw="1" slack="0"/>
<pin id="4382" dir="0" index="1" bw="18" slack="0"/>
<pin id="4383" dir="0" index="2" bw="5" slack="0"/>
<pin id="4384" dir="1" index="3" bw="1" slack="0"/>
</pin_list>
<bind>
<opcode="bitselect(1000) " fcode="bitselect"/>
<opset="tmp_711/1 "/>
</bind>
</comp>

<comp id="4388" class="1004" name="tmp_712_fu_4388">
<pin_list>
<pin id="4389" dir="0" index="0" bw="1" slack="0"/>
<pin id="4390" dir="0" index="1" bw="18" slack="0"/>
<pin id="4391" dir="0" index="2" bw="4" slack="0"/>
<pin id="4392" dir="1" index="3" bw="1" slack="0"/>
</pin_list>
<bind>
<opcode="bitselect(1000) " fcode="bitselect"/>
<opset="tmp_712/1 "/>
</bind>
</comp>

<comp id="4396" class="1004" name="or_ln46_352_fu_4396">
<pin_list>
<pin id="4397" dir="0" index="0" bw="1" slack="0"/>
<pin id="4398" dir="0" index="1" bw="1" slack="0"/>
<pin id="4399" dir="1" index="2" bw="1" slack="0"/>
</pin_list>
<bind>
<opcode="or(24) " fcode="or"/>
<opset="or_ln46_352/1 "/>
</bind>
</comp>

<comp id="4402" class="1004" name="and_ln46_228_fu_4402">
<pin_list>
<pin id="4403" dir="0" index="0" bw="1" slack="0"/>
<pin id="4404" dir="0" index="1" bw="1" slack="0"/>
<pin id="4405" dir="1" index="2" bw="1" slack="0"/>
</pin_list>
<bind>
<opcode="and(23) " fcode="and"/>
<opset="and_ln46_228/1 "/>
</bind>
</comp>

<comp id="4408" class="1004" name="zext_ln46_116_fu_4408">
<pin_list>
<pin id="4409" dir="0" index="0" bw="1" slack="0"/>
<pin id="4410" dir="1" index="1" bw="6" slack="0"/>
</pin_list>
<bind>
<opcode="zext(34) " fcode="zext"/>
<opset="zext_ln46_116/1 "/>
</bind>
</comp>

<comp id="4412" class="1004" name="add_ln46_116_fu_4412">
<pin_list>
<pin id="4413" dir="0" index="0" bw="6" slack="0"/>
<pin id="4414" dir="0" index="1" bw="1" slack="0"/>
<pin id="4415" dir="1" index="2" bw="6" slack="0"/>
</pin_list>
<bind>
<opcode="add(8) " fcode="add"/>
<opset="add_ln46_116/1 "/>
</bind>
</comp>

<comp id="4418" class="1004" name="tmp_713_fu_4418">
<pin_list>
<pin id="4419" dir="0" index="0" bw="7" slack="0"/>
<pin id="4420" dir="0" index="1" bw="18" slack="0"/>
<pin id="4421" dir="0" index="2" bw="5" slack="0"/>
<pin id="4422" dir="1" index="3" bw="7" slack="0"/>
</pin_list>
<bind>
<opcode="partselect(1002) " fcode="partselect"/>
<opset="tmp_713/1 "/>
</bind>
</comp>

<comp id="4426" class="1004" name="icmp_ln46_235_fu_4426">
<pin_list>
<pin id="4427" dir="0" index="0" bw="7" slack="0"/>
<pin id="4428" dir="0" index="1" bw="7" slack="0"/>
<pin id="4429" dir="1" index="2" bw="1" slack="0"/>
</pin_list>
<bind>
<opcode="icmp(45) " fcode="icmp"/>
<opset="icmp_ln46_235/1 "/>
</bind>
</comp>

<comp id="4432" class="1004" name="tmp_714_fu_4432">
<pin_list>
<pin id="4433" dir="0" index="0" bw="1" slack="0"/>
<pin id="4434" dir="0" index="1" bw="6" slack="0"/>
<pin id="4435" dir="0" index="2" bw="4" slack="0"/>
<pin id="4436" dir="1" index="3" bw="1" slack="0"/>
</pin_list>
<bind>
<opcode="bitselect(1000) " fcode="bitselect"/>
<opset="tmp_714/1 "/>
</bind>
</comp>

<comp id="4440" class="1004" name="not_tmp_824_fu_4440">
<pin_list>
<pin id="4441" dir="0" index="0" bw="1" slack="0"/>
<pin id="4442" dir="0" index="1" bw="1" slack="0"/>
<pin id="4443" dir="1" index="2" bw="1" slack="0"/>
</pin_list>
<bind>
<opcode="xor(25) " fcode="xor"/>
<opset="not_tmp_824/1 "/>
</bind>
</comp>

<comp id="4446" class="1004" name="and_ln46_235_fu_4446">
<pin_list>
<pin id="4447" dir="0" index="0" bw="1" slack="0"/>
<pin id="4448" dir="0" index="1" bw="1" slack="0"/>
<pin id="4449" dir="1" index="2" bw="1" slack="0"/>
</pin_list>
<bind>
<opcode="or(24) " fcode="or"/>
<opset="and_ln46_235/1 "/>
</bind>
</comp>

<comp id="4452" class="1004" name="empty_130_fu_4452">
<pin_list>
<pin id="4453" dir="0" index="0" bw="1" slack="0"/>
<pin id="4454" dir="0" index="1" bw="1" slack="0"/>
<pin id="4455" dir="1" index="2" bw="1" slack="0"/>
</pin_list>
<bind>
<opcode="and(23) " fcode="and"/>
<opset="empty_130/1 "/>
</bind>
</comp>

<comp id="4458" class="1004" name="or_ln46_353_fu_4458">
<pin_list>
<pin id="4459" dir="0" index="0" bw="1" slack="0"/>
<pin id="4460" dir="0" index="1" bw="1" slack="0"/>
<pin id="4461" dir="1" index="2" bw="1" slack="0"/>
</pin_list>
<bind>
<opcode="or(24) " fcode="or"/>
<opset="or_ln46_353/1 "/>
</bind>
</comp>

<comp id="4464" class="1004" name="xor_ln46_116_fu_4464">
<pin_list>
<pin id="4465" dir="0" index="0" bw="1" slack="0"/>
<pin id="4466" dir="0" index="1" bw="1" slack="0"/>
<pin id="4467" dir="1" index="2" bw="1" slack="0"/>
</pin_list>
<bind>
<opcode="xor(25) " fcode="xor"/>
<opset="xor_ln46_116/1 "/>
</bind>
</comp>

<comp id="4470" class="1004" name="or_ln46_354_fu_4470">
<pin_list>
<pin id="4471" dir="0" index="0" bw="1" slack="0"/>
<pin id="4472" dir="0" index="1" bw="1" slack="0"/>
<pin id="4473" dir="1" index="2" bw="1" slack="0"/>
</pin_list>
<bind>
<opcode="or(24) " fcode="or"/>
<opset="or_ln46_354/1 "/>
</bind>
</comp>

<comp id="4476" class="1004" name="select_ln46_352_fu_4476">
<pin_list>
<pin id="4477" dir="0" index="0" bw="1" slack="0"/>
<pin id="4478" dir="0" index="1" bw="6" slack="0"/>
<pin id="4479" dir="0" index="2" bw="6" slack="0"/>
<pin id="4480" dir="1" index="3" bw="6" slack="0"/>
</pin_list>
<bind>
<opcode="select(49) " fcode="select"/>
<opset="select_ln46_352/1 "/>
</bind>
</comp>

<comp id="4484" class="1004" name="select_ln46_353_fu_4484">
<pin_list>
<pin id="4485" dir="0" index="0" bw="1" slack="0"/>
<pin id="4486" dir="0" index="1" bw="6" slack="0"/>
<pin id="4487" dir="0" index="2" bw="6" slack="0"/>
<pin id="4488" dir="1" index="3" bw="6" slack="0"/>
</pin_list>
<bind>
<opcode="select(49) " fcode="select"/>
<opset="select_ln46_353/1 "/>
</bind>
</comp>

<comp id="4492" class="1004" name="select_ln46_354_fu_4492">
<pin_list>
<pin id="4493" dir="0" index="0" bw="1" slack="0"/>
<pin id="4494" dir="0" index="1" bw="6" slack="0"/>
<pin id="4495" dir="0" index="2" bw="6" slack="0"/>
<pin id="4496" dir="1" index="3" bw="6" slack="0"/>
</pin_list>
<bind>
<opcode="select(49) " fcode="select"/>
<opset="select_ln46_354/1 "/>
</bind>
</comp>

<comp id="4500" class="1004" name="layer10_out_28_0_fu_4500">
<pin_list>
<pin id="4501" dir="0" index="0" bw="1" slack="0"/>
<pin id="4502" dir="0" index="1" bw="6" slack="0"/>
<pin id="4503" dir="0" index="2" bw="6" slack="0"/>
<pin id="4504" dir="1" index="3" bw="6" slack="0"/>
</pin_list>
<bind>
<opcode="select(49) " fcode="select"/>
<opset="layer10_out_28_0/1 "/>
</bind>
</comp>

<comp id="4508" class="1004" name="icmp_ln45_117_fu_4508">
<pin_list>
<pin id="4509" dir="0" index="0" bw="18" slack="0"/>
<pin id="4510" dir="0" index="1" bw="18" slack="0"/>
<pin id="4511" dir="1" index="2" bw="1" slack="0"/>
</pin_list>
<bind>
<opcode="icmp(45) " fcode="icmp"/>
<opset="icmp_ln45_117/1 "/>
</bind>
</comp>

<comp id="4514" class="1004" name="tmp_715_fu_4514">
<pin_list>
<pin id="4515" dir="0" index="0" bw="1" slack="0"/>
<pin id="4516" dir="0" index="1" bw="18" slack="0"/>
<pin id="4517" dir="0" index="2" bw="6" slack="0"/>
<pin id="4518" dir="1" index="3" bw="1" slack="0"/>
</pin_list>
<bind>
<opcode="bitselect(1000) " fcode="bitselect"/>
<opset="tmp_715/1 "/>
</bind>
</comp>

<comp id="4522" class="1004" name="trunc_ln46_114_fu_4522">
<pin_list>
<pin id="4523" dir="0" index="0" bw="6" slack="0"/>
<pin id="4524" dir="0" index="1" bw="18" slack="0"/>
<pin id="4525" dir="0" index="2" bw="4" slack="0"/>
<pin id="4526" dir="0" index="3" bw="5" slack="0"/>
<pin id="4527" dir="1" index="4" bw="6" slack="0"/>
</pin_list>
<bind>
<opcode="partselect(1002) " fcode="partselect"/>
<opset="trunc_ln46_114/1 "/>
</bind>
</comp>

<comp id="4532" class="1004" name="tmp_716_fu_4532">
<pin_list>
<pin id="4533" dir="0" index="0" bw="1" slack="0"/>
<pin id="4534" dir="0" index="1" bw="18" slack="0"/>
<pin id="4535" dir="0" index="2" bw="4" slack="0"/>
<pin id="4536" dir="1" index="3" bw="1" slack="0"/>
</pin_list>
<bind>
<opcode="bitselect(1000) " fcode="bitselect"/>
<opset="tmp_716/1 "/>
</bind>
</comp>

<comp id="4540" class="1004" name="trunc_ln46_178_fu_4540">
<pin_list>
<pin id="4541" dir="0" index="0" bw="18" slack="0"/>
<pin id="4542" dir="1" index="1" bw="4" slack="0"/>
</pin_list>
<bind>
<opcode="trunc(33) " fcode="trunc"/>
<opset="trunc_ln46_178/1 "/>
</bind>
</comp>

<comp id="4544" class="1004" name="icmp_ln46_236_fu_4544">
<pin_list>
<pin id="4545" dir="0" index="0" bw="4" slack="0"/>
<pin id="4546" dir="0" index="1" bw="4" slack="0"/>
<pin id="4547" dir="1" index="2" bw="1" slack="0"/>
</pin_list>
<bind>
<opcode="icmp(45) " fcode="icmp"/>
<opset="icmp_ln46_236/1 "/>
</bind>
</comp>

<comp id="4550" class="1004" name="tmp_717_fu_4550">
<pin_list>
<pin id="4551" dir="0" index="0" bw="1" slack="0"/>
<pin id="4552" dir="0" index="1" bw="18" slack="0"/>
<pin id="4553" dir="0" index="2" bw="5" slack="0"/>
<pin id="4554" dir="1" index="3" bw="1" slack="0"/>
</pin_list>
<bind>
<opcode="bitselect(1000) " fcode="bitselect"/>
<opset="tmp_717/1 "/>
</bind>
</comp>

<comp id="4558" class="1004" name="tmp_718_fu_4558">
<pin_list>
<pin id="4559" dir="0" index="0" bw="1" slack="0"/>
<pin id="4560" dir="0" index="1" bw="18" slack="0"/>
<pin id="4561" dir="0" index="2" bw="4" slack="0"/>
<pin id="4562" dir="1" index="3" bw="1" slack="0"/>
</pin_list>
<bind>
<opcode="bitselect(1000) " fcode="bitselect"/>
<opset="tmp_718/1 "/>
</bind>
</comp>

<comp id="4566" class="1004" name="or_ln46_355_fu_4566">
<pin_list>
<pin id="4567" dir="0" index="0" bw="1" slack="0"/>
<pin id="4568" dir="0" index="1" bw="1" slack="0"/>
<pin id="4569" dir="1" index="2" bw="1" slack="0"/>
</pin_list>
<bind>
<opcode="or(24) " fcode="or"/>
<opset="or_ln46_355/1 "/>
</bind>
</comp>

<comp id="4572" class="1004" name="and_ln46_230_fu_4572">
<pin_list>
<pin id="4573" dir="0" index="0" bw="1" slack="0"/>
<pin id="4574" dir="0" index="1" bw="1" slack="0"/>
<pin id="4575" dir="1" index="2" bw="1" slack="0"/>
</pin_list>
<bind>
<opcode="and(23) " fcode="and"/>
<opset="and_ln46_230/1 "/>
</bind>
</comp>

<comp id="4578" class="1004" name="zext_ln46_117_fu_4578">
<pin_list>
<pin id="4579" dir="0" index="0" bw="1" slack="0"/>
<pin id="4580" dir="1" index="1" bw="6" slack="0"/>
</pin_list>
<bind>
<opcode="zext(34) " fcode="zext"/>
<opset="zext_ln46_117/1 "/>
</bind>
</comp>

<comp id="4582" class="1004" name="add_ln46_117_fu_4582">
<pin_list>
<pin id="4583" dir="0" index="0" bw="6" slack="0"/>
<pin id="4584" dir="0" index="1" bw="1" slack="0"/>
<pin id="4585" dir="1" index="2" bw="6" slack="0"/>
</pin_list>
<bind>
<opcode="add(8) " fcode="add"/>
<opset="add_ln46_117/1 "/>
</bind>
</comp>

<comp id="4588" class="1004" name="tmp_719_fu_4588">
<pin_list>
<pin id="4589" dir="0" index="0" bw="7" slack="0"/>
<pin id="4590" dir="0" index="1" bw="18" slack="0"/>
<pin id="4591" dir="0" index="2" bw="5" slack="0"/>
<pin id="4592" dir="1" index="3" bw="7" slack="0"/>
</pin_list>
<bind>
<opcode="partselect(1002) " fcode="partselect"/>
<opset="tmp_719/1 "/>
</bind>
</comp>

<comp id="4596" class="1004" name="icmp_ln46_237_fu_4596">
<pin_list>
<pin id="4597" dir="0" index="0" bw="7" slack="0"/>
<pin id="4598" dir="0" index="1" bw="7" slack="0"/>
<pin id="4599" dir="1" index="2" bw="1" slack="0"/>
</pin_list>
<bind>
<opcode="icmp(45) " fcode="icmp"/>
<opset="icmp_ln46_237/1 "/>
</bind>
</comp>

<comp id="4602" class="1004" name="tmp_720_fu_4602">
<pin_list>
<pin id="4603" dir="0" index="0" bw="1" slack="0"/>
<pin id="4604" dir="0" index="1" bw="6" slack="0"/>
<pin id="4605" dir="0" index="2" bw="4" slack="0"/>
<pin id="4606" dir="1" index="3" bw="1" slack="0"/>
</pin_list>
<bind>
<opcode="bitselect(1000) " fcode="bitselect"/>
<opset="tmp_720/1 "/>
</bind>
</comp>

<comp id="4610" class="1004" name="not_tmp_831_fu_4610">
<pin_list>
<pin id="4611" dir="0" index="0" bw="1" slack="0"/>
<pin id="4612" dir="0" index="1" bw="1" slack="0"/>
<pin id="4613" dir="1" index="2" bw="1" slack="0"/>
</pin_list>
<bind>
<opcode="xor(25) " fcode="xor"/>
<opset="not_tmp_831/1 "/>
</bind>
</comp>

<comp id="4616" class="1004" name="and_ln46_237_fu_4616">
<pin_list>
<pin id="4617" dir="0" index="0" bw="1" slack="0"/>
<pin id="4618" dir="0" index="1" bw="1" slack="0"/>
<pin id="4619" dir="1" index="2" bw="1" slack="0"/>
</pin_list>
<bind>
<opcode="or(24) " fcode="or"/>
<opset="and_ln46_237/1 "/>
</bind>
</comp>

<comp id="4622" class="1004" name="empty_131_fu_4622">
<pin_list>
<pin id="4623" dir="0" index="0" bw="1" slack="0"/>
<pin id="4624" dir="0" index="1" bw="1" slack="0"/>
<pin id="4625" dir="1" index="2" bw="1" slack="0"/>
</pin_list>
<bind>
<opcode="and(23) " fcode="and"/>
<opset="empty_131/1 "/>
</bind>
</comp>

<comp id="4628" class="1004" name="or_ln46_356_fu_4628">
<pin_list>
<pin id="4629" dir="0" index="0" bw="1" slack="0"/>
<pin id="4630" dir="0" index="1" bw="1" slack="0"/>
<pin id="4631" dir="1" index="2" bw="1" slack="0"/>
</pin_list>
<bind>
<opcode="or(24) " fcode="or"/>
<opset="or_ln46_356/1 "/>
</bind>
</comp>

<comp id="4634" class="1004" name="xor_ln46_117_fu_4634">
<pin_list>
<pin id="4635" dir="0" index="0" bw="1" slack="0"/>
<pin id="4636" dir="0" index="1" bw="1" slack="0"/>
<pin id="4637" dir="1" index="2" bw="1" slack="0"/>
</pin_list>
<bind>
<opcode="xor(25) " fcode="xor"/>
<opset="xor_ln46_117/1 "/>
</bind>
</comp>

<comp id="4640" class="1004" name="or_ln46_357_fu_4640">
<pin_list>
<pin id="4641" dir="0" index="0" bw="1" slack="0"/>
<pin id="4642" dir="0" index="1" bw="1" slack="0"/>
<pin id="4643" dir="1" index="2" bw="1" slack="0"/>
</pin_list>
<bind>
<opcode="or(24) " fcode="or"/>
<opset="or_ln46_357/1 "/>
</bind>
</comp>

<comp id="4646" class="1004" name="select_ln46_355_fu_4646">
<pin_list>
<pin id="4647" dir="0" index="0" bw="1" slack="0"/>
<pin id="4648" dir="0" index="1" bw="6" slack="0"/>
<pin id="4649" dir="0" index="2" bw="6" slack="0"/>
<pin id="4650" dir="1" index="3" bw="6" slack="0"/>
</pin_list>
<bind>
<opcode="select(49) " fcode="select"/>
<opset="select_ln46_355/1 "/>
</bind>
</comp>

<comp id="4654" class="1004" name="select_ln46_356_fu_4654">
<pin_list>
<pin id="4655" dir="0" index="0" bw="1" slack="0"/>
<pin id="4656" dir="0" index="1" bw="6" slack="0"/>
<pin id="4657" dir="0" index="2" bw="6" slack="0"/>
<pin id="4658" dir="1" index="3" bw="6" slack="0"/>
</pin_list>
<bind>
<opcode="select(49) " fcode="select"/>
<opset="select_ln46_356/1 "/>
</bind>
</comp>

<comp id="4662" class="1004" name="select_ln46_357_fu_4662">
<pin_list>
<pin id="4663" dir="0" index="0" bw="1" slack="0"/>
<pin id="4664" dir="0" index="1" bw="6" slack="0"/>
<pin id="4665" dir="0" index="2" bw="6" slack="0"/>
<pin id="4666" dir="1" index="3" bw="6" slack="0"/>
</pin_list>
<bind>
<opcode="select(49) " fcode="select"/>
<opset="select_ln46_357/1 "/>
</bind>
</comp>

<comp id="4670" class="1004" name="layer10_out_29_0_fu_4670">
<pin_list>
<pin id="4671" dir="0" index="0" bw="1" slack="0"/>
<pin id="4672" dir="0" index="1" bw="6" slack="0"/>
<pin id="4673" dir="0" index="2" bw="6" slack="0"/>
<pin id="4674" dir="1" index="3" bw="6" slack="0"/>
</pin_list>
<bind>
<opcode="select(49) " fcode="select"/>
<opset="layer10_out_29_0/1 "/>
</bind>
</comp>

<comp id="4678" class="1004" name="icmp_ln45_118_fu_4678">
<pin_list>
<pin id="4679" dir="0" index="0" bw="18" slack="0"/>
<pin id="4680" dir="0" index="1" bw="18" slack="0"/>
<pin id="4681" dir="1" index="2" bw="1" slack="0"/>
</pin_list>
<bind>
<opcode="icmp(45) " fcode="icmp"/>
<opset="icmp_ln45_118/1 "/>
</bind>
</comp>

<comp id="4684" class="1004" name="tmp_721_fu_4684">
<pin_list>
<pin id="4685" dir="0" index="0" bw="1" slack="0"/>
<pin id="4686" dir="0" index="1" bw="18" slack="0"/>
<pin id="4687" dir="0" index="2" bw="6" slack="0"/>
<pin id="4688" dir="1" index="3" bw="1" slack="0"/>
</pin_list>
<bind>
<opcode="bitselect(1000) " fcode="bitselect"/>
<opset="tmp_721/1 "/>
</bind>
</comp>

<comp id="4692" class="1004" name="trunc_ln46_115_fu_4692">
<pin_list>
<pin id="4693" dir="0" index="0" bw="6" slack="0"/>
<pin id="4694" dir="0" index="1" bw="18" slack="0"/>
<pin id="4695" dir="0" index="2" bw="4" slack="0"/>
<pin id="4696" dir="0" index="3" bw="5" slack="0"/>
<pin id="4697" dir="1" index="4" bw="6" slack="0"/>
</pin_list>
<bind>
<opcode="partselect(1002) " fcode="partselect"/>
<opset="trunc_ln46_115/1 "/>
</bind>
</comp>

<comp id="4702" class="1004" name="tmp_722_fu_4702">
<pin_list>
<pin id="4703" dir="0" index="0" bw="1" slack="0"/>
<pin id="4704" dir="0" index="1" bw="18" slack="0"/>
<pin id="4705" dir="0" index="2" bw="4" slack="0"/>
<pin id="4706" dir="1" index="3" bw="1" slack="0"/>
</pin_list>
<bind>
<opcode="bitselect(1000) " fcode="bitselect"/>
<opset="tmp_722/1 "/>
</bind>
</comp>

<comp id="4710" class="1004" name="trunc_ln46_179_fu_4710">
<pin_list>
<pin id="4711" dir="0" index="0" bw="18" slack="0"/>
<pin id="4712" dir="1" index="1" bw="4" slack="0"/>
</pin_list>
<bind>
<opcode="trunc(33) " fcode="trunc"/>
<opset="trunc_ln46_179/1 "/>
</bind>
</comp>

<comp id="4714" class="1004" name="icmp_ln46_238_fu_4714">
<pin_list>
<pin id="4715" dir="0" index="0" bw="4" slack="0"/>
<pin id="4716" dir="0" index="1" bw="4" slack="0"/>
<pin id="4717" dir="1" index="2" bw="1" slack="0"/>
</pin_list>
<bind>
<opcode="icmp(45) " fcode="icmp"/>
<opset="icmp_ln46_238/1 "/>
</bind>
</comp>

<comp id="4720" class="1004" name="tmp_723_fu_4720">
<pin_list>
<pin id="4721" dir="0" index="0" bw="1" slack="0"/>
<pin id="4722" dir="0" index="1" bw="18" slack="0"/>
<pin id="4723" dir="0" index="2" bw="5" slack="0"/>
<pin id="4724" dir="1" index="3" bw="1" slack="0"/>
</pin_list>
<bind>
<opcode="bitselect(1000) " fcode="bitselect"/>
<opset="tmp_723/1 "/>
</bind>
</comp>

<comp id="4728" class="1004" name="tmp_724_fu_4728">
<pin_list>
<pin id="4729" dir="0" index="0" bw="1" slack="0"/>
<pin id="4730" dir="0" index="1" bw="18" slack="0"/>
<pin id="4731" dir="0" index="2" bw="4" slack="0"/>
<pin id="4732" dir="1" index="3" bw="1" slack="0"/>
</pin_list>
<bind>
<opcode="bitselect(1000) " fcode="bitselect"/>
<opset="tmp_724/1 "/>
</bind>
</comp>

<comp id="4736" class="1004" name="or_ln46_358_fu_4736">
<pin_list>
<pin id="4737" dir="0" index="0" bw="1" slack="0"/>
<pin id="4738" dir="0" index="1" bw="1" slack="0"/>
<pin id="4739" dir="1" index="2" bw="1" slack="0"/>
</pin_list>
<bind>
<opcode="or(24) " fcode="or"/>
<opset="or_ln46_358/1 "/>
</bind>
</comp>

<comp id="4742" class="1004" name="and_ln46_232_fu_4742">
<pin_list>
<pin id="4743" dir="0" index="0" bw="1" slack="0"/>
<pin id="4744" dir="0" index="1" bw="1" slack="0"/>
<pin id="4745" dir="1" index="2" bw="1" slack="0"/>
</pin_list>
<bind>
<opcode="and(23) " fcode="and"/>
<opset="and_ln46_232/1 "/>
</bind>
</comp>

<comp id="4748" class="1004" name="zext_ln46_118_fu_4748">
<pin_list>
<pin id="4749" dir="0" index="0" bw="1" slack="0"/>
<pin id="4750" dir="1" index="1" bw="6" slack="0"/>
</pin_list>
<bind>
<opcode="zext(34) " fcode="zext"/>
<opset="zext_ln46_118/1 "/>
</bind>
</comp>

<comp id="4752" class="1004" name="add_ln46_118_fu_4752">
<pin_list>
<pin id="4753" dir="0" index="0" bw="6" slack="0"/>
<pin id="4754" dir="0" index="1" bw="1" slack="0"/>
<pin id="4755" dir="1" index="2" bw="6" slack="0"/>
</pin_list>
<bind>
<opcode="add(8) " fcode="add"/>
<opset="add_ln46_118/1 "/>
</bind>
</comp>

<comp id="4758" class="1004" name="tmp_725_fu_4758">
<pin_list>
<pin id="4759" dir="0" index="0" bw="7" slack="0"/>
<pin id="4760" dir="0" index="1" bw="18" slack="0"/>
<pin id="4761" dir="0" index="2" bw="5" slack="0"/>
<pin id="4762" dir="1" index="3" bw="7" slack="0"/>
</pin_list>
<bind>
<opcode="partselect(1002) " fcode="partselect"/>
<opset="tmp_725/1 "/>
</bind>
</comp>

<comp id="4766" class="1004" name="icmp_ln46_239_fu_4766">
<pin_list>
<pin id="4767" dir="0" index="0" bw="7" slack="0"/>
<pin id="4768" dir="0" index="1" bw="7" slack="0"/>
<pin id="4769" dir="1" index="2" bw="1" slack="0"/>
</pin_list>
<bind>
<opcode="icmp(45) " fcode="icmp"/>
<opset="icmp_ln46_239/1 "/>
</bind>
</comp>

<comp id="4772" class="1004" name="tmp_726_fu_4772">
<pin_list>
<pin id="4773" dir="0" index="0" bw="1" slack="0"/>
<pin id="4774" dir="0" index="1" bw="6" slack="0"/>
<pin id="4775" dir="0" index="2" bw="4" slack="0"/>
<pin id="4776" dir="1" index="3" bw="1" slack="0"/>
</pin_list>
<bind>
<opcode="bitselect(1000) " fcode="bitselect"/>
<opset="tmp_726/1 "/>
</bind>
</comp>

<comp id="4780" class="1004" name="not_tmp_838_fu_4780">
<pin_list>
<pin id="4781" dir="0" index="0" bw="1" slack="0"/>
<pin id="4782" dir="0" index="1" bw="1" slack="0"/>
<pin id="4783" dir="1" index="2" bw="1" slack="0"/>
</pin_list>
<bind>
<opcode="xor(25) " fcode="xor"/>
<opset="not_tmp_838/1 "/>
</bind>
</comp>

<comp id="4786" class="1004" name="and_ln46_239_fu_4786">
<pin_list>
<pin id="4787" dir="0" index="0" bw="1" slack="0"/>
<pin id="4788" dir="0" index="1" bw="1" slack="0"/>
<pin id="4789" dir="1" index="2" bw="1" slack="0"/>
</pin_list>
<bind>
<opcode="or(24) " fcode="or"/>
<opset="and_ln46_239/1 "/>
</bind>
</comp>

<comp id="4792" class="1004" name="empty_132_fu_4792">
<pin_list>
<pin id="4793" dir="0" index="0" bw="1" slack="0"/>
<pin id="4794" dir="0" index="1" bw="1" slack="0"/>
<pin id="4795" dir="1" index="2" bw="1" slack="0"/>
</pin_list>
<bind>
<opcode="and(23) " fcode="and"/>
<opset="empty_132/1 "/>
</bind>
</comp>

<comp id="4798" class="1004" name="or_ln46_359_fu_4798">
<pin_list>
<pin id="4799" dir="0" index="0" bw="1" slack="0"/>
<pin id="4800" dir="0" index="1" bw="1" slack="0"/>
<pin id="4801" dir="1" index="2" bw="1" slack="0"/>
</pin_list>
<bind>
<opcode="or(24) " fcode="or"/>
<opset="or_ln46_359/1 "/>
</bind>
</comp>

<comp id="4804" class="1004" name="xor_ln46_118_fu_4804">
<pin_list>
<pin id="4805" dir="0" index="0" bw="1" slack="0"/>
<pin id="4806" dir="0" index="1" bw="1" slack="0"/>
<pin id="4807" dir="1" index="2" bw="1" slack="0"/>
</pin_list>
<bind>
<opcode="xor(25) " fcode="xor"/>
<opset="xor_ln46_118/1 "/>
</bind>
</comp>

<comp id="4810" class="1004" name="or_ln46_360_fu_4810">
<pin_list>
<pin id="4811" dir="0" index="0" bw="1" slack="0"/>
<pin id="4812" dir="0" index="1" bw="1" slack="0"/>
<pin id="4813" dir="1" index="2" bw="1" slack="0"/>
</pin_list>
<bind>
<opcode="or(24) " fcode="or"/>
<opset="or_ln46_360/1 "/>
</bind>
</comp>

<comp id="4816" class="1004" name="select_ln46_358_fu_4816">
<pin_list>
<pin id="4817" dir="0" index="0" bw="1" slack="0"/>
<pin id="4818" dir="0" index="1" bw="6" slack="0"/>
<pin id="4819" dir="0" index="2" bw="6" slack="0"/>
<pin id="4820" dir="1" index="3" bw="6" slack="0"/>
</pin_list>
<bind>
<opcode="select(49) " fcode="select"/>
<opset="select_ln46_358/1 "/>
</bind>
</comp>

<comp id="4824" class="1004" name="select_ln46_359_fu_4824">
<pin_list>
<pin id="4825" dir="0" index="0" bw="1" slack="0"/>
<pin id="4826" dir="0" index="1" bw="6" slack="0"/>
<pin id="4827" dir="0" index="2" bw="6" slack="0"/>
<pin id="4828" dir="1" index="3" bw="6" slack="0"/>
</pin_list>
<bind>
<opcode="select(49) " fcode="select"/>
<opset="select_ln46_359/1 "/>
</bind>
</comp>

<comp id="4832" class="1004" name="select_ln46_360_fu_4832">
<pin_list>
<pin id="4833" dir="0" index="0" bw="1" slack="0"/>
<pin id="4834" dir="0" index="1" bw="6" slack="0"/>
<pin id="4835" dir="0" index="2" bw="6" slack="0"/>
<pin id="4836" dir="1" index="3" bw="6" slack="0"/>
</pin_list>
<bind>
<opcode="select(49) " fcode="select"/>
<opset="select_ln46_360/1 "/>
</bind>
</comp>

<comp id="4840" class="1004" name="layer10_out_31_0_fu_4840">
<pin_list>
<pin id="4841" dir="0" index="0" bw="1" slack="0"/>
<pin id="4842" dir="0" index="1" bw="6" slack="0"/>
<pin id="4843" dir="0" index="2" bw="6" slack="0"/>
<pin id="4844" dir="1" index="3" bw="6" slack="0"/>
</pin_list>
<bind>
<opcode="select(49) " fcode="select"/>
<opset="layer10_out_31_0/1 "/>
</bind>
</comp>

<comp id="4848" class="1004" name="mrv_fu_4848">
<pin_list>
<pin id="4849" dir="0" index="0" bw="162" slack="0"/>
<pin id="4850" dir="0" index="1" bw="6" slack="0"/>
<pin id="4851" dir="1" index="2" bw="162" slack="0"/>
</pin_list>
<bind>
<opcode="insertvalue(57) " fcode="insertvalue"/>
<opset="mrv/1 "/>
</bind>
</comp>

<comp id="4854" class="1004" name="mrv_1_fu_4854">
<pin_list>
<pin id="4855" dir="0" index="0" bw="162" slack="0"/>
<pin id="4856" dir="0" index="1" bw="6" slack="0"/>
<pin id="4857" dir="1" index="2" bw="162" slack="0"/>
</pin_list>
<bind>
<opcode="insertvalue(57) " fcode="insertvalue"/>
<opset="mrv_1/1 "/>
</bind>
</comp>

<comp id="4860" class="1004" name="mrv_2_fu_4860">
<pin_list>
<pin id="4861" dir="0" index="0" bw="162" slack="0"/>
<pin id="4862" dir="0" index="1" bw="6" slack="0"/>
<pin id="4863" dir="1" index="2" bw="162" slack="0"/>
</pin_list>
<bind>
<opcode="insertvalue(57) " fcode="insertvalue"/>
<opset="mrv_2/1 "/>
</bind>
</comp>

<comp id="4866" class="1004" name="mrv_3_fu_4866">
<pin_list>
<pin id="4867" dir="0" index="0" bw="162" slack="0"/>
<pin id="4868" dir="0" index="1" bw="6" slack="0"/>
<pin id="4869" dir="1" index="2" bw="162" slack="0"/>
</pin_list>
<bind>
<opcode="insertvalue(57) " fcode="insertvalue"/>
<opset="mrv_3/1 "/>
</bind>
</comp>

<comp id="4872" class="1004" name="mrv_4_fu_4872">
<pin_list>
<pin id="4873" dir="0" index="0" bw="162" slack="0"/>
<pin id="4874" dir="0" index="1" bw="6" slack="0"/>
<pin id="4875" dir="1" index="2" bw="162" slack="0"/>
</pin_list>
<bind>
<opcode="insertvalue(57) " fcode="insertvalue"/>
<opset="mrv_4/1 "/>
</bind>
</comp>

<comp id="4878" class="1004" name="mrv_5_fu_4878">
<pin_list>
<pin id="4879" dir="0" index="0" bw="162" slack="0"/>
<pin id="4880" dir="0" index="1" bw="6" slack="0"/>
<pin id="4881" dir="1" index="2" bw="162" slack="0"/>
</pin_list>
<bind>
<opcode="insertvalue(57) " fcode="insertvalue"/>
<opset="mrv_5/1 "/>
</bind>
</comp>

<comp id="4884" class="1004" name="mrv_6_fu_4884">
<pin_list>
<pin id="4885" dir="0" index="0" bw="162" slack="0"/>
<pin id="4886" dir="0" index="1" bw="6" slack="0"/>
<pin id="4887" dir="1" index="2" bw="162" slack="0"/>
</pin_list>
<bind>
<opcode="insertvalue(57) " fcode="insertvalue"/>
<opset="mrv_6/1 "/>
</bind>
</comp>

<comp id="4890" class="1004" name="mrv_7_fu_4890">
<pin_list>
<pin id="4891" dir="0" index="0" bw="162" slack="0"/>
<pin id="4892" dir="0" index="1" bw="6" slack="0"/>
<pin id="4893" dir="1" index="2" bw="162" slack="0"/>
</pin_list>
<bind>
<opcode="insertvalue(57) " fcode="insertvalue"/>
<opset="mrv_7/1 "/>
</bind>
</comp>

<comp id="4896" class="1004" name="mrv_8_fu_4896">
<pin_list>
<pin id="4897" dir="0" index="0" bw="162" slack="0"/>
<pin id="4898" dir="0" index="1" bw="6" slack="0"/>
<pin id="4899" dir="1" index="2" bw="162" slack="0"/>
</pin_list>
<bind>
<opcode="insertvalue(57) " fcode="insertvalue"/>
<opset="mrv_8/1 "/>
</bind>
</comp>

<comp id="4902" class="1004" name="mrv_9_fu_4902">
<pin_list>
<pin id="4903" dir="0" index="0" bw="162" slack="0"/>
<pin id="4904" dir="0" index="1" bw="6" slack="0"/>
<pin id="4905" dir="1" index="2" bw="162" slack="0"/>
</pin_list>
<bind>
<opcode="insertvalue(57) " fcode="insertvalue"/>
<opset="mrv_9/1 "/>
</bind>
</comp>

<comp id="4908" class="1004" name="mrv_10_fu_4908">
<pin_list>
<pin id="4909" dir="0" index="0" bw="162" slack="0"/>
<pin id="4910" dir="0" index="1" bw="6" slack="0"/>
<pin id="4911" dir="1" index="2" bw="162" slack="0"/>
</pin_list>
<bind>
<opcode="insertvalue(57) " fcode="insertvalue"/>
<opset="mrv_10/1 "/>
</bind>
</comp>

<comp id="4914" class="1004" name="mrv_11_fu_4914">
<pin_list>
<pin id="4915" dir="0" index="0" bw="162" slack="0"/>
<pin id="4916" dir="0" index="1" bw="6" slack="0"/>
<pin id="4917" dir="1" index="2" bw="162" slack="0"/>
</pin_list>
<bind>
<opcode="insertvalue(57) " fcode="insertvalue"/>
<opset="mrv_11/1 "/>
</bind>
</comp>

<comp id="4920" class="1004" name="mrv_12_fu_4920">
<pin_list>
<pin id="4921" dir="0" index="0" bw="162" slack="0"/>
<pin id="4922" dir="0" index="1" bw="6" slack="0"/>
<pin id="4923" dir="1" index="2" bw="162" slack="0"/>
</pin_list>
<bind>
<opcode="insertvalue(57) " fcode="insertvalue"/>
<opset="mrv_12/1 "/>
</bind>
</comp>

<comp id="4926" class="1004" name="mrv_13_fu_4926">
<pin_list>
<pin id="4927" dir="0" index="0" bw="162" slack="0"/>
<pin id="4928" dir="0" index="1" bw="6" slack="0"/>
<pin id="4929" dir="1" index="2" bw="162" slack="0"/>
</pin_list>
<bind>
<opcode="insertvalue(57) " fcode="insertvalue"/>
<opset="mrv_13/1 "/>
</bind>
</comp>

<comp id="4932" class="1004" name="mrv_14_fu_4932">
<pin_list>
<pin id="4933" dir="0" index="0" bw="162" slack="0"/>
<pin id="4934" dir="0" index="1" bw="6" slack="0"/>
<pin id="4935" dir="1" index="2" bw="162" slack="0"/>
</pin_list>
<bind>
<opcode="insertvalue(57) " fcode="insertvalue"/>
<opset="mrv_14/1 "/>
</bind>
</comp>

<comp id="4938" class="1004" name="mrv_15_fu_4938">
<pin_list>
<pin id="4939" dir="0" index="0" bw="162" slack="0"/>
<pin id="4940" dir="0" index="1" bw="6" slack="0"/>
<pin id="4941" dir="1" index="2" bw="162" slack="0"/>
</pin_list>
<bind>
<opcode="insertvalue(57) " fcode="insertvalue"/>
<opset="mrv_15/1 "/>
</bind>
</comp>

<comp id="4944" class="1004" name="mrv_16_fu_4944">
<pin_list>
<pin id="4945" dir="0" index="0" bw="162" slack="0"/>
<pin id="4946" dir="0" index="1" bw="6" slack="0"/>
<pin id="4947" dir="1" index="2" bw="162" slack="0"/>
</pin_list>
<bind>
<opcode="insertvalue(57) " fcode="insertvalue"/>
<opset="mrv_16/1 "/>
</bind>
</comp>

<comp id="4950" class="1004" name="mrv_17_fu_4950">
<pin_list>
<pin id="4951" dir="0" index="0" bw="162" slack="0"/>
<pin id="4952" dir="0" index="1" bw="6" slack="0"/>
<pin id="4953" dir="1" index="2" bw="162" slack="0"/>
</pin_list>
<bind>
<opcode="insertvalue(57) " fcode="insertvalue"/>
<opset="mrv_17/1 "/>
</bind>
</comp>

<comp id="4956" class="1004" name="mrv_18_fu_4956">
<pin_list>
<pin id="4957" dir="0" index="0" bw="162" slack="0"/>
<pin id="4958" dir="0" index="1" bw="6" slack="0"/>
<pin id="4959" dir="1" index="2" bw="162" slack="0"/>
</pin_list>
<bind>
<opcode="insertvalue(57) " fcode="insertvalue"/>
<opset="mrv_18/1 "/>
</bind>
</comp>

<comp id="4962" class="1004" name="mrv_19_fu_4962">
<pin_list>
<pin id="4963" dir="0" index="0" bw="162" slack="0"/>
<pin id="4964" dir="0" index="1" bw="6" slack="0"/>
<pin id="4965" dir="1" index="2" bw="162" slack="0"/>
</pin_list>
<bind>
<opcode="insertvalue(57) " fcode="insertvalue"/>
<opset="mrv_19/1 "/>
</bind>
</comp>

<comp id="4968" class="1004" name="mrv_20_fu_4968">
<pin_list>
<pin id="4969" dir="0" index="0" bw="162" slack="0"/>
<pin id="4970" dir="0" index="1" bw="6" slack="0"/>
<pin id="4971" dir="1" index="2" bw="162" slack="0"/>
</pin_list>
<bind>
<opcode="insertvalue(57) " fcode="insertvalue"/>
<opset="mrv_20/1 "/>
</bind>
</comp>

<comp id="4974" class="1004" name="mrv_21_fu_4974">
<pin_list>
<pin id="4975" dir="0" index="0" bw="162" slack="0"/>
<pin id="4976" dir="0" index="1" bw="6" slack="0"/>
<pin id="4977" dir="1" index="2" bw="162" slack="0"/>
</pin_list>
<bind>
<opcode="insertvalue(57) " fcode="insertvalue"/>
<opset="mrv_21/1 "/>
</bind>
</comp>

<comp id="4980" class="1004" name="mrv_22_fu_4980">
<pin_list>
<pin id="4981" dir="0" index="0" bw="162" slack="0"/>
<pin id="4982" dir="0" index="1" bw="6" slack="0"/>
<pin id="4983" dir="1" index="2" bw="162" slack="0"/>
</pin_list>
<bind>
<opcode="insertvalue(57) " fcode="insertvalue"/>
<opset="mrv_22/1 "/>
</bind>
</comp>

<comp id="4986" class="1004" name="mrv_23_fu_4986">
<pin_list>
<pin id="4987" dir="0" index="0" bw="162" slack="0"/>
<pin id="4988" dir="0" index="1" bw="6" slack="0"/>
<pin id="4989" dir="1" index="2" bw="162" slack="0"/>
</pin_list>
<bind>
<opcode="insertvalue(57) " fcode="insertvalue"/>
<opset="mrv_23/1 "/>
</bind>
</comp>

<comp id="4992" class="1004" name="mrv_24_fu_4992">
<pin_list>
<pin id="4993" dir="0" index="0" bw="162" slack="0"/>
<pin id="4994" dir="0" index="1" bw="6" slack="0"/>
<pin id="4995" dir="1" index="2" bw="162" slack="0"/>
</pin_list>
<bind>
<opcode="insertvalue(57) " fcode="insertvalue"/>
<opset="mrv_24/1 "/>
</bind>
</comp>

<comp id="4998" class="1004" name="mrv_25_fu_4998">
<pin_list>
<pin id="4999" dir="0" index="0" bw="162" slack="0"/>
<pin id="5000" dir="0" index="1" bw="6" slack="0"/>
<pin id="5001" dir="1" index="2" bw="162" slack="0"/>
</pin_list>
<bind>
<opcode="insertvalue(57) " fcode="insertvalue"/>
<opset="mrv_25/1 "/>
</bind>
</comp>

<comp id="5004" class="1004" name="mrv_26_fu_5004">
<pin_list>
<pin id="5005" dir="0" index="0" bw="162" slack="0"/>
<pin id="5006" dir="0" index="1" bw="6" slack="0"/>
<pin id="5007" dir="1" index="2" bw="162" slack="2147483647"/>
</pin_list>
<bind>
<opcode="insertvalue(57) " fcode="insertvalue"/>
<opset="mrv_26/1 "/>
</bind>
</comp>

</comp_list>

<net_list>
<net id="100"><net_src comp="62" pin="0"/><net_sink comp="96" pin=0"/></net>

<net id="101"><net_src comp="52" pin="0"/><net_sink comp="96" pin=1"/></net>

<net id="106"><net_src comp="62" pin="0"/><net_sink comp="102" pin=0"/></net>

<net id="107"><net_src comp="50" pin="0"/><net_sink comp="102" pin=1"/></net>

<net id="112"><net_src comp="62" pin="0"/><net_sink comp="108" pin=0"/></net>

<net id="113"><net_src comp="48" pin="0"/><net_sink comp="108" pin=1"/></net>

<net id="118"><net_src comp="62" pin="0"/><net_sink comp="114" pin=0"/></net>

<net id="119"><net_src comp="46" pin="0"/><net_sink comp="114" pin=1"/></net>

<net id="124"><net_src comp="62" pin="0"/><net_sink comp="120" pin=0"/></net>

<net id="125"><net_src comp="44" pin="0"/><net_sink comp="120" pin=1"/></net>

<net id="130"><net_src comp="62" pin="0"/><net_sink comp="126" pin=0"/></net>

<net id="131"><net_src comp="42" pin="0"/><net_sink comp="126" pin=1"/></net>

<net id="136"><net_src comp="62" pin="0"/><net_sink comp="132" pin=0"/></net>

<net id="137"><net_src comp="40" pin="0"/><net_sink comp="132" pin=1"/></net>

<net id="142"><net_src comp="62" pin="0"/><net_sink comp="138" pin=0"/></net>

<net id="143"><net_src comp="38" pin="0"/><net_sink comp="138" pin=1"/></net>

<net id="148"><net_src comp="62" pin="0"/><net_sink comp="144" pin=0"/></net>

<net id="149"><net_src comp="36" pin="0"/><net_sink comp="144" pin=1"/></net>

<net id="154"><net_src comp="62" pin="0"/><net_sink comp="150" pin=0"/></net>

<net id="155"><net_src comp="34" pin="0"/><net_sink comp="150" pin=1"/></net>

<net id="160"><net_src comp="62" pin="0"/><net_sink comp="156" pin=0"/></net>

<net id="161"><net_src comp="32" pin="0"/><net_sink comp="156" pin=1"/></net>

<net id="166"><net_src comp="62" pin="0"/><net_sink comp="162" pin=0"/></net>

<net id="167"><net_src comp="30" pin="0"/><net_sink comp="162" pin=1"/></net>

<net id="172"><net_src comp="62" pin="0"/><net_sink comp="168" pin=0"/></net>

<net id="173"><net_src comp="28" pin="0"/><net_sink comp="168" pin=1"/></net>

<net id="178"><net_src comp="62" pin="0"/><net_sink comp="174" pin=0"/></net>

<net id="179"><net_src comp="26" pin="0"/><net_sink comp="174" pin=1"/></net>

<net id="184"><net_src comp="62" pin="0"/><net_sink comp="180" pin=0"/></net>

<net id="185"><net_src comp="24" pin="0"/><net_sink comp="180" pin=1"/></net>

<net id="190"><net_src comp="62" pin="0"/><net_sink comp="186" pin=0"/></net>

<net id="191"><net_src comp="22" pin="0"/><net_sink comp="186" pin=1"/></net>

<net id="196"><net_src comp="62" pin="0"/><net_sink comp="192" pin=0"/></net>

<net id="197"><net_src comp="20" pin="0"/><net_sink comp="192" pin=1"/></net>

<net id="202"><net_src comp="62" pin="0"/><net_sink comp="198" pin=0"/></net>

<net id="203"><net_src comp="18" pin="0"/><net_sink comp="198" pin=1"/></net>

<net id="208"><net_src comp="62" pin="0"/><net_sink comp="204" pin=0"/></net>

<net id="209"><net_src comp="16" pin="0"/><net_sink comp="204" pin=1"/></net>

<net id="214"><net_src comp="62" pin="0"/><net_sink comp="210" pin=0"/></net>

<net id="215"><net_src comp="14" pin="0"/><net_sink comp="210" pin=1"/></net>

<net id="220"><net_src comp="62" pin="0"/><net_sink comp="216" pin=0"/></net>

<net id="221"><net_src comp="12" pin="0"/><net_sink comp="216" pin=1"/></net>

<net id="226"><net_src comp="62" pin="0"/><net_sink comp="222" pin=0"/></net>

<net id="227"><net_src comp="10" pin="0"/><net_sink comp="222" pin=1"/></net>

<net id="232"><net_src comp="62" pin="0"/><net_sink comp="228" pin=0"/></net>

<net id="233"><net_src comp="8" pin="0"/><net_sink comp="228" pin=1"/></net>

<net id="238"><net_src comp="62" pin="0"/><net_sink comp="234" pin=0"/></net>

<net id="239"><net_src comp="6" pin="0"/><net_sink comp="234" pin=1"/></net>

<net id="244"><net_src comp="62" pin="0"/><net_sink comp="240" pin=0"/></net>

<net id="245"><net_src comp="4" pin="0"/><net_sink comp="240" pin=1"/></net>

<net id="250"><net_src comp="62" pin="0"/><net_sink comp="246" pin=0"/></net>

<net id="251"><net_src comp="2" pin="0"/><net_sink comp="246" pin=1"/></net>

<net id="256"><net_src comp="62" pin="0"/><net_sink comp="252" pin=0"/></net>

<net id="257"><net_src comp="0" pin="0"/><net_sink comp="252" pin=1"/></net>

<net id="262"><net_src comp="252" pin="2"/><net_sink comp="258" pin=0"/></net>

<net id="263"><net_src comp="64" pin="0"/><net_sink comp="258" pin=1"/></net>

<net id="269"><net_src comp="66" pin="0"/><net_sink comp="264" pin=0"/></net>

<net id="270"><net_src comp="252" pin="2"/><net_sink comp="264" pin=1"/></net>

<net id="271"><net_src comp="68" pin="0"/><net_sink comp="264" pin=2"/></net>

<net id="278"><net_src comp="70" pin="0"/><net_sink comp="272" pin=0"/></net>

<net id="279"><net_src comp="252" pin="2"/><net_sink comp="272" pin=1"/></net>

<net id="280"><net_src comp="72" pin="0"/><net_sink comp="272" pin=2"/></net>

<net id="281"><net_src comp="74" pin="0"/><net_sink comp="272" pin=3"/></net>

<net id="287"><net_src comp="66" pin="0"/><net_sink comp="282" pin=0"/></net>

<net id="288"><net_src comp="252" pin="2"/><net_sink comp="282" pin=1"/></net>

<net id="289"><net_src comp="76" pin="0"/><net_sink comp="282" pin=2"/></net>

<net id="293"><net_src comp="252" pin="2"/><net_sink comp="290" pin=0"/></net>

<net id="298"><net_src comp="290" pin="1"/><net_sink comp="294" pin=0"/></net>

<net id="299"><net_src comp="78" pin="0"/><net_sink comp="294" pin=1"/></net>

<net id="305"><net_src comp="66" pin="0"/><net_sink comp="300" pin=0"/></net>

<net id="306"><net_src comp="252" pin="2"/><net_sink comp="300" pin=1"/></net>

<net id="307"><net_src comp="74" pin="0"/><net_sink comp="300" pin=2"/></net>

<net id="313"><net_src comp="66" pin="0"/><net_sink comp="308" pin=0"/></net>

<net id="314"><net_src comp="252" pin="2"/><net_sink comp="308" pin=1"/></net>

<net id="315"><net_src comp="72" pin="0"/><net_sink comp="308" pin=2"/></net>

<net id="320"><net_src comp="308" pin="3"/><net_sink comp="316" pin=0"/></net>

<net id="321"><net_src comp="294" pin="2"/><net_sink comp="316" pin=1"/></net>

<net id="326"><net_src comp="316" pin="2"/><net_sink comp="322" pin=0"/></net>

<net id="327"><net_src comp="282" pin="3"/><net_sink comp="322" pin=1"/></net>

<net id="331"><net_src comp="322" pin="2"/><net_sink comp="328" pin=0"/></net>

<net id="336"><net_src comp="272" pin="4"/><net_sink comp="332" pin=0"/></net>

<net id="337"><net_src comp="328" pin="1"/><net_sink comp="332" pin=1"/></net>

<net id="343"><net_src comp="80" pin="0"/><net_sink comp="338" pin=0"/></net>

<net id="344"><net_src comp="252" pin="2"/><net_sink comp="338" pin=1"/></net>

<net id="345"><net_src comp="82" pin="0"/><net_sink comp="338" pin=2"/></net>

<net id="350"><net_src comp="338" pin="3"/><net_sink comp="346" pin=0"/></net>

<net id="351"><net_src comp="84" pin="0"/><net_sink comp="346" pin=1"/></net>

<net id="357"><net_src comp="86" pin="0"/><net_sink comp="352" pin=0"/></net>

<net id="358"><net_src comp="332" pin="2"/><net_sink comp="352" pin=1"/></net>

<net id="359"><net_src comp="72" pin="0"/><net_sink comp="352" pin=2"/></net>

<net id="364"><net_src comp="300" pin="3"/><net_sink comp="360" pin=0"/></net>

<net id="365"><net_src comp="88" pin="0"/><net_sink comp="360" pin=1"/></net>

<net id="370"><net_src comp="352" pin="3"/><net_sink comp="366" pin=0"/></net>

<net id="371"><net_src comp="360" pin="2"/><net_sink comp="366" pin=1"/></net>

<net id="376"><net_src comp="346" pin="2"/><net_sink comp="372" pin=0"/></net>

<net id="377"><net_src comp="366" pin="2"/><net_sink comp="372" pin=1"/></net>

<net id="382"><net_src comp="372" pin="2"/><net_sink comp="378" pin=0"/></net>

<net id="383"><net_src comp="264" pin="3"/><net_sink comp="378" pin=1"/></net>

<net id="388"><net_src comp="372" pin="2"/><net_sink comp="384" pin=0"/></net>

<net id="389"><net_src comp="88" pin="0"/><net_sink comp="384" pin=1"/></net>

<net id="394"><net_src comp="264" pin="3"/><net_sink comp="390" pin=0"/></net>

<net id="395"><net_src comp="384" pin="2"/><net_sink comp="390" pin=1"/></net>

<net id="401"><net_src comp="264" pin="3"/><net_sink comp="396" pin=0"/></net>

<net id="402"><net_src comp="90" pin="0"/><net_sink comp="396" pin=1"/></net>

<net id="403"><net_src comp="332" pin="2"/><net_sink comp="396" pin=2"/></net>

<net id="409"><net_src comp="378" pin="2"/><net_sink comp="404" pin=0"/></net>

<net id="410"><net_src comp="396" pin="3"/><net_sink comp="404" pin=1"/></net>

<net id="411"><net_src comp="92" pin="0"/><net_sink comp="404" pin=2"/></net>

<net id="417"><net_src comp="390" pin="2"/><net_sink comp="412" pin=0"/></net>

<net id="418"><net_src comp="404" pin="3"/><net_sink comp="412" pin=1"/></net>

<net id="419"><net_src comp="332" pin="2"/><net_sink comp="412" pin=2"/></net>

<net id="425"><net_src comp="258" pin="2"/><net_sink comp="420" pin=0"/></net>

<net id="426"><net_src comp="412" pin="3"/><net_sink comp="420" pin=1"/></net>

<net id="427"><net_src comp="90" pin="0"/><net_sink comp="420" pin=2"/></net>

<net id="432"><net_src comp="246" pin="2"/><net_sink comp="428" pin=0"/></net>

<net id="433"><net_src comp="64" pin="0"/><net_sink comp="428" pin=1"/></net>

<net id="439"><net_src comp="66" pin="0"/><net_sink comp="434" pin=0"/></net>

<net id="440"><net_src comp="246" pin="2"/><net_sink comp="434" pin=1"/></net>

<net id="441"><net_src comp="68" pin="0"/><net_sink comp="434" pin=2"/></net>

<net id="448"><net_src comp="70" pin="0"/><net_sink comp="442" pin=0"/></net>

<net id="449"><net_src comp="246" pin="2"/><net_sink comp="442" pin=1"/></net>

<net id="450"><net_src comp="72" pin="0"/><net_sink comp="442" pin=2"/></net>

<net id="451"><net_src comp="74" pin="0"/><net_sink comp="442" pin=3"/></net>

<net id="457"><net_src comp="66" pin="0"/><net_sink comp="452" pin=0"/></net>

<net id="458"><net_src comp="246" pin="2"/><net_sink comp="452" pin=1"/></net>

<net id="459"><net_src comp="76" pin="0"/><net_sink comp="452" pin=2"/></net>

<net id="463"><net_src comp="246" pin="2"/><net_sink comp="460" pin=0"/></net>

<net id="468"><net_src comp="460" pin="1"/><net_sink comp="464" pin=0"/></net>

<net id="469"><net_src comp="78" pin="0"/><net_sink comp="464" pin=1"/></net>

<net id="475"><net_src comp="66" pin="0"/><net_sink comp="470" pin=0"/></net>

<net id="476"><net_src comp="246" pin="2"/><net_sink comp="470" pin=1"/></net>

<net id="477"><net_src comp="74" pin="0"/><net_sink comp="470" pin=2"/></net>

<net id="483"><net_src comp="66" pin="0"/><net_sink comp="478" pin=0"/></net>

<net id="484"><net_src comp="246" pin="2"/><net_sink comp="478" pin=1"/></net>

<net id="485"><net_src comp="72" pin="0"/><net_sink comp="478" pin=2"/></net>

<net id="490"><net_src comp="478" pin="3"/><net_sink comp="486" pin=0"/></net>

<net id="491"><net_src comp="464" pin="2"/><net_sink comp="486" pin=1"/></net>

<net id="496"><net_src comp="486" pin="2"/><net_sink comp="492" pin=0"/></net>

<net id="497"><net_src comp="452" pin="3"/><net_sink comp="492" pin=1"/></net>

<net id="501"><net_src comp="492" pin="2"/><net_sink comp="498" pin=0"/></net>

<net id="506"><net_src comp="442" pin="4"/><net_sink comp="502" pin=0"/></net>

<net id="507"><net_src comp="498" pin="1"/><net_sink comp="502" pin=1"/></net>

<net id="513"><net_src comp="80" pin="0"/><net_sink comp="508" pin=0"/></net>

<net id="514"><net_src comp="246" pin="2"/><net_sink comp="508" pin=1"/></net>

<net id="515"><net_src comp="82" pin="0"/><net_sink comp="508" pin=2"/></net>

<net id="520"><net_src comp="508" pin="3"/><net_sink comp="516" pin=0"/></net>

<net id="521"><net_src comp="84" pin="0"/><net_sink comp="516" pin=1"/></net>

<net id="527"><net_src comp="86" pin="0"/><net_sink comp="522" pin=0"/></net>

<net id="528"><net_src comp="502" pin="2"/><net_sink comp="522" pin=1"/></net>

<net id="529"><net_src comp="72" pin="0"/><net_sink comp="522" pin=2"/></net>

<net id="534"><net_src comp="470" pin="3"/><net_sink comp="530" pin=0"/></net>

<net id="535"><net_src comp="88" pin="0"/><net_sink comp="530" pin=1"/></net>

<net id="540"><net_src comp="522" pin="3"/><net_sink comp="536" pin=0"/></net>

<net id="541"><net_src comp="530" pin="2"/><net_sink comp="536" pin=1"/></net>

<net id="546"><net_src comp="516" pin="2"/><net_sink comp="542" pin=0"/></net>

<net id="547"><net_src comp="536" pin="2"/><net_sink comp="542" pin=1"/></net>

<net id="552"><net_src comp="542" pin="2"/><net_sink comp="548" pin=0"/></net>

<net id="553"><net_src comp="434" pin="3"/><net_sink comp="548" pin=1"/></net>

<net id="558"><net_src comp="542" pin="2"/><net_sink comp="554" pin=0"/></net>

<net id="559"><net_src comp="88" pin="0"/><net_sink comp="554" pin=1"/></net>

<net id="564"><net_src comp="434" pin="3"/><net_sink comp="560" pin=0"/></net>

<net id="565"><net_src comp="554" pin="2"/><net_sink comp="560" pin=1"/></net>

<net id="571"><net_src comp="434" pin="3"/><net_sink comp="566" pin=0"/></net>

<net id="572"><net_src comp="90" pin="0"/><net_sink comp="566" pin=1"/></net>

<net id="573"><net_src comp="502" pin="2"/><net_sink comp="566" pin=2"/></net>

<net id="579"><net_src comp="548" pin="2"/><net_sink comp="574" pin=0"/></net>

<net id="580"><net_src comp="566" pin="3"/><net_sink comp="574" pin=1"/></net>

<net id="581"><net_src comp="92" pin="0"/><net_sink comp="574" pin=2"/></net>

<net id="587"><net_src comp="560" pin="2"/><net_sink comp="582" pin=0"/></net>

<net id="588"><net_src comp="574" pin="3"/><net_sink comp="582" pin=1"/></net>

<net id="589"><net_src comp="502" pin="2"/><net_sink comp="582" pin=2"/></net>

<net id="595"><net_src comp="428" pin="2"/><net_sink comp="590" pin=0"/></net>

<net id="596"><net_src comp="582" pin="3"/><net_sink comp="590" pin=1"/></net>

<net id="597"><net_src comp="90" pin="0"/><net_sink comp="590" pin=2"/></net>

<net id="602"><net_src comp="240" pin="2"/><net_sink comp="598" pin=0"/></net>

<net id="603"><net_src comp="64" pin="0"/><net_sink comp="598" pin=1"/></net>

<net id="609"><net_src comp="66" pin="0"/><net_sink comp="604" pin=0"/></net>

<net id="610"><net_src comp="240" pin="2"/><net_sink comp="604" pin=1"/></net>

<net id="611"><net_src comp="68" pin="0"/><net_sink comp="604" pin=2"/></net>

<net id="618"><net_src comp="70" pin="0"/><net_sink comp="612" pin=0"/></net>

<net id="619"><net_src comp="240" pin="2"/><net_sink comp="612" pin=1"/></net>

<net id="620"><net_src comp="72" pin="0"/><net_sink comp="612" pin=2"/></net>

<net id="621"><net_src comp="74" pin="0"/><net_sink comp="612" pin=3"/></net>

<net id="627"><net_src comp="66" pin="0"/><net_sink comp="622" pin=0"/></net>

<net id="628"><net_src comp="240" pin="2"/><net_sink comp="622" pin=1"/></net>

<net id="629"><net_src comp="76" pin="0"/><net_sink comp="622" pin=2"/></net>

<net id="633"><net_src comp="240" pin="2"/><net_sink comp="630" pin=0"/></net>

<net id="638"><net_src comp="630" pin="1"/><net_sink comp="634" pin=0"/></net>

<net id="639"><net_src comp="78" pin="0"/><net_sink comp="634" pin=1"/></net>

<net id="645"><net_src comp="66" pin="0"/><net_sink comp="640" pin=0"/></net>

<net id="646"><net_src comp="240" pin="2"/><net_sink comp="640" pin=1"/></net>

<net id="647"><net_src comp="74" pin="0"/><net_sink comp="640" pin=2"/></net>

<net id="653"><net_src comp="66" pin="0"/><net_sink comp="648" pin=0"/></net>

<net id="654"><net_src comp="240" pin="2"/><net_sink comp="648" pin=1"/></net>

<net id="655"><net_src comp="72" pin="0"/><net_sink comp="648" pin=2"/></net>

<net id="660"><net_src comp="648" pin="3"/><net_sink comp="656" pin=0"/></net>

<net id="661"><net_src comp="634" pin="2"/><net_sink comp="656" pin=1"/></net>

<net id="666"><net_src comp="656" pin="2"/><net_sink comp="662" pin=0"/></net>

<net id="667"><net_src comp="622" pin="3"/><net_sink comp="662" pin=1"/></net>

<net id="671"><net_src comp="662" pin="2"/><net_sink comp="668" pin=0"/></net>

<net id="676"><net_src comp="612" pin="4"/><net_sink comp="672" pin=0"/></net>

<net id="677"><net_src comp="668" pin="1"/><net_sink comp="672" pin=1"/></net>

<net id="683"><net_src comp="80" pin="0"/><net_sink comp="678" pin=0"/></net>

<net id="684"><net_src comp="240" pin="2"/><net_sink comp="678" pin=1"/></net>

<net id="685"><net_src comp="82" pin="0"/><net_sink comp="678" pin=2"/></net>

<net id="690"><net_src comp="678" pin="3"/><net_sink comp="686" pin=0"/></net>

<net id="691"><net_src comp="84" pin="0"/><net_sink comp="686" pin=1"/></net>

<net id="697"><net_src comp="86" pin="0"/><net_sink comp="692" pin=0"/></net>

<net id="698"><net_src comp="672" pin="2"/><net_sink comp="692" pin=1"/></net>

<net id="699"><net_src comp="72" pin="0"/><net_sink comp="692" pin=2"/></net>

<net id="704"><net_src comp="640" pin="3"/><net_sink comp="700" pin=0"/></net>

<net id="705"><net_src comp="88" pin="0"/><net_sink comp="700" pin=1"/></net>

<net id="710"><net_src comp="692" pin="3"/><net_sink comp="706" pin=0"/></net>

<net id="711"><net_src comp="700" pin="2"/><net_sink comp="706" pin=1"/></net>

<net id="716"><net_src comp="686" pin="2"/><net_sink comp="712" pin=0"/></net>

<net id="717"><net_src comp="706" pin="2"/><net_sink comp="712" pin=1"/></net>

<net id="722"><net_src comp="712" pin="2"/><net_sink comp="718" pin=0"/></net>

<net id="723"><net_src comp="604" pin="3"/><net_sink comp="718" pin=1"/></net>

<net id="728"><net_src comp="712" pin="2"/><net_sink comp="724" pin=0"/></net>

<net id="729"><net_src comp="88" pin="0"/><net_sink comp="724" pin=1"/></net>

<net id="734"><net_src comp="604" pin="3"/><net_sink comp="730" pin=0"/></net>

<net id="735"><net_src comp="724" pin="2"/><net_sink comp="730" pin=1"/></net>

<net id="741"><net_src comp="604" pin="3"/><net_sink comp="736" pin=0"/></net>

<net id="742"><net_src comp="90" pin="0"/><net_sink comp="736" pin=1"/></net>

<net id="743"><net_src comp="672" pin="2"/><net_sink comp="736" pin=2"/></net>

<net id="749"><net_src comp="718" pin="2"/><net_sink comp="744" pin=0"/></net>

<net id="750"><net_src comp="736" pin="3"/><net_sink comp="744" pin=1"/></net>

<net id="751"><net_src comp="92" pin="0"/><net_sink comp="744" pin=2"/></net>

<net id="757"><net_src comp="730" pin="2"/><net_sink comp="752" pin=0"/></net>

<net id="758"><net_src comp="744" pin="3"/><net_sink comp="752" pin=1"/></net>

<net id="759"><net_src comp="672" pin="2"/><net_sink comp="752" pin=2"/></net>

<net id="765"><net_src comp="598" pin="2"/><net_sink comp="760" pin=0"/></net>

<net id="766"><net_src comp="752" pin="3"/><net_sink comp="760" pin=1"/></net>

<net id="767"><net_src comp="90" pin="0"/><net_sink comp="760" pin=2"/></net>

<net id="772"><net_src comp="234" pin="2"/><net_sink comp="768" pin=0"/></net>

<net id="773"><net_src comp="64" pin="0"/><net_sink comp="768" pin=1"/></net>

<net id="779"><net_src comp="66" pin="0"/><net_sink comp="774" pin=0"/></net>

<net id="780"><net_src comp="234" pin="2"/><net_sink comp="774" pin=1"/></net>

<net id="781"><net_src comp="68" pin="0"/><net_sink comp="774" pin=2"/></net>

<net id="788"><net_src comp="70" pin="0"/><net_sink comp="782" pin=0"/></net>

<net id="789"><net_src comp="234" pin="2"/><net_sink comp="782" pin=1"/></net>

<net id="790"><net_src comp="72" pin="0"/><net_sink comp="782" pin=2"/></net>

<net id="791"><net_src comp="74" pin="0"/><net_sink comp="782" pin=3"/></net>

<net id="797"><net_src comp="66" pin="0"/><net_sink comp="792" pin=0"/></net>

<net id="798"><net_src comp="234" pin="2"/><net_sink comp="792" pin=1"/></net>

<net id="799"><net_src comp="76" pin="0"/><net_sink comp="792" pin=2"/></net>

<net id="803"><net_src comp="234" pin="2"/><net_sink comp="800" pin=0"/></net>

<net id="808"><net_src comp="800" pin="1"/><net_sink comp="804" pin=0"/></net>

<net id="809"><net_src comp="78" pin="0"/><net_sink comp="804" pin=1"/></net>

<net id="815"><net_src comp="66" pin="0"/><net_sink comp="810" pin=0"/></net>

<net id="816"><net_src comp="234" pin="2"/><net_sink comp="810" pin=1"/></net>

<net id="817"><net_src comp="74" pin="0"/><net_sink comp="810" pin=2"/></net>

<net id="823"><net_src comp="66" pin="0"/><net_sink comp="818" pin=0"/></net>

<net id="824"><net_src comp="234" pin="2"/><net_sink comp="818" pin=1"/></net>

<net id="825"><net_src comp="72" pin="0"/><net_sink comp="818" pin=2"/></net>

<net id="830"><net_src comp="818" pin="3"/><net_sink comp="826" pin=0"/></net>

<net id="831"><net_src comp="804" pin="2"/><net_sink comp="826" pin=1"/></net>

<net id="836"><net_src comp="826" pin="2"/><net_sink comp="832" pin=0"/></net>

<net id="837"><net_src comp="792" pin="3"/><net_sink comp="832" pin=1"/></net>

<net id="841"><net_src comp="832" pin="2"/><net_sink comp="838" pin=0"/></net>

<net id="846"><net_src comp="782" pin="4"/><net_sink comp="842" pin=0"/></net>

<net id="847"><net_src comp="838" pin="1"/><net_sink comp="842" pin=1"/></net>

<net id="853"><net_src comp="80" pin="0"/><net_sink comp="848" pin=0"/></net>

<net id="854"><net_src comp="234" pin="2"/><net_sink comp="848" pin=1"/></net>

<net id="855"><net_src comp="82" pin="0"/><net_sink comp="848" pin=2"/></net>

<net id="860"><net_src comp="848" pin="3"/><net_sink comp="856" pin=0"/></net>

<net id="861"><net_src comp="84" pin="0"/><net_sink comp="856" pin=1"/></net>

<net id="867"><net_src comp="86" pin="0"/><net_sink comp="862" pin=0"/></net>

<net id="868"><net_src comp="842" pin="2"/><net_sink comp="862" pin=1"/></net>

<net id="869"><net_src comp="72" pin="0"/><net_sink comp="862" pin=2"/></net>

<net id="874"><net_src comp="810" pin="3"/><net_sink comp="870" pin=0"/></net>

<net id="875"><net_src comp="88" pin="0"/><net_sink comp="870" pin=1"/></net>

<net id="880"><net_src comp="862" pin="3"/><net_sink comp="876" pin=0"/></net>

<net id="881"><net_src comp="870" pin="2"/><net_sink comp="876" pin=1"/></net>

<net id="886"><net_src comp="856" pin="2"/><net_sink comp="882" pin=0"/></net>

<net id="887"><net_src comp="876" pin="2"/><net_sink comp="882" pin=1"/></net>

<net id="892"><net_src comp="882" pin="2"/><net_sink comp="888" pin=0"/></net>

<net id="893"><net_src comp="774" pin="3"/><net_sink comp="888" pin=1"/></net>

<net id="898"><net_src comp="882" pin="2"/><net_sink comp="894" pin=0"/></net>

<net id="899"><net_src comp="88" pin="0"/><net_sink comp="894" pin=1"/></net>

<net id="904"><net_src comp="774" pin="3"/><net_sink comp="900" pin=0"/></net>

<net id="905"><net_src comp="894" pin="2"/><net_sink comp="900" pin=1"/></net>

<net id="911"><net_src comp="774" pin="3"/><net_sink comp="906" pin=0"/></net>

<net id="912"><net_src comp="90" pin="0"/><net_sink comp="906" pin=1"/></net>

<net id="913"><net_src comp="842" pin="2"/><net_sink comp="906" pin=2"/></net>

<net id="919"><net_src comp="888" pin="2"/><net_sink comp="914" pin=0"/></net>

<net id="920"><net_src comp="906" pin="3"/><net_sink comp="914" pin=1"/></net>

<net id="921"><net_src comp="92" pin="0"/><net_sink comp="914" pin=2"/></net>

<net id="927"><net_src comp="900" pin="2"/><net_sink comp="922" pin=0"/></net>

<net id="928"><net_src comp="914" pin="3"/><net_sink comp="922" pin=1"/></net>

<net id="929"><net_src comp="842" pin="2"/><net_sink comp="922" pin=2"/></net>

<net id="935"><net_src comp="768" pin="2"/><net_sink comp="930" pin=0"/></net>

<net id="936"><net_src comp="922" pin="3"/><net_sink comp="930" pin=1"/></net>

<net id="937"><net_src comp="90" pin="0"/><net_sink comp="930" pin=2"/></net>

<net id="942"><net_src comp="228" pin="2"/><net_sink comp="938" pin=0"/></net>

<net id="943"><net_src comp="64" pin="0"/><net_sink comp="938" pin=1"/></net>

<net id="949"><net_src comp="66" pin="0"/><net_sink comp="944" pin=0"/></net>

<net id="950"><net_src comp="228" pin="2"/><net_sink comp="944" pin=1"/></net>

<net id="951"><net_src comp="68" pin="0"/><net_sink comp="944" pin=2"/></net>

<net id="958"><net_src comp="70" pin="0"/><net_sink comp="952" pin=0"/></net>

<net id="959"><net_src comp="228" pin="2"/><net_sink comp="952" pin=1"/></net>

<net id="960"><net_src comp="72" pin="0"/><net_sink comp="952" pin=2"/></net>

<net id="961"><net_src comp="74" pin="0"/><net_sink comp="952" pin=3"/></net>

<net id="967"><net_src comp="66" pin="0"/><net_sink comp="962" pin=0"/></net>

<net id="968"><net_src comp="228" pin="2"/><net_sink comp="962" pin=1"/></net>

<net id="969"><net_src comp="76" pin="0"/><net_sink comp="962" pin=2"/></net>

<net id="973"><net_src comp="228" pin="2"/><net_sink comp="970" pin=0"/></net>

<net id="978"><net_src comp="970" pin="1"/><net_sink comp="974" pin=0"/></net>

<net id="979"><net_src comp="78" pin="0"/><net_sink comp="974" pin=1"/></net>

<net id="985"><net_src comp="66" pin="0"/><net_sink comp="980" pin=0"/></net>

<net id="986"><net_src comp="228" pin="2"/><net_sink comp="980" pin=1"/></net>

<net id="987"><net_src comp="74" pin="0"/><net_sink comp="980" pin=2"/></net>

<net id="993"><net_src comp="66" pin="0"/><net_sink comp="988" pin=0"/></net>

<net id="994"><net_src comp="228" pin="2"/><net_sink comp="988" pin=1"/></net>

<net id="995"><net_src comp="72" pin="0"/><net_sink comp="988" pin=2"/></net>

<net id="1000"><net_src comp="988" pin="3"/><net_sink comp="996" pin=0"/></net>

<net id="1001"><net_src comp="974" pin="2"/><net_sink comp="996" pin=1"/></net>

<net id="1006"><net_src comp="996" pin="2"/><net_sink comp="1002" pin=0"/></net>

<net id="1007"><net_src comp="962" pin="3"/><net_sink comp="1002" pin=1"/></net>

<net id="1011"><net_src comp="1002" pin="2"/><net_sink comp="1008" pin=0"/></net>

<net id="1016"><net_src comp="952" pin="4"/><net_sink comp="1012" pin=0"/></net>

<net id="1017"><net_src comp="1008" pin="1"/><net_sink comp="1012" pin=1"/></net>

<net id="1023"><net_src comp="80" pin="0"/><net_sink comp="1018" pin=0"/></net>

<net id="1024"><net_src comp="228" pin="2"/><net_sink comp="1018" pin=1"/></net>

<net id="1025"><net_src comp="82" pin="0"/><net_sink comp="1018" pin=2"/></net>

<net id="1030"><net_src comp="1018" pin="3"/><net_sink comp="1026" pin=0"/></net>

<net id="1031"><net_src comp="84" pin="0"/><net_sink comp="1026" pin=1"/></net>

<net id="1037"><net_src comp="86" pin="0"/><net_sink comp="1032" pin=0"/></net>

<net id="1038"><net_src comp="1012" pin="2"/><net_sink comp="1032" pin=1"/></net>

<net id="1039"><net_src comp="72" pin="0"/><net_sink comp="1032" pin=2"/></net>

<net id="1044"><net_src comp="980" pin="3"/><net_sink comp="1040" pin=0"/></net>

<net id="1045"><net_src comp="88" pin="0"/><net_sink comp="1040" pin=1"/></net>

<net id="1050"><net_src comp="1032" pin="3"/><net_sink comp="1046" pin=0"/></net>

<net id="1051"><net_src comp="1040" pin="2"/><net_sink comp="1046" pin=1"/></net>

<net id="1056"><net_src comp="1026" pin="2"/><net_sink comp="1052" pin=0"/></net>

<net id="1057"><net_src comp="1046" pin="2"/><net_sink comp="1052" pin=1"/></net>

<net id="1062"><net_src comp="1052" pin="2"/><net_sink comp="1058" pin=0"/></net>

<net id="1063"><net_src comp="944" pin="3"/><net_sink comp="1058" pin=1"/></net>

<net id="1068"><net_src comp="1052" pin="2"/><net_sink comp="1064" pin=0"/></net>

<net id="1069"><net_src comp="88" pin="0"/><net_sink comp="1064" pin=1"/></net>

<net id="1074"><net_src comp="944" pin="3"/><net_sink comp="1070" pin=0"/></net>

<net id="1075"><net_src comp="1064" pin="2"/><net_sink comp="1070" pin=1"/></net>

<net id="1081"><net_src comp="944" pin="3"/><net_sink comp="1076" pin=0"/></net>

<net id="1082"><net_src comp="90" pin="0"/><net_sink comp="1076" pin=1"/></net>

<net id="1083"><net_src comp="1012" pin="2"/><net_sink comp="1076" pin=2"/></net>

<net id="1089"><net_src comp="1058" pin="2"/><net_sink comp="1084" pin=0"/></net>

<net id="1090"><net_src comp="1076" pin="3"/><net_sink comp="1084" pin=1"/></net>

<net id="1091"><net_src comp="92" pin="0"/><net_sink comp="1084" pin=2"/></net>

<net id="1097"><net_src comp="1070" pin="2"/><net_sink comp="1092" pin=0"/></net>

<net id="1098"><net_src comp="1084" pin="3"/><net_sink comp="1092" pin=1"/></net>

<net id="1099"><net_src comp="1012" pin="2"/><net_sink comp="1092" pin=2"/></net>

<net id="1105"><net_src comp="938" pin="2"/><net_sink comp="1100" pin=0"/></net>

<net id="1106"><net_src comp="1092" pin="3"/><net_sink comp="1100" pin=1"/></net>

<net id="1107"><net_src comp="90" pin="0"/><net_sink comp="1100" pin=2"/></net>

<net id="1112"><net_src comp="222" pin="2"/><net_sink comp="1108" pin=0"/></net>

<net id="1113"><net_src comp="64" pin="0"/><net_sink comp="1108" pin=1"/></net>

<net id="1119"><net_src comp="66" pin="0"/><net_sink comp="1114" pin=0"/></net>

<net id="1120"><net_src comp="222" pin="2"/><net_sink comp="1114" pin=1"/></net>

<net id="1121"><net_src comp="68" pin="0"/><net_sink comp="1114" pin=2"/></net>

<net id="1128"><net_src comp="70" pin="0"/><net_sink comp="1122" pin=0"/></net>

<net id="1129"><net_src comp="222" pin="2"/><net_sink comp="1122" pin=1"/></net>

<net id="1130"><net_src comp="72" pin="0"/><net_sink comp="1122" pin=2"/></net>

<net id="1131"><net_src comp="74" pin="0"/><net_sink comp="1122" pin=3"/></net>

<net id="1137"><net_src comp="66" pin="0"/><net_sink comp="1132" pin=0"/></net>

<net id="1138"><net_src comp="222" pin="2"/><net_sink comp="1132" pin=1"/></net>

<net id="1139"><net_src comp="76" pin="0"/><net_sink comp="1132" pin=2"/></net>

<net id="1143"><net_src comp="222" pin="2"/><net_sink comp="1140" pin=0"/></net>

<net id="1148"><net_src comp="1140" pin="1"/><net_sink comp="1144" pin=0"/></net>

<net id="1149"><net_src comp="78" pin="0"/><net_sink comp="1144" pin=1"/></net>

<net id="1155"><net_src comp="66" pin="0"/><net_sink comp="1150" pin=0"/></net>

<net id="1156"><net_src comp="222" pin="2"/><net_sink comp="1150" pin=1"/></net>

<net id="1157"><net_src comp="74" pin="0"/><net_sink comp="1150" pin=2"/></net>

<net id="1163"><net_src comp="66" pin="0"/><net_sink comp="1158" pin=0"/></net>

<net id="1164"><net_src comp="222" pin="2"/><net_sink comp="1158" pin=1"/></net>

<net id="1165"><net_src comp="72" pin="0"/><net_sink comp="1158" pin=2"/></net>

<net id="1170"><net_src comp="1158" pin="3"/><net_sink comp="1166" pin=0"/></net>

<net id="1171"><net_src comp="1144" pin="2"/><net_sink comp="1166" pin=1"/></net>

<net id="1176"><net_src comp="1166" pin="2"/><net_sink comp="1172" pin=0"/></net>

<net id="1177"><net_src comp="1132" pin="3"/><net_sink comp="1172" pin=1"/></net>

<net id="1181"><net_src comp="1172" pin="2"/><net_sink comp="1178" pin=0"/></net>

<net id="1186"><net_src comp="1122" pin="4"/><net_sink comp="1182" pin=0"/></net>

<net id="1187"><net_src comp="1178" pin="1"/><net_sink comp="1182" pin=1"/></net>

<net id="1193"><net_src comp="80" pin="0"/><net_sink comp="1188" pin=0"/></net>

<net id="1194"><net_src comp="222" pin="2"/><net_sink comp="1188" pin=1"/></net>

<net id="1195"><net_src comp="82" pin="0"/><net_sink comp="1188" pin=2"/></net>

<net id="1200"><net_src comp="1188" pin="3"/><net_sink comp="1196" pin=0"/></net>

<net id="1201"><net_src comp="84" pin="0"/><net_sink comp="1196" pin=1"/></net>

<net id="1207"><net_src comp="86" pin="0"/><net_sink comp="1202" pin=0"/></net>

<net id="1208"><net_src comp="1182" pin="2"/><net_sink comp="1202" pin=1"/></net>

<net id="1209"><net_src comp="72" pin="0"/><net_sink comp="1202" pin=2"/></net>

<net id="1214"><net_src comp="1150" pin="3"/><net_sink comp="1210" pin=0"/></net>

<net id="1215"><net_src comp="88" pin="0"/><net_sink comp="1210" pin=1"/></net>

<net id="1220"><net_src comp="1202" pin="3"/><net_sink comp="1216" pin=0"/></net>

<net id="1221"><net_src comp="1210" pin="2"/><net_sink comp="1216" pin=1"/></net>

<net id="1226"><net_src comp="1196" pin="2"/><net_sink comp="1222" pin=0"/></net>

<net id="1227"><net_src comp="1216" pin="2"/><net_sink comp="1222" pin=1"/></net>

<net id="1232"><net_src comp="1222" pin="2"/><net_sink comp="1228" pin=0"/></net>

<net id="1233"><net_src comp="1114" pin="3"/><net_sink comp="1228" pin=1"/></net>

<net id="1238"><net_src comp="1222" pin="2"/><net_sink comp="1234" pin=0"/></net>

<net id="1239"><net_src comp="88" pin="0"/><net_sink comp="1234" pin=1"/></net>

<net id="1244"><net_src comp="1114" pin="3"/><net_sink comp="1240" pin=0"/></net>

<net id="1245"><net_src comp="1234" pin="2"/><net_sink comp="1240" pin=1"/></net>

<net id="1251"><net_src comp="1114" pin="3"/><net_sink comp="1246" pin=0"/></net>

<net id="1252"><net_src comp="90" pin="0"/><net_sink comp="1246" pin=1"/></net>

<net id="1253"><net_src comp="1182" pin="2"/><net_sink comp="1246" pin=2"/></net>

<net id="1259"><net_src comp="1228" pin="2"/><net_sink comp="1254" pin=0"/></net>

<net id="1260"><net_src comp="1246" pin="3"/><net_sink comp="1254" pin=1"/></net>

<net id="1261"><net_src comp="92" pin="0"/><net_sink comp="1254" pin=2"/></net>

<net id="1267"><net_src comp="1240" pin="2"/><net_sink comp="1262" pin=0"/></net>

<net id="1268"><net_src comp="1254" pin="3"/><net_sink comp="1262" pin=1"/></net>

<net id="1269"><net_src comp="1182" pin="2"/><net_sink comp="1262" pin=2"/></net>

<net id="1275"><net_src comp="1108" pin="2"/><net_sink comp="1270" pin=0"/></net>

<net id="1276"><net_src comp="1262" pin="3"/><net_sink comp="1270" pin=1"/></net>

<net id="1277"><net_src comp="90" pin="0"/><net_sink comp="1270" pin=2"/></net>

<net id="1282"><net_src comp="216" pin="2"/><net_sink comp="1278" pin=0"/></net>

<net id="1283"><net_src comp="64" pin="0"/><net_sink comp="1278" pin=1"/></net>

<net id="1289"><net_src comp="66" pin="0"/><net_sink comp="1284" pin=0"/></net>

<net id="1290"><net_src comp="216" pin="2"/><net_sink comp="1284" pin=1"/></net>

<net id="1291"><net_src comp="68" pin="0"/><net_sink comp="1284" pin=2"/></net>

<net id="1298"><net_src comp="70" pin="0"/><net_sink comp="1292" pin=0"/></net>

<net id="1299"><net_src comp="216" pin="2"/><net_sink comp="1292" pin=1"/></net>

<net id="1300"><net_src comp="72" pin="0"/><net_sink comp="1292" pin=2"/></net>

<net id="1301"><net_src comp="74" pin="0"/><net_sink comp="1292" pin=3"/></net>

<net id="1307"><net_src comp="66" pin="0"/><net_sink comp="1302" pin=0"/></net>

<net id="1308"><net_src comp="216" pin="2"/><net_sink comp="1302" pin=1"/></net>

<net id="1309"><net_src comp="76" pin="0"/><net_sink comp="1302" pin=2"/></net>

<net id="1313"><net_src comp="216" pin="2"/><net_sink comp="1310" pin=0"/></net>

<net id="1318"><net_src comp="1310" pin="1"/><net_sink comp="1314" pin=0"/></net>

<net id="1319"><net_src comp="78" pin="0"/><net_sink comp="1314" pin=1"/></net>

<net id="1325"><net_src comp="66" pin="0"/><net_sink comp="1320" pin=0"/></net>

<net id="1326"><net_src comp="216" pin="2"/><net_sink comp="1320" pin=1"/></net>

<net id="1327"><net_src comp="74" pin="0"/><net_sink comp="1320" pin=2"/></net>

<net id="1333"><net_src comp="66" pin="0"/><net_sink comp="1328" pin=0"/></net>

<net id="1334"><net_src comp="216" pin="2"/><net_sink comp="1328" pin=1"/></net>

<net id="1335"><net_src comp="72" pin="0"/><net_sink comp="1328" pin=2"/></net>

<net id="1340"><net_src comp="1328" pin="3"/><net_sink comp="1336" pin=0"/></net>

<net id="1341"><net_src comp="1314" pin="2"/><net_sink comp="1336" pin=1"/></net>

<net id="1346"><net_src comp="1336" pin="2"/><net_sink comp="1342" pin=0"/></net>

<net id="1347"><net_src comp="1302" pin="3"/><net_sink comp="1342" pin=1"/></net>

<net id="1351"><net_src comp="1342" pin="2"/><net_sink comp="1348" pin=0"/></net>

<net id="1356"><net_src comp="1292" pin="4"/><net_sink comp="1352" pin=0"/></net>

<net id="1357"><net_src comp="1348" pin="1"/><net_sink comp="1352" pin=1"/></net>

<net id="1363"><net_src comp="80" pin="0"/><net_sink comp="1358" pin=0"/></net>

<net id="1364"><net_src comp="216" pin="2"/><net_sink comp="1358" pin=1"/></net>

<net id="1365"><net_src comp="82" pin="0"/><net_sink comp="1358" pin=2"/></net>

<net id="1370"><net_src comp="1358" pin="3"/><net_sink comp="1366" pin=0"/></net>

<net id="1371"><net_src comp="84" pin="0"/><net_sink comp="1366" pin=1"/></net>

<net id="1377"><net_src comp="86" pin="0"/><net_sink comp="1372" pin=0"/></net>

<net id="1378"><net_src comp="1352" pin="2"/><net_sink comp="1372" pin=1"/></net>

<net id="1379"><net_src comp="72" pin="0"/><net_sink comp="1372" pin=2"/></net>

<net id="1384"><net_src comp="1320" pin="3"/><net_sink comp="1380" pin=0"/></net>

<net id="1385"><net_src comp="88" pin="0"/><net_sink comp="1380" pin=1"/></net>

<net id="1390"><net_src comp="1372" pin="3"/><net_sink comp="1386" pin=0"/></net>

<net id="1391"><net_src comp="1380" pin="2"/><net_sink comp="1386" pin=1"/></net>

<net id="1396"><net_src comp="1366" pin="2"/><net_sink comp="1392" pin=0"/></net>

<net id="1397"><net_src comp="1386" pin="2"/><net_sink comp="1392" pin=1"/></net>

<net id="1402"><net_src comp="1392" pin="2"/><net_sink comp="1398" pin=0"/></net>

<net id="1403"><net_src comp="1284" pin="3"/><net_sink comp="1398" pin=1"/></net>

<net id="1408"><net_src comp="1392" pin="2"/><net_sink comp="1404" pin=0"/></net>

<net id="1409"><net_src comp="88" pin="0"/><net_sink comp="1404" pin=1"/></net>

<net id="1414"><net_src comp="1284" pin="3"/><net_sink comp="1410" pin=0"/></net>

<net id="1415"><net_src comp="1404" pin="2"/><net_sink comp="1410" pin=1"/></net>

<net id="1421"><net_src comp="1284" pin="3"/><net_sink comp="1416" pin=0"/></net>

<net id="1422"><net_src comp="90" pin="0"/><net_sink comp="1416" pin=1"/></net>

<net id="1423"><net_src comp="1352" pin="2"/><net_sink comp="1416" pin=2"/></net>

<net id="1429"><net_src comp="1398" pin="2"/><net_sink comp="1424" pin=0"/></net>

<net id="1430"><net_src comp="1416" pin="3"/><net_sink comp="1424" pin=1"/></net>

<net id="1431"><net_src comp="92" pin="0"/><net_sink comp="1424" pin=2"/></net>

<net id="1437"><net_src comp="1410" pin="2"/><net_sink comp="1432" pin=0"/></net>

<net id="1438"><net_src comp="1424" pin="3"/><net_sink comp="1432" pin=1"/></net>

<net id="1439"><net_src comp="1352" pin="2"/><net_sink comp="1432" pin=2"/></net>

<net id="1445"><net_src comp="1278" pin="2"/><net_sink comp="1440" pin=0"/></net>

<net id="1446"><net_src comp="1432" pin="3"/><net_sink comp="1440" pin=1"/></net>

<net id="1447"><net_src comp="90" pin="0"/><net_sink comp="1440" pin=2"/></net>

<net id="1452"><net_src comp="210" pin="2"/><net_sink comp="1448" pin=0"/></net>

<net id="1453"><net_src comp="64" pin="0"/><net_sink comp="1448" pin=1"/></net>

<net id="1459"><net_src comp="66" pin="0"/><net_sink comp="1454" pin=0"/></net>

<net id="1460"><net_src comp="210" pin="2"/><net_sink comp="1454" pin=1"/></net>

<net id="1461"><net_src comp="68" pin="0"/><net_sink comp="1454" pin=2"/></net>

<net id="1468"><net_src comp="70" pin="0"/><net_sink comp="1462" pin=0"/></net>

<net id="1469"><net_src comp="210" pin="2"/><net_sink comp="1462" pin=1"/></net>

<net id="1470"><net_src comp="72" pin="0"/><net_sink comp="1462" pin=2"/></net>

<net id="1471"><net_src comp="74" pin="0"/><net_sink comp="1462" pin=3"/></net>

<net id="1477"><net_src comp="66" pin="0"/><net_sink comp="1472" pin=0"/></net>

<net id="1478"><net_src comp="210" pin="2"/><net_sink comp="1472" pin=1"/></net>

<net id="1479"><net_src comp="76" pin="0"/><net_sink comp="1472" pin=2"/></net>

<net id="1483"><net_src comp="210" pin="2"/><net_sink comp="1480" pin=0"/></net>

<net id="1488"><net_src comp="1480" pin="1"/><net_sink comp="1484" pin=0"/></net>

<net id="1489"><net_src comp="78" pin="0"/><net_sink comp="1484" pin=1"/></net>

<net id="1495"><net_src comp="66" pin="0"/><net_sink comp="1490" pin=0"/></net>

<net id="1496"><net_src comp="210" pin="2"/><net_sink comp="1490" pin=1"/></net>

<net id="1497"><net_src comp="74" pin="0"/><net_sink comp="1490" pin=2"/></net>

<net id="1503"><net_src comp="66" pin="0"/><net_sink comp="1498" pin=0"/></net>

<net id="1504"><net_src comp="210" pin="2"/><net_sink comp="1498" pin=1"/></net>

<net id="1505"><net_src comp="72" pin="0"/><net_sink comp="1498" pin=2"/></net>

<net id="1510"><net_src comp="1498" pin="3"/><net_sink comp="1506" pin=0"/></net>

<net id="1511"><net_src comp="1484" pin="2"/><net_sink comp="1506" pin=1"/></net>

<net id="1516"><net_src comp="1506" pin="2"/><net_sink comp="1512" pin=0"/></net>

<net id="1517"><net_src comp="1472" pin="3"/><net_sink comp="1512" pin=1"/></net>

<net id="1521"><net_src comp="1512" pin="2"/><net_sink comp="1518" pin=0"/></net>

<net id="1526"><net_src comp="1462" pin="4"/><net_sink comp="1522" pin=0"/></net>

<net id="1527"><net_src comp="1518" pin="1"/><net_sink comp="1522" pin=1"/></net>

<net id="1533"><net_src comp="80" pin="0"/><net_sink comp="1528" pin=0"/></net>

<net id="1534"><net_src comp="210" pin="2"/><net_sink comp="1528" pin=1"/></net>

<net id="1535"><net_src comp="82" pin="0"/><net_sink comp="1528" pin=2"/></net>

<net id="1540"><net_src comp="1528" pin="3"/><net_sink comp="1536" pin=0"/></net>

<net id="1541"><net_src comp="84" pin="0"/><net_sink comp="1536" pin=1"/></net>

<net id="1547"><net_src comp="86" pin="0"/><net_sink comp="1542" pin=0"/></net>

<net id="1548"><net_src comp="1522" pin="2"/><net_sink comp="1542" pin=1"/></net>

<net id="1549"><net_src comp="72" pin="0"/><net_sink comp="1542" pin=2"/></net>

<net id="1554"><net_src comp="1490" pin="3"/><net_sink comp="1550" pin=0"/></net>

<net id="1555"><net_src comp="88" pin="0"/><net_sink comp="1550" pin=1"/></net>

<net id="1560"><net_src comp="1542" pin="3"/><net_sink comp="1556" pin=0"/></net>

<net id="1561"><net_src comp="1550" pin="2"/><net_sink comp="1556" pin=1"/></net>

<net id="1566"><net_src comp="1536" pin="2"/><net_sink comp="1562" pin=0"/></net>

<net id="1567"><net_src comp="1556" pin="2"/><net_sink comp="1562" pin=1"/></net>

<net id="1572"><net_src comp="1562" pin="2"/><net_sink comp="1568" pin=0"/></net>

<net id="1573"><net_src comp="1454" pin="3"/><net_sink comp="1568" pin=1"/></net>

<net id="1578"><net_src comp="1562" pin="2"/><net_sink comp="1574" pin=0"/></net>

<net id="1579"><net_src comp="88" pin="0"/><net_sink comp="1574" pin=1"/></net>

<net id="1584"><net_src comp="1454" pin="3"/><net_sink comp="1580" pin=0"/></net>

<net id="1585"><net_src comp="1574" pin="2"/><net_sink comp="1580" pin=1"/></net>

<net id="1591"><net_src comp="1454" pin="3"/><net_sink comp="1586" pin=0"/></net>

<net id="1592"><net_src comp="90" pin="0"/><net_sink comp="1586" pin=1"/></net>

<net id="1593"><net_src comp="1522" pin="2"/><net_sink comp="1586" pin=2"/></net>

<net id="1599"><net_src comp="1568" pin="2"/><net_sink comp="1594" pin=0"/></net>

<net id="1600"><net_src comp="1586" pin="3"/><net_sink comp="1594" pin=1"/></net>

<net id="1601"><net_src comp="92" pin="0"/><net_sink comp="1594" pin=2"/></net>

<net id="1607"><net_src comp="1580" pin="2"/><net_sink comp="1602" pin=0"/></net>

<net id="1608"><net_src comp="1594" pin="3"/><net_sink comp="1602" pin=1"/></net>

<net id="1609"><net_src comp="1522" pin="2"/><net_sink comp="1602" pin=2"/></net>

<net id="1615"><net_src comp="1448" pin="2"/><net_sink comp="1610" pin=0"/></net>

<net id="1616"><net_src comp="1602" pin="3"/><net_sink comp="1610" pin=1"/></net>

<net id="1617"><net_src comp="90" pin="0"/><net_sink comp="1610" pin=2"/></net>

<net id="1622"><net_src comp="204" pin="2"/><net_sink comp="1618" pin=0"/></net>

<net id="1623"><net_src comp="64" pin="0"/><net_sink comp="1618" pin=1"/></net>

<net id="1629"><net_src comp="66" pin="0"/><net_sink comp="1624" pin=0"/></net>

<net id="1630"><net_src comp="204" pin="2"/><net_sink comp="1624" pin=1"/></net>

<net id="1631"><net_src comp="68" pin="0"/><net_sink comp="1624" pin=2"/></net>

<net id="1638"><net_src comp="70" pin="0"/><net_sink comp="1632" pin=0"/></net>

<net id="1639"><net_src comp="204" pin="2"/><net_sink comp="1632" pin=1"/></net>

<net id="1640"><net_src comp="72" pin="0"/><net_sink comp="1632" pin=2"/></net>

<net id="1641"><net_src comp="74" pin="0"/><net_sink comp="1632" pin=3"/></net>

<net id="1647"><net_src comp="66" pin="0"/><net_sink comp="1642" pin=0"/></net>

<net id="1648"><net_src comp="204" pin="2"/><net_sink comp="1642" pin=1"/></net>

<net id="1649"><net_src comp="76" pin="0"/><net_sink comp="1642" pin=2"/></net>

<net id="1653"><net_src comp="204" pin="2"/><net_sink comp="1650" pin=0"/></net>

<net id="1658"><net_src comp="1650" pin="1"/><net_sink comp="1654" pin=0"/></net>

<net id="1659"><net_src comp="78" pin="0"/><net_sink comp="1654" pin=1"/></net>

<net id="1665"><net_src comp="66" pin="0"/><net_sink comp="1660" pin=0"/></net>

<net id="1666"><net_src comp="204" pin="2"/><net_sink comp="1660" pin=1"/></net>

<net id="1667"><net_src comp="74" pin="0"/><net_sink comp="1660" pin=2"/></net>

<net id="1673"><net_src comp="66" pin="0"/><net_sink comp="1668" pin=0"/></net>

<net id="1674"><net_src comp="204" pin="2"/><net_sink comp="1668" pin=1"/></net>

<net id="1675"><net_src comp="72" pin="0"/><net_sink comp="1668" pin=2"/></net>

<net id="1680"><net_src comp="1668" pin="3"/><net_sink comp="1676" pin=0"/></net>

<net id="1681"><net_src comp="1654" pin="2"/><net_sink comp="1676" pin=1"/></net>

<net id="1686"><net_src comp="1676" pin="2"/><net_sink comp="1682" pin=0"/></net>

<net id="1687"><net_src comp="1642" pin="3"/><net_sink comp="1682" pin=1"/></net>

<net id="1691"><net_src comp="1682" pin="2"/><net_sink comp="1688" pin=0"/></net>

<net id="1696"><net_src comp="1632" pin="4"/><net_sink comp="1692" pin=0"/></net>

<net id="1697"><net_src comp="1688" pin="1"/><net_sink comp="1692" pin=1"/></net>

<net id="1703"><net_src comp="80" pin="0"/><net_sink comp="1698" pin=0"/></net>

<net id="1704"><net_src comp="204" pin="2"/><net_sink comp="1698" pin=1"/></net>

<net id="1705"><net_src comp="82" pin="0"/><net_sink comp="1698" pin=2"/></net>

<net id="1710"><net_src comp="1698" pin="3"/><net_sink comp="1706" pin=0"/></net>

<net id="1711"><net_src comp="84" pin="0"/><net_sink comp="1706" pin=1"/></net>

<net id="1717"><net_src comp="86" pin="0"/><net_sink comp="1712" pin=0"/></net>

<net id="1718"><net_src comp="1692" pin="2"/><net_sink comp="1712" pin=1"/></net>

<net id="1719"><net_src comp="72" pin="0"/><net_sink comp="1712" pin=2"/></net>

<net id="1724"><net_src comp="1660" pin="3"/><net_sink comp="1720" pin=0"/></net>

<net id="1725"><net_src comp="88" pin="0"/><net_sink comp="1720" pin=1"/></net>

<net id="1730"><net_src comp="1712" pin="3"/><net_sink comp="1726" pin=0"/></net>

<net id="1731"><net_src comp="1720" pin="2"/><net_sink comp="1726" pin=1"/></net>

<net id="1736"><net_src comp="1706" pin="2"/><net_sink comp="1732" pin=0"/></net>

<net id="1737"><net_src comp="1726" pin="2"/><net_sink comp="1732" pin=1"/></net>

<net id="1742"><net_src comp="1732" pin="2"/><net_sink comp="1738" pin=0"/></net>

<net id="1743"><net_src comp="1624" pin="3"/><net_sink comp="1738" pin=1"/></net>

<net id="1748"><net_src comp="1732" pin="2"/><net_sink comp="1744" pin=0"/></net>

<net id="1749"><net_src comp="88" pin="0"/><net_sink comp="1744" pin=1"/></net>

<net id="1754"><net_src comp="1624" pin="3"/><net_sink comp="1750" pin=0"/></net>

<net id="1755"><net_src comp="1744" pin="2"/><net_sink comp="1750" pin=1"/></net>

<net id="1761"><net_src comp="1624" pin="3"/><net_sink comp="1756" pin=0"/></net>

<net id="1762"><net_src comp="90" pin="0"/><net_sink comp="1756" pin=1"/></net>

<net id="1763"><net_src comp="1692" pin="2"/><net_sink comp="1756" pin=2"/></net>

<net id="1769"><net_src comp="1738" pin="2"/><net_sink comp="1764" pin=0"/></net>

<net id="1770"><net_src comp="1756" pin="3"/><net_sink comp="1764" pin=1"/></net>

<net id="1771"><net_src comp="92" pin="0"/><net_sink comp="1764" pin=2"/></net>

<net id="1777"><net_src comp="1750" pin="2"/><net_sink comp="1772" pin=0"/></net>

<net id="1778"><net_src comp="1764" pin="3"/><net_sink comp="1772" pin=1"/></net>

<net id="1779"><net_src comp="1692" pin="2"/><net_sink comp="1772" pin=2"/></net>

<net id="1785"><net_src comp="1618" pin="2"/><net_sink comp="1780" pin=0"/></net>

<net id="1786"><net_src comp="1772" pin="3"/><net_sink comp="1780" pin=1"/></net>

<net id="1787"><net_src comp="90" pin="0"/><net_sink comp="1780" pin=2"/></net>

<net id="1792"><net_src comp="198" pin="2"/><net_sink comp="1788" pin=0"/></net>

<net id="1793"><net_src comp="64" pin="0"/><net_sink comp="1788" pin=1"/></net>

<net id="1799"><net_src comp="66" pin="0"/><net_sink comp="1794" pin=0"/></net>

<net id="1800"><net_src comp="198" pin="2"/><net_sink comp="1794" pin=1"/></net>

<net id="1801"><net_src comp="68" pin="0"/><net_sink comp="1794" pin=2"/></net>

<net id="1808"><net_src comp="70" pin="0"/><net_sink comp="1802" pin=0"/></net>

<net id="1809"><net_src comp="198" pin="2"/><net_sink comp="1802" pin=1"/></net>

<net id="1810"><net_src comp="72" pin="0"/><net_sink comp="1802" pin=2"/></net>

<net id="1811"><net_src comp="74" pin="0"/><net_sink comp="1802" pin=3"/></net>

<net id="1817"><net_src comp="66" pin="0"/><net_sink comp="1812" pin=0"/></net>

<net id="1818"><net_src comp="198" pin="2"/><net_sink comp="1812" pin=1"/></net>

<net id="1819"><net_src comp="76" pin="0"/><net_sink comp="1812" pin=2"/></net>

<net id="1823"><net_src comp="198" pin="2"/><net_sink comp="1820" pin=0"/></net>

<net id="1828"><net_src comp="1820" pin="1"/><net_sink comp="1824" pin=0"/></net>

<net id="1829"><net_src comp="78" pin="0"/><net_sink comp="1824" pin=1"/></net>

<net id="1835"><net_src comp="66" pin="0"/><net_sink comp="1830" pin=0"/></net>

<net id="1836"><net_src comp="198" pin="2"/><net_sink comp="1830" pin=1"/></net>

<net id="1837"><net_src comp="74" pin="0"/><net_sink comp="1830" pin=2"/></net>

<net id="1843"><net_src comp="66" pin="0"/><net_sink comp="1838" pin=0"/></net>

<net id="1844"><net_src comp="198" pin="2"/><net_sink comp="1838" pin=1"/></net>

<net id="1845"><net_src comp="72" pin="0"/><net_sink comp="1838" pin=2"/></net>

<net id="1850"><net_src comp="1838" pin="3"/><net_sink comp="1846" pin=0"/></net>

<net id="1851"><net_src comp="1824" pin="2"/><net_sink comp="1846" pin=1"/></net>

<net id="1856"><net_src comp="1846" pin="2"/><net_sink comp="1852" pin=0"/></net>

<net id="1857"><net_src comp="1812" pin="3"/><net_sink comp="1852" pin=1"/></net>

<net id="1861"><net_src comp="1852" pin="2"/><net_sink comp="1858" pin=0"/></net>

<net id="1866"><net_src comp="1802" pin="4"/><net_sink comp="1862" pin=0"/></net>

<net id="1867"><net_src comp="1858" pin="1"/><net_sink comp="1862" pin=1"/></net>

<net id="1873"><net_src comp="80" pin="0"/><net_sink comp="1868" pin=0"/></net>

<net id="1874"><net_src comp="198" pin="2"/><net_sink comp="1868" pin=1"/></net>

<net id="1875"><net_src comp="82" pin="0"/><net_sink comp="1868" pin=2"/></net>

<net id="1880"><net_src comp="1868" pin="3"/><net_sink comp="1876" pin=0"/></net>

<net id="1881"><net_src comp="84" pin="0"/><net_sink comp="1876" pin=1"/></net>

<net id="1887"><net_src comp="86" pin="0"/><net_sink comp="1882" pin=0"/></net>

<net id="1888"><net_src comp="1862" pin="2"/><net_sink comp="1882" pin=1"/></net>

<net id="1889"><net_src comp="72" pin="0"/><net_sink comp="1882" pin=2"/></net>

<net id="1894"><net_src comp="1830" pin="3"/><net_sink comp="1890" pin=0"/></net>

<net id="1895"><net_src comp="88" pin="0"/><net_sink comp="1890" pin=1"/></net>

<net id="1900"><net_src comp="1882" pin="3"/><net_sink comp="1896" pin=0"/></net>

<net id="1901"><net_src comp="1890" pin="2"/><net_sink comp="1896" pin=1"/></net>

<net id="1906"><net_src comp="1876" pin="2"/><net_sink comp="1902" pin=0"/></net>

<net id="1907"><net_src comp="1896" pin="2"/><net_sink comp="1902" pin=1"/></net>

<net id="1912"><net_src comp="1902" pin="2"/><net_sink comp="1908" pin=0"/></net>

<net id="1913"><net_src comp="1794" pin="3"/><net_sink comp="1908" pin=1"/></net>

<net id="1918"><net_src comp="1902" pin="2"/><net_sink comp="1914" pin=0"/></net>

<net id="1919"><net_src comp="88" pin="0"/><net_sink comp="1914" pin=1"/></net>

<net id="1924"><net_src comp="1794" pin="3"/><net_sink comp="1920" pin=0"/></net>

<net id="1925"><net_src comp="1914" pin="2"/><net_sink comp="1920" pin=1"/></net>

<net id="1931"><net_src comp="1794" pin="3"/><net_sink comp="1926" pin=0"/></net>

<net id="1932"><net_src comp="90" pin="0"/><net_sink comp="1926" pin=1"/></net>

<net id="1933"><net_src comp="1862" pin="2"/><net_sink comp="1926" pin=2"/></net>

<net id="1939"><net_src comp="1908" pin="2"/><net_sink comp="1934" pin=0"/></net>

<net id="1940"><net_src comp="1926" pin="3"/><net_sink comp="1934" pin=1"/></net>

<net id="1941"><net_src comp="92" pin="0"/><net_sink comp="1934" pin=2"/></net>

<net id="1947"><net_src comp="1920" pin="2"/><net_sink comp="1942" pin=0"/></net>

<net id="1948"><net_src comp="1934" pin="3"/><net_sink comp="1942" pin=1"/></net>

<net id="1949"><net_src comp="1862" pin="2"/><net_sink comp="1942" pin=2"/></net>

<net id="1955"><net_src comp="1788" pin="2"/><net_sink comp="1950" pin=0"/></net>

<net id="1956"><net_src comp="1942" pin="3"/><net_sink comp="1950" pin=1"/></net>

<net id="1957"><net_src comp="90" pin="0"/><net_sink comp="1950" pin=2"/></net>

<net id="1962"><net_src comp="192" pin="2"/><net_sink comp="1958" pin=0"/></net>

<net id="1963"><net_src comp="64" pin="0"/><net_sink comp="1958" pin=1"/></net>

<net id="1969"><net_src comp="66" pin="0"/><net_sink comp="1964" pin=0"/></net>

<net id="1970"><net_src comp="192" pin="2"/><net_sink comp="1964" pin=1"/></net>

<net id="1971"><net_src comp="68" pin="0"/><net_sink comp="1964" pin=2"/></net>

<net id="1978"><net_src comp="70" pin="0"/><net_sink comp="1972" pin=0"/></net>

<net id="1979"><net_src comp="192" pin="2"/><net_sink comp="1972" pin=1"/></net>

<net id="1980"><net_src comp="72" pin="0"/><net_sink comp="1972" pin=2"/></net>

<net id="1981"><net_src comp="74" pin="0"/><net_sink comp="1972" pin=3"/></net>

<net id="1987"><net_src comp="66" pin="0"/><net_sink comp="1982" pin=0"/></net>

<net id="1988"><net_src comp="192" pin="2"/><net_sink comp="1982" pin=1"/></net>

<net id="1989"><net_src comp="76" pin="0"/><net_sink comp="1982" pin=2"/></net>

<net id="1993"><net_src comp="192" pin="2"/><net_sink comp="1990" pin=0"/></net>

<net id="1998"><net_src comp="1990" pin="1"/><net_sink comp="1994" pin=0"/></net>

<net id="1999"><net_src comp="78" pin="0"/><net_sink comp="1994" pin=1"/></net>

<net id="2005"><net_src comp="66" pin="0"/><net_sink comp="2000" pin=0"/></net>

<net id="2006"><net_src comp="192" pin="2"/><net_sink comp="2000" pin=1"/></net>

<net id="2007"><net_src comp="74" pin="0"/><net_sink comp="2000" pin=2"/></net>

<net id="2013"><net_src comp="66" pin="0"/><net_sink comp="2008" pin=0"/></net>

<net id="2014"><net_src comp="192" pin="2"/><net_sink comp="2008" pin=1"/></net>

<net id="2015"><net_src comp="72" pin="0"/><net_sink comp="2008" pin=2"/></net>

<net id="2020"><net_src comp="2008" pin="3"/><net_sink comp="2016" pin=0"/></net>

<net id="2021"><net_src comp="1994" pin="2"/><net_sink comp="2016" pin=1"/></net>

<net id="2026"><net_src comp="2016" pin="2"/><net_sink comp="2022" pin=0"/></net>

<net id="2027"><net_src comp="1982" pin="3"/><net_sink comp="2022" pin=1"/></net>

<net id="2031"><net_src comp="2022" pin="2"/><net_sink comp="2028" pin=0"/></net>

<net id="2036"><net_src comp="1972" pin="4"/><net_sink comp="2032" pin=0"/></net>

<net id="2037"><net_src comp="2028" pin="1"/><net_sink comp="2032" pin=1"/></net>

<net id="2043"><net_src comp="80" pin="0"/><net_sink comp="2038" pin=0"/></net>

<net id="2044"><net_src comp="192" pin="2"/><net_sink comp="2038" pin=1"/></net>

<net id="2045"><net_src comp="82" pin="0"/><net_sink comp="2038" pin=2"/></net>

<net id="2050"><net_src comp="2038" pin="3"/><net_sink comp="2046" pin=0"/></net>

<net id="2051"><net_src comp="84" pin="0"/><net_sink comp="2046" pin=1"/></net>

<net id="2057"><net_src comp="86" pin="0"/><net_sink comp="2052" pin=0"/></net>

<net id="2058"><net_src comp="2032" pin="2"/><net_sink comp="2052" pin=1"/></net>

<net id="2059"><net_src comp="72" pin="0"/><net_sink comp="2052" pin=2"/></net>

<net id="2064"><net_src comp="2000" pin="3"/><net_sink comp="2060" pin=0"/></net>

<net id="2065"><net_src comp="88" pin="0"/><net_sink comp="2060" pin=1"/></net>

<net id="2070"><net_src comp="2052" pin="3"/><net_sink comp="2066" pin=0"/></net>

<net id="2071"><net_src comp="2060" pin="2"/><net_sink comp="2066" pin=1"/></net>

<net id="2076"><net_src comp="2046" pin="2"/><net_sink comp="2072" pin=0"/></net>

<net id="2077"><net_src comp="2066" pin="2"/><net_sink comp="2072" pin=1"/></net>

<net id="2082"><net_src comp="2072" pin="2"/><net_sink comp="2078" pin=0"/></net>

<net id="2083"><net_src comp="1964" pin="3"/><net_sink comp="2078" pin=1"/></net>

<net id="2088"><net_src comp="2072" pin="2"/><net_sink comp="2084" pin=0"/></net>

<net id="2089"><net_src comp="88" pin="0"/><net_sink comp="2084" pin=1"/></net>

<net id="2094"><net_src comp="1964" pin="3"/><net_sink comp="2090" pin=0"/></net>

<net id="2095"><net_src comp="2084" pin="2"/><net_sink comp="2090" pin=1"/></net>

<net id="2101"><net_src comp="1964" pin="3"/><net_sink comp="2096" pin=0"/></net>

<net id="2102"><net_src comp="90" pin="0"/><net_sink comp="2096" pin=1"/></net>

<net id="2103"><net_src comp="2032" pin="2"/><net_sink comp="2096" pin=2"/></net>

<net id="2109"><net_src comp="2078" pin="2"/><net_sink comp="2104" pin=0"/></net>

<net id="2110"><net_src comp="2096" pin="3"/><net_sink comp="2104" pin=1"/></net>

<net id="2111"><net_src comp="92" pin="0"/><net_sink comp="2104" pin=2"/></net>

<net id="2117"><net_src comp="2090" pin="2"/><net_sink comp="2112" pin=0"/></net>

<net id="2118"><net_src comp="2104" pin="3"/><net_sink comp="2112" pin=1"/></net>

<net id="2119"><net_src comp="2032" pin="2"/><net_sink comp="2112" pin=2"/></net>

<net id="2125"><net_src comp="1958" pin="2"/><net_sink comp="2120" pin=0"/></net>

<net id="2126"><net_src comp="2112" pin="3"/><net_sink comp="2120" pin=1"/></net>

<net id="2127"><net_src comp="90" pin="0"/><net_sink comp="2120" pin=2"/></net>

<net id="2132"><net_src comp="186" pin="2"/><net_sink comp="2128" pin=0"/></net>

<net id="2133"><net_src comp="64" pin="0"/><net_sink comp="2128" pin=1"/></net>

<net id="2139"><net_src comp="66" pin="0"/><net_sink comp="2134" pin=0"/></net>

<net id="2140"><net_src comp="186" pin="2"/><net_sink comp="2134" pin=1"/></net>

<net id="2141"><net_src comp="68" pin="0"/><net_sink comp="2134" pin=2"/></net>

<net id="2148"><net_src comp="70" pin="0"/><net_sink comp="2142" pin=0"/></net>

<net id="2149"><net_src comp="186" pin="2"/><net_sink comp="2142" pin=1"/></net>

<net id="2150"><net_src comp="72" pin="0"/><net_sink comp="2142" pin=2"/></net>

<net id="2151"><net_src comp="74" pin="0"/><net_sink comp="2142" pin=3"/></net>

<net id="2157"><net_src comp="66" pin="0"/><net_sink comp="2152" pin=0"/></net>

<net id="2158"><net_src comp="186" pin="2"/><net_sink comp="2152" pin=1"/></net>

<net id="2159"><net_src comp="76" pin="0"/><net_sink comp="2152" pin=2"/></net>

<net id="2163"><net_src comp="186" pin="2"/><net_sink comp="2160" pin=0"/></net>

<net id="2168"><net_src comp="2160" pin="1"/><net_sink comp="2164" pin=0"/></net>

<net id="2169"><net_src comp="78" pin="0"/><net_sink comp="2164" pin=1"/></net>

<net id="2175"><net_src comp="66" pin="0"/><net_sink comp="2170" pin=0"/></net>

<net id="2176"><net_src comp="186" pin="2"/><net_sink comp="2170" pin=1"/></net>

<net id="2177"><net_src comp="74" pin="0"/><net_sink comp="2170" pin=2"/></net>

<net id="2183"><net_src comp="66" pin="0"/><net_sink comp="2178" pin=0"/></net>

<net id="2184"><net_src comp="186" pin="2"/><net_sink comp="2178" pin=1"/></net>

<net id="2185"><net_src comp="72" pin="0"/><net_sink comp="2178" pin=2"/></net>

<net id="2190"><net_src comp="2178" pin="3"/><net_sink comp="2186" pin=0"/></net>

<net id="2191"><net_src comp="2164" pin="2"/><net_sink comp="2186" pin=1"/></net>

<net id="2196"><net_src comp="2186" pin="2"/><net_sink comp="2192" pin=0"/></net>

<net id="2197"><net_src comp="2152" pin="3"/><net_sink comp="2192" pin=1"/></net>

<net id="2201"><net_src comp="2192" pin="2"/><net_sink comp="2198" pin=0"/></net>

<net id="2206"><net_src comp="2142" pin="4"/><net_sink comp="2202" pin=0"/></net>

<net id="2207"><net_src comp="2198" pin="1"/><net_sink comp="2202" pin=1"/></net>

<net id="2213"><net_src comp="80" pin="0"/><net_sink comp="2208" pin=0"/></net>

<net id="2214"><net_src comp="186" pin="2"/><net_sink comp="2208" pin=1"/></net>

<net id="2215"><net_src comp="82" pin="0"/><net_sink comp="2208" pin=2"/></net>

<net id="2220"><net_src comp="2208" pin="3"/><net_sink comp="2216" pin=0"/></net>

<net id="2221"><net_src comp="84" pin="0"/><net_sink comp="2216" pin=1"/></net>

<net id="2227"><net_src comp="86" pin="0"/><net_sink comp="2222" pin=0"/></net>

<net id="2228"><net_src comp="2202" pin="2"/><net_sink comp="2222" pin=1"/></net>

<net id="2229"><net_src comp="72" pin="0"/><net_sink comp="2222" pin=2"/></net>

<net id="2234"><net_src comp="2170" pin="3"/><net_sink comp="2230" pin=0"/></net>

<net id="2235"><net_src comp="88" pin="0"/><net_sink comp="2230" pin=1"/></net>

<net id="2240"><net_src comp="2222" pin="3"/><net_sink comp="2236" pin=0"/></net>

<net id="2241"><net_src comp="2230" pin="2"/><net_sink comp="2236" pin=1"/></net>

<net id="2246"><net_src comp="2216" pin="2"/><net_sink comp="2242" pin=0"/></net>

<net id="2247"><net_src comp="2236" pin="2"/><net_sink comp="2242" pin=1"/></net>

<net id="2252"><net_src comp="2242" pin="2"/><net_sink comp="2248" pin=0"/></net>

<net id="2253"><net_src comp="2134" pin="3"/><net_sink comp="2248" pin=1"/></net>

<net id="2258"><net_src comp="2242" pin="2"/><net_sink comp="2254" pin=0"/></net>

<net id="2259"><net_src comp="88" pin="0"/><net_sink comp="2254" pin=1"/></net>

<net id="2264"><net_src comp="2134" pin="3"/><net_sink comp="2260" pin=0"/></net>

<net id="2265"><net_src comp="2254" pin="2"/><net_sink comp="2260" pin=1"/></net>

<net id="2271"><net_src comp="2134" pin="3"/><net_sink comp="2266" pin=0"/></net>

<net id="2272"><net_src comp="90" pin="0"/><net_sink comp="2266" pin=1"/></net>

<net id="2273"><net_src comp="2202" pin="2"/><net_sink comp="2266" pin=2"/></net>

<net id="2279"><net_src comp="2248" pin="2"/><net_sink comp="2274" pin=0"/></net>

<net id="2280"><net_src comp="2266" pin="3"/><net_sink comp="2274" pin=1"/></net>

<net id="2281"><net_src comp="92" pin="0"/><net_sink comp="2274" pin=2"/></net>

<net id="2287"><net_src comp="2260" pin="2"/><net_sink comp="2282" pin=0"/></net>

<net id="2288"><net_src comp="2274" pin="3"/><net_sink comp="2282" pin=1"/></net>

<net id="2289"><net_src comp="2202" pin="2"/><net_sink comp="2282" pin=2"/></net>

<net id="2295"><net_src comp="2128" pin="2"/><net_sink comp="2290" pin=0"/></net>

<net id="2296"><net_src comp="2282" pin="3"/><net_sink comp="2290" pin=1"/></net>

<net id="2297"><net_src comp="90" pin="0"/><net_sink comp="2290" pin=2"/></net>

<net id="2302"><net_src comp="180" pin="2"/><net_sink comp="2298" pin=0"/></net>

<net id="2303"><net_src comp="64" pin="0"/><net_sink comp="2298" pin=1"/></net>

<net id="2309"><net_src comp="66" pin="0"/><net_sink comp="2304" pin=0"/></net>

<net id="2310"><net_src comp="180" pin="2"/><net_sink comp="2304" pin=1"/></net>

<net id="2311"><net_src comp="68" pin="0"/><net_sink comp="2304" pin=2"/></net>

<net id="2318"><net_src comp="70" pin="0"/><net_sink comp="2312" pin=0"/></net>

<net id="2319"><net_src comp="180" pin="2"/><net_sink comp="2312" pin=1"/></net>

<net id="2320"><net_src comp="72" pin="0"/><net_sink comp="2312" pin=2"/></net>

<net id="2321"><net_src comp="74" pin="0"/><net_sink comp="2312" pin=3"/></net>

<net id="2327"><net_src comp="66" pin="0"/><net_sink comp="2322" pin=0"/></net>

<net id="2328"><net_src comp="180" pin="2"/><net_sink comp="2322" pin=1"/></net>

<net id="2329"><net_src comp="76" pin="0"/><net_sink comp="2322" pin=2"/></net>

<net id="2333"><net_src comp="180" pin="2"/><net_sink comp="2330" pin=0"/></net>

<net id="2338"><net_src comp="2330" pin="1"/><net_sink comp="2334" pin=0"/></net>

<net id="2339"><net_src comp="78" pin="0"/><net_sink comp="2334" pin=1"/></net>

<net id="2345"><net_src comp="66" pin="0"/><net_sink comp="2340" pin=0"/></net>

<net id="2346"><net_src comp="180" pin="2"/><net_sink comp="2340" pin=1"/></net>

<net id="2347"><net_src comp="74" pin="0"/><net_sink comp="2340" pin=2"/></net>

<net id="2353"><net_src comp="66" pin="0"/><net_sink comp="2348" pin=0"/></net>

<net id="2354"><net_src comp="180" pin="2"/><net_sink comp="2348" pin=1"/></net>

<net id="2355"><net_src comp="72" pin="0"/><net_sink comp="2348" pin=2"/></net>

<net id="2360"><net_src comp="2348" pin="3"/><net_sink comp="2356" pin=0"/></net>

<net id="2361"><net_src comp="2334" pin="2"/><net_sink comp="2356" pin=1"/></net>

<net id="2366"><net_src comp="2356" pin="2"/><net_sink comp="2362" pin=0"/></net>

<net id="2367"><net_src comp="2322" pin="3"/><net_sink comp="2362" pin=1"/></net>

<net id="2371"><net_src comp="2362" pin="2"/><net_sink comp="2368" pin=0"/></net>

<net id="2376"><net_src comp="2312" pin="4"/><net_sink comp="2372" pin=0"/></net>

<net id="2377"><net_src comp="2368" pin="1"/><net_sink comp="2372" pin=1"/></net>

<net id="2383"><net_src comp="80" pin="0"/><net_sink comp="2378" pin=0"/></net>

<net id="2384"><net_src comp="180" pin="2"/><net_sink comp="2378" pin=1"/></net>

<net id="2385"><net_src comp="82" pin="0"/><net_sink comp="2378" pin=2"/></net>

<net id="2390"><net_src comp="2378" pin="3"/><net_sink comp="2386" pin=0"/></net>

<net id="2391"><net_src comp="84" pin="0"/><net_sink comp="2386" pin=1"/></net>

<net id="2397"><net_src comp="86" pin="0"/><net_sink comp="2392" pin=0"/></net>

<net id="2398"><net_src comp="2372" pin="2"/><net_sink comp="2392" pin=1"/></net>

<net id="2399"><net_src comp="72" pin="0"/><net_sink comp="2392" pin=2"/></net>

<net id="2404"><net_src comp="2340" pin="3"/><net_sink comp="2400" pin=0"/></net>

<net id="2405"><net_src comp="88" pin="0"/><net_sink comp="2400" pin=1"/></net>

<net id="2410"><net_src comp="2392" pin="3"/><net_sink comp="2406" pin=0"/></net>

<net id="2411"><net_src comp="2400" pin="2"/><net_sink comp="2406" pin=1"/></net>

<net id="2416"><net_src comp="2386" pin="2"/><net_sink comp="2412" pin=0"/></net>

<net id="2417"><net_src comp="2406" pin="2"/><net_sink comp="2412" pin=1"/></net>

<net id="2422"><net_src comp="2412" pin="2"/><net_sink comp="2418" pin=0"/></net>

<net id="2423"><net_src comp="2304" pin="3"/><net_sink comp="2418" pin=1"/></net>

<net id="2428"><net_src comp="2412" pin="2"/><net_sink comp="2424" pin=0"/></net>

<net id="2429"><net_src comp="88" pin="0"/><net_sink comp="2424" pin=1"/></net>

<net id="2434"><net_src comp="2304" pin="3"/><net_sink comp="2430" pin=0"/></net>

<net id="2435"><net_src comp="2424" pin="2"/><net_sink comp="2430" pin=1"/></net>

<net id="2441"><net_src comp="2304" pin="3"/><net_sink comp="2436" pin=0"/></net>

<net id="2442"><net_src comp="90" pin="0"/><net_sink comp="2436" pin=1"/></net>

<net id="2443"><net_src comp="2372" pin="2"/><net_sink comp="2436" pin=2"/></net>

<net id="2449"><net_src comp="2418" pin="2"/><net_sink comp="2444" pin=0"/></net>

<net id="2450"><net_src comp="2436" pin="3"/><net_sink comp="2444" pin=1"/></net>

<net id="2451"><net_src comp="92" pin="0"/><net_sink comp="2444" pin=2"/></net>

<net id="2457"><net_src comp="2430" pin="2"/><net_sink comp="2452" pin=0"/></net>

<net id="2458"><net_src comp="2444" pin="3"/><net_sink comp="2452" pin=1"/></net>

<net id="2459"><net_src comp="2372" pin="2"/><net_sink comp="2452" pin=2"/></net>

<net id="2465"><net_src comp="2298" pin="2"/><net_sink comp="2460" pin=0"/></net>

<net id="2466"><net_src comp="2452" pin="3"/><net_sink comp="2460" pin=1"/></net>

<net id="2467"><net_src comp="90" pin="0"/><net_sink comp="2460" pin=2"/></net>

<net id="2472"><net_src comp="174" pin="2"/><net_sink comp="2468" pin=0"/></net>

<net id="2473"><net_src comp="64" pin="0"/><net_sink comp="2468" pin=1"/></net>

<net id="2479"><net_src comp="66" pin="0"/><net_sink comp="2474" pin=0"/></net>

<net id="2480"><net_src comp="174" pin="2"/><net_sink comp="2474" pin=1"/></net>

<net id="2481"><net_src comp="68" pin="0"/><net_sink comp="2474" pin=2"/></net>

<net id="2488"><net_src comp="70" pin="0"/><net_sink comp="2482" pin=0"/></net>

<net id="2489"><net_src comp="174" pin="2"/><net_sink comp="2482" pin=1"/></net>

<net id="2490"><net_src comp="72" pin="0"/><net_sink comp="2482" pin=2"/></net>

<net id="2491"><net_src comp="74" pin="0"/><net_sink comp="2482" pin=3"/></net>

<net id="2497"><net_src comp="66" pin="0"/><net_sink comp="2492" pin=0"/></net>

<net id="2498"><net_src comp="174" pin="2"/><net_sink comp="2492" pin=1"/></net>

<net id="2499"><net_src comp="76" pin="0"/><net_sink comp="2492" pin=2"/></net>

<net id="2503"><net_src comp="174" pin="2"/><net_sink comp="2500" pin=0"/></net>

<net id="2508"><net_src comp="2500" pin="1"/><net_sink comp="2504" pin=0"/></net>

<net id="2509"><net_src comp="78" pin="0"/><net_sink comp="2504" pin=1"/></net>

<net id="2515"><net_src comp="66" pin="0"/><net_sink comp="2510" pin=0"/></net>

<net id="2516"><net_src comp="174" pin="2"/><net_sink comp="2510" pin=1"/></net>

<net id="2517"><net_src comp="74" pin="0"/><net_sink comp="2510" pin=2"/></net>

<net id="2523"><net_src comp="66" pin="0"/><net_sink comp="2518" pin=0"/></net>

<net id="2524"><net_src comp="174" pin="2"/><net_sink comp="2518" pin=1"/></net>

<net id="2525"><net_src comp="72" pin="0"/><net_sink comp="2518" pin=2"/></net>

<net id="2530"><net_src comp="2518" pin="3"/><net_sink comp="2526" pin=0"/></net>

<net id="2531"><net_src comp="2504" pin="2"/><net_sink comp="2526" pin=1"/></net>

<net id="2536"><net_src comp="2526" pin="2"/><net_sink comp="2532" pin=0"/></net>

<net id="2537"><net_src comp="2492" pin="3"/><net_sink comp="2532" pin=1"/></net>

<net id="2541"><net_src comp="2532" pin="2"/><net_sink comp="2538" pin=0"/></net>

<net id="2546"><net_src comp="2482" pin="4"/><net_sink comp="2542" pin=0"/></net>

<net id="2547"><net_src comp="2538" pin="1"/><net_sink comp="2542" pin=1"/></net>

<net id="2553"><net_src comp="80" pin="0"/><net_sink comp="2548" pin=0"/></net>

<net id="2554"><net_src comp="174" pin="2"/><net_sink comp="2548" pin=1"/></net>

<net id="2555"><net_src comp="82" pin="0"/><net_sink comp="2548" pin=2"/></net>

<net id="2560"><net_src comp="2548" pin="3"/><net_sink comp="2556" pin=0"/></net>

<net id="2561"><net_src comp="84" pin="0"/><net_sink comp="2556" pin=1"/></net>

<net id="2567"><net_src comp="86" pin="0"/><net_sink comp="2562" pin=0"/></net>

<net id="2568"><net_src comp="2542" pin="2"/><net_sink comp="2562" pin=1"/></net>

<net id="2569"><net_src comp="72" pin="0"/><net_sink comp="2562" pin=2"/></net>

<net id="2574"><net_src comp="2510" pin="3"/><net_sink comp="2570" pin=0"/></net>

<net id="2575"><net_src comp="88" pin="0"/><net_sink comp="2570" pin=1"/></net>

<net id="2580"><net_src comp="2562" pin="3"/><net_sink comp="2576" pin=0"/></net>

<net id="2581"><net_src comp="2570" pin="2"/><net_sink comp="2576" pin=1"/></net>

<net id="2586"><net_src comp="2556" pin="2"/><net_sink comp="2582" pin=0"/></net>

<net id="2587"><net_src comp="2576" pin="2"/><net_sink comp="2582" pin=1"/></net>

<net id="2592"><net_src comp="2582" pin="2"/><net_sink comp="2588" pin=0"/></net>

<net id="2593"><net_src comp="2474" pin="3"/><net_sink comp="2588" pin=1"/></net>

<net id="2598"><net_src comp="2582" pin="2"/><net_sink comp="2594" pin=0"/></net>

<net id="2599"><net_src comp="88" pin="0"/><net_sink comp="2594" pin=1"/></net>

<net id="2604"><net_src comp="2474" pin="3"/><net_sink comp="2600" pin=0"/></net>

<net id="2605"><net_src comp="2594" pin="2"/><net_sink comp="2600" pin=1"/></net>

<net id="2611"><net_src comp="2474" pin="3"/><net_sink comp="2606" pin=0"/></net>

<net id="2612"><net_src comp="90" pin="0"/><net_sink comp="2606" pin=1"/></net>

<net id="2613"><net_src comp="2542" pin="2"/><net_sink comp="2606" pin=2"/></net>

<net id="2619"><net_src comp="2588" pin="2"/><net_sink comp="2614" pin=0"/></net>

<net id="2620"><net_src comp="2606" pin="3"/><net_sink comp="2614" pin=1"/></net>

<net id="2621"><net_src comp="92" pin="0"/><net_sink comp="2614" pin=2"/></net>

<net id="2627"><net_src comp="2600" pin="2"/><net_sink comp="2622" pin=0"/></net>

<net id="2628"><net_src comp="2614" pin="3"/><net_sink comp="2622" pin=1"/></net>

<net id="2629"><net_src comp="2542" pin="2"/><net_sink comp="2622" pin=2"/></net>

<net id="2635"><net_src comp="2468" pin="2"/><net_sink comp="2630" pin=0"/></net>

<net id="2636"><net_src comp="2622" pin="3"/><net_sink comp="2630" pin=1"/></net>

<net id="2637"><net_src comp="90" pin="0"/><net_sink comp="2630" pin=2"/></net>

<net id="2642"><net_src comp="168" pin="2"/><net_sink comp="2638" pin=0"/></net>

<net id="2643"><net_src comp="64" pin="0"/><net_sink comp="2638" pin=1"/></net>

<net id="2649"><net_src comp="66" pin="0"/><net_sink comp="2644" pin=0"/></net>

<net id="2650"><net_src comp="168" pin="2"/><net_sink comp="2644" pin=1"/></net>

<net id="2651"><net_src comp="68" pin="0"/><net_sink comp="2644" pin=2"/></net>

<net id="2658"><net_src comp="70" pin="0"/><net_sink comp="2652" pin=0"/></net>

<net id="2659"><net_src comp="168" pin="2"/><net_sink comp="2652" pin=1"/></net>

<net id="2660"><net_src comp="72" pin="0"/><net_sink comp="2652" pin=2"/></net>

<net id="2661"><net_src comp="74" pin="0"/><net_sink comp="2652" pin=3"/></net>

<net id="2667"><net_src comp="66" pin="0"/><net_sink comp="2662" pin=0"/></net>

<net id="2668"><net_src comp="168" pin="2"/><net_sink comp="2662" pin=1"/></net>

<net id="2669"><net_src comp="76" pin="0"/><net_sink comp="2662" pin=2"/></net>

<net id="2673"><net_src comp="168" pin="2"/><net_sink comp="2670" pin=0"/></net>

<net id="2678"><net_src comp="2670" pin="1"/><net_sink comp="2674" pin=0"/></net>

<net id="2679"><net_src comp="78" pin="0"/><net_sink comp="2674" pin=1"/></net>

<net id="2685"><net_src comp="66" pin="0"/><net_sink comp="2680" pin=0"/></net>

<net id="2686"><net_src comp="168" pin="2"/><net_sink comp="2680" pin=1"/></net>

<net id="2687"><net_src comp="74" pin="0"/><net_sink comp="2680" pin=2"/></net>

<net id="2693"><net_src comp="66" pin="0"/><net_sink comp="2688" pin=0"/></net>

<net id="2694"><net_src comp="168" pin="2"/><net_sink comp="2688" pin=1"/></net>

<net id="2695"><net_src comp="72" pin="0"/><net_sink comp="2688" pin=2"/></net>

<net id="2700"><net_src comp="2688" pin="3"/><net_sink comp="2696" pin=0"/></net>

<net id="2701"><net_src comp="2674" pin="2"/><net_sink comp="2696" pin=1"/></net>

<net id="2706"><net_src comp="2696" pin="2"/><net_sink comp="2702" pin=0"/></net>

<net id="2707"><net_src comp="2662" pin="3"/><net_sink comp="2702" pin=1"/></net>

<net id="2711"><net_src comp="2702" pin="2"/><net_sink comp="2708" pin=0"/></net>

<net id="2716"><net_src comp="2652" pin="4"/><net_sink comp="2712" pin=0"/></net>

<net id="2717"><net_src comp="2708" pin="1"/><net_sink comp="2712" pin=1"/></net>

<net id="2723"><net_src comp="80" pin="0"/><net_sink comp="2718" pin=0"/></net>

<net id="2724"><net_src comp="168" pin="2"/><net_sink comp="2718" pin=1"/></net>

<net id="2725"><net_src comp="82" pin="0"/><net_sink comp="2718" pin=2"/></net>

<net id="2730"><net_src comp="2718" pin="3"/><net_sink comp="2726" pin=0"/></net>

<net id="2731"><net_src comp="84" pin="0"/><net_sink comp="2726" pin=1"/></net>

<net id="2737"><net_src comp="86" pin="0"/><net_sink comp="2732" pin=0"/></net>

<net id="2738"><net_src comp="2712" pin="2"/><net_sink comp="2732" pin=1"/></net>

<net id="2739"><net_src comp="72" pin="0"/><net_sink comp="2732" pin=2"/></net>

<net id="2744"><net_src comp="2680" pin="3"/><net_sink comp="2740" pin=0"/></net>

<net id="2745"><net_src comp="88" pin="0"/><net_sink comp="2740" pin=1"/></net>

<net id="2750"><net_src comp="2732" pin="3"/><net_sink comp="2746" pin=0"/></net>

<net id="2751"><net_src comp="2740" pin="2"/><net_sink comp="2746" pin=1"/></net>

<net id="2756"><net_src comp="2726" pin="2"/><net_sink comp="2752" pin=0"/></net>

<net id="2757"><net_src comp="2746" pin="2"/><net_sink comp="2752" pin=1"/></net>

<net id="2762"><net_src comp="2752" pin="2"/><net_sink comp="2758" pin=0"/></net>

<net id="2763"><net_src comp="2644" pin="3"/><net_sink comp="2758" pin=1"/></net>

<net id="2768"><net_src comp="2752" pin="2"/><net_sink comp="2764" pin=0"/></net>

<net id="2769"><net_src comp="88" pin="0"/><net_sink comp="2764" pin=1"/></net>

<net id="2774"><net_src comp="2644" pin="3"/><net_sink comp="2770" pin=0"/></net>

<net id="2775"><net_src comp="2764" pin="2"/><net_sink comp="2770" pin=1"/></net>

<net id="2781"><net_src comp="2644" pin="3"/><net_sink comp="2776" pin=0"/></net>

<net id="2782"><net_src comp="90" pin="0"/><net_sink comp="2776" pin=1"/></net>

<net id="2783"><net_src comp="2712" pin="2"/><net_sink comp="2776" pin=2"/></net>

<net id="2789"><net_src comp="2758" pin="2"/><net_sink comp="2784" pin=0"/></net>

<net id="2790"><net_src comp="2776" pin="3"/><net_sink comp="2784" pin=1"/></net>

<net id="2791"><net_src comp="92" pin="0"/><net_sink comp="2784" pin=2"/></net>

<net id="2797"><net_src comp="2770" pin="2"/><net_sink comp="2792" pin=0"/></net>

<net id="2798"><net_src comp="2784" pin="3"/><net_sink comp="2792" pin=1"/></net>

<net id="2799"><net_src comp="2712" pin="2"/><net_sink comp="2792" pin=2"/></net>

<net id="2805"><net_src comp="2638" pin="2"/><net_sink comp="2800" pin=0"/></net>

<net id="2806"><net_src comp="2792" pin="3"/><net_sink comp="2800" pin=1"/></net>

<net id="2807"><net_src comp="90" pin="0"/><net_sink comp="2800" pin=2"/></net>

<net id="2812"><net_src comp="162" pin="2"/><net_sink comp="2808" pin=0"/></net>

<net id="2813"><net_src comp="64" pin="0"/><net_sink comp="2808" pin=1"/></net>

<net id="2819"><net_src comp="66" pin="0"/><net_sink comp="2814" pin=0"/></net>

<net id="2820"><net_src comp="162" pin="2"/><net_sink comp="2814" pin=1"/></net>

<net id="2821"><net_src comp="68" pin="0"/><net_sink comp="2814" pin=2"/></net>

<net id="2828"><net_src comp="70" pin="0"/><net_sink comp="2822" pin=0"/></net>

<net id="2829"><net_src comp="162" pin="2"/><net_sink comp="2822" pin=1"/></net>

<net id="2830"><net_src comp="72" pin="0"/><net_sink comp="2822" pin=2"/></net>

<net id="2831"><net_src comp="74" pin="0"/><net_sink comp="2822" pin=3"/></net>

<net id="2837"><net_src comp="66" pin="0"/><net_sink comp="2832" pin=0"/></net>

<net id="2838"><net_src comp="162" pin="2"/><net_sink comp="2832" pin=1"/></net>

<net id="2839"><net_src comp="76" pin="0"/><net_sink comp="2832" pin=2"/></net>

<net id="2843"><net_src comp="162" pin="2"/><net_sink comp="2840" pin=0"/></net>

<net id="2848"><net_src comp="2840" pin="1"/><net_sink comp="2844" pin=0"/></net>

<net id="2849"><net_src comp="78" pin="0"/><net_sink comp="2844" pin=1"/></net>

<net id="2855"><net_src comp="66" pin="0"/><net_sink comp="2850" pin=0"/></net>

<net id="2856"><net_src comp="162" pin="2"/><net_sink comp="2850" pin=1"/></net>

<net id="2857"><net_src comp="74" pin="0"/><net_sink comp="2850" pin=2"/></net>

<net id="2863"><net_src comp="66" pin="0"/><net_sink comp="2858" pin=0"/></net>

<net id="2864"><net_src comp="162" pin="2"/><net_sink comp="2858" pin=1"/></net>

<net id="2865"><net_src comp="72" pin="0"/><net_sink comp="2858" pin=2"/></net>

<net id="2870"><net_src comp="2858" pin="3"/><net_sink comp="2866" pin=0"/></net>

<net id="2871"><net_src comp="2844" pin="2"/><net_sink comp="2866" pin=1"/></net>

<net id="2876"><net_src comp="2866" pin="2"/><net_sink comp="2872" pin=0"/></net>

<net id="2877"><net_src comp="2832" pin="3"/><net_sink comp="2872" pin=1"/></net>

<net id="2881"><net_src comp="2872" pin="2"/><net_sink comp="2878" pin=0"/></net>

<net id="2886"><net_src comp="2822" pin="4"/><net_sink comp="2882" pin=0"/></net>

<net id="2887"><net_src comp="2878" pin="1"/><net_sink comp="2882" pin=1"/></net>

<net id="2893"><net_src comp="80" pin="0"/><net_sink comp="2888" pin=0"/></net>

<net id="2894"><net_src comp="162" pin="2"/><net_sink comp="2888" pin=1"/></net>

<net id="2895"><net_src comp="82" pin="0"/><net_sink comp="2888" pin=2"/></net>

<net id="2900"><net_src comp="2888" pin="3"/><net_sink comp="2896" pin=0"/></net>

<net id="2901"><net_src comp="84" pin="0"/><net_sink comp="2896" pin=1"/></net>

<net id="2907"><net_src comp="86" pin="0"/><net_sink comp="2902" pin=0"/></net>

<net id="2908"><net_src comp="2882" pin="2"/><net_sink comp="2902" pin=1"/></net>

<net id="2909"><net_src comp="72" pin="0"/><net_sink comp="2902" pin=2"/></net>

<net id="2914"><net_src comp="2850" pin="3"/><net_sink comp="2910" pin=0"/></net>

<net id="2915"><net_src comp="88" pin="0"/><net_sink comp="2910" pin=1"/></net>

<net id="2920"><net_src comp="2902" pin="3"/><net_sink comp="2916" pin=0"/></net>

<net id="2921"><net_src comp="2910" pin="2"/><net_sink comp="2916" pin=1"/></net>

<net id="2926"><net_src comp="2896" pin="2"/><net_sink comp="2922" pin=0"/></net>

<net id="2927"><net_src comp="2916" pin="2"/><net_sink comp="2922" pin=1"/></net>

<net id="2932"><net_src comp="2922" pin="2"/><net_sink comp="2928" pin=0"/></net>

<net id="2933"><net_src comp="2814" pin="3"/><net_sink comp="2928" pin=1"/></net>

<net id="2938"><net_src comp="2922" pin="2"/><net_sink comp="2934" pin=0"/></net>

<net id="2939"><net_src comp="88" pin="0"/><net_sink comp="2934" pin=1"/></net>

<net id="2944"><net_src comp="2814" pin="3"/><net_sink comp="2940" pin=0"/></net>

<net id="2945"><net_src comp="2934" pin="2"/><net_sink comp="2940" pin=1"/></net>

<net id="2951"><net_src comp="2814" pin="3"/><net_sink comp="2946" pin=0"/></net>

<net id="2952"><net_src comp="90" pin="0"/><net_sink comp="2946" pin=1"/></net>

<net id="2953"><net_src comp="2882" pin="2"/><net_sink comp="2946" pin=2"/></net>

<net id="2959"><net_src comp="2928" pin="2"/><net_sink comp="2954" pin=0"/></net>

<net id="2960"><net_src comp="2946" pin="3"/><net_sink comp="2954" pin=1"/></net>

<net id="2961"><net_src comp="92" pin="0"/><net_sink comp="2954" pin=2"/></net>

<net id="2967"><net_src comp="2940" pin="2"/><net_sink comp="2962" pin=0"/></net>

<net id="2968"><net_src comp="2954" pin="3"/><net_sink comp="2962" pin=1"/></net>

<net id="2969"><net_src comp="2882" pin="2"/><net_sink comp="2962" pin=2"/></net>

<net id="2975"><net_src comp="2808" pin="2"/><net_sink comp="2970" pin=0"/></net>

<net id="2976"><net_src comp="2962" pin="3"/><net_sink comp="2970" pin=1"/></net>

<net id="2977"><net_src comp="90" pin="0"/><net_sink comp="2970" pin=2"/></net>

<net id="2982"><net_src comp="156" pin="2"/><net_sink comp="2978" pin=0"/></net>

<net id="2983"><net_src comp="64" pin="0"/><net_sink comp="2978" pin=1"/></net>

<net id="2989"><net_src comp="66" pin="0"/><net_sink comp="2984" pin=0"/></net>

<net id="2990"><net_src comp="156" pin="2"/><net_sink comp="2984" pin=1"/></net>

<net id="2991"><net_src comp="68" pin="0"/><net_sink comp="2984" pin=2"/></net>

<net id="2998"><net_src comp="70" pin="0"/><net_sink comp="2992" pin=0"/></net>

<net id="2999"><net_src comp="156" pin="2"/><net_sink comp="2992" pin=1"/></net>

<net id="3000"><net_src comp="72" pin="0"/><net_sink comp="2992" pin=2"/></net>

<net id="3001"><net_src comp="74" pin="0"/><net_sink comp="2992" pin=3"/></net>

<net id="3007"><net_src comp="66" pin="0"/><net_sink comp="3002" pin=0"/></net>

<net id="3008"><net_src comp="156" pin="2"/><net_sink comp="3002" pin=1"/></net>

<net id="3009"><net_src comp="76" pin="0"/><net_sink comp="3002" pin=2"/></net>

<net id="3013"><net_src comp="156" pin="2"/><net_sink comp="3010" pin=0"/></net>

<net id="3018"><net_src comp="3010" pin="1"/><net_sink comp="3014" pin=0"/></net>

<net id="3019"><net_src comp="78" pin="0"/><net_sink comp="3014" pin=1"/></net>

<net id="3025"><net_src comp="66" pin="0"/><net_sink comp="3020" pin=0"/></net>

<net id="3026"><net_src comp="156" pin="2"/><net_sink comp="3020" pin=1"/></net>

<net id="3027"><net_src comp="74" pin="0"/><net_sink comp="3020" pin=2"/></net>

<net id="3033"><net_src comp="66" pin="0"/><net_sink comp="3028" pin=0"/></net>

<net id="3034"><net_src comp="156" pin="2"/><net_sink comp="3028" pin=1"/></net>

<net id="3035"><net_src comp="72" pin="0"/><net_sink comp="3028" pin=2"/></net>

<net id="3040"><net_src comp="3028" pin="3"/><net_sink comp="3036" pin=0"/></net>

<net id="3041"><net_src comp="3014" pin="2"/><net_sink comp="3036" pin=1"/></net>

<net id="3046"><net_src comp="3036" pin="2"/><net_sink comp="3042" pin=0"/></net>

<net id="3047"><net_src comp="3002" pin="3"/><net_sink comp="3042" pin=1"/></net>

<net id="3051"><net_src comp="3042" pin="2"/><net_sink comp="3048" pin=0"/></net>

<net id="3056"><net_src comp="2992" pin="4"/><net_sink comp="3052" pin=0"/></net>

<net id="3057"><net_src comp="3048" pin="1"/><net_sink comp="3052" pin=1"/></net>

<net id="3063"><net_src comp="80" pin="0"/><net_sink comp="3058" pin=0"/></net>

<net id="3064"><net_src comp="156" pin="2"/><net_sink comp="3058" pin=1"/></net>

<net id="3065"><net_src comp="82" pin="0"/><net_sink comp="3058" pin=2"/></net>

<net id="3070"><net_src comp="3058" pin="3"/><net_sink comp="3066" pin=0"/></net>

<net id="3071"><net_src comp="84" pin="0"/><net_sink comp="3066" pin=1"/></net>

<net id="3077"><net_src comp="86" pin="0"/><net_sink comp="3072" pin=0"/></net>

<net id="3078"><net_src comp="3052" pin="2"/><net_sink comp="3072" pin=1"/></net>

<net id="3079"><net_src comp="72" pin="0"/><net_sink comp="3072" pin=2"/></net>

<net id="3084"><net_src comp="3020" pin="3"/><net_sink comp="3080" pin=0"/></net>

<net id="3085"><net_src comp="88" pin="0"/><net_sink comp="3080" pin=1"/></net>

<net id="3090"><net_src comp="3072" pin="3"/><net_sink comp="3086" pin=0"/></net>

<net id="3091"><net_src comp="3080" pin="2"/><net_sink comp="3086" pin=1"/></net>

<net id="3096"><net_src comp="3066" pin="2"/><net_sink comp="3092" pin=0"/></net>

<net id="3097"><net_src comp="3086" pin="2"/><net_sink comp="3092" pin=1"/></net>

<net id="3102"><net_src comp="3092" pin="2"/><net_sink comp="3098" pin=0"/></net>

<net id="3103"><net_src comp="2984" pin="3"/><net_sink comp="3098" pin=1"/></net>

<net id="3108"><net_src comp="3092" pin="2"/><net_sink comp="3104" pin=0"/></net>

<net id="3109"><net_src comp="88" pin="0"/><net_sink comp="3104" pin=1"/></net>

<net id="3114"><net_src comp="2984" pin="3"/><net_sink comp="3110" pin=0"/></net>

<net id="3115"><net_src comp="3104" pin="2"/><net_sink comp="3110" pin=1"/></net>

<net id="3121"><net_src comp="2984" pin="3"/><net_sink comp="3116" pin=0"/></net>

<net id="3122"><net_src comp="90" pin="0"/><net_sink comp="3116" pin=1"/></net>

<net id="3123"><net_src comp="3052" pin="2"/><net_sink comp="3116" pin=2"/></net>

<net id="3129"><net_src comp="3098" pin="2"/><net_sink comp="3124" pin=0"/></net>

<net id="3130"><net_src comp="3116" pin="3"/><net_sink comp="3124" pin=1"/></net>

<net id="3131"><net_src comp="92" pin="0"/><net_sink comp="3124" pin=2"/></net>

<net id="3137"><net_src comp="3110" pin="2"/><net_sink comp="3132" pin=0"/></net>

<net id="3138"><net_src comp="3124" pin="3"/><net_sink comp="3132" pin=1"/></net>

<net id="3139"><net_src comp="3052" pin="2"/><net_sink comp="3132" pin=2"/></net>

<net id="3145"><net_src comp="2978" pin="2"/><net_sink comp="3140" pin=0"/></net>

<net id="3146"><net_src comp="3132" pin="3"/><net_sink comp="3140" pin=1"/></net>

<net id="3147"><net_src comp="90" pin="0"/><net_sink comp="3140" pin=2"/></net>

<net id="3152"><net_src comp="150" pin="2"/><net_sink comp="3148" pin=0"/></net>

<net id="3153"><net_src comp="64" pin="0"/><net_sink comp="3148" pin=1"/></net>

<net id="3159"><net_src comp="66" pin="0"/><net_sink comp="3154" pin=0"/></net>

<net id="3160"><net_src comp="150" pin="2"/><net_sink comp="3154" pin=1"/></net>

<net id="3161"><net_src comp="68" pin="0"/><net_sink comp="3154" pin=2"/></net>

<net id="3168"><net_src comp="70" pin="0"/><net_sink comp="3162" pin=0"/></net>

<net id="3169"><net_src comp="150" pin="2"/><net_sink comp="3162" pin=1"/></net>

<net id="3170"><net_src comp="72" pin="0"/><net_sink comp="3162" pin=2"/></net>

<net id="3171"><net_src comp="74" pin="0"/><net_sink comp="3162" pin=3"/></net>

<net id="3177"><net_src comp="66" pin="0"/><net_sink comp="3172" pin=0"/></net>

<net id="3178"><net_src comp="150" pin="2"/><net_sink comp="3172" pin=1"/></net>

<net id="3179"><net_src comp="76" pin="0"/><net_sink comp="3172" pin=2"/></net>

<net id="3183"><net_src comp="150" pin="2"/><net_sink comp="3180" pin=0"/></net>

<net id="3188"><net_src comp="3180" pin="1"/><net_sink comp="3184" pin=0"/></net>

<net id="3189"><net_src comp="78" pin="0"/><net_sink comp="3184" pin=1"/></net>

<net id="3195"><net_src comp="66" pin="0"/><net_sink comp="3190" pin=0"/></net>

<net id="3196"><net_src comp="150" pin="2"/><net_sink comp="3190" pin=1"/></net>

<net id="3197"><net_src comp="74" pin="0"/><net_sink comp="3190" pin=2"/></net>

<net id="3203"><net_src comp="66" pin="0"/><net_sink comp="3198" pin=0"/></net>

<net id="3204"><net_src comp="150" pin="2"/><net_sink comp="3198" pin=1"/></net>

<net id="3205"><net_src comp="72" pin="0"/><net_sink comp="3198" pin=2"/></net>

<net id="3210"><net_src comp="3198" pin="3"/><net_sink comp="3206" pin=0"/></net>

<net id="3211"><net_src comp="3184" pin="2"/><net_sink comp="3206" pin=1"/></net>

<net id="3216"><net_src comp="3206" pin="2"/><net_sink comp="3212" pin=0"/></net>

<net id="3217"><net_src comp="3172" pin="3"/><net_sink comp="3212" pin=1"/></net>

<net id="3221"><net_src comp="3212" pin="2"/><net_sink comp="3218" pin=0"/></net>

<net id="3226"><net_src comp="3162" pin="4"/><net_sink comp="3222" pin=0"/></net>

<net id="3227"><net_src comp="3218" pin="1"/><net_sink comp="3222" pin=1"/></net>

<net id="3233"><net_src comp="80" pin="0"/><net_sink comp="3228" pin=0"/></net>

<net id="3234"><net_src comp="150" pin="2"/><net_sink comp="3228" pin=1"/></net>

<net id="3235"><net_src comp="82" pin="0"/><net_sink comp="3228" pin=2"/></net>

<net id="3240"><net_src comp="3228" pin="3"/><net_sink comp="3236" pin=0"/></net>

<net id="3241"><net_src comp="84" pin="0"/><net_sink comp="3236" pin=1"/></net>

<net id="3247"><net_src comp="86" pin="0"/><net_sink comp="3242" pin=0"/></net>

<net id="3248"><net_src comp="3222" pin="2"/><net_sink comp="3242" pin=1"/></net>

<net id="3249"><net_src comp="72" pin="0"/><net_sink comp="3242" pin=2"/></net>

<net id="3254"><net_src comp="3190" pin="3"/><net_sink comp="3250" pin=0"/></net>

<net id="3255"><net_src comp="88" pin="0"/><net_sink comp="3250" pin=1"/></net>

<net id="3260"><net_src comp="3242" pin="3"/><net_sink comp="3256" pin=0"/></net>

<net id="3261"><net_src comp="3250" pin="2"/><net_sink comp="3256" pin=1"/></net>

<net id="3266"><net_src comp="3236" pin="2"/><net_sink comp="3262" pin=0"/></net>

<net id="3267"><net_src comp="3256" pin="2"/><net_sink comp="3262" pin=1"/></net>

<net id="3272"><net_src comp="3262" pin="2"/><net_sink comp="3268" pin=0"/></net>

<net id="3273"><net_src comp="3154" pin="3"/><net_sink comp="3268" pin=1"/></net>

<net id="3278"><net_src comp="3262" pin="2"/><net_sink comp="3274" pin=0"/></net>

<net id="3279"><net_src comp="88" pin="0"/><net_sink comp="3274" pin=1"/></net>

<net id="3284"><net_src comp="3154" pin="3"/><net_sink comp="3280" pin=0"/></net>

<net id="3285"><net_src comp="3274" pin="2"/><net_sink comp="3280" pin=1"/></net>

<net id="3291"><net_src comp="3154" pin="3"/><net_sink comp="3286" pin=0"/></net>

<net id="3292"><net_src comp="90" pin="0"/><net_sink comp="3286" pin=1"/></net>

<net id="3293"><net_src comp="3222" pin="2"/><net_sink comp="3286" pin=2"/></net>

<net id="3299"><net_src comp="3268" pin="2"/><net_sink comp="3294" pin=0"/></net>

<net id="3300"><net_src comp="3286" pin="3"/><net_sink comp="3294" pin=1"/></net>

<net id="3301"><net_src comp="92" pin="0"/><net_sink comp="3294" pin=2"/></net>

<net id="3307"><net_src comp="3280" pin="2"/><net_sink comp="3302" pin=0"/></net>

<net id="3308"><net_src comp="3294" pin="3"/><net_sink comp="3302" pin=1"/></net>

<net id="3309"><net_src comp="3222" pin="2"/><net_sink comp="3302" pin=2"/></net>

<net id="3315"><net_src comp="3148" pin="2"/><net_sink comp="3310" pin=0"/></net>

<net id="3316"><net_src comp="3302" pin="3"/><net_sink comp="3310" pin=1"/></net>

<net id="3317"><net_src comp="90" pin="0"/><net_sink comp="3310" pin=2"/></net>

<net id="3322"><net_src comp="144" pin="2"/><net_sink comp="3318" pin=0"/></net>

<net id="3323"><net_src comp="64" pin="0"/><net_sink comp="3318" pin=1"/></net>

<net id="3329"><net_src comp="66" pin="0"/><net_sink comp="3324" pin=0"/></net>

<net id="3330"><net_src comp="144" pin="2"/><net_sink comp="3324" pin=1"/></net>

<net id="3331"><net_src comp="68" pin="0"/><net_sink comp="3324" pin=2"/></net>

<net id="3338"><net_src comp="70" pin="0"/><net_sink comp="3332" pin=0"/></net>

<net id="3339"><net_src comp="144" pin="2"/><net_sink comp="3332" pin=1"/></net>

<net id="3340"><net_src comp="72" pin="0"/><net_sink comp="3332" pin=2"/></net>

<net id="3341"><net_src comp="74" pin="0"/><net_sink comp="3332" pin=3"/></net>

<net id="3347"><net_src comp="66" pin="0"/><net_sink comp="3342" pin=0"/></net>

<net id="3348"><net_src comp="144" pin="2"/><net_sink comp="3342" pin=1"/></net>

<net id="3349"><net_src comp="76" pin="0"/><net_sink comp="3342" pin=2"/></net>

<net id="3353"><net_src comp="144" pin="2"/><net_sink comp="3350" pin=0"/></net>

<net id="3358"><net_src comp="3350" pin="1"/><net_sink comp="3354" pin=0"/></net>

<net id="3359"><net_src comp="78" pin="0"/><net_sink comp="3354" pin=1"/></net>

<net id="3365"><net_src comp="66" pin="0"/><net_sink comp="3360" pin=0"/></net>

<net id="3366"><net_src comp="144" pin="2"/><net_sink comp="3360" pin=1"/></net>

<net id="3367"><net_src comp="74" pin="0"/><net_sink comp="3360" pin=2"/></net>

<net id="3373"><net_src comp="66" pin="0"/><net_sink comp="3368" pin=0"/></net>

<net id="3374"><net_src comp="144" pin="2"/><net_sink comp="3368" pin=1"/></net>

<net id="3375"><net_src comp="72" pin="0"/><net_sink comp="3368" pin=2"/></net>

<net id="3380"><net_src comp="3368" pin="3"/><net_sink comp="3376" pin=0"/></net>

<net id="3381"><net_src comp="3354" pin="2"/><net_sink comp="3376" pin=1"/></net>

<net id="3386"><net_src comp="3376" pin="2"/><net_sink comp="3382" pin=0"/></net>

<net id="3387"><net_src comp="3342" pin="3"/><net_sink comp="3382" pin=1"/></net>

<net id="3391"><net_src comp="3382" pin="2"/><net_sink comp="3388" pin=0"/></net>

<net id="3396"><net_src comp="3332" pin="4"/><net_sink comp="3392" pin=0"/></net>

<net id="3397"><net_src comp="3388" pin="1"/><net_sink comp="3392" pin=1"/></net>

<net id="3403"><net_src comp="80" pin="0"/><net_sink comp="3398" pin=0"/></net>

<net id="3404"><net_src comp="144" pin="2"/><net_sink comp="3398" pin=1"/></net>

<net id="3405"><net_src comp="82" pin="0"/><net_sink comp="3398" pin=2"/></net>

<net id="3410"><net_src comp="3398" pin="3"/><net_sink comp="3406" pin=0"/></net>

<net id="3411"><net_src comp="84" pin="0"/><net_sink comp="3406" pin=1"/></net>

<net id="3417"><net_src comp="86" pin="0"/><net_sink comp="3412" pin=0"/></net>

<net id="3418"><net_src comp="3392" pin="2"/><net_sink comp="3412" pin=1"/></net>

<net id="3419"><net_src comp="72" pin="0"/><net_sink comp="3412" pin=2"/></net>

<net id="3424"><net_src comp="3360" pin="3"/><net_sink comp="3420" pin=0"/></net>

<net id="3425"><net_src comp="88" pin="0"/><net_sink comp="3420" pin=1"/></net>

<net id="3430"><net_src comp="3412" pin="3"/><net_sink comp="3426" pin=0"/></net>

<net id="3431"><net_src comp="3420" pin="2"/><net_sink comp="3426" pin=1"/></net>

<net id="3436"><net_src comp="3406" pin="2"/><net_sink comp="3432" pin=0"/></net>

<net id="3437"><net_src comp="3426" pin="2"/><net_sink comp="3432" pin=1"/></net>

<net id="3442"><net_src comp="3432" pin="2"/><net_sink comp="3438" pin=0"/></net>

<net id="3443"><net_src comp="3324" pin="3"/><net_sink comp="3438" pin=1"/></net>

<net id="3448"><net_src comp="3432" pin="2"/><net_sink comp="3444" pin=0"/></net>

<net id="3449"><net_src comp="88" pin="0"/><net_sink comp="3444" pin=1"/></net>

<net id="3454"><net_src comp="3324" pin="3"/><net_sink comp="3450" pin=0"/></net>

<net id="3455"><net_src comp="3444" pin="2"/><net_sink comp="3450" pin=1"/></net>

<net id="3461"><net_src comp="3324" pin="3"/><net_sink comp="3456" pin=0"/></net>

<net id="3462"><net_src comp="90" pin="0"/><net_sink comp="3456" pin=1"/></net>

<net id="3463"><net_src comp="3392" pin="2"/><net_sink comp="3456" pin=2"/></net>

<net id="3469"><net_src comp="3438" pin="2"/><net_sink comp="3464" pin=0"/></net>

<net id="3470"><net_src comp="3456" pin="3"/><net_sink comp="3464" pin=1"/></net>

<net id="3471"><net_src comp="92" pin="0"/><net_sink comp="3464" pin=2"/></net>

<net id="3477"><net_src comp="3450" pin="2"/><net_sink comp="3472" pin=0"/></net>

<net id="3478"><net_src comp="3464" pin="3"/><net_sink comp="3472" pin=1"/></net>

<net id="3479"><net_src comp="3392" pin="2"/><net_sink comp="3472" pin=2"/></net>

<net id="3485"><net_src comp="3318" pin="2"/><net_sink comp="3480" pin=0"/></net>

<net id="3486"><net_src comp="3472" pin="3"/><net_sink comp="3480" pin=1"/></net>

<net id="3487"><net_src comp="90" pin="0"/><net_sink comp="3480" pin=2"/></net>

<net id="3492"><net_src comp="138" pin="2"/><net_sink comp="3488" pin=0"/></net>

<net id="3493"><net_src comp="64" pin="0"/><net_sink comp="3488" pin=1"/></net>

<net id="3499"><net_src comp="66" pin="0"/><net_sink comp="3494" pin=0"/></net>

<net id="3500"><net_src comp="138" pin="2"/><net_sink comp="3494" pin=1"/></net>

<net id="3501"><net_src comp="68" pin="0"/><net_sink comp="3494" pin=2"/></net>

<net id="3508"><net_src comp="70" pin="0"/><net_sink comp="3502" pin=0"/></net>

<net id="3509"><net_src comp="138" pin="2"/><net_sink comp="3502" pin=1"/></net>

<net id="3510"><net_src comp="72" pin="0"/><net_sink comp="3502" pin=2"/></net>

<net id="3511"><net_src comp="74" pin="0"/><net_sink comp="3502" pin=3"/></net>

<net id="3517"><net_src comp="66" pin="0"/><net_sink comp="3512" pin=0"/></net>

<net id="3518"><net_src comp="138" pin="2"/><net_sink comp="3512" pin=1"/></net>

<net id="3519"><net_src comp="76" pin="0"/><net_sink comp="3512" pin=2"/></net>

<net id="3523"><net_src comp="138" pin="2"/><net_sink comp="3520" pin=0"/></net>

<net id="3528"><net_src comp="3520" pin="1"/><net_sink comp="3524" pin=0"/></net>

<net id="3529"><net_src comp="78" pin="0"/><net_sink comp="3524" pin=1"/></net>

<net id="3535"><net_src comp="66" pin="0"/><net_sink comp="3530" pin=0"/></net>

<net id="3536"><net_src comp="138" pin="2"/><net_sink comp="3530" pin=1"/></net>

<net id="3537"><net_src comp="74" pin="0"/><net_sink comp="3530" pin=2"/></net>

<net id="3543"><net_src comp="66" pin="0"/><net_sink comp="3538" pin=0"/></net>

<net id="3544"><net_src comp="138" pin="2"/><net_sink comp="3538" pin=1"/></net>

<net id="3545"><net_src comp="72" pin="0"/><net_sink comp="3538" pin=2"/></net>

<net id="3550"><net_src comp="3538" pin="3"/><net_sink comp="3546" pin=0"/></net>

<net id="3551"><net_src comp="3524" pin="2"/><net_sink comp="3546" pin=1"/></net>

<net id="3556"><net_src comp="3546" pin="2"/><net_sink comp="3552" pin=0"/></net>

<net id="3557"><net_src comp="3512" pin="3"/><net_sink comp="3552" pin=1"/></net>

<net id="3561"><net_src comp="3552" pin="2"/><net_sink comp="3558" pin=0"/></net>

<net id="3566"><net_src comp="3502" pin="4"/><net_sink comp="3562" pin=0"/></net>

<net id="3567"><net_src comp="3558" pin="1"/><net_sink comp="3562" pin=1"/></net>

<net id="3573"><net_src comp="80" pin="0"/><net_sink comp="3568" pin=0"/></net>

<net id="3574"><net_src comp="138" pin="2"/><net_sink comp="3568" pin=1"/></net>

<net id="3575"><net_src comp="82" pin="0"/><net_sink comp="3568" pin=2"/></net>

<net id="3580"><net_src comp="3568" pin="3"/><net_sink comp="3576" pin=0"/></net>

<net id="3581"><net_src comp="84" pin="0"/><net_sink comp="3576" pin=1"/></net>

<net id="3587"><net_src comp="86" pin="0"/><net_sink comp="3582" pin=0"/></net>

<net id="3588"><net_src comp="3562" pin="2"/><net_sink comp="3582" pin=1"/></net>

<net id="3589"><net_src comp="72" pin="0"/><net_sink comp="3582" pin=2"/></net>

<net id="3594"><net_src comp="3530" pin="3"/><net_sink comp="3590" pin=0"/></net>

<net id="3595"><net_src comp="88" pin="0"/><net_sink comp="3590" pin=1"/></net>

<net id="3600"><net_src comp="3582" pin="3"/><net_sink comp="3596" pin=0"/></net>

<net id="3601"><net_src comp="3590" pin="2"/><net_sink comp="3596" pin=1"/></net>

<net id="3606"><net_src comp="3576" pin="2"/><net_sink comp="3602" pin=0"/></net>

<net id="3607"><net_src comp="3596" pin="2"/><net_sink comp="3602" pin=1"/></net>

<net id="3612"><net_src comp="3602" pin="2"/><net_sink comp="3608" pin=0"/></net>

<net id="3613"><net_src comp="3494" pin="3"/><net_sink comp="3608" pin=1"/></net>

<net id="3618"><net_src comp="3602" pin="2"/><net_sink comp="3614" pin=0"/></net>

<net id="3619"><net_src comp="88" pin="0"/><net_sink comp="3614" pin=1"/></net>

<net id="3624"><net_src comp="3494" pin="3"/><net_sink comp="3620" pin=0"/></net>

<net id="3625"><net_src comp="3614" pin="2"/><net_sink comp="3620" pin=1"/></net>

<net id="3631"><net_src comp="3494" pin="3"/><net_sink comp="3626" pin=0"/></net>

<net id="3632"><net_src comp="90" pin="0"/><net_sink comp="3626" pin=1"/></net>

<net id="3633"><net_src comp="3562" pin="2"/><net_sink comp="3626" pin=2"/></net>

<net id="3639"><net_src comp="3608" pin="2"/><net_sink comp="3634" pin=0"/></net>

<net id="3640"><net_src comp="3626" pin="3"/><net_sink comp="3634" pin=1"/></net>

<net id="3641"><net_src comp="92" pin="0"/><net_sink comp="3634" pin=2"/></net>

<net id="3647"><net_src comp="3620" pin="2"/><net_sink comp="3642" pin=0"/></net>

<net id="3648"><net_src comp="3634" pin="3"/><net_sink comp="3642" pin=1"/></net>

<net id="3649"><net_src comp="3562" pin="2"/><net_sink comp="3642" pin=2"/></net>

<net id="3655"><net_src comp="3488" pin="2"/><net_sink comp="3650" pin=0"/></net>

<net id="3656"><net_src comp="3642" pin="3"/><net_sink comp="3650" pin=1"/></net>

<net id="3657"><net_src comp="90" pin="0"/><net_sink comp="3650" pin=2"/></net>

<net id="3662"><net_src comp="132" pin="2"/><net_sink comp="3658" pin=0"/></net>

<net id="3663"><net_src comp="64" pin="0"/><net_sink comp="3658" pin=1"/></net>

<net id="3669"><net_src comp="66" pin="0"/><net_sink comp="3664" pin=0"/></net>

<net id="3670"><net_src comp="132" pin="2"/><net_sink comp="3664" pin=1"/></net>

<net id="3671"><net_src comp="68" pin="0"/><net_sink comp="3664" pin=2"/></net>

<net id="3678"><net_src comp="70" pin="0"/><net_sink comp="3672" pin=0"/></net>

<net id="3679"><net_src comp="132" pin="2"/><net_sink comp="3672" pin=1"/></net>

<net id="3680"><net_src comp="72" pin="0"/><net_sink comp="3672" pin=2"/></net>

<net id="3681"><net_src comp="74" pin="0"/><net_sink comp="3672" pin=3"/></net>

<net id="3687"><net_src comp="66" pin="0"/><net_sink comp="3682" pin=0"/></net>

<net id="3688"><net_src comp="132" pin="2"/><net_sink comp="3682" pin=1"/></net>

<net id="3689"><net_src comp="76" pin="0"/><net_sink comp="3682" pin=2"/></net>

<net id="3693"><net_src comp="132" pin="2"/><net_sink comp="3690" pin=0"/></net>

<net id="3698"><net_src comp="3690" pin="1"/><net_sink comp="3694" pin=0"/></net>

<net id="3699"><net_src comp="78" pin="0"/><net_sink comp="3694" pin=1"/></net>

<net id="3705"><net_src comp="66" pin="0"/><net_sink comp="3700" pin=0"/></net>

<net id="3706"><net_src comp="132" pin="2"/><net_sink comp="3700" pin=1"/></net>

<net id="3707"><net_src comp="74" pin="0"/><net_sink comp="3700" pin=2"/></net>

<net id="3713"><net_src comp="66" pin="0"/><net_sink comp="3708" pin=0"/></net>

<net id="3714"><net_src comp="132" pin="2"/><net_sink comp="3708" pin=1"/></net>

<net id="3715"><net_src comp="72" pin="0"/><net_sink comp="3708" pin=2"/></net>

<net id="3720"><net_src comp="3708" pin="3"/><net_sink comp="3716" pin=0"/></net>

<net id="3721"><net_src comp="3694" pin="2"/><net_sink comp="3716" pin=1"/></net>

<net id="3726"><net_src comp="3716" pin="2"/><net_sink comp="3722" pin=0"/></net>

<net id="3727"><net_src comp="3682" pin="3"/><net_sink comp="3722" pin=1"/></net>

<net id="3731"><net_src comp="3722" pin="2"/><net_sink comp="3728" pin=0"/></net>

<net id="3736"><net_src comp="3672" pin="4"/><net_sink comp="3732" pin=0"/></net>

<net id="3737"><net_src comp="3728" pin="1"/><net_sink comp="3732" pin=1"/></net>

<net id="3743"><net_src comp="80" pin="0"/><net_sink comp="3738" pin=0"/></net>

<net id="3744"><net_src comp="132" pin="2"/><net_sink comp="3738" pin=1"/></net>

<net id="3745"><net_src comp="82" pin="0"/><net_sink comp="3738" pin=2"/></net>

<net id="3750"><net_src comp="3738" pin="3"/><net_sink comp="3746" pin=0"/></net>

<net id="3751"><net_src comp="84" pin="0"/><net_sink comp="3746" pin=1"/></net>

<net id="3757"><net_src comp="86" pin="0"/><net_sink comp="3752" pin=0"/></net>

<net id="3758"><net_src comp="3732" pin="2"/><net_sink comp="3752" pin=1"/></net>

<net id="3759"><net_src comp="72" pin="0"/><net_sink comp="3752" pin=2"/></net>

<net id="3764"><net_src comp="3700" pin="3"/><net_sink comp="3760" pin=0"/></net>

<net id="3765"><net_src comp="88" pin="0"/><net_sink comp="3760" pin=1"/></net>

<net id="3770"><net_src comp="3752" pin="3"/><net_sink comp="3766" pin=0"/></net>

<net id="3771"><net_src comp="3760" pin="2"/><net_sink comp="3766" pin=1"/></net>

<net id="3776"><net_src comp="3746" pin="2"/><net_sink comp="3772" pin=0"/></net>

<net id="3777"><net_src comp="3766" pin="2"/><net_sink comp="3772" pin=1"/></net>

<net id="3782"><net_src comp="3772" pin="2"/><net_sink comp="3778" pin=0"/></net>

<net id="3783"><net_src comp="3664" pin="3"/><net_sink comp="3778" pin=1"/></net>

<net id="3788"><net_src comp="3772" pin="2"/><net_sink comp="3784" pin=0"/></net>

<net id="3789"><net_src comp="88" pin="0"/><net_sink comp="3784" pin=1"/></net>

<net id="3794"><net_src comp="3664" pin="3"/><net_sink comp="3790" pin=0"/></net>

<net id="3795"><net_src comp="3784" pin="2"/><net_sink comp="3790" pin=1"/></net>

<net id="3801"><net_src comp="3664" pin="3"/><net_sink comp="3796" pin=0"/></net>

<net id="3802"><net_src comp="90" pin="0"/><net_sink comp="3796" pin=1"/></net>

<net id="3803"><net_src comp="3732" pin="2"/><net_sink comp="3796" pin=2"/></net>

<net id="3809"><net_src comp="3778" pin="2"/><net_sink comp="3804" pin=0"/></net>

<net id="3810"><net_src comp="3796" pin="3"/><net_sink comp="3804" pin=1"/></net>

<net id="3811"><net_src comp="92" pin="0"/><net_sink comp="3804" pin=2"/></net>

<net id="3817"><net_src comp="3790" pin="2"/><net_sink comp="3812" pin=0"/></net>

<net id="3818"><net_src comp="3804" pin="3"/><net_sink comp="3812" pin=1"/></net>

<net id="3819"><net_src comp="3732" pin="2"/><net_sink comp="3812" pin=2"/></net>

<net id="3825"><net_src comp="3658" pin="2"/><net_sink comp="3820" pin=0"/></net>

<net id="3826"><net_src comp="3812" pin="3"/><net_sink comp="3820" pin=1"/></net>

<net id="3827"><net_src comp="90" pin="0"/><net_sink comp="3820" pin=2"/></net>

<net id="3832"><net_src comp="126" pin="2"/><net_sink comp="3828" pin=0"/></net>

<net id="3833"><net_src comp="64" pin="0"/><net_sink comp="3828" pin=1"/></net>

<net id="3839"><net_src comp="66" pin="0"/><net_sink comp="3834" pin=0"/></net>

<net id="3840"><net_src comp="126" pin="2"/><net_sink comp="3834" pin=1"/></net>

<net id="3841"><net_src comp="68" pin="0"/><net_sink comp="3834" pin=2"/></net>

<net id="3848"><net_src comp="70" pin="0"/><net_sink comp="3842" pin=0"/></net>

<net id="3849"><net_src comp="126" pin="2"/><net_sink comp="3842" pin=1"/></net>

<net id="3850"><net_src comp="72" pin="0"/><net_sink comp="3842" pin=2"/></net>

<net id="3851"><net_src comp="74" pin="0"/><net_sink comp="3842" pin=3"/></net>

<net id="3857"><net_src comp="66" pin="0"/><net_sink comp="3852" pin=0"/></net>

<net id="3858"><net_src comp="126" pin="2"/><net_sink comp="3852" pin=1"/></net>

<net id="3859"><net_src comp="76" pin="0"/><net_sink comp="3852" pin=2"/></net>

<net id="3863"><net_src comp="126" pin="2"/><net_sink comp="3860" pin=0"/></net>

<net id="3868"><net_src comp="3860" pin="1"/><net_sink comp="3864" pin=0"/></net>

<net id="3869"><net_src comp="78" pin="0"/><net_sink comp="3864" pin=1"/></net>

<net id="3875"><net_src comp="66" pin="0"/><net_sink comp="3870" pin=0"/></net>

<net id="3876"><net_src comp="126" pin="2"/><net_sink comp="3870" pin=1"/></net>

<net id="3877"><net_src comp="74" pin="0"/><net_sink comp="3870" pin=2"/></net>

<net id="3883"><net_src comp="66" pin="0"/><net_sink comp="3878" pin=0"/></net>

<net id="3884"><net_src comp="126" pin="2"/><net_sink comp="3878" pin=1"/></net>

<net id="3885"><net_src comp="72" pin="0"/><net_sink comp="3878" pin=2"/></net>

<net id="3890"><net_src comp="3878" pin="3"/><net_sink comp="3886" pin=0"/></net>

<net id="3891"><net_src comp="3864" pin="2"/><net_sink comp="3886" pin=1"/></net>

<net id="3896"><net_src comp="3886" pin="2"/><net_sink comp="3892" pin=0"/></net>

<net id="3897"><net_src comp="3852" pin="3"/><net_sink comp="3892" pin=1"/></net>

<net id="3901"><net_src comp="3892" pin="2"/><net_sink comp="3898" pin=0"/></net>

<net id="3906"><net_src comp="3842" pin="4"/><net_sink comp="3902" pin=0"/></net>

<net id="3907"><net_src comp="3898" pin="1"/><net_sink comp="3902" pin=1"/></net>

<net id="3913"><net_src comp="80" pin="0"/><net_sink comp="3908" pin=0"/></net>

<net id="3914"><net_src comp="126" pin="2"/><net_sink comp="3908" pin=1"/></net>

<net id="3915"><net_src comp="82" pin="0"/><net_sink comp="3908" pin=2"/></net>

<net id="3920"><net_src comp="3908" pin="3"/><net_sink comp="3916" pin=0"/></net>

<net id="3921"><net_src comp="84" pin="0"/><net_sink comp="3916" pin=1"/></net>

<net id="3927"><net_src comp="86" pin="0"/><net_sink comp="3922" pin=0"/></net>

<net id="3928"><net_src comp="3902" pin="2"/><net_sink comp="3922" pin=1"/></net>

<net id="3929"><net_src comp="72" pin="0"/><net_sink comp="3922" pin=2"/></net>

<net id="3934"><net_src comp="3870" pin="3"/><net_sink comp="3930" pin=0"/></net>

<net id="3935"><net_src comp="88" pin="0"/><net_sink comp="3930" pin=1"/></net>

<net id="3940"><net_src comp="3922" pin="3"/><net_sink comp="3936" pin=0"/></net>

<net id="3941"><net_src comp="3930" pin="2"/><net_sink comp="3936" pin=1"/></net>

<net id="3946"><net_src comp="3916" pin="2"/><net_sink comp="3942" pin=0"/></net>

<net id="3947"><net_src comp="3936" pin="2"/><net_sink comp="3942" pin=1"/></net>

<net id="3952"><net_src comp="3942" pin="2"/><net_sink comp="3948" pin=0"/></net>

<net id="3953"><net_src comp="3834" pin="3"/><net_sink comp="3948" pin=1"/></net>

<net id="3958"><net_src comp="3942" pin="2"/><net_sink comp="3954" pin=0"/></net>

<net id="3959"><net_src comp="88" pin="0"/><net_sink comp="3954" pin=1"/></net>

<net id="3964"><net_src comp="3834" pin="3"/><net_sink comp="3960" pin=0"/></net>

<net id="3965"><net_src comp="3954" pin="2"/><net_sink comp="3960" pin=1"/></net>

<net id="3971"><net_src comp="3834" pin="3"/><net_sink comp="3966" pin=0"/></net>

<net id="3972"><net_src comp="90" pin="0"/><net_sink comp="3966" pin=1"/></net>

<net id="3973"><net_src comp="3902" pin="2"/><net_sink comp="3966" pin=2"/></net>

<net id="3979"><net_src comp="3948" pin="2"/><net_sink comp="3974" pin=0"/></net>

<net id="3980"><net_src comp="3966" pin="3"/><net_sink comp="3974" pin=1"/></net>

<net id="3981"><net_src comp="92" pin="0"/><net_sink comp="3974" pin=2"/></net>

<net id="3987"><net_src comp="3960" pin="2"/><net_sink comp="3982" pin=0"/></net>

<net id="3988"><net_src comp="3974" pin="3"/><net_sink comp="3982" pin=1"/></net>

<net id="3989"><net_src comp="3902" pin="2"/><net_sink comp="3982" pin=2"/></net>

<net id="3995"><net_src comp="3828" pin="2"/><net_sink comp="3990" pin=0"/></net>

<net id="3996"><net_src comp="3982" pin="3"/><net_sink comp="3990" pin=1"/></net>

<net id="3997"><net_src comp="90" pin="0"/><net_sink comp="3990" pin=2"/></net>

<net id="4002"><net_src comp="120" pin="2"/><net_sink comp="3998" pin=0"/></net>

<net id="4003"><net_src comp="64" pin="0"/><net_sink comp="3998" pin=1"/></net>

<net id="4009"><net_src comp="66" pin="0"/><net_sink comp="4004" pin=0"/></net>

<net id="4010"><net_src comp="120" pin="2"/><net_sink comp="4004" pin=1"/></net>

<net id="4011"><net_src comp="68" pin="0"/><net_sink comp="4004" pin=2"/></net>

<net id="4018"><net_src comp="70" pin="0"/><net_sink comp="4012" pin=0"/></net>

<net id="4019"><net_src comp="120" pin="2"/><net_sink comp="4012" pin=1"/></net>

<net id="4020"><net_src comp="72" pin="0"/><net_sink comp="4012" pin=2"/></net>

<net id="4021"><net_src comp="74" pin="0"/><net_sink comp="4012" pin=3"/></net>

<net id="4027"><net_src comp="66" pin="0"/><net_sink comp="4022" pin=0"/></net>

<net id="4028"><net_src comp="120" pin="2"/><net_sink comp="4022" pin=1"/></net>

<net id="4029"><net_src comp="76" pin="0"/><net_sink comp="4022" pin=2"/></net>

<net id="4033"><net_src comp="120" pin="2"/><net_sink comp="4030" pin=0"/></net>

<net id="4038"><net_src comp="4030" pin="1"/><net_sink comp="4034" pin=0"/></net>

<net id="4039"><net_src comp="78" pin="0"/><net_sink comp="4034" pin=1"/></net>

<net id="4045"><net_src comp="66" pin="0"/><net_sink comp="4040" pin=0"/></net>

<net id="4046"><net_src comp="120" pin="2"/><net_sink comp="4040" pin=1"/></net>

<net id="4047"><net_src comp="74" pin="0"/><net_sink comp="4040" pin=2"/></net>

<net id="4053"><net_src comp="66" pin="0"/><net_sink comp="4048" pin=0"/></net>

<net id="4054"><net_src comp="120" pin="2"/><net_sink comp="4048" pin=1"/></net>

<net id="4055"><net_src comp="72" pin="0"/><net_sink comp="4048" pin=2"/></net>

<net id="4060"><net_src comp="4048" pin="3"/><net_sink comp="4056" pin=0"/></net>

<net id="4061"><net_src comp="4034" pin="2"/><net_sink comp="4056" pin=1"/></net>

<net id="4066"><net_src comp="4056" pin="2"/><net_sink comp="4062" pin=0"/></net>

<net id="4067"><net_src comp="4022" pin="3"/><net_sink comp="4062" pin=1"/></net>

<net id="4071"><net_src comp="4062" pin="2"/><net_sink comp="4068" pin=0"/></net>

<net id="4076"><net_src comp="4012" pin="4"/><net_sink comp="4072" pin=0"/></net>

<net id="4077"><net_src comp="4068" pin="1"/><net_sink comp="4072" pin=1"/></net>

<net id="4083"><net_src comp="80" pin="0"/><net_sink comp="4078" pin=0"/></net>

<net id="4084"><net_src comp="120" pin="2"/><net_sink comp="4078" pin=1"/></net>

<net id="4085"><net_src comp="82" pin="0"/><net_sink comp="4078" pin=2"/></net>

<net id="4090"><net_src comp="4078" pin="3"/><net_sink comp="4086" pin=0"/></net>

<net id="4091"><net_src comp="84" pin="0"/><net_sink comp="4086" pin=1"/></net>

<net id="4097"><net_src comp="86" pin="0"/><net_sink comp="4092" pin=0"/></net>

<net id="4098"><net_src comp="4072" pin="2"/><net_sink comp="4092" pin=1"/></net>

<net id="4099"><net_src comp="72" pin="0"/><net_sink comp="4092" pin=2"/></net>

<net id="4104"><net_src comp="4040" pin="3"/><net_sink comp="4100" pin=0"/></net>

<net id="4105"><net_src comp="88" pin="0"/><net_sink comp="4100" pin=1"/></net>

<net id="4110"><net_src comp="4092" pin="3"/><net_sink comp="4106" pin=0"/></net>

<net id="4111"><net_src comp="4100" pin="2"/><net_sink comp="4106" pin=1"/></net>

<net id="4116"><net_src comp="4086" pin="2"/><net_sink comp="4112" pin=0"/></net>

<net id="4117"><net_src comp="4106" pin="2"/><net_sink comp="4112" pin=1"/></net>

<net id="4122"><net_src comp="4112" pin="2"/><net_sink comp="4118" pin=0"/></net>

<net id="4123"><net_src comp="4004" pin="3"/><net_sink comp="4118" pin=1"/></net>

<net id="4128"><net_src comp="4112" pin="2"/><net_sink comp="4124" pin=0"/></net>

<net id="4129"><net_src comp="88" pin="0"/><net_sink comp="4124" pin=1"/></net>

<net id="4134"><net_src comp="4004" pin="3"/><net_sink comp="4130" pin=0"/></net>

<net id="4135"><net_src comp="4124" pin="2"/><net_sink comp="4130" pin=1"/></net>

<net id="4141"><net_src comp="4004" pin="3"/><net_sink comp="4136" pin=0"/></net>

<net id="4142"><net_src comp="90" pin="0"/><net_sink comp="4136" pin=1"/></net>

<net id="4143"><net_src comp="4072" pin="2"/><net_sink comp="4136" pin=2"/></net>

<net id="4149"><net_src comp="4118" pin="2"/><net_sink comp="4144" pin=0"/></net>

<net id="4150"><net_src comp="4136" pin="3"/><net_sink comp="4144" pin=1"/></net>

<net id="4151"><net_src comp="92" pin="0"/><net_sink comp="4144" pin=2"/></net>

<net id="4157"><net_src comp="4130" pin="2"/><net_sink comp="4152" pin=0"/></net>

<net id="4158"><net_src comp="4144" pin="3"/><net_sink comp="4152" pin=1"/></net>

<net id="4159"><net_src comp="4072" pin="2"/><net_sink comp="4152" pin=2"/></net>

<net id="4165"><net_src comp="3998" pin="2"/><net_sink comp="4160" pin=0"/></net>

<net id="4166"><net_src comp="4152" pin="3"/><net_sink comp="4160" pin=1"/></net>

<net id="4167"><net_src comp="90" pin="0"/><net_sink comp="4160" pin=2"/></net>

<net id="4172"><net_src comp="114" pin="2"/><net_sink comp="4168" pin=0"/></net>

<net id="4173"><net_src comp="64" pin="0"/><net_sink comp="4168" pin=1"/></net>

<net id="4179"><net_src comp="66" pin="0"/><net_sink comp="4174" pin=0"/></net>

<net id="4180"><net_src comp="114" pin="2"/><net_sink comp="4174" pin=1"/></net>

<net id="4181"><net_src comp="68" pin="0"/><net_sink comp="4174" pin=2"/></net>

<net id="4188"><net_src comp="70" pin="0"/><net_sink comp="4182" pin=0"/></net>

<net id="4189"><net_src comp="114" pin="2"/><net_sink comp="4182" pin=1"/></net>

<net id="4190"><net_src comp="72" pin="0"/><net_sink comp="4182" pin=2"/></net>

<net id="4191"><net_src comp="74" pin="0"/><net_sink comp="4182" pin=3"/></net>

<net id="4197"><net_src comp="66" pin="0"/><net_sink comp="4192" pin=0"/></net>

<net id="4198"><net_src comp="114" pin="2"/><net_sink comp="4192" pin=1"/></net>

<net id="4199"><net_src comp="76" pin="0"/><net_sink comp="4192" pin=2"/></net>

<net id="4203"><net_src comp="114" pin="2"/><net_sink comp="4200" pin=0"/></net>

<net id="4208"><net_src comp="4200" pin="1"/><net_sink comp="4204" pin=0"/></net>

<net id="4209"><net_src comp="78" pin="0"/><net_sink comp="4204" pin=1"/></net>

<net id="4215"><net_src comp="66" pin="0"/><net_sink comp="4210" pin=0"/></net>

<net id="4216"><net_src comp="114" pin="2"/><net_sink comp="4210" pin=1"/></net>

<net id="4217"><net_src comp="74" pin="0"/><net_sink comp="4210" pin=2"/></net>

<net id="4223"><net_src comp="66" pin="0"/><net_sink comp="4218" pin=0"/></net>

<net id="4224"><net_src comp="114" pin="2"/><net_sink comp="4218" pin=1"/></net>

<net id="4225"><net_src comp="72" pin="0"/><net_sink comp="4218" pin=2"/></net>

<net id="4230"><net_src comp="4218" pin="3"/><net_sink comp="4226" pin=0"/></net>

<net id="4231"><net_src comp="4204" pin="2"/><net_sink comp="4226" pin=1"/></net>

<net id="4236"><net_src comp="4226" pin="2"/><net_sink comp="4232" pin=0"/></net>

<net id="4237"><net_src comp="4192" pin="3"/><net_sink comp="4232" pin=1"/></net>

<net id="4241"><net_src comp="4232" pin="2"/><net_sink comp="4238" pin=0"/></net>

<net id="4246"><net_src comp="4182" pin="4"/><net_sink comp="4242" pin=0"/></net>

<net id="4247"><net_src comp="4238" pin="1"/><net_sink comp="4242" pin=1"/></net>

<net id="4253"><net_src comp="80" pin="0"/><net_sink comp="4248" pin=0"/></net>

<net id="4254"><net_src comp="114" pin="2"/><net_sink comp="4248" pin=1"/></net>

<net id="4255"><net_src comp="82" pin="0"/><net_sink comp="4248" pin=2"/></net>

<net id="4260"><net_src comp="4248" pin="3"/><net_sink comp="4256" pin=0"/></net>

<net id="4261"><net_src comp="84" pin="0"/><net_sink comp="4256" pin=1"/></net>

<net id="4267"><net_src comp="86" pin="0"/><net_sink comp="4262" pin=0"/></net>

<net id="4268"><net_src comp="4242" pin="2"/><net_sink comp="4262" pin=1"/></net>

<net id="4269"><net_src comp="72" pin="0"/><net_sink comp="4262" pin=2"/></net>

<net id="4274"><net_src comp="4210" pin="3"/><net_sink comp="4270" pin=0"/></net>

<net id="4275"><net_src comp="88" pin="0"/><net_sink comp="4270" pin=1"/></net>

<net id="4280"><net_src comp="4262" pin="3"/><net_sink comp="4276" pin=0"/></net>

<net id="4281"><net_src comp="4270" pin="2"/><net_sink comp="4276" pin=1"/></net>

<net id="4286"><net_src comp="4256" pin="2"/><net_sink comp="4282" pin=0"/></net>

<net id="4287"><net_src comp="4276" pin="2"/><net_sink comp="4282" pin=1"/></net>

<net id="4292"><net_src comp="4282" pin="2"/><net_sink comp="4288" pin=0"/></net>

<net id="4293"><net_src comp="4174" pin="3"/><net_sink comp="4288" pin=1"/></net>

<net id="4298"><net_src comp="4282" pin="2"/><net_sink comp="4294" pin=0"/></net>

<net id="4299"><net_src comp="88" pin="0"/><net_sink comp="4294" pin=1"/></net>

<net id="4304"><net_src comp="4174" pin="3"/><net_sink comp="4300" pin=0"/></net>

<net id="4305"><net_src comp="4294" pin="2"/><net_sink comp="4300" pin=1"/></net>

<net id="4311"><net_src comp="4174" pin="3"/><net_sink comp="4306" pin=0"/></net>

<net id="4312"><net_src comp="90" pin="0"/><net_sink comp="4306" pin=1"/></net>

<net id="4313"><net_src comp="4242" pin="2"/><net_sink comp="4306" pin=2"/></net>

<net id="4319"><net_src comp="4288" pin="2"/><net_sink comp="4314" pin=0"/></net>

<net id="4320"><net_src comp="4306" pin="3"/><net_sink comp="4314" pin=1"/></net>

<net id="4321"><net_src comp="92" pin="0"/><net_sink comp="4314" pin=2"/></net>

<net id="4327"><net_src comp="4300" pin="2"/><net_sink comp="4322" pin=0"/></net>

<net id="4328"><net_src comp="4314" pin="3"/><net_sink comp="4322" pin=1"/></net>

<net id="4329"><net_src comp="4242" pin="2"/><net_sink comp="4322" pin=2"/></net>

<net id="4335"><net_src comp="4168" pin="2"/><net_sink comp="4330" pin=0"/></net>

<net id="4336"><net_src comp="4322" pin="3"/><net_sink comp="4330" pin=1"/></net>

<net id="4337"><net_src comp="90" pin="0"/><net_sink comp="4330" pin=2"/></net>

<net id="4342"><net_src comp="108" pin="2"/><net_sink comp="4338" pin=0"/></net>

<net id="4343"><net_src comp="64" pin="0"/><net_sink comp="4338" pin=1"/></net>

<net id="4349"><net_src comp="66" pin="0"/><net_sink comp="4344" pin=0"/></net>

<net id="4350"><net_src comp="108" pin="2"/><net_sink comp="4344" pin=1"/></net>

<net id="4351"><net_src comp="68" pin="0"/><net_sink comp="4344" pin=2"/></net>

<net id="4358"><net_src comp="70" pin="0"/><net_sink comp="4352" pin=0"/></net>

<net id="4359"><net_src comp="108" pin="2"/><net_sink comp="4352" pin=1"/></net>

<net id="4360"><net_src comp="72" pin="0"/><net_sink comp="4352" pin=2"/></net>

<net id="4361"><net_src comp="74" pin="0"/><net_sink comp="4352" pin=3"/></net>

<net id="4367"><net_src comp="66" pin="0"/><net_sink comp="4362" pin=0"/></net>

<net id="4368"><net_src comp="108" pin="2"/><net_sink comp="4362" pin=1"/></net>

<net id="4369"><net_src comp="76" pin="0"/><net_sink comp="4362" pin=2"/></net>

<net id="4373"><net_src comp="108" pin="2"/><net_sink comp="4370" pin=0"/></net>

<net id="4378"><net_src comp="4370" pin="1"/><net_sink comp="4374" pin=0"/></net>

<net id="4379"><net_src comp="78" pin="0"/><net_sink comp="4374" pin=1"/></net>

<net id="4385"><net_src comp="66" pin="0"/><net_sink comp="4380" pin=0"/></net>

<net id="4386"><net_src comp="108" pin="2"/><net_sink comp="4380" pin=1"/></net>

<net id="4387"><net_src comp="74" pin="0"/><net_sink comp="4380" pin=2"/></net>

<net id="4393"><net_src comp="66" pin="0"/><net_sink comp="4388" pin=0"/></net>

<net id="4394"><net_src comp="108" pin="2"/><net_sink comp="4388" pin=1"/></net>

<net id="4395"><net_src comp="72" pin="0"/><net_sink comp="4388" pin=2"/></net>

<net id="4400"><net_src comp="4388" pin="3"/><net_sink comp="4396" pin=0"/></net>

<net id="4401"><net_src comp="4374" pin="2"/><net_sink comp="4396" pin=1"/></net>

<net id="4406"><net_src comp="4396" pin="2"/><net_sink comp="4402" pin=0"/></net>

<net id="4407"><net_src comp="4362" pin="3"/><net_sink comp="4402" pin=1"/></net>

<net id="4411"><net_src comp="4402" pin="2"/><net_sink comp="4408" pin=0"/></net>

<net id="4416"><net_src comp="4352" pin="4"/><net_sink comp="4412" pin=0"/></net>

<net id="4417"><net_src comp="4408" pin="1"/><net_sink comp="4412" pin=1"/></net>

<net id="4423"><net_src comp="80" pin="0"/><net_sink comp="4418" pin=0"/></net>

<net id="4424"><net_src comp="108" pin="2"/><net_sink comp="4418" pin=1"/></net>

<net id="4425"><net_src comp="82" pin="0"/><net_sink comp="4418" pin=2"/></net>

<net id="4430"><net_src comp="4418" pin="3"/><net_sink comp="4426" pin=0"/></net>

<net id="4431"><net_src comp="84" pin="0"/><net_sink comp="4426" pin=1"/></net>

<net id="4437"><net_src comp="86" pin="0"/><net_sink comp="4432" pin=0"/></net>

<net id="4438"><net_src comp="4412" pin="2"/><net_sink comp="4432" pin=1"/></net>

<net id="4439"><net_src comp="72" pin="0"/><net_sink comp="4432" pin=2"/></net>

<net id="4444"><net_src comp="4380" pin="3"/><net_sink comp="4440" pin=0"/></net>

<net id="4445"><net_src comp="88" pin="0"/><net_sink comp="4440" pin=1"/></net>

<net id="4450"><net_src comp="4432" pin="3"/><net_sink comp="4446" pin=0"/></net>

<net id="4451"><net_src comp="4440" pin="2"/><net_sink comp="4446" pin=1"/></net>

<net id="4456"><net_src comp="4426" pin="2"/><net_sink comp="4452" pin=0"/></net>

<net id="4457"><net_src comp="4446" pin="2"/><net_sink comp="4452" pin=1"/></net>

<net id="4462"><net_src comp="4452" pin="2"/><net_sink comp="4458" pin=0"/></net>

<net id="4463"><net_src comp="4344" pin="3"/><net_sink comp="4458" pin=1"/></net>

<net id="4468"><net_src comp="4452" pin="2"/><net_sink comp="4464" pin=0"/></net>

<net id="4469"><net_src comp="88" pin="0"/><net_sink comp="4464" pin=1"/></net>

<net id="4474"><net_src comp="4344" pin="3"/><net_sink comp="4470" pin=0"/></net>

<net id="4475"><net_src comp="4464" pin="2"/><net_sink comp="4470" pin=1"/></net>

<net id="4481"><net_src comp="4344" pin="3"/><net_sink comp="4476" pin=0"/></net>

<net id="4482"><net_src comp="90" pin="0"/><net_sink comp="4476" pin=1"/></net>

<net id="4483"><net_src comp="4412" pin="2"/><net_sink comp="4476" pin=2"/></net>

<net id="4489"><net_src comp="4458" pin="2"/><net_sink comp="4484" pin=0"/></net>

<net id="4490"><net_src comp="4476" pin="3"/><net_sink comp="4484" pin=1"/></net>

<net id="4491"><net_src comp="92" pin="0"/><net_sink comp="4484" pin=2"/></net>

<net id="4497"><net_src comp="4470" pin="2"/><net_sink comp="4492" pin=0"/></net>

<net id="4498"><net_src comp="4484" pin="3"/><net_sink comp="4492" pin=1"/></net>

<net id="4499"><net_src comp="4412" pin="2"/><net_sink comp="4492" pin=2"/></net>

<net id="4505"><net_src comp="4338" pin="2"/><net_sink comp="4500" pin=0"/></net>

<net id="4506"><net_src comp="4492" pin="3"/><net_sink comp="4500" pin=1"/></net>

<net id="4507"><net_src comp="90" pin="0"/><net_sink comp="4500" pin=2"/></net>

<net id="4512"><net_src comp="102" pin="2"/><net_sink comp="4508" pin=0"/></net>

<net id="4513"><net_src comp="64" pin="0"/><net_sink comp="4508" pin=1"/></net>

<net id="4519"><net_src comp="66" pin="0"/><net_sink comp="4514" pin=0"/></net>

<net id="4520"><net_src comp="102" pin="2"/><net_sink comp="4514" pin=1"/></net>

<net id="4521"><net_src comp="68" pin="0"/><net_sink comp="4514" pin=2"/></net>

<net id="4528"><net_src comp="70" pin="0"/><net_sink comp="4522" pin=0"/></net>

<net id="4529"><net_src comp="102" pin="2"/><net_sink comp="4522" pin=1"/></net>

<net id="4530"><net_src comp="72" pin="0"/><net_sink comp="4522" pin=2"/></net>

<net id="4531"><net_src comp="74" pin="0"/><net_sink comp="4522" pin=3"/></net>

<net id="4537"><net_src comp="66" pin="0"/><net_sink comp="4532" pin=0"/></net>

<net id="4538"><net_src comp="102" pin="2"/><net_sink comp="4532" pin=1"/></net>

<net id="4539"><net_src comp="76" pin="0"/><net_sink comp="4532" pin=2"/></net>

<net id="4543"><net_src comp="102" pin="2"/><net_sink comp="4540" pin=0"/></net>

<net id="4548"><net_src comp="4540" pin="1"/><net_sink comp="4544" pin=0"/></net>

<net id="4549"><net_src comp="78" pin="0"/><net_sink comp="4544" pin=1"/></net>

<net id="4555"><net_src comp="66" pin="0"/><net_sink comp="4550" pin=0"/></net>

<net id="4556"><net_src comp="102" pin="2"/><net_sink comp="4550" pin=1"/></net>

<net id="4557"><net_src comp="74" pin="0"/><net_sink comp="4550" pin=2"/></net>

<net id="4563"><net_src comp="66" pin="0"/><net_sink comp="4558" pin=0"/></net>

<net id="4564"><net_src comp="102" pin="2"/><net_sink comp="4558" pin=1"/></net>

<net id="4565"><net_src comp="72" pin="0"/><net_sink comp="4558" pin=2"/></net>

<net id="4570"><net_src comp="4558" pin="3"/><net_sink comp="4566" pin=0"/></net>

<net id="4571"><net_src comp="4544" pin="2"/><net_sink comp="4566" pin=1"/></net>

<net id="4576"><net_src comp="4566" pin="2"/><net_sink comp="4572" pin=0"/></net>

<net id="4577"><net_src comp="4532" pin="3"/><net_sink comp="4572" pin=1"/></net>

<net id="4581"><net_src comp="4572" pin="2"/><net_sink comp="4578" pin=0"/></net>

<net id="4586"><net_src comp="4522" pin="4"/><net_sink comp="4582" pin=0"/></net>

<net id="4587"><net_src comp="4578" pin="1"/><net_sink comp="4582" pin=1"/></net>

<net id="4593"><net_src comp="80" pin="0"/><net_sink comp="4588" pin=0"/></net>

<net id="4594"><net_src comp="102" pin="2"/><net_sink comp="4588" pin=1"/></net>

<net id="4595"><net_src comp="82" pin="0"/><net_sink comp="4588" pin=2"/></net>

<net id="4600"><net_src comp="4588" pin="3"/><net_sink comp="4596" pin=0"/></net>

<net id="4601"><net_src comp="84" pin="0"/><net_sink comp="4596" pin=1"/></net>

<net id="4607"><net_src comp="86" pin="0"/><net_sink comp="4602" pin=0"/></net>

<net id="4608"><net_src comp="4582" pin="2"/><net_sink comp="4602" pin=1"/></net>

<net id="4609"><net_src comp="72" pin="0"/><net_sink comp="4602" pin=2"/></net>

<net id="4614"><net_src comp="4550" pin="3"/><net_sink comp="4610" pin=0"/></net>

<net id="4615"><net_src comp="88" pin="0"/><net_sink comp="4610" pin=1"/></net>

<net id="4620"><net_src comp="4602" pin="3"/><net_sink comp="4616" pin=0"/></net>

<net id="4621"><net_src comp="4610" pin="2"/><net_sink comp="4616" pin=1"/></net>

<net id="4626"><net_src comp="4596" pin="2"/><net_sink comp="4622" pin=0"/></net>

<net id="4627"><net_src comp="4616" pin="2"/><net_sink comp="4622" pin=1"/></net>

<net id="4632"><net_src comp="4622" pin="2"/><net_sink comp="4628" pin=0"/></net>

<net id="4633"><net_src comp="4514" pin="3"/><net_sink comp="4628" pin=1"/></net>

<net id="4638"><net_src comp="4622" pin="2"/><net_sink comp="4634" pin=0"/></net>

<net id="4639"><net_src comp="88" pin="0"/><net_sink comp="4634" pin=1"/></net>

<net id="4644"><net_src comp="4514" pin="3"/><net_sink comp="4640" pin=0"/></net>

<net id="4645"><net_src comp="4634" pin="2"/><net_sink comp="4640" pin=1"/></net>

<net id="4651"><net_src comp="4514" pin="3"/><net_sink comp="4646" pin=0"/></net>

<net id="4652"><net_src comp="90" pin="0"/><net_sink comp="4646" pin=1"/></net>

<net id="4653"><net_src comp="4582" pin="2"/><net_sink comp="4646" pin=2"/></net>

<net id="4659"><net_src comp="4628" pin="2"/><net_sink comp="4654" pin=0"/></net>

<net id="4660"><net_src comp="4646" pin="3"/><net_sink comp="4654" pin=1"/></net>

<net id="4661"><net_src comp="92" pin="0"/><net_sink comp="4654" pin=2"/></net>

<net id="4667"><net_src comp="4640" pin="2"/><net_sink comp="4662" pin=0"/></net>

<net id="4668"><net_src comp="4654" pin="3"/><net_sink comp="4662" pin=1"/></net>

<net id="4669"><net_src comp="4582" pin="2"/><net_sink comp="4662" pin=2"/></net>

<net id="4675"><net_src comp="4508" pin="2"/><net_sink comp="4670" pin=0"/></net>

<net id="4676"><net_src comp="4662" pin="3"/><net_sink comp="4670" pin=1"/></net>

<net id="4677"><net_src comp="90" pin="0"/><net_sink comp="4670" pin=2"/></net>

<net id="4682"><net_src comp="96" pin="2"/><net_sink comp="4678" pin=0"/></net>

<net id="4683"><net_src comp="64" pin="0"/><net_sink comp="4678" pin=1"/></net>

<net id="4689"><net_src comp="66" pin="0"/><net_sink comp="4684" pin=0"/></net>

<net id="4690"><net_src comp="96" pin="2"/><net_sink comp="4684" pin=1"/></net>

<net id="4691"><net_src comp="68" pin="0"/><net_sink comp="4684" pin=2"/></net>

<net id="4698"><net_src comp="70" pin="0"/><net_sink comp="4692" pin=0"/></net>

<net id="4699"><net_src comp="96" pin="2"/><net_sink comp="4692" pin=1"/></net>

<net id="4700"><net_src comp="72" pin="0"/><net_sink comp="4692" pin=2"/></net>

<net id="4701"><net_src comp="74" pin="0"/><net_sink comp="4692" pin=3"/></net>

<net id="4707"><net_src comp="66" pin="0"/><net_sink comp="4702" pin=0"/></net>

<net id="4708"><net_src comp="96" pin="2"/><net_sink comp="4702" pin=1"/></net>

<net id="4709"><net_src comp="76" pin="0"/><net_sink comp="4702" pin=2"/></net>

<net id="4713"><net_src comp="96" pin="2"/><net_sink comp="4710" pin=0"/></net>

<net id="4718"><net_src comp="4710" pin="1"/><net_sink comp="4714" pin=0"/></net>

<net id="4719"><net_src comp="78" pin="0"/><net_sink comp="4714" pin=1"/></net>

<net id="4725"><net_src comp="66" pin="0"/><net_sink comp="4720" pin=0"/></net>

<net id="4726"><net_src comp="96" pin="2"/><net_sink comp="4720" pin=1"/></net>

<net id="4727"><net_src comp="74" pin="0"/><net_sink comp="4720" pin=2"/></net>

<net id="4733"><net_src comp="66" pin="0"/><net_sink comp="4728" pin=0"/></net>

<net id="4734"><net_src comp="96" pin="2"/><net_sink comp="4728" pin=1"/></net>

<net id="4735"><net_src comp="72" pin="0"/><net_sink comp="4728" pin=2"/></net>

<net id="4740"><net_src comp="4728" pin="3"/><net_sink comp="4736" pin=0"/></net>

<net id="4741"><net_src comp="4714" pin="2"/><net_sink comp="4736" pin=1"/></net>

<net id="4746"><net_src comp="4736" pin="2"/><net_sink comp="4742" pin=0"/></net>

<net id="4747"><net_src comp="4702" pin="3"/><net_sink comp="4742" pin=1"/></net>

<net id="4751"><net_src comp="4742" pin="2"/><net_sink comp="4748" pin=0"/></net>

<net id="4756"><net_src comp="4692" pin="4"/><net_sink comp="4752" pin=0"/></net>

<net id="4757"><net_src comp="4748" pin="1"/><net_sink comp="4752" pin=1"/></net>

<net id="4763"><net_src comp="80" pin="0"/><net_sink comp="4758" pin=0"/></net>

<net id="4764"><net_src comp="96" pin="2"/><net_sink comp="4758" pin=1"/></net>

<net id="4765"><net_src comp="82" pin="0"/><net_sink comp="4758" pin=2"/></net>

<net id="4770"><net_src comp="4758" pin="3"/><net_sink comp="4766" pin=0"/></net>

<net id="4771"><net_src comp="84" pin="0"/><net_sink comp="4766" pin=1"/></net>

<net id="4777"><net_src comp="86" pin="0"/><net_sink comp="4772" pin=0"/></net>

<net id="4778"><net_src comp="4752" pin="2"/><net_sink comp="4772" pin=1"/></net>

<net id="4779"><net_src comp="72" pin="0"/><net_sink comp="4772" pin=2"/></net>

<net id="4784"><net_src comp="4720" pin="3"/><net_sink comp="4780" pin=0"/></net>

<net id="4785"><net_src comp="88" pin="0"/><net_sink comp="4780" pin=1"/></net>

<net id="4790"><net_src comp="4772" pin="3"/><net_sink comp="4786" pin=0"/></net>

<net id="4791"><net_src comp="4780" pin="2"/><net_sink comp="4786" pin=1"/></net>

<net id="4796"><net_src comp="4766" pin="2"/><net_sink comp="4792" pin=0"/></net>

<net id="4797"><net_src comp="4786" pin="2"/><net_sink comp="4792" pin=1"/></net>

<net id="4802"><net_src comp="4792" pin="2"/><net_sink comp="4798" pin=0"/></net>

<net id="4803"><net_src comp="4684" pin="3"/><net_sink comp="4798" pin=1"/></net>

<net id="4808"><net_src comp="4792" pin="2"/><net_sink comp="4804" pin=0"/></net>

<net id="4809"><net_src comp="88" pin="0"/><net_sink comp="4804" pin=1"/></net>

<net id="4814"><net_src comp="4684" pin="3"/><net_sink comp="4810" pin=0"/></net>

<net id="4815"><net_src comp="4804" pin="2"/><net_sink comp="4810" pin=1"/></net>

<net id="4821"><net_src comp="4684" pin="3"/><net_sink comp="4816" pin=0"/></net>

<net id="4822"><net_src comp="90" pin="0"/><net_sink comp="4816" pin=1"/></net>

<net id="4823"><net_src comp="4752" pin="2"/><net_sink comp="4816" pin=2"/></net>

<net id="4829"><net_src comp="4798" pin="2"/><net_sink comp="4824" pin=0"/></net>

<net id="4830"><net_src comp="4816" pin="3"/><net_sink comp="4824" pin=1"/></net>

<net id="4831"><net_src comp="92" pin="0"/><net_sink comp="4824" pin=2"/></net>

<net id="4837"><net_src comp="4810" pin="2"/><net_sink comp="4832" pin=0"/></net>

<net id="4838"><net_src comp="4824" pin="3"/><net_sink comp="4832" pin=1"/></net>

<net id="4839"><net_src comp="4752" pin="2"/><net_sink comp="4832" pin=2"/></net>

<net id="4845"><net_src comp="4678" pin="2"/><net_sink comp="4840" pin=0"/></net>

<net id="4846"><net_src comp="4832" pin="3"/><net_sink comp="4840" pin=1"/></net>

<net id="4847"><net_src comp="90" pin="0"/><net_sink comp="4840" pin=2"/></net>

<net id="4852"><net_src comp="94" pin="0"/><net_sink comp="4848" pin=0"/></net>

<net id="4853"><net_src comp="420" pin="3"/><net_sink comp="4848" pin=1"/></net>

<net id="4858"><net_src comp="4848" pin="2"/><net_sink comp="4854" pin=0"/></net>

<net id="4859"><net_src comp="590" pin="3"/><net_sink comp="4854" pin=1"/></net>

<net id="4864"><net_src comp="4854" pin="2"/><net_sink comp="4860" pin=0"/></net>

<net id="4865"><net_src comp="760" pin="3"/><net_sink comp="4860" pin=1"/></net>

<net id="4870"><net_src comp="4860" pin="2"/><net_sink comp="4866" pin=0"/></net>

<net id="4871"><net_src comp="930" pin="3"/><net_sink comp="4866" pin=1"/></net>

<net id="4876"><net_src comp="4866" pin="2"/><net_sink comp="4872" pin=0"/></net>

<net id="4877"><net_src comp="1100" pin="3"/><net_sink comp="4872" pin=1"/></net>

<net id="4882"><net_src comp="4872" pin="2"/><net_sink comp="4878" pin=0"/></net>

<net id="4883"><net_src comp="1270" pin="3"/><net_sink comp="4878" pin=1"/></net>

<net id="4888"><net_src comp="4878" pin="2"/><net_sink comp="4884" pin=0"/></net>

<net id="4889"><net_src comp="1440" pin="3"/><net_sink comp="4884" pin=1"/></net>

<net id="4894"><net_src comp="4884" pin="2"/><net_sink comp="4890" pin=0"/></net>

<net id="4895"><net_src comp="1610" pin="3"/><net_sink comp="4890" pin=1"/></net>

<net id="4900"><net_src comp="4890" pin="2"/><net_sink comp="4896" pin=0"/></net>

<net id="4901"><net_src comp="1780" pin="3"/><net_sink comp="4896" pin=1"/></net>

<net id="4906"><net_src comp="4896" pin="2"/><net_sink comp="4902" pin=0"/></net>

<net id="4907"><net_src comp="1950" pin="3"/><net_sink comp="4902" pin=1"/></net>

<net id="4912"><net_src comp="4902" pin="2"/><net_sink comp="4908" pin=0"/></net>

<net id="4913"><net_src comp="2120" pin="3"/><net_sink comp="4908" pin=1"/></net>

<net id="4918"><net_src comp="4908" pin="2"/><net_sink comp="4914" pin=0"/></net>

<net id="4919"><net_src comp="2290" pin="3"/><net_sink comp="4914" pin=1"/></net>

<net id="4924"><net_src comp="4914" pin="2"/><net_sink comp="4920" pin=0"/></net>

<net id="4925"><net_src comp="2460" pin="3"/><net_sink comp="4920" pin=1"/></net>

<net id="4930"><net_src comp="4920" pin="2"/><net_sink comp="4926" pin=0"/></net>

<net id="4931"><net_src comp="2630" pin="3"/><net_sink comp="4926" pin=1"/></net>

<net id="4936"><net_src comp="4926" pin="2"/><net_sink comp="4932" pin=0"/></net>

<net id="4937"><net_src comp="2800" pin="3"/><net_sink comp="4932" pin=1"/></net>

<net id="4942"><net_src comp="4932" pin="2"/><net_sink comp="4938" pin=0"/></net>

<net id="4943"><net_src comp="2970" pin="3"/><net_sink comp="4938" pin=1"/></net>

<net id="4948"><net_src comp="4938" pin="2"/><net_sink comp="4944" pin=0"/></net>

<net id="4949"><net_src comp="3140" pin="3"/><net_sink comp="4944" pin=1"/></net>

<net id="4954"><net_src comp="4944" pin="2"/><net_sink comp="4950" pin=0"/></net>

<net id="4955"><net_src comp="3310" pin="3"/><net_sink comp="4950" pin=1"/></net>

<net id="4960"><net_src comp="4950" pin="2"/><net_sink comp="4956" pin=0"/></net>

<net id="4961"><net_src comp="3480" pin="3"/><net_sink comp="4956" pin=1"/></net>

<net id="4966"><net_src comp="4956" pin="2"/><net_sink comp="4962" pin=0"/></net>

<net id="4967"><net_src comp="3650" pin="3"/><net_sink comp="4962" pin=1"/></net>

<net id="4972"><net_src comp="4962" pin="2"/><net_sink comp="4968" pin=0"/></net>

<net id="4973"><net_src comp="3820" pin="3"/><net_sink comp="4968" pin=1"/></net>

<net id="4978"><net_src comp="4968" pin="2"/><net_sink comp="4974" pin=0"/></net>

<net id="4979"><net_src comp="3990" pin="3"/><net_sink comp="4974" pin=1"/></net>

<net id="4984"><net_src comp="4974" pin="2"/><net_sink comp="4980" pin=0"/></net>

<net id="4985"><net_src comp="4160" pin="3"/><net_sink comp="4980" pin=1"/></net>

<net id="4990"><net_src comp="4980" pin="2"/><net_sink comp="4986" pin=0"/></net>

<net id="4991"><net_src comp="4330" pin="3"/><net_sink comp="4986" pin=1"/></net>

<net id="4996"><net_src comp="4986" pin="2"/><net_sink comp="4992" pin=0"/></net>

<net id="4997"><net_src comp="4500" pin="3"/><net_sink comp="4992" pin=1"/></net>

<net id="5002"><net_src comp="4992" pin="2"/><net_sink comp="4998" pin=0"/></net>

<net id="5003"><net_src comp="4670" pin="3"/><net_sink comp="4998" pin=1"/></net>

<net id="5008"><net_src comp="4998" pin="2"/><net_sink comp="5004" pin=0"/></net>

<net id="5009"><net_src comp="4840" pin="3"/><net_sink comp="5004" pin=1"/></net>

</net_list>

</model> 
---------------- Datapath Model END ------------------

* FSMD analyzer results:
  - Output states:
 - Input state : 
	Port: relu<ap_fixed<18, 7, 5, 3, 0>, ap_ufixed<6, 0, 4, 0, 0>, relu_config10> : layer8_out_0_val | {1 }
	Port: relu<ap_fixed<18, 7, 5, 3, 0>, ap_ufixed<6, 0, 4, 0, 0>, relu_config10> : layer8_out_1_val | {1 }
	Port: relu<ap_fixed<18, 7, 5, 3, 0>, ap_ufixed<6, 0, 4, 0, 0>, relu_config10> : layer8_out_3_val | {1 }
	Port: relu<ap_fixed<18, 7, 5, 3, 0>, ap_ufixed<6, 0, 4, 0, 0>, relu_config10> : layer8_out_4_val | {1 }
	Port: relu<ap_fixed<18, 7, 5, 3, 0>, ap_ufixed<6, 0, 4, 0, 0>, relu_config10> : layer8_out_5_val | {1 }
	Port: relu<ap_fixed<18, 7, 5, 3, 0>, ap_ufixed<6, 0, 4, 0, 0>, relu_config10> : layer8_out_6_val | {1 }
	Port: relu<ap_fixed<18, 7, 5, 3, 0>, ap_ufixed<6, 0, 4, 0, 0>, relu_config10> : layer8_out_7_val | {1 }
	Port: relu<ap_fixed<18, 7, 5, 3, 0>, ap_ufixed<6, 0, 4, 0, 0>, relu_config10> : layer8_out_9_val | {1 }
	Port: relu<ap_fixed<18, 7, 5, 3, 0>, ap_ufixed<6, 0, 4, 0, 0>, relu_config10> : layer8_out_11_val | {1 }
	Port: relu<ap_fixed<18, 7, 5, 3, 0>, ap_ufixed<6, 0, 4, 0, 0>, relu_config10> : layer8_out_12_val | {1 }
	Port: relu<ap_fixed<18, 7, 5, 3, 0>, ap_ufixed<6, 0, 4, 0, 0>, relu_config10> : layer8_out_13_val | {1 }
	Port: relu<ap_fixed<18, 7, 5, 3, 0>, ap_ufixed<6, 0, 4, 0, 0>, relu_config10> : layer8_out_14_val | {1 }
	Port: relu<ap_fixed<18, 7, 5, 3, 0>, ap_ufixed<6, 0, 4, 0, 0>, relu_config10> : layer8_out_15_val | {1 }
	Port: relu<ap_fixed<18, 7, 5, 3, 0>, ap_ufixed<6, 0, 4, 0, 0>, relu_config10> : layer8_out_17_val | {1 }
	Port: relu<ap_fixed<18, 7, 5, 3, 0>, ap_ufixed<6, 0, 4, 0, 0>, relu_config10> : layer8_out_18_val | {1 }
	Port: relu<ap_fixed<18, 7, 5, 3, 0>, ap_ufixed<6, 0, 4, 0, 0>, relu_config10> : layer8_out_19_val | {1 }
	Port: relu<ap_fixed<18, 7, 5, 3, 0>, ap_ufixed<6, 0, 4, 0, 0>, relu_config10> : layer8_out_20_val | {1 }
	Port: relu<ap_fixed<18, 7, 5, 3, 0>, ap_ufixed<6, 0, 4, 0, 0>, relu_config10> : layer8_out_21_val | {1 }
	Port: relu<ap_fixed<18, 7, 5, 3, 0>, ap_ufixed<6, 0, 4, 0, 0>, relu_config10> : layer8_out_22_val | {1 }
	Port: relu<ap_fixed<18, 7, 5, 3, 0>, ap_ufixed<6, 0, 4, 0, 0>, relu_config10> : layer8_out_23_val | {1 }
	Port: relu<ap_fixed<18, 7, 5, 3, 0>, ap_ufixed<6, 0, 4, 0, 0>, relu_config10> : layer8_out_24_val | {1 }
	Port: relu<ap_fixed<18, 7, 5, 3, 0>, ap_ufixed<6, 0, 4, 0, 0>, relu_config10> : layer8_out_25_val | {1 }
	Port: relu<ap_fixed<18, 7, 5, 3, 0>, ap_ufixed<6, 0, 4, 0, 0>, relu_config10> : layer8_out_26_val | {1 }
	Port: relu<ap_fixed<18, 7, 5, 3, 0>, ap_ufixed<6, 0, 4, 0, 0>, relu_config10> : layer8_out_27_val | {1 }
	Port: relu<ap_fixed<18, 7, 5, 3, 0>, ap_ufixed<6, 0, 4, 0, 0>, relu_config10> : layer8_out_28_val | {1 }
	Port: relu<ap_fixed<18, 7, 5, 3, 0>, ap_ufixed<6, 0, 4, 0, 0>, relu_config10> : layer8_out_29_val | {1 }
	Port: relu<ap_fixed<18, 7, 5, 3, 0>, ap_ufixed<6, 0, 4, 0, 0>, relu_config10> : layer8_out_31_val | {1 }
  - Chain level:
	State 1
		icmp_ln46 : 1
		or_ln46 : 2
		and_ln46 : 2
		zext_ln46 : 2
		add_ln46 : 3
		icmp_ln46_187 : 1
		tmp_571 : 4
		not_tmp_656 : 1
		and_ln46_187 : 5
		empty : 5
		or_ln46_281 : 5
		xor_ln46 : 5
		or_ln46_282 : 5
		select_ln46 : 4
		select_ln46_281 : 5
		select_ln46_282 : 5
		layer10_out_0_0 : 6
		icmp_ln46_188 : 1
		or_ln46_283 : 2
		and_ln46_184 : 2
		zext_ln46_93 : 2
		add_ln46_93 : 3
		icmp_ln46_189 : 1
		tmp_576 : 4
		not_tmp_663 : 1
		and_ln46_189 : 5
		empty_107 : 5
		or_ln46_284 : 5
		xor_ln46_93 : 5
		or_ln46_285 : 5
		select_ln46_283 : 4
		select_ln46_284 : 5
		select_ln46_285 : 5
		layer10_out_1_0 : 6
		icmp_ln46_190 : 1
		or_ln46_286 : 2
		and_ln46_185 : 2
		zext_ln46_94 : 2
		add_ln46_94 : 3
		icmp_ln46_191 : 1
		tmp_582 : 4
		not_tmp_670 : 1
		and_ln46_191 : 5
		empty_108 : 5
		or_ln46_287 : 5
		xor_ln46_94 : 5
		or_ln46_288 : 5
		select_ln46_286 : 4
		select_ln46_287 : 5
		select_ln46_288 : 5
		layer10_out_3_0 : 6
		icmp_ln46_192 : 1
		or_ln46_289 : 2
		and_ln46_186 : 2
		zext_ln46_95 : 2
		add_ln46_95 : 3
		icmp_ln46_193 : 1
		tmp_588 : 4
		not_tmp_677 : 1
		and_ln46_193 : 5
		empty_109 : 5
		or_ln46_290 : 5
		xor_ln46_95 : 5
		or_ln46_291 : 5
		select_ln46_289 : 4
		select_ln46_290 : 5
		select_ln46_291 : 5
		layer10_out_4_0 : 6
		icmp_ln46_194 : 1
		or_ln46_292 : 2
		and_ln46_188 : 2
		zext_ln46_96 : 2
		add_ln46_96 : 3
		icmp_ln46_195 : 1
		tmp_594 : 4
		not_tmp_684 : 1
		and_ln46_195 : 5
		empty_110 : 5
		or_ln46_293 : 5
		xor_ln46_96 : 5
		or_ln46_294 : 5
		select_ln46_292 : 4
		select_ln46_293 : 5
		select_ln46_294 : 5
		layer10_out_5_0 : 6
		icmp_ln46_196 : 1
		or_ln46_295 : 2
		and_ln46_190 : 2
		zext_ln46_97 : 2
		add_ln46_97 : 3
		icmp_ln46_197 : 1
		tmp_600 : 4
		not_tmp_691 : 1
		and_ln46_197 : 5
		empty_111 : 5
		or_ln46_296 : 5
		xor_ln46_97 : 5
		or_ln46_297 : 5
		select_ln46_295 : 4
		select_ln46_296 : 5
		select_ln46_297 : 5
		layer10_out_6_0 : 6
		icmp_ln46_198 : 1
		or_ln46_298 : 2
		and_ln46_192 : 2
		zext_ln46_98 : 2
		add_ln46_98 : 3
		icmp_ln46_199 : 1
		tmp_606 : 4
		not_tmp_698 : 1
		and_ln46_199 : 5
		empty_112 : 5
		or_ln46_299 : 5
		xor_ln46_98 : 5
		or_ln46_300 : 5
		select_ln46_298 : 4
		select_ln46_299 : 5
		select_ln46_300 : 5
		layer10_out_7_0 : 6
		icmp_ln46_200 : 1
		or_ln46_301 : 2
		and_ln46_194 : 2
		zext_ln46_99 : 2
		add_ln46_99 : 3
		icmp_ln46_201 : 1
		tmp_612 : 4
		not_tmp_705 : 1
		and_ln46_201 : 5
		empty_113 : 5
		or_ln46_302 : 5
		xor_ln46_99 : 5
		or_ln46_303 : 5
		select_ln46_301 : 4
		select_ln46_302 : 5
		select_ln46_303 : 5
		layer10_out_9_0 : 6
		icmp_ln46_202 : 1
		or_ln46_304 : 2
		and_ln46_196 : 2
		zext_ln46_100 : 2
		add_ln46_100 : 3
		icmp_ln46_203 : 1
		tmp_618 : 4
		not_tmp_712 : 1
		and_ln46_203 : 5
		empty_114 : 5
		or_ln46_305 : 5
		xor_ln46_100 : 5
		or_ln46_306 : 5
		select_ln46_304 : 4
		select_ln46_305 : 5
		select_ln46_306 : 5
		layer10_out_11_0 : 6
		icmp_ln46_204 : 1
		or_ln46_307 : 2
		and_ln46_198 : 2
		zext_ln46_101 : 2
		add_ln46_101 : 3
		icmp_ln46_205 : 1
		tmp_624 : 4
		not_tmp_719 : 1
		and_ln46_205 : 5
		empty_115 : 5
		or_ln46_308 : 5
		xor_ln46_101 : 5
		or_ln46_309 : 5
		select_ln46_307 : 4
		select_ln46_308 : 5
		select_ln46_309 : 5
		layer10_out_12_0 : 6
		icmp_ln46_206 : 1
		or_ln46_310 : 2
		and_ln46_200 : 2
		zext_ln46_102 : 2
		add_ln46_102 : 3
		icmp_ln46_207 : 1
		tmp_630 : 4
		not_tmp_726 : 1
		and_ln46_207 : 5
		empty_116 : 5
		or_ln46_311 : 5
		xor_ln46_102 : 5
		or_ln46_312 : 5
		select_ln46_310 : 4
		select_ln46_311 : 5
		select_ln46_312 : 5
		layer10_out_13_0 : 6
		icmp_ln46_208 : 1
		or_ln46_313 : 2
		and_ln46_202 : 2
		zext_ln46_103 : 2
		add_ln46_103 : 3
		icmp_ln46_209 : 1
		tmp_636 : 4
		not_tmp_733 : 1
		and_ln46_209 : 5
		empty_117 : 5
		or_ln46_314 : 5
		xor_ln46_103 : 5
		or_ln46_315 : 5
		select_ln46_313 : 4
		select_ln46_314 : 5
		select_ln46_315 : 5
		layer10_out_1436_0 : 6
		icmp_ln46_210 : 1
		or_ln46_316 : 2
		and_ln46_204 : 2
		zext_ln46_104 : 2
		add_ln46_104 : 3
		icmp_ln46_211 : 1
		tmp_642 : 4
		not_tmp_740 : 1
		and_ln46_211 : 5
		empty_118 : 5
		or_ln46_317 : 5
		xor_ln46_104 : 5
		or_ln46_318 : 5
		select_ln46_316 : 4
		select_ln46_317 : 5
		select_ln46_318 : 5
		layer10_out_15_0 : 6
		icmp_ln46_212 : 1
		or_ln46_319 : 2
		and_ln46_206 : 2
		zext_ln46_105 : 2
		add_ln46_105 : 3
		icmp_ln46_213 : 1
		tmp_648 : 4
		not_tmp_747 : 1
		and_ln46_213 : 5
		empty_119 : 5
		or_ln46_320 : 5
		xor_ln46_105 : 5
		or_ln46_321 : 5
		select_ln46_319 : 4
		select_ln46_320 : 5
		select_ln46_321 : 5
		layer10_out_17_0 : 6
		icmp_ln46_214 : 1
		or_ln46_322 : 2
		and_ln46_208 : 2
		zext_ln46_106 : 2
		add_ln46_106 : 3
		icmp_ln46_215 : 1
		tmp_654 : 4
		not_tmp_754 : 1
		and_ln46_215 : 5
		empty_120 : 5
		or_ln46_323 : 5
		xor_ln46_106 : 5
		or_ln46_324 : 5
		select_ln46_322 : 4
		select_ln46_323 : 5
		select_ln46_324 : 5
		layer10_out_18_0 : 6
		icmp_ln46_216 : 1
		or_ln46_325 : 2
		and_ln46_210 : 2
		zext_ln46_107 : 2
		add_ln46_107 : 3
		icmp_ln46_217 : 1
		tmp_660 : 4
		not_tmp_761 : 1
		and_ln46_217 : 5
		empty_121 : 5
		or_ln46_326 : 5
		xor_ln46_107 : 5
		or_ln46_327 : 5
		select_ln46_325 : 4
		select_ln46_326 : 5
		select_ln46_327 : 5
		layer10_out_19_0 : 6
		icmp_ln46_218 : 1
		or_ln46_328 : 2
		and_ln46_212 : 2
		zext_ln46_108 : 2
		add_ln46_108 : 3
		icmp_ln46_219 : 1
		tmp_666 : 4
		not_tmp_768 : 1
		and_ln46_219 : 5
		empty_122 : 5
		or_ln46_329 : 5
		xor_ln46_108 : 5
		or_ln46_330 : 5
		select_ln46_328 : 4
		select_ln46_329 : 5
		select_ln46_330 : 5
		layer10_out_20_0 : 6
		icmp_ln46_220 : 1
		or_ln46_331 : 2
		and_ln46_214 : 2
		zext_ln46_109 : 2
		add_ln46_109 : 3
		icmp_ln46_221 : 1
		tmp_672 : 4
		not_tmp_775 : 1
		and_ln46_221 : 5
		empty_123 : 5
		or_ln46_332 : 5
		xor_ln46_109 : 5
		or_ln46_333 : 5
		select_ln46_331 : 4
		select_ln46_332 : 5
		select_ln46_333 : 5
		layer10_out_21_0 : 6
		icmp_ln46_222 : 1
		or_ln46_334 : 2
		and_ln46_216 : 2
		zext_ln46_110 : 2
		add_ln46_110 : 3
		icmp_ln46_223 : 1
		tmp_678 : 4
		not_tmp_782 : 1
		and_ln46_223 : 5
		empty_124 : 5
		or_ln46_335 : 5
		xor_ln46_110 : 5
		or_ln46_336 : 5
		select_ln46_334 : 4
		select_ln46_335 : 5
		select_ln46_336 : 5
		layer10_out_22_0 : 6
		icmp_ln46_224 : 1
		or_ln46_337 : 2
		and_ln46_218 : 2
		zext_ln46_111 : 2
		add_ln46_111 : 3
		icmp_ln46_225 : 1
		tmp_684 : 4
		not_tmp_789 : 1
		and_ln46_225 : 5
		empty_125 : 5
		or_ln46_338 : 5
		xor_ln46_111 : 5
		or_ln46_339 : 5
		select_ln46_337 : 4
		select_ln46_338 : 5
		select_ln46_339 : 5
		layer10_out_23_0 : 6
		icmp_ln46_226 : 1
		or_ln46_340 : 2
		and_ln46_220 : 2
		zext_ln46_112 : 2
		add_ln46_112 : 3
		icmp_ln46_227 : 1
		tmp_690 : 4
		not_tmp_796 : 1
		and_ln46_227 : 5
		empty_126 : 5
		or_ln46_341 : 5
		xor_ln46_112 : 5
		or_ln46_342 : 5
		select_ln46_340 : 4
		select_ln46_341 : 5
		select_ln46_342 : 5
		layer10_out_24_0 : 6
		icmp_ln46_228 : 1
		or_ln46_343 : 2
		and_ln46_222 : 2
		zext_ln46_113 : 2
		add_ln46_113 : 3
		icmp_ln46_229 : 1
		tmp_696 : 4
		not_tmp_803 : 1
		and_ln46_229 : 5
		empty_127 : 5
		or_ln46_344 : 5
		xor_ln46_113 : 5
		or_ln46_345 : 5
		select_ln46_343 : 4
		select_ln46_344 : 5
		select_ln46_345 : 5
		layer10_out_25_0 : 6
		icmp_ln46_230 : 1
		or_ln46_346 : 2
		and_ln46_224 : 2
		zext_ln46_114 : 2
		add_ln46_114 : 3
		icmp_ln46_231 : 1
		tmp_702 : 4
		not_tmp_810 : 1
		and_ln46_231 : 5
		empty_128 : 5
		or_ln46_347 : 5
		xor_ln46_114 : 5
		or_ln46_348 : 5
		select_ln46_346 : 4
		select_ln46_347 : 5
		select_ln46_348 : 5
		layer10_out_26_0 : 6
		icmp_ln46_232 : 1
		or_ln46_349 : 2
		and_ln46_226 : 2
		zext_ln46_115 : 2
		add_ln46_115 : 3
		icmp_ln46_233 : 1
		tmp_708 : 4
		not_tmp_817 : 1
		and_ln46_233 : 5
		empty_129 : 5
		or_ln46_350 : 5
		xor_ln46_115 : 5
		or_ln46_351 : 5
		select_ln46_349 : 4
		select_ln46_350 : 5
		select_ln46_351 : 5
		layer10_out_27_0 : 6
		icmp_ln46_234 : 1
		or_ln46_352 : 2
		and_ln46_228 : 2
		zext_ln46_116 : 2
		add_ln46_116 : 3
		icmp_ln46_235 : 1
		tmp_714 : 4
		not_tmp_824 : 1
		and_ln46_235 : 5
		empty_130 : 5
		or_ln46_353 : 5
		xor_ln46_116 : 5
		or_ln46_354 : 5
		select_ln46_352 : 4
		select_ln46_353 : 5
		select_ln46_354 : 5
		layer10_out_28_0 : 6
		icmp_ln46_236 : 1
		or_ln46_355 : 2
		and_ln46_230 : 2
		zext_ln46_117 : 2
		add_ln46_117 : 3
		icmp_ln46_237 : 1
		tmp_720 : 4
		not_tmp_831 : 1
		and_ln46_237 : 5
		empty_131 : 5
		or_ln46_356 : 5
		xor_ln46_117 : 5
		or_ln46_357 : 5
		select_ln46_355 : 4
		select_ln46_356 : 5
		select_ln46_357 : 5
		layer10_out_29_0 : 6
		icmp_ln46_238 : 1
		or_ln46_358 : 2
		and_ln46_232 : 2
		zext_ln46_118 : 2
		add_ln46_118 : 3
		icmp_ln46_239 : 1
		tmp_726 : 4
		not_tmp_838 : 1
		and_ln46_239 : 5
		empty_132 : 5
		or_ln46_359 : 5
		xor_ln46_118 : 5
		or_ln46_360 : 5
		select_ln46_358 : 4
		select_ln46_359 : 5
		select_ln46_360 : 5
		layer10_out_31_0 : 6
		mrv : 7
		mrv_1 : 8
		mrv_2 : 9
		mrv_3 : 10
		mrv_4 : 11
		mrv_5 : 12
		mrv_6 : 13
		mrv_7 : 14
		mrv_8 : 15
		mrv_9 : 16
		mrv_10 : 17
		mrv_11 : 18
		mrv_12 : 19
		mrv_13 : 20
		mrv_14 : 21
		mrv_15 : 22
		mrv_16 : 23
		mrv_17 : 24
		mrv_18 : 25
		mrv_19 : 26
		mrv_20 : 27
		mrv_21 : 28
		mrv_22 : 29
		mrv_23 : 30
		mrv_24 : 31
		mrv_25 : 32
		mrv_26 : 33
		ret_ln45 : 34


============================================================
+ Verbose Summary: Datapath Resource usage 
============================================================

* Functional unit list:
|----------|------------------------------------|---------|---------|
| Operation|           Functional Unit          |    FF   |   LUT   |
|----------|------------------------------------|---------|---------|
|          |          icmp_ln45_fu_258          |    0    |    25   |
|          |          icmp_ln46_fu_294          |    0    |    12   |
|          |        icmp_ln46_187_fu_346        |    0    |    14   |
|          |         icmp_ln45_93_fu_428        |    0    |    25   |
|          |        icmp_ln46_188_fu_464        |    0    |    12   |
|          |        icmp_ln46_189_fu_516        |    0    |    14   |
|          |         icmp_ln45_94_fu_598        |    0    |    25   |
|          |        icmp_ln46_190_fu_634        |    0    |    12   |
|          |        icmp_ln46_191_fu_686        |    0    |    14   |
|          |         icmp_ln45_95_fu_768        |    0    |    25   |
|          |        icmp_ln46_192_fu_804        |    0    |    12   |
|          |        icmp_ln46_193_fu_856        |    0    |    14   |
|          |         icmp_ln45_96_fu_938        |    0    |    25   |
|          |        icmp_ln46_194_fu_974        |    0    |    12   |
|          |        icmp_ln46_195_fu_1026       |    0    |    14   |
|          |        icmp_ln45_97_fu_1108        |    0    |    25   |
|          |        icmp_ln46_196_fu_1144       |    0    |    12   |
|          |        icmp_ln46_197_fu_1196       |    0    |    14   |
|          |        icmp_ln45_98_fu_1278        |    0    |    25   |
|          |        icmp_ln46_198_fu_1314       |    0    |    12   |
|          |        icmp_ln46_199_fu_1366       |    0    |    14   |
|          |        icmp_ln45_99_fu_1448        |    0    |    25   |
|          |        icmp_ln46_200_fu_1484       |    0    |    12   |
|          |        icmp_ln46_201_fu_1536       |    0    |    14   |
|          |        icmp_ln45_100_fu_1618       |    0    |    25   |
|          |        icmp_ln46_202_fu_1654       |    0    |    12   |
|          |        icmp_ln46_203_fu_1706       |    0    |    14   |
|          |        icmp_ln45_101_fu_1788       |    0    |    25   |
|          |        icmp_ln46_204_fu_1824       |    0    |    12   |
|          |        icmp_ln46_205_fu_1876       |    0    |    14   |
|          |        icmp_ln45_102_fu_1958       |    0    |    25   |
|          |        icmp_ln46_206_fu_1994       |    0    |    12   |
|          |        icmp_ln46_207_fu_2046       |    0    |    14   |
|          |        icmp_ln45_103_fu_2128       |    0    |    25   |
|          |        icmp_ln46_208_fu_2164       |    0    |    12   |
|          |        icmp_ln46_209_fu_2216       |    0    |    14   |
|          |        icmp_ln45_104_fu_2298       |    0    |    25   |
|          |        icmp_ln46_210_fu_2334       |    0    |    12   |
|          |        icmp_ln46_211_fu_2386       |    0    |    14   |
|          |        icmp_ln45_105_fu_2468       |    0    |    25   |
|   icmp   |        icmp_ln46_212_fu_2504       |    0    |    12   |
|          |        icmp_ln46_213_fu_2556       |    0    |    14   |
|          |        icmp_ln45_106_fu_2638       |    0    |    25   |
|          |        icmp_ln46_214_fu_2674       |    0    |    12   |
|          |        icmp_ln46_215_fu_2726       |    0    |    14   |
|          |        icmp_ln45_107_fu_2808       |    0    |    25   |
|          |        icmp_ln46_216_fu_2844       |    0    |    12   |
|          |        icmp_ln46_217_fu_2896       |    0    |    14   |
|          |        icmp_ln45_108_fu_2978       |    0    |    25   |
|          |        icmp_ln46_218_fu_3014       |    0    |    12   |
|          |        icmp_ln46_219_fu_3066       |    0    |    14   |
|          |        icmp_ln45_109_fu_3148       |    0    |    25   |
|          |        icmp_ln46_220_fu_3184       |    0    |    12   |
|          |        icmp_ln46_221_fu_3236       |    0    |    14   |
|          |        icmp_ln45_110_fu_3318       |    0    |    25   |
|          |        icmp_ln46_222_fu_3354       |    0    |    12   |
|          |        icmp_ln46_223_fu_3406       |    0    |    14   |
|          |        icmp_ln45_111_fu_3488       |    0    |    25   |
|          |        icmp_ln46_224_fu_3524       |    0    |    12   |
|          |        icmp_ln46_225_fu_3576       |    0    |    14   |
|          |        icmp_ln45_112_fu_3658       |    0    |    25   |
|          |        icmp_ln46_226_fu_3694       |    0    |    12   |
|          |        icmp_ln46_227_fu_3746       |    0    |    14   |
|          |        icmp_ln45_113_fu_3828       |    0    |    25   |
|          |        icmp_ln46_228_fu_3864       |    0    |    12   |
|          |        icmp_ln46_229_fu_3916       |    0    |    14   |
|          |        icmp_ln45_114_fu_3998       |    0    |    25   |
|          |        icmp_ln46_230_fu_4034       |    0    |    12   |
|          |        icmp_ln46_231_fu_4086       |    0    |    14   |
|          |        icmp_ln45_115_fu_4168       |    0    |    25   |
|          |        icmp_ln46_232_fu_4204       |    0    |    12   |
|          |        icmp_ln46_233_fu_4256       |    0    |    14   |
|          |        icmp_ln45_116_fu_4338       |    0    |    25   |
|          |        icmp_ln46_234_fu_4374       |    0    |    12   |
|          |        icmp_ln46_235_fu_4426       |    0    |    14   |
|          |        icmp_ln45_117_fu_4508       |    0    |    25   |
|          |        icmp_ln46_236_fu_4544       |    0    |    12   |
|          |        icmp_ln46_237_fu_4596       |    0    |    14   |
|          |        icmp_ln45_118_fu_4678       |    0    |    25   |
|          |        icmp_ln46_238_fu_4714       |    0    |    12   |
|          |        icmp_ln46_239_fu_4766       |    0    |    14   |
|----------|------------------------------------|---------|---------|
|          |         select_ln46_fu_396         |    0    |    6    |
|          |       select_ln46_281_fu_404       |    0    |    6    |
|          |       select_ln46_282_fu_412       |    0    |    6    |
|          |       layer10_out_0_0_fu_420       |    0    |    6    |
|          |       select_ln46_283_fu_566       |    0    |    6    |
|          |       select_ln46_284_fu_574       |    0    |    6    |
|          |       select_ln46_285_fu_582       |    0    |    6    |
|          |       layer10_out_1_0_fu_590       |    0    |    6    |
|          |       select_ln46_286_fu_736       |    0    |    6    |
|          |       select_ln46_287_fu_744       |    0    |    6    |
|          |       select_ln46_288_fu_752       |    0    |    6    |
|          |       layer10_out_3_0_fu_760       |    0    |    6    |
|          |       select_ln46_289_fu_906       |    0    |    6    |
|          |       select_ln46_290_fu_914       |    0    |    6    |
|          |       select_ln46_291_fu_922       |    0    |    6    |
|          |       layer10_out_4_0_fu_930       |    0    |    6    |
|          |       select_ln46_292_fu_1076      |    0    |    6    |
|          |       select_ln46_293_fu_1084      |    0    |    6    |
|          |       select_ln46_294_fu_1092      |    0    |    6    |
|          |       layer10_out_5_0_fu_1100      |    0    |    6    |
|          |       select_ln46_295_fu_1246      |    0    |    6    |
|          |       select_ln46_296_fu_1254      |    0    |    6    |
|          |       select_ln46_297_fu_1262      |    0    |    6    |
|          |       layer10_out_6_0_fu_1270      |    0    |    6    |
|          |       select_ln46_298_fu_1416      |    0    |    6    |
|          |       select_ln46_299_fu_1424      |    0    |    6    |
|          |       select_ln46_300_fu_1432      |    0    |    6    |
|          |       layer10_out_7_0_fu_1440      |    0    |    6    |
|          |       select_ln46_301_fu_1586      |    0    |    6    |
|          |       select_ln46_302_fu_1594      |    0    |    6    |
|          |       select_ln46_303_fu_1602      |    0    |    6    |
|          |       layer10_out_9_0_fu_1610      |    0    |    6    |
|          |       select_ln46_304_fu_1756      |    0    |    6    |
|          |       select_ln46_305_fu_1764      |    0    |    6    |
|          |       select_ln46_306_fu_1772      |    0    |    6    |
|          |      layer10_out_11_0_fu_1780      |    0    |    6    |
|          |       select_ln46_307_fu_1926      |    0    |    6    |
|          |       select_ln46_308_fu_1934      |    0    |    6    |
|          |       select_ln46_309_fu_1942      |    0    |    6    |
|          |      layer10_out_12_0_fu_1950      |    0    |    6    |
|          |       select_ln46_310_fu_2096      |    0    |    6    |
|          |       select_ln46_311_fu_2104      |    0    |    6    |
|          |       select_ln46_312_fu_2112      |    0    |    6    |
|          |      layer10_out_13_0_fu_2120      |    0    |    6    |
|          |       select_ln46_313_fu_2266      |    0    |    6    |
|          |       select_ln46_314_fu_2274      |    0    |    6    |
|          |       select_ln46_315_fu_2282      |    0    |    6    |
|          |     layer10_out_1436_0_fu_2290     |    0    |    6    |
|          |       select_ln46_316_fu_2436      |    0    |    6    |
|          |       select_ln46_317_fu_2444      |    0    |    6    |
|          |       select_ln46_318_fu_2452      |    0    |    6    |
|          |      layer10_out_15_0_fu_2460      |    0    |    6    |
|          |       select_ln46_319_fu_2606      |    0    |    6    |
|  select  |       select_ln46_320_fu_2614      |    0    |    6    |
|          |       select_ln46_321_fu_2622      |    0    |    6    |
|          |      layer10_out_17_0_fu_2630      |    0    |    6    |
|          |       select_ln46_322_fu_2776      |    0    |    6    |
|          |       select_ln46_323_fu_2784      |    0    |    6    |
|          |       select_ln46_324_fu_2792      |    0    |    6    |
|          |      layer10_out_18_0_fu_2800      |    0    |    6    |
|          |       select_ln46_325_fu_2946      |    0    |    6    |
|          |       select_ln46_326_fu_2954      |    0    |    6    |
|          |       select_ln46_327_fu_2962      |    0    |    6    |
|          |      layer10_out_19_0_fu_2970      |    0    |    6    |
|          |       select_ln46_328_fu_3116      |    0    |    6    |
|          |       select_ln46_329_fu_3124      |    0    |    6    |
|          |       select_ln46_330_fu_3132      |    0    |    6    |
|          |      layer10_out_20_0_fu_3140      |    0    |    6    |
|          |       select_ln46_331_fu_3286      |    0    |    6    |
|          |       select_ln46_332_fu_3294      |    0    |    6    |
|          |       select_ln46_333_fu_3302      |    0    |    6    |
|          |      layer10_out_21_0_fu_3310      |    0    |    6    |
|          |       select_ln46_334_fu_3456      |    0    |    6    |
|          |       select_ln46_335_fu_3464      |    0    |    6    |
|          |       select_ln46_336_fu_3472      |    0    |    6    |
|          |      layer10_out_22_0_fu_3480      |    0    |    6    |
|          |       select_ln46_337_fu_3626      |    0    |    6    |
|          |       select_ln46_338_fu_3634      |    0    |    6    |
|          |       select_ln46_339_fu_3642      |    0    |    6    |
|          |      layer10_out_23_0_fu_3650      |    0    |    6    |
|          |       select_ln46_340_fu_3796      |    0    |    6    |
|          |       select_ln46_341_fu_3804      |    0    |    6    |
|          |       select_ln46_342_fu_3812      |    0    |    6    |
|          |      layer10_out_24_0_fu_3820      |    0    |    6    |
|          |       select_ln46_343_fu_3966      |    0    |    6    |
|          |       select_ln46_344_fu_3974      |    0    |    6    |
|          |       select_ln46_345_fu_3982      |    0    |    6    |
|          |      layer10_out_25_0_fu_3990      |    0    |    6    |
|          |       select_ln46_346_fu_4136      |    0    |    6    |
|          |       select_ln46_347_fu_4144      |    0    |    6    |
|          |       select_ln46_348_fu_4152      |    0    |    6    |
|          |      layer10_out_26_0_fu_4160      |    0    |    6    |
|          |       select_ln46_349_fu_4306      |    0    |    6    |
|          |       select_ln46_350_fu_4314      |    0    |    6    |
|          |       select_ln46_351_fu_4322      |    0    |    6    |
|          |      layer10_out_27_0_fu_4330      |    0    |    6    |
|          |       select_ln46_352_fu_4476      |    0    |    6    |
|          |       select_ln46_353_fu_4484      |    0    |    6    |
|          |       select_ln46_354_fu_4492      |    0    |    6    |
|          |      layer10_out_28_0_fu_4500      |    0    |    6    |
|          |       select_ln46_355_fu_4646      |    0    |    6    |
|          |       select_ln46_356_fu_4654      |    0    |    6    |
|          |       select_ln46_357_fu_4662      |    0    |    6    |
|          |      layer10_out_29_0_fu_4670      |    0    |    6    |
|          |       select_ln46_358_fu_4816      |    0    |    6    |
|          |       select_ln46_359_fu_4824      |    0    |    6    |
|          |       select_ln46_360_fu_4832      |    0    |    6    |
|          |      layer10_out_31_0_fu_4840      |    0    |    6    |
|----------|------------------------------------|---------|---------|
|          |           add_ln46_fu_332          |    0    |    13   |
|          |         add_ln46_93_fu_502         |    0    |    13   |
|          |         add_ln46_94_fu_672         |    0    |    13   |
|          |         add_ln46_95_fu_842         |    0    |    13   |
|          |         add_ln46_96_fu_1012        |    0    |    13   |
|          |         add_ln46_97_fu_1182        |    0    |    13   |
|          |         add_ln46_98_fu_1352        |    0    |    13   |
|          |         add_ln46_99_fu_1522        |    0    |    13   |
|          |        add_ln46_100_fu_1692        |    0    |    13   |
|          |        add_ln46_101_fu_1862        |    0    |    13   |
|          |        add_ln46_102_fu_2032        |    0    |    13   |
|          |        add_ln46_103_fu_2202        |    0    |    13   |
|          |        add_ln46_104_fu_2372        |    0    |    13   |
|    add   |        add_ln46_105_fu_2542        |    0    |    13   |
|          |        add_ln46_106_fu_2712        |    0    |    13   |
|          |        add_ln46_107_fu_2882        |    0    |    13   |
|          |        add_ln46_108_fu_3052        |    0    |    13   |
|          |        add_ln46_109_fu_3222        |    0    |    13   |
|          |        add_ln46_110_fu_3392        |    0    |    13   |
|          |        add_ln46_111_fu_3562        |    0    |    13   |
|          |        add_ln46_112_fu_3732        |    0    |    13   |
|          |        add_ln46_113_fu_3902        |    0    |    13   |
|          |        add_ln46_114_fu_4072        |    0    |    13   |
|          |        add_ln46_115_fu_4242        |    0    |    13   |
|          |        add_ln46_116_fu_4412        |    0    |    13   |
|          |        add_ln46_117_fu_4582        |    0    |    13   |
|          |        add_ln46_118_fu_4752        |    0    |    13   |
|----------|------------------------------------|---------|---------|
|          |           or_ln46_fu_316           |    0    |    2    |
|          |         and_ln46_187_fu_366        |    0    |    2    |
|          |         or_ln46_281_fu_378         |    0    |    2    |
|          |         or_ln46_282_fu_390         |    0    |    2    |
|          |         or_ln46_283_fu_486         |    0    |    2    |
|          |         and_ln46_189_fu_536        |    0    |    2    |
|          |         or_ln46_284_fu_548         |    0    |    2    |
|          |         or_ln46_285_fu_560         |    0    |    2    |
|          |         or_ln46_286_fu_656         |    0    |    2    |
|          |         and_ln46_191_fu_706        |    0    |    2    |
|          |         or_ln46_287_fu_718         |    0    |    2    |
|          |         or_ln46_288_fu_730         |    0    |    2    |
|          |         or_ln46_289_fu_826         |    0    |    2    |
|          |         and_ln46_193_fu_876        |    0    |    2    |
|          |         or_ln46_290_fu_888         |    0    |    2    |
|          |         or_ln46_291_fu_900         |    0    |    2    |
|          |         or_ln46_292_fu_996         |    0    |    2    |
|          |        and_ln46_195_fu_1046        |    0    |    2    |
|          |         or_ln46_293_fu_1058        |    0    |    2    |
|          |         or_ln46_294_fu_1070        |    0    |    2    |
|          |         or_ln46_295_fu_1166        |    0    |    2    |
|          |        and_ln46_197_fu_1216        |    0    |    2    |
|          |         or_ln46_296_fu_1228        |    0    |    2    |
|          |         or_ln46_297_fu_1240        |    0    |    2    |
|          |         or_ln46_298_fu_1336        |    0    |    2    |
|          |        and_ln46_199_fu_1386        |    0    |    2    |
|          |         or_ln46_299_fu_1398        |    0    |    2    |
|          |         or_ln46_300_fu_1410        |    0    |    2    |
|          |         or_ln46_301_fu_1506        |    0    |    2    |
|          |        and_ln46_201_fu_1556        |    0    |    2    |
|          |         or_ln46_302_fu_1568        |    0    |    2    |
|          |         or_ln46_303_fu_1580        |    0    |    2    |
|          |         or_ln46_304_fu_1676        |    0    |    2    |
|          |        and_ln46_203_fu_1726        |    0    |    2    |
|          |         or_ln46_305_fu_1738        |    0    |    2    |
|          |         or_ln46_306_fu_1750        |    0    |    2    |
|          |         or_ln46_307_fu_1846        |    0    |    2    |
|          |        and_ln46_205_fu_1896        |    0    |    2    |
|          |         or_ln46_308_fu_1908        |    0    |    2    |
|          |         or_ln46_309_fu_1920        |    0    |    2    |
|          |         or_ln46_310_fu_2016        |    0    |    2    |
|          |        and_ln46_207_fu_2066        |    0    |    2    |
|          |         or_ln46_311_fu_2078        |    0    |    2    |
|          |         or_ln46_312_fu_2090        |    0    |    2    |
|          |         or_ln46_313_fu_2186        |    0    |    2    |
|          |        and_ln46_209_fu_2236        |    0    |    2    |
|          |         or_ln46_314_fu_2248        |    0    |    2    |
|          |         or_ln46_315_fu_2260        |    0    |    2    |
|          |         or_ln46_316_fu_2356        |    0    |    2    |
|          |        and_ln46_211_fu_2406        |    0    |    2    |
|          |         or_ln46_317_fu_2418        |    0    |    2    |
|          |         or_ln46_318_fu_2430        |    0    |    2    |
|          |         or_ln46_319_fu_2526        |    0    |    2    |
|    or    |        and_ln46_213_fu_2576        |    0    |    2    |
|          |         or_ln46_320_fu_2588        |    0    |    2    |
|          |         or_ln46_321_fu_2600        |    0    |    2    |
|          |         or_ln46_322_fu_2696        |    0    |    2    |
|          |        and_ln46_215_fu_2746        |    0    |    2    |
|          |         or_ln46_323_fu_2758        |    0    |    2    |
|          |         or_ln46_324_fu_2770        |    0    |    2    |
|          |         or_ln46_325_fu_2866        |    0    |    2    |
|          |        and_ln46_217_fu_2916        |    0    |    2    |
|          |         or_ln46_326_fu_2928        |    0    |    2    |
|          |         or_ln46_327_fu_2940        |    0    |    2    |
|          |         or_ln46_328_fu_3036        |    0    |    2    |
|          |        and_ln46_219_fu_3086        |    0    |    2    |
|          |         or_ln46_329_fu_3098        |    0    |    2    |
|          |         or_ln46_330_fu_3110        |    0    |    2    |
|          |         or_ln46_331_fu_3206        |    0    |    2    |
|          |        and_ln46_221_fu_3256        |    0    |    2    |
|          |         or_ln46_332_fu_3268        |    0    |    2    |
|          |         or_ln46_333_fu_3280        |    0    |    2    |
|          |         or_ln46_334_fu_3376        |    0    |    2    |
|          |        and_ln46_223_fu_3426        |    0    |    2    |
|          |         or_ln46_335_fu_3438        |    0    |    2    |
|          |         or_ln46_336_fu_3450        |    0    |    2    |
|          |         or_ln46_337_fu_3546        |    0    |    2    |
|          |        and_ln46_225_fu_3596        |    0    |    2    |
|          |         or_ln46_338_fu_3608        |    0    |    2    |
|          |         or_ln46_339_fu_3620        |    0    |    2    |
|          |         or_ln46_340_fu_3716        |    0    |    2    |
|          |        and_ln46_227_fu_3766        |    0    |    2    |
|          |         or_ln46_341_fu_3778        |    0    |    2    |
|          |         or_ln46_342_fu_3790        |    0    |    2    |
|          |         or_ln46_343_fu_3886        |    0    |    2    |
|          |        and_ln46_229_fu_3936        |    0    |    2    |
|          |         or_ln46_344_fu_3948        |    0    |    2    |
|          |         or_ln46_345_fu_3960        |    0    |    2    |
|          |         or_ln46_346_fu_4056        |    0    |    2    |
|          |        and_ln46_231_fu_4106        |    0    |    2    |
|          |         or_ln46_347_fu_4118        |    0    |    2    |
|          |         or_ln46_348_fu_4130        |    0    |    2    |
|          |         or_ln46_349_fu_4226        |    0    |    2    |
|          |        and_ln46_233_fu_4276        |    0    |    2    |
|          |         or_ln46_350_fu_4288        |    0    |    2    |
|          |         or_ln46_351_fu_4300        |    0    |    2    |
|          |         or_ln46_352_fu_4396        |    0    |    2    |
|          |        and_ln46_235_fu_4446        |    0    |    2    |
|          |         or_ln46_353_fu_4458        |    0    |    2    |
|          |         or_ln46_354_fu_4470        |    0    |    2    |
|          |         or_ln46_355_fu_4566        |    0    |    2    |
|          |        and_ln46_237_fu_4616        |    0    |    2    |
|          |         or_ln46_356_fu_4628        |    0    |    2    |
|          |         or_ln46_357_fu_4640        |    0    |    2    |
|          |         or_ln46_358_fu_4736        |    0    |    2    |
|          |        and_ln46_239_fu_4786        |    0    |    2    |
|          |         or_ln46_359_fu_4798        |    0    |    2    |
|          |         or_ln46_360_fu_4810        |    0    |    2    |
|----------|------------------------------------|---------|---------|
|          |           and_ln46_fu_322          |    0    |    2    |
|          |            empty_fu_372            |    0    |    2    |
|          |         and_ln46_184_fu_492        |    0    |    2    |
|          |          empty_107_fu_542          |    0    |    2    |
|          |         and_ln46_185_fu_662        |    0    |    2    |
|          |          empty_108_fu_712          |    0    |    2    |
|          |         and_ln46_186_fu_832        |    0    |    2    |
|          |          empty_109_fu_882          |    0    |    2    |
|          |        and_ln46_188_fu_1002        |    0    |    2    |
|          |          empty_110_fu_1052         |    0    |    2    |
|          |        and_ln46_190_fu_1172        |    0    |    2    |
|          |          empty_111_fu_1222         |    0    |    2    |
|          |        and_ln46_192_fu_1342        |    0    |    2    |
|          |          empty_112_fu_1392         |    0    |    2    |
|          |        and_ln46_194_fu_1512        |    0    |    2    |
|          |          empty_113_fu_1562         |    0    |    2    |
|          |        and_ln46_196_fu_1682        |    0    |    2    |
|          |          empty_114_fu_1732         |    0    |    2    |
|          |        and_ln46_198_fu_1852        |    0    |    2    |
|          |          empty_115_fu_1902         |    0    |    2    |
|          |        and_ln46_200_fu_2022        |    0    |    2    |
|          |          empty_116_fu_2072         |    0    |    2    |
|          |        and_ln46_202_fu_2192        |    0    |    2    |
|          |          empty_117_fu_2242         |    0    |    2    |
|          |        and_ln46_204_fu_2362        |    0    |    2    |
|          |          empty_118_fu_2412         |    0    |    2    |
|    and   |        and_ln46_206_fu_2532        |    0    |    2    |
|          |          empty_119_fu_2582         |    0    |    2    |
|          |        and_ln46_208_fu_2702        |    0    |    2    |
|          |          empty_120_fu_2752         |    0    |    2    |
|          |        and_ln46_210_fu_2872        |    0    |    2    |
|          |          empty_121_fu_2922         |    0    |    2    |
|          |        and_ln46_212_fu_3042        |    0    |    2    |
|          |          empty_122_fu_3092         |    0    |    2    |
|          |        and_ln46_214_fu_3212        |    0    |    2    |
|          |          empty_123_fu_3262         |    0    |    2    |
|          |        and_ln46_216_fu_3382        |    0    |    2    |
|          |          empty_124_fu_3432         |    0    |    2    |
|          |        and_ln46_218_fu_3552        |    0    |    2    |
|          |          empty_125_fu_3602         |    0    |    2    |
|          |        and_ln46_220_fu_3722        |    0    |    2    |
|          |          empty_126_fu_3772         |    0    |    2    |
|          |        and_ln46_222_fu_3892        |    0    |    2    |
|          |          empty_127_fu_3942         |    0    |    2    |
|          |        and_ln46_224_fu_4062        |    0    |    2    |
|          |          empty_128_fu_4112         |    0    |    2    |
|          |        and_ln46_226_fu_4232        |    0    |    2    |
|          |          empty_129_fu_4282         |    0    |    2    |
|          |        and_ln46_228_fu_4402        |    0    |    2    |
|          |          empty_130_fu_4452         |    0    |    2    |
|          |        and_ln46_230_fu_4572        |    0    |    2    |
|          |          empty_131_fu_4622         |    0    |    2    |
|          |        and_ln46_232_fu_4742        |    0    |    2    |
|          |          empty_132_fu_4792         |    0    |    2    |
|----------|------------------------------------|---------|---------|
|          |         not_tmp_656_fu_360         |    0    |    2    |
|          |           xor_ln46_fu_384          |    0    |    2    |
|          |         not_tmp_663_fu_530         |    0    |    2    |
|          |         xor_ln46_93_fu_554         |    0    |    2    |
|          |         not_tmp_670_fu_700         |    0    |    2    |
|          |         xor_ln46_94_fu_724         |    0    |    2    |
|          |         not_tmp_677_fu_870         |    0    |    2    |
|          |         xor_ln46_95_fu_894         |    0    |    2    |
|          |         not_tmp_684_fu_1040        |    0    |    2    |
|          |         xor_ln46_96_fu_1064        |    0    |    2    |
|          |         not_tmp_691_fu_1210        |    0    |    2    |
|          |         xor_ln46_97_fu_1234        |    0    |    2    |
|          |         not_tmp_698_fu_1380        |    0    |    2    |
|          |         xor_ln46_98_fu_1404        |    0    |    2    |
|          |         not_tmp_705_fu_1550        |    0    |    2    |
|          |         xor_ln46_99_fu_1574        |    0    |    2    |
|          |         not_tmp_712_fu_1720        |    0    |    2    |
|          |        xor_ln46_100_fu_1744        |    0    |    2    |
|          |         not_tmp_719_fu_1890        |    0    |    2    |
|          |        xor_ln46_101_fu_1914        |    0    |    2    |
|          |         not_tmp_726_fu_2060        |    0    |    2    |
|          |        xor_ln46_102_fu_2084        |    0    |    2    |
|          |         not_tmp_733_fu_2230        |    0    |    2    |
|          |        xor_ln46_103_fu_2254        |    0    |    2    |
|          |         not_tmp_740_fu_2400        |    0    |    2    |
|          |        xor_ln46_104_fu_2424        |    0    |    2    |
|    xor   |         not_tmp_747_fu_2570        |    0    |    2    |
|          |        xor_ln46_105_fu_2594        |    0    |    2    |
|          |         not_tmp_754_fu_2740        |    0    |    2    |
|          |        xor_ln46_106_fu_2764        |    0    |    2    |
|          |         not_tmp_761_fu_2910        |    0    |    2    |
|          |        xor_ln46_107_fu_2934        |    0    |    2    |
|          |         not_tmp_768_fu_3080        |    0    |    2    |
|          |        xor_ln46_108_fu_3104        |    0    |    2    |
|          |         not_tmp_775_fu_3250        |    0    |    2    |
|          |        xor_ln46_109_fu_3274        |    0    |    2    |
|          |         not_tmp_782_fu_3420        |    0    |    2    |
|          |        xor_ln46_110_fu_3444        |    0    |    2    |
|          |         not_tmp_789_fu_3590        |    0    |    2    |
|          |        xor_ln46_111_fu_3614        |    0    |    2    |
|          |         not_tmp_796_fu_3760        |    0    |    2    |
|          |        xor_ln46_112_fu_3784        |    0    |    2    |
|          |         not_tmp_803_fu_3930        |    0    |    2    |
|          |        xor_ln46_113_fu_3954        |    0    |    2    |
|          |         not_tmp_810_fu_4100        |    0    |    2    |
|          |        xor_ln46_114_fu_4124        |    0    |    2    |
|          |         not_tmp_817_fu_4270        |    0    |    2    |
|          |        xor_ln46_115_fu_4294        |    0    |    2    |
|          |         not_tmp_824_fu_4440        |    0    |    2    |
|          |        xor_ln46_116_fu_4464        |    0    |    2    |
|          |         not_tmp_831_fu_4610        |    0    |    2    |
|          |        xor_ln46_117_fu_4634        |    0    |    2    |
|          |         not_tmp_838_fu_4780        |    0    |    2    |
|          |        xor_ln46_118_fu_4804        |    0    |    2    |
|----------|------------------------------------|---------|---------|
|          |  layer8_out_31_val_read_read_fu_96 |    0    |    0    |
|          | layer8_out_29_val_read_read_fu_102 |    0    |    0    |
|          | layer8_out_28_val_read_read_fu_108 |    0    |    0    |
|          | layer8_out_27_val_read_read_fu_114 |    0    |    0    |
|          | layer8_out_26_val_read_read_fu_120 |    0    |    0    |
|          | layer8_out_25_val_read_read_fu_126 |    0    |    0    |
|          | layer8_out_24_val_read_read_fu_132 |    0    |    0    |
|          | layer8_out_23_val_read_read_fu_138 |    0    |    0    |
|          | layer8_out_22_val_read_read_fu_144 |    0    |    0    |
|          | layer8_out_21_val_read_read_fu_150 |    0    |    0    |
|          | layer8_out_20_val_read_read_fu_156 |    0    |    0    |
|          | layer8_out_19_val_read_read_fu_162 |    0    |    0    |
|          | layer8_out_18_val_read_read_fu_168 |    0    |    0    |
|   read   | layer8_out_17_val_read_read_fu_174 |    0    |    0    |
|          | layer8_out_15_val_read_read_fu_180 |    0    |    0    |
|          | layer8_out_14_val_read_read_fu_186 |    0    |    0    |
|          | layer8_out_13_val_read_read_fu_192 |    0    |    0    |
|          | layer8_out_12_val_read_read_fu_198 |    0    |    0    |
|          | layer8_out_11_val_read_read_fu_204 |    0    |    0    |
|          |  layer8_out_9_val_read_read_fu_210 |    0    |    0    |
|          |  layer8_out_7_val_read_read_fu_216 |    0    |    0    |
|          |  layer8_out_6_val_read_read_fu_222 |    0    |    0    |
|          |  layer8_out_5_val_read_read_fu_228 |    0    |    0    |
|          |  layer8_out_4_val_read_read_fu_234 |    0    |    0    |
|          |  layer8_out_3_val_read_read_fu_240 |    0    |    0    |
|          |  layer8_out_1_val_read_read_fu_246 |    0    |    0    |
|          |  layer8_out_0_val_read_read_fu_252 |    0    |    0    |
|----------|------------------------------------|---------|---------|
|          |             tmp_fu_264             |    0    |    0    |
|          |           tmp_568_fu_282           |    0    |    0    |
|          |           tmp_569_fu_300           |    0    |    0    |
|          |           tmp_570_fu_308           |    0    |    0    |
|          |           tmp_571_fu_352           |    0    |    0    |
|          |           tmp_572_fu_434           |    0    |    0    |
|          |           tmp_573_fu_452           |    0    |    0    |
|          |           tmp_574_fu_470           |    0    |    0    |
|          |           tmp_575_fu_478           |    0    |    0    |
|          |           tmp_576_fu_522           |    0    |    0    |
|          |           tmp_577_fu_604           |    0    |    0    |
|          |           tmp_578_fu_622           |    0    |    0    |
|          |           tmp_579_fu_640           |    0    |    0    |
|          |           tmp_580_fu_648           |    0    |    0    |
|          |           tmp_582_fu_692           |    0    |    0    |
|          |           tmp_583_fu_774           |    0    |    0    |
|          |           tmp_584_fu_792           |    0    |    0    |
|          |           tmp_585_fu_810           |    0    |    0    |
|          |           tmp_586_fu_818           |    0    |    0    |
|          |           tmp_588_fu_862           |    0    |    0    |
|          |           tmp_589_fu_944           |    0    |    0    |
|          |           tmp_590_fu_962           |    0    |    0    |
|          |           tmp_591_fu_980           |    0    |    0    |
|          |           tmp_592_fu_988           |    0    |    0    |
|          |           tmp_594_fu_1032          |    0    |    0    |
|          |           tmp_595_fu_1114          |    0    |    0    |
|          |           tmp_596_fu_1132          |    0    |    0    |
|          |           tmp_597_fu_1150          |    0    |    0    |
|          |           tmp_598_fu_1158          |    0    |    0    |
|          |           tmp_600_fu_1202          |    0    |    0    |
|          |           tmp_601_fu_1284          |    0    |    0    |
|          |           tmp_602_fu_1302          |    0    |    0    |
|          |           tmp_603_fu_1320          |    0    |    0    |
|          |           tmp_604_fu_1328          |    0    |    0    |
|          |           tmp_606_fu_1372          |    0    |    0    |
|          |           tmp_607_fu_1454          |    0    |    0    |
|          |           tmp_608_fu_1472          |    0    |    0    |
|          |           tmp_609_fu_1490          |    0    |    0    |
|          |           tmp_610_fu_1498          |    0    |    0    |
|          |           tmp_612_fu_1542          |    0    |    0    |
|          |           tmp_613_fu_1624          |    0    |    0    |
|          |           tmp_614_fu_1642          |    0    |    0    |
|          |           tmp_615_fu_1660          |    0    |    0    |
|          |           tmp_616_fu_1668          |    0    |    0    |
|          |           tmp_618_fu_1712          |    0    |    0    |
|          |           tmp_619_fu_1794          |    0    |    0    |
|          |           tmp_620_fu_1812          |    0    |    0    |
|          |           tmp_621_fu_1830          |    0    |    0    |
|          |           tmp_622_fu_1838          |    0    |    0    |
|          |           tmp_624_fu_1882          |    0    |    0    |
|          |           tmp_625_fu_1964          |    0    |    0    |
|          |           tmp_626_fu_1982          |    0    |    0    |
|          |           tmp_627_fu_2000          |    0    |    0    |
|          |           tmp_628_fu_2008          |    0    |    0    |
|          |           tmp_630_fu_2052          |    0    |    0    |
|          |           tmp_631_fu_2134          |    0    |    0    |
|          |           tmp_632_fu_2152          |    0    |    0    |
|          |           tmp_633_fu_2170          |    0    |    0    |
|          |           tmp_634_fu_2178          |    0    |    0    |
|          |           tmp_636_fu_2222          |    0    |    0    |
|          |           tmp_637_fu_2304          |    0    |    0    |
|          |           tmp_638_fu_2322          |    0    |    0    |
|          |           tmp_639_fu_2340          |    0    |    0    |
|          |           tmp_640_fu_2348          |    0    |    0    |
|          |           tmp_642_fu_2392          |    0    |    0    |
|          |           tmp_643_fu_2474          |    0    |    0    |
|          |           tmp_644_fu_2492          |    0    |    0    |
| bitselect|           tmp_645_fu_2510          |    0    |    0    |
|          |           tmp_646_fu_2518          |    0    |    0    |
|          |           tmp_648_fu_2562          |    0    |    0    |
|          |           tmp_649_fu_2644          |    0    |    0    |
|          |           tmp_650_fu_2662          |    0    |    0    |
|          |           tmp_651_fu_2680          |    0    |    0    |
|          |           tmp_652_fu_2688          |    0    |    0    |
|          |           tmp_654_fu_2732          |    0    |    0    |
|          |           tmp_655_fu_2814          |    0    |    0    |
|          |           tmp_656_fu_2832          |    0    |    0    |
|          |           tmp_657_fu_2850          |    0    |    0    |
|          |           tmp_658_fu_2858          |    0    |    0    |
|          |           tmp_660_fu_2902          |    0    |    0    |
|          |           tmp_661_fu_2984          |    0    |    0    |
|          |           tmp_662_fu_3002          |    0    |    0    |
|          |           tmp_663_fu_3020          |    0    |    0    |
|          |           tmp_664_fu_3028          |    0    |    0    |
|          |           tmp_666_fu_3072          |    0    |    0    |
|          |           tmp_667_fu_3154          |    0    |    0    |
|          |           tmp_668_fu_3172          |    0    |    0    |
|          |           tmp_669_fu_3190          |    0    |    0    |
|          |           tmp_670_fu_3198          |    0    |    0    |
|          |           tmp_672_fu_3242          |    0    |    0    |
|          |           tmp_673_fu_3324          |    0    |    0    |
|          |           tmp_674_fu_3342          |    0    |    0    |
|          |           tmp_675_fu_3360          |    0    |    0    |
|          |           tmp_676_fu_3368          |    0    |    0    |
|          |           tmp_678_fu_3412          |    0    |    0    |
|          |           tmp_679_fu_3494          |    0    |    0    |
|          |           tmp_680_fu_3512          |    0    |    0    |
|          |           tmp_681_fu_3530          |    0    |    0    |
|          |           tmp_682_fu_3538          |    0    |    0    |
|          |           tmp_684_fu_3582          |    0    |    0    |
|          |           tmp_685_fu_3664          |    0    |    0    |
|          |           tmp_686_fu_3682          |    0    |    0    |
|          |           tmp_687_fu_3700          |    0    |    0    |
|          |           tmp_688_fu_3708          |    0    |    0    |
|          |           tmp_690_fu_3752          |    0    |    0    |
|          |           tmp_691_fu_3834          |    0    |    0    |
|          |           tmp_692_fu_3852          |    0    |    0    |
|          |           tmp_693_fu_3870          |    0    |    0    |
|          |           tmp_694_fu_3878          |    0    |    0    |
|          |           tmp_696_fu_3922          |    0    |    0    |
|          |           tmp_697_fu_4004          |    0    |    0    |
|          |           tmp_698_fu_4022          |    0    |    0    |
|          |           tmp_699_fu_4040          |    0    |    0    |
|          |           tmp_700_fu_4048          |    0    |    0    |
|          |           tmp_702_fu_4092          |    0    |    0    |
|          |           tmp_703_fu_4174          |    0    |    0    |
|          |           tmp_704_fu_4192          |    0    |    0    |
|          |           tmp_705_fu_4210          |    0    |    0    |
|          |           tmp_706_fu_4218          |    0    |    0    |
|          |           tmp_708_fu_4262          |    0    |    0    |
|          |           tmp_709_fu_4344          |    0    |    0    |
|          |           tmp_710_fu_4362          |    0    |    0    |
|          |           tmp_711_fu_4380          |    0    |    0    |
|          |           tmp_712_fu_4388          |    0    |    0    |
|          |           tmp_714_fu_4432          |    0    |    0    |
|          |           tmp_715_fu_4514          |    0    |    0    |
|          |           tmp_716_fu_4532          |    0    |    0    |
|          |           tmp_717_fu_4550          |    0    |    0    |
|          |           tmp_718_fu_4558          |    0    |    0    |
|          |           tmp_720_fu_4602          |    0    |    0    |
|          |           tmp_721_fu_4684          |    0    |    0    |
|          |           tmp_722_fu_4702          |    0    |    0    |
|          |           tmp_723_fu_4720          |    0    |    0    |
|          |           tmp_724_fu_4728          |    0    |    0    |
|          |           tmp_726_fu_4772          |    0    |    0    |
|----------|------------------------------------|---------|---------|
|          |           trunc_ln_fu_272          |    0    |    0    |
|          |            tmp_s_fu_338            |    0    |    0    |
|          |         trunc_ln46_s_fu_442        |    0    |    0    |
|          |           tmp_567_fu_508           |    0    |    0    |
|          |        trunc_ln46_91_fu_612        |    0    |    0    |
|          |           tmp_581_fu_678           |    0    |    0    |
|          |        trunc_ln46_92_fu_782        |    0    |    0    |
|          |           tmp_587_fu_848           |    0    |    0    |
|          |        trunc_ln46_93_fu_952        |    0    |    0    |
|          |           tmp_593_fu_1018          |    0    |    0    |
|          |        trunc_ln46_94_fu_1122       |    0    |    0    |
|          |           tmp_599_fu_1188          |    0    |    0    |
|          |        trunc_ln46_95_fu_1292       |    0    |    0    |
|          |           tmp_605_fu_1358          |    0    |    0    |
|          |        trunc_ln46_96_fu_1462       |    0    |    0    |
|          |           tmp_611_fu_1528          |    0    |    0    |
|          |        trunc_ln46_97_fu_1632       |    0    |    0    |
|          |           tmp_617_fu_1698          |    0    |    0    |
|          |        trunc_ln46_98_fu_1802       |    0    |    0    |
|          |           tmp_623_fu_1868          |    0    |    0    |
|          |        trunc_ln46_99_fu_1972       |    0    |    0    |
|          |           tmp_629_fu_2038          |    0    |    0    |
|          |       trunc_ln46_100_fu_2142       |    0    |    0    |
|          |           tmp_635_fu_2208          |    0    |    0    |
|          |       trunc_ln46_101_fu_2312       |    0    |    0    |
|          |           tmp_641_fu_2378          |    0    |    0    |
|partselect|       trunc_ln46_102_fu_2482       |    0    |    0    |
|          |           tmp_647_fu_2548          |    0    |    0    |
|          |       trunc_ln46_103_fu_2652       |    0    |    0    |
|          |           tmp_653_fu_2718          |    0    |    0    |
|          |       trunc_ln46_104_fu_2822       |    0    |    0    |
|          |           tmp_659_fu_2888          |    0    |    0    |
|          |       trunc_ln46_105_fu_2992       |    0    |    0    |
|          |           tmp_665_fu_3058          |    0    |    0    |
|          |       trunc_ln46_106_fu_3162       |    0    |    0    |
|          |           tmp_671_fu_3228          |    0    |    0    |
|          |       trunc_ln46_107_fu_3332       |    0    |    0    |
|          |           tmp_677_fu_3398          |    0    |    0    |
|          |       trunc_ln46_108_fu_3502       |    0    |    0    |
|          |           tmp_683_fu_3568          |    0    |    0    |
|          |       trunc_ln46_109_fu_3672       |    0    |    0    |
|          |           tmp_689_fu_3738          |    0    |    0    |
|          |       trunc_ln46_110_fu_3842       |    0    |    0    |
|          |           tmp_695_fu_3908          |    0    |    0    |
|          |       trunc_ln46_111_fu_4012       |    0    |    0    |
|          |           tmp_701_fu_4078          |    0    |    0    |
|          |       trunc_ln46_112_fu_4182       |    0    |    0    |
|          |           tmp_707_fu_4248          |    0    |    0    |
|          |       trunc_ln46_113_fu_4352       |    0    |    0    |
|          |           tmp_713_fu_4418          |    0    |    0    |
|          |       trunc_ln46_114_fu_4522       |    0    |    0    |
|          |           tmp_719_fu_4588          |    0    |    0    |
|          |       trunc_ln46_115_fu_4692       |    0    |    0    |
|          |           tmp_725_fu_4758          |    0    |    0    |
|----------|------------------------------------|---------|---------|
|          |          trunc_ln46_fu_290         |    0    |    0    |
|          |        trunc_ln46_154_fu_460       |    0    |    0    |
|          |        trunc_ln46_155_fu_630       |    0    |    0    |
|          |        trunc_ln46_156_fu_800       |    0    |    0    |
|          |        trunc_ln46_157_fu_970       |    0    |    0    |
|          |       trunc_ln46_158_fu_1140       |    0    |    0    |
|          |       trunc_ln46_159_fu_1310       |    0    |    0    |
|          |       trunc_ln46_160_fu_1480       |    0    |    0    |
|          |       trunc_ln46_161_fu_1650       |    0    |    0    |
|          |       trunc_ln46_162_fu_1820       |    0    |    0    |
|          |       trunc_ln46_163_fu_1990       |    0    |    0    |
|          |       trunc_ln46_164_fu_2160       |    0    |    0    |
|          |       trunc_ln46_165_fu_2330       |    0    |    0    |
|   trunc  |       trunc_ln46_166_fu_2500       |    0    |    0    |
|          |       trunc_ln46_167_fu_2670       |    0    |    0    |
|          |       trunc_ln46_168_fu_2840       |    0    |    0    |
|          |       trunc_ln46_169_fu_3010       |    0    |    0    |
|          |       trunc_ln46_170_fu_3180       |    0    |    0    |
|          |       trunc_ln46_171_fu_3350       |    0    |    0    |
|          |       trunc_ln46_172_fu_3520       |    0    |    0    |
|          |       trunc_ln46_173_fu_3690       |    0    |    0    |
|          |       trunc_ln46_174_fu_3860       |    0    |    0    |
|          |       trunc_ln46_175_fu_4030       |    0    |    0    |
|          |       trunc_ln46_176_fu_4200       |    0    |    0    |
|          |       trunc_ln46_177_fu_4370       |    0    |    0    |
|          |       trunc_ln46_178_fu_4540       |    0    |    0    |
|          |       trunc_ln46_179_fu_4710       |    0    |    0    |
|----------|------------------------------------|---------|---------|
|          |          zext_ln46_fu_328          |    0    |    0    |
|          |         zext_ln46_93_fu_498        |    0    |    0    |
|          |         zext_ln46_94_fu_668        |    0    |    0    |
|          |         zext_ln46_95_fu_838        |    0    |    0    |
|          |        zext_ln46_96_fu_1008        |    0    |    0    |
|          |        zext_ln46_97_fu_1178        |    0    |    0    |
|          |        zext_ln46_98_fu_1348        |    0    |    0    |
|          |        zext_ln46_99_fu_1518        |    0    |    0    |
|          |        zext_ln46_100_fu_1688       |    0    |    0    |
|          |        zext_ln46_101_fu_1858       |    0    |    0    |
|          |        zext_ln46_102_fu_2028       |    0    |    0    |
|          |        zext_ln46_103_fu_2198       |    0    |    0    |
|          |        zext_ln46_104_fu_2368       |    0    |    0    |
|   zext   |        zext_ln46_105_fu_2538       |    0    |    0    |
|          |        zext_ln46_106_fu_2708       |    0    |    0    |
|          |        zext_ln46_107_fu_2878       |    0    |    0    |
|          |        zext_ln46_108_fu_3048       |    0    |    0    |
|          |        zext_ln46_109_fu_3218       |    0    |    0    |
|          |        zext_ln46_110_fu_3388       |    0    |    0    |
|          |        zext_ln46_111_fu_3558       |    0    |    0    |
|          |        zext_ln46_112_fu_3728       |    0    |    0    |
|          |        zext_ln46_113_fu_3898       |    0    |    0    |
|          |        zext_ln46_114_fu_4068       |    0    |    0    |
|          |        zext_ln46_115_fu_4238       |    0    |    0    |
|          |        zext_ln46_116_fu_4408       |    0    |    0    |
|          |        zext_ln46_117_fu_4578       |    0    |    0    |
|          |        zext_ln46_118_fu_4748       |    0    |    0    |
|----------|------------------------------------|---------|---------|
|          |             mrv_fu_4848            |    0    |    0    |
|          |            mrv_1_fu_4854           |    0    |    0    |
|          |            mrv_2_fu_4860           |    0    |    0    |
|          |            mrv_3_fu_4866           |    0    |    0    |
|          |            mrv_4_fu_4872           |    0    |    0    |
|          |            mrv_5_fu_4878           |    0    |    0    |
|          |            mrv_6_fu_4884           |    0    |    0    |
|          |            mrv_7_fu_4890           |    0    |    0    |
|          |            mrv_8_fu_4896           |    0    |    0    |
|          |            mrv_9_fu_4902           |    0    |    0    |
|          |           mrv_10_fu_4908           |    0    |    0    |
|          |           mrv_11_fu_4914           |    0    |    0    |
|          |           mrv_12_fu_4920           |    0    |    0    |
|insertvalue|           mrv_13_fu_4926           |    0    |    0    |
|          |           mrv_14_fu_4932           |    0    |    0    |
|          |           mrv_15_fu_4938           |    0    |    0    |
|          |           mrv_16_fu_4944           |    0    |    0    |
|          |           mrv_17_fu_4950           |    0    |    0    |
|          |           mrv_18_fu_4956           |    0    |    0    |
|          |           mrv_19_fu_4962           |    0    |    0    |
|          |           mrv_20_fu_4968           |    0    |    0    |
|          |           mrv_21_fu_4974           |    0    |    0    |
|          |           mrv_22_fu_4980           |    0    |    0    |
|          |           mrv_23_fu_4986           |    0    |    0    |
|          |           mrv_24_fu_4992           |    0    |    0    |
|          |           mrv_25_fu_4998           |    0    |    0    |
|          |           mrv_26_fu_5004           |    0    |    0    |
|----------|------------------------------------|---------|---------|
|   Total  |                                    |    0    |   2808  |
|----------|------------------------------------|---------|---------|

Memories:
N/A

* Register list:
N/A

* Multiplexer (MUX) list: 
|--------|------|------|------|--------|
|  Comp  |  Pin | Size |  BW  | S x BW |
|--------|------|------|------|--------|
|  Total |      |      |      |    0   |
|--------|------|------|------|--------|



* Summary:
+-----------+--------+--------+
|           |   FF   |   LUT  |
+-----------+--------+--------+
|  Function |    0   |  2808  |
|   Memory  |    -   |    -   |
|Multiplexer|    -   |    -   |
|  Register |    -   |    -   |
+-----------+--------+--------+
|   Total   |    0   |  2808  |
+-----------+--------+--------+
