

================================================================
== Vitis HLS Report for 'softmax_stable_ap_fixed_ap_fixed_16_6_5_3_0_softmax_config13_s'
================================================================
* Date:           Tue Oct 14 15:23:01 2025

* Version:        2024.2 (Build 5238294 on Nov  8 2024)
* Project:        myproject_prj
* Solution:       solution1 (Vivado IP Flow Target)
* Product family: virtexuplus
* Target device:  xcu250-figd2104-2L-e


================================================================
== Performance Estimates
================================================================
+ Timing: 
    * Summary: 
    +--------+---------+----------+------------+
    |  Clock |  Target | Estimated| Uncertainty|
    +--------+---------+----------+------------+
    |ap_clk  |  5.00 ns|  3.390 ns|     1.35 ns|
    +--------+---------+----------+------------+

+ Latency: 
    * Summary: 
    +---------+---------+-----------+-----------+-----+-----+---------+
    |  Latency (cycles) |   Latency (absolute)  |  Interval | Pipeline|
    |   min   |   max   |    min    |    max    | min | max |   Type  |
    +---------+---------+-----------+-----------+-----+-----+---------+
    |        4|        4|  20.000 ns|  20.000 ns|    1|    1|      yes|
    +---------+---------+-----------+-----------+-----+-----+---------+

    + Detail: 
        * Instance: 
        N/A

        * Loop: 
        N/A



================================================================
== Utilization Estimates
================================================================
* Summary: 
+---------------------+---------+-------+---------+---------+------+
|         Name        | BRAM_18K|  DSP  |    FF   |   LUT   | URAM |
+---------------------+---------+-------+---------+---------+------+
|DSP                  |        -|      -|        -|        -|     -|
|Expression           |        -|      -|        0|      517|     -|
|FIFO                 |        -|      -|        -|        -|     -|
|Instance             |        -|      5|        0|       25|     -|
|Memory               |        8|      -|        0|        0|     -|
|Multiplexer          |        -|      -|        0|       70|     -|
|Register             |        -|      -|      443|        -|     -|
+---------------------+---------+-------+---------+---------+------+
|Total                |        8|      5|      443|      612|     0|
+---------------------+---------+-------+---------+---------+------+
|Available SLR        |     1344|   3072|   864000|   432000|   320|
+---------------------+---------+-------+---------+---------+------+
|Utilization SLR (%)  |       ~0|     ~0|       ~0|       ~0|     0|
+---------------------+---------+-------+---------+---------+------+
|Available            |     5376|  12288|  3456000|  1728000|  1280|
+---------------------+---------+-------+---------+---------+------+
|Utilization (%)      |       ~0|     ~0|       ~0|       ~0|     0|
+---------------------+---------+-------+---------+---------+------+

+ Detail: 
    * Instance: 
    +-------------------------+--------------------+---------+----+---+----+-----+
    |         Instance        |       Module       | BRAM_18K| DSP| FF| LUT| URAM|
    +-------------------------+--------------------+---------+----+---+----+-----+
    |mul_18s_18s_30_1_0_U386  |mul_18s_18s_30_1_0  |        0|   1|  0|   5|    0|
    |mul_18s_18s_30_1_0_U387  |mul_18s_18s_30_1_0  |        0|   1|  0|   5|    0|
    |mul_18s_18s_30_1_0_U388  |mul_18s_18s_30_1_0  |        0|   1|  0|   5|    0|
    |mul_18s_18s_30_1_0_U389  |mul_18s_18s_30_1_0  |        0|   1|  0|   5|    0|
    |mul_18s_18s_30_1_0_U390  |mul_18s_18s_30_1_0  |        0|   1|  0|   5|    0|
    +-------------------------+--------------------+---------+----+---+----+-----+
    |Total                    |                    |        0|   5|  0|  25|    0|
    +-------------------------+--------------------+---------+----+---+----+-----+

    * DSP: 
    N/A

    * Memory: 
    +----------------+----------------------------------------------------------------------------------+---------+---+----+-----+------+-----+------+-------------+
    |     Memory     |                                      Module                                      | BRAM_18K| FF| LUT| URAM| Words| Bits| Banks| W*Bits*Banks|
    +----------------+----------------------------------------------------------------------------------+---------+---+----+-----+------+-----+------+-------------+
    |exp_table_U     |softmax_stable_ap_fixed_ap_fixed_16_6_5_3_0_softmax_config13_s_exp_table_ROM_bkb  |        6|  0|   0|    0|  1024|   18|     1|        18432|
    |invert_table_U  |softmax_stable_ap_fixed_ap_fixed_16_6_5_3_0_softmax_config13_s_invert_table_Rcud  |        2|  0|   0|    0|  1024|   18|     1|        18432|
    +----------------+----------------------------------------------------------------------------------+---------+---+----+-----+------+-----+------+-------------+
    |Total           |                                                                                  |        8|  0|   0|    0|  2048|   36|     2|        36864|
    +----------------+----------------------------------------------------------------------------------+---------+---+----+-----+------+-----+------+-------------+

    * FIFO: 
    N/A

    * Expression: 
    +--------------------------+----------+----+---+----+------------+------------+
    |       Variable Name      | Operation| DSP| FF| LUT| Bitwidth P0| Bitwidth P1|
    +--------------------------+----------+----+---+----+------------+------------+
    |add_ln51_1_fu_610_p2      |         +|   0|  0|  18|          18|          18|
    |add_ln51_2_fu_614_p2      |         +|   0|  0|  18|          18|          18|
    |add_ln51_fu_604_p2        |         +|   0|  0|  18|          18|          18|
    |exp_sum_fu_619_p2         |         +|   0|  0|  18|          18|          18|
    |sub_ln245_1_fu_282_p2     |         -|   0|  0|  26|          19|          19|
    |sub_ln245_2_fu_325_p2     |         -|   0|  0|  26|          19|          19|
    |sub_ln245_3_fu_368_p2     |         -|   0|  0|  26|          19|          19|
    |sub_ln245_4_fu_411_p2     |         -|   0|  0|  26|          19|          19|
    |sub_ln245_fu_239_p2       |         -|   0|  0|  26|          19|          19|
    |and_ln245_1_fu_310_p2     |       and|   0|  0|   2|           1|           1|
    |and_ln245_2_fu_353_p2     |       and|   0|  0|   2|           1|           1|
    |and_ln245_3_fu_396_p2     |       and|   0|  0|   2|           1|           1|
    |and_ln245_4_fu_439_p2     |       and|   0|  0|   2|           1|           1|
    |and_ln245_fu_267_p2       |       and|   0|  0|   2|           1|           1|
    |icmp_ln66_1_fu_176_p2     |      icmp|   0|  0|  25|          18|          18|
    |icmp_ln66_2_fu_196_p2     |      icmp|   0|  0|  25|          18|          18|
    |icmp_ln66_3_fu_216_p2     |      icmp|   0|  0|  25|          18|          18|
    |icmp_ln66_fu_156_p2       |      icmp|   0|  0|  25|          18|          18|
    |a_fu_208_p3               |    select|   0|  0|  18|           1|          18|
    |select_ln245_1_fu_469_p3  |    select|   0|  0|  10|           1|          10|
    |select_ln245_2_fu_477_p3  |    select|   0|  0|  11|           1|           9|
    |select_ln245_3_fu_495_p3  |    select|   0|  0|  10|           1|          10|
    |select_ln245_4_fu_503_p3  |    select|   0|  0|  11|           1|           9|
    |select_ln245_5_fu_521_p3  |    select|   0|  0|  10|           1|          10|
    |select_ln245_6_fu_534_p3  |    select|   0|  0|  11|           1|           9|
    |select_ln245_7_fu_552_p3  |    select|   0|  0|  10|           1|          10|
    |select_ln245_8_fu_565_p3  |    select|   0|  0|  11|           1|           9|
    |select_ln245_9_fu_583_p3  |    select|   0|  0|  10|           1|          10|
    |select_ln245_fu_451_p3    |    select|   0|  0|  11|           1|           9|
    |select_ln66_1_fu_188_p3   |    select|   0|  0|  18|           1|          18|
    |select_ln66_fu_168_p3     |    select|   0|  0|  18|           1|          18|
    |x_max_fu_226_p3           |    select|   0|  0|  18|           1|          18|
    |xor_ln245_1_fu_273_p2     |       xor|   0|  0|   2|           1|           1|
    |xor_ln245_2_fu_304_p2     |       xor|   0|  0|   2|           1|           2|
    |xor_ln245_3_fu_316_p2     |       xor|   0|  0|   2|           1|           1|
    |xor_ln245_4_fu_347_p2     |       xor|   0|  0|   2|           1|           2|
    |xor_ln245_5_fu_359_p2     |       xor|   0|  0|   2|           1|           1|
    |xor_ln245_6_fu_390_p2     |       xor|   0|  0|   2|           1|           2|
    |xor_ln245_7_fu_402_p2     |       xor|   0|  0|   2|           1|           1|
    |xor_ln245_8_fu_433_p2     |       xor|   0|  0|   2|           1|           2|
    |xor_ln245_9_fu_445_p2     |       xor|   0|  0|   2|           1|           1|
    |xor_ln245_fu_261_p2       |       xor|   0|  0|   2|           1|           2|
    |xor_ln66_1_fu_182_p2      |       xor|   0|  0|   2|           1|           2|
    |xor_ln66_2_fu_202_p2      |       xor|   0|  0|   2|           1|           2|
    |xor_ln66_3_fu_220_p2      |       xor|   0|  0|   2|           1|           2|
    |xor_ln66_fu_162_p2        |       xor|   0|  0|   2|           1|           2|
    +--------------------------+----------+----+---+----+------------+------------+
    |Total                     |          |   0|  0| 517|         272|         434|
    +--------------------------+----------+----+---+----+------------+------------+

    * Multiplexer: 
    +-------------+----+-----------+-----+-----------+
    |     Name    | LUT| Input Size| Bits| Total Bits|
    +-------------+----+-----------+-----+-----------+
    |ap_return_0  |  14|          3|   16|         48|
    |ap_return_1  |  14|          3|   16|         48|
    |ap_return_2  |  14|          3|   16|         48|
    |ap_return_3  |  14|          3|   16|         48|
    |ap_return_4  |  14|          3|   16|         48|
    +-------------+----+-----------+-----+-----------+
    |Total        |  70|         15|   80|        240|
    +-------------+----+-----------+-----+-----------+

    * Register: 
    +---------------------------+----+----+-----+-----------+
    |            Name           | FF | LUT| Bits| Const Bits|
    +---------------------------+----+----+-----+-----------+
    |a_1_reg_855                |  18|   0|   18|          0|
    |a_2_reg_837                |  18|   0|   18|          0|
    |a_2_reg_837_pp0_iter3_reg  |  18|   0|   18|          0|
    |a_reg_796                  |  18|   0|   18|          0|
    |ap_ce_reg                  |   1|   0|    1|          0|
    |ap_return_0_int_reg        |  16|   0|   16|          0|
    |ap_return_1_int_reg        |  16|   0|   16|          0|
    |ap_return_2_int_reg        |  16|   0|   16|          0|
    |ap_return_3_int_reg        |  16|   0|   16|          0|
    |ap_return_4_int_reg        |  16|   0|   16|          0|
    |b_1_reg_843                |  18|   0|   18|          0|
    |b_1_reg_843_pp0_iter3_reg  |  18|   0|   18|          0|
    |b_2_reg_849                |  18|   0|   18|          0|
    |b_2_reg_849_pp0_iter3_reg  |  18|   0|   18|          0|
    |b_reg_860                  |  18|   0|   18|          0|
    |data_0_val_int_reg         |  18|   0|   18|          0|
    |data_0_val_read_reg_791    |  18|   0|   18|          0|
    |data_1_val_int_reg         |  18|   0|   18|          0|
    |data_1_val_read_reg_786    |  18|   0|   18|          0|
    |data_2_val_int_reg         |  18|   0|   18|          0|
    |data_2_val_read_reg_781    |  18|   0|   18|          0|
    |data_3_val_int_reg         |  18|   0|   18|          0|
    |data_3_val_read_reg_776    |  18|   0|   18|          0|
    |data_4_val_int_reg         |  18|   0|   18|          0|
    |data_4_val_read_reg_769    |  18|   0|   18|          0|
    |select_ln245_1_reg_802     |  10|   0|   10|          0|
    |select_ln245_3_reg_807     |  10|   0|   10|          0|
    +---------------------------+----+----+-----+-----------+
    |Total                      | 443|   0|  443|          0|
    +---------------------------+----+----+-----+-----------+



================================================================
== Interface
================================================================
* Summary: 
+-------------+-----+-----+------------+----------------------------------------------------------------+--------------+
|  RTL Ports  | Dir | Bits|  Protocol  |                          Source Object                         |    C Type    |
+-------------+-----+-----+------------+----------------------------------------------------------------+--------------+
|ap_clk       |   in|    1|  ap_ctrl_hs|  softmax_stable<ap_fixed,ap_fixed<16,6,5,3,0>,softmax_config13>|  return value|
|ap_rst       |   in|    1|  ap_ctrl_hs|  softmax_stable<ap_fixed,ap_fixed<16,6,5,3,0>,softmax_config13>|  return value|
|ap_return_0  |  out|   16|  ap_ctrl_hs|  softmax_stable<ap_fixed,ap_fixed<16,6,5,3,0>,softmax_config13>|  return value|
|ap_return_1  |  out|   16|  ap_ctrl_hs|  softmax_stable<ap_fixed,ap_fixed<16,6,5,3,0>,softmax_config13>|  return value|
|ap_return_2  |  out|   16|  ap_ctrl_hs|  softmax_stable<ap_fixed,ap_fixed<16,6,5,3,0>,softmax_config13>|  return value|
|ap_return_3  |  out|   16|  ap_ctrl_hs|  softmax_stable<ap_fixed,ap_fixed<16,6,5,3,0>,softmax_config13>|  return value|
|ap_return_4  |  out|   16|  ap_ctrl_hs|  softmax_stable<ap_fixed,ap_fixed<16,6,5,3,0>,softmax_config13>|  return value|
|ap_ce        |   in|    1|  ap_ctrl_hs|  softmax_stable<ap_fixed,ap_fixed<16,6,5,3,0>,softmax_config13>|  return value|
|data_0_val   |   in|   18|     ap_none|                                                      data_0_val|        scalar|
|data_1_val   |   in|   18|     ap_none|                                                      data_1_val|        scalar|
|data_2_val   |   in|   18|     ap_none|                                                      data_2_val|        scalar|
|data_3_val   |   in|   18|     ap_none|                                                      data_3_val|        scalar|
|data_4_val   |   in|   18|     ap_none|                                                      data_4_val|        scalar|
+-------------+-----+-----+------------+----------------------------------------------------------------+--------------+

============================================================
+ Verbose Summary: Synthesis Manager
============================================================
InlineROM: 1
ExposeGlobal: 0
============================================================
+ Verbose Summary: CDFG Model
============================================================
IsTopModel: 0
ResetActiveHigh: 1
IsCombinational: 2
IsDatapathOnly: 1
HasWiredReturn: 1
HasMFsm: 2
HasVarLatency: 0
IsPipeline: 1
IsRtlPipelined: 1
IsInstanceOverlapped: 0
IsDontTouch: 0
HasImplIP: 0
IsGatedGlobalClock: 0

+ Individual pipeline summary: 
  * Pipeline-0: initiation interval (II) = 1, depth = 5


============================================================
+ Verbose Summary: Schedule
============================================================
* Number of FSM states : 5
* Pipeline : 1
  Pipeline-0 : II = 1, D = 5, States = { 1 2 3 4 5 }
* Dataflow Pipeline: 0

* FSM state transitions: 
1 --> 2 
2 --> 3 
3 --> 4 
4 --> 5 
5 --> 

* FSM state operations: 

State 1 <SV = 0> <Delay = 2.18>
ST_1 : Operation 6 [1/1] (0.00ns)   --->   "%data_4_val_read = read i18 @_ssdm_op_Read.ap_auto.i18, i18 %data_4_val" [firmware/nnet_utils/nnet_common.h:66->firmware/nnet_utils/nnet_common.h:44->firmware/nnet_utils/nnet_common.h:46->firmware/nnet_utils/nnet_common.h:46->firmware/nnet_utils/nnet_activation.h:239]   --->   Operation 6 'read' 'data_4_val_read' <Predicate = true> <Delay = 0.00>
ST_1 : Operation 7 [1/1] (0.00ns)   --->   "%data_3_val_read = read i18 @_ssdm_op_Read.ap_auto.i18, i18 %data_3_val" [firmware/nnet_utils/nnet_common.h:66->firmware/nnet_utils/nnet_common.h:44->firmware/nnet_utils/nnet_common.h:46->firmware/nnet_utils/nnet_common.h:46->firmware/nnet_utils/nnet_activation.h:239]   --->   Operation 7 'read' 'data_3_val_read' <Predicate = true> <Delay = 0.00>
ST_1 : Operation 8 [1/1] (0.00ns)   --->   "%data_2_val_read = read i18 @_ssdm_op_Read.ap_auto.i18, i18 %data_2_val" [firmware/nnet_utils/nnet_common.h:66->firmware/nnet_utils/nnet_common.h:44->firmware/nnet_utils/nnet_common.h:46->firmware/nnet_utils/nnet_common.h:46->firmware/nnet_utils/nnet_activation.h:239]   --->   Operation 8 'read' 'data_2_val_read' <Predicate = true> <Delay = 0.00>
ST_1 : Operation 9 [1/1] (0.00ns)   --->   "%data_1_val_read = read i18 @_ssdm_op_Read.ap_auto.i18, i18 %data_1_val" [firmware/nnet_utils/nnet_common.h:66->firmware/nnet_utils/nnet_common.h:44->firmware/nnet_utils/nnet_common.h:46->firmware/nnet_utils/nnet_common.h:46->firmware/nnet_utils/nnet_activation.h:239]   --->   Operation 9 'read' 'data_1_val_read' <Predicate = true> <Delay = 0.00>
ST_1 : Operation 10 [1/1] (0.00ns)   --->   "%data_0_val_read = read i18 @_ssdm_op_Read.ap_auto.i18, i18 %data_0_val" [firmware/nnet_utils/nnet_common.h:66->firmware/nnet_utils/nnet_common.h:44->firmware/nnet_utils/nnet_common.h:46->firmware/nnet_utils/nnet_common.h:46->firmware/nnet_utils/nnet_activation.h:239]   --->   Operation 10 'read' 'data_0_val_read' <Predicate = true> <Delay = 0.00>
ST_1 : Operation 11 [1/1] (0.79ns)   --->   "%icmp_ln66 = icmp_slt  i18 %data_0_val_read, i18 %data_1_val_read" [firmware/nnet_utils/nnet_common.h:66->firmware/nnet_utils/nnet_common.h:44->firmware/nnet_utils/nnet_common.h:46->firmware/nnet_utils/nnet_common.h:46->firmware/nnet_utils/nnet_activation.h:239]   --->   Operation 11 'icmp' 'icmp_ln66' <Predicate = true> <Delay = 0.79> <CoreInst = "Cmp">   --->   Core 9 'Cmp' <Latency = 0> <II = 1> <Delay = 0.79> <FuncUnit> <Opcode : 'seteq' 'setne' 'setle' 'setge' 'setlt' 'setgt'> <InPorts = 2> <OutPorts = 1>
ST_1 : Operation 12 [1/1] (0.00ns) (grouped into LUT with out node select_ln66)   --->   "%xor_ln66 = xor i1 %icmp_ln66, i1 1" [firmware/nnet_utils/nnet_common.h:66->firmware/nnet_utils/nnet_common.h:44->firmware/nnet_utils/nnet_common.h:46->firmware/nnet_utils/nnet_common.h:46->firmware/nnet_utils/nnet_activation.h:239]   --->   Operation 12 'xor' 'xor_ln66' <Predicate = true> <Delay = 0.00> <CoreInst = "LogicGate">   --->   Core 74 'LogicGate' <Latency = 0> <II = 1> <Delay = 0.12> <FuncUnit> <Opcode : 'and' 'or' 'xor'> <InPorts = 2> <OutPorts = 1>
ST_1 : Operation 13 [1/1] (0.29ns) (out node of the LUT)   --->   "%select_ln66 = select i1 %xor_ln66, i18 %data_0_val_read, i18 %data_1_val_read" [firmware/nnet_utils/nnet_common.h:66->firmware/nnet_utils/nnet_common.h:44->firmware/nnet_utils/nnet_common.h:46->firmware/nnet_utils/nnet_common.h:46->firmware/nnet_utils/nnet_activation.h:239]   --->   Operation 13 'select' 'select_ln66' <Predicate = true> <Delay = 0.29> <CoreInst = "Sel">   --->   Core 73 'Sel' <Latency = 0> <II = 1> <Delay = 0.29> <FuncUnit> <Opcode : 'select'> <InPorts = 3> <OutPorts = 1>
ST_1 : Operation 14 [1/1] (0.79ns)   --->   "%icmp_ln66_1 = icmp_slt  i18 %data_2_val_read, i18 %data_3_val_read" [firmware/nnet_utils/nnet_common.h:66->firmware/nnet_utils/nnet_common.h:44->firmware/nnet_utils/nnet_common.h:46->firmware/nnet_utils/nnet_common.h:46->firmware/nnet_utils/nnet_activation.h:239]   --->   Operation 14 'icmp' 'icmp_ln66_1' <Predicate = true> <Delay = 0.79> <CoreInst = "Cmp">   --->   Core 9 'Cmp' <Latency = 0> <II = 1> <Delay = 0.79> <FuncUnit> <Opcode : 'seteq' 'setne' 'setle' 'setge' 'setlt' 'setgt'> <InPorts = 2> <OutPorts = 1>
ST_1 : Operation 15 [1/1] (0.00ns) (grouped into LUT with out node select_ln66_1)   --->   "%xor_ln66_1 = xor i1 %icmp_ln66_1, i1 1" [firmware/nnet_utils/nnet_common.h:66->firmware/nnet_utils/nnet_common.h:44->firmware/nnet_utils/nnet_common.h:46->firmware/nnet_utils/nnet_common.h:46->firmware/nnet_utils/nnet_activation.h:239]   --->   Operation 15 'xor' 'xor_ln66_1' <Predicate = true> <Delay = 0.00> <CoreInst = "LogicGate">   --->   Core 74 'LogicGate' <Latency = 0> <II = 1> <Delay = 0.12> <FuncUnit> <Opcode : 'and' 'or' 'xor'> <InPorts = 2> <OutPorts = 1>
ST_1 : Operation 16 [1/1] (0.29ns) (out node of the LUT)   --->   "%select_ln66_1 = select i1 %xor_ln66_1, i18 %data_2_val_read, i18 %data_3_val_read" [firmware/nnet_utils/nnet_common.h:66->firmware/nnet_utils/nnet_common.h:44->firmware/nnet_utils/nnet_common.h:46->firmware/nnet_utils/nnet_common.h:46->firmware/nnet_utils/nnet_activation.h:239]   --->   Operation 16 'select' 'select_ln66_1' <Predicate = true> <Delay = 0.29> <CoreInst = "Sel">   --->   Core 73 'Sel' <Latency = 0> <II = 1> <Delay = 0.29> <FuncUnit> <Opcode : 'select'> <InPorts = 3> <OutPorts = 1>
ST_1 : Operation 17 [1/1] (0.79ns)   --->   "%icmp_ln66_2 = icmp_slt  i18 %select_ln66, i18 %select_ln66_1" [firmware/nnet_utils/nnet_common.h:66->firmware/nnet_utils/nnet_common.h:46->firmware/nnet_utils/nnet_common.h:46->firmware/nnet_utils/nnet_activation.h:239]   --->   Operation 17 'icmp' 'icmp_ln66_2' <Predicate = true> <Delay = 0.79> <CoreInst = "Cmp">   --->   Core 9 'Cmp' <Latency = 0> <II = 1> <Delay = 0.79> <FuncUnit> <Opcode : 'seteq' 'setne' 'setle' 'setge' 'setlt' 'setgt'> <InPorts = 2> <OutPorts = 1>
ST_1 : Operation 18 [1/1] (0.00ns) (grouped into LUT with out node a)   --->   "%xor_ln66_2 = xor i1 %icmp_ln66_2, i1 1" [firmware/nnet_utils/nnet_common.h:66->firmware/nnet_utils/nnet_common.h:46->firmware/nnet_utils/nnet_common.h:46->firmware/nnet_utils/nnet_activation.h:239]   --->   Operation 18 'xor' 'xor_ln66_2' <Predicate = true> <Delay = 0.00> <CoreInst = "LogicGate">   --->   Core 74 'LogicGate' <Latency = 0> <II = 1> <Delay = 0.12> <FuncUnit> <Opcode : 'and' 'or' 'xor'> <InPorts = 2> <OutPorts = 1>
ST_1 : Operation 19 [1/1] (0.29ns) (out node of the LUT)   --->   "%a = select i1 %xor_ln66_2, i18 %select_ln66, i18 %select_ln66_1" [firmware/nnet_utils/nnet_common.h:66->firmware/nnet_utils/nnet_common.h:46->firmware/nnet_utils/nnet_common.h:46->firmware/nnet_utils/nnet_activation.h:239]   --->   Operation 19 'select' 'a' <Predicate = true> <Delay = 0.29> <CoreInst = "Sel">   --->   Core 73 'Sel' <Latency = 0> <II = 1> <Delay = 0.29> <FuncUnit> <Opcode : 'select'> <InPorts = 3> <OutPorts = 1>

State 2 <SV = 1> <Delay = 3.39>
ST_2 : Operation 20 [1/1] (0.79ns)   --->   "%icmp_ln66_3 = icmp_slt  i18 %a, i18 %data_4_val_read" [firmware/nnet_utils/nnet_common.h:66->firmware/nnet_utils/nnet_common.h:46->firmware/nnet_utils/nnet_activation.h:239]   --->   Operation 20 'icmp' 'icmp_ln66_3' <Predicate = true> <Delay = 0.79> <CoreInst = "Cmp">   --->   Core 9 'Cmp' <Latency = 0> <II = 1> <Delay = 0.79> <FuncUnit> <Opcode : 'seteq' 'setne' 'setle' 'setge' 'setlt' 'setgt'> <InPorts = 2> <OutPorts = 1>
ST_2 : Operation 21 [1/1] (0.00ns) (grouped into LUT with out node x_max)   --->   "%xor_ln66_3 = xor i1 %icmp_ln66_3, i1 1" [firmware/nnet_utils/nnet_common.h:66->firmware/nnet_utils/nnet_common.h:46->firmware/nnet_utils/nnet_activation.h:239]   --->   Operation 21 'xor' 'xor_ln66_3' <Predicate = true> <Delay = 0.00> <CoreInst = "LogicGate">   --->   Core 74 'LogicGate' <Latency = 0> <II = 1> <Delay = 0.12> <FuncUnit> <Opcode : 'and' 'or' 'xor'> <InPorts = 2> <OutPorts = 1>
ST_2 : Operation 22 [1/1] (0.29ns) (out node of the LUT)   --->   "%x_max = select i1 %xor_ln66_3, i18 %a, i18 %data_4_val_read" [firmware/nnet_utils/nnet_common.h:66->firmware/nnet_utils/nnet_common.h:46->firmware/nnet_utils/nnet_activation.h:239]   --->   Operation 22 'select' 'x_max' <Predicate = true> <Delay = 0.29> <CoreInst = "Sel">   --->   Core 73 'Sel' <Latency = 0> <II = 1> <Delay = 0.29> <FuncUnit> <Opcode : 'select'> <InPorts = 3> <OutPorts = 1>
ST_2 : Operation 23 [1/1] (0.00ns)   --->   "%conv36_i = sext i18 %x_max" [firmware/nnet_utils/nnet_common.h:66->firmware/nnet_utils/nnet_common.h:46->firmware/nnet_utils/nnet_activation.h:239]   --->   Operation 23 'sext' 'conv36_i' <Predicate = true> <Delay = 0.00>
ST_2 : Operation 24 [1/1] (0.00ns)   --->   "%sext_ln245 = sext i18 %data_0_val_read" [firmware/nnet_utils/nnet_activation.h:245]   --->   Operation 24 'sext' 'sext_ln245' <Predicate = true> <Delay = 0.00>
ST_2 : Operation 25 [1/1] (0.79ns)   --->   "%sub_ln245 = sub i19 %sext_ln245, i19 %conv36_i" [firmware/nnet_utils/nnet_activation.h:245]   --->   Operation 25 'sub' 'sub_ln245' <Predicate = true> <Delay = 0.79> <CoreInst = "Adder">   --->   Core 1 'Adder' <Latency = 0> <II = 1> <Delay = 0.80> <FuncUnit> <Opcode : 'add' 'sub'> <InPorts = 2> <OutPorts = 1>
ST_2 : Operation 26 [1/1] (0.00ns)   --->   "%tmp = bitselect i1 @_ssdm_op_BitSelect.i1.i19.i32, i19 %sub_ln245, i32 18" [firmware/nnet_utils/nnet_activation.h:245]   --->   Operation 26 'bitselect' 'tmp' <Predicate = true> <Delay = 0.00>
ST_2 : Operation 27 [1/1] (0.00ns)   --->   "%tmp_1 = bitselect i1 @_ssdm_op_BitSelect.i1.i19.i32, i19 %sub_ln245, i32 17" [firmware/nnet_utils/nnet_activation.h:245]   --->   Operation 27 'bitselect' 'tmp_1' <Predicate = true> <Delay = 0.00>
ST_2 : Operation 28 [1/1] (0.00ns) (grouped into LUT with out node select_ln245_1)   --->   "%xor_ln245 = xor i1 %tmp, i1 1" [firmware/nnet_utils/nnet_activation.h:245]   --->   Operation 28 'xor' 'xor_ln245' <Predicate = true> <Delay = 0.00> <CoreInst = "LogicGate">   --->   Core 74 'LogicGate' <Latency = 0> <II = 1> <Delay = 0.12> <FuncUnit> <Opcode : 'and' 'or' 'xor'> <InPorts = 2> <OutPorts = 1>
ST_2 : Operation 29 [1/1] (0.00ns) (grouped into LUT with out node select_ln245_1)   --->   "%and_ln245 = and i1 %tmp_1, i1 %xor_ln245" [firmware/nnet_utils/nnet_activation.h:245]   --->   Operation 29 'and' 'and_ln245' <Predicate = true> <Delay = 0.00> <CoreInst = "LogicGate">   --->   Core 74 'LogicGate' <Latency = 0> <II = 1> <Delay = 0.12> <FuncUnit> <Opcode : 'and' 'or' 'xor'> <InPorts = 2> <OutPorts = 1>
ST_2 : Operation 30 [1/1] (0.00ns) (grouped into LUT with out node select_ln245_1)   --->   "%xor_ln245_1 = xor i1 %tmp, i1 %tmp_1" [firmware/nnet_utils/nnet_activation.h:245]   --->   Operation 30 'xor' 'xor_ln245_1' <Predicate = true> <Delay = 0.00> <CoreInst = "LogicGate">   --->   Core 74 'LogicGate' <Latency = 0> <II = 1> <Delay = 0.12> <FuncUnit> <Opcode : 'and' 'or' 'xor'> <InPorts = 2> <OutPorts = 1>
ST_2 : Operation 31 [1/1] (0.00ns)   --->   "%sext_ln245_1 = sext i18 %data_1_val_read" [firmware/nnet_utils/nnet_activation.h:245]   --->   Operation 31 'sext' 'sext_ln245_1' <Predicate = true> <Delay = 0.00>
ST_2 : Operation 32 [1/1] (0.79ns)   --->   "%sub_ln245_1 = sub i19 %sext_ln245_1, i19 %conv36_i" [firmware/nnet_utils/nnet_activation.h:245]   --->   Operation 32 'sub' 'sub_ln245_1' <Predicate = true> <Delay = 0.79> <CoreInst = "Adder">   --->   Core 1 'Adder' <Latency = 0> <II = 1> <Delay = 0.80> <FuncUnit> <Opcode : 'add' 'sub'> <InPorts = 2> <OutPorts = 1>
ST_2 : Operation 33 [1/1] (0.00ns)   --->   "%tmp_2 = bitselect i1 @_ssdm_op_BitSelect.i1.i19.i32, i19 %sub_ln245_1, i32 18" [firmware/nnet_utils/nnet_activation.h:245]   --->   Operation 33 'bitselect' 'tmp_2' <Predicate = true> <Delay = 0.00>
ST_2 : Operation 34 [1/1] (0.00ns)   --->   "%tmp_3 = bitselect i1 @_ssdm_op_BitSelect.i1.i19.i32, i19 %sub_ln245_1, i32 17" [firmware/nnet_utils/nnet_activation.h:245]   --->   Operation 34 'bitselect' 'tmp_3' <Predicate = true> <Delay = 0.00>
ST_2 : Operation 35 [1/1] (0.00ns) (grouped into LUT with out node select_ln245_3)   --->   "%xor_ln245_2 = xor i1 %tmp_2, i1 1" [firmware/nnet_utils/nnet_activation.h:245]   --->   Operation 35 'xor' 'xor_ln245_2' <Predicate = true> <Delay = 0.00> <CoreInst = "LogicGate">   --->   Core 74 'LogicGate' <Latency = 0> <II = 1> <Delay = 0.12> <FuncUnit> <Opcode : 'and' 'or' 'xor'> <InPorts = 2> <OutPorts = 1>
ST_2 : Operation 36 [1/1] (0.00ns) (grouped into LUT with out node select_ln245_3)   --->   "%and_ln245_1 = and i1 %tmp_3, i1 %xor_ln245_2" [firmware/nnet_utils/nnet_activation.h:245]   --->   Operation 36 'and' 'and_ln245_1' <Predicate = true> <Delay = 0.00> <CoreInst = "LogicGate">   --->   Core 74 'LogicGate' <Latency = 0> <II = 1> <Delay = 0.12> <FuncUnit> <Opcode : 'and' 'or' 'xor'> <InPorts = 2> <OutPorts = 1>
ST_2 : Operation 37 [1/1] (0.00ns) (grouped into LUT with out node select_ln245_3)   --->   "%xor_ln245_3 = xor i1 %tmp_2, i1 %tmp_3" [firmware/nnet_utils/nnet_activation.h:245]   --->   Operation 37 'xor' 'xor_ln245_3' <Predicate = true> <Delay = 0.00> <CoreInst = "LogicGate">   --->   Core 74 'LogicGate' <Latency = 0> <II = 1> <Delay = 0.12> <FuncUnit> <Opcode : 'and' 'or' 'xor'> <InPorts = 2> <OutPorts = 1>
ST_2 : Operation 38 [1/1] (0.00ns)   --->   "%sext_ln245_2 = sext i18 %data_2_val_read" [firmware/nnet_utils/nnet_activation.h:245]   --->   Operation 38 'sext' 'sext_ln245_2' <Predicate = true> <Delay = 0.00>
ST_2 : Operation 39 [1/1] (0.79ns)   --->   "%sub_ln245_2 = sub i19 %sext_ln245_2, i19 %conv36_i" [firmware/nnet_utils/nnet_activation.h:245]   --->   Operation 39 'sub' 'sub_ln245_2' <Predicate = true> <Delay = 0.79> <CoreInst = "Adder">   --->   Core 1 'Adder' <Latency = 0> <II = 1> <Delay = 0.80> <FuncUnit> <Opcode : 'add' 'sub'> <InPorts = 2> <OutPorts = 1>
ST_2 : Operation 40 [1/1] (0.00ns)   --->   "%tmp_4 = bitselect i1 @_ssdm_op_BitSelect.i1.i19.i32, i19 %sub_ln245_2, i32 18" [firmware/nnet_utils/nnet_activation.h:245]   --->   Operation 40 'bitselect' 'tmp_4' <Predicate = true> <Delay = 0.00>
ST_2 : Operation 41 [1/1] (0.00ns)   --->   "%tmp_5 = bitselect i1 @_ssdm_op_BitSelect.i1.i19.i32, i19 %sub_ln245_2, i32 17" [firmware/nnet_utils/nnet_activation.h:245]   --->   Operation 41 'bitselect' 'tmp_5' <Predicate = true> <Delay = 0.00>
ST_2 : Operation 42 [1/1] (0.00ns) (grouped into LUT with out node select_ln245_5)   --->   "%xor_ln245_4 = xor i1 %tmp_4, i1 1" [firmware/nnet_utils/nnet_activation.h:245]   --->   Operation 42 'xor' 'xor_ln245_4' <Predicate = true> <Delay = 0.00> <CoreInst = "LogicGate">   --->   Core 74 'LogicGate' <Latency = 0> <II = 1> <Delay = 0.12> <FuncUnit> <Opcode : 'and' 'or' 'xor'> <InPorts = 2> <OutPorts = 1>
ST_2 : Operation 43 [1/1] (0.00ns) (grouped into LUT with out node select_ln245_5)   --->   "%and_ln245_2 = and i1 %tmp_5, i1 %xor_ln245_4" [firmware/nnet_utils/nnet_activation.h:245]   --->   Operation 43 'and' 'and_ln245_2' <Predicate = true> <Delay = 0.00> <CoreInst = "LogicGate">   --->   Core 74 'LogicGate' <Latency = 0> <II = 1> <Delay = 0.12> <FuncUnit> <Opcode : 'and' 'or' 'xor'> <InPorts = 2> <OutPorts = 1>
ST_2 : Operation 44 [1/1] (0.00ns) (grouped into LUT with out node select_ln245_5)   --->   "%xor_ln245_5 = xor i1 %tmp_4, i1 %tmp_5" [firmware/nnet_utils/nnet_activation.h:245]   --->   Operation 44 'xor' 'xor_ln245_5' <Predicate = true> <Delay = 0.00> <CoreInst = "LogicGate">   --->   Core 74 'LogicGate' <Latency = 0> <II = 1> <Delay = 0.12> <FuncUnit> <Opcode : 'and' 'or' 'xor'> <InPorts = 2> <OutPorts = 1>
ST_2 : Operation 45 [1/1] (0.00ns)   --->   "%sext_ln245_3 = sext i18 %data_3_val_read" [firmware/nnet_utils/nnet_activation.h:245]   --->   Operation 45 'sext' 'sext_ln245_3' <Predicate = true> <Delay = 0.00>
ST_2 : Operation 46 [1/1] (0.79ns)   --->   "%sub_ln245_3 = sub i19 %sext_ln245_3, i19 %conv36_i" [firmware/nnet_utils/nnet_activation.h:245]   --->   Operation 46 'sub' 'sub_ln245_3' <Predicate = true> <Delay = 0.79> <CoreInst = "Adder">   --->   Core 1 'Adder' <Latency = 0> <II = 1> <Delay = 0.80> <FuncUnit> <Opcode : 'add' 'sub'> <InPorts = 2> <OutPorts = 1>
ST_2 : Operation 47 [1/1] (0.00ns)   --->   "%tmp_6 = bitselect i1 @_ssdm_op_BitSelect.i1.i19.i32, i19 %sub_ln245_3, i32 18" [firmware/nnet_utils/nnet_activation.h:245]   --->   Operation 47 'bitselect' 'tmp_6' <Predicate = true> <Delay = 0.00>
ST_2 : Operation 48 [1/1] (0.00ns)   --->   "%tmp_7 = bitselect i1 @_ssdm_op_BitSelect.i1.i19.i32, i19 %sub_ln245_3, i32 17" [firmware/nnet_utils/nnet_activation.h:245]   --->   Operation 48 'bitselect' 'tmp_7' <Predicate = true> <Delay = 0.00>
ST_2 : Operation 49 [1/1] (0.00ns) (grouped into LUT with out node select_ln245_7)   --->   "%xor_ln245_6 = xor i1 %tmp_6, i1 1" [firmware/nnet_utils/nnet_activation.h:245]   --->   Operation 49 'xor' 'xor_ln245_6' <Predicate = true> <Delay = 0.00> <CoreInst = "LogicGate">   --->   Core 74 'LogicGate' <Latency = 0> <II = 1> <Delay = 0.12> <FuncUnit> <Opcode : 'and' 'or' 'xor'> <InPorts = 2> <OutPorts = 1>
ST_2 : Operation 50 [1/1] (0.00ns) (grouped into LUT with out node select_ln245_7)   --->   "%and_ln245_3 = and i1 %tmp_7, i1 %xor_ln245_6" [firmware/nnet_utils/nnet_activation.h:245]   --->   Operation 50 'and' 'and_ln245_3' <Predicate = true> <Delay = 0.00> <CoreInst = "LogicGate">   --->   Core 74 'LogicGate' <Latency = 0> <II = 1> <Delay = 0.12> <FuncUnit> <Opcode : 'and' 'or' 'xor'> <InPorts = 2> <OutPorts = 1>
ST_2 : Operation 51 [1/1] (0.00ns) (grouped into LUT with out node select_ln245_7)   --->   "%xor_ln245_7 = xor i1 %tmp_6, i1 %tmp_7" [firmware/nnet_utils/nnet_activation.h:245]   --->   Operation 51 'xor' 'xor_ln245_7' <Predicate = true> <Delay = 0.00> <CoreInst = "LogicGate">   --->   Core 74 'LogicGate' <Latency = 0> <II = 1> <Delay = 0.12> <FuncUnit> <Opcode : 'and' 'or' 'xor'> <InPorts = 2> <OutPorts = 1>
ST_2 : Operation 52 [1/1] (0.00ns)   --->   "%sext_ln245_4 = sext i18 %data_4_val_read" [firmware/nnet_utils/nnet_activation.h:245]   --->   Operation 52 'sext' 'sext_ln245_4' <Predicate = true> <Delay = 0.00>
ST_2 : Operation 53 [1/1] (0.79ns)   --->   "%sub_ln245_4 = sub i19 %sext_ln245_4, i19 %conv36_i" [firmware/nnet_utils/nnet_activation.h:245]   --->   Operation 53 'sub' 'sub_ln245_4' <Predicate = true> <Delay = 0.79> <CoreInst = "Adder">   --->   Core 1 'Adder' <Latency = 0> <II = 1> <Delay = 0.80> <FuncUnit> <Opcode : 'add' 'sub'> <InPorts = 2> <OutPorts = 1>
ST_2 : Operation 54 [1/1] (0.00ns)   --->   "%tmp_8 = bitselect i1 @_ssdm_op_BitSelect.i1.i19.i32, i19 %sub_ln245_4, i32 18" [firmware/nnet_utils/nnet_activation.h:245]   --->   Operation 54 'bitselect' 'tmp_8' <Predicate = true> <Delay = 0.00>
ST_2 : Operation 55 [1/1] (0.00ns)   --->   "%tmp_9 = bitselect i1 @_ssdm_op_BitSelect.i1.i19.i32, i19 %sub_ln245_4, i32 17" [firmware/nnet_utils/nnet_activation.h:245]   --->   Operation 55 'bitselect' 'tmp_9' <Predicate = true> <Delay = 0.00>
ST_2 : Operation 56 [1/1] (0.00ns) (grouped into LUT with out node select_ln245_9)   --->   "%xor_ln245_8 = xor i1 %tmp_8, i1 1" [firmware/nnet_utils/nnet_activation.h:245]   --->   Operation 56 'xor' 'xor_ln245_8' <Predicate = true> <Delay = 0.00> <CoreInst = "LogicGate">   --->   Core 74 'LogicGate' <Latency = 0> <II = 1> <Delay = 0.12> <FuncUnit> <Opcode : 'and' 'or' 'xor'> <InPorts = 2> <OutPorts = 1>
ST_2 : Operation 57 [1/1] (0.00ns) (grouped into LUT with out node select_ln245_9)   --->   "%and_ln245_4 = and i1 %tmp_9, i1 %xor_ln245_8" [firmware/nnet_utils/nnet_activation.h:245]   --->   Operation 57 'and' 'and_ln245_4' <Predicate = true> <Delay = 0.00> <CoreInst = "LogicGate">   --->   Core 74 'LogicGate' <Latency = 0> <II = 1> <Delay = 0.12> <FuncUnit> <Opcode : 'and' 'or' 'xor'> <InPorts = 2> <OutPorts = 1>
ST_2 : Operation 58 [1/1] (0.00ns) (grouped into LUT with out node select_ln245_9)   --->   "%xor_ln245_9 = xor i1 %tmp_8, i1 %tmp_9" [firmware/nnet_utils/nnet_activation.h:245]   --->   Operation 58 'xor' 'xor_ln245_9' <Predicate = true> <Delay = 0.00> <CoreInst = "LogicGate">   --->   Core 74 'LogicGate' <Latency = 0> <II = 1> <Delay = 0.12> <FuncUnit> <Opcode : 'and' 'or' 'xor'> <InPorts = 2> <OutPorts = 1>
ST_2 : Operation 59 [1/1] (0.00ns) (grouped into LUT with out node select_ln245_1)   --->   "%select_ln245 = select i1 %and_ln245, i10 511, i10 512" [firmware/nnet_utils/nnet_activation.h:245]   --->   Operation 59 'select' 'select_ln245' <Predicate = true> <Delay = 0.00> <CoreInst = "Sel">   --->   Core 73 'Sel' <Latency = 0> <II = 1> <Delay = 0.30> <FuncUnit> <Opcode : 'select'> <InPorts = 3> <OutPorts = 1>
ST_2 : Operation 60 [1/1] (0.00ns) (grouped into LUT with out node select_ln245_1)   --->   "%tmp_10 = partselect i10 @_ssdm_op_PartSelect.i10.i19.i32.i32, i19 %sub_ln245, i32 8, i32 17" [firmware/nnet_utils/nnet_activation.h:145->firmware/nnet_utils/nnet_activation.h:254]   --->   Operation 60 'partselect' 'tmp_10' <Predicate = true> <Delay = 0.00>
ST_2 : Operation 61 [1/1] (0.30ns) (out node of the LUT)   --->   "%select_ln245_1 = select i1 %xor_ln245_1, i10 %select_ln245, i10 %tmp_10" [firmware/nnet_utils/nnet_activation.h:245]   --->   Operation 61 'select' 'select_ln245_1' <Predicate = true> <Delay = 0.30> <CoreInst = "Sel">   --->   Core 73 'Sel' <Latency = 0> <II = 1> <Delay = 0.30> <FuncUnit> <Opcode : 'select'> <InPorts = 3> <OutPorts = 1>
ST_2 : Operation 62 [1/1] (0.00ns) (grouped into LUT with out node select_ln245_3)   --->   "%select_ln245_2 = select i1 %and_ln245_1, i10 511, i10 512" [firmware/nnet_utils/nnet_activation.h:245]   --->   Operation 62 'select' 'select_ln245_2' <Predicate = true> <Delay = 0.00> <CoreInst = "Sel">   --->   Core 73 'Sel' <Latency = 0> <II = 1> <Delay = 0.30> <FuncUnit> <Opcode : 'select'> <InPorts = 3> <OutPorts = 1>
ST_2 : Operation 63 [1/1] (0.00ns) (grouped into LUT with out node select_ln245_3)   --->   "%tmp_11 = partselect i10 @_ssdm_op_PartSelect.i10.i19.i32.i32, i19 %sub_ln245_1, i32 8, i32 17" [firmware/nnet_utils/nnet_activation.h:145->firmware/nnet_utils/nnet_activation.h:254]   --->   Operation 63 'partselect' 'tmp_11' <Predicate = true> <Delay = 0.00>
ST_2 : Operation 64 [1/1] (0.30ns) (out node of the LUT)   --->   "%select_ln245_3 = select i1 %xor_ln245_3, i10 %select_ln245_2, i10 %tmp_11" [firmware/nnet_utils/nnet_activation.h:245]   --->   Operation 64 'select' 'select_ln245_3' <Predicate = true> <Delay = 0.30> <CoreInst = "Sel">   --->   Core 73 'Sel' <Latency = 0> <II = 1> <Delay = 0.30> <FuncUnit> <Opcode : 'select'> <InPorts = 3> <OutPorts = 1>
ST_2 : Operation 65 [1/1] (0.00ns) (grouped into LUT with out node select_ln245_5)   --->   "%select_ln245_4 = select i1 %and_ln245_2, i10 511, i10 512" [firmware/nnet_utils/nnet_activation.h:245]   --->   Operation 65 'select' 'select_ln245_4' <Predicate = true> <Delay = 0.00> <CoreInst = "Sel">   --->   Core 73 'Sel' <Latency = 0> <II = 1> <Delay = 0.30> <FuncUnit> <Opcode : 'select'> <InPorts = 3> <OutPorts = 1>
ST_2 : Operation 66 [1/1] (0.00ns) (grouped into LUT with out node select_ln245_5)   --->   "%tmp_12 = partselect i10 @_ssdm_op_PartSelect.i10.i19.i32.i32, i19 %sub_ln245_2, i32 8, i32 17" [firmware/nnet_utils/nnet_activation.h:145->firmware/nnet_utils/nnet_activation.h:254]   --->   Operation 66 'partselect' 'tmp_12' <Predicate = true> <Delay = 0.00>
ST_2 : Operation 67 [1/1] (0.30ns) (out node of the LUT)   --->   "%select_ln245_5 = select i1 %xor_ln245_5, i10 %select_ln245_4, i10 %tmp_12" [firmware/nnet_utils/nnet_activation.h:245]   --->   Operation 67 'select' 'select_ln245_5' <Predicate = true> <Delay = 0.30> <CoreInst = "Sel">   --->   Core 73 'Sel' <Latency = 0> <II = 1> <Delay = 0.30> <FuncUnit> <Opcode : 'select'> <InPorts = 3> <OutPorts = 1>
ST_2 : Operation 68 [1/1] (0.00ns)   --->   "%zext_ln255_2 = zext i10 %select_ln245_5" [firmware/nnet_utils/nnet_activation.h:255]   --->   Operation 68 'zext' 'zext_ln255_2' <Predicate = true> <Delay = 0.00>
ST_2 : Operation 69 [1/1] (0.00ns)   --->   "%exp_table_addr_2 = getelementptr i18 %exp_table, i64 0, i64 %zext_ln255_2" [firmware/nnet_utils/nnet_activation.h:255]   --->   Operation 69 'getelementptr' 'exp_table_addr_2' <Predicate = true> <Delay = 0.00>
ST_2 : Operation 70 [2/2] (1.20ns)   --->   "%a_2 = load i10 %exp_table_addr_2" [firmware/nnet_utils/nnet_activation.h:255]   --->   Operation 70 'load' 'a_2' <Predicate = true> <Delay = 1.20> <CoreInst = "ROM">   --->   Core 100 'ROM' <Latency = 1> <II = 1> <Delay = 1.20> <Storage> <Opcode : 'load'> <Ports = 0> <Width = 18> <Depth = 1024> <ROM>
ST_2 : Operation 71 [1/1] (0.00ns) (grouped into LUT with out node select_ln245_7)   --->   "%select_ln245_6 = select i1 %and_ln245_3, i10 511, i10 512" [firmware/nnet_utils/nnet_activation.h:245]   --->   Operation 71 'select' 'select_ln245_6' <Predicate = true> <Delay = 0.00> <CoreInst = "Sel">   --->   Core 73 'Sel' <Latency = 0> <II = 1> <Delay = 0.30> <FuncUnit> <Opcode : 'select'> <InPorts = 3> <OutPorts = 1>
ST_2 : Operation 72 [1/1] (0.00ns) (grouped into LUT with out node select_ln245_7)   --->   "%tmp_13 = partselect i10 @_ssdm_op_PartSelect.i10.i19.i32.i32, i19 %sub_ln245_3, i32 8, i32 17" [firmware/nnet_utils/nnet_activation.h:145->firmware/nnet_utils/nnet_activation.h:254]   --->   Operation 72 'partselect' 'tmp_13' <Predicate = true> <Delay = 0.00>
ST_2 : Operation 73 [1/1] (0.30ns) (out node of the LUT)   --->   "%select_ln245_7 = select i1 %xor_ln245_7, i10 %select_ln245_6, i10 %tmp_13" [firmware/nnet_utils/nnet_activation.h:245]   --->   Operation 73 'select' 'select_ln245_7' <Predicate = true> <Delay = 0.30> <CoreInst = "Sel">   --->   Core 73 'Sel' <Latency = 0> <II = 1> <Delay = 0.30> <FuncUnit> <Opcode : 'select'> <InPorts = 3> <OutPorts = 1>
ST_2 : Operation 74 [1/1] (0.00ns)   --->   "%zext_ln255_3 = zext i10 %select_ln245_7" [firmware/nnet_utils/nnet_activation.h:255]   --->   Operation 74 'zext' 'zext_ln255_3' <Predicate = true> <Delay = 0.00>
ST_2 : Operation 75 [1/1] (0.00ns)   --->   "%exp_table_addr_3 = getelementptr i18 %exp_table, i64 0, i64 %zext_ln255_3" [firmware/nnet_utils/nnet_activation.h:255]   --->   Operation 75 'getelementptr' 'exp_table_addr_3' <Predicate = true> <Delay = 0.00>
ST_2 : Operation 76 [2/2] (1.20ns)   --->   "%b_1 = load i10 %exp_table_addr_3" [firmware/nnet_utils/nnet_activation.h:255]   --->   Operation 76 'load' 'b_1' <Predicate = true> <Delay = 1.20> <CoreInst = "ROM">   --->   Core 100 'ROM' <Latency = 1> <II = 1> <Delay = 1.20> <Storage> <Opcode : 'load'> <Ports = 0> <Width = 18> <Depth = 1024> <ROM>
ST_2 : Operation 77 [1/1] (0.00ns) (grouped into LUT with out node select_ln245_9)   --->   "%select_ln245_8 = select i1 %and_ln245_4, i10 511, i10 512" [firmware/nnet_utils/nnet_activation.h:245]   --->   Operation 77 'select' 'select_ln245_8' <Predicate = true> <Delay = 0.00> <CoreInst = "Sel">   --->   Core 73 'Sel' <Latency = 0> <II = 1> <Delay = 0.30> <FuncUnit> <Opcode : 'select'> <InPorts = 3> <OutPorts = 1>
ST_2 : Operation 78 [1/1] (0.00ns) (grouped into LUT with out node select_ln245_9)   --->   "%tmp_14 = partselect i10 @_ssdm_op_PartSelect.i10.i19.i32.i32, i19 %sub_ln245_4, i32 8, i32 17" [firmware/nnet_utils/nnet_activation.h:145->firmware/nnet_utils/nnet_activation.h:254]   --->   Operation 78 'partselect' 'tmp_14' <Predicate = true> <Delay = 0.00>
ST_2 : Operation 79 [1/1] (0.30ns) (out node of the LUT)   --->   "%select_ln245_9 = select i1 %xor_ln245_9, i10 %select_ln245_8, i10 %tmp_14" [firmware/nnet_utils/nnet_activation.h:245]   --->   Operation 79 'select' 'select_ln245_9' <Predicate = true> <Delay = 0.30> <CoreInst = "Sel">   --->   Core 73 'Sel' <Latency = 0> <II = 1> <Delay = 0.30> <FuncUnit> <Opcode : 'select'> <InPorts = 3> <OutPorts = 1>
ST_2 : Operation 80 [1/1] (0.00ns)   --->   "%zext_ln255_4 = zext i10 %select_ln245_9" [firmware/nnet_utils/nnet_activation.h:255]   --->   Operation 80 'zext' 'zext_ln255_4' <Predicate = true> <Delay = 0.00>
ST_2 : Operation 81 [1/1] (0.00ns)   --->   "%exp_table_addr_4 = getelementptr i18 %exp_table, i64 0, i64 %zext_ln255_4" [firmware/nnet_utils/nnet_activation.h:255]   --->   Operation 81 'getelementptr' 'exp_table_addr_4' <Predicate = true> <Delay = 0.00>
ST_2 : Operation 82 [2/2] (1.20ns)   --->   "%b_2 = load i10 %exp_table_addr_4" [firmware/nnet_utils/nnet_activation.h:255]   --->   Operation 82 'load' 'b_2' <Predicate = true> <Delay = 1.20> <CoreInst = "ROM">   --->   Core 100 'ROM' <Latency = 1> <II = 1> <Delay = 1.20> <Storage> <Opcode : 'load'> <Ports = 0> <Width = 18> <Depth = 1024> <ROM>

State 3 <SV = 2> <Delay = 1.20>
ST_3 : Operation 83 [1/1] (0.00ns)   --->   "%zext_ln255 = zext i10 %select_ln245_1" [firmware/nnet_utils/nnet_activation.h:255]   --->   Operation 83 'zext' 'zext_ln255' <Predicate = true> <Delay = 0.00>
ST_3 : Operation 84 [1/1] (0.00ns)   --->   "%exp_table_addr = getelementptr i18 %exp_table, i64 0, i64 %zext_ln255" [firmware/nnet_utils/nnet_activation.h:255]   --->   Operation 84 'getelementptr' 'exp_table_addr' <Predicate = true> <Delay = 0.00>
ST_3 : Operation 85 [2/2] (1.20ns)   --->   "%a_1 = load i10 %exp_table_addr" [firmware/nnet_utils/nnet_activation.h:255]   --->   Operation 85 'load' 'a_1' <Predicate = true> <Delay = 1.20> <CoreInst = "ROM">   --->   Core 100 'ROM' <Latency = 1> <II = 1> <Delay = 1.20> <Storage> <Opcode : 'load'> <Ports = 0> <Width = 18> <Depth = 1024> <ROM>
ST_3 : Operation 86 [1/1] (0.00ns)   --->   "%zext_ln255_1 = zext i10 %select_ln245_3" [firmware/nnet_utils/nnet_activation.h:255]   --->   Operation 86 'zext' 'zext_ln255_1' <Predicate = true> <Delay = 0.00>
ST_3 : Operation 87 [1/1] (0.00ns)   --->   "%exp_table_addr_1 = getelementptr i18 %exp_table, i64 0, i64 %zext_ln255_1" [firmware/nnet_utils/nnet_activation.h:255]   --->   Operation 87 'getelementptr' 'exp_table_addr_1' <Predicate = true> <Delay = 0.00>
ST_3 : Operation 88 [2/2] (1.20ns)   --->   "%b = load i10 %exp_table_addr_1" [firmware/nnet_utils/nnet_activation.h:255]   --->   Operation 88 'load' 'b' <Predicate = true> <Delay = 1.20> <CoreInst = "ROM">   --->   Core 100 'ROM' <Latency = 1> <II = 1> <Delay = 1.20> <Storage> <Opcode : 'load'> <Ports = 0> <Width = 18> <Depth = 1024> <ROM>
ST_3 : Operation 89 [1/2] ( I:1.20ns O:1.20ns )   --->   "%a_2 = load i10 %exp_table_addr_2" [firmware/nnet_utils/nnet_activation.h:255]   --->   Operation 89 'load' 'a_2' <Predicate = true> <Delay = 1.20> <CoreInst = "ROM">   --->   Core 100 'ROM' <Latency = 1> <II = 1> <Delay = 1.20> <Storage> <Opcode : 'load'> <Ports = 0> <Width = 18> <Depth = 1024> <ROM>
ST_3 : Operation 90 [1/2] ( I:1.20ns O:1.20ns )   --->   "%b_1 = load i10 %exp_table_addr_3" [firmware/nnet_utils/nnet_activation.h:255]   --->   Operation 90 'load' 'b_1' <Predicate = true> <Delay = 1.20> <CoreInst = "ROM">   --->   Core 100 'ROM' <Latency = 1> <II = 1> <Delay = 1.20> <Storage> <Opcode : 'load'> <Ports = 0> <Width = 18> <Depth = 1024> <ROM>
ST_3 : Operation 91 [1/2] ( I:1.20ns O:1.20ns )   --->   "%b_2 = load i10 %exp_table_addr_4" [firmware/nnet_utils/nnet_activation.h:255]   --->   Operation 91 'load' 'b_2' <Predicate = true> <Delay = 1.20> <CoreInst = "ROM">   --->   Core 100 'ROM' <Latency = 1> <II = 1> <Delay = 1.20> <Storage> <Opcode : 'load'> <Ports = 0> <Width = 18> <Depth = 1024> <ROM>

State 4 <SV = 3> <Delay = 3.08>
ST_4 : Operation 92 [1/2] ( I:1.20ns O:1.20ns )   --->   "%a_1 = load i10 %exp_table_addr" [firmware/nnet_utils/nnet_activation.h:255]   --->   Operation 92 'load' 'a_1' <Predicate = true> <Delay = 1.20> <CoreInst = "ROM">   --->   Core 100 'ROM' <Latency = 1> <II = 1> <Delay = 1.20> <Storage> <Opcode : 'load'> <Ports = 0> <Width = 18> <Depth = 1024> <ROM>
ST_4 : Operation 93 [1/2] ( I:1.20ns O:1.20ns )   --->   "%b = load i10 %exp_table_addr_1" [firmware/nnet_utils/nnet_activation.h:255]   --->   Operation 93 'load' 'b' <Predicate = true> <Delay = 1.20> <CoreInst = "ROM">   --->   Core 100 'ROM' <Latency = 1> <II = 1> <Delay = 1.20> <Storage> <Opcode : 'load'> <Ports = 0> <Width = 18> <Depth = 1024> <ROM>
ST_4 : Operation 94 [1/1] (0.00ns) (grouped into TernaryAdder)   --->   "%add_ln51 = add i18 %b, i18 %a_1" [firmware/nnet_utils/nnet_common.h:51->firmware/nnet_utils/nnet_common.h:46->firmware/nnet_utils/nnet_activation.h:262]   --->   Operation 94 'add' 'add_ln51' <Predicate = true> <Delay = 0.00> <CoreInst = "TAddSub">   --->   Core 10 'TAddSub' <Latency = 0> <II = 1> <Delay = 0.34> <IPBlock> <Opcode : '' 'add' 'sub'> <InPorts = 3> <OutPorts = 1> <Sync> <CReg>
ST_4 : Operation 95 [1/1] (0.00ns) (grouped into TernaryAdder)   --->   "%add_ln51_1 = add i18 %b_1, i18 %b_2" [firmware/nnet_utils/nnet_common.h:51->firmware/nnet_utils/nnet_common.h:46->firmware/nnet_utils/nnet_activation.h:262]   --->   Operation 95 'add' 'add_ln51_1' <Predicate = true> <Delay = 0.00> <CoreInst = "TAddSub">   --->   Core 10 'TAddSub' <Latency = 0> <II = 1> <Delay = 0.34> <IPBlock> <Opcode : '' 'add' 'sub'> <InPorts = 3> <OutPorts = 1> <Sync> <CReg>
ST_4 : Operation 96 [1/1] (0.68ns) (root node of TernaryAdder)   --->   "%add_ln51_2 = add i18 %add_ln51_1, i18 %a_2" [firmware/nnet_utils/nnet_common.h:51->firmware/nnet_utils/nnet_common.h:46->firmware/nnet_utils/nnet_activation.h:262]   --->   Operation 96 'add' 'add_ln51_2' <Predicate = true> <Delay = 0.68> <CoreInst = "TAddSub">   --->   Core 10 'TAddSub' <Latency = 0> <II = 1> <Delay = 0.34> <IPBlock> <Opcode : '' 'add' 'sub'> <InPorts = 3> <OutPorts = 1> <Sync> <CReg>
ST_4 : Operation 97 [1/1] (0.68ns) (root node of TernaryAdder)   --->   "%exp_sum = add i18 %add_ln51_2, i18 %add_ln51" [firmware/nnet_utils/nnet_common.h:51->firmware/nnet_utils/nnet_common.h:46->firmware/nnet_utils/nnet_activation.h:262]   --->   Operation 97 'add' 'exp_sum' <Predicate = true> <Delay = 0.68> <CoreInst = "TAddSub">   --->   Core 10 'TAddSub' <Latency = 0> <II = 1> <Delay = 0.34> <IPBlock> <Opcode : '' 'add' 'sub'> <InPorts = 3> <OutPorts = 1> <Sync> <CReg>
ST_4 : Operation 98 [1/1] (0.00ns)   --->   "%tmp_s = partselect i10 @_ssdm_op_PartSelect.i10.i18.i32.i32, i18 %exp_sum, i32 8, i32 17" [firmware/nnet_utils/nnet_activation.h:145->firmware/nnet_utils/nnet_activation.h:265]   --->   Operation 98 'partselect' 'tmp_s' <Predicate = true> <Delay = 0.00>
ST_4 : Operation 99 [1/1] (0.00ns)   --->   "%zext_ln265 = zext i10 %tmp_s" [firmware/nnet_utils/nnet_activation.h:265]   --->   Operation 99 'zext' 'zext_ln265' <Predicate = true> <Delay = 0.00>
ST_4 : Operation 100 [1/1] (0.00ns)   --->   "%invert_table_addr = getelementptr i18 %invert_table, i64 0, i64 %zext_ln265" [firmware/nnet_utils/nnet_activation.h:265]   --->   Operation 100 'getelementptr' 'invert_table_addr' <Predicate = true> <Delay = 0.00>
ST_4 : Operation 101 [2/2] (1.20ns)   --->   "%inv_exp_sum = load i10 %invert_table_addr" [firmware/nnet_utils/nnet_activation.h:265]   --->   Operation 101 'load' 'inv_exp_sum' <Predicate = true> <Delay = 1.20> <CoreInst = "ROM">   --->   Core 100 'ROM' <Latency = 1> <II = 1> <Delay = 1.20> <Storage> <Opcode : 'load'> <Ports = 0> <Width = 18> <Depth = 1024> <ROM>

State 5 <SV = 4> <Delay = 3.23>
ST_5 : Operation 102 [1/1] (0.00ns)   --->   "%specpipeline_ln216 = specpipeline void @_ssdm_op_SpecPipeline, i32 4294967295, i32 0, i32 0, i32 0, void @empty_0" [firmware/nnet_utils/nnet_activation.h:216]   --->   Operation 102 'specpipeline' 'specpipeline_ln216' <Predicate = true> <Delay = 0.00>
ST_5 : Operation 103 [1/2] ( I:1.20ns O:1.20ns )   --->   "%inv_exp_sum = load i10 %invert_table_addr" [firmware/nnet_utils/nnet_activation.h:265]   --->   Operation 103 'load' 'inv_exp_sum' <Predicate = true> <Delay = 1.20> <CoreInst = "ROM">   --->   Core 100 'ROM' <Latency = 1> <II = 1> <Delay = 1.20> <Storage> <Opcode : 'load'> <Ports = 0> <Width = 18> <Depth = 1024> <ROM>
ST_5 : Operation 104 [1/1] (0.00ns)   --->   "%sext_ln268 = sext i18 %inv_exp_sum" [firmware/nnet_utils/nnet_activation.h:268]   --->   Operation 104 'sext' 'sext_ln268' <Predicate = true> <Delay = 0.00>
ST_5 : Operation 105 [1/1] (0.00ns)   --->   "%sext_ln268_1 = sext i18 %a_1" [firmware/nnet_utils/nnet_activation.h:268]   --->   Operation 105 'sext' 'sext_ln268_1' <Predicate = true> <Delay = 0.00>
ST_5 : Operation 106 [1/1] (2.03ns)   --->   "%mul_ln268 = mul i30 %sext_ln268, i30 %sext_ln268_1" [firmware/nnet_utils/nnet_activation.h:268]   --->   Operation 106 'mul' 'mul_ln268' <Predicate = true> <Delay = 2.03> <CoreInst = "Multiplier">   --->   Core 3 'Multiplier' <Latency = 0> <II = 1> <Delay = 2.03> <FuncUnit> <Opcode : 'mul'> <InPorts = 2> <OutPorts = 1>
ST_5 : Operation 107 [1/1] (0.00ns)   --->   "%res_write_assign = partselect i16 @_ssdm_op_PartSelect.i16.i30.i32.i32, i30 %mul_ln268, i32 14, i32 29" [firmware/nnet_utils/nnet_activation.h:268]   --->   Operation 107 'partselect' 'res_write_assign' <Predicate = true> <Delay = 0.00>
ST_5 : Operation 108 [1/1] (0.00ns)   --->   "%sext_ln268_2 = sext i18 %b" [firmware/nnet_utils/nnet_activation.h:268]   --->   Operation 108 'sext' 'sext_ln268_2' <Predicate = true> <Delay = 0.00>
ST_5 : Operation 109 [1/1] (2.03ns)   --->   "%mul_ln268_1 = mul i30 %sext_ln268, i30 %sext_ln268_2" [firmware/nnet_utils/nnet_activation.h:268]   --->   Operation 109 'mul' 'mul_ln268_1' <Predicate = true> <Delay = 2.03> <CoreInst = "Multiplier">   --->   Core 3 'Multiplier' <Latency = 0> <II = 1> <Delay = 2.03> <FuncUnit> <Opcode : 'mul'> <InPorts = 2> <OutPorts = 1>
ST_5 : Operation 110 [1/1] (0.00ns)   --->   "%res_write_assign_1 = partselect i16 @_ssdm_op_PartSelect.i16.i30.i32.i32, i30 %mul_ln268_1, i32 14, i32 29" [firmware/nnet_utils/nnet_activation.h:268]   --->   Operation 110 'partselect' 'res_write_assign_1' <Predicate = true> <Delay = 0.00>
ST_5 : Operation 111 [1/1] (0.00ns)   --->   "%sext_ln268_3 = sext i18 %a_2" [firmware/nnet_utils/nnet_activation.h:268]   --->   Operation 111 'sext' 'sext_ln268_3' <Predicate = true> <Delay = 0.00>
ST_5 : Operation 112 [1/1] (2.03ns)   --->   "%mul_ln268_2 = mul i30 %sext_ln268, i30 %sext_ln268_3" [firmware/nnet_utils/nnet_activation.h:268]   --->   Operation 112 'mul' 'mul_ln268_2' <Predicate = true> <Delay = 2.03> <CoreInst = "Multiplier">   --->   Core 3 'Multiplier' <Latency = 0> <II = 1> <Delay = 2.03> <FuncUnit> <Opcode : 'mul'> <InPorts = 2> <OutPorts = 1>
ST_5 : Operation 113 [1/1] (0.00ns)   --->   "%res_write_assign_2 = partselect i16 @_ssdm_op_PartSelect.i16.i30.i32.i32, i30 %mul_ln268_2, i32 14, i32 29" [firmware/nnet_utils/nnet_activation.h:268]   --->   Operation 113 'partselect' 'res_write_assign_2' <Predicate = true> <Delay = 0.00>
ST_5 : Operation 114 [1/1] (0.00ns)   --->   "%sext_ln268_4 = sext i18 %b_1" [firmware/nnet_utils/nnet_activation.h:268]   --->   Operation 114 'sext' 'sext_ln268_4' <Predicate = true> <Delay = 0.00>
ST_5 : Operation 115 [1/1] (2.03ns)   --->   "%mul_ln268_3 = mul i30 %sext_ln268, i30 %sext_ln268_4" [firmware/nnet_utils/nnet_activation.h:268]   --->   Operation 115 'mul' 'mul_ln268_3' <Predicate = true> <Delay = 2.03> <CoreInst = "Multiplier">   --->   Core 3 'Multiplier' <Latency = 0> <II = 1> <Delay = 2.03> <FuncUnit> <Opcode : 'mul'> <InPorts = 2> <OutPorts = 1>
ST_5 : Operation 116 [1/1] (0.00ns)   --->   "%res_write_assign_3 = partselect i16 @_ssdm_op_PartSelect.i16.i30.i32.i32, i30 %mul_ln268_3, i32 14, i32 29" [firmware/nnet_utils/nnet_activation.h:268]   --->   Operation 116 'partselect' 'res_write_assign_3' <Predicate = true> <Delay = 0.00>
ST_5 : Operation 117 [1/1] (0.00ns)   --->   "%sext_ln268_5 = sext i18 %b_2" [firmware/nnet_utils/nnet_activation.h:268]   --->   Operation 117 'sext' 'sext_ln268_5' <Predicate = true> <Delay = 0.00>
ST_5 : Operation 118 [1/1] (2.03ns)   --->   "%mul_ln268_4 = mul i30 %sext_ln268, i30 %sext_ln268_5" [firmware/nnet_utils/nnet_activation.h:268]   --->   Operation 118 'mul' 'mul_ln268_4' <Predicate = true> <Delay = 2.03> <CoreInst = "Multiplier">   --->   Core 3 'Multiplier' <Latency = 0> <II = 1> <Delay = 2.03> <FuncUnit> <Opcode : 'mul'> <InPorts = 2> <OutPorts = 1>
ST_5 : Operation 119 [1/1] (0.00ns)   --->   "%res_write_assign_4 = partselect i16 @_ssdm_op_PartSelect.i16.i30.i32.i32, i30 %mul_ln268_4, i32 14, i32 29" [firmware/nnet_utils/nnet_activation.h:268]   --->   Operation 119 'partselect' 'res_write_assign_4' <Predicate = true> <Delay = 0.00>
ST_5 : Operation 120 [1/1] (0.00ns)   --->   "%mrv = insertvalue i80 <undef>, i16 %res_write_assign" [firmware/nnet_utils/nnet_activation.h:270]   --->   Operation 120 'insertvalue' 'mrv' <Predicate = true> <Delay = 0.00>
ST_5 : Operation 121 [1/1] (0.00ns)   --->   "%mrv_1 = insertvalue i80 %mrv, i16 %res_write_assign_1" [firmware/nnet_utils/nnet_activation.h:270]   --->   Operation 121 'insertvalue' 'mrv_1' <Predicate = true> <Delay = 0.00>
ST_5 : Operation 122 [1/1] (0.00ns)   --->   "%mrv_2 = insertvalue i80 %mrv_1, i16 %res_write_assign_2" [firmware/nnet_utils/nnet_activation.h:270]   --->   Operation 122 'insertvalue' 'mrv_2' <Predicate = true> <Delay = 0.00>
ST_5 : Operation 123 [1/1] (0.00ns)   --->   "%mrv_3 = insertvalue i80 %mrv_2, i16 %res_write_assign_3" [firmware/nnet_utils/nnet_activation.h:270]   --->   Operation 123 'insertvalue' 'mrv_3' <Predicate = true> <Delay = 0.00>
ST_5 : Operation 124 [1/1] (0.00ns)   --->   "%mrv_4 = insertvalue i80 %mrv_3, i16 %res_write_assign_4" [firmware/nnet_utils/nnet_activation.h:270]   --->   Operation 124 'insertvalue' 'mrv_4' <Predicate = true> <Delay = 0.00>
ST_5 : Operation 125 [1/1] (0.00ns)   --->   "%ret_ln270 = ret i80 %mrv_4" [firmware/nnet_utils/nnet_activation.h:270]   --->   Operation 125 'ret' 'ret_ln270' <Predicate = true> <Delay = 0.00>


============================================================
+ Verbose Summary: Binding
============================================================
STG Binding: 
---------------- STG Properties BEGIN ----------------
- Is combinational: 0
- Is one-state seq: 0
- Is datapath-only: 1
- Is pipelined: 1
- Is top level: 0
Port [ Return ] is wired: 1; IO mode=ap_ctrl_hs:ce=0
Port [ data_0_val]:  wired=1; compound=0; hidden=0; nouse=0; global=0; static=0; extern=0; dir=0; type=0; pingpong=0; private_global=0; IO mode=ap_none:ce=0
Port [ data_1_val]:  wired=1; compound=0; hidden=0; nouse=0; global=0; static=0; extern=0; dir=0; type=0; pingpong=0; private_global=0; IO mode=ap_none:ce=0
Port [ data_2_val]:  wired=1; compound=0; hidden=0; nouse=0; global=0; static=0; extern=0; dir=0; type=0; pingpong=0; private_global=0; IO mode=ap_none:ce=0
Port [ data_3_val]:  wired=1; compound=0; hidden=0; nouse=0; global=0; static=0; extern=0; dir=0; type=0; pingpong=0; private_global=0; IO mode=ap_none:ce=0
Port [ data_4_val]:  wired=1; compound=0; hidden=0; nouse=0; global=0; static=0; extern=0; dir=0; type=0; pingpong=0; private_global=0; IO mode=ap_none:ce=0
Port [ exp_table]:  wired=0; compound=1; hidden=1; nouse=0; global=1; static=1; extern=0; dir=0; type=1; pingpong=0; private_global=1; MemPort=[11111]; IO mode=ap_memory:ce=0
Port [ invert_table]:  wired=0; compound=1; hidden=1; nouse=0; global=1; static=1; extern=0; dir=0; type=1; pingpong=0; private_global=1; MemPort=[1]; IO mode=ap_memory:ce=0
---------------- STG Properties END ------------------

---------------- Datapath Model BEGIN ----------------

<LifeTime>
<method=bitvector/>
data_4_val_read    (read         ) [ 011000]
data_3_val_read    (read         ) [ 011000]
data_2_val_read    (read         ) [ 011000]
data_1_val_read    (read         ) [ 011000]
data_0_val_read    (read         ) [ 011000]
icmp_ln66          (icmp         ) [ 000000]
xor_ln66           (xor          ) [ 000000]
select_ln66        (select       ) [ 000000]
icmp_ln66_1        (icmp         ) [ 000000]
xor_ln66_1         (xor          ) [ 000000]
select_ln66_1      (select       ) [ 000000]
icmp_ln66_2        (icmp         ) [ 000000]
xor_ln66_2         (xor          ) [ 000000]
a                  (select       ) [ 011000]
icmp_ln66_3        (icmp         ) [ 000000]
xor_ln66_3         (xor          ) [ 000000]
x_max              (select       ) [ 000000]
conv36_i           (sext         ) [ 000000]
sext_ln245         (sext         ) [ 000000]
sub_ln245          (sub          ) [ 000000]
tmp                (bitselect    ) [ 000000]
tmp_1              (bitselect    ) [ 000000]
xor_ln245          (xor          ) [ 000000]
and_ln245          (and          ) [ 000000]
xor_ln245_1        (xor          ) [ 000000]
sext_ln245_1       (sext         ) [ 000000]
sub_ln245_1        (sub          ) [ 000000]
tmp_2              (bitselect    ) [ 000000]
tmp_3              (bitselect    ) [ 000000]
xor_ln245_2        (xor          ) [ 000000]
and_ln245_1        (and          ) [ 000000]
xor_ln245_3        (xor          ) [ 000000]
sext_ln245_2       (sext         ) [ 000000]
sub_ln245_2        (sub          ) [ 000000]
tmp_4              (bitselect    ) [ 000000]
tmp_5              (bitselect    ) [ 000000]
xor_ln245_4        (xor          ) [ 000000]
and_ln245_2        (and          ) [ 000000]
xor_ln245_5        (xor          ) [ 000000]
sext_ln245_3       (sext         ) [ 000000]
sub_ln245_3        (sub          ) [ 000000]
tmp_6              (bitselect    ) [ 000000]
tmp_7              (bitselect    ) [ 000000]
xor_ln245_6        (xor          ) [ 000000]
and_ln245_3        (and          ) [ 000000]
xor_ln245_7        (xor          ) [ 000000]
sext_ln245_4       (sext         ) [ 000000]
sub_ln245_4        (sub          ) [ 000000]
tmp_8              (bitselect    ) [ 000000]
tmp_9              (bitselect    ) [ 000000]
xor_ln245_8        (xor          ) [ 000000]
and_ln245_4        (and          ) [ 000000]
xor_ln245_9        (xor          ) [ 000000]
select_ln245       (select       ) [ 000000]
tmp_10             (partselect   ) [ 000000]
select_ln245_1     (select       ) [ 010100]
select_ln245_2     (select       ) [ 000000]
tmp_11             (partselect   ) [ 000000]
select_ln245_3     (select       ) [ 010100]
select_ln245_4     (select       ) [ 000000]
tmp_12             (partselect   ) [ 000000]
select_ln245_5     (select       ) [ 000000]
zext_ln255_2       (zext         ) [ 000000]
exp_table_addr_2   (getelementptr) [ 010100]
select_ln245_6     (select       ) [ 000000]
tmp_13             (partselect   ) [ 000000]
select_ln245_7     (select       ) [ 000000]
zext_ln255_3       (zext         ) [ 000000]
exp_table_addr_3   (getelementptr) [ 010100]
select_ln245_8     (select       ) [ 000000]
tmp_14             (partselect   ) [ 000000]
select_ln245_9     (select       ) [ 000000]
zext_ln255_4       (zext         ) [ 000000]
exp_table_addr_4   (getelementptr) [ 010100]
zext_ln255         (zext         ) [ 000000]
exp_table_addr     (getelementptr) [ 010010]
zext_ln255_1       (zext         ) [ 000000]
exp_table_addr_1   (getelementptr) [ 010010]
a_2                (load         ) [ 010011]
b_1                (load         ) [ 010011]
b_2                (load         ) [ 010011]
a_1                (load         ) [ 010001]
b                  (load         ) [ 010001]
add_ln51           (add          ) [ 000000]
add_ln51_1         (add          ) [ 000000]
add_ln51_2         (add          ) [ 000000]
exp_sum            (add          ) [ 000000]
tmp_s              (partselect   ) [ 000000]
zext_ln265         (zext         ) [ 000000]
invert_table_addr  (getelementptr) [ 010001]
specpipeline_ln216 (specpipeline ) [ 000000]
inv_exp_sum        (load         ) [ 000000]
sext_ln268         (sext         ) [ 000000]
sext_ln268_1       (sext         ) [ 000000]
mul_ln268          (mul          ) [ 000000]
res_write_assign   (partselect   ) [ 000000]
sext_ln268_2       (sext         ) [ 000000]
mul_ln268_1        (mul          ) [ 000000]
res_write_assign_1 (partselect   ) [ 000000]
sext_ln268_3       (sext         ) [ 000000]
mul_ln268_2        (mul          ) [ 000000]
res_write_assign_2 (partselect   ) [ 000000]
sext_ln268_4       (sext         ) [ 000000]
mul_ln268_3        (mul          ) [ 000000]
res_write_assign_3 (partselect   ) [ 000000]
sext_ln268_5       (sext         ) [ 000000]
mul_ln268_4        (mul          ) [ 000000]
res_write_assign_4 (partselect   ) [ 000000]
mrv                (insertvalue  ) [ 000000]
mrv_1              (insertvalue  ) [ 000000]
mrv_2              (insertvalue  ) [ 000000]
mrv_3              (insertvalue  ) [ 000000]
mrv_4              (insertvalue  ) [ 000000]
ret_ln270          (ret          ) [ 000000]
</LifeTime>

<model>

<comp_list>
<comp id="0" class="1000" name="data_0_val">
<pin_list>
<pin id="1" dir="1" index="0" bw="1" slack="0"/>
</pin_list>
<bind>
<StgValue><ssdm name="data_0_val"/></StgValue>
</bind>
</comp>

<comp id="2" class="1000" name="data_1_val">
<pin_list>
<pin id="3" dir="1" index="0" bw="1" slack="0"/>
</pin_list>
<bind>
<StgValue><ssdm name="data_1_val"/></StgValue>
</bind>
</comp>

<comp id="4" class="1000" name="data_2_val">
<pin_list>
<pin id="5" dir="1" index="0" bw="1" slack="0"/>
</pin_list>
<bind>
<StgValue><ssdm name="data_2_val"/></StgValue>
</bind>
</comp>

<comp id="6" class="1000" name="data_3_val">
<pin_list>
<pin id="7" dir="1" index="0" bw="1" slack="0"/>
</pin_list>
<bind>
<StgValue><ssdm name="data_3_val"/></StgValue>
</bind>
</comp>

<comp id="8" class="1000" name="data_4_val">
<pin_list>
<pin id="9" dir="1" index="0" bw="1" slack="0"/>
</pin_list>
<bind>
<StgValue><ssdm name="data_4_val"/></StgValue>
</bind>
</comp>

<comp id="10" class="1000" name="exp_table">
<pin_list>
<pin id="11" dir="1" index="0" bw="1" slack="0"/>
</pin_list>
<bind>
<StgValue><ssdm name="exp_table"/><MemPortTyVec>1 1 1 1 1 </MemPortTyVec>
</StgValue>
</bind>
</comp>

<comp id="12" class="1000" name="invert_table">
<pin_list>
<pin id="13" dir="1" index="0" bw="1" slack="0"/>
</pin_list>
<bind>
<StgValue><ssdm name="invert_table"/><MemPortTyVec>1 </MemPortTyVec>
</StgValue>
</bind>
</comp>

<comp id="14" class="1001" name="const_14">
<pin_list>
<pin id="15" dir="1" index="0" bw="1" slack="0"/>
</pin_list>
<bind>
<StgValue><ssdm name="_ssdm_op_Read.ap_auto.i18"/></StgValue>
</bind>
</comp>

<comp id="16" class="1001" name="const_16">
<pin_list>
<pin id="17" dir="1" index="0" bw="1" slack="0"/>
</pin_list>
<bind>
<StgValue><ssdm name=""/></StgValue>
</bind>
</comp>

<comp id="18" class="1001" name="const_18">
<pin_list>
<pin id="19" dir="1" index="0" bw="1" slack="0"/>
</pin_list>
<bind>
<StgValue><ssdm name="_ssdm_op_BitSelect.i1.i19.i32"/></StgValue>
</bind>
</comp>

<comp id="20" class="1001" name="const_20">
<pin_list>
<pin id="21" dir="1" index="0" bw="1" slack="0"/>
</pin_list>
<bind>
<StgValue><ssdm name=""/></StgValue>
</bind>
</comp>

<comp id="22" class="1001" name="const_22">
<pin_list>
<pin id="23" dir="1" index="0" bw="1" slack="0"/>
</pin_list>
<bind>
<StgValue><ssdm name=""/></StgValue>
</bind>
</comp>

<comp id="24" class="1001" name="const_24">
<pin_list>
<pin id="25" dir="1" index="0" bw="1" slack="0"/>
</pin_list>
<bind>
<StgValue><ssdm name=""/></StgValue>
</bind>
</comp>

<comp id="26" class="1001" name="const_26">
<pin_list>
<pin id="27" dir="1" index="0" bw="1" slack="0"/>
</pin_list>
<bind>
<StgValue><ssdm name=""/></StgValue>
</bind>
</comp>

<comp id="28" class="1001" name="const_28">
<pin_list>
<pin id="29" dir="1" index="0" bw="1" slack="0"/>
</pin_list>
<bind>
<StgValue><ssdm name="_ssdm_op_PartSelect.i10.i19.i32.i32"/></StgValue>
</bind>
</comp>

<comp id="30" class="1001" name="const_30">
<pin_list>
<pin id="31" dir="1" index="0" bw="1" slack="0"/>
</pin_list>
<bind>
<StgValue><ssdm name=""/></StgValue>
</bind>
</comp>

<comp id="32" class="1001" name="const_32">
<pin_list>
<pin id="33" dir="1" index="0" bw="1" slack="0"/>
</pin_list>
<bind>
<StgValue><ssdm name=""/></StgValue>
</bind>
</comp>

<comp id="34" class="1001" name="const_34">
<pin_list>
<pin id="35" dir="1" index="0" bw="1" slack="0"/>
</pin_list>
<bind>
<StgValue><ssdm name="_ssdm_op_PartSelect.i10.i18.i32.i32"/></StgValue>
</bind>
</comp>

<comp id="36" class="1001" name="const_36">
<pin_list>
<pin id="37" dir="1" index="0" bw="1" slack="2147483647"/>
</pin_list>
<bind>
<StgValue><ssdm name="_ssdm_op_SpecPipeline"/></StgValue>
</bind>
</comp>

<comp id="38" class="1001" name="const_38">
<pin_list>
<pin id="39" dir="1" index="0" bw="1" slack="2147483647"/>
</pin_list>
<bind>
<StgValue><ssdm name=""/></StgValue>
</bind>
</comp>

<comp id="40" class="1001" name="const_40">
<pin_list>
<pin id="41" dir="1" index="0" bw="1" slack="2147483647"/>
</pin_list>
<bind>
<StgValue><ssdm name=""/></StgValue>
</bind>
</comp>

<comp id="42" class="1001" name="const_42">
<pin_list>
<pin id="43" dir="1" index="0" bw="1" slack="2147483647"/>
</pin_list>
<bind>
<StgValue><ssdm name="empty_0"/></StgValue>
</bind>
</comp>

<comp id="44" class="1001" name="const_44">
<pin_list>
<pin id="45" dir="1" index="0" bw="1" slack="0"/>
</pin_list>
<bind>
<StgValue><ssdm name="_ssdm_op_PartSelect.i16.i30.i32.i32"/></StgValue>
</bind>
</comp>

<comp id="46" class="1001" name="const_46">
<pin_list>
<pin id="47" dir="1" index="0" bw="1" slack="0"/>
</pin_list>
<bind>
<StgValue><ssdm name=""/></StgValue>
</bind>
</comp>

<comp id="48" class="1001" name="const_48">
<pin_list>
<pin id="49" dir="1" index="0" bw="1" slack="0"/>
</pin_list>
<bind>
<StgValue><ssdm name=""/></StgValue>
</bind>
</comp>

<comp id="50" class="1001" name="const_50">
<pin_list>
<pin id="51" dir="1" index="0" bw="1" slack="0"/>
</pin_list>
<bind>
<StgValue><ssdm name=""/></StgValue>
</bind>
</comp>

<comp id="52" class="1004" name="data_4_val_read_read_fu_52">
<pin_list>
<pin id="53" dir="0" index="0" bw="18" slack="0"/>
<pin id="54" dir="0" index="1" bw="18" slack="0"/>
<pin id="55" dir="1" index="2" bw="18" slack="1"/>
</pin_list>
<bind>
<opcode="read(1150) " fcode="read"/>
<opset="data_4_val_read/1 "/>
</bind>
</comp>

<comp id="58" class="1004" name="data_3_val_read_read_fu_58">
<pin_list>
<pin id="59" dir="0" index="0" bw="18" slack="0"/>
<pin id="60" dir="0" index="1" bw="18" slack="0"/>
<pin id="61" dir="1" index="2" bw="18" slack="0"/>
</pin_list>
<bind>
<opcode="read(1150) " fcode="read"/>
<opset="data_3_val_read/1 "/>
</bind>
</comp>

<comp id="64" class="1004" name="data_2_val_read_read_fu_64">
<pin_list>
<pin id="65" dir="0" index="0" bw="18" slack="0"/>
<pin id="66" dir="0" index="1" bw="18" slack="0"/>
<pin id="67" dir="1" index="2" bw="18" slack="0"/>
</pin_list>
<bind>
<opcode="read(1150) " fcode="read"/>
<opset="data_2_val_read/1 "/>
</bind>
</comp>

<comp id="70" class="1004" name="data_1_val_read_read_fu_70">
<pin_list>
<pin id="71" dir="0" index="0" bw="18" slack="0"/>
<pin id="72" dir="0" index="1" bw="18" slack="0"/>
<pin id="73" dir="1" index="2" bw="18" slack="0"/>
</pin_list>
<bind>
<opcode="read(1150) " fcode="read"/>
<opset="data_1_val_read/1 "/>
</bind>
</comp>

<comp id="76" class="1004" name="data_0_val_read_read_fu_76">
<pin_list>
<pin id="77" dir="0" index="0" bw="18" slack="0"/>
<pin id="78" dir="0" index="1" bw="18" slack="0"/>
<pin id="79" dir="1" index="2" bw="18" slack="0"/>
</pin_list>
<bind>
<opcode="read(1150) " fcode="read"/>
<opset="data_0_val_read/1 "/>
</bind>
</comp>

<comp id="82" class="1004" name="exp_table_addr_2_gep_fu_82">
<pin_list>
<pin id="83" dir="0" index="0" bw="18" slack="0"/>
<pin id="84" dir="0" index="1" bw="1" slack="0"/>
<pin id="85" dir="0" index="2" bw="10" slack="0"/>
<pin id="86" dir="1" index="3" bw="10" slack="0"/>
</pin_list>
<bind>
<opcode="getelementptr(29) " fcode="getelementptr"/>
<opset="exp_table_addr_2/2 "/>
</bind>
</comp>

<comp id="89" class="1004" name="grp_access_fu_89">
<pin_list>
<pin id="90" dir="0" index="0" bw="10" slack="0"/>
<pin id="91" dir="0" index="1" bw="18" slack="2147483647"/>
<pin id="92" dir="0" index="2" bw="0" slack="0"/>
<pin id="94" dir="0" index="4" bw="10" slack="2147483647"/>
<pin id="95" dir="0" index="5" bw="18" slack="0"/>
<pin id="96" dir="0" index="6" bw="0" slack="2147483647"/>
<pin id="98" dir="0" index="8" bw="10" slack="0"/>
<pin id="99" dir="0" index="9" bw="18" slack="2147483647"/>
<pin id="100" dir="0" index="10" bw="0" slack="0"/>
<pin id="102" dir="0" index="12" bw="10" slack="2147483647"/>
<pin id="103" dir="0" index="13" bw="18" slack="2147483647"/>
<pin id="104" dir="0" index="14" bw="0" slack="2147483647"/>
<pin id="106" dir="0" index="16" bw="10" slack="2147483647"/>
<pin id="107" dir="0" index="17" bw="18" slack="2147483647"/>
<pin id="108" dir="0" index="18" bw="0" slack="2147483647"/>
<pin id="93" dir="1" index="3" bw="18" slack="0"/>
<pin id="97" dir="1" index="7" bw="18" slack="0"/>
<pin id="101" dir="1" index="11" bw="18" slack="1"/>
<pin id="105" dir="1" index="15" bw="18" slack="1"/>
<pin id="109" dir="1" index="19" bw="18" slack="1"/>
</pin_list>
<bind>
<opcode="load(27) " fcode="load"/>
<opset="a_2/2 b_1/2 b_2/2 a_1/3 b/3 "/>
</bind>
</comp>

<comp id="111" class="1004" name="exp_table_addr_3_gep_fu_111">
<pin_list>
<pin id="112" dir="0" index="0" bw="18" slack="0"/>
<pin id="113" dir="0" index="1" bw="1" slack="0"/>
<pin id="114" dir="0" index="2" bw="10" slack="0"/>
<pin id="115" dir="1" index="3" bw="10" slack="0"/>
</pin_list>
<bind>
<opcode="getelementptr(29) " fcode="getelementptr"/>
<opset="exp_table_addr_3/2 "/>
</bind>
</comp>

<comp id="119" class="1004" name="exp_table_addr_4_gep_fu_119">
<pin_list>
<pin id="120" dir="0" index="0" bw="18" slack="0"/>
<pin id="121" dir="0" index="1" bw="1" slack="0"/>
<pin id="122" dir="0" index="2" bw="10" slack="0"/>
<pin id="123" dir="1" index="3" bw="10" slack="0"/>
</pin_list>
<bind>
<opcode="getelementptr(29) " fcode="getelementptr"/>
<opset="exp_table_addr_4/2 "/>
</bind>
</comp>

<comp id="127" class="1004" name="exp_table_addr_gep_fu_127">
<pin_list>
<pin id="128" dir="0" index="0" bw="18" slack="0"/>
<pin id="129" dir="0" index="1" bw="1" slack="0"/>
<pin id="130" dir="0" index="2" bw="10" slack="0"/>
<pin id="131" dir="1" index="3" bw="10" slack="0"/>
</pin_list>
<bind>
<opcode="getelementptr(29) " fcode="getelementptr"/>
<opset="exp_table_addr/3 "/>
</bind>
</comp>

<comp id="135" class="1004" name="exp_table_addr_1_gep_fu_135">
<pin_list>
<pin id="136" dir="0" index="0" bw="18" slack="0"/>
<pin id="137" dir="0" index="1" bw="1" slack="0"/>
<pin id="138" dir="0" index="2" bw="10" slack="0"/>
<pin id="139" dir="1" index="3" bw="10" slack="0"/>
</pin_list>
<bind>
<opcode="getelementptr(29) " fcode="getelementptr"/>
<opset="exp_table_addr_1/3 "/>
</bind>
</comp>

<comp id="143" class="1004" name="invert_table_addr_gep_fu_143">
<pin_list>
<pin id="144" dir="0" index="0" bw="18" slack="0"/>
<pin id="145" dir="0" index="1" bw="1" slack="0"/>
<pin id="146" dir="0" index="2" bw="10" slack="0"/>
<pin id="147" dir="1" index="3" bw="10" slack="0"/>
</pin_list>
<bind>
<opcode="getelementptr(29) " fcode="getelementptr"/>
<opset="invert_table_addr/4 "/>
</bind>
</comp>

<comp id="150" class="1004" name="grp_access_fu_150">
<pin_list>
<pin id="151" dir="0" index="0" bw="10" slack="0"/>
<pin id="152" dir="0" index="1" bw="18" slack="2147483647"/>
<pin id="153" dir="0" index="2" bw="0" slack="2147483647"/>
<pin id="154" dir="1" index="3" bw="18" slack="0"/>
</pin_list>
<bind>
<opcode="load(27) " fcode="load"/>
<opset="inv_exp_sum/4 "/>
</bind>
</comp>

<comp id="156" class="1004" name="icmp_ln66_fu_156">
<pin_list>
<pin id="157" dir="0" index="0" bw="18" slack="0"/>
<pin id="158" dir="0" index="1" bw="18" slack="0"/>
<pin id="159" dir="1" index="2" bw="1" slack="0"/>
</pin_list>
<bind>
<opcode="icmp(45) " fcode="icmp"/>
<opset="icmp_ln66/1 "/>
</bind>
</comp>

<comp id="162" class="1004" name="xor_ln66_fu_162">
<pin_list>
<pin id="163" dir="0" index="0" bw="1" slack="0"/>
<pin id="164" dir="0" index="1" bw="1" slack="0"/>
<pin id="165" dir="1" index="2" bw="1" slack="0"/>
</pin_list>
<bind>
<opcode="xor(25) " fcode="xor"/>
<opset="xor_ln66/1 "/>
</bind>
</comp>

<comp id="168" class="1004" name="select_ln66_fu_168">
<pin_list>
<pin id="169" dir="0" index="0" bw="1" slack="0"/>
<pin id="170" dir="0" index="1" bw="18" slack="0"/>
<pin id="171" dir="0" index="2" bw="18" slack="0"/>
<pin id="172" dir="1" index="3" bw="18" slack="0"/>
</pin_list>
<bind>
<opcode="select(49) " fcode="select"/>
<opset="select_ln66/1 "/>
</bind>
</comp>

<comp id="176" class="1004" name="icmp_ln66_1_fu_176">
<pin_list>
<pin id="177" dir="0" index="0" bw="18" slack="0"/>
<pin id="178" dir="0" index="1" bw="18" slack="0"/>
<pin id="179" dir="1" index="2" bw="1" slack="0"/>
</pin_list>
<bind>
<opcode="icmp(45) " fcode="icmp"/>
<opset="icmp_ln66_1/1 "/>
</bind>
</comp>

<comp id="182" class="1004" name="xor_ln66_1_fu_182">
<pin_list>
<pin id="183" dir="0" index="0" bw="1" slack="0"/>
<pin id="184" dir="0" index="1" bw="1" slack="0"/>
<pin id="185" dir="1" index="2" bw="1" slack="0"/>
</pin_list>
<bind>
<opcode="xor(25) " fcode="xor"/>
<opset="xor_ln66_1/1 "/>
</bind>
</comp>

<comp id="188" class="1004" name="select_ln66_1_fu_188">
<pin_list>
<pin id="189" dir="0" index="0" bw="1" slack="0"/>
<pin id="190" dir="0" index="1" bw="18" slack="0"/>
<pin id="191" dir="0" index="2" bw="18" slack="0"/>
<pin id="192" dir="1" index="3" bw="18" slack="0"/>
</pin_list>
<bind>
<opcode="select(49) " fcode="select"/>
<opset="select_ln66_1/1 "/>
</bind>
</comp>

<comp id="196" class="1004" name="icmp_ln66_2_fu_196">
<pin_list>
<pin id="197" dir="0" index="0" bw="18" slack="0"/>
<pin id="198" dir="0" index="1" bw="18" slack="0"/>
<pin id="199" dir="1" index="2" bw="1" slack="0"/>
</pin_list>
<bind>
<opcode="icmp(45) " fcode="icmp"/>
<opset="icmp_ln66_2/1 "/>
</bind>
</comp>

<comp id="202" class="1004" name="xor_ln66_2_fu_202">
<pin_list>
<pin id="203" dir="0" index="0" bw="1" slack="0"/>
<pin id="204" dir="0" index="1" bw="1" slack="0"/>
<pin id="205" dir="1" index="2" bw="1" slack="0"/>
</pin_list>
<bind>
<opcode="xor(25) " fcode="xor"/>
<opset="xor_ln66_2/1 "/>
</bind>
</comp>

<comp id="208" class="1004" name="a_fu_208">
<pin_list>
<pin id="209" dir="0" index="0" bw="1" slack="0"/>
<pin id="210" dir="0" index="1" bw="18" slack="0"/>
<pin id="211" dir="0" index="2" bw="18" slack="0"/>
<pin id="212" dir="1" index="3" bw="18" slack="1"/>
</pin_list>
<bind>
<opcode="select(49) " fcode="select"/>
<opset="a/1 "/>
</bind>
</comp>

<comp id="216" class="1004" name="icmp_ln66_3_fu_216">
<pin_list>
<pin id="217" dir="0" index="0" bw="18" slack="1"/>
<pin id="218" dir="0" index="1" bw="18" slack="1"/>
<pin id="219" dir="1" index="2" bw="1" slack="0"/>
</pin_list>
<bind>
<opcode="icmp(45) " fcode="icmp"/>
<opset="icmp_ln66_3/2 "/>
</bind>
</comp>

<comp id="220" class="1004" name="xor_ln66_3_fu_220">
<pin_list>
<pin id="221" dir="0" index="0" bw="1" slack="0"/>
<pin id="222" dir="0" index="1" bw="1" slack="0"/>
<pin id="223" dir="1" index="2" bw="1" slack="0"/>
</pin_list>
<bind>
<opcode="xor(25) " fcode="xor"/>
<opset="xor_ln66_3/2 "/>
</bind>
</comp>

<comp id="226" class="1004" name="x_max_fu_226">
<pin_list>
<pin id="227" dir="0" index="0" bw="1" slack="0"/>
<pin id="228" dir="0" index="1" bw="18" slack="1"/>
<pin id="229" dir="0" index="2" bw="18" slack="1"/>
<pin id="230" dir="1" index="3" bw="18" slack="0"/>
</pin_list>
<bind>
<opcode="select(49) " fcode="select"/>
<opset="x_max/2 "/>
</bind>
</comp>

<comp id="232" class="1004" name="conv36_i_fu_232">
<pin_list>
<pin id="233" dir="0" index="0" bw="18" slack="0"/>
<pin id="234" dir="1" index="1" bw="19" slack="0"/>
</pin_list>
<bind>
<opcode="sext(35) " fcode="sext"/>
<opset="conv36_i/2 "/>
</bind>
</comp>

<comp id="236" class="1004" name="sext_ln245_fu_236">
<pin_list>
<pin id="237" dir="0" index="0" bw="18" slack="1"/>
<pin id="238" dir="1" index="1" bw="19" slack="0"/>
</pin_list>
<bind>
<opcode="sext(35) " fcode="sext"/>
<opset="sext_ln245/2 "/>
</bind>
</comp>

<comp id="239" class="1004" name="sub_ln245_fu_239">
<pin_list>
<pin id="240" dir="0" index="0" bw="18" slack="0"/>
<pin id="241" dir="0" index="1" bw="18" slack="0"/>
<pin id="242" dir="1" index="2" bw="19" slack="0"/>
</pin_list>
<bind>
<opcode="sub(10) " fcode="sub"/>
<opset="sub_ln245/2 "/>
</bind>
</comp>

<comp id="245" class="1004" name="tmp_fu_245">
<pin_list>
<pin id="246" dir="0" index="0" bw="1" slack="0"/>
<pin id="247" dir="0" index="1" bw="19" slack="0"/>
<pin id="248" dir="0" index="2" bw="6" slack="0"/>
<pin id="249" dir="1" index="3" bw="1" slack="0"/>
</pin_list>
<bind>
<opcode="bitselect(1000) " fcode="bitselect"/>
<opset="tmp/2 "/>
</bind>
</comp>

<comp id="253" class="1004" name="tmp_1_fu_253">
<pin_list>
<pin id="254" dir="0" index="0" bw="1" slack="0"/>
<pin id="255" dir="0" index="1" bw="19" slack="0"/>
<pin id="256" dir="0" index="2" bw="6" slack="0"/>
<pin id="257" dir="1" index="3" bw="1" slack="0"/>
</pin_list>
<bind>
<opcode="bitselect(1000) " fcode="bitselect"/>
<opset="tmp_1/2 "/>
</bind>
</comp>

<comp id="261" class="1004" name="xor_ln245_fu_261">
<pin_list>
<pin id="262" dir="0" index="0" bw="1" slack="0"/>
<pin id="263" dir="0" index="1" bw="1" slack="0"/>
<pin id="264" dir="1" index="2" bw="1" slack="0"/>
</pin_list>
<bind>
<opcode="xor(25) " fcode="xor"/>
<opset="xor_ln245/2 "/>
</bind>
</comp>

<comp id="267" class="1004" name="and_ln245_fu_267">
<pin_list>
<pin id="268" dir="0" index="0" bw="1" slack="0"/>
<pin id="269" dir="0" index="1" bw="1" slack="0"/>
<pin id="270" dir="1" index="2" bw="1" slack="0"/>
</pin_list>
<bind>
<opcode="and(23) " fcode="and"/>
<opset="and_ln245/2 "/>
</bind>
</comp>

<comp id="273" class="1004" name="xor_ln245_1_fu_273">
<pin_list>
<pin id="274" dir="0" index="0" bw="1" slack="0"/>
<pin id="275" dir="0" index="1" bw="1" slack="0"/>
<pin id="276" dir="1" index="2" bw="1" slack="0"/>
</pin_list>
<bind>
<opcode="xor(25) " fcode="xor"/>
<opset="xor_ln245_1/2 "/>
</bind>
</comp>

<comp id="279" class="1004" name="sext_ln245_1_fu_279">
<pin_list>
<pin id="280" dir="0" index="0" bw="18" slack="1"/>
<pin id="281" dir="1" index="1" bw="19" slack="0"/>
</pin_list>
<bind>
<opcode="sext(35) " fcode="sext"/>
<opset="sext_ln245_1/2 "/>
</bind>
</comp>

<comp id="282" class="1004" name="sub_ln245_1_fu_282">
<pin_list>
<pin id="283" dir="0" index="0" bw="18" slack="0"/>
<pin id="284" dir="0" index="1" bw="18" slack="0"/>
<pin id="285" dir="1" index="2" bw="19" slack="0"/>
</pin_list>
<bind>
<opcode="sub(10) " fcode="sub"/>
<opset="sub_ln245_1/2 "/>
</bind>
</comp>

<comp id="288" class="1004" name="tmp_2_fu_288">
<pin_list>
<pin id="289" dir="0" index="0" bw="1" slack="0"/>
<pin id="290" dir="0" index="1" bw="19" slack="0"/>
<pin id="291" dir="0" index="2" bw="6" slack="0"/>
<pin id="292" dir="1" index="3" bw="1" slack="0"/>
</pin_list>
<bind>
<opcode="bitselect(1000) " fcode="bitselect"/>
<opset="tmp_2/2 "/>
</bind>
</comp>

<comp id="296" class="1004" name="tmp_3_fu_296">
<pin_list>
<pin id="297" dir="0" index="0" bw="1" slack="0"/>
<pin id="298" dir="0" index="1" bw="19" slack="0"/>
<pin id="299" dir="0" index="2" bw="6" slack="0"/>
<pin id="300" dir="1" index="3" bw="1" slack="0"/>
</pin_list>
<bind>
<opcode="bitselect(1000) " fcode="bitselect"/>
<opset="tmp_3/2 "/>
</bind>
</comp>

<comp id="304" class="1004" name="xor_ln245_2_fu_304">
<pin_list>
<pin id="305" dir="0" index="0" bw="1" slack="0"/>
<pin id="306" dir="0" index="1" bw="1" slack="0"/>
<pin id="307" dir="1" index="2" bw="1" slack="0"/>
</pin_list>
<bind>
<opcode="xor(25) " fcode="xor"/>
<opset="xor_ln245_2/2 "/>
</bind>
</comp>

<comp id="310" class="1004" name="and_ln245_1_fu_310">
<pin_list>
<pin id="311" dir="0" index="0" bw="1" slack="0"/>
<pin id="312" dir="0" index="1" bw="1" slack="0"/>
<pin id="313" dir="1" index="2" bw="1" slack="0"/>
</pin_list>
<bind>
<opcode="and(23) " fcode="and"/>
<opset="and_ln245_1/2 "/>
</bind>
</comp>

<comp id="316" class="1004" name="xor_ln245_3_fu_316">
<pin_list>
<pin id="317" dir="0" index="0" bw="1" slack="0"/>
<pin id="318" dir="0" index="1" bw="1" slack="0"/>
<pin id="319" dir="1" index="2" bw="1" slack="0"/>
</pin_list>
<bind>
<opcode="xor(25) " fcode="xor"/>
<opset="xor_ln245_3/2 "/>
</bind>
</comp>

<comp id="322" class="1004" name="sext_ln245_2_fu_322">
<pin_list>
<pin id="323" dir="0" index="0" bw="18" slack="1"/>
<pin id="324" dir="1" index="1" bw="19" slack="0"/>
</pin_list>
<bind>
<opcode="sext(35) " fcode="sext"/>
<opset="sext_ln245_2/2 "/>
</bind>
</comp>

<comp id="325" class="1004" name="sub_ln245_2_fu_325">
<pin_list>
<pin id="326" dir="0" index="0" bw="18" slack="0"/>
<pin id="327" dir="0" index="1" bw="18" slack="0"/>
<pin id="328" dir="1" index="2" bw="19" slack="0"/>
</pin_list>
<bind>
<opcode="sub(10) " fcode="sub"/>
<opset="sub_ln245_2/2 "/>
</bind>
</comp>

<comp id="331" class="1004" name="tmp_4_fu_331">
<pin_list>
<pin id="332" dir="0" index="0" bw="1" slack="0"/>
<pin id="333" dir="0" index="1" bw="19" slack="0"/>
<pin id="334" dir="0" index="2" bw="6" slack="0"/>
<pin id="335" dir="1" index="3" bw="1" slack="0"/>
</pin_list>
<bind>
<opcode="bitselect(1000) " fcode="bitselect"/>
<opset="tmp_4/2 "/>
</bind>
</comp>

<comp id="339" class="1004" name="tmp_5_fu_339">
<pin_list>
<pin id="340" dir="0" index="0" bw="1" slack="0"/>
<pin id="341" dir="0" index="1" bw="19" slack="0"/>
<pin id="342" dir="0" index="2" bw="6" slack="0"/>
<pin id="343" dir="1" index="3" bw="1" slack="0"/>
</pin_list>
<bind>
<opcode="bitselect(1000) " fcode="bitselect"/>
<opset="tmp_5/2 "/>
</bind>
</comp>

<comp id="347" class="1004" name="xor_ln245_4_fu_347">
<pin_list>
<pin id="348" dir="0" index="0" bw="1" slack="0"/>
<pin id="349" dir="0" index="1" bw="1" slack="0"/>
<pin id="350" dir="1" index="2" bw="1" slack="0"/>
</pin_list>
<bind>
<opcode="xor(25) " fcode="xor"/>
<opset="xor_ln245_4/2 "/>
</bind>
</comp>

<comp id="353" class="1004" name="and_ln245_2_fu_353">
<pin_list>
<pin id="354" dir="0" index="0" bw="1" slack="0"/>
<pin id="355" dir="0" index="1" bw="1" slack="0"/>
<pin id="356" dir="1" index="2" bw="1" slack="0"/>
</pin_list>
<bind>
<opcode="and(23) " fcode="and"/>
<opset="and_ln245_2/2 "/>
</bind>
</comp>

<comp id="359" class="1004" name="xor_ln245_5_fu_359">
<pin_list>
<pin id="360" dir="0" index="0" bw="1" slack="0"/>
<pin id="361" dir="0" index="1" bw="1" slack="0"/>
<pin id="362" dir="1" index="2" bw="1" slack="0"/>
</pin_list>
<bind>
<opcode="xor(25) " fcode="xor"/>
<opset="xor_ln245_5/2 "/>
</bind>
</comp>

<comp id="365" class="1004" name="sext_ln245_3_fu_365">
<pin_list>
<pin id="366" dir="0" index="0" bw="18" slack="1"/>
<pin id="367" dir="1" index="1" bw="19" slack="0"/>
</pin_list>
<bind>
<opcode="sext(35) " fcode="sext"/>
<opset="sext_ln245_3/2 "/>
</bind>
</comp>

<comp id="368" class="1004" name="sub_ln245_3_fu_368">
<pin_list>
<pin id="369" dir="0" index="0" bw="18" slack="0"/>
<pin id="370" dir="0" index="1" bw="18" slack="0"/>
<pin id="371" dir="1" index="2" bw="19" slack="0"/>
</pin_list>
<bind>
<opcode="sub(10) " fcode="sub"/>
<opset="sub_ln245_3/2 "/>
</bind>
</comp>

<comp id="374" class="1004" name="tmp_6_fu_374">
<pin_list>
<pin id="375" dir="0" index="0" bw="1" slack="0"/>
<pin id="376" dir="0" index="1" bw="19" slack="0"/>
<pin id="377" dir="0" index="2" bw="6" slack="0"/>
<pin id="378" dir="1" index="3" bw="1" slack="0"/>
</pin_list>
<bind>
<opcode="bitselect(1000) " fcode="bitselect"/>
<opset="tmp_6/2 "/>
</bind>
</comp>

<comp id="382" class="1004" name="tmp_7_fu_382">
<pin_list>
<pin id="383" dir="0" index="0" bw="1" slack="0"/>
<pin id="384" dir="0" index="1" bw="19" slack="0"/>
<pin id="385" dir="0" index="2" bw="6" slack="0"/>
<pin id="386" dir="1" index="3" bw="1" slack="0"/>
</pin_list>
<bind>
<opcode="bitselect(1000) " fcode="bitselect"/>
<opset="tmp_7/2 "/>
</bind>
</comp>

<comp id="390" class="1004" name="xor_ln245_6_fu_390">
<pin_list>
<pin id="391" dir="0" index="0" bw="1" slack="0"/>
<pin id="392" dir="0" index="1" bw="1" slack="0"/>
<pin id="393" dir="1" index="2" bw="1" slack="0"/>
</pin_list>
<bind>
<opcode="xor(25) " fcode="xor"/>
<opset="xor_ln245_6/2 "/>
</bind>
</comp>

<comp id="396" class="1004" name="and_ln245_3_fu_396">
<pin_list>
<pin id="397" dir="0" index="0" bw="1" slack="0"/>
<pin id="398" dir="0" index="1" bw="1" slack="0"/>
<pin id="399" dir="1" index="2" bw="1" slack="0"/>
</pin_list>
<bind>
<opcode="and(23) " fcode="and"/>
<opset="and_ln245_3/2 "/>
</bind>
</comp>

<comp id="402" class="1004" name="xor_ln245_7_fu_402">
<pin_list>
<pin id="403" dir="0" index="0" bw="1" slack="0"/>
<pin id="404" dir="0" index="1" bw="1" slack="0"/>
<pin id="405" dir="1" index="2" bw="1" slack="0"/>
</pin_list>
<bind>
<opcode="xor(25) " fcode="xor"/>
<opset="xor_ln245_7/2 "/>
</bind>
</comp>

<comp id="408" class="1004" name="sext_ln245_4_fu_408">
<pin_list>
<pin id="409" dir="0" index="0" bw="18" slack="1"/>
<pin id="410" dir="1" index="1" bw="19" slack="0"/>
</pin_list>
<bind>
<opcode="sext(35) " fcode="sext"/>
<opset="sext_ln245_4/2 "/>
</bind>
</comp>

<comp id="411" class="1004" name="sub_ln245_4_fu_411">
<pin_list>
<pin id="412" dir="0" index="0" bw="18" slack="0"/>
<pin id="413" dir="0" index="1" bw="18" slack="0"/>
<pin id="414" dir="1" index="2" bw="19" slack="0"/>
</pin_list>
<bind>
<opcode="sub(10) " fcode="sub"/>
<opset="sub_ln245_4/2 "/>
</bind>
</comp>

<comp id="417" class="1004" name="tmp_8_fu_417">
<pin_list>
<pin id="418" dir="0" index="0" bw="1" slack="0"/>
<pin id="419" dir="0" index="1" bw="19" slack="0"/>
<pin id="420" dir="0" index="2" bw="6" slack="0"/>
<pin id="421" dir="1" index="3" bw="1" slack="0"/>
</pin_list>
<bind>
<opcode="bitselect(1000) " fcode="bitselect"/>
<opset="tmp_8/2 "/>
</bind>
</comp>

<comp id="425" class="1004" name="tmp_9_fu_425">
<pin_list>
<pin id="426" dir="0" index="0" bw="1" slack="0"/>
<pin id="427" dir="0" index="1" bw="19" slack="0"/>
<pin id="428" dir="0" index="2" bw="6" slack="0"/>
<pin id="429" dir="1" index="3" bw="1" slack="0"/>
</pin_list>
<bind>
<opcode="bitselect(1000) " fcode="bitselect"/>
<opset="tmp_9/2 "/>
</bind>
</comp>

<comp id="433" class="1004" name="xor_ln245_8_fu_433">
<pin_list>
<pin id="434" dir="0" index="0" bw="1" slack="0"/>
<pin id="435" dir="0" index="1" bw="1" slack="0"/>
<pin id="436" dir="1" index="2" bw="1" slack="0"/>
</pin_list>
<bind>
<opcode="xor(25) " fcode="xor"/>
<opset="xor_ln245_8/2 "/>
</bind>
</comp>

<comp id="439" class="1004" name="and_ln245_4_fu_439">
<pin_list>
<pin id="440" dir="0" index="0" bw="1" slack="0"/>
<pin id="441" dir="0" index="1" bw="1" slack="0"/>
<pin id="442" dir="1" index="2" bw="1" slack="0"/>
</pin_list>
<bind>
<opcode="and(23) " fcode="and"/>
<opset="and_ln245_4/2 "/>
</bind>
</comp>

<comp id="445" class="1004" name="xor_ln245_9_fu_445">
<pin_list>
<pin id="446" dir="0" index="0" bw="1" slack="0"/>
<pin id="447" dir="0" index="1" bw="1" slack="0"/>
<pin id="448" dir="1" index="2" bw="1" slack="0"/>
</pin_list>
<bind>
<opcode="xor(25) " fcode="xor"/>
<opset="xor_ln245_9/2 "/>
</bind>
</comp>

<comp id="451" class="1004" name="select_ln245_fu_451">
<pin_list>
<pin id="452" dir="0" index="0" bw="1" slack="0"/>
<pin id="453" dir="0" index="1" bw="10" slack="0"/>
<pin id="454" dir="0" index="2" bw="10" slack="0"/>
<pin id="455" dir="1" index="3" bw="10" slack="0"/>
</pin_list>
<bind>
<opcode="select(49) " fcode="select"/>
<opset="select_ln245/2 "/>
</bind>
</comp>

<comp id="459" class="1004" name="tmp_10_fu_459">
<pin_list>
<pin id="460" dir="0" index="0" bw="10" slack="0"/>
<pin id="461" dir="0" index="1" bw="19" slack="0"/>
<pin id="462" dir="0" index="2" bw="5" slack="0"/>
<pin id="463" dir="0" index="3" bw="6" slack="0"/>
<pin id="464" dir="1" index="4" bw="10" slack="0"/>
</pin_list>
<bind>
<opcode="partselect(1002) " fcode="partselect"/>
<opset="tmp_10/2 "/>
</bind>
</comp>

<comp id="469" class="1004" name="select_ln245_1_fu_469">
<pin_list>
<pin id="470" dir="0" index="0" bw="1" slack="0"/>
<pin id="471" dir="0" index="1" bw="10" slack="0"/>
<pin id="472" dir="0" index="2" bw="10" slack="0"/>
<pin id="473" dir="1" index="3" bw="10" slack="1"/>
</pin_list>
<bind>
<opcode="select(49) " fcode="select"/>
<opset="select_ln245_1/2 "/>
</bind>
</comp>

<comp id="477" class="1004" name="select_ln245_2_fu_477">
<pin_list>
<pin id="478" dir="0" index="0" bw="1" slack="0"/>
<pin id="479" dir="0" index="1" bw="10" slack="0"/>
<pin id="480" dir="0" index="2" bw="10" slack="0"/>
<pin id="481" dir="1" index="3" bw="10" slack="0"/>
</pin_list>
<bind>
<opcode="select(49) " fcode="select"/>
<opset="select_ln245_2/2 "/>
</bind>
</comp>

<comp id="485" class="1004" name="tmp_11_fu_485">
<pin_list>
<pin id="486" dir="0" index="0" bw="10" slack="0"/>
<pin id="487" dir="0" index="1" bw="19" slack="0"/>
<pin id="488" dir="0" index="2" bw="5" slack="0"/>
<pin id="489" dir="0" index="3" bw="6" slack="0"/>
<pin id="490" dir="1" index="4" bw="10" slack="0"/>
</pin_list>
<bind>
<opcode="partselect(1002) " fcode="partselect"/>
<opset="tmp_11/2 "/>
</bind>
</comp>

<comp id="495" class="1004" name="select_ln245_3_fu_495">
<pin_list>
<pin id="496" dir="0" index="0" bw="1" slack="0"/>
<pin id="497" dir="0" index="1" bw="10" slack="0"/>
<pin id="498" dir="0" index="2" bw="10" slack="0"/>
<pin id="499" dir="1" index="3" bw="10" slack="1"/>
</pin_list>
<bind>
<opcode="select(49) " fcode="select"/>
<opset="select_ln245_3/2 "/>
</bind>
</comp>

<comp id="503" class="1004" name="select_ln245_4_fu_503">
<pin_list>
<pin id="504" dir="0" index="0" bw="1" slack="0"/>
<pin id="505" dir="0" index="1" bw="10" slack="0"/>
<pin id="506" dir="0" index="2" bw="10" slack="0"/>
<pin id="507" dir="1" index="3" bw="10" slack="0"/>
</pin_list>
<bind>
<opcode="select(49) " fcode="select"/>
<opset="select_ln245_4/2 "/>
</bind>
</comp>

<comp id="511" class="1004" name="tmp_12_fu_511">
<pin_list>
<pin id="512" dir="0" index="0" bw="10" slack="0"/>
<pin id="513" dir="0" index="1" bw="19" slack="0"/>
<pin id="514" dir="0" index="2" bw="5" slack="0"/>
<pin id="515" dir="0" index="3" bw="6" slack="0"/>
<pin id="516" dir="1" index="4" bw="10" slack="0"/>
</pin_list>
<bind>
<opcode="partselect(1002) " fcode="partselect"/>
<opset="tmp_12/2 "/>
</bind>
</comp>

<comp id="521" class="1004" name="select_ln245_5_fu_521">
<pin_list>
<pin id="522" dir="0" index="0" bw="1" slack="0"/>
<pin id="523" dir="0" index="1" bw="10" slack="0"/>
<pin id="524" dir="0" index="2" bw="10" slack="0"/>
<pin id="525" dir="1" index="3" bw="10" slack="0"/>
</pin_list>
<bind>
<opcode="select(49) " fcode="select"/>
<opset="select_ln245_5/2 "/>
</bind>
</comp>

<comp id="529" class="1004" name="zext_ln255_2_fu_529">
<pin_list>
<pin id="530" dir="0" index="0" bw="10" slack="0"/>
<pin id="531" dir="1" index="1" bw="64" slack="0"/>
</pin_list>
<bind>
<opcode="zext(34) " fcode="zext"/>
<opset="zext_ln255_2/2 "/>
</bind>
</comp>

<comp id="534" class="1004" name="select_ln245_6_fu_534">
<pin_list>
<pin id="535" dir="0" index="0" bw="1" slack="0"/>
<pin id="536" dir="0" index="1" bw="10" slack="0"/>
<pin id="537" dir="0" index="2" bw="10" slack="0"/>
<pin id="538" dir="1" index="3" bw="10" slack="0"/>
</pin_list>
<bind>
<opcode="select(49) " fcode="select"/>
<opset="select_ln245_6/2 "/>
</bind>
</comp>

<comp id="542" class="1004" name="tmp_13_fu_542">
<pin_list>
<pin id="543" dir="0" index="0" bw="10" slack="0"/>
<pin id="544" dir="0" index="1" bw="19" slack="0"/>
<pin id="545" dir="0" index="2" bw="5" slack="0"/>
<pin id="546" dir="0" index="3" bw="6" slack="0"/>
<pin id="547" dir="1" index="4" bw="10" slack="0"/>
</pin_list>
<bind>
<opcode="partselect(1002) " fcode="partselect"/>
<opset="tmp_13/2 "/>
</bind>
</comp>

<comp id="552" class="1004" name="select_ln245_7_fu_552">
<pin_list>
<pin id="553" dir="0" index="0" bw="1" slack="0"/>
<pin id="554" dir="0" index="1" bw="10" slack="0"/>
<pin id="555" dir="0" index="2" bw="10" slack="0"/>
<pin id="556" dir="1" index="3" bw="10" slack="0"/>
</pin_list>
<bind>
<opcode="select(49) " fcode="select"/>
<opset="select_ln245_7/2 "/>
</bind>
</comp>

<comp id="560" class="1004" name="zext_ln255_3_fu_560">
<pin_list>
<pin id="561" dir="0" index="0" bw="10" slack="0"/>
<pin id="562" dir="1" index="1" bw="64" slack="0"/>
</pin_list>
<bind>
<opcode="zext(34) " fcode="zext"/>
<opset="zext_ln255_3/2 "/>
</bind>
</comp>

<comp id="565" class="1004" name="select_ln245_8_fu_565">
<pin_list>
<pin id="566" dir="0" index="0" bw="1" slack="0"/>
<pin id="567" dir="0" index="1" bw="10" slack="0"/>
<pin id="568" dir="0" index="2" bw="10" slack="0"/>
<pin id="569" dir="1" index="3" bw="10" slack="0"/>
</pin_list>
<bind>
<opcode="select(49) " fcode="select"/>
<opset="select_ln245_8/2 "/>
</bind>
</comp>

<comp id="573" class="1004" name="tmp_14_fu_573">
<pin_list>
<pin id="574" dir="0" index="0" bw="10" slack="0"/>
<pin id="575" dir="0" index="1" bw="19" slack="0"/>
<pin id="576" dir="0" index="2" bw="5" slack="0"/>
<pin id="577" dir="0" index="3" bw="6" slack="0"/>
<pin id="578" dir="1" index="4" bw="10" slack="0"/>
</pin_list>
<bind>
<opcode="partselect(1002) " fcode="partselect"/>
<opset="tmp_14/2 "/>
</bind>
</comp>

<comp id="583" class="1004" name="select_ln245_9_fu_583">
<pin_list>
<pin id="584" dir="0" index="0" bw="1" slack="0"/>
<pin id="585" dir="0" index="1" bw="10" slack="0"/>
<pin id="586" dir="0" index="2" bw="10" slack="0"/>
<pin id="587" dir="1" index="3" bw="10" slack="0"/>
</pin_list>
<bind>
<opcode="select(49) " fcode="select"/>
<opset="select_ln245_9/2 "/>
</bind>
</comp>

<comp id="591" class="1004" name="zext_ln255_4_fu_591">
<pin_list>
<pin id="592" dir="0" index="0" bw="10" slack="0"/>
<pin id="593" dir="1" index="1" bw="64" slack="0"/>
</pin_list>
<bind>
<opcode="zext(34) " fcode="zext"/>
<opset="zext_ln255_4/2 "/>
</bind>
</comp>

<comp id="596" class="1004" name="zext_ln255_fu_596">
<pin_list>
<pin id="597" dir="0" index="0" bw="10" slack="1"/>
<pin id="598" dir="1" index="1" bw="64" slack="0"/>
</pin_list>
<bind>
<opcode="zext(34) " fcode="zext"/>
<opset="zext_ln255/3 "/>
</bind>
</comp>

<comp id="600" class="1004" name="zext_ln255_1_fu_600">
<pin_list>
<pin id="601" dir="0" index="0" bw="10" slack="1"/>
<pin id="602" dir="1" index="1" bw="64" slack="0"/>
</pin_list>
<bind>
<opcode="zext(34) " fcode="zext"/>
<opset="zext_ln255_1/3 "/>
</bind>
</comp>

<comp id="604" class="1004" name="add_ln51_fu_604">
<pin_list>
<pin id="605" dir="0" index="0" bw="18" slack="0"/>
<pin id="606" dir="0" index="1" bw="18" slack="0"/>
<pin id="607" dir="1" index="2" bw="18" slack="0"/>
</pin_list>
<bind>
<opcode="add(8) " fcode="add"/>
<opset="add_ln51/4 "/>
</bind>
</comp>

<comp id="610" class="1004" name="add_ln51_1_fu_610">
<pin_list>
<pin id="611" dir="0" index="0" bw="18" slack="1"/>
<pin id="612" dir="0" index="1" bw="18" slack="1"/>
<pin id="613" dir="1" index="2" bw="18" slack="0"/>
</pin_list>
<bind>
<opcode="add(8) " fcode="add"/>
<opset="add_ln51_1/4 "/>
</bind>
</comp>

<comp id="614" class="1004" name="add_ln51_2_fu_614">
<pin_list>
<pin id="615" dir="0" index="0" bw="18" slack="0"/>
<pin id="616" dir="0" index="1" bw="18" slack="1"/>
<pin id="617" dir="1" index="2" bw="18" slack="0"/>
</pin_list>
<bind>
<opcode="add(8) " fcode="add"/>
<opset="add_ln51_2/4 "/>
</bind>
</comp>

<comp id="619" class="1004" name="exp_sum_fu_619">
<pin_list>
<pin id="620" dir="0" index="0" bw="18" slack="0"/>
<pin id="621" dir="0" index="1" bw="18" slack="0"/>
<pin id="622" dir="1" index="2" bw="18" slack="0"/>
</pin_list>
<bind>
<opcode="add(8) " fcode="add"/>
<opset="exp_sum/4 "/>
</bind>
</comp>

<comp id="625" class="1004" name="tmp_s_fu_625">
<pin_list>
<pin id="626" dir="0" index="0" bw="10" slack="0"/>
<pin id="627" dir="0" index="1" bw="18" slack="0"/>
<pin id="628" dir="0" index="2" bw="5" slack="0"/>
<pin id="629" dir="0" index="3" bw="6" slack="0"/>
<pin id="630" dir="1" index="4" bw="10" slack="0"/>
</pin_list>
<bind>
<opcode="partselect(1002) " fcode="partselect"/>
<opset="tmp_s/4 "/>
</bind>
</comp>

<comp id="635" class="1004" name="zext_ln265_fu_635">
<pin_list>
<pin id="636" dir="0" index="0" bw="10" slack="0"/>
<pin id="637" dir="1" index="1" bw="64" slack="0"/>
</pin_list>
<bind>
<opcode="zext(34) " fcode="zext"/>
<opset="zext_ln265/4 "/>
</bind>
</comp>

<comp id="640" class="1004" name="sext_ln268_fu_640">
<pin_list>
<pin id="641" dir="0" index="0" bw="18" slack="0"/>
<pin id="642" dir="1" index="1" bw="30" slack="0"/>
</pin_list>
<bind>
<opcode="sext(35) " fcode="sext"/>
<opset="sext_ln268/5 "/>
</bind>
</comp>

<comp id="644" class="1004" name="sext_ln268_1_fu_644">
<pin_list>
<pin id="645" dir="0" index="0" bw="18" slack="1"/>
<pin id="646" dir="1" index="1" bw="30" slack="0"/>
</pin_list>
<bind>
<opcode="sext(35) " fcode="sext"/>
<opset="sext_ln268_1/5 "/>
</bind>
</comp>

<comp id="647" class="1004" name="mul_ln268_fu_647">
<pin_list>
<pin id="648" dir="0" index="0" bw="18" slack="0"/>
<pin id="649" dir="0" index="1" bw="18" slack="0"/>
<pin id="650" dir="1" index="2" bw="30" slack="0"/>
</pin_list>
<bind>
<opcode="mul(12) " fcode="mul"/>
<opset="mul_ln268/5 "/>
</bind>
</comp>

<comp id="653" class="1004" name="res_write_assign_fu_653">
<pin_list>
<pin id="654" dir="0" index="0" bw="16" slack="0"/>
<pin id="655" dir="0" index="1" bw="30" slack="0"/>
<pin id="656" dir="0" index="2" bw="5" slack="0"/>
<pin id="657" dir="0" index="3" bw="6" slack="0"/>
<pin id="658" dir="1" index="4" bw="16" slack="0"/>
</pin_list>
<bind>
<opcode="partselect(1002) " fcode="partselect"/>
<opset="res_write_assign/5 "/>
</bind>
</comp>

<comp id="663" class="1004" name="sext_ln268_2_fu_663">
<pin_list>
<pin id="664" dir="0" index="0" bw="18" slack="1"/>
<pin id="665" dir="1" index="1" bw="30" slack="0"/>
</pin_list>
<bind>
<opcode="sext(35) " fcode="sext"/>
<opset="sext_ln268_2/5 "/>
</bind>
</comp>

<comp id="666" class="1004" name="mul_ln268_1_fu_666">
<pin_list>
<pin id="667" dir="0" index="0" bw="18" slack="0"/>
<pin id="668" dir="0" index="1" bw="18" slack="0"/>
<pin id="669" dir="1" index="2" bw="30" slack="0"/>
</pin_list>
<bind>
<opcode="mul(12) " fcode="mul"/>
<opset="mul_ln268_1/5 "/>
</bind>
</comp>

<comp id="672" class="1004" name="res_write_assign_1_fu_672">
<pin_list>
<pin id="673" dir="0" index="0" bw="16" slack="0"/>
<pin id="674" dir="0" index="1" bw="30" slack="0"/>
<pin id="675" dir="0" index="2" bw="5" slack="0"/>
<pin id="676" dir="0" index="3" bw="6" slack="0"/>
<pin id="677" dir="1" index="4" bw="16" slack="0"/>
</pin_list>
<bind>
<opcode="partselect(1002) " fcode="partselect"/>
<opset="res_write_assign_1/5 "/>
</bind>
</comp>

<comp id="682" class="1004" name="sext_ln268_3_fu_682">
<pin_list>
<pin id="683" dir="0" index="0" bw="18" slack="2"/>
<pin id="684" dir="1" index="1" bw="30" slack="0"/>
</pin_list>
<bind>
<opcode="sext(35) " fcode="sext"/>
<opset="sext_ln268_3/5 "/>
</bind>
</comp>

<comp id="685" class="1004" name="mul_ln268_2_fu_685">
<pin_list>
<pin id="686" dir="0" index="0" bw="18" slack="0"/>
<pin id="687" dir="0" index="1" bw="18" slack="0"/>
<pin id="688" dir="1" index="2" bw="30" slack="0"/>
</pin_list>
<bind>
<opcode="mul(12) " fcode="mul"/>
<opset="mul_ln268_2/5 "/>
</bind>
</comp>

<comp id="691" class="1004" name="res_write_assign_2_fu_691">
<pin_list>
<pin id="692" dir="0" index="0" bw="16" slack="0"/>
<pin id="693" dir="0" index="1" bw="30" slack="0"/>
<pin id="694" dir="0" index="2" bw="5" slack="0"/>
<pin id="695" dir="0" index="3" bw="6" slack="0"/>
<pin id="696" dir="1" index="4" bw="16" slack="0"/>
</pin_list>
<bind>
<opcode="partselect(1002) " fcode="partselect"/>
<opset="res_write_assign_2/5 "/>
</bind>
</comp>

<comp id="701" class="1004" name="sext_ln268_4_fu_701">
<pin_list>
<pin id="702" dir="0" index="0" bw="18" slack="2"/>
<pin id="703" dir="1" index="1" bw="30" slack="0"/>
</pin_list>
<bind>
<opcode="sext(35) " fcode="sext"/>
<opset="sext_ln268_4/5 "/>
</bind>
</comp>

<comp id="704" class="1004" name="mul_ln268_3_fu_704">
<pin_list>
<pin id="705" dir="0" index="0" bw="18" slack="0"/>
<pin id="706" dir="0" index="1" bw="18" slack="0"/>
<pin id="707" dir="1" index="2" bw="30" slack="0"/>
</pin_list>
<bind>
<opcode="mul(12) " fcode="mul"/>
<opset="mul_ln268_3/5 "/>
</bind>
</comp>

<comp id="710" class="1004" name="res_write_assign_3_fu_710">
<pin_list>
<pin id="711" dir="0" index="0" bw="16" slack="0"/>
<pin id="712" dir="0" index="1" bw="30" slack="0"/>
<pin id="713" dir="0" index="2" bw="5" slack="0"/>
<pin id="714" dir="0" index="3" bw="6" slack="0"/>
<pin id="715" dir="1" index="4" bw="16" slack="0"/>
</pin_list>
<bind>
<opcode="partselect(1002) " fcode="partselect"/>
<opset="res_write_assign_3/5 "/>
</bind>
</comp>

<comp id="720" class="1004" name="sext_ln268_5_fu_720">
<pin_list>
<pin id="721" dir="0" index="0" bw="18" slack="2"/>
<pin id="722" dir="1" index="1" bw="30" slack="0"/>
</pin_list>
<bind>
<opcode="sext(35) " fcode="sext"/>
<opset="sext_ln268_5/5 "/>
</bind>
</comp>

<comp id="723" class="1004" name="mul_ln268_4_fu_723">
<pin_list>
<pin id="724" dir="0" index="0" bw="18" slack="0"/>
<pin id="725" dir="0" index="1" bw="18" slack="0"/>
<pin id="726" dir="1" index="2" bw="30" slack="0"/>
</pin_list>
<bind>
<opcode="mul(12) " fcode="mul"/>
<opset="mul_ln268_4/5 "/>
</bind>
</comp>

<comp id="729" class="1004" name="res_write_assign_4_fu_729">
<pin_list>
<pin id="730" dir="0" index="0" bw="16" slack="0"/>
<pin id="731" dir="0" index="1" bw="30" slack="0"/>
<pin id="732" dir="0" index="2" bw="5" slack="0"/>
<pin id="733" dir="0" index="3" bw="6" slack="0"/>
<pin id="734" dir="1" index="4" bw="16" slack="0"/>
</pin_list>
<bind>
<opcode="partselect(1002) " fcode="partselect"/>
<opset="res_write_assign_4/5 "/>
</bind>
</comp>

<comp id="739" class="1004" name="mrv_fu_739">
<pin_list>
<pin id="740" dir="0" index="0" bw="80" slack="0"/>
<pin id="741" dir="0" index="1" bw="16" slack="0"/>
<pin id="742" dir="1" index="2" bw="80" slack="0"/>
</pin_list>
<bind>
<opcode="insertvalue(57) " fcode="insertvalue"/>
<opset="mrv/5 "/>
</bind>
</comp>

<comp id="745" class="1004" name="mrv_1_fu_745">
<pin_list>
<pin id="746" dir="0" index="0" bw="80" slack="0"/>
<pin id="747" dir="0" index="1" bw="16" slack="0"/>
<pin id="748" dir="1" index="2" bw="80" slack="0"/>
</pin_list>
<bind>
<opcode="insertvalue(57) " fcode="insertvalue"/>
<opset="mrv_1/5 "/>
</bind>
</comp>

<comp id="751" class="1004" name="mrv_2_fu_751">
<pin_list>
<pin id="752" dir="0" index="0" bw="80" slack="0"/>
<pin id="753" dir="0" index="1" bw="16" slack="0"/>
<pin id="754" dir="1" index="2" bw="80" slack="0"/>
</pin_list>
<bind>
<opcode="insertvalue(57) " fcode="insertvalue"/>
<opset="mrv_2/5 "/>
</bind>
</comp>

<comp id="757" class="1004" name="mrv_3_fu_757">
<pin_list>
<pin id="758" dir="0" index="0" bw="80" slack="0"/>
<pin id="759" dir="0" index="1" bw="16" slack="0"/>
<pin id="760" dir="1" index="2" bw="80" slack="0"/>
</pin_list>
<bind>
<opcode="insertvalue(57) " fcode="insertvalue"/>
<opset="mrv_3/5 "/>
</bind>
</comp>

<comp id="763" class="1004" name="mrv_4_fu_763">
<pin_list>
<pin id="764" dir="0" index="0" bw="80" slack="0"/>
<pin id="765" dir="0" index="1" bw="16" slack="0"/>
<pin id="766" dir="1" index="2" bw="80" slack="2147483647"/>
</pin_list>
<bind>
<opcode="insertvalue(57) " fcode="insertvalue"/>
<opset="mrv_4/5 "/>
</bind>
</comp>

<comp id="769" class="1005" name="data_4_val_read_reg_769">
<pin_list>
<pin id="770" dir="0" index="0" bw="18" slack="1"/>
<pin id="771" dir="1" index="1" bw="18" slack="1"/>
</pin_list>
<bind>
<opset="data_4_val_read "/>
</bind>
</comp>

<comp id="776" class="1005" name="data_3_val_read_reg_776">
<pin_list>
<pin id="777" dir="0" index="0" bw="18" slack="1"/>
<pin id="778" dir="1" index="1" bw="18" slack="1"/>
</pin_list>
<bind>
<opset="data_3_val_read "/>
</bind>
</comp>

<comp id="781" class="1005" name="data_2_val_read_reg_781">
<pin_list>
<pin id="782" dir="0" index="0" bw="18" slack="1"/>
<pin id="783" dir="1" index="1" bw="18" slack="1"/>
</pin_list>
<bind>
<opset="data_2_val_read "/>
</bind>
</comp>

<comp id="786" class="1005" name="data_1_val_read_reg_786">
<pin_list>
<pin id="787" dir="0" index="0" bw="18" slack="1"/>
<pin id="788" dir="1" index="1" bw="18" slack="1"/>
</pin_list>
<bind>
<opset="data_1_val_read "/>
</bind>
</comp>

<comp id="791" class="1005" name="data_0_val_read_reg_791">
<pin_list>
<pin id="792" dir="0" index="0" bw="18" slack="1"/>
<pin id="793" dir="1" index="1" bw="18" slack="1"/>
</pin_list>
<bind>
<opset="data_0_val_read "/>
</bind>
</comp>

<comp id="796" class="1005" name="a_reg_796">
<pin_list>
<pin id="797" dir="0" index="0" bw="18" slack="1"/>
<pin id="798" dir="1" index="1" bw="18" slack="1"/>
</pin_list>
<bind>
<opset="a "/>
</bind>
</comp>

<comp id="802" class="1005" name="select_ln245_1_reg_802">
<pin_list>
<pin id="803" dir="0" index="0" bw="10" slack="1"/>
<pin id="804" dir="1" index="1" bw="10" slack="1"/>
</pin_list>
<bind>
<opset="select_ln245_1 "/>
</bind>
</comp>

<comp id="807" class="1005" name="select_ln245_3_reg_807">
<pin_list>
<pin id="808" dir="0" index="0" bw="10" slack="1"/>
<pin id="809" dir="1" index="1" bw="10" slack="1"/>
</pin_list>
<bind>
<opset="select_ln245_3 "/>
</bind>
</comp>

<comp id="812" class="1005" name="exp_table_addr_2_reg_812">
<pin_list>
<pin id="813" dir="0" index="0" bw="10" slack="1"/>
<pin id="814" dir="1" index="1" bw="10" slack="1"/>
</pin_list>
<bind>
<opset="exp_table_addr_2 "/>
</bind>
</comp>

<comp id="817" class="1005" name="exp_table_addr_3_reg_817">
<pin_list>
<pin id="818" dir="0" index="0" bw="10" slack="1"/>
<pin id="819" dir="1" index="1" bw="10" slack="1"/>
</pin_list>
<bind>
<opset="exp_table_addr_3 "/>
</bind>
</comp>

<comp id="822" class="1005" name="exp_table_addr_4_reg_822">
<pin_list>
<pin id="823" dir="0" index="0" bw="10" slack="1"/>
<pin id="824" dir="1" index="1" bw="10" slack="1"/>
</pin_list>
<bind>
<opset="exp_table_addr_4 "/>
</bind>
</comp>

<comp id="827" class="1005" name="exp_table_addr_reg_827">
<pin_list>
<pin id="828" dir="0" index="0" bw="10" slack="1"/>
<pin id="829" dir="1" index="1" bw="10" slack="1"/>
</pin_list>
<bind>
<opset="exp_table_addr "/>
</bind>
</comp>

<comp id="832" class="1005" name="exp_table_addr_1_reg_832">
<pin_list>
<pin id="833" dir="0" index="0" bw="10" slack="1"/>
<pin id="834" dir="1" index="1" bw="10" slack="1"/>
</pin_list>
<bind>
<opset="exp_table_addr_1 "/>
</bind>
</comp>

<comp id="837" class="1005" name="a_2_reg_837">
<pin_list>
<pin id="838" dir="0" index="0" bw="18" slack="1"/>
<pin id="839" dir="1" index="1" bw="18" slack="1"/>
</pin_list>
<bind>
<opset="a_2 "/>
</bind>
</comp>

<comp id="843" class="1005" name="b_1_reg_843">
<pin_list>
<pin id="844" dir="0" index="0" bw="18" slack="1"/>
<pin id="845" dir="1" index="1" bw="18" slack="1"/>
</pin_list>
<bind>
<opset="b_1 "/>
</bind>
</comp>

<comp id="849" class="1005" name="b_2_reg_849">
<pin_list>
<pin id="850" dir="0" index="0" bw="18" slack="1"/>
<pin id="851" dir="1" index="1" bw="18" slack="1"/>
</pin_list>
<bind>
<opset="b_2 "/>
</bind>
</comp>

<comp id="855" class="1005" name="a_1_reg_855">
<pin_list>
<pin id="856" dir="0" index="0" bw="18" slack="1"/>
<pin id="857" dir="1" index="1" bw="18" slack="1"/>
</pin_list>
<bind>
<opset="a_1 "/>
</bind>
</comp>

<comp id="860" class="1005" name="b_reg_860">
<pin_list>
<pin id="861" dir="0" index="0" bw="18" slack="1"/>
<pin id="862" dir="1" index="1" bw="18" slack="1"/>
</pin_list>
<bind>
<opset="b "/>
</bind>
</comp>

<comp id="865" class="1005" name="invert_table_addr_reg_865">
<pin_list>
<pin id="866" dir="0" index="0" bw="10" slack="1"/>
<pin id="867" dir="1" index="1" bw="10" slack="1"/>
</pin_list>
<bind>
<opset="invert_table_addr "/>
</bind>
</comp>

</comp_list>

<net_list>
<net id="56"><net_src comp="14" pin="0"/><net_sink comp="52" pin=0"/></net>

<net id="57"><net_src comp="8" pin="0"/><net_sink comp="52" pin=1"/></net>

<net id="62"><net_src comp="14" pin="0"/><net_sink comp="58" pin=0"/></net>

<net id="63"><net_src comp="6" pin="0"/><net_sink comp="58" pin=1"/></net>

<net id="68"><net_src comp="14" pin="0"/><net_sink comp="64" pin=0"/></net>

<net id="69"><net_src comp="4" pin="0"/><net_sink comp="64" pin=1"/></net>

<net id="74"><net_src comp="14" pin="0"/><net_sink comp="70" pin=0"/></net>

<net id="75"><net_src comp="2" pin="0"/><net_sink comp="70" pin=1"/></net>

<net id="80"><net_src comp="14" pin="0"/><net_sink comp="76" pin=0"/></net>

<net id="81"><net_src comp="0" pin="0"/><net_sink comp="76" pin=1"/></net>

<net id="87"><net_src comp="10" pin="0"/><net_sink comp="82" pin=0"/></net>

<net id="88"><net_src comp="32" pin="0"/><net_sink comp="82" pin=1"/></net>

<net id="110"><net_src comp="82" pin="3"/><net_sink comp="89" pin=10"/></net>

<net id="116"><net_src comp="10" pin="0"/><net_sink comp="111" pin=0"/></net>

<net id="117"><net_src comp="32" pin="0"/><net_sink comp="111" pin=1"/></net>

<net id="118"><net_src comp="111" pin="3"/><net_sink comp="89" pin=8"/></net>

<net id="124"><net_src comp="10" pin="0"/><net_sink comp="119" pin=0"/></net>

<net id="125"><net_src comp="32" pin="0"/><net_sink comp="119" pin=1"/></net>

<net id="126"><net_src comp="119" pin="3"/><net_sink comp="89" pin=5"/></net>

<net id="132"><net_src comp="10" pin="0"/><net_sink comp="127" pin=0"/></net>

<net id="133"><net_src comp="32" pin="0"/><net_sink comp="127" pin=1"/></net>

<net id="134"><net_src comp="127" pin="3"/><net_sink comp="89" pin=2"/></net>

<net id="140"><net_src comp="10" pin="0"/><net_sink comp="135" pin=0"/></net>

<net id="141"><net_src comp="32" pin="0"/><net_sink comp="135" pin=1"/></net>

<net id="142"><net_src comp="135" pin="3"/><net_sink comp="89" pin=0"/></net>

<net id="148"><net_src comp="12" pin="0"/><net_sink comp="143" pin=0"/></net>

<net id="149"><net_src comp="32" pin="0"/><net_sink comp="143" pin=1"/></net>

<net id="155"><net_src comp="143" pin="3"/><net_sink comp="150" pin=0"/></net>

<net id="160"><net_src comp="76" pin="2"/><net_sink comp="156" pin=0"/></net>

<net id="161"><net_src comp="70" pin="2"/><net_sink comp="156" pin=1"/></net>

<net id="166"><net_src comp="156" pin="2"/><net_sink comp="162" pin=0"/></net>

<net id="167"><net_src comp="16" pin="0"/><net_sink comp="162" pin=1"/></net>

<net id="173"><net_src comp="162" pin="2"/><net_sink comp="168" pin=0"/></net>

<net id="174"><net_src comp="76" pin="2"/><net_sink comp="168" pin=1"/></net>

<net id="175"><net_src comp="70" pin="2"/><net_sink comp="168" pin=2"/></net>

<net id="180"><net_src comp="64" pin="2"/><net_sink comp="176" pin=0"/></net>

<net id="181"><net_src comp="58" pin="2"/><net_sink comp="176" pin=1"/></net>

<net id="186"><net_src comp="176" pin="2"/><net_sink comp="182" pin=0"/></net>

<net id="187"><net_src comp="16" pin="0"/><net_sink comp="182" pin=1"/></net>

<net id="193"><net_src comp="182" pin="2"/><net_sink comp="188" pin=0"/></net>

<net id="194"><net_src comp="64" pin="2"/><net_sink comp="188" pin=1"/></net>

<net id="195"><net_src comp="58" pin="2"/><net_sink comp="188" pin=2"/></net>

<net id="200"><net_src comp="168" pin="3"/><net_sink comp="196" pin=0"/></net>

<net id="201"><net_src comp="188" pin="3"/><net_sink comp="196" pin=1"/></net>

<net id="206"><net_src comp="196" pin="2"/><net_sink comp="202" pin=0"/></net>

<net id="207"><net_src comp="16" pin="0"/><net_sink comp="202" pin=1"/></net>

<net id="213"><net_src comp="202" pin="2"/><net_sink comp="208" pin=0"/></net>

<net id="214"><net_src comp="168" pin="3"/><net_sink comp="208" pin=1"/></net>

<net id="215"><net_src comp="188" pin="3"/><net_sink comp="208" pin=2"/></net>

<net id="224"><net_src comp="216" pin="2"/><net_sink comp="220" pin=0"/></net>

<net id="225"><net_src comp="16" pin="0"/><net_sink comp="220" pin=1"/></net>

<net id="231"><net_src comp="220" pin="2"/><net_sink comp="226" pin=0"/></net>

<net id="235"><net_src comp="226" pin="3"/><net_sink comp="232" pin=0"/></net>

<net id="243"><net_src comp="236" pin="1"/><net_sink comp="239" pin=0"/></net>

<net id="244"><net_src comp="232" pin="1"/><net_sink comp="239" pin=1"/></net>

<net id="250"><net_src comp="18" pin="0"/><net_sink comp="245" pin=0"/></net>

<net id="251"><net_src comp="239" pin="2"/><net_sink comp="245" pin=1"/></net>

<net id="252"><net_src comp="20" pin="0"/><net_sink comp="245" pin=2"/></net>

<net id="258"><net_src comp="18" pin="0"/><net_sink comp="253" pin=0"/></net>

<net id="259"><net_src comp="239" pin="2"/><net_sink comp="253" pin=1"/></net>

<net id="260"><net_src comp="22" pin="0"/><net_sink comp="253" pin=2"/></net>

<net id="265"><net_src comp="245" pin="3"/><net_sink comp="261" pin=0"/></net>

<net id="266"><net_src comp="16" pin="0"/><net_sink comp="261" pin=1"/></net>

<net id="271"><net_src comp="253" pin="3"/><net_sink comp="267" pin=0"/></net>

<net id="272"><net_src comp="261" pin="2"/><net_sink comp="267" pin=1"/></net>

<net id="277"><net_src comp="245" pin="3"/><net_sink comp="273" pin=0"/></net>

<net id="278"><net_src comp="253" pin="3"/><net_sink comp="273" pin=1"/></net>

<net id="286"><net_src comp="279" pin="1"/><net_sink comp="282" pin=0"/></net>

<net id="287"><net_src comp="232" pin="1"/><net_sink comp="282" pin=1"/></net>

<net id="293"><net_src comp="18" pin="0"/><net_sink comp="288" pin=0"/></net>

<net id="294"><net_src comp="282" pin="2"/><net_sink comp="288" pin=1"/></net>

<net id="295"><net_src comp="20" pin="0"/><net_sink comp="288" pin=2"/></net>

<net id="301"><net_src comp="18" pin="0"/><net_sink comp="296" pin=0"/></net>

<net id="302"><net_src comp="282" pin="2"/><net_sink comp="296" pin=1"/></net>

<net id="303"><net_src comp="22" pin="0"/><net_sink comp="296" pin=2"/></net>

<net id="308"><net_src comp="288" pin="3"/><net_sink comp="304" pin=0"/></net>

<net id="309"><net_src comp="16" pin="0"/><net_sink comp="304" pin=1"/></net>

<net id="314"><net_src comp="296" pin="3"/><net_sink comp="310" pin=0"/></net>

<net id="315"><net_src comp="304" pin="2"/><net_sink comp="310" pin=1"/></net>

<net id="320"><net_src comp="288" pin="3"/><net_sink comp="316" pin=0"/></net>

<net id="321"><net_src comp="296" pin="3"/><net_sink comp="316" pin=1"/></net>

<net id="329"><net_src comp="322" pin="1"/><net_sink comp="325" pin=0"/></net>

<net id="330"><net_src comp="232" pin="1"/><net_sink comp="325" pin=1"/></net>

<net id="336"><net_src comp="18" pin="0"/><net_sink comp="331" pin=0"/></net>

<net id="337"><net_src comp="325" pin="2"/><net_sink comp="331" pin=1"/></net>

<net id="338"><net_src comp="20" pin="0"/><net_sink comp="331" pin=2"/></net>

<net id="344"><net_src comp="18" pin="0"/><net_sink comp="339" pin=0"/></net>

<net id="345"><net_src comp="325" pin="2"/><net_sink comp="339" pin=1"/></net>

<net id="346"><net_src comp="22" pin="0"/><net_sink comp="339" pin=2"/></net>

<net id="351"><net_src comp="331" pin="3"/><net_sink comp="347" pin=0"/></net>

<net id="352"><net_src comp="16" pin="0"/><net_sink comp="347" pin=1"/></net>

<net id="357"><net_src comp="339" pin="3"/><net_sink comp="353" pin=0"/></net>

<net id="358"><net_src comp="347" pin="2"/><net_sink comp="353" pin=1"/></net>

<net id="363"><net_src comp="331" pin="3"/><net_sink comp="359" pin=0"/></net>

<net id="364"><net_src comp="339" pin="3"/><net_sink comp="359" pin=1"/></net>

<net id="372"><net_src comp="365" pin="1"/><net_sink comp="368" pin=0"/></net>

<net id="373"><net_src comp="232" pin="1"/><net_sink comp="368" pin=1"/></net>

<net id="379"><net_src comp="18" pin="0"/><net_sink comp="374" pin=0"/></net>

<net id="380"><net_src comp="368" pin="2"/><net_sink comp="374" pin=1"/></net>

<net id="381"><net_src comp="20" pin="0"/><net_sink comp="374" pin=2"/></net>

<net id="387"><net_src comp="18" pin="0"/><net_sink comp="382" pin=0"/></net>

<net id="388"><net_src comp="368" pin="2"/><net_sink comp="382" pin=1"/></net>

<net id="389"><net_src comp="22" pin="0"/><net_sink comp="382" pin=2"/></net>

<net id="394"><net_src comp="374" pin="3"/><net_sink comp="390" pin=0"/></net>

<net id="395"><net_src comp="16" pin="0"/><net_sink comp="390" pin=1"/></net>

<net id="400"><net_src comp="382" pin="3"/><net_sink comp="396" pin=0"/></net>

<net id="401"><net_src comp="390" pin="2"/><net_sink comp="396" pin=1"/></net>

<net id="406"><net_src comp="374" pin="3"/><net_sink comp="402" pin=0"/></net>

<net id="407"><net_src comp="382" pin="3"/><net_sink comp="402" pin=1"/></net>

<net id="415"><net_src comp="408" pin="1"/><net_sink comp="411" pin=0"/></net>

<net id="416"><net_src comp="232" pin="1"/><net_sink comp="411" pin=1"/></net>

<net id="422"><net_src comp="18" pin="0"/><net_sink comp="417" pin=0"/></net>

<net id="423"><net_src comp="411" pin="2"/><net_sink comp="417" pin=1"/></net>

<net id="424"><net_src comp="20" pin="0"/><net_sink comp="417" pin=2"/></net>

<net id="430"><net_src comp="18" pin="0"/><net_sink comp="425" pin=0"/></net>

<net id="431"><net_src comp="411" pin="2"/><net_sink comp="425" pin=1"/></net>

<net id="432"><net_src comp="22" pin="0"/><net_sink comp="425" pin=2"/></net>

<net id="437"><net_src comp="417" pin="3"/><net_sink comp="433" pin=0"/></net>

<net id="438"><net_src comp="16" pin="0"/><net_sink comp="433" pin=1"/></net>

<net id="443"><net_src comp="425" pin="3"/><net_sink comp="439" pin=0"/></net>

<net id="444"><net_src comp="433" pin="2"/><net_sink comp="439" pin=1"/></net>

<net id="449"><net_src comp="417" pin="3"/><net_sink comp="445" pin=0"/></net>

<net id="450"><net_src comp="425" pin="3"/><net_sink comp="445" pin=1"/></net>

<net id="456"><net_src comp="267" pin="2"/><net_sink comp="451" pin=0"/></net>

<net id="457"><net_src comp="24" pin="0"/><net_sink comp="451" pin=1"/></net>

<net id="458"><net_src comp="26" pin="0"/><net_sink comp="451" pin=2"/></net>

<net id="465"><net_src comp="28" pin="0"/><net_sink comp="459" pin=0"/></net>

<net id="466"><net_src comp="239" pin="2"/><net_sink comp="459" pin=1"/></net>

<net id="467"><net_src comp="30" pin="0"/><net_sink comp="459" pin=2"/></net>

<net id="468"><net_src comp="22" pin="0"/><net_sink comp="459" pin=3"/></net>

<net id="474"><net_src comp="273" pin="2"/><net_sink comp="469" pin=0"/></net>

<net id="475"><net_src comp="451" pin="3"/><net_sink comp="469" pin=1"/></net>

<net id="476"><net_src comp="459" pin="4"/><net_sink comp="469" pin=2"/></net>

<net id="482"><net_src comp="310" pin="2"/><net_sink comp="477" pin=0"/></net>

<net id="483"><net_src comp="24" pin="0"/><net_sink comp="477" pin=1"/></net>

<net id="484"><net_src comp="26" pin="0"/><net_sink comp="477" pin=2"/></net>

<net id="491"><net_src comp="28" pin="0"/><net_sink comp="485" pin=0"/></net>

<net id="492"><net_src comp="282" pin="2"/><net_sink comp="485" pin=1"/></net>

<net id="493"><net_src comp="30" pin="0"/><net_sink comp="485" pin=2"/></net>

<net id="494"><net_src comp="22" pin="0"/><net_sink comp="485" pin=3"/></net>

<net id="500"><net_src comp="316" pin="2"/><net_sink comp="495" pin=0"/></net>

<net id="501"><net_src comp="477" pin="3"/><net_sink comp="495" pin=1"/></net>

<net id="502"><net_src comp="485" pin="4"/><net_sink comp="495" pin=2"/></net>

<net id="508"><net_src comp="353" pin="2"/><net_sink comp="503" pin=0"/></net>

<net id="509"><net_src comp="24" pin="0"/><net_sink comp="503" pin=1"/></net>

<net id="510"><net_src comp="26" pin="0"/><net_sink comp="503" pin=2"/></net>

<net id="517"><net_src comp="28" pin="0"/><net_sink comp="511" pin=0"/></net>

<net id="518"><net_src comp="325" pin="2"/><net_sink comp="511" pin=1"/></net>

<net id="519"><net_src comp="30" pin="0"/><net_sink comp="511" pin=2"/></net>

<net id="520"><net_src comp="22" pin="0"/><net_sink comp="511" pin=3"/></net>

<net id="526"><net_src comp="359" pin="2"/><net_sink comp="521" pin=0"/></net>

<net id="527"><net_src comp="503" pin="3"/><net_sink comp="521" pin=1"/></net>

<net id="528"><net_src comp="511" pin="4"/><net_sink comp="521" pin=2"/></net>

<net id="532"><net_src comp="521" pin="3"/><net_sink comp="529" pin=0"/></net>

<net id="533"><net_src comp="529" pin="1"/><net_sink comp="82" pin=2"/></net>

<net id="539"><net_src comp="396" pin="2"/><net_sink comp="534" pin=0"/></net>

<net id="540"><net_src comp="24" pin="0"/><net_sink comp="534" pin=1"/></net>

<net id="541"><net_src comp="26" pin="0"/><net_sink comp="534" pin=2"/></net>

<net id="548"><net_src comp="28" pin="0"/><net_sink comp="542" pin=0"/></net>

<net id="549"><net_src comp="368" pin="2"/><net_sink comp="542" pin=1"/></net>

<net id="550"><net_src comp="30" pin="0"/><net_sink comp="542" pin=2"/></net>

<net id="551"><net_src comp="22" pin="0"/><net_sink comp="542" pin=3"/></net>

<net id="557"><net_src comp="402" pin="2"/><net_sink comp="552" pin=0"/></net>

<net id="558"><net_src comp="534" pin="3"/><net_sink comp="552" pin=1"/></net>

<net id="559"><net_src comp="542" pin="4"/><net_sink comp="552" pin=2"/></net>

<net id="563"><net_src comp="552" pin="3"/><net_sink comp="560" pin=0"/></net>

<net id="564"><net_src comp="560" pin="1"/><net_sink comp="111" pin=2"/></net>

<net id="570"><net_src comp="439" pin="2"/><net_sink comp="565" pin=0"/></net>

<net id="571"><net_src comp="24" pin="0"/><net_sink comp="565" pin=1"/></net>

<net id="572"><net_src comp="26" pin="0"/><net_sink comp="565" pin=2"/></net>

<net id="579"><net_src comp="28" pin="0"/><net_sink comp="573" pin=0"/></net>

<net id="580"><net_src comp="411" pin="2"/><net_sink comp="573" pin=1"/></net>

<net id="581"><net_src comp="30" pin="0"/><net_sink comp="573" pin=2"/></net>

<net id="582"><net_src comp="22" pin="0"/><net_sink comp="573" pin=3"/></net>

<net id="588"><net_src comp="445" pin="2"/><net_sink comp="583" pin=0"/></net>

<net id="589"><net_src comp="565" pin="3"/><net_sink comp="583" pin=1"/></net>

<net id="590"><net_src comp="573" pin="4"/><net_sink comp="583" pin=2"/></net>

<net id="594"><net_src comp="583" pin="3"/><net_sink comp="591" pin=0"/></net>

<net id="595"><net_src comp="591" pin="1"/><net_sink comp="119" pin=2"/></net>

<net id="599"><net_src comp="596" pin="1"/><net_sink comp="127" pin=2"/></net>

<net id="603"><net_src comp="600" pin="1"/><net_sink comp="135" pin=2"/></net>

<net id="608"><net_src comp="89" pin="3"/><net_sink comp="604" pin=0"/></net>

<net id="609"><net_src comp="89" pin="7"/><net_sink comp="604" pin=1"/></net>

<net id="618"><net_src comp="610" pin="2"/><net_sink comp="614" pin=0"/></net>

<net id="623"><net_src comp="614" pin="2"/><net_sink comp="619" pin=0"/></net>

<net id="624"><net_src comp="604" pin="2"/><net_sink comp="619" pin=1"/></net>

<net id="631"><net_src comp="34" pin="0"/><net_sink comp="625" pin=0"/></net>

<net id="632"><net_src comp="619" pin="2"/><net_sink comp="625" pin=1"/></net>

<net id="633"><net_src comp="30" pin="0"/><net_sink comp="625" pin=2"/></net>

<net id="634"><net_src comp="22" pin="0"/><net_sink comp="625" pin=3"/></net>

<net id="638"><net_src comp="625" pin="4"/><net_sink comp="635" pin=0"/></net>

<net id="639"><net_src comp="635" pin="1"/><net_sink comp="143" pin=2"/></net>

<net id="643"><net_src comp="150" pin="3"/><net_sink comp="640" pin=0"/></net>

<net id="651"><net_src comp="640" pin="1"/><net_sink comp="647" pin=0"/></net>

<net id="652"><net_src comp="644" pin="1"/><net_sink comp="647" pin=1"/></net>

<net id="659"><net_src comp="44" pin="0"/><net_sink comp="653" pin=0"/></net>

<net id="660"><net_src comp="647" pin="2"/><net_sink comp="653" pin=1"/></net>

<net id="661"><net_src comp="46" pin="0"/><net_sink comp="653" pin=2"/></net>

<net id="662"><net_src comp="48" pin="0"/><net_sink comp="653" pin=3"/></net>

<net id="670"><net_src comp="640" pin="1"/><net_sink comp="666" pin=0"/></net>

<net id="671"><net_src comp="663" pin="1"/><net_sink comp="666" pin=1"/></net>

<net id="678"><net_src comp="44" pin="0"/><net_sink comp="672" pin=0"/></net>

<net id="679"><net_src comp="666" pin="2"/><net_sink comp="672" pin=1"/></net>

<net id="680"><net_src comp="46" pin="0"/><net_sink comp="672" pin=2"/></net>

<net id="681"><net_src comp="48" pin="0"/><net_sink comp="672" pin=3"/></net>

<net id="689"><net_src comp="640" pin="1"/><net_sink comp="685" pin=0"/></net>

<net id="690"><net_src comp="682" pin="1"/><net_sink comp="685" pin=1"/></net>

<net id="697"><net_src comp="44" pin="0"/><net_sink comp="691" pin=0"/></net>

<net id="698"><net_src comp="685" pin="2"/><net_sink comp="691" pin=1"/></net>

<net id="699"><net_src comp="46" pin="0"/><net_sink comp="691" pin=2"/></net>

<net id="700"><net_src comp="48" pin="0"/><net_sink comp="691" pin=3"/></net>

<net id="708"><net_src comp="640" pin="1"/><net_sink comp="704" pin=0"/></net>

<net id="709"><net_src comp="701" pin="1"/><net_sink comp="704" pin=1"/></net>

<net id="716"><net_src comp="44" pin="0"/><net_sink comp="710" pin=0"/></net>

<net id="717"><net_src comp="704" pin="2"/><net_sink comp="710" pin=1"/></net>

<net id="718"><net_src comp="46" pin="0"/><net_sink comp="710" pin=2"/></net>

<net id="719"><net_src comp="48" pin="0"/><net_sink comp="710" pin=3"/></net>

<net id="727"><net_src comp="640" pin="1"/><net_sink comp="723" pin=0"/></net>

<net id="728"><net_src comp="720" pin="1"/><net_sink comp="723" pin=1"/></net>

<net id="735"><net_src comp="44" pin="0"/><net_sink comp="729" pin=0"/></net>

<net id="736"><net_src comp="723" pin="2"/><net_sink comp="729" pin=1"/></net>

<net id="737"><net_src comp="46" pin="0"/><net_sink comp="729" pin=2"/></net>

<net id="738"><net_src comp="48" pin="0"/><net_sink comp="729" pin=3"/></net>

<net id="743"><net_src comp="50" pin="0"/><net_sink comp="739" pin=0"/></net>

<net id="744"><net_src comp="653" pin="4"/><net_sink comp="739" pin=1"/></net>

<net id="749"><net_src comp="739" pin="2"/><net_sink comp="745" pin=0"/></net>

<net id="750"><net_src comp="672" pin="4"/><net_sink comp="745" pin=1"/></net>

<net id="755"><net_src comp="745" pin="2"/><net_sink comp="751" pin=0"/></net>

<net id="756"><net_src comp="691" pin="4"/><net_sink comp="751" pin=1"/></net>

<net id="761"><net_src comp="751" pin="2"/><net_sink comp="757" pin=0"/></net>

<net id="762"><net_src comp="710" pin="4"/><net_sink comp="757" pin=1"/></net>

<net id="767"><net_src comp="757" pin="2"/><net_sink comp="763" pin=0"/></net>

<net id="768"><net_src comp="729" pin="4"/><net_sink comp="763" pin=1"/></net>

<net id="772"><net_src comp="52" pin="2"/><net_sink comp="769" pin=0"/></net>

<net id="773"><net_src comp="769" pin="1"/><net_sink comp="216" pin=1"/></net>

<net id="774"><net_src comp="769" pin="1"/><net_sink comp="226" pin=2"/></net>

<net id="775"><net_src comp="769" pin="1"/><net_sink comp="408" pin=0"/></net>

<net id="779"><net_src comp="58" pin="2"/><net_sink comp="776" pin=0"/></net>

<net id="780"><net_src comp="776" pin="1"/><net_sink comp="365" pin=0"/></net>

<net id="784"><net_src comp="64" pin="2"/><net_sink comp="781" pin=0"/></net>

<net id="785"><net_src comp="781" pin="1"/><net_sink comp="322" pin=0"/></net>

<net id="789"><net_src comp="70" pin="2"/><net_sink comp="786" pin=0"/></net>

<net id="790"><net_src comp="786" pin="1"/><net_sink comp="279" pin=0"/></net>

<net id="794"><net_src comp="76" pin="2"/><net_sink comp="791" pin=0"/></net>

<net id="795"><net_src comp="791" pin="1"/><net_sink comp="236" pin=0"/></net>

<net id="799"><net_src comp="208" pin="3"/><net_sink comp="796" pin=0"/></net>

<net id="800"><net_src comp="796" pin="1"/><net_sink comp="216" pin=0"/></net>

<net id="801"><net_src comp="796" pin="1"/><net_sink comp="226" pin=1"/></net>

<net id="805"><net_src comp="469" pin="3"/><net_sink comp="802" pin=0"/></net>

<net id="806"><net_src comp="802" pin="1"/><net_sink comp="596" pin=0"/></net>

<net id="810"><net_src comp="495" pin="3"/><net_sink comp="807" pin=0"/></net>

<net id="811"><net_src comp="807" pin="1"/><net_sink comp="600" pin=0"/></net>

<net id="815"><net_src comp="82" pin="3"/><net_sink comp="812" pin=0"/></net>

<net id="816"><net_src comp="812" pin="1"/><net_sink comp="89" pin=10"/></net>

<net id="820"><net_src comp="111" pin="3"/><net_sink comp="817" pin=0"/></net>

<net id="821"><net_src comp="817" pin="1"/><net_sink comp="89" pin=8"/></net>

<net id="825"><net_src comp="119" pin="3"/><net_sink comp="822" pin=0"/></net>

<net id="826"><net_src comp="822" pin="1"/><net_sink comp="89" pin=5"/></net>

<net id="830"><net_src comp="127" pin="3"/><net_sink comp="827" pin=0"/></net>

<net id="831"><net_src comp="827" pin="1"/><net_sink comp="89" pin=2"/></net>

<net id="835"><net_src comp="135" pin="3"/><net_sink comp="832" pin=0"/></net>

<net id="836"><net_src comp="832" pin="1"/><net_sink comp="89" pin=0"/></net>

<net id="840"><net_src comp="89" pin="19"/><net_sink comp="837" pin=0"/></net>

<net id="841"><net_src comp="837" pin="1"/><net_sink comp="614" pin=1"/></net>

<net id="842"><net_src comp="837" pin="1"/><net_sink comp="682" pin=0"/></net>

<net id="846"><net_src comp="89" pin="15"/><net_sink comp="843" pin=0"/></net>

<net id="847"><net_src comp="843" pin="1"/><net_sink comp="610" pin=0"/></net>

<net id="848"><net_src comp="843" pin="1"/><net_sink comp="701" pin=0"/></net>

<net id="852"><net_src comp="89" pin="11"/><net_sink comp="849" pin=0"/></net>

<net id="853"><net_src comp="849" pin="1"/><net_sink comp="610" pin=1"/></net>

<net id="854"><net_src comp="849" pin="1"/><net_sink comp="720" pin=0"/></net>

<net id="858"><net_src comp="89" pin="7"/><net_sink comp="855" pin=0"/></net>

<net id="859"><net_src comp="855" pin="1"/><net_sink comp="644" pin=0"/></net>

<net id="863"><net_src comp="89" pin="3"/><net_sink comp="860" pin=0"/></net>

<net id="864"><net_src comp="860" pin="1"/><net_sink comp="663" pin=0"/></net>

<net id="868"><net_src comp="143" pin="3"/><net_sink comp="865" pin=0"/></net>

<net id="869"><net_src comp="865" pin="1"/><net_sink comp="150" pin=0"/></net>

</net_list>

</model> 
---------------- Datapath Model END ------------------

* FSMD analyzer results:
  - Output states:
	Port: data_0_val | {}
	Port: data_1_val | {}
	Port: data_2_val | {}
	Port: data_3_val | {}
	Port: data_4_val | {}
	Port: exp_table | {}
	Port: invert_table | {}
 - Input state : 
	Port: softmax_stable<ap_fixed,ap_fixed<16,6,5,3,0>,softmax_config13> : data_0_val | {1 }
	Port: softmax_stable<ap_fixed,ap_fixed<16,6,5,3,0>,softmax_config13> : data_1_val | {1 }
	Port: softmax_stable<ap_fixed,ap_fixed<16,6,5,3,0>,softmax_config13> : data_2_val | {1 }
	Port: softmax_stable<ap_fixed,ap_fixed<16,6,5,3,0>,softmax_config13> : data_3_val | {1 }
	Port: softmax_stable<ap_fixed,ap_fixed<16,6,5,3,0>,softmax_config13> : data_4_val | {1 }
	Port: softmax_stable<ap_fixed,ap_fixed<16,6,5,3,0>,softmax_config13> : exp_table | {2 3 4 }
	Port: softmax_stable<ap_fixed,ap_fixed<16,6,5,3,0>,softmax_config13> : invert_table | {4 5 }
  - Chain level:
	State 1
		xor_ln66 : 1
		select_ln66 : 1
		xor_ln66_1 : 1
		select_ln66_1 : 1
		icmp_ln66_2 : 2
		xor_ln66_2 : 3
		a : 3
	State 2
		xor_ln66_3 : 1
		x_max : 1
		conv36_i : 2
		sub_ln245 : 3
		tmp : 4
		tmp_1 : 4
		xor_ln245 : 5
		and_ln245 : 5
		xor_ln245_1 : 5
		sub_ln245_1 : 3
		tmp_2 : 4
		tmp_3 : 4
		xor_ln245_2 : 5
		and_ln245_1 : 5
		xor_ln245_3 : 5
		sub_ln245_2 : 3
		tmp_4 : 4
		tmp_5 : 4
		xor_ln245_4 : 5
		and_ln245_2 : 5
		xor_ln245_5 : 5
		sub_ln245_3 : 3
		tmp_6 : 4
		tmp_7 : 4
		xor_ln245_6 : 5
		and_ln245_3 : 5
		xor_ln245_7 : 5
		sub_ln245_4 : 3
		tmp_8 : 4
		tmp_9 : 4
		xor_ln245_8 : 5
		and_ln245_4 : 5
		xor_ln245_9 : 5
		select_ln245 : 5
		tmp_10 : 4
		select_ln245_1 : 6
		select_ln245_2 : 5
		tmp_11 : 4
		select_ln245_3 : 6
		select_ln245_4 : 5
		tmp_12 : 4
		select_ln245_5 : 6
		zext_ln255_2 : 7
		exp_table_addr_2 : 8
		a_2 : 9
		select_ln245_6 : 5
		tmp_13 : 4
		select_ln245_7 : 6
		zext_ln255_3 : 7
		exp_table_addr_3 : 8
		b_1 : 9
		select_ln245_8 : 5
		tmp_14 : 4
		select_ln245_9 : 6
		zext_ln255_4 : 7
		exp_table_addr_4 : 8
		b_2 : 9
	State 3
		exp_table_addr : 1
		a_1 : 2
		exp_table_addr_1 : 1
		b : 2
	State 4
		add_ln51 : 1
		add_ln51_2 : 1
		exp_sum : 2
		tmp_s : 3
		zext_ln265 : 4
		invert_table_addr : 5
		inv_exp_sum : 6
	State 5
		sext_ln268 : 1
		mul_ln268 : 2
		res_write_assign : 3
		mul_ln268_1 : 2
		res_write_assign_1 : 3
		mul_ln268_2 : 2
		res_write_assign_2 : 3
		mul_ln268_3 : 2
		res_write_assign_3 : 3
		mul_ln268_4 : 2
		res_write_assign_4 : 3
		mrv : 4
		mrv_1 : 5
		mrv_2 : 6
		mrv_3 : 7
		mrv_4 : 8
		ret_ln270 : 9


============================================================
+ Verbose Summary: Datapath Resource usage 
============================================================

* Functional unit list:
|----------|----------------------------|---------|---------|---------|
| Operation|       Functional Unit      |   DSP   |    FF   |   LUT   |
|----------|----------------------------|---------|---------|---------|
|          |     select_ln66_fu_168     |    0    |    0    |    18   |
|          |    select_ln66_1_fu_188    |    0    |    0    |    18   |
|          |          a_fu_208          |    0    |    0    |    18   |
|          |        x_max_fu_226        |    0    |    0    |    18   |
|          |     select_ln245_fu_451    |    0    |    0    |    10   |
|          |    select_ln245_1_fu_469   |    0    |    0    |    10   |
|  select  |    select_ln245_2_fu_477   |    0    |    0    |    10   |
|          |    select_ln245_3_fu_495   |    0    |    0    |    10   |
|          |    select_ln245_4_fu_503   |    0    |    0    |    10   |
|          |    select_ln245_5_fu_521   |    0    |    0    |    10   |
|          |    select_ln245_6_fu_534   |    0    |    0    |    10   |
|          |    select_ln245_7_fu_552   |    0    |    0    |    10   |
|          |    select_ln245_8_fu_565   |    0    |    0    |    10   |
|          |    select_ln245_9_fu_583   |    0    |    0    |    10   |
|----------|----------------------------|---------|---------|---------|
|          |      sub_ln245_fu_239      |    0    |    0    |    25   |
|          |     sub_ln245_1_fu_282     |    0    |    0    |    25   |
|    sub   |     sub_ln245_2_fu_325     |    0    |    0    |    25   |
|          |     sub_ln245_3_fu_368     |    0    |    0    |    25   |
|          |     sub_ln245_4_fu_411     |    0    |    0    |    25   |
|----------|----------------------------|---------|---------|---------|
|          |      icmp_ln66_fu_156      |    0    |    0    |    25   |
|   icmp   |     icmp_ln66_1_fu_176     |    0    |    0    |    25   |
|          |     icmp_ln66_2_fu_196     |    0    |    0    |    25   |
|          |     icmp_ln66_3_fu_216     |    0    |    0    |    25   |
|----------|----------------------------|---------|---------|---------|
|          |       add_ln51_fu_604      |    0    |    0    |    18   |
|    add   |      add_ln51_1_fu_610     |    0    |    0    |    18   |
|          |      add_ln51_2_fu_614     |    0    |    0    |    18   |
|          |       exp_sum_fu_619       |    0    |    0    |    18   |
|----------|----------------------------|---------|---------|---------|
|          |      mul_ln268_fu_647      |    1    |    0    |    5    |
|          |     mul_ln268_1_fu_666     |    1    |    0    |    5    |
|    mul   |     mul_ln268_2_fu_685     |    1    |    0    |    5    |
|          |     mul_ln268_3_fu_704     |    1    |    0    |    5    |
|          |     mul_ln268_4_fu_723     |    1    |    0    |    5    |
|----------|----------------------------|---------|---------|---------|
|          |       xor_ln66_fu_162      |    0    |    0    |    2    |
|          |      xor_ln66_1_fu_182     |    0    |    0    |    2    |
|          |      xor_ln66_2_fu_202     |    0    |    0    |    2    |
|          |      xor_ln66_3_fu_220     |    0    |    0    |    2    |
|          |      xor_ln245_fu_261      |    0    |    0    |    2    |
|          |     xor_ln245_1_fu_273     |    0    |    0    |    2    |
|    xor   |     xor_ln245_2_fu_304     |    0    |    0    |    2    |
|          |     xor_ln245_3_fu_316     |    0    |    0    |    2    |
|          |     xor_ln245_4_fu_347     |    0    |    0    |    2    |
|          |     xor_ln245_5_fu_359     |    0    |    0    |    2    |
|          |     xor_ln245_6_fu_390     |    0    |    0    |    2    |
|          |     xor_ln245_7_fu_402     |    0    |    0    |    2    |
|          |     xor_ln245_8_fu_433     |    0    |    0    |    2    |
|          |     xor_ln245_9_fu_445     |    0    |    0    |    2    |
|----------|----------------------------|---------|---------|---------|
|          |      and_ln245_fu_267      |    0    |    0    |    2    |
|          |     and_ln245_1_fu_310     |    0    |    0    |    2    |
|    and   |     and_ln245_2_fu_353     |    0    |    0    |    2    |
|          |     and_ln245_3_fu_396     |    0    |    0    |    2    |
|          |     and_ln245_4_fu_439     |    0    |    0    |    2    |
|----------|----------------------------|---------|---------|---------|
|          | data_4_val_read_read_fu_52 |    0    |    0    |    0    |
|          | data_3_val_read_read_fu_58 |    0    |    0    |    0    |
|   read   | data_2_val_read_read_fu_64 |    0    |    0    |    0    |
|          | data_1_val_read_read_fu_70 |    0    |    0    |    0    |
|          | data_0_val_read_read_fu_76 |    0    |    0    |    0    |
|----------|----------------------------|---------|---------|---------|
|          |       conv36_i_fu_232      |    0    |    0    |    0    |
|          |      sext_ln245_fu_236     |    0    |    0    |    0    |
|          |     sext_ln245_1_fu_279    |    0    |    0    |    0    |
|          |     sext_ln245_2_fu_322    |    0    |    0    |    0    |
|          |     sext_ln245_3_fu_365    |    0    |    0    |    0    |
|   sext   |     sext_ln245_4_fu_408    |    0    |    0    |    0    |
|          |      sext_ln268_fu_640     |    0    |    0    |    0    |
|          |     sext_ln268_1_fu_644    |    0    |    0    |    0    |
|          |     sext_ln268_2_fu_663    |    0    |    0    |    0    |
|          |     sext_ln268_3_fu_682    |    0    |    0    |    0    |
|          |     sext_ln268_4_fu_701    |    0    |    0    |    0    |
|          |     sext_ln268_5_fu_720    |    0    |    0    |    0    |
|----------|----------------------------|---------|---------|---------|
|          |         tmp_fu_245         |    0    |    0    |    0    |
|          |        tmp_1_fu_253        |    0    |    0    |    0    |
|          |        tmp_2_fu_288        |    0    |    0    |    0    |
|          |        tmp_3_fu_296        |    0    |    0    |    0    |
| bitselect|        tmp_4_fu_331        |    0    |    0    |    0    |
|          |        tmp_5_fu_339        |    0    |    0    |    0    |
|          |        tmp_6_fu_374        |    0    |    0    |    0    |
|          |        tmp_7_fu_382        |    0    |    0    |    0    |
|          |        tmp_8_fu_417        |    0    |    0    |    0    |
|          |        tmp_9_fu_425        |    0    |    0    |    0    |
|----------|----------------------------|---------|---------|---------|
|          |        tmp_10_fu_459       |    0    |    0    |    0    |
|          |        tmp_11_fu_485       |    0    |    0    |    0    |
|          |        tmp_12_fu_511       |    0    |    0    |    0    |
|          |        tmp_13_fu_542       |    0    |    0    |    0    |
|          |        tmp_14_fu_573       |    0    |    0    |    0    |
|partselect|        tmp_s_fu_625        |    0    |    0    |    0    |
|          |   res_write_assign_fu_653  |    0    |    0    |    0    |
|          |  res_write_assign_1_fu_672 |    0    |    0    |    0    |
|          |  res_write_assign_2_fu_691 |    0    |    0    |    0    |
|          |  res_write_assign_3_fu_710 |    0    |    0    |    0    |
|          |  res_write_assign_4_fu_729 |    0    |    0    |    0    |
|----------|----------------------------|---------|---------|---------|
|          |     zext_ln255_2_fu_529    |    0    |    0    |    0    |
|          |     zext_ln255_3_fu_560    |    0    |    0    |    0    |
|   zext   |     zext_ln255_4_fu_591    |    0    |    0    |    0    |
|          |      zext_ln255_fu_596     |    0    |    0    |    0    |
|          |     zext_ln255_1_fu_600    |    0    |    0    |    0    |
|          |      zext_ln265_fu_635     |    0    |    0    |    0    |
|----------|----------------------------|---------|---------|---------|
|          |         mrv_fu_739         |    0    |    0    |    0    |
|          |        mrv_1_fu_745        |    0    |    0    |    0    |
|insertvalue|        mrv_2_fu_751        |    0    |    0    |    0    |
|          |        mrv_3_fu_757        |    0    |    0    |    0    |
|          |        mrv_4_fu_763        |    0    |    0    |    0    |
|----------|----------------------------|---------|---------|---------|
|   Total  |                            |    5    |    0    |   532   |
|----------|----------------------------|---------|---------|---------|

Memories:
N/A

* Register list:
+-------------------------+--------+
|                         |   FF   |
+-------------------------+--------+
|       a_1_reg_855       |   18   |
|       a_2_reg_837       |   18   |
|        a_reg_796        |   18   |
|       b_1_reg_843       |   18   |
|       b_2_reg_849       |   18   |
|        b_reg_860        |   18   |
| data_0_val_read_reg_791 |   18   |
| data_1_val_read_reg_786 |   18   |
| data_2_val_read_reg_781 |   18   |
| data_3_val_read_reg_776 |   18   |
| data_4_val_read_reg_769 |   18   |
| exp_table_addr_1_reg_832|   10   |
| exp_table_addr_2_reg_812|   10   |
| exp_table_addr_3_reg_817|   10   |
| exp_table_addr_4_reg_822|   10   |
|  exp_table_addr_reg_827 |   10   |
|invert_table_addr_reg_865|   10   |
|  select_ln245_1_reg_802 |   10   |
|  select_ln245_3_reg_807 |   10   |
+-------------------------+--------+
|          Total          |   278  |
+-------------------------+--------+

* Multiplexer (MUX) list: 
|-------------------|------|------|------|--------||---------||---------||---------|
|        Comp       |  Pin | Size |  BW  | S x BW ||  Delay  ||    FF   ||   LUT   |
|-------------------|------|------|------|--------||---------||---------||---------|
|  grp_access_fu_89 |  p0  |   2  |  10  |   20   ||    0    ||    9    |
|  grp_access_fu_89 |  p2  |   2  |   0  |    0   ||    0    ||    9    |
|  grp_access_fu_89 |  p5  |   2  |  18  |   36   ||    0    ||    9    |
|  grp_access_fu_89 |  p8  |   2  |  10  |   20   ||    0    ||    9    |
|  grp_access_fu_89 |  p10 |   2  |   0  |    0   ||    0    ||    9    |
| grp_access_fu_150 |  p0  |   2  |  10  |   20   ||    0    ||    9    |
|-------------------|------|------|------|--------||---------||---------||---------|
|       Total       |      |      |      |   96   ||  2.322  ||    0    ||    54   |
|-------------------|------|------|------|--------||---------||---------||---------|



* Summary:
+-----------+--------+--------+--------+--------+
|           |   DSP  |  Delay |   FF   |   LUT  |
+-----------+--------+--------+--------+--------+
|  Function |    5   |    -   |    0   |   532  |
|   Memory  |    -   |    -   |    -   |    -   |
|Multiplexer|    -   |    2   |    0   |   54   |
|  Register |    -   |    -   |   278  |    -   |
+-----------+--------+--------+--------+--------+
|   Total   |    5   |    2   |   278  |   586  |
+-----------+--------+--------+--------+--------+
