

================================================================
== Vitis HLS Report for 'dense_latency_ap_fixed_16_6_5_3_0_ap_fixed_16_6_5_3_0_config11_s'
================================================================
* Date:           Fri Oct 17 11:34:22 2025

* Version:        2023.2 (Build 4023990 on Oct 11 2023)
* Project:        myproject_prj
* Solution:       solution1 (Vivado IP Flow Target)
* Product family: virtexuplus
* Target device:  xcu250-figd2104-2L-e


================================================================
== Performance Estimates
================================================================
+ Timing: 
    * Summary: 
    +--------+---------+----------+------------+
    |  Clock |  Target | Estimated| Uncertainty|
    +--------+---------+----------+------------+
    |ap_clk  |  5.00 ns|  3.400 ns|     1.35 ns|
    +--------+---------+----------+------------+

+ Latency: 
    * Summary: 
    +---------+---------+----------+----------+-----+-----+---------+
    |  Latency (cycles) |  Latency (absolute) |  Interval | Pipeline|
    |   min   |   max   |    min   |    max   | min | max |   Type  |
    +---------+---------+----------+----------+-----+-----+---------+
    |        1|        1|  5.000 ns|  5.000 ns|    1|    1|      yes|
    +---------+---------+----------+----------+-----+-----+---------+

    + Detail: 
        * Instance: 
        N/A

        * Loop: 
        N/A

============================================================
+ Verbose Summary: Synthesis Manager
============================================================
InlineROM: 1
ExposeGlobal: 0
============================================================
+ Verbose Summary: CDFG Model
============================================================
IsTopModel: 0
ResetActiveHigh: 1
IsCombinational: 0
IsDatapathOnly: 0
HasWiredReturn: 1
HasMFsm: 2
HasVarLatency: 0
IsPipeline: 1
IsRtlPipelined: 1
IsInstanceOverlapped: 0
IsDontTouch: 0
HasImplIP: 0
IsGatedGlobalClock: 0

+ Individual pipeline summary: 
  * Pipeline-0: initiation interval (II) = 1, depth = 2


============================================================
+ Verbose Summary: Schedule
============================================================
* Number of FSM states : 2
* Pipeline : 1
  Pipeline-0 : II = 1, D = 2, States = { 1 2 }
* Dataflow Pipeline: 0

* FSM state transitions: 
1 --> 2 
2 --> 

* FSM state operations: 

State 1 <SV = 0> <Delay = 3.40>
ST_1 : Operation 3 [1/1] (0.00ns)   --->   "%data_31_val_read = read i16 @_ssdm_op_Read.ap_auto.i16, i16 %data_31_val" [firmware/nnet_utils/nnet_dense_latency.h:42]   --->   Operation 3 'read' 'data_31_val_read' <Predicate = true> <Delay = 0.00>
ST_1 : Operation 4 [1/1] (0.00ns)   --->   "%data_30_val_read = read i16 @_ssdm_op_Read.ap_auto.i16, i16 %data_30_val" [firmware/nnet_utils/nnet_dense_latency.h:42]   --->   Operation 4 'read' 'data_30_val_read' <Predicate = true> <Delay = 0.00>
ST_1 : Operation 5 [1/1] (0.00ns)   --->   "%data_29_val_read = read i16 @_ssdm_op_Read.ap_auto.i16, i16 %data_29_val" [firmware/nnet_utils/nnet_dense_latency.h:42]   --->   Operation 5 'read' 'data_29_val_read' <Predicate = true> <Delay = 0.00>
ST_1 : Operation 6 [1/1] (0.00ns)   --->   "%data_28_val_read = read i16 @_ssdm_op_Read.ap_auto.i16, i16 %data_28_val" [firmware/nnet_utils/nnet_dense_latency.h:42]   --->   Operation 6 'read' 'data_28_val_read' <Predicate = true> <Delay = 0.00>
ST_1 : Operation 7 [1/1] (0.00ns)   --->   "%data_27_val_read = read i16 @_ssdm_op_Read.ap_auto.i16, i16 %data_27_val" [firmware/nnet_utils/nnet_dense_latency.h:42]   --->   Operation 7 'read' 'data_27_val_read' <Predicate = true> <Delay = 0.00>
ST_1 : Operation 8 [1/1] (0.00ns)   --->   "%data_26_val_read = read i16 @_ssdm_op_Read.ap_auto.i16, i16 %data_26_val" [firmware/nnet_utils/nnet_dense_latency.h:42]   --->   Operation 8 'read' 'data_26_val_read' <Predicate = true> <Delay = 0.00>
ST_1 : Operation 9 [1/1] (0.00ns)   --->   "%data_25_val_read = read i16 @_ssdm_op_Read.ap_auto.i16, i16 %data_25_val" [firmware/nnet_utils/nnet_dense_latency.h:42]   --->   Operation 9 'read' 'data_25_val_read' <Predicate = true> <Delay = 0.00>
ST_1 : Operation 10 [1/1] (0.00ns)   --->   "%data_24_val_read = read i16 @_ssdm_op_Read.ap_auto.i16, i16 %data_24_val" [firmware/nnet_utils/nnet_dense_latency.h:42]   --->   Operation 10 'read' 'data_24_val_read' <Predicate = true> <Delay = 0.00>
ST_1 : Operation 11 [1/1] (0.00ns)   --->   "%data_23_val_read = read i16 @_ssdm_op_Read.ap_auto.i16, i16 %data_23_val" [firmware/nnet_utils/nnet_dense_latency.h:42]   --->   Operation 11 'read' 'data_23_val_read' <Predicate = true> <Delay = 0.00>
ST_1 : Operation 12 [1/1] (0.00ns)   --->   "%data_22_val_read = read i16 @_ssdm_op_Read.ap_auto.i16, i16 %data_22_val" [firmware/nnet_utils/nnet_dense_latency.h:42]   --->   Operation 12 'read' 'data_22_val_read' <Predicate = true> <Delay = 0.00>
ST_1 : Operation 13 [1/1] (0.00ns)   --->   "%data_21_val_read = read i16 @_ssdm_op_Read.ap_auto.i16, i16 %data_21_val" [firmware/nnet_utils/nnet_dense_latency.h:42]   --->   Operation 13 'read' 'data_21_val_read' <Predicate = true> <Delay = 0.00>
ST_1 : Operation 14 [1/1] (0.00ns)   --->   "%data_20_val_read = read i16 @_ssdm_op_Read.ap_auto.i16, i16 %data_20_val" [firmware/nnet_utils/nnet_dense_latency.h:42]   --->   Operation 14 'read' 'data_20_val_read' <Predicate = true> <Delay = 0.00>
ST_1 : Operation 15 [1/1] (0.00ns)   --->   "%data_19_val_read = read i16 @_ssdm_op_Read.ap_auto.i16, i16 %data_19_val" [firmware/nnet_utils/nnet_dense_latency.h:42]   --->   Operation 15 'read' 'data_19_val_read' <Predicate = true> <Delay = 0.00>
ST_1 : Operation 16 [1/1] (0.00ns)   --->   "%data_18_val_read = read i16 @_ssdm_op_Read.ap_auto.i16, i16 %data_18_val" [firmware/nnet_utils/nnet_dense_latency.h:42]   --->   Operation 16 'read' 'data_18_val_read' <Predicate = true> <Delay = 0.00>
ST_1 : Operation 17 [1/1] (0.00ns)   --->   "%data_17_val_read = read i16 @_ssdm_op_Read.ap_auto.i16, i16 %data_17_val" [firmware/nnet_utils/nnet_dense_latency.h:42]   --->   Operation 17 'read' 'data_17_val_read' <Predicate = true> <Delay = 0.00>
ST_1 : Operation 18 [1/1] (0.00ns)   --->   "%data_16_val_read = read i16 @_ssdm_op_Read.ap_auto.i16, i16 %data_16_val" [firmware/nnet_utils/nnet_dense_latency.h:42]   --->   Operation 18 'read' 'data_16_val_read' <Predicate = true> <Delay = 0.00>
ST_1 : Operation 19 [1/1] (0.00ns)   --->   "%data_15_val_read = read i16 @_ssdm_op_Read.ap_auto.i16, i16 %data_15_val" [firmware/nnet_utils/nnet_dense_latency.h:42]   --->   Operation 19 'read' 'data_15_val_read' <Predicate = true> <Delay = 0.00>
ST_1 : Operation 20 [1/1] (0.00ns)   --->   "%data_14_val_read = read i16 @_ssdm_op_Read.ap_auto.i16, i16 %data_14_val" [firmware/nnet_utils/nnet_dense_latency.h:42]   --->   Operation 20 'read' 'data_14_val_read' <Predicate = true> <Delay = 0.00>
ST_1 : Operation 21 [1/1] (0.00ns)   --->   "%data_13_val_read = read i16 @_ssdm_op_Read.ap_auto.i16, i16 %data_13_val" [firmware/nnet_utils/nnet_dense_latency.h:42]   --->   Operation 21 'read' 'data_13_val_read' <Predicate = true> <Delay = 0.00>
ST_1 : Operation 22 [1/1] (0.00ns)   --->   "%data_12_val_read = read i16 @_ssdm_op_Read.ap_auto.i16, i16 %data_12_val" [firmware/nnet_utils/nnet_dense_latency.h:42]   --->   Operation 22 'read' 'data_12_val_read' <Predicate = true> <Delay = 0.00>
ST_1 : Operation 23 [1/1] (0.00ns)   --->   "%data_11_val_read = read i16 @_ssdm_op_Read.ap_auto.i16, i16 %data_11_val" [firmware/nnet_utils/nnet_dense_latency.h:42]   --->   Operation 23 'read' 'data_11_val_read' <Predicate = true> <Delay = 0.00>
ST_1 : Operation 24 [1/1] (0.00ns)   --->   "%data_10_val_read = read i16 @_ssdm_op_Read.ap_auto.i16, i16 %data_10_val" [firmware/nnet_utils/nnet_dense_latency.h:42]   --->   Operation 24 'read' 'data_10_val_read' <Predicate = true> <Delay = 0.00>
ST_1 : Operation 25 [1/1] (0.00ns)   --->   "%data_9_val_read = read i16 @_ssdm_op_Read.ap_auto.i16, i16 %data_9_val" [firmware/nnet_utils/nnet_dense_latency.h:42]   --->   Operation 25 'read' 'data_9_val_read' <Predicate = true> <Delay = 0.00>
ST_1 : Operation 26 [1/1] (0.00ns)   --->   "%data_8_val_read = read i16 @_ssdm_op_Read.ap_auto.i16, i16 %data_8_val" [firmware/nnet_utils/nnet_dense_latency.h:42]   --->   Operation 26 'read' 'data_8_val_read' <Predicate = true> <Delay = 0.00>
ST_1 : Operation 27 [1/1] (0.00ns)   --->   "%data_7_val_read = read i16 @_ssdm_op_Read.ap_auto.i16, i16 %data_7_val" [firmware/nnet_utils/nnet_dense_latency.h:42]   --->   Operation 27 'read' 'data_7_val_read' <Predicate = true> <Delay = 0.00>
ST_1 : Operation 28 [1/1] (0.00ns)   --->   "%data_6_val_read = read i16 @_ssdm_op_Read.ap_auto.i16, i16 %data_6_val" [firmware/nnet_utils/nnet_dense_latency.h:42]   --->   Operation 28 'read' 'data_6_val_read' <Predicate = true> <Delay = 0.00>
ST_1 : Operation 29 [1/1] (0.00ns)   --->   "%data_5_val_read = read i16 @_ssdm_op_Read.ap_auto.i16, i16 %data_5_val" [firmware/nnet_utils/nnet_dense_latency.h:42]   --->   Operation 29 'read' 'data_5_val_read' <Predicate = true> <Delay = 0.00>
ST_1 : Operation 30 [1/1] (0.00ns)   --->   "%data_4_val_read = read i16 @_ssdm_op_Read.ap_auto.i16, i16 %data_4_val" [firmware/nnet_utils/nnet_dense_latency.h:42]   --->   Operation 30 'read' 'data_4_val_read' <Predicate = true> <Delay = 0.00>
ST_1 : Operation 31 [1/1] (0.00ns)   --->   "%data_3_val_read = read i16 @_ssdm_op_Read.ap_auto.i16, i16 %data_3_val" [firmware/nnet_utils/nnet_dense_latency.h:42]   --->   Operation 31 'read' 'data_3_val_read' <Predicate = true> <Delay = 0.00>
ST_1 : Operation 32 [1/1] (0.00ns)   --->   "%data_2_val_read = read i16 @_ssdm_op_Read.ap_auto.i16, i16 %data_2_val" [firmware/nnet_utils/nnet_dense_latency.h:42]   --->   Operation 32 'read' 'data_2_val_read' <Predicate = true> <Delay = 0.00>
ST_1 : Operation 33 [1/1] (0.00ns)   --->   "%data_1_val_read = read i16 @_ssdm_op_Read.ap_auto.i16, i16 %data_1_val" [firmware/nnet_utils/nnet_dense_latency.h:42]   --->   Operation 33 'read' 'data_1_val_read' <Predicate = true> <Delay = 0.00>
ST_1 : Operation 34 [1/1] (0.00ns)   --->   "%data_0_val_read = read i16 @_ssdm_op_Read.ap_auto.i16, i16 %data_0_val" [firmware/nnet_utils/nnet_dense_latency.h:42]   --->   Operation 34 'read' 'data_0_val_read' <Predicate = true> <Delay = 0.00>
ST_1 : Operation 35 [1/1] (0.00ns)   --->   "%sext_ln42 = sext i16 %data_0_val_read" [firmware/nnet_utils/nnet_dense_latency.h:42]   --->   Operation 35 'sext' 'sext_ln42' <Predicate = true> <Delay = 0.00>
ST_1 : Operation 36 [1/1] (0.00ns)   --->   "%sext_ln70 = sext i16 %data_0_val_read" [firmware/nnet_utils/nnet_mult.h:70->firmware/nnet_utils/nnet_dense_latency.h:42]   --->   Operation 36 'sext' 'sext_ln70' <Predicate = true> <Delay = 0.00>
ST_1 : Operation 37 [1/1] (0.00ns)   --->   "%sext_ln70_775 = sext i16 %data_0_val_read" [firmware/nnet_utils/nnet_mult.h:70->firmware/nnet_utils/nnet_dense_latency.h:42]   --->   Operation 37 'sext' 'sext_ln70_775' <Predicate = true> <Delay = 0.00>
ST_1 : Operation 38 [1/1] (1.94ns)   --->   "%mul_ln73 = mul i26 %sext_ln42, i26 280" [firmware/nnet_utils/nnet_mult.h:73->firmware/nnet_utils/nnet_dense_latency.h:42]   --->   Operation 38 'mul' 'mul_ln73' <Predicate = true> <Delay = 1.94> <CoreInst = "Multiplier">   --->   Core 3 'Multiplier' <Latency = 0> <II = 1> <Delay = 1.94> <FuncUnit> <Opcode : 'mul'> <InPorts = 2> <OutPorts = 1>
ST_1 : Operation 39 [1/1] (0.00ns)   --->   "%trunc_ln = partselect i16 @_ssdm_op_PartSelect.i16.i26.i32.i32, i26 %mul_ln73, i32 10, i32 25" [firmware/nnet_utils/nnet_dense_latency.h:42]   --->   Operation 39 'partselect' 'trunc_ln' <Predicate = true> <Delay = 0.00>
ST_1 : Operation 40 [1/1] (1.94ns)   --->   "%mul_ln73_2188 = mul i25 %sext_ln70_775, i25 33554238" [firmware/nnet_utils/nnet_mult.h:73->firmware/nnet_utils/nnet_dense_latency.h:42]   --->   Operation 40 'mul' 'mul_ln73_2188' <Predicate = true> <Delay = 1.94> <CoreInst = "Multiplier">   --->   Core 3 'Multiplier' <Latency = 0> <II = 1> <Delay = 1.94> <FuncUnit> <Opcode : 'mul'> <InPorts = 2> <OutPorts = 1>
ST_1 : Operation 41 [1/1] (0.00ns)   --->   "%trunc_ln42_s = partselect i15 @_ssdm_op_PartSelect.i15.i25.i32.i32, i25 %mul_ln73_2188, i32 10, i32 24" [firmware/nnet_utils/nnet_dense_latency.h:42]   --->   Operation 41 'partselect' 'trunc_ln42_s' <Predicate = true> <Delay = 0.00>
ST_1 : Operation 42 [1/1] (0.00ns)   --->   "%sext_ln42_1595 = sext i15 %trunc_ln42_s" [firmware/nnet_utils/nnet_dense_latency.h:42]   --->   Operation 42 'sext' 'sext_ln42_1595' <Predicate = true> <Delay = 0.00>
ST_1 : Operation 43 [1/1] (1.94ns)   --->   "%mul_ln73_2189 = mul i24 %sext_ln70, i24 16777122" [firmware/nnet_utils/nnet_mult.h:73->firmware/nnet_utils/nnet_dense_latency.h:42]   --->   Operation 43 'mul' 'mul_ln73_2189' <Predicate = true> <Delay = 1.94> <CoreInst = "Multiplier">   --->   Core 3 'Multiplier' <Latency = 0> <II = 1> <Delay = 1.94> <FuncUnit> <Opcode : 'mul'> <InPorts = 2> <OutPorts = 1>
ST_1 : Operation 44 [1/1] (0.00ns)   --->   "%trunc_ln42_1 = partselect i14 @_ssdm_op_PartSelect.i14.i24.i32.i32, i24 %mul_ln73_2189, i32 10, i32 23" [firmware/nnet_utils/nnet_dense_latency.h:42]   --->   Operation 44 'partselect' 'trunc_ln42_1' <Predicate = true> <Delay = 0.00>
ST_1 : Operation 45 [1/1] (0.00ns)   --->   "%sext_ln42_1596 = sext i14 %trunc_ln42_1" [firmware/nnet_utils/nnet_dense_latency.h:42]   --->   Operation 45 'sext' 'sext_ln42_1596' <Predicate = true> <Delay = 0.00>
ST_1 : Operation 46 [1/1] (1.94ns)   --->   "%mul_ln42 = mul i26 %sext_ln42, i26 67108311" [firmware/nnet_utils/nnet_dense_latency.h:42]   --->   Operation 46 'mul' 'mul_ln42' <Predicate = true> <Delay = 1.94> <CoreInst = "Multiplier">   --->   Core 3 'Multiplier' <Latency = 0> <II = 1> <Delay = 1.94> <FuncUnit> <Opcode : 'mul'> <InPorts = 2> <OutPorts = 1>
ST_1 : Operation 47 [1/1] (0.00ns)   --->   "%trunc_ln42_3 = partselect i16 @_ssdm_op_PartSelect.i16.i26.i32.i32, i26 %mul_ln42, i32 10, i32 25" [firmware/nnet_utils/nnet_dense_latency.h:42]   --->   Operation 47 'partselect' 'trunc_ln42_3' <Predicate = true> <Delay = 0.00>
ST_1 : Operation 48 [1/1] (1.94ns)   --->   "%mul_ln73_2190 = mul i26 %sext_ln42, i26 459" [firmware/nnet_utils/nnet_mult.h:73->firmware/nnet_utils/nnet_dense_latency.h:42]   --->   Operation 48 'mul' 'mul_ln73_2190' <Predicate = true> <Delay = 1.94> <CoreInst = "Multiplier">   --->   Core 3 'Multiplier' <Latency = 0> <II = 1> <Delay = 1.94> <FuncUnit> <Opcode : 'mul'> <InPorts = 2> <OutPorts = 1>
ST_1 : Operation 49 [1/1] (0.00ns)   --->   "%trunc_ln42_4 = partselect i16 @_ssdm_op_PartSelect.i16.i26.i32.i32, i26 %mul_ln73_2190, i32 10, i32 25" [firmware/nnet_utils/nnet_dense_latency.h:42]   --->   Operation 49 'partselect' 'trunc_ln42_4' <Predicate = true> <Delay = 0.00>
ST_1 : Operation 50 [1/1] (0.00ns)   --->   "%sext_ln70_776 = sext i16 %data_1_val_read" [firmware/nnet_utils/nnet_mult.h:70->firmware/nnet_utils/nnet_dense_latency.h:42]   --->   Operation 50 'sext' 'sext_ln70_776' <Predicate = true> <Delay = 0.00>
ST_1 : Operation 51 [1/1] (0.00ns)   --->   "%sext_ln70_777 = sext i16 %data_1_val_read" [firmware/nnet_utils/nnet_mult.h:70->firmware/nnet_utils/nnet_dense_latency.h:42]   --->   Operation 51 'sext' 'sext_ln70_777' <Predicate = true> <Delay = 0.00>
ST_1 : Operation 52 [1/1] (0.00ns)   --->   "%sext_ln70_778 = sext i16 %data_1_val_read" [firmware/nnet_utils/nnet_mult.h:70->firmware/nnet_utils/nnet_dense_latency.h:42]   --->   Operation 52 'sext' 'sext_ln70_778' <Predicate = true> <Delay = 0.00>
ST_1 : Operation 53 [1/1] (1.94ns)   --->   "%mul_ln73_2191 = mul i26 %sext_ln70_778, i26 343" [firmware/nnet_utils/nnet_mult.h:73->firmware/nnet_utils/nnet_dense_latency.h:42]   --->   Operation 53 'mul' 'mul_ln73_2191' <Predicate = true> <Delay = 1.94> <CoreInst = "Multiplier">   --->   Core 3 'Multiplier' <Latency = 0> <II = 1> <Delay = 1.94> <FuncUnit> <Opcode : 'mul'> <InPorts = 2> <OutPorts = 1>
ST_1 : Operation 54 [1/1] (0.00ns)   --->   "%trunc_ln42_5 = partselect i16 @_ssdm_op_PartSelect.i16.i26.i32.i32, i26 %mul_ln73_2191, i32 10, i32 25" [firmware/nnet_utils/nnet_dense_latency.h:42]   --->   Operation 54 'partselect' 'trunc_ln42_5' <Predicate = true> <Delay = 0.00>
ST_1 : Operation 55 [1/1] (1.94ns)   --->   "%mul_ln73_2192 = mul i26 %sext_ln70_778, i26 67108566" [firmware/nnet_utils/nnet_mult.h:73->firmware/nnet_utils/nnet_dense_latency.h:42]   --->   Operation 55 'mul' 'mul_ln73_2192' <Predicate = true> <Delay = 1.94> <CoreInst = "Multiplier">   --->   Core 3 'Multiplier' <Latency = 0> <II = 1> <Delay = 1.94> <FuncUnit> <Opcode : 'mul'> <InPorts = 2> <OutPorts = 1>
ST_1 : Operation 56 [1/1] (0.00ns)   --->   "%trunc_ln42_6 = partselect i16 @_ssdm_op_PartSelect.i16.i26.i32.i32, i26 %mul_ln73_2192, i32 10, i32 25" [firmware/nnet_utils/nnet_dense_latency.h:42]   --->   Operation 56 'partselect' 'trunc_ln42_6' <Predicate = true> <Delay = 0.00>
ST_1 : Operation 57 [1/1] (1.94ns)   --->   "%mul_ln73_2193 = mul i25 %sext_ln70_777, i25 33554224" [firmware/nnet_utils/nnet_mult.h:73->firmware/nnet_utils/nnet_dense_latency.h:42]   --->   Operation 57 'mul' 'mul_ln73_2193' <Predicate = true> <Delay = 1.94> <CoreInst = "Multiplier">   --->   Core 3 'Multiplier' <Latency = 0> <II = 1> <Delay = 1.94> <FuncUnit> <Opcode : 'mul'> <InPorts = 2> <OutPorts = 1>
ST_1 : Operation 58 [1/1] (0.00ns)   --->   "%trunc_ln42_2 = partselect i15 @_ssdm_op_PartSelect.i15.i25.i32.i32, i25 %mul_ln73_2193, i32 10, i32 24" [firmware/nnet_utils/nnet_dense_latency.h:42]   --->   Operation 58 'partselect' 'trunc_ln42_2' <Predicate = true> <Delay = 0.00>
ST_1 : Operation 59 [1/1] (0.00ns)   --->   "%sext_ln42_1597 = sext i15 %trunc_ln42_2" [firmware/nnet_utils/nnet_dense_latency.h:42]   --->   Operation 59 'sext' 'sext_ln42_1597' <Predicate = true> <Delay = 0.00>
ST_1 : Operation 60 [1/1] (1.94ns)   --->   "%mul_ln73_2194 = mul i24 %sext_ln70_776, i24 16777132" [firmware/nnet_utils/nnet_mult.h:73->firmware/nnet_utils/nnet_dense_latency.h:42]   --->   Operation 60 'mul' 'mul_ln73_2194' <Predicate = true> <Delay = 1.94> <CoreInst = "Multiplier">   --->   Core 3 'Multiplier' <Latency = 0> <II = 1> <Delay = 1.94> <FuncUnit> <Opcode : 'mul'> <InPorts = 2> <OutPorts = 1>
ST_1 : Operation 61 [1/1] (0.00ns)   --->   "%trunc_ln42_7 = partselect i14 @_ssdm_op_PartSelect.i14.i24.i32.i32, i24 %mul_ln73_2194, i32 10, i32 23" [firmware/nnet_utils/nnet_dense_latency.h:42]   --->   Operation 61 'partselect' 'trunc_ln42_7' <Predicate = true> <Delay = 0.00>
ST_1 : Operation 62 [1/1] (0.00ns)   --->   "%sext_ln42_1598 = sext i14 %trunc_ln42_7" [firmware/nnet_utils/nnet_dense_latency.h:42]   --->   Operation 62 'sext' 'sext_ln42_1598' <Predicate = true> <Delay = 0.00>
ST_1 : Operation 63 [1/1] (1.94ns)   --->   "%mul_ln73_2195 = mul i26 %sext_ln70_778, i26 67108414" [firmware/nnet_utils/nnet_mult.h:73->firmware/nnet_utils/nnet_dense_latency.h:42]   --->   Operation 63 'mul' 'mul_ln73_2195' <Predicate = true> <Delay = 1.94> <CoreInst = "Multiplier">   --->   Core 3 'Multiplier' <Latency = 0> <II = 1> <Delay = 1.94> <FuncUnit> <Opcode : 'mul'> <InPorts = 2> <OutPorts = 1>
ST_1 : Operation 64 [1/1] (0.00ns)   --->   "%trunc_ln42_9 = partselect i16 @_ssdm_op_PartSelect.i16.i26.i32.i32, i26 %mul_ln73_2195, i32 10, i32 25" [firmware/nnet_utils/nnet_dense_latency.h:42]   --->   Operation 64 'partselect' 'trunc_ln42_9' <Predicate = true> <Delay = 0.00>
ST_1 : Operation 65 [1/1] (0.00ns)   --->   "%sext_ln70_779 = sext i16 %data_2_val_read" [firmware/nnet_utils/nnet_mult.h:70->firmware/nnet_utils/nnet_dense_latency.h:42]   --->   Operation 65 'sext' 'sext_ln70_779' <Predicate = true> <Delay = 0.00>
ST_1 : Operation 66 [1/1] (0.78ns)   --->   "%sub_ln73 = sub i17 0, i17 %sext_ln70_779" [firmware/nnet_utils/nnet_mult.h:73->firmware/nnet_utils/nnet_dense_latency.h:42]   --->   Operation 66 'sub' 'sub_ln73' <Predicate = true> <Delay = 0.78> <CoreInst = "Adder">   --->   Core 1 'Adder' <Latency = 0> <II = 1> <Delay = 0.78> <FuncUnit> <Opcode : 'add' 'sub'> <InPorts = 2> <OutPorts = 1>
ST_1 : Operation 67 [1/1] (0.00ns)   --->   "%trunc_ln42_8 = partselect i7 @_ssdm_op_PartSelect.i7.i17.i32.i32, i17 %sub_ln73, i32 10, i32 16" [firmware/nnet_utils/nnet_dense_latency.h:42]   --->   Operation 67 'partselect' 'trunc_ln42_8' <Predicate = true> <Delay = 0.00>
ST_1 : Operation 68 [1/1] (0.00ns)   --->   "%sext_ln42_1599 = sext i7 %trunc_ln42_8" [firmware/nnet_utils/nnet_dense_latency.h:42]   --->   Operation 68 'sext' 'sext_ln42_1599' <Predicate = true> <Delay = 0.00>
ST_1 : Operation 69 [1/1] (0.00ns)   --->   "%sext_ln70_842 = sext i7 %trunc_ln42_8" [firmware/nnet_utils/nnet_mult.h:70->firmware/nnet_utils/nnet_dense_latency.h:42]   --->   Operation 69 'sext' 'sext_ln70_842' <Predicate = true> <Delay = 0.00>
ST_1 : Operation 70 [1/1] (0.00ns)   --->   "%sext_ln70_780 = sext i16 %data_3_val_read" [firmware/nnet_utils/nnet_mult.h:70->firmware/nnet_utils/nnet_dense_latency.h:42]   --->   Operation 70 'sext' 'sext_ln70_780' <Predicate = true> <Delay = 0.00>
ST_1 : Operation 71 [1/1] (0.78ns)   --->   "%sub_ln73_88 = sub i17 0, i17 %sext_ln70_780" [firmware/nnet_utils/nnet_mult.h:73->firmware/nnet_utils/nnet_dense_latency.h:42]   --->   Operation 71 'sub' 'sub_ln73_88' <Predicate = true> <Delay = 0.78> <CoreInst = "Adder">   --->   Core 1 'Adder' <Latency = 0> <II = 1> <Delay = 0.78> <FuncUnit> <Opcode : 'add' 'sub'> <InPorts = 2> <OutPorts = 1>
ST_1 : Operation 72 [1/1] (0.00ns)   --->   "%trunc_ln42_10 = partselect i7 @_ssdm_op_PartSelect.i7.i17.i32.i32, i17 %sub_ln73_88, i32 10, i32 16" [firmware/nnet_utils/nnet_dense_latency.h:42]   --->   Operation 72 'partselect' 'trunc_ln42_10' <Predicate = true> <Delay = 0.00>
ST_1 : Operation 73 [1/1] (0.00ns)   --->   "%sext_ln42_1600 = sext i7 %trunc_ln42_10" [firmware/nnet_utils/nnet_dense_latency.h:42]   --->   Operation 73 'sext' 'sext_ln42_1600' <Predicate = true> <Delay = 0.00>
ST_1 : Operation 74 [1/1] (0.00ns)   --->   "%sext_ln70_843 = sext i7 %trunc_ln42_10" [firmware/nnet_utils/nnet_mult.h:70->firmware/nnet_utils/nnet_dense_latency.h:42]   --->   Operation 74 'sext' 'sext_ln70_843' <Predicate = true> <Delay = 0.00>
ST_1 : Operation 75 [1/1] (0.00ns)   --->   "%sext_ln70_781 = sext i16 %data_4_val_read" [firmware/nnet_utils/nnet_mult.h:70->firmware/nnet_utils/nnet_dense_latency.h:42]   --->   Operation 75 'sext' 'sext_ln70_781' <Predicate = true> <Delay = 0.00>
ST_1 : Operation 76 [1/1] (0.00ns)   --->   "%sext_ln70_782 = sext i16 %data_4_val_read" [firmware/nnet_utils/nnet_mult.h:70->firmware/nnet_utils/nnet_dense_latency.h:42]   --->   Operation 76 'sext' 'sext_ln70_782' <Predicate = true> <Delay = 0.00>
ST_1 : Operation 77 [1/1] (0.00ns)   --->   "%sext_ln70_783 = sext i16 %data_4_val_read" [firmware/nnet_utils/nnet_mult.h:70->firmware/nnet_utils/nnet_dense_latency.h:42]   --->   Operation 77 'sext' 'sext_ln70_783' <Predicate = true> <Delay = 0.00>
ST_1 : Operation 78 [1/1] (1.94ns)   --->   "%mul_ln73_2196 = mul i26 %sext_ln70_783, i26 265" [firmware/nnet_utils/nnet_mult.h:73->firmware/nnet_utils/nnet_dense_latency.h:42]   --->   Operation 78 'mul' 'mul_ln73_2196' <Predicate = true> <Delay = 1.94> <CoreInst = "Multiplier">   --->   Core 3 'Multiplier' <Latency = 0> <II = 1> <Delay = 1.94> <FuncUnit> <Opcode : 'mul'> <InPorts = 2> <OutPorts = 1>
ST_1 : Operation 79 [1/1] (0.00ns)   --->   "%trunc_ln42_11 = partselect i16 @_ssdm_op_PartSelect.i16.i26.i32.i32, i26 %mul_ln73_2196, i32 10, i32 25" [firmware/nnet_utils/nnet_dense_latency.h:42]   --->   Operation 79 'partselect' 'trunc_ln42_11' <Predicate = true> <Delay = 0.00>
ST_1 : Operation 80 [1/1] (1.94ns)   --->   "%mul_ln73_2197 = mul i26 %sext_ln70_783, i26 403" [firmware/nnet_utils/nnet_mult.h:73->firmware/nnet_utils/nnet_dense_latency.h:42]   --->   Operation 80 'mul' 'mul_ln73_2197' <Predicate = true> <Delay = 1.94> <CoreInst = "Multiplier">   --->   Core 3 'Multiplier' <Latency = 0> <II = 1> <Delay = 1.94> <FuncUnit> <Opcode : 'mul'> <InPorts = 2> <OutPorts = 1>
ST_1 : Operation 81 [1/1] (0.00ns)   --->   "%trunc_ln42_12 = partselect i16 @_ssdm_op_PartSelect.i16.i26.i32.i32, i26 %mul_ln73_2197, i32 10, i32 25" [firmware/nnet_utils/nnet_dense_latency.h:42]   --->   Operation 81 'partselect' 'trunc_ln42_12' <Predicate = true> <Delay = 0.00>
ST_1 : Operation 82 [1/1] (1.94ns)   --->   "%mul_ln73_2198 = mul i25 %sext_ln70_782, i25 33554280" [firmware/nnet_utils/nnet_mult.h:73->firmware/nnet_utils/nnet_dense_latency.h:42]   --->   Operation 82 'mul' 'mul_ln73_2198' <Predicate = true> <Delay = 1.94> <CoreInst = "Multiplier">   --->   Core 3 'Multiplier' <Latency = 0> <II = 1> <Delay = 1.94> <FuncUnit> <Opcode : 'mul'> <InPorts = 2> <OutPorts = 1>
ST_1 : Operation 83 [1/1] (0.00ns)   --->   "%trunc_ln42_13 = partselect i15 @_ssdm_op_PartSelect.i15.i25.i32.i32, i25 %mul_ln73_2198, i32 10, i32 24" [firmware/nnet_utils/nnet_dense_latency.h:42]   --->   Operation 83 'partselect' 'trunc_ln42_13' <Predicate = true> <Delay = 0.00>
ST_1 : Operation 84 [1/1] (0.00ns)   --->   "%sext_ln42_1601 = sext i15 %trunc_ln42_13" [firmware/nnet_utils/nnet_dense_latency.h:42]   --->   Operation 84 'sext' 'sext_ln42_1601' <Predicate = true> <Delay = 0.00>
ST_1 : Operation 85 [1/1] (1.94ns)   --->   "%mul_ln73_2199 = mul i23 %sext_ln70_781, i23 8388562" [firmware/nnet_utils/nnet_mult.h:73->firmware/nnet_utils/nnet_dense_latency.h:42]   --->   Operation 85 'mul' 'mul_ln73_2199' <Predicate = true> <Delay = 1.94> <CoreInst = "Multiplier">   --->   Core 3 'Multiplier' <Latency = 0> <II = 1> <Delay = 1.94> <FuncUnit> <Opcode : 'mul'> <InPorts = 2> <OutPorts = 1>
ST_1 : Operation 86 [1/1] (0.00ns)   --->   "%trunc_ln42_14 = partselect i13 @_ssdm_op_PartSelect.i13.i23.i32.i32, i23 %mul_ln73_2199, i32 10, i32 22" [firmware/nnet_utils/nnet_dense_latency.h:42]   --->   Operation 86 'partselect' 'trunc_ln42_14' <Predicate = true> <Delay = 0.00>
ST_1 : Operation 87 [1/1] (0.00ns)   --->   "%sext_ln42_1602 = sext i13 %trunc_ln42_14" [firmware/nnet_utils/nnet_dense_latency.h:42]   --->   Operation 87 'sext' 'sext_ln42_1602' <Predicate = true> <Delay = 0.00>
ST_1 : Operation 88 [1/1] (1.94ns)   --->   "%mul_ln73_2200 = mul i26 %sext_ln70_783, i26 67108428" [firmware/nnet_utils/nnet_mult.h:73->firmware/nnet_utils/nnet_dense_latency.h:42]   --->   Operation 88 'mul' 'mul_ln73_2200' <Predicate = true> <Delay = 1.94> <CoreInst = "Multiplier">   --->   Core 3 'Multiplier' <Latency = 0> <II = 1> <Delay = 1.94> <FuncUnit> <Opcode : 'mul'> <InPorts = 2> <OutPorts = 1>
ST_1 : Operation 89 [1/1] (0.00ns)   --->   "%trunc_ln42_15 = partselect i16 @_ssdm_op_PartSelect.i16.i26.i32.i32, i26 %mul_ln73_2200, i32 10, i32 25" [firmware/nnet_utils/nnet_dense_latency.h:42]   --->   Operation 89 'partselect' 'trunc_ln42_15' <Predicate = true> <Delay = 0.00>
ST_1 : Operation 90 [1/1] (0.00ns)   --->   "%sext_ln70_784 = sext i16 %data_5_val_read" [firmware/nnet_utils/nnet_mult.h:70->firmware/nnet_utils/nnet_dense_latency.h:42]   --->   Operation 90 'sext' 'sext_ln70_784' <Predicate = true> <Delay = 0.00>
ST_1 : Operation 91 [1/1] (0.00ns)   --->   "%sext_ln42_1603 = sext i16 %data_5_val_read" [firmware/nnet_utils/nnet_dense_latency.h:42]   --->   Operation 91 'sext' 'sext_ln42_1603' <Predicate = true> <Delay = 0.00>
ST_1 : Operation 92 [1/1] (1.94ns)   --->   "%mul_ln73_2201 = mul i26 %sext_ln42_1603, i26 294" [firmware/nnet_utils/nnet_mult.h:73->firmware/nnet_utils/nnet_dense_latency.h:42]   --->   Operation 92 'mul' 'mul_ln73_2201' <Predicate = true> <Delay = 1.94> <CoreInst = "Multiplier">   --->   Core 3 'Multiplier' <Latency = 0> <II = 1> <Delay = 1.94> <FuncUnit> <Opcode : 'mul'> <InPorts = 2> <OutPorts = 1>
ST_1 : Operation 93 [1/1] (0.00ns)   --->   "%trunc_ln42_16 = partselect i16 @_ssdm_op_PartSelect.i16.i26.i32.i32, i26 %mul_ln73_2201, i32 10, i32 25" [firmware/nnet_utils/nnet_dense_latency.h:42]   --->   Operation 93 'partselect' 'trunc_ln42_16' <Predicate = true> <Delay = 0.00>
ST_1 : Operation 94 [1/1] (1.94ns)   --->   "%mul_ln42_93 = mul i26 %sext_ln42_1603, i26 67108194" [firmware/nnet_utils/nnet_dense_latency.h:42]   --->   Operation 94 'mul' 'mul_ln42_93' <Predicate = true> <Delay = 1.94> <CoreInst = "Multiplier">   --->   Core 3 'Multiplier' <Latency = 0> <II = 1> <Delay = 1.94> <FuncUnit> <Opcode : 'mul'> <InPorts = 2> <OutPorts = 1>
ST_1 : Operation 95 [1/1] (0.00ns)   --->   "%trunc_ln42_17 = partselect i16 @_ssdm_op_PartSelect.i16.i26.i32.i32, i26 %mul_ln42_93, i32 10, i32 25" [firmware/nnet_utils/nnet_dense_latency.h:42]   --->   Operation 95 'partselect' 'trunc_ln42_17' <Predicate = true> <Delay = 0.00>
ST_1 : Operation 96 [1/1] (0.00ns)   --->   "%shl_ln = bitconcatenate i22 @_ssdm_op_BitConcatenate.i22.i16.i6, i16 %data_5_val_read, i6 0" [firmware/nnet_utils/nnet_mult.h:73->firmware/nnet_utils/nnet_dense_latency.h:42]   --->   Operation 96 'bitconcatenate' 'shl_ln' <Predicate = true> <Delay = 0.00>
ST_1 : Operation 97 [1/1] (0.00ns)   --->   "%sext_ln73 = sext i22 %shl_ln" [firmware/nnet_utils/nnet_mult.h:73->firmware/nnet_utils/nnet_dense_latency.h:42]   --->   Operation 97 'sext' 'sext_ln73' <Predicate = true> <Delay = 0.00>
ST_1 : Operation 98 [1/1] (0.00ns)   --->   "%shl_ln73_s = bitconcatenate i19 @_ssdm_op_BitConcatenate.i19.i16.i3, i16 %data_5_val_read, i3 0" [firmware/nnet_utils/nnet_mult.h:73->firmware/nnet_utils/nnet_dense_latency.h:42]   --->   Operation 98 'bitconcatenate' 'shl_ln73_s' <Predicate = true> <Delay = 0.00>
ST_1 : Operation 99 [1/1] (0.00ns)   --->   "%sext_ln73_987 = sext i19 %shl_ln73_s" [firmware/nnet_utils/nnet_mult.h:73->firmware/nnet_utils/nnet_dense_latency.h:42]   --->   Operation 99 'sext' 'sext_ln73_987' <Predicate = true> <Delay = 0.00>
ST_1 : Operation 100 [1/1] (0.82ns)   --->   "%add_ln73 = add i23 %sext_ln73, i23 %sext_ln73_987" [firmware/nnet_utils/nnet_mult.h:73->firmware/nnet_utils/nnet_dense_latency.h:42]   --->   Operation 100 'add' 'add_ln73' <Predicate = true> <Delay = 0.82> <CoreInst = "Adder">   --->   Core 1 'Adder' <Latency = 0> <II = 1> <Delay = 0.82> <FuncUnit> <Opcode : 'add' 'sub'> <InPorts = 2> <OutPorts = 1>
ST_1 : Operation 101 [1/1] (0.00ns)   --->   "%trunc_ln42_18 = partselect i13 @_ssdm_op_PartSelect.i13.i23.i32.i32, i23 %add_ln73, i32 10, i32 22" [firmware/nnet_utils/nnet_dense_latency.h:42]   --->   Operation 101 'partselect' 'trunc_ln42_18' <Predicate = true> <Delay = 0.00>
ST_1 : Operation 102 [1/1] (0.00ns)   --->   "%sext_ln42_1604 = sext i13 %trunc_ln42_18" [firmware/nnet_utils/nnet_dense_latency.h:42]   --->   Operation 102 'sext' 'sext_ln42_1604' <Predicate = true> <Delay = 0.00>
ST_1 : Operation 103 [1/1] (1.94ns)   --->   "%mul_ln73_2202 = mul i26 %sext_ln42_1603, i26 319" [firmware/nnet_utils/nnet_mult.h:73->firmware/nnet_utils/nnet_dense_latency.h:42]   --->   Operation 103 'mul' 'mul_ln73_2202' <Predicate = true> <Delay = 1.94> <CoreInst = "Multiplier">   --->   Core 3 'Multiplier' <Latency = 0> <II = 1> <Delay = 1.94> <FuncUnit> <Opcode : 'mul'> <InPorts = 2> <OutPorts = 1>
ST_1 : Operation 104 [1/1] (0.00ns)   --->   "%trunc_ln42_19 = partselect i16 @_ssdm_op_PartSelect.i16.i26.i32.i32, i26 %mul_ln73_2202, i32 10, i32 25" [firmware/nnet_utils/nnet_dense_latency.h:42]   --->   Operation 104 'partselect' 'trunc_ln42_19' <Predicate = true> <Delay = 0.00>
ST_1 : Operation 105 [1/1] (1.94ns)   --->   "%mul_ln73_2203 = mul i24 %sext_ln70_784, i24 118" [firmware/nnet_utils/nnet_mult.h:73->firmware/nnet_utils/nnet_dense_latency.h:42]   --->   Operation 105 'mul' 'mul_ln73_2203' <Predicate = true> <Delay = 1.94> <CoreInst = "Multiplier">   --->   Core 3 'Multiplier' <Latency = 0> <II = 1> <Delay = 1.94> <FuncUnit> <Opcode : 'mul'> <InPorts = 2> <OutPorts = 1>
ST_1 : Operation 106 [1/1] (0.00ns)   --->   "%trunc_ln42_20 = partselect i14 @_ssdm_op_PartSelect.i14.i24.i32.i32, i24 %mul_ln73_2203, i32 10, i32 23" [firmware/nnet_utils/nnet_dense_latency.h:42]   --->   Operation 106 'partselect' 'trunc_ln42_20' <Predicate = true> <Delay = 0.00>
ST_1 : Operation 107 [1/1] (0.00ns)   --->   "%sext_ln42_1605 = sext i14 %trunc_ln42_20" [firmware/nnet_utils/nnet_dense_latency.h:42]   --->   Operation 107 'sext' 'sext_ln42_1605' <Predicate = true> <Delay = 0.00>
ST_1 : Operation 108 [1/1] (0.00ns)   --->   "%sext_ln70_785 = sext i16 %data_6_val_read" [firmware/nnet_utils/nnet_mult.h:70->firmware/nnet_utils/nnet_dense_latency.h:42]   --->   Operation 108 'sext' 'sext_ln70_785' <Predicate = true> <Delay = 0.00>
ST_1 : Operation 109 [1/1] (0.00ns)   --->   "%sext_ln70_786 = sext i16 %data_6_val_read" [firmware/nnet_utils/nnet_mult.h:70->firmware/nnet_utils/nnet_dense_latency.h:42]   --->   Operation 109 'sext' 'sext_ln70_786' <Predicate = true> <Delay = 0.00>
ST_1 : Operation 110 [1/1] (0.00ns)   --->   "%sext_ln42_1606 = sext i16 %data_6_val_read" [firmware/nnet_utils/nnet_dense_latency.h:42]   --->   Operation 110 'sext' 'sext_ln42_1606' <Predicate = true> <Delay = 0.00>
ST_1 : Operation 111 [1/1] (1.94ns)   --->   "%mul_ln73_2204 = mul i26 %sext_ln42_1606, i26 339" [firmware/nnet_utils/nnet_mult.h:73->firmware/nnet_utils/nnet_dense_latency.h:42]   --->   Operation 111 'mul' 'mul_ln73_2204' <Predicate = true> <Delay = 1.94> <CoreInst = "Multiplier">   --->   Core 3 'Multiplier' <Latency = 0> <II = 1> <Delay = 1.94> <FuncUnit> <Opcode : 'mul'> <InPorts = 2> <OutPorts = 1>
ST_1 : Operation 112 [1/1] (0.00ns)   --->   "%trunc_ln42_21 = partselect i16 @_ssdm_op_PartSelect.i16.i26.i32.i32, i26 %mul_ln73_2204, i32 10, i32 25" [firmware/nnet_utils/nnet_dense_latency.h:42]   --->   Operation 112 'partselect' 'trunc_ln42_21' <Predicate = true> <Delay = 0.00>
ST_1 : Operation 113 [1/1] (1.94ns)   --->   "%mul_ln73_2205 = mul i26 %sext_ln42_1606, i26 67108499" [firmware/nnet_utils/nnet_mult.h:73->firmware/nnet_utils/nnet_dense_latency.h:42]   --->   Operation 113 'mul' 'mul_ln73_2205' <Predicate = true> <Delay = 1.94> <CoreInst = "Multiplier">   --->   Core 3 'Multiplier' <Latency = 0> <II = 1> <Delay = 1.94> <FuncUnit> <Opcode : 'mul'> <InPorts = 2> <OutPorts = 1>
ST_1 : Operation 114 [1/1] (0.00ns)   --->   "%trunc_ln42_22 = partselect i16 @_ssdm_op_PartSelect.i16.i26.i32.i32, i26 %mul_ln73_2205, i32 10, i32 25" [firmware/nnet_utils/nnet_dense_latency.h:42]   --->   Operation 114 'partselect' 'trunc_ln42_22' <Predicate = true> <Delay = 0.00>
ST_1 : Operation 115 [1/1] (1.94ns)   --->   "%mul_ln42_94 = mul i26 %sext_ln42_1606, i26 710" [firmware/nnet_utils/nnet_dense_latency.h:42]   --->   Operation 115 'mul' 'mul_ln42_94' <Predicate = true> <Delay = 1.94> <CoreInst = "Multiplier">   --->   Core 3 'Multiplier' <Latency = 0> <II = 1> <Delay = 1.94> <FuncUnit> <Opcode : 'mul'> <InPorts = 2> <OutPorts = 1>
ST_1 : Operation 116 [1/1] (0.00ns)   --->   "%trunc_ln42_23 = partselect i16 @_ssdm_op_PartSelect.i16.i26.i32.i32, i26 %mul_ln42_94, i32 10, i32 25" [firmware/nnet_utils/nnet_dense_latency.h:42]   --->   Operation 116 'partselect' 'trunc_ln42_23' <Predicate = true> <Delay = 0.00>
ST_1 : Operation 117 [1/1] (1.94ns)   --->   "%mul_ln73_2206 = mul i23 %sext_ln70_786, i23 8388557" [firmware/nnet_utils/nnet_mult.h:73->firmware/nnet_utils/nnet_dense_latency.h:42]   --->   Operation 117 'mul' 'mul_ln73_2206' <Predicate = true> <Delay = 1.94> <CoreInst = "Multiplier">   --->   Core 3 'Multiplier' <Latency = 0> <II = 1> <Delay = 1.94> <FuncUnit> <Opcode : 'mul'> <InPorts = 2> <OutPorts = 1>
ST_1 : Operation 118 [1/1] (0.00ns)   --->   "%trunc_ln42_24 = partselect i13 @_ssdm_op_PartSelect.i13.i23.i32.i32, i23 %mul_ln73_2206, i32 10, i32 22" [firmware/nnet_utils/nnet_dense_latency.h:42]   --->   Operation 118 'partselect' 'trunc_ln42_24' <Predicate = true> <Delay = 0.00>
ST_1 : Operation 119 [1/1] (0.00ns)   --->   "%sext_ln73_988 = sext i13 %trunc_ln42_24" [firmware/nnet_utils/nnet_mult.h:73->firmware/nnet_utils/nnet_dense_latency.h:42]   --->   Operation 119 'sext' 'sext_ln73_988' <Predicate = true> <Delay = 0.00>
ST_1 : Operation 120 [1/1] (1.94ns)   --->   "%mul_ln73_2207 = mul i25 %sext_ln70_785, i25 33554284" [firmware/nnet_utils/nnet_mult.h:73->firmware/nnet_utils/nnet_dense_latency.h:42]   --->   Operation 120 'mul' 'mul_ln73_2207' <Predicate = true> <Delay = 1.94> <CoreInst = "Multiplier">   --->   Core 3 'Multiplier' <Latency = 0> <II = 1> <Delay = 1.94> <FuncUnit> <Opcode : 'mul'> <InPorts = 2> <OutPorts = 1>
ST_1 : Operation 121 [1/1] (0.00ns)   --->   "%trunc_ln42_25 = partselect i15 @_ssdm_op_PartSelect.i15.i25.i32.i32, i25 %mul_ln73_2207, i32 10, i32 24" [firmware/nnet_utils/nnet_dense_latency.h:42]   --->   Operation 121 'partselect' 'trunc_ln42_25' <Predicate = true> <Delay = 0.00>
ST_1 : Operation 122 [1/1] (0.00ns)   --->   "%sext_ln42_1607 = sext i15 %trunc_ln42_25" [firmware/nnet_utils/nnet_dense_latency.h:42]   --->   Operation 122 'sext' 'sext_ln42_1607' <Predicate = true> <Delay = 0.00>
ST_1 : Operation 123 [1/1] (0.00ns)   --->   "%sext_ln42_1608 = sext i16 %data_7_val_read" [firmware/nnet_utils/nnet_dense_latency.h:42]   --->   Operation 123 'sext' 'sext_ln42_1608' <Predicate = true> <Delay = 0.00>
ST_1 : Operation 124 [1/1] (0.00ns)   --->   "%sext_ln70_787 = sext i16 %data_7_val_read" [firmware/nnet_utils/nnet_mult.h:70->firmware/nnet_utils/nnet_dense_latency.h:42]   --->   Operation 124 'sext' 'sext_ln70_787' <Predicate = true> <Delay = 0.00>
ST_1 : Operation 125 [1/1] (1.94ns)   --->   "%mul_ln73_2208 = mul i24 %sext_ln70_787, i24 107" [firmware/nnet_utils/nnet_mult.h:73->firmware/nnet_utils/nnet_dense_latency.h:42]   --->   Operation 125 'mul' 'mul_ln73_2208' <Predicate = true> <Delay = 1.94> <CoreInst = "Multiplier">   --->   Core 3 'Multiplier' <Latency = 0> <II = 1> <Delay = 1.94> <FuncUnit> <Opcode : 'mul'> <InPorts = 2> <OutPorts = 1>
ST_1 : Operation 126 [1/1] (0.00ns)   --->   "%trunc_ln42_26 = partselect i14 @_ssdm_op_PartSelect.i14.i24.i32.i32, i24 %mul_ln73_2208, i32 10, i32 23" [firmware/nnet_utils/nnet_dense_latency.h:42]   --->   Operation 126 'partselect' 'trunc_ln42_26' <Predicate = true> <Delay = 0.00>
ST_1 : Operation 127 [1/1] (0.00ns)   --->   "%sext_ln73_989 = sext i14 %trunc_ln42_26" [firmware/nnet_utils/nnet_mult.h:73->firmware/nnet_utils/nnet_dense_latency.h:42]   --->   Operation 127 'sext' 'sext_ln73_989' <Predicate = true> <Delay = 0.00>
ST_1 : Operation 128 [1/1] (1.94ns)   --->   "%mul_ln73_2209 = mul i26 %sext_ln42_1608, i26 339" [firmware/nnet_utils/nnet_mult.h:73->firmware/nnet_utils/nnet_dense_latency.h:42]   --->   Operation 128 'mul' 'mul_ln73_2209' <Predicate = true> <Delay = 1.94> <CoreInst = "Multiplier">   --->   Core 3 'Multiplier' <Latency = 0> <II = 1> <Delay = 1.94> <FuncUnit> <Opcode : 'mul'> <InPorts = 2> <OutPorts = 1>
ST_1 : Operation 129 [1/1] (0.00ns)   --->   "%trunc_ln42_27 = partselect i16 @_ssdm_op_PartSelect.i16.i26.i32.i32, i26 %mul_ln73_2209, i32 10, i32 25" [firmware/nnet_utils/nnet_dense_latency.h:42]   --->   Operation 129 'partselect' 'trunc_ln42_27' <Predicate = true> <Delay = 0.00>
ST_1 : Operation 130 [1/1] (1.94ns)   --->   "%mul_ln42_95 = mul i26 %sext_ln42_1608, i26 67108304" [firmware/nnet_utils/nnet_dense_latency.h:42]   --->   Operation 130 'mul' 'mul_ln42_95' <Predicate = true> <Delay = 1.94> <CoreInst = "Multiplier">   --->   Core 3 'Multiplier' <Latency = 0> <II = 1> <Delay = 1.94> <FuncUnit> <Opcode : 'mul'> <InPorts = 2> <OutPorts = 1>
ST_1 : Operation 131 [1/1] (0.00ns)   --->   "%trunc_ln42_28 = partselect i16 @_ssdm_op_PartSelect.i16.i26.i32.i32, i26 %mul_ln42_95, i32 10, i32 25" [firmware/nnet_utils/nnet_dense_latency.h:42]   --->   Operation 131 'partselect' 'trunc_ln42_28' <Predicate = true> <Delay = 0.00>
ST_1 : Operation 132 [1/1] (1.94ns)   --->   "%mul_ln73_2210 = mul i24 %sext_ln70_787, i24 16777125" [firmware/nnet_utils/nnet_mult.h:73->firmware/nnet_utils/nnet_dense_latency.h:42]   --->   Operation 132 'mul' 'mul_ln73_2210' <Predicate = true> <Delay = 1.94> <CoreInst = "Multiplier">   --->   Core 3 'Multiplier' <Latency = 0> <II = 1> <Delay = 1.94> <FuncUnit> <Opcode : 'mul'> <InPorts = 2> <OutPorts = 1>
ST_1 : Operation 133 [1/1] (0.00ns)   --->   "%trunc_ln42_29 = partselect i14 @_ssdm_op_PartSelect.i14.i24.i32.i32, i24 %mul_ln73_2210, i32 10, i32 23" [firmware/nnet_utils/nnet_dense_latency.h:42]   --->   Operation 133 'partselect' 'trunc_ln42_29' <Predicate = true> <Delay = 0.00>
ST_1 : Operation 134 [1/1] (0.00ns)   --->   "%sext_ln73_990 = sext i14 %trunc_ln42_29" [firmware/nnet_utils/nnet_mult.h:73->firmware/nnet_utils/nnet_dense_latency.h:42]   --->   Operation 134 'sext' 'sext_ln73_990' <Predicate = true> <Delay = 0.00>
ST_1 : Operation 135 [1/1] (1.94ns)   --->   "%mul_ln73_2211 = mul i26 %sext_ln42_1608, i26 259" [firmware/nnet_utils/nnet_mult.h:73->firmware/nnet_utils/nnet_dense_latency.h:42]   --->   Operation 135 'mul' 'mul_ln73_2211' <Predicate = true> <Delay = 1.94> <CoreInst = "Multiplier">   --->   Core 3 'Multiplier' <Latency = 0> <II = 1> <Delay = 1.94> <FuncUnit> <Opcode : 'mul'> <InPorts = 2> <OutPorts = 1>
ST_1 : Operation 136 [1/1] (0.00ns)   --->   "%trunc_ln42_30 = partselect i16 @_ssdm_op_PartSelect.i16.i26.i32.i32, i26 %mul_ln73_2211, i32 10, i32 25" [firmware/nnet_utils/nnet_dense_latency.h:42]   --->   Operation 136 'partselect' 'trunc_ln42_30' <Predicate = true> <Delay = 0.00>
ST_1 : Operation 137 [1/1] (0.00ns)   --->   "%sext_ln70_788 = sext i16 %data_8_val_read" [firmware/nnet_utils/nnet_mult.h:70->firmware/nnet_utils/nnet_dense_latency.h:42]   --->   Operation 137 'sext' 'sext_ln70_788' <Predicate = true> <Delay = 0.00>
ST_1 : Operation 138 [1/1] (0.00ns)   --->   "%sext_ln70_789 = sext i16 %data_8_val_read" [firmware/nnet_utils/nnet_mult.h:70->firmware/nnet_utils/nnet_dense_latency.h:42]   --->   Operation 138 'sext' 'sext_ln70_789' <Predicate = true> <Delay = 0.00>
ST_1 : Operation 139 [1/1] (0.00ns)   --->   "%shl_ln73_586 = bitconcatenate i23 @_ssdm_op_BitConcatenate.i23.i16.i7, i16 %data_8_val_read, i7 0" [firmware/nnet_utils/nnet_mult.h:73->firmware/nnet_utils/nnet_dense_latency.h:42]   --->   Operation 139 'bitconcatenate' 'shl_ln73_586' <Predicate = true> <Delay = 0.00>
ST_1 : Operation 140 [1/1] (0.00ns)   --->   "%sext_ln73_991 = sext i23 %shl_ln73_586" [firmware/nnet_utils/nnet_mult.h:73->firmware/nnet_utils/nnet_dense_latency.h:42]   --->   Operation 140 'sext' 'sext_ln73_991' <Predicate = true> <Delay = 0.00>
ST_1 : Operation 141 [1/1] (0.00ns)   --->   "%shl_ln73_587 = bitconcatenate i21 @_ssdm_op_BitConcatenate.i21.i16.i5, i16 %data_8_val_read, i5 0" [firmware/nnet_utils/nnet_mult.h:73->firmware/nnet_utils/nnet_dense_latency.h:42]   --->   Operation 141 'bitconcatenate' 'shl_ln73_587' <Predicate = true> <Delay = 0.00>
ST_1 : Operation 142 [1/1] (0.00ns)   --->   "%sext_ln73_992 = sext i21 %shl_ln73_587" [firmware/nnet_utils/nnet_mult.h:73->firmware/nnet_utils/nnet_dense_latency.h:42]   --->   Operation 142 'sext' 'sext_ln73_992' <Predicate = true> <Delay = 0.00>
ST_1 : Operation 143 [1/1] (0.82ns)   --->   "%add_ln73_192 = add i24 %sext_ln73_991, i24 %sext_ln73_992" [firmware/nnet_utils/nnet_mult.h:73->firmware/nnet_utils/nnet_dense_latency.h:42]   --->   Operation 143 'add' 'add_ln73_192' <Predicate = true> <Delay = 0.82> <CoreInst = "Adder">   --->   Core 1 'Adder' <Latency = 0> <II = 1> <Delay = 0.82> <FuncUnit> <Opcode : 'add' 'sub'> <InPorts = 2> <OutPorts = 1>
ST_1 : Operation 144 [1/1] (0.00ns)   --->   "%trunc_ln42_31 = partselect i14 @_ssdm_op_PartSelect.i14.i24.i32.i32, i24 %add_ln73_192, i32 10, i32 23" [firmware/nnet_utils/nnet_dense_latency.h:42]   --->   Operation 144 'partselect' 'trunc_ln42_31' <Predicate = true> <Delay = 0.00>
ST_1 : Operation 145 [1/1] (0.00ns)   --->   "%sext_ln73_993 = sext i14 %trunc_ln42_31" [firmware/nnet_utils/nnet_mult.h:73->firmware/nnet_utils/nnet_dense_latency.h:42]   --->   Operation 145 'sext' 'sext_ln73_993' <Predicate = true> <Delay = 0.00>
ST_1 : Operation 146 [1/1] (1.94ns)   --->   "%mul_ln73_2212 = mul i26 %sext_ln70_789, i26 295" [firmware/nnet_utils/nnet_mult.h:73->firmware/nnet_utils/nnet_dense_latency.h:42]   --->   Operation 146 'mul' 'mul_ln73_2212' <Predicate = true> <Delay = 1.94> <CoreInst = "Multiplier">   --->   Core 3 'Multiplier' <Latency = 0> <II = 1> <Delay = 1.94> <FuncUnit> <Opcode : 'mul'> <InPorts = 2> <OutPorts = 1>
ST_1 : Operation 147 [1/1] (0.00ns)   --->   "%trunc_ln42_32 = partselect i16 @_ssdm_op_PartSelect.i16.i26.i32.i32, i26 %mul_ln73_2212, i32 10, i32 25" [firmware/nnet_utils/nnet_dense_latency.h:42]   --->   Operation 147 'partselect' 'trunc_ln42_32' <Predicate = true> <Delay = 0.00>
ST_1 : Operation 148 [1/1] (1.94ns)   --->   "%mul_ln73_2213 = mul i25 %sext_ln70_788, i25 211" [firmware/nnet_utils/nnet_mult.h:73->firmware/nnet_utils/nnet_dense_latency.h:42]   --->   Operation 148 'mul' 'mul_ln73_2213' <Predicate = true> <Delay = 1.94> <CoreInst = "Multiplier">   --->   Core 3 'Multiplier' <Latency = 0> <II = 1> <Delay = 1.94> <FuncUnit> <Opcode : 'mul'> <InPorts = 2> <OutPorts = 1>
ST_1 : Operation 149 [1/1] (0.00ns)   --->   "%trunc_ln42_33 = partselect i15 @_ssdm_op_PartSelect.i15.i25.i32.i32, i25 %mul_ln73_2213, i32 10, i32 24" [firmware/nnet_utils/nnet_dense_latency.h:42]   --->   Operation 149 'partselect' 'trunc_ln42_33' <Predicate = true> <Delay = 0.00>
ST_1 : Operation 150 [1/1] (0.00ns)   --->   "%sext_ln42_1609 = sext i15 %trunc_ln42_33" [firmware/nnet_utils/nnet_dense_latency.h:42]   --->   Operation 150 'sext' 'sext_ln42_1609' <Predicate = true> <Delay = 0.00>
ST_1 : Operation 151 [1/1] (1.94ns)   --->   "%mul_ln73_2214 = mul i25 %sext_ln70_788, i25 239" [firmware/nnet_utils/nnet_mult.h:73->firmware/nnet_utils/nnet_dense_latency.h:42]   --->   Operation 151 'mul' 'mul_ln73_2214' <Predicate = true> <Delay = 1.94> <CoreInst = "Multiplier">   --->   Core 3 'Multiplier' <Latency = 0> <II = 1> <Delay = 1.94> <FuncUnit> <Opcode : 'mul'> <InPorts = 2> <OutPorts = 1>
ST_1 : Operation 152 [1/1] (0.00ns)   --->   "%trunc_ln42_34 = partselect i15 @_ssdm_op_PartSelect.i15.i25.i32.i32, i25 %mul_ln73_2214, i32 10, i32 24" [firmware/nnet_utils/nnet_dense_latency.h:42]   --->   Operation 152 'partselect' 'trunc_ln42_34' <Predicate = true> <Delay = 0.00>
ST_1 : Operation 153 [1/1] (0.00ns)   --->   "%sext_ln42_1610 = sext i15 %trunc_ln42_34" [firmware/nnet_utils/nnet_dense_latency.h:42]   --->   Operation 153 'sext' 'sext_ln42_1610' <Predicate = true> <Delay = 0.00>
ST_1 : Operation 154 [1/1] (1.94ns)   --->   "%mul_ln73_2215 = mul i26 %sext_ln70_789, i26 67108497" [firmware/nnet_utils/nnet_mult.h:73->firmware/nnet_utils/nnet_dense_latency.h:42]   --->   Operation 154 'mul' 'mul_ln73_2215' <Predicate = true> <Delay = 1.94> <CoreInst = "Multiplier">   --->   Core 3 'Multiplier' <Latency = 0> <II = 1> <Delay = 1.94> <FuncUnit> <Opcode : 'mul'> <InPorts = 2> <OutPorts = 1>
ST_1 : Operation 155 [1/1] (0.00ns)   --->   "%trunc_ln42_35 = partselect i16 @_ssdm_op_PartSelect.i16.i26.i32.i32, i26 %mul_ln73_2215, i32 10, i32 25" [firmware/nnet_utils/nnet_dense_latency.h:42]   --->   Operation 155 'partselect' 'trunc_ln42_35' <Predicate = true> <Delay = 0.00>
ST_1 : Operation 156 [1/1] (0.00ns)   --->   "%sext_ln70_790 = sext i16 %data_9_val_read" [firmware/nnet_utils/nnet_mult.h:70->firmware/nnet_utils/nnet_dense_latency.h:42]   --->   Operation 156 'sext' 'sext_ln70_790' <Predicate = true> <Delay = 0.00>
ST_1 : Operation 157 [1/1] (0.00ns)   --->   "%sext_ln70_791 = sext i16 %data_9_val_read" [firmware/nnet_utils/nnet_mult.h:70->firmware/nnet_utils/nnet_dense_latency.h:42]   --->   Operation 157 'sext' 'sext_ln70_791' <Predicate = true> <Delay = 0.00>
ST_1 : Operation 158 [1/1] (0.00ns)   --->   "%sext_ln70_792 = sext i16 %data_9_val_read" [firmware/nnet_utils/nnet_mult.h:70->firmware/nnet_utils/nnet_dense_latency.h:42]   --->   Operation 158 'sext' 'sext_ln70_792' <Predicate = true> <Delay = 0.00>
ST_1 : Operation 159 [1/1] (0.00ns)   --->   "%sext_ln70_793 = sext i16 %data_9_val_read" [firmware/nnet_utils/nnet_mult.h:70->firmware/nnet_utils/nnet_dense_latency.h:42]   --->   Operation 159 'sext' 'sext_ln70_793' <Predicate = true> <Delay = 0.00>
ST_1 : Operation 160 [1/1] (1.94ns)   --->   "%mul_ln73_2216 = mul i24 %sext_ln70_793, i24 16777130" [firmware/nnet_utils/nnet_mult.h:73->firmware/nnet_utils/nnet_dense_latency.h:42]   --->   Operation 160 'mul' 'mul_ln73_2216' <Predicate = true> <Delay = 1.94> <CoreInst = "Multiplier">   --->   Core 3 'Multiplier' <Latency = 0> <II = 1> <Delay = 1.94> <FuncUnit> <Opcode : 'mul'> <InPorts = 2> <OutPorts = 1>
ST_1 : Operation 161 [1/1] (0.00ns)   --->   "%trunc_ln42_36 = partselect i14 @_ssdm_op_PartSelect.i14.i24.i32.i32, i24 %mul_ln73_2216, i32 10, i32 23" [firmware/nnet_utils/nnet_dense_latency.h:42]   --->   Operation 161 'partselect' 'trunc_ln42_36' <Predicate = true> <Delay = 0.00>
ST_1 : Operation 162 [1/1] (0.00ns)   --->   "%sext_ln42_1611 = sext i14 %trunc_ln42_36" [firmware/nnet_utils/nnet_dense_latency.h:42]   --->   Operation 162 'sext' 'sext_ln42_1611' <Predicate = true> <Delay = 0.00>
ST_1 : Operation 163 [1/1] (1.94ns)   --->   "%mul_ln73_2217 = mul i22 %sext_ln70_792, i22 4194285" [firmware/nnet_utils/nnet_mult.h:73->firmware/nnet_utils/nnet_dense_latency.h:42]   --->   Operation 163 'mul' 'mul_ln73_2217' <Predicate = true> <Delay = 1.94> <CoreInst = "Multiplier">   --->   Core 3 'Multiplier' <Latency = 0> <II = 1> <Delay = 1.94> <FuncUnit> <Opcode : 'mul'> <InPorts = 2> <OutPorts = 1>
ST_1 : Operation 164 [1/1] (0.00ns)   --->   "%trunc_ln42_37 = partselect i12 @_ssdm_op_PartSelect.i12.i22.i32.i32, i22 %mul_ln73_2217, i32 10, i32 21" [firmware/nnet_utils/nnet_dense_latency.h:42]   --->   Operation 164 'partselect' 'trunc_ln42_37' <Predicate = true> <Delay = 0.00>
ST_1 : Operation 165 [1/1] (0.00ns)   --->   "%sext_ln73_994 = sext i12 %trunc_ln42_37" [firmware/nnet_utils/nnet_mult.h:73->firmware/nnet_utils/nnet_dense_latency.h:42]   --->   Operation 165 'sext' 'sext_ln73_994' <Predicate = true> <Delay = 0.00>
ST_1 : Operation 166 [1/1] (1.94ns)   --->   "%mul_ln73_2218 = mul i23 %sext_ln70_791, i23 46" [firmware/nnet_utils/nnet_mult.h:73->firmware/nnet_utils/nnet_dense_latency.h:42]   --->   Operation 166 'mul' 'mul_ln73_2218' <Predicate = true> <Delay = 1.94> <CoreInst = "Multiplier">   --->   Core 3 'Multiplier' <Latency = 0> <II = 1> <Delay = 1.94> <FuncUnit> <Opcode : 'mul'> <InPorts = 2> <OutPorts = 1>
ST_1 : Operation 167 [1/1] (0.00ns)   --->   "%trunc_ln42_38 = partselect i13 @_ssdm_op_PartSelect.i13.i23.i32.i32, i23 %mul_ln73_2218, i32 10, i32 22" [firmware/nnet_utils/nnet_dense_latency.h:42]   --->   Operation 167 'partselect' 'trunc_ln42_38' <Predicate = true> <Delay = 0.00>
ST_1 : Operation 168 [1/1] (0.00ns)   --->   "%sext_ln73_995 = sext i13 %trunc_ln42_38" [firmware/nnet_utils/nnet_mult.h:73->firmware/nnet_utils/nnet_dense_latency.h:42]   --->   Operation 168 'sext' 'sext_ln73_995' <Predicate = true> <Delay = 0.00>
ST_1 : Operation 169 [1/1] (1.94ns)   --->   "%mul_ln73_2219 = mul i26 %sext_ln70_790, i26 465" [firmware/nnet_utils/nnet_mult.h:73->firmware/nnet_utils/nnet_dense_latency.h:42]   --->   Operation 169 'mul' 'mul_ln73_2219' <Predicate = true> <Delay = 1.94> <CoreInst = "Multiplier">   --->   Core 3 'Multiplier' <Latency = 0> <II = 1> <Delay = 1.94> <FuncUnit> <Opcode : 'mul'> <InPorts = 2> <OutPorts = 1>
ST_1 : Operation 170 [1/1] (0.00ns)   --->   "%trunc_ln42_39 = partselect i16 @_ssdm_op_PartSelect.i16.i26.i32.i32, i26 %mul_ln73_2219, i32 10, i32 25" [firmware/nnet_utils/nnet_dense_latency.h:42]   --->   Operation 170 'partselect' 'trunc_ln42_39' <Predicate = true> <Delay = 0.00>
ST_1 : Operation 171 [1/1] (0.00ns)   --->   "%shl_ln73_588 = bitconcatenate i26 @_ssdm_op_BitConcatenate.i26.i16.i10, i16 %data_9_val_read, i10 0" [firmware/nnet_utils/nnet_mult.h:73->firmware/nnet_utils/nnet_dense_latency.h:42]   --->   Operation 171 'bitconcatenate' 'shl_ln73_588' <Predicate = true> <Delay = 0.00>
ST_1 : Operation 172 [1/1] (0.00ns) (grouped into TernaryAdder)   --->   "%sub_ln73_805 = sub i26 0, i26 %shl_ln73_588" [firmware/nnet_utils/nnet_mult.h:73->firmware/nnet_utils/nnet_dense_latency.h:42]   --->   Operation 172 'sub' 'sub_ln73_805' <Predicate = true> <Delay = 0.00> <CoreInst = "TAddSub">   --->   Core 10 'TAddSub' <Latency = 0> <II = 1> <Delay = 0.33> <IPBlock> <Opcode : '' 'add' 'sub'> <InPorts = 3> <OutPorts = 1> <Sync> <CReg>
ST_1 : Operation 173 [1/1] (0.00ns)   --->   "%shl_ln73_589 = bitconcatenate i17 @_ssdm_op_BitConcatenate.i17.i16.i1, i16 %data_9_val_read, i1 0" [firmware/nnet_utils/nnet_mult.h:73->firmware/nnet_utils/nnet_dense_latency.h:42]   --->   Operation 173 'bitconcatenate' 'shl_ln73_589' <Predicate = true> <Delay = 0.00>
ST_1 : Operation 174 [1/1] (0.00ns)   --->   "%sext_ln73_996 = sext i17 %shl_ln73_589" [firmware/nnet_utils/nnet_mult.h:73->firmware/nnet_utils/nnet_dense_latency.h:42]   --->   Operation 174 'sext' 'sext_ln73_996' <Predicate = true> <Delay = 0.00>
ST_1 : Operation 175 [1/1] (0.71ns) (root node of TernaryAdder)   --->   "%sub_ln73_806 = sub i26 %sub_ln73_805, i26 %sext_ln73_996" [firmware/nnet_utils/nnet_mult.h:73->firmware/nnet_utils/nnet_dense_latency.h:42]   --->   Operation 175 'sub' 'sub_ln73_806' <Predicate = true> <Delay = 0.71> <CoreInst = "TAddSub">   --->   Core 10 'TAddSub' <Latency = 0> <II = 1> <Delay = 0.33> <IPBlock> <Opcode : '' 'add' 'sub'> <InPorts = 3> <OutPorts = 1> <Sync> <CReg>
ST_1 : Operation 176 [1/1] (0.00ns)   --->   "%trunc_ln42_40 = partselect i16 @_ssdm_op_PartSelect.i16.i26.i32.i32, i26 %sub_ln73_806, i32 10, i32 25" [firmware/nnet_utils/nnet_dense_latency.h:42]   --->   Operation 176 'partselect' 'trunc_ln42_40' <Predicate = true> <Delay = 0.00>
ST_1 : Operation 177 [1/1] (0.00ns)   --->   "%sext_ln70_794 = sext i16 %data_10_val_read" [firmware/nnet_utils/nnet_mult.h:70->firmware/nnet_utils/nnet_dense_latency.h:42]   --->   Operation 177 'sext' 'sext_ln70_794' <Predicate = true> <Delay = 0.00>
ST_1 : Operation 178 [1/1] (0.00ns)   --->   "%sext_ln70_795 = sext i16 %data_10_val_read" [firmware/nnet_utils/nnet_mult.h:70->firmware/nnet_utils/nnet_dense_latency.h:42]   --->   Operation 178 'sext' 'sext_ln70_795' <Predicate = true> <Delay = 0.00>
ST_1 : Operation 179 [1/1] (0.00ns)   --->   "%sext_ln70_796 = sext i16 %data_10_val_read" [firmware/nnet_utils/nnet_mult.h:70->firmware/nnet_utils/nnet_dense_latency.h:42]   --->   Operation 179 'sext' 'sext_ln70_796' <Predicate = true> <Delay = 0.00>
ST_1 : Operation 180 [1/1] (1.94ns)   --->   "%mul_ln73_2220 = mul i25 %sext_ln70_796, i25 33554232" [firmware/nnet_utils/nnet_mult.h:73->firmware/nnet_utils/nnet_dense_latency.h:42]   --->   Operation 180 'mul' 'mul_ln73_2220' <Predicate = true> <Delay = 1.94> <CoreInst = "Multiplier">   --->   Core 3 'Multiplier' <Latency = 0> <II = 1> <Delay = 1.94> <FuncUnit> <Opcode : 'mul'> <InPorts = 2> <OutPorts = 1>
ST_1 : Operation 181 [1/1] (0.00ns)   --->   "%trunc_ln42_41 = partselect i15 @_ssdm_op_PartSelect.i15.i25.i32.i32, i25 %mul_ln73_2220, i32 10, i32 24" [firmware/nnet_utils/nnet_dense_latency.h:42]   --->   Operation 181 'partselect' 'trunc_ln42_41' <Predicate = true> <Delay = 0.00>
ST_1 : Operation 182 [1/1] (0.00ns)   --->   "%sext_ln42_1612 = sext i15 %trunc_ln42_41" [firmware/nnet_utils/nnet_dense_latency.h:42]   --->   Operation 182 'sext' 'sext_ln42_1612' <Predicate = true> <Delay = 0.00>
ST_1 : Operation 183 [1/1] (1.94ns)   --->   "%mul_ln73_2221 = mul i24 %sext_ln70_795, i24 106" [firmware/nnet_utils/nnet_mult.h:73->firmware/nnet_utils/nnet_dense_latency.h:42]   --->   Operation 183 'mul' 'mul_ln73_2221' <Predicate = true> <Delay = 1.94> <CoreInst = "Multiplier">   --->   Core 3 'Multiplier' <Latency = 0> <II = 1> <Delay = 1.94> <FuncUnit> <Opcode : 'mul'> <InPorts = 2> <OutPorts = 1>
ST_1 : Operation 184 [1/1] (0.00ns)   --->   "%trunc_ln42_42 = partselect i14 @_ssdm_op_PartSelect.i14.i24.i32.i32, i24 %mul_ln73_2221, i32 10, i32 23" [firmware/nnet_utils/nnet_dense_latency.h:42]   --->   Operation 184 'partselect' 'trunc_ln42_42' <Predicate = true> <Delay = 0.00>
ST_1 : Operation 185 [1/1] (0.00ns)   --->   "%sext_ln73_997 = sext i14 %trunc_ln42_42" [firmware/nnet_utils/nnet_mult.h:73->firmware/nnet_utils/nnet_dense_latency.h:42]   --->   Operation 185 'sext' 'sext_ln73_997' <Predicate = true> <Delay = 0.00>
ST_1 : Operation 186 [1/1] (1.94ns)   --->   "%mul_ln73_2222 = mul i24 %sext_ln70_795, i24 16777145" [firmware/nnet_utils/nnet_mult.h:73->firmware/nnet_utils/nnet_dense_latency.h:42]   --->   Operation 186 'mul' 'mul_ln73_2222' <Predicate = true> <Delay = 1.94> <CoreInst = "Multiplier">   --->   Core 3 'Multiplier' <Latency = 0> <II = 1> <Delay = 1.94> <FuncUnit> <Opcode : 'mul'> <InPorts = 2> <OutPorts = 1>
ST_1 : Operation 187 [1/1] (0.00ns)   --->   "%trunc_ln42_43 = partselect i14 @_ssdm_op_PartSelect.i14.i24.i32.i32, i24 %mul_ln73_2222, i32 10, i32 23" [firmware/nnet_utils/nnet_dense_latency.h:42]   --->   Operation 187 'partselect' 'trunc_ln42_43' <Predicate = true> <Delay = 0.00>
ST_1 : Operation 188 [1/1] (0.00ns)   --->   "%sext_ln73_998 = sext i14 %trunc_ln42_43" [firmware/nnet_utils/nnet_mult.h:73->firmware/nnet_utils/nnet_dense_latency.h:42]   --->   Operation 188 'sext' 'sext_ln73_998' <Predicate = true> <Delay = 0.00>
ST_1 : Operation 189 [1/1] (1.94ns)   --->   "%mul_ln73_2223 = mul i26 %sext_ln70_794, i26 410" [firmware/nnet_utils/nnet_mult.h:73->firmware/nnet_utils/nnet_dense_latency.h:42]   --->   Operation 189 'mul' 'mul_ln73_2223' <Predicate = true> <Delay = 1.94> <CoreInst = "Multiplier">   --->   Core 3 'Multiplier' <Latency = 0> <II = 1> <Delay = 1.94> <FuncUnit> <Opcode : 'mul'> <InPorts = 2> <OutPorts = 1>
ST_1 : Operation 190 [1/1] (0.00ns)   --->   "%trunc_ln42_44 = partselect i16 @_ssdm_op_PartSelect.i16.i26.i32.i32, i26 %mul_ln73_2223, i32 10, i32 25" [firmware/nnet_utils/nnet_dense_latency.h:42]   --->   Operation 190 'partselect' 'trunc_ln42_44' <Predicate = true> <Delay = 0.00>
ST_1 : Operation 191 [1/1] (1.94ns)   --->   "%mul_ln73_2224 = mul i25 %sext_ln70_796, i25 33554189" [firmware/nnet_utils/nnet_mult.h:73->firmware/nnet_utils/nnet_dense_latency.h:42]   --->   Operation 191 'mul' 'mul_ln73_2224' <Predicate = true> <Delay = 1.94> <CoreInst = "Multiplier">   --->   Core 3 'Multiplier' <Latency = 0> <II = 1> <Delay = 1.94> <FuncUnit> <Opcode : 'mul'> <InPorts = 2> <OutPorts = 1>
ST_1 : Operation 192 [1/1] (0.00ns)   --->   "%trunc_ln42_45 = partselect i15 @_ssdm_op_PartSelect.i15.i25.i32.i32, i25 %mul_ln73_2224, i32 10, i32 24" [firmware/nnet_utils/nnet_dense_latency.h:42]   --->   Operation 192 'partselect' 'trunc_ln42_45' <Predicate = true> <Delay = 0.00>
ST_1 : Operation 193 [1/1] (0.00ns)   --->   "%sext_ln42_1613 = sext i15 %trunc_ln42_45" [firmware/nnet_utils/nnet_dense_latency.h:42]   --->   Operation 193 'sext' 'sext_ln42_1613' <Predicate = true> <Delay = 0.00>
ST_1 : Operation 194 [1/1] (0.00ns)   --->   "%sext_ln70_797 = sext i16 %data_11_val_read" [firmware/nnet_utils/nnet_mult.h:70->firmware/nnet_utils/nnet_dense_latency.h:42]   --->   Operation 194 'sext' 'sext_ln70_797' <Predicate = true> <Delay = 0.00>
ST_1 : Operation 195 [1/1] (0.78ns)   --->   "%sub_ln73_89 = sub i17 0, i17 %sext_ln70_797" [firmware/nnet_utils/nnet_mult.h:73->firmware/nnet_utils/nnet_dense_latency.h:42]   --->   Operation 195 'sub' 'sub_ln73_89' <Predicate = true> <Delay = 0.78> <CoreInst = "Adder">   --->   Core 1 'Adder' <Latency = 0> <II = 1> <Delay = 0.78> <FuncUnit> <Opcode : 'add' 'sub'> <InPorts = 2> <OutPorts = 1>
ST_1 : Operation 196 [1/1] (0.00ns)   --->   "%trunc_ln42_46 = partselect i7 @_ssdm_op_PartSelect.i7.i17.i32.i32, i17 %sub_ln73_89, i32 10, i32 16" [firmware/nnet_utils/nnet_dense_latency.h:42]   --->   Operation 196 'partselect' 'trunc_ln42_46' <Predicate = true> <Delay = 0.00>
ST_1 : Operation 197 [1/1] (0.00ns)   --->   "%sext_ln42_1614 = sext i7 %trunc_ln42_46" [firmware/nnet_utils/nnet_dense_latency.h:42]   --->   Operation 197 'sext' 'sext_ln42_1614' <Predicate = true> <Delay = 0.00>
ST_1 : Operation 198 [1/1] (0.00ns)   --->   "%sext_ln70_798 = sext i16 %data_12_val_read" [firmware/nnet_utils/nnet_mult.h:70->firmware/nnet_utils/nnet_dense_latency.h:42]   --->   Operation 198 'sext' 'sext_ln70_798' <Predicate = true> <Delay = 0.00>
ST_1 : Operation 199 [1/1] (0.00ns)   --->   "%sext_ln70_799 = sext i16 %data_12_val_read" [firmware/nnet_utils/nnet_mult.h:70->firmware/nnet_utils/nnet_dense_latency.h:42]   --->   Operation 199 'sext' 'sext_ln70_799' <Predicate = true> <Delay = 0.00>
ST_1 : Operation 200 [1/1] (1.94ns)   --->   "%mul_ln73_2225 = mul i25 %sext_ln70_799, i25 198" [firmware/nnet_utils/nnet_mult.h:73->firmware/nnet_utils/nnet_dense_latency.h:42]   --->   Operation 200 'mul' 'mul_ln73_2225' <Predicate = true> <Delay = 1.94> <CoreInst = "Multiplier">   --->   Core 3 'Multiplier' <Latency = 0> <II = 1> <Delay = 1.94> <FuncUnit> <Opcode : 'mul'> <InPorts = 2> <OutPorts = 1>
ST_1 : Operation 201 [1/1] (0.00ns)   --->   "%trunc_ln42_47 = partselect i15 @_ssdm_op_PartSelect.i15.i25.i32.i32, i25 %mul_ln73_2225, i32 10, i32 24" [firmware/nnet_utils/nnet_dense_latency.h:42]   --->   Operation 201 'partselect' 'trunc_ln42_47' <Predicate = true> <Delay = 0.00>
ST_1 : Operation 202 [1/1] (0.00ns)   --->   "%sext_ln42_1615 = sext i15 %trunc_ln42_47" [firmware/nnet_utils/nnet_dense_latency.h:42]   --->   Operation 202 'sext' 'sext_ln42_1615' <Predicate = true> <Delay = 0.00>
ST_1 : Operation 203 [1/1] (1.94ns)   --->   "%mul_ln73_2226 = mul i25 %sext_ln70_799, i25 244" [firmware/nnet_utils/nnet_mult.h:73->firmware/nnet_utils/nnet_dense_latency.h:42]   --->   Operation 203 'mul' 'mul_ln73_2226' <Predicate = true> <Delay = 1.94> <CoreInst = "Multiplier">   --->   Core 3 'Multiplier' <Latency = 0> <II = 1> <Delay = 1.94> <FuncUnit> <Opcode : 'mul'> <InPorts = 2> <OutPorts = 1>
ST_1 : Operation 204 [1/1] (0.00ns)   --->   "%trunc_ln42_48 = partselect i15 @_ssdm_op_PartSelect.i15.i25.i32.i32, i25 %mul_ln73_2226, i32 10, i32 24" [firmware/nnet_utils/nnet_dense_latency.h:42]   --->   Operation 204 'partselect' 'trunc_ln42_48' <Predicate = true> <Delay = 0.00>
ST_1 : Operation 205 [1/1] (0.00ns)   --->   "%sext_ln42_1616 = sext i15 %trunc_ln42_48" [firmware/nnet_utils/nnet_dense_latency.h:42]   --->   Operation 205 'sext' 'sext_ln42_1616' <Predicate = true> <Delay = 0.00>
ST_1 : Operation 206 [1/1] (1.94ns)   --->   "%mul_ln42_96 = mul i26 %sext_ln70_798, i26 67108238" [firmware/nnet_utils/nnet_dense_latency.h:42]   --->   Operation 206 'mul' 'mul_ln42_96' <Predicate = true> <Delay = 1.94> <CoreInst = "Multiplier">   --->   Core 3 'Multiplier' <Latency = 0> <II = 1> <Delay = 1.94> <FuncUnit> <Opcode : 'mul'> <InPorts = 2> <OutPorts = 1>
ST_1 : Operation 207 [1/1] (0.00ns)   --->   "%trunc_ln42_49 = partselect i16 @_ssdm_op_PartSelect.i16.i26.i32.i32, i26 %mul_ln42_96, i32 10, i32 25" [firmware/nnet_utils/nnet_dense_latency.h:42]   --->   Operation 207 'partselect' 'trunc_ln42_49' <Predicate = true> <Delay = 0.00>
ST_1 : Operation 208 [1/1] (1.94ns)   --->   "%mul_ln73_2227 = mul i25 %sext_ln70_799, i25 246" [firmware/nnet_utils/nnet_mult.h:73->firmware/nnet_utils/nnet_dense_latency.h:42]   --->   Operation 208 'mul' 'mul_ln73_2227' <Predicate = true> <Delay = 1.94> <CoreInst = "Multiplier">   --->   Core 3 'Multiplier' <Latency = 0> <II = 1> <Delay = 1.94> <FuncUnit> <Opcode : 'mul'> <InPorts = 2> <OutPorts = 1>
ST_1 : Operation 209 [1/1] (0.00ns)   --->   "%trunc_ln42_50 = partselect i15 @_ssdm_op_PartSelect.i15.i25.i32.i32, i25 %mul_ln73_2227, i32 10, i32 24" [firmware/nnet_utils/nnet_dense_latency.h:42]   --->   Operation 209 'partselect' 'trunc_ln42_50' <Predicate = true> <Delay = 0.00>
ST_1 : Operation 210 [1/1] (0.00ns)   --->   "%sext_ln42_1617 = sext i15 %trunc_ln42_50" [firmware/nnet_utils/nnet_dense_latency.h:42]   --->   Operation 210 'sext' 'sext_ln42_1617' <Predicate = true> <Delay = 0.00>
ST_1 : Operation 211 [1/1] (1.94ns)   --->   "%mul_ln73_2228 = mul i26 %sext_ln70_798, i26 368" [firmware/nnet_utils/nnet_mult.h:73->firmware/nnet_utils/nnet_dense_latency.h:42]   --->   Operation 211 'mul' 'mul_ln73_2228' <Predicate = true> <Delay = 1.94> <CoreInst = "Multiplier">   --->   Core 3 'Multiplier' <Latency = 0> <II = 1> <Delay = 1.94> <FuncUnit> <Opcode : 'mul'> <InPorts = 2> <OutPorts = 1>
ST_1 : Operation 212 [1/1] (0.00ns)   --->   "%trunc_ln42_51 = partselect i16 @_ssdm_op_PartSelect.i16.i26.i32.i32, i26 %mul_ln73_2228, i32 10, i32 25" [firmware/nnet_utils/nnet_dense_latency.h:42]   --->   Operation 212 'partselect' 'trunc_ln42_51' <Predicate = true> <Delay = 0.00>
ST_1 : Operation 213 [1/1] (0.00ns)   --->   "%sext_ln42_1618 = sext i16 %data_13_val_read" [firmware/nnet_utils/nnet_dense_latency.h:42]   --->   Operation 213 'sext' 'sext_ln42_1618' <Predicate = true> <Delay = 0.00>
ST_1 : Operation 214 [1/1] (0.00ns)   --->   "%sext_ln70_800 = sext i16 %data_13_val_read" [firmware/nnet_utils/nnet_mult.h:70->firmware/nnet_utils/nnet_dense_latency.h:42]   --->   Operation 214 'sext' 'sext_ln70_800' <Predicate = true> <Delay = 0.00>
ST_1 : Operation 215 [1/1] (1.94ns)   --->   "%mul_ln73_2229 = mul i26 %sext_ln42_1618, i26 361" [firmware/nnet_utils/nnet_mult.h:73->firmware/nnet_utils/nnet_dense_latency.h:42]   --->   Operation 215 'mul' 'mul_ln73_2229' <Predicate = true> <Delay = 1.94> <CoreInst = "Multiplier">   --->   Core 3 'Multiplier' <Latency = 0> <II = 1> <Delay = 1.94> <FuncUnit> <Opcode : 'mul'> <InPorts = 2> <OutPorts = 1>
ST_1 : Operation 216 [1/1] (0.00ns)   --->   "%trunc_ln42_52 = partselect i16 @_ssdm_op_PartSelect.i16.i26.i32.i32, i26 %mul_ln73_2229, i32 10, i32 25" [firmware/nnet_utils/nnet_dense_latency.h:42]   --->   Operation 216 'partselect' 'trunc_ln42_52' <Predicate = true> <Delay = 0.00>
ST_1 : Operation 217 [1/1] (1.94ns)   --->   "%mul_ln73_2230 = mul i24 %sext_ln70_800, i24 103" [firmware/nnet_utils/nnet_mult.h:73->firmware/nnet_utils/nnet_dense_latency.h:42]   --->   Operation 217 'mul' 'mul_ln73_2230' <Predicate = true> <Delay = 1.94> <CoreInst = "Multiplier">   --->   Core 3 'Multiplier' <Latency = 0> <II = 1> <Delay = 1.94> <FuncUnit> <Opcode : 'mul'> <InPorts = 2> <OutPorts = 1>
ST_1 : Operation 218 [1/1] (0.00ns)   --->   "%trunc_ln42_53 = partselect i14 @_ssdm_op_PartSelect.i14.i24.i32.i32, i24 %mul_ln73_2230, i32 10, i32 23" [firmware/nnet_utils/nnet_dense_latency.h:42]   --->   Operation 218 'partselect' 'trunc_ln42_53' <Predicate = true> <Delay = 0.00>
ST_1 : Operation 219 [1/1] (0.00ns)   --->   "%sext_ln42_1619 = sext i14 %trunc_ln42_53" [firmware/nnet_utils/nnet_dense_latency.h:42]   --->   Operation 219 'sext' 'sext_ln42_1619' <Predicate = true> <Delay = 0.00>
ST_1 : Operation 220 [1/1] (0.00ns)   --->   "%shl_ln73_590 = bitconcatenate i19 @_ssdm_op_BitConcatenate.i19.i16.i3, i16 %data_13_val_read, i3 0" [firmware/nnet_utils/nnet_mult.h:73->firmware/nnet_utils/nnet_dense_latency.h:42]   --->   Operation 220 'bitconcatenate' 'shl_ln73_590' <Predicate = true> <Delay = 0.00>
ST_1 : Operation 221 [1/1] (0.00ns)   --->   "%sext_ln73_999 = sext i19 %shl_ln73_590" [firmware/nnet_utils/nnet_mult.h:73->firmware/nnet_utils/nnet_dense_latency.h:42]   --->   Operation 221 'sext' 'sext_ln73_999' <Predicate = true> <Delay = 0.00>
ST_1 : Operation 222 [1/1] (0.80ns)   --->   "%sub_ln73_807 = sub i20 0, i20 %sext_ln73_999" [firmware/nnet_utils/nnet_mult.h:73->firmware/nnet_utils/nnet_dense_latency.h:42]   --->   Operation 222 'sub' 'sub_ln73_807' <Predicate = true> <Delay = 0.80> <CoreInst = "Adder">   --->   Core 1 'Adder' <Latency = 0> <II = 1> <Delay = 0.80> <FuncUnit> <Opcode : 'add' 'sub'> <InPorts = 2> <OutPorts = 1>
ST_1 : Operation 223 [1/1] (0.00ns)   --->   "%trunc_ln42_54 = partselect i10 @_ssdm_op_PartSelect.i10.i20.i32.i32, i20 %sub_ln73_807, i32 10, i32 19" [firmware/nnet_utils/nnet_dense_latency.h:42]   --->   Operation 223 'partselect' 'trunc_ln42_54' <Predicate = true> <Delay = 0.00>
ST_1 : Operation 224 [1/1] (0.00ns)   --->   "%sext_ln42_1620 = sext i10 %trunc_ln42_54" [firmware/nnet_utils/nnet_dense_latency.h:42]   --->   Operation 224 'sext' 'sext_ln42_1620' <Predicate = true> <Delay = 0.00>
ST_1 : Operation 225 [1/1] (1.94ns)   --->   "%mul_ln42_97 = mul i26 %sext_ln42_1618, i26 67108295" [firmware/nnet_utils/nnet_dense_latency.h:42]   --->   Operation 225 'mul' 'mul_ln42_97' <Predicate = true> <Delay = 1.94> <CoreInst = "Multiplier">   --->   Core 3 'Multiplier' <Latency = 0> <II = 1> <Delay = 1.94> <FuncUnit> <Opcode : 'mul'> <InPorts = 2> <OutPorts = 1>
ST_1 : Operation 226 [1/1] (0.00ns)   --->   "%trunc_ln42_55 = partselect i16 @_ssdm_op_PartSelect.i16.i26.i32.i32, i26 %mul_ln42_97, i32 10, i32 25" [firmware/nnet_utils/nnet_dense_latency.h:42]   --->   Operation 226 'partselect' 'trunc_ln42_55' <Predicate = true> <Delay = 0.00>
ST_1 : Operation 227 [1/1] (0.00ns)   --->   "%sext_ln70_801 = sext i16 %data_14_val_read" [firmware/nnet_utils/nnet_mult.h:70->firmware/nnet_utils/nnet_dense_latency.h:42]   --->   Operation 227 'sext' 'sext_ln70_801' <Predicate = true> <Delay = 0.00>
ST_1 : Operation 228 [1/1] (0.00ns)   --->   "%sext_ln70_802 = sext i16 %data_14_val_read" [firmware/nnet_utils/nnet_mult.h:70->firmware/nnet_utils/nnet_dense_latency.h:42]   --->   Operation 228 'sext' 'sext_ln70_802' <Predicate = true> <Delay = 0.00>
ST_1 : Operation 229 [1/1] (0.00ns)   --->   "%sext_ln70_803 = sext i16 %data_14_val_read" [firmware/nnet_utils/nnet_mult.h:70->firmware/nnet_utils/nnet_dense_latency.h:42]   --->   Operation 229 'sext' 'sext_ln70_803' <Predicate = true> <Delay = 0.00>
ST_1 : Operation 230 [1/1] (1.94ns)   --->   "%mul_ln73_2231 = mul i26 %sext_ln70_803, i26 67108466" [firmware/nnet_utils/nnet_mult.h:73->firmware/nnet_utils/nnet_dense_latency.h:42]   --->   Operation 230 'mul' 'mul_ln73_2231' <Predicate = true> <Delay = 1.94> <CoreInst = "Multiplier">   --->   Core 3 'Multiplier' <Latency = 0> <II = 1> <Delay = 1.94> <FuncUnit> <Opcode : 'mul'> <InPorts = 2> <OutPorts = 1>
ST_1 : Operation 231 [1/1] (0.00ns)   --->   "%trunc_ln42_56 = partselect i16 @_ssdm_op_PartSelect.i16.i26.i32.i32, i26 %mul_ln73_2231, i32 10, i32 25" [firmware/nnet_utils/nnet_dense_latency.h:42]   --->   Operation 231 'partselect' 'trunc_ln42_56' <Predicate = true> <Delay = 0.00>
ST_1 : Operation 232 [1/1] (1.94ns)   --->   "%mul_ln73_2232 = mul i25 %sext_ln70_802, i25 33554262" [firmware/nnet_utils/nnet_mult.h:73->firmware/nnet_utils/nnet_dense_latency.h:42]   --->   Operation 232 'mul' 'mul_ln73_2232' <Predicate = true> <Delay = 1.94> <CoreInst = "Multiplier">   --->   Core 3 'Multiplier' <Latency = 0> <II = 1> <Delay = 1.94> <FuncUnit> <Opcode : 'mul'> <InPorts = 2> <OutPorts = 1>
ST_1 : Operation 233 [1/1] (0.00ns)   --->   "%trunc_ln42_57 = partselect i15 @_ssdm_op_PartSelect.i15.i25.i32.i32, i25 %mul_ln73_2232, i32 10, i32 24" [firmware/nnet_utils/nnet_dense_latency.h:42]   --->   Operation 233 'partselect' 'trunc_ln42_57' <Predicate = true> <Delay = 0.00>
ST_1 : Operation 234 [1/1] (0.00ns)   --->   "%sext_ln42_1621 = sext i15 %trunc_ln42_57" [firmware/nnet_utils/nnet_dense_latency.h:42]   --->   Operation 234 'sext' 'sext_ln42_1621' <Predicate = true> <Delay = 0.00>
ST_1 : Operation 235 [1/1] (1.94ns)   --->   "%mul_ln73_2233 = mul i26 %sext_ln70_803, i26 375" [firmware/nnet_utils/nnet_mult.h:73->firmware/nnet_utils/nnet_dense_latency.h:42]   --->   Operation 235 'mul' 'mul_ln73_2233' <Predicate = true> <Delay = 1.94> <CoreInst = "Multiplier">   --->   Core 3 'Multiplier' <Latency = 0> <II = 1> <Delay = 1.94> <FuncUnit> <Opcode : 'mul'> <InPorts = 2> <OutPorts = 1>
ST_1 : Operation 236 [1/1] (0.00ns)   --->   "%trunc_ln42_58 = partselect i16 @_ssdm_op_PartSelect.i16.i26.i32.i32, i26 %mul_ln73_2233, i32 10, i32 25" [firmware/nnet_utils/nnet_dense_latency.h:42]   --->   Operation 236 'partselect' 'trunc_ln42_58' <Predicate = true> <Delay = 0.00>
ST_1 : Operation 237 [1/1] (0.00ns)   --->   "%shl_ln73_591 = bitconcatenate i24 @_ssdm_op_BitConcatenate.i24.i16.i8, i16 %data_14_val_read, i8 0" [firmware/nnet_utils/nnet_mult.h:73->firmware/nnet_utils/nnet_dense_latency.h:42]   --->   Operation 237 'bitconcatenate' 'shl_ln73_591' <Predicate = true> <Delay = 0.00>
ST_1 : Operation 238 [1/1] (0.00ns)   --->   "%sext_ln73_1000 = sext i24 %shl_ln73_591" [firmware/nnet_utils/nnet_mult.h:73->firmware/nnet_utils/nnet_dense_latency.h:42]   --->   Operation 238 'sext' 'sext_ln73_1000' <Predicate = true> <Delay = 0.00>
ST_1 : Operation 239 [1/1] (0.00ns)   --->   "%shl_ln73_592 = bitconcatenate i22 @_ssdm_op_BitConcatenate.i22.i16.i6, i16 %data_14_val_read, i6 0" [firmware/nnet_utils/nnet_mult.h:73->firmware/nnet_utils/nnet_dense_latency.h:42]   --->   Operation 239 'bitconcatenate' 'shl_ln73_592' <Predicate = true> <Delay = 0.00>
ST_1 : Operation 240 [1/1] (0.00ns)   --->   "%sext_ln73_1001 = sext i22 %shl_ln73_592" [firmware/nnet_utils/nnet_mult.h:73->firmware/nnet_utils/nnet_dense_latency.h:42]   --->   Operation 240 'sext' 'sext_ln73_1001' <Predicate = true> <Delay = 0.00>
ST_1 : Operation 241 [1/1] (0.83ns)   --->   "%sub_ln73_808 = sub i25 %sext_ln73_1000, i25 %sext_ln73_1001" [firmware/nnet_utils/nnet_mult.h:73->firmware/nnet_utils/nnet_dense_latency.h:42]   --->   Operation 241 'sub' 'sub_ln73_808' <Predicate = true> <Delay = 0.83> <CoreInst = "Adder">   --->   Core 1 'Adder' <Latency = 0> <II = 1> <Delay = 0.83> <FuncUnit> <Opcode : 'add' 'sub'> <InPorts = 2> <OutPorts = 1>
ST_1 : Operation 242 [1/1] (0.00ns)   --->   "%trunc_ln42_59 = partselect i15 @_ssdm_op_PartSelect.i15.i25.i32.i32, i25 %sub_ln73_808, i32 10, i32 24" [firmware/nnet_utils/nnet_dense_latency.h:42]   --->   Operation 242 'partselect' 'trunc_ln42_59' <Predicate = true> <Delay = 0.00>
ST_1 : Operation 243 [1/1] (0.00ns)   --->   "%sext_ln42_1622 = sext i15 %trunc_ln42_59" [firmware/nnet_utils/nnet_dense_latency.h:42]   --->   Operation 243 'sext' 'sext_ln42_1622' <Predicate = true> <Delay = 0.00>
ST_1 : Operation 244 [1/1] (1.94ns)   --->   "%mul_ln73_2234 = mul i24 %sext_ln70_801, i24 105" [firmware/nnet_utils/nnet_mult.h:73->firmware/nnet_utils/nnet_dense_latency.h:42]   --->   Operation 244 'mul' 'mul_ln73_2234' <Predicate = true> <Delay = 1.94> <CoreInst = "Multiplier">   --->   Core 3 'Multiplier' <Latency = 0> <II = 1> <Delay = 1.94> <FuncUnit> <Opcode : 'mul'> <InPorts = 2> <OutPorts = 1>
ST_1 : Operation 245 [1/1] (0.00ns)   --->   "%trunc_ln42_60 = partselect i14 @_ssdm_op_PartSelect.i14.i24.i32.i32, i24 %mul_ln73_2234, i32 10, i32 23" [firmware/nnet_utils/nnet_dense_latency.h:42]   --->   Operation 245 'partselect' 'trunc_ln42_60' <Predicate = true> <Delay = 0.00>
ST_1 : Operation 246 [1/1] (0.00ns)   --->   "%sext_ln42_1623 = sext i14 %trunc_ln42_60" [firmware/nnet_utils/nnet_dense_latency.h:42]   --->   Operation 246 'sext' 'sext_ln42_1623' <Predicate = true> <Delay = 0.00>
ST_1 : Operation 247 [1/1] (0.00ns)   --->   "%sext_ln70_804 = sext i16 %data_15_val_read" [firmware/nnet_utils/nnet_mult.h:70->firmware/nnet_utils/nnet_dense_latency.h:42]   --->   Operation 247 'sext' 'sext_ln70_804' <Predicate = true> <Delay = 0.00>
ST_1 : Operation 248 [1/1] (0.00ns)   --->   "%sext_ln70_805 = sext i16 %data_15_val_read" [firmware/nnet_utils/nnet_mult.h:70->firmware/nnet_utils/nnet_dense_latency.h:42]   --->   Operation 248 'sext' 'sext_ln70_805' <Predicate = true> <Delay = 0.00>
ST_1 : Operation 249 [1/1] (0.00ns)   --->   "%sext_ln42_1624 = sext i16 %data_15_val_read" [firmware/nnet_utils/nnet_dense_latency.h:42]   --->   Operation 249 'sext' 'sext_ln42_1624' <Predicate = true> <Delay = 0.00>
ST_1 : Operation 250 [1/1] (1.94ns)   --->   "%mul_ln42_98 = mul i26 %sext_ln42_1624, i26 67108200" [firmware/nnet_utils/nnet_dense_latency.h:42]   --->   Operation 250 'mul' 'mul_ln42_98' <Predicate = true> <Delay = 1.94> <CoreInst = "Multiplier">   --->   Core 3 'Multiplier' <Latency = 0> <II = 1> <Delay = 1.94> <FuncUnit> <Opcode : 'mul'> <InPorts = 2> <OutPorts = 1>
ST_1 : Operation 251 [1/1] (0.00ns)   --->   "%trunc_ln42_61 = partselect i16 @_ssdm_op_PartSelect.i16.i26.i32.i32, i26 %mul_ln42_98, i32 10, i32 25" [firmware/nnet_utils/nnet_dense_latency.h:42]   --->   Operation 251 'partselect' 'trunc_ln42_61' <Predicate = true> <Delay = 0.00>
ST_1 : Operation 252 [1/1] (1.94ns)   --->   "%mul_ln73_2235 = mul i25 %sext_ln70_805, i25 33554235" [firmware/nnet_utils/nnet_mult.h:73->firmware/nnet_utils/nnet_dense_latency.h:42]   --->   Operation 252 'mul' 'mul_ln73_2235' <Predicate = true> <Delay = 1.94> <CoreInst = "Multiplier">   --->   Core 3 'Multiplier' <Latency = 0> <II = 1> <Delay = 1.94> <FuncUnit> <Opcode : 'mul'> <InPorts = 2> <OutPorts = 1>
ST_1 : Operation 253 [1/1] (0.00ns)   --->   "%trunc_ln42_62 = partselect i15 @_ssdm_op_PartSelect.i15.i25.i32.i32, i25 %mul_ln73_2235, i32 10, i32 24" [firmware/nnet_utils/nnet_dense_latency.h:42]   --->   Operation 253 'partselect' 'trunc_ln42_62' <Predicate = true> <Delay = 0.00>
ST_1 : Operation 254 [1/1] (0.00ns)   --->   "%sext_ln42_1625 = sext i15 %trunc_ln42_62" [firmware/nnet_utils/nnet_dense_latency.h:42]   --->   Operation 254 'sext' 'sext_ln42_1625' <Predicate = true> <Delay = 0.00>
ST_1 : Operation 255 [1/1] (1.94ns)   --->   "%mul_ln73_2236 = mul i25 %sext_ln70_805, i25 145" [firmware/nnet_utils/nnet_mult.h:73->firmware/nnet_utils/nnet_dense_latency.h:42]   --->   Operation 255 'mul' 'mul_ln73_2236' <Predicate = true> <Delay = 1.94> <CoreInst = "Multiplier">   --->   Core 3 'Multiplier' <Latency = 0> <II = 1> <Delay = 1.94> <FuncUnit> <Opcode : 'mul'> <InPorts = 2> <OutPorts = 1>
ST_1 : Operation 256 [1/1] (0.00ns)   --->   "%trunc_ln42_63 = partselect i15 @_ssdm_op_PartSelect.i15.i25.i32.i32, i25 %mul_ln73_2236, i32 10, i32 24" [firmware/nnet_utils/nnet_dense_latency.h:42]   --->   Operation 256 'partselect' 'trunc_ln42_63' <Predicate = true> <Delay = 0.00>
ST_1 : Operation 257 [1/1] (0.00ns)   --->   "%sext_ln42_1626 = sext i15 %trunc_ln42_63" [firmware/nnet_utils/nnet_dense_latency.h:42]   --->   Operation 257 'sext' 'sext_ln42_1626' <Predicate = true> <Delay = 0.00>
ST_1 : Operation 258 [1/1] (1.94ns)   --->   "%mul_ln73_2237 = mul i25 %sext_ln70_805, i25 218" [firmware/nnet_utils/nnet_mult.h:73->firmware/nnet_utils/nnet_dense_latency.h:42]   --->   Operation 258 'mul' 'mul_ln73_2237' <Predicate = true> <Delay = 1.94> <CoreInst = "Multiplier">   --->   Core 3 'Multiplier' <Latency = 0> <II = 1> <Delay = 1.94> <FuncUnit> <Opcode : 'mul'> <InPorts = 2> <OutPorts = 1>
ST_1 : Operation 259 [1/1] (0.00ns)   --->   "%trunc_ln42_64 = partselect i15 @_ssdm_op_PartSelect.i15.i25.i32.i32, i25 %mul_ln73_2237, i32 10, i32 24" [firmware/nnet_utils/nnet_dense_latency.h:42]   --->   Operation 259 'partselect' 'trunc_ln42_64' <Predicate = true> <Delay = 0.00>
ST_1 : Operation 260 [1/1] (0.00ns)   --->   "%sext_ln42_1627 = sext i15 %trunc_ln42_64" [firmware/nnet_utils/nnet_dense_latency.h:42]   --->   Operation 260 'sext' 'sext_ln42_1627' <Predicate = true> <Delay = 0.00>
ST_1 : Operation 261 [1/1] (1.94ns)   --->   "%mul_ln73_2238 = mul i24 %sext_ln70_804, i24 102" [firmware/nnet_utils/nnet_mult.h:73->firmware/nnet_utils/nnet_dense_latency.h:42]   --->   Operation 261 'mul' 'mul_ln73_2238' <Predicate = true> <Delay = 1.94> <CoreInst = "Multiplier">   --->   Core 3 'Multiplier' <Latency = 0> <II = 1> <Delay = 1.94> <FuncUnit> <Opcode : 'mul'> <InPorts = 2> <OutPorts = 1>
ST_1 : Operation 262 [1/1] (0.00ns)   --->   "%trunc_ln42_65 = partselect i14 @_ssdm_op_PartSelect.i14.i24.i32.i32, i24 %mul_ln73_2238, i32 10, i32 23" [firmware/nnet_utils/nnet_dense_latency.h:42]   --->   Operation 262 'partselect' 'trunc_ln42_65' <Predicate = true> <Delay = 0.00>
ST_1 : Operation 263 [1/1] (0.00ns)   --->   "%sext_ln42_1628 = sext i14 %trunc_ln42_65" [firmware/nnet_utils/nnet_dense_latency.h:42]   --->   Operation 263 'sext' 'sext_ln42_1628' <Predicate = true> <Delay = 0.00>
ST_1 : Operation 264 [1/1] (0.00ns)   --->   "%sext_ln70_806 = sext i16 %data_16_val_read" [firmware/nnet_utils/nnet_mult.h:70->firmware/nnet_utils/nnet_dense_latency.h:42]   --->   Operation 264 'sext' 'sext_ln70_806' <Predicate = true> <Delay = 0.00>
ST_1 : Operation 265 [1/1] (0.00ns)   --->   "%sext_ln70_807 = sext i16 %data_16_val_read" [firmware/nnet_utils/nnet_mult.h:70->firmware/nnet_utils/nnet_dense_latency.h:42]   --->   Operation 265 'sext' 'sext_ln70_807' <Predicate = true> <Delay = 0.00>
ST_1 : Operation 266 [1/1] (0.00ns)   --->   "%sext_ln70_808 = sext i16 %data_16_val_read" [firmware/nnet_utils/nnet_mult.h:70->firmware/nnet_utils/nnet_dense_latency.h:42]   --->   Operation 266 'sext' 'sext_ln70_808' <Predicate = true> <Delay = 0.00>
ST_1 : Operation 267 [1/1] (0.00ns)   --->   "%shl_ln73_593 = bitconcatenate i19 @_ssdm_op_BitConcatenate.i19.i16.i3, i16 %data_16_val_read, i3 0" [firmware/nnet_utils/nnet_mult.h:73->firmware/nnet_utils/nnet_dense_latency.h:42]   --->   Operation 267 'bitconcatenate' 'shl_ln73_593' <Predicate = true> <Delay = 0.00>
ST_1 : Operation 268 [1/1] (0.00ns)   --->   "%sext_ln73_1002 = sext i19 %shl_ln73_593" [firmware/nnet_utils/nnet_mult.h:73->firmware/nnet_utils/nnet_dense_latency.h:42]   --->   Operation 268 'sext' 'sext_ln73_1002' <Predicate = true> <Delay = 0.00>
ST_1 : Operation 269 [1/1] (0.00ns)   --->   "%shl_ln73_594 = bitconcatenate i17 @_ssdm_op_BitConcatenate.i17.i16.i1, i16 %data_16_val_read, i1 0" [firmware/nnet_utils/nnet_mult.h:73->firmware/nnet_utils/nnet_dense_latency.h:42]   --->   Operation 269 'bitconcatenate' 'shl_ln73_594' <Predicate = true> <Delay = 0.00>
ST_1 : Operation 270 [1/1] (0.00ns)   --->   "%sext_ln73_1003 = sext i17 %shl_ln73_594" [firmware/nnet_utils/nnet_mult.h:73->firmware/nnet_utils/nnet_dense_latency.h:42]   --->   Operation 270 'sext' 'sext_ln73_1003' <Predicate = true> <Delay = 0.00>
ST_1 : Operation 271 [1/1] (0.80ns)   --->   "%sub_ln73_809 = sub i20 %sext_ln73_1003, i20 %sext_ln73_1002" [firmware/nnet_utils/nnet_mult.h:73->firmware/nnet_utils/nnet_dense_latency.h:42]   --->   Operation 271 'sub' 'sub_ln73_809' <Predicate = true> <Delay = 0.80> <CoreInst = "Adder">   --->   Core 1 'Adder' <Latency = 0> <II = 1> <Delay = 0.80> <FuncUnit> <Opcode : 'add' 'sub'> <InPorts = 2> <OutPorts = 1>
ST_1 : Operation 272 [1/1] (0.00ns)   --->   "%trunc_ln42_66 = partselect i10 @_ssdm_op_PartSelect.i10.i20.i32.i32, i20 %sub_ln73_809, i32 10, i32 19" [firmware/nnet_utils/nnet_dense_latency.h:42]   --->   Operation 272 'partselect' 'trunc_ln42_66' <Predicate = true> <Delay = 0.00>
ST_1 : Operation 273 [1/1] (0.00ns)   --->   "%sext_ln42_1629 = sext i10 %trunc_ln42_66" [firmware/nnet_utils/nnet_dense_latency.h:42]   --->   Operation 273 'sext' 'sext_ln42_1629' <Predicate = true> <Delay = 0.00>
ST_1 : Operation 274 [1/1] (1.94ns)   --->   "%mul_ln73_2239 = mul i25 %sext_ln70_808, i25 201" [firmware/nnet_utils/nnet_mult.h:73->firmware/nnet_utils/nnet_dense_latency.h:42]   --->   Operation 274 'mul' 'mul_ln73_2239' <Predicate = true> <Delay = 1.94> <CoreInst = "Multiplier">   --->   Core 3 'Multiplier' <Latency = 0> <II = 1> <Delay = 1.94> <FuncUnit> <Opcode : 'mul'> <InPorts = 2> <OutPorts = 1>
ST_1 : Operation 275 [1/1] (0.00ns)   --->   "%trunc_ln42_67 = partselect i15 @_ssdm_op_PartSelect.i15.i25.i32.i32, i25 %mul_ln73_2239, i32 10, i32 24" [firmware/nnet_utils/nnet_dense_latency.h:42]   --->   Operation 275 'partselect' 'trunc_ln42_67' <Predicate = true> <Delay = 0.00>
ST_1 : Operation 276 [1/1] (0.00ns)   --->   "%sext_ln42_1630 = sext i15 %trunc_ln42_67" [firmware/nnet_utils/nnet_dense_latency.h:42]   --->   Operation 276 'sext' 'sext_ln42_1630' <Predicate = true> <Delay = 0.00>
ST_1 : Operation 277 [1/1] (1.94ns)   --->   "%mul_ln73_2240 = mul i24 %sext_ln70_807, i24 119" [firmware/nnet_utils/nnet_mult.h:73->firmware/nnet_utils/nnet_dense_latency.h:42]   --->   Operation 277 'mul' 'mul_ln73_2240' <Predicate = true> <Delay = 1.94> <CoreInst = "Multiplier">   --->   Core 3 'Multiplier' <Latency = 0> <II = 1> <Delay = 1.94> <FuncUnit> <Opcode : 'mul'> <InPorts = 2> <OutPorts = 1>
ST_1 : Operation 278 [1/1] (0.00ns)   --->   "%trunc_ln42_68 = partselect i14 @_ssdm_op_PartSelect.i14.i24.i32.i32, i24 %mul_ln73_2240, i32 10, i32 23" [firmware/nnet_utils/nnet_dense_latency.h:42]   --->   Operation 278 'partselect' 'trunc_ln42_68' <Predicate = true> <Delay = 0.00>
ST_1 : Operation 279 [1/1] (0.00ns)   --->   "%sext_ln42_1631 = sext i14 %trunc_ln42_68" [firmware/nnet_utils/nnet_dense_latency.h:42]   --->   Operation 279 'sext' 'sext_ln42_1631' <Predicate = true> <Delay = 0.00>
ST_1 : Operation 280 [1/1] (1.94ns)   --->   "%mul_ln42_99 = mul i26 %sext_ln70_806, i26 538" [firmware/nnet_utils/nnet_dense_latency.h:42]   --->   Operation 280 'mul' 'mul_ln42_99' <Predicate = true> <Delay = 1.94> <CoreInst = "Multiplier">   --->   Core 3 'Multiplier' <Latency = 0> <II = 1> <Delay = 1.94> <FuncUnit> <Opcode : 'mul'> <InPorts = 2> <OutPorts = 1>
ST_1 : Operation 281 [1/1] (0.00ns)   --->   "%trunc_ln42_69 = partselect i16 @_ssdm_op_PartSelect.i16.i26.i32.i32, i26 %mul_ln42_99, i32 10, i32 25" [firmware/nnet_utils/nnet_dense_latency.h:42]   --->   Operation 281 'partselect' 'trunc_ln42_69' <Predicate = true> <Delay = 0.00>
ST_1 : Operation 282 [1/1] (1.94ns)   --->   "%mul_ln73_2241 = mul i26 %sext_ln70_806, i26 67108374" [firmware/nnet_utils/nnet_mult.h:73->firmware/nnet_utils/nnet_dense_latency.h:42]   --->   Operation 282 'mul' 'mul_ln73_2241' <Predicate = true> <Delay = 1.94> <CoreInst = "Multiplier">   --->   Core 3 'Multiplier' <Latency = 0> <II = 1> <Delay = 1.94> <FuncUnit> <Opcode : 'mul'> <InPorts = 2> <OutPorts = 1>
ST_1 : Operation 283 [1/1] (0.00ns)   --->   "%trunc_ln42_70 = partselect i16 @_ssdm_op_PartSelect.i16.i26.i32.i32, i26 %mul_ln73_2241, i32 10, i32 25" [firmware/nnet_utils/nnet_dense_latency.h:42]   --->   Operation 283 'partselect' 'trunc_ln42_70' <Predicate = true> <Delay = 0.00>
ST_1 : Operation 284 [1/1] (0.00ns)   --->   "%sext_ln42_1632 = sext i16 %data_17_val_read" [firmware/nnet_utils/nnet_dense_latency.h:42]   --->   Operation 284 'sext' 'sext_ln42_1632' <Predicate = true> <Delay = 0.00>
ST_1 : Operation 285 [1/1] (1.94ns)   --->   "%mul_ln73_2242 = mul i26 %sext_ln42_1632, i26 67108447" [firmware/nnet_utils/nnet_mult.h:73->firmware/nnet_utils/nnet_dense_latency.h:42]   --->   Operation 285 'mul' 'mul_ln73_2242' <Predicate = true> <Delay = 1.94> <CoreInst = "Multiplier">   --->   Core 3 'Multiplier' <Latency = 0> <II = 1> <Delay = 1.94> <FuncUnit> <Opcode : 'mul'> <InPorts = 2> <OutPorts = 1>
ST_1 : Operation 286 [1/1] (0.00ns)   --->   "%trunc_ln42_71 = partselect i16 @_ssdm_op_PartSelect.i16.i26.i32.i32, i26 %mul_ln73_2242, i32 10, i32 25" [firmware/nnet_utils/nnet_dense_latency.h:42]   --->   Operation 286 'partselect' 'trunc_ln42_71' <Predicate = true> <Delay = 0.00>
ST_1 : Operation 287 [1/1] (1.94ns)   --->   "%mul_ln42_100 = mul i26 %sext_ln42_1632, i26 67108332" [firmware/nnet_utils/nnet_dense_latency.h:42]   --->   Operation 287 'mul' 'mul_ln42_100' <Predicate = true> <Delay = 1.94> <CoreInst = "Multiplier">   --->   Core 3 'Multiplier' <Latency = 0> <II = 1> <Delay = 1.94> <FuncUnit> <Opcode : 'mul'> <InPorts = 2> <OutPorts = 1>
ST_1 : Operation 288 [1/1] (0.00ns)   --->   "%trunc_ln42_72 = partselect i16 @_ssdm_op_PartSelect.i16.i26.i32.i32, i26 %mul_ln42_100, i32 10, i32 25" [firmware/nnet_utils/nnet_dense_latency.h:42]   --->   Operation 288 'partselect' 'trunc_ln42_72' <Predicate = true> <Delay = 0.00>
ST_1 : Operation 289 [1/1] (0.00ns)   --->   "%shl_ln73_595 = bitconcatenate i19 @_ssdm_op_BitConcatenate.i19.i16.i3, i16 %data_17_val_read, i3 0" [firmware/nnet_utils/nnet_mult.h:73->firmware/nnet_utils/nnet_dense_latency.h:42]   --->   Operation 289 'bitconcatenate' 'shl_ln73_595' <Predicate = true> <Delay = 0.00>
ST_1 : Operation 290 [1/1] (0.00ns)   --->   "%sext_ln73_1004 = sext i19 %shl_ln73_595" [firmware/nnet_utils/nnet_mult.h:73->firmware/nnet_utils/nnet_dense_latency.h:42]   --->   Operation 290 'sext' 'sext_ln73_1004' <Predicate = true> <Delay = 0.00>
ST_1 : Operation 291 [1/1] (0.00ns) (grouped into TernaryAdder)   --->   "%sub_ln73_810 = sub i20 0, i20 %sext_ln73_1004" [firmware/nnet_utils/nnet_mult.h:73->firmware/nnet_utils/nnet_dense_latency.h:42]   --->   Operation 291 'sub' 'sub_ln73_810' <Predicate = true> <Delay = 0.00> <CoreInst = "TAddSub">   --->   Core 10 'TAddSub' <Latency = 0> <II = 1> <Delay = 0.33> <IPBlock> <Opcode : '' 'add' 'sub'> <InPorts = 3> <OutPorts = 1> <Sync> <CReg>
ST_1 : Operation 292 [1/1] (0.00ns)   --->   "%shl_ln73_596 = bitconcatenate i17 @_ssdm_op_BitConcatenate.i17.i16.i1, i16 %data_17_val_read, i1 0" [firmware/nnet_utils/nnet_mult.h:73->firmware/nnet_utils/nnet_dense_latency.h:42]   --->   Operation 292 'bitconcatenate' 'shl_ln73_596' <Predicate = true> <Delay = 0.00>
ST_1 : Operation 293 [1/1] (0.00ns)   --->   "%sext_ln73_1005 = sext i17 %shl_ln73_596" [firmware/nnet_utils/nnet_mult.h:73->firmware/nnet_utils/nnet_dense_latency.h:42]   --->   Operation 293 'sext' 'sext_ln73_1005' <Predicate = true> <Delay = 0.00>
ST_1 : Operation 294 [1/1] (0.68ns) (root node of TernaryAdder)   --->   "%sub_ln73_811 = sub i20 %sub_ln73_810, i20 %sext_ln73_1005" [firmware/nnet_utils/nnet_mult.h:73->firmware/nnet_utils/nnet_dense_latency.h:42]   --->   Operation 294 'sub' 'sub_ln73_811' <Predicate = true> <Delay = 0.68> <CoreInst = "TAddSub">   --->   Core 10 'TAddSub' <Latency = 0> <II = 1> <Delay = 0.33> <IPBlock> <Opcode : '' 'add' 'sub'> <InPorts = 3> <OutPorts = 1> <Sync> <CReg>
ST_1 : Operation 295 [1/1] (0.00ns)   --->   "%trunc_ln42_73 = partselect i10 @_ssdm_op_PartSelect.i10.i20.i32.i32, i20 %sub_ln73_811, i32 10, i32 19" [firmware/nnet_utils/nnet_dense_latency.h:42]   --->   Operation 295 'partselect' 'trunc_ln42_73' <Predicate = true> <Delay = 0.00>
ST_1 : Operation 296 [1/1] (0.00ns)   --->   "%sext_ln42_1633 = sext i10 %trunc_ln42_73" [firmware/nnet_utils/nnet_dense_latency.h:42]   --->   Operation 296 'sext' 'sext_ln42_1633' <Predicate = true> <Delay = 0.00>
ST_1 : Operation 297 [1/1] (1.94ns)   --->   "%mul_ln73_2243 = mul i26 %sext_ln42_1632, i26 466" [firmware/nnet_utils/nnet_mult.h:73->firmware/nnet_utils/nnet_dense_latency.h:42]   --->   Operation 297 'mul' 'mul_ln73_2243' <Predicate = true> <Delay = 1.94> <CoreInst = "Multiplier">   --->   Core 3 'Multiplier' <Latency = 0> <II = 1> <Delay = 1.94> <FuncUnit> <Opcode : 'mul'> <InPorts = 2> <OutPorts = 1>
ST_1 : Operation 298 [1/1] (0.00ns)   --->   "%trunc_ln42_74 = partselect i16 @_ssdm_op_PartSelect.i16.i26.i32.i32, i26 %mul_ln73_2243, i32 10, i32 25" [firmware/nnet_utils/nnet_dense_latency.h:42]   --->   Operation 298 'partselect' 'trunc_ln42_74' <Predicate = true> <Delay = 0.00>
ST_1 : Operation 299 [1/1] (1.94ns)   --->   "%mul_ln73_2244 = mul i26 %sext_ln42_1632, i26 382" [firmware/nnet_utils/nnet_mult.h:73->firmware/nnet_utils/nnet_dense_latency.h:42]   --->   Operation 299 'mul' 'mul_ln73_2244' <Predicate = true> <Delay = 1.94> <CoreInst = "Multiplier">   --->   Core 3 'Multiplier' <Latency = 0> <II = 1> <Delay = 1.94> <FuncUnit> <Opcode : 'mul'> <InPorts = 2> <OutPorts = 1>
ST_1 : Operation 300 [1/1] (0.00ns)   --->   "%trunc_ln42_75 = partselect i16 @_ssdm_op_PartSelect.i16.i26.i32.i32, i26 %mul_ln73_2244, i32 10, i32 25" [firmware/nnet_utils/nnet_dense_latency.h:42]   --->   Operation 300 'partselect' 'trunc_ln42_75' <Predicate = true> <Delay = 0.00>
ST_1 : Operation 301 [1/1] (0.00ns)   --->   "%sext_ln70_809 = sext i16 %data_18_val_read" [firmware/nnet_utils/nnet_mult.h:70->firmware/nnet_utils/nnet_dense_latency.h:42]   --->   Operation 301 'sext' 'sext_ln70_809' <Predicate = true> <Delay = 0.00>
ST_1 : Operation 302 [1/1] (0.00ns)   --->   "%sext_ln70_810 = sext i16 %data_18_val_read" [firmware/nnet_utils/nnet_mult.h:70->firmware/nnet_utils/nnet_dense_latency.h:42]   --->   Operation 302 'sext' 'sext_ln70_810' <Predicate = true> <Delay = 0.00>
ST_1 : Operation 303 [1/1] (1.94ns)   --->   "%mul_ln73_2245 = mul i26 %sext_ln70_810, i26 438" [firmware/nnet_utils/nnet_mult.h:73->firmware/nnet_utils/nnet_dense_latency.h:42]   --->   Operation 303 'mul' 'mul_ln73_2245' <Predicate = true> <Delay = 1.94> <CoreInst = "Multiplier">   --->   Core 3 'Multiplier' <Latency = 0> <II = 1> <Delay = 1.94> <FuncUnit> <Opcode : 'mul'> <InPorts = 2> <OutPorts = 1>
ST_1 : Operation 304 [1/1] (0.00ns)   --->   "%trunc_ln42_76 = partselect i16 @_ssdm_op_PartSelect.i16.i26.i32.i32, i26 %mul_ln73_2245, i32 10, i32 25" [firmware/nnet_utils/nnet_dense_latency.h:42]   --->   Operation 304 'partselect' 'trunc_ln42_76' <Predicate = true> <Delay = 0.00>
ST_1 : Operation 305 [1/1] (1.94ns)   --->   "%mul_ln73_2246 = mul i25 %sext_ln70_809, i25 237" [firmware/nnet_utils/nnet_mult.h:73->firmware/nnet_utils/nnet_dense_latency.h:42]   --->   Operation 305 'mul' 'mul_ln73_2246' <Predicate = true> <Delay = 1.94> <CoreInst = "Multiplier">   --->   Core 3 'Multiplier' <Latency = 0> <II = 1> <Delay = 1.94> <FuncUnit> <Opcode : 'mul'> <InPorts = 2> <OutPorts = 1>
ST_1 : Operation 306 [1/1] (0.00ns)   --->   "%trunc_ln42_77 = partselect i15 @_ssdm_op_PartSelect.i15.i25.i32.i32, i25 %mul_ln73_2246, i32 10, i32 24" [firmware/nnet_utils/nnet_dense_latency.h:42]   --->   Operation 306 'partselect' 'trunc_ln42_77' <Predicate = true> <Delay = 0.00>
ST_1 : Operation 307 [1/1] (0.00ns)   --->   "%sext_ln42_1634 = sext i15 %trunc_ln42_77" [firmware/nnet_utils/nnet_dense_latency.h:42]   --->   Operation 307 'sext' 'sext_ln42_1634' <Predicate = true> <Delay = 0.00>
ST_1 : Operation 308 [1/1] (1.94ns)   --->   "%mul_ln73_2247 = mul i26 %sext_ln70_810, i26 347" [firmware/nnet_utils/nnet_mult.h:73->firmware/nnet_utils/nnet_dense_latency.h:42]   --->   Operation 308 'mul' 'mul_ln73_2247' <Predicate = true> <Delay = 1.94> <CoreInst = "Multiplier">   --->   Core 3 'Multiplier' <Latency = 0> <II = 1> <Delay = 1.94> <FuncUnit> <Opcode : 'mul'> <InPorts = 2> <OutPorts = 1>
ST_1 : Operation 309 [1/1] (0.00ns)   --->   "%trunc_ln42_78 = partselect i16 @_ssdm_op_PartSelect.i16.i26.i32.i32, i26 %mul_ln73_2247, i32 10, i32 25" [firmware/nnet_utils/nnet_dense_latency.h:42]   --->   Operation 309 'partselect' 'trunc_ln42_78' <Predicate = true> <Delay = 0.00>
ST_1 : Operation 310 [1/1] (1.94ns)   --->   "%mul_ln42_101 = mul i26 %sext_ln70_810, i26 67108252" [firmware/nnet_utils/nnet_dense_latency.h:42]   --->   Operation 310 'mul' 'mul_ln42_101' <Predicate = true> <Delay = 1.94> <CoreInst = "Multiplier">   --->   Core 3 'Multiplier' <Latency = 0> <II = 1> <Delay = 1.94> <FuncUnit> <Opcode : 'mul'> <InPorts = 2> <OutPorts = 1>
ST_1 : Operation 311 [1/1] (0.00ns)   --->   "%trunc_ln42_79 = partselect i16 @_ssdm_op_PartSelect.i16.i26.i32.i32, i26 %mul_ln42_101, i32 10, i32 25" [firmware/nnet_utils/nnet_dense_latency.h:42]   --->   Operation 311 'partselect' 'trunc_ln42_79' <Predicate = true> <Delay = 0.00>
ST_1 : Operation 312 [1/1] (1.94ns)   --->   "%mul_ln42_102 = mul i26 %sext_ln70_810, i26 67108097" [firmware/nnet_utils/nnet_dense_latency.h:42]   --->   Operation 312 'mul' 'mul_ln42_102' <Predicate = true> <Delay = 1.94> <CoreInst = "Multiplier">   --->   Core 3 'Multiplier' <Latency = 0> <II = 1> <Delay = 1.94> <FuncUnit> <Opcode : 'mul'> <InPorts = 2> <OutPorts = 1>
ST_1 : Operation 313 [1/1] (0.00ns)   --->   "%trunc_ln42_80 = partselect i16 @_ssdm_op_PartSelect.i16.i26.i32.i32, i26 %mul_ln42_102, i32 10, i32 25" [firmware/nnet_utils/nnet_dense_latency.h:42]   --->   Operation 313 'partselect' 'trunc_ln42_80' <Predicate = true> <Delay = 0.00>
ST_1 : Operation 314 [1/1] (0.00ns)   --->   "%sext_ln70_811 = sext i16 %data_19_val_read" [firmware/nnet_utils/nnet_mult.h:70->firmware/nnet_utils/nnet_dense_latency.h:42]   --->   Operation 314 'sext' 'sext_ln70_811' <Predicate = true> <Delay = 0.00>
ST_1 : Operation 315 [1/1] (0.00ns)   --->   "%sext_ln70_812 = sext i16 %data_19_val_read" [firmware/nnet_utils/nnet_mult.h:70->firmware/nnet_utils/nnet_dense_latency.h:42]   --->   Operation 315 'sext' 'sext_ln70_812' <Predicate = true> <Delay = 0.00>
ST_1 : Operation 316 [1/1] (0.00ns)   --->   "%shl_ln73_597 = bitconcatenate i19 @_ssdm_op_BitConcatenate.i19.i16.i3, i16 %data_19_val_read, i3 0" [firmware/nnet_utils/nnet_mult.h:73->firmware/nnet_utils/nnet_dense_latency.h:42]   --->   Operation 316 'bitconcatenate' 'shl_ln73_597' <Predicate = true> <Delay = 0.00>
ST_1 : Operation 317 [1/1] (0.00ns)   --->   "%sext_ln73_1006 = sext i19 %shl_ln73_597" [firmware/nnet_utils/nnet_mult.h:73->firmware/nnet_utils/nnet_dense_latency.h:42]   --->   Operation 317 'sext' 'sext_ln73_1006' <Predicate = true> <Delay = 0.00>
ST_1 : Operation 318 [1/1] (0.00ns)   --->   "%shl_ln73_598 = bitconcatenate i17 @_ssdm_op_BitConcatenate.i17.i16.i1, i16 %data_19_val_read, i1 0" [firmware/nnet_utils/nnet_mult.h:73->firmware/nnet_utils/nnet_dense_latency.h:42]   --->   Operation 318 'bitconcatenate' 'shl_ln73_598' <Predicate = true> <Delay = 0.00>
ST_1 : Operation 319 [1/1] (0.00ns)   --->   "%sext_ln73_1007 = sext i17 %shl_ln73_598" [firmware/nnet_utils/nnet_mult.h:73->firmware/nnet_utils/nnet_dense_latency.h:42]   --->   Operation 319 'sext' 'sext_ln73_1007' <Predicate = true> <Delay = 0.00>
ST_1 : Operation 320 [1/1] (0.00ns)   --->   "%sext_ln73_1008 = sext i17 %shl_ln73_598" [firmware/nnet_utils/nnet_mult.h:73->firmware/nnet_utils/nnet_dense_latency.h:42]   --->   Operation 320 'sext' 'sext_ln73_1008' <Predicate = true> <Delay = 0.00>
ST_1 : Operation 321 [1/1] (0.80ns)   --->   "%add_ln73_193 = add i20 %sext_ln73_1006, i20 %sext_ln73_1008" [firmware/nnet_utils/nnet_mult.h:73->firmware/nnet_utils/nnet_dense_latency.h:42]   --->   Operation 321 'add' 'add_ln73_193' <Predicate = true> <Delay = 0.80> <CoreInst = "Adder">   --->   Core 1 'Adder' <Latency = 0> <II = 1> <Delay = 0.80> <FuncUnit> <Opcode : 'add' 'sub'> <InPorts = 2> <OutPorts = 1>
ST_1 : Operation 322 [1/1] (0.00ns)   --->   "%trunc_ln42_81 = partselect i10 @_ssdm_op_PartSelect.i10.i20.i32.i32, i20 %add_ln73_193, i32 10, i32 19" [firmware/nnet_utils/nnet_dense_latency.h:42]   --->   Operation 322 'partselect' 'trunc_ln42_81' <Predicate = true> <Delay = 0.00>
ST_1 : Operation 323 [1/1] (0.00ns)   --->   "%sext_ln73_1009 = sext i10 %trunc_ln42_81" [firmware/nnet_utils/nnet_mult.h:73->firmware/nnet_utils/nnet_dense_latency.h:42]   --->   Operation 323 'sext' 'sext_ln73_1009' <Predicate = true> <Delay = 0.00>
ST_1 : Operation 324 [1/1] (1.94ns)   --->   "%mul_ln73_2248 = mul i26 %sext_ln70_812, i26 398" [firmware/nnet_utils/nnet_mult.h:73->firmware/nnet_utils/nnet_dense_latency.h:42]   --->   Operation 324 'mul' 'mul_ln73_2248' <Predicate = true> <Delay = 1.94> <CoreInst = "Multiplier">   --->   Core 3 'Multiplier' <Latency = 0> <II = 1> <Delay = 1.94> <FuncUnit> <Opcode : 'mul'> <InPorts = 2> <OutPorts = 1>
ST_1 : Operation 325 [1/1] (0.00ns)   --->   "%trunc_ln42_82 = partselect i16 @_ssdm_op_PartSelect.i16.i26.i32.i32, i26 %mul_ln73_2248, i32 10, i32 25" [firmware/nnet_utils/nnet_dense_latency.h:42]   --->   Operation 325 'partselect' 'trunc_ln42_82' <Predicate = true> <Delay = 0.00>
ST_1 : Operation 326 [1/1] (1.94ns)   --->   "%mul_ln73_2249 = mul i26 %sext_ln70_812, i26 425" [firmware/nnet_utils/nnet_mult.h:73->firmware/nnet_utils/nnet_dense_latency.h:42]   --->   Operation 326 'mul' 'mul_ln73_2249' <Predicate = true> <Delay = 1.94> <CoreInst = "Multiplier">   --->   Core 3 'Multiplier' <Latency = 0> <II = 1> <Delay = 1.94> <FuncUnit> <Opcode : 'mul'> <InPorts = 2> <OutPorts = 1>
ST_1 : Operation 327 [1/1] (0.00ns)   --->   "%trunc_ln42_83 = partselect i16 @_ssdm_op_PartSelect.i16.i26.i32.i32, i26 %mul_ln73_2249, i32 10, i32 25" [firmware/nnet_utils/nnet_dense_latency.h:42]   --->   Operation 327 'partselect' 'trunc_ln42_83' <Predicate = true> <Delay = 0.00>
ST_1 : Operation 328 [1/1] (0.00ns)   --->   "%shl_ln73_599 = bitconcatenate i23 @_ssdm_op_BitConcatenate.i23.i16.i7, i16 %data_19_val_read, i7 0" [firmware/nnet_utils/nnet_mult.h:73->firmware/nnet_utils/nnet_dense_latency.h:42]   --->   Operation 328 'bitconcatenate' 'shl_ln73_599' <Predicate = true> <Delay = 0.00>
ST_1 : Operation 329 [1/1] (0.00ns)   --->   "%sext_ln73_1010 = sext i23 %shl_ln73_599" [firmware/nnet_utils/nnet_mult.h:73->firmware/nnet_utils/nnet_dense_latency.h:42]   --->   Operation 329 'sext' 'sext_ln73_1010' <Predicate = true> <Delay = 0.00>
ST_1 : Operation 330 [1/1] (0.82ns)   --->   "%sub_ln73_812 = sub i24 %sext_ln73_1007, i24 %sext_ln73_1010" [firmware/nnet_utils/nnet_mult.h:73->firmware/nnet_utils/nnet_dense_latency.h:42]   --->   Operation 330 'sub' 'sub_ln73_812' <Predicate = true> <Delay = 0.82> <CoreInst = "Adder">   --->   Core 1 'Adder' <Latency = 0> <II = 1> <Delay = 0.82> <FuncUnit> <Opcode : 'add' 'sub'> <InPorts = 2> <OutPorts = 1>
ST_1 : Operation 331 [1/1] (0.00ns)   --->   "%trunc_ln42_84 = partselect i14 @_ssdm_op_PartSelect.i14.i24.i32.i32, i24 %sub_ln73_812, i32 10, i32 23" [firmware/nnet_utils/nnet_dense_latency.h:42]   --->   Operation 331 'partselect' 'trunc_ln42_84' <Predicate = true> <Delay = 0.00>
ST_1 : Operation 332 [1/1] (0.00ns)   --->   "%sext_ln42_1635 = sext i14 %trunc_ln42_84" [firmware/nnet_utils/nnet_dense_latency.h:42]   --->   Operation 332 'sext' 'sext_ln42_1635' <Predicate = true> <Delay = 0.00>
ST_1 : Operation 333 [1/1] (1.94ns)   --->   "%mul_ln73_2250 = mul i25 %sext_ln70_811, i25 33554224" [firmware/nnet_utils/nnet_mult.h:73->firmware/nnet_utils/nnet_dense_latency.h:42]   --->   Operation 333 'mul' 'mul_ln73_2250' <Predicate = true> <Delay = 1.94> <CoreInst = "Multiplier">   --->   Core 3 'Multiplier' <Latency = 0> <II = 1> <Delay = 1.94> <FuncUnit> <Opcode : 'mul'> <InPorts = 2> <OutPorts = 1>
ST_1 : Operation 334 [1/1] (0.00ns)   --->   "%trunc_ln42_85 = partselect i15 @_ssdm_op_PartSelect.i15.i25.i32.i32, i25 %mul_ln73_2250, i32 10, i32 24" [firmware/nnet_utils/nnet_dense_latency.h:42]   --->   Operation 334 'partselect' 'trunc_ln42_85' <Predicate = true> <Delay = 0.00>
ST_1 : Operation 335 [1/1] (0.00ns)   --->   "%sext_ln42_1636 = sext i15 %trunc_ln42_85" [firmware/nnet_utils/nnet_dense_latency.h:42]   --->   Operation 335 'sext' 'sext_ln42_1636' <Predicate = true> <Delay = 0.00>
ST_1 : Operation 336 [1/1] (0.00ns)   --->   "%sext_ln42_1637 = sext i16 %data_20_val_read" [firmware/nnet_utils/nnet_dense_latency.h:42]   --->   Operation 336 'sext' 'sext_ln42_1637' <Predicate = true> <Delay = 0.00>
ST_1 : Operation 337 [1/1] (0.00ns)   --->   "%sext_ln70_813 = sext i16 %data_20_val_read" [firmware/nnet_utils/nnet_mult.h:70->firmware/nnet_utils/nnet_dense_latency.h:42]   --->   Operation 337 'sext' 'sext_ln70_813' <Predicate = true> <Delay = 0.00>
ST_1 : Operation 338 [1/1] (0.00ns)   --->   "%sext_ln70_814 = sext i16 %data_20_val_read" [firmware/nnet_utils/nnet_mult.h:70->firmware/nnet_utils/nnet_dense_latency.h:42]   --->   Operation 338 'sext' 'sext_ln70_814' <Predicate = true> <Delay = 0.00>
ST_1 : Operation 339 [1/1] (0.00ns)   --->   "%sext_ln70_815 = sext i16 %data_20_val_read" [firmware/nnet_utils/nnet_mult.h:70->firmware/nnet_utils/nnet_dense_latency.h:42]   --->   Operation 339 'sext' 'sext_ln70_815' <Predicate = true> <Delay = 0.00>
ST_1 : Operation 340 [1/1] (0.00ns)   --->   "%shl_ln73_600 = bitconcatenate i18 @_ssdm_op_BitConcatenate.i18.i16.i2, i16 %data_20_val_read, i2 0" [firmware/nnet_utils/nnet_mult.h:73->firmware/nnet_utils/nnet_dense_latency.h:42]   --->   Operation 340 'bitconcatenate' 'shl_ln73_600' <Predicate = true> <Delay = 0.00>
ST_1 : Operation 341 [1/1] (0.00ns)   --->   "%sext_ln73_1011 = sext i18 %shl_ln73_600" [firmware/nnet_utils/nnet_mult.h:73->firmware/nnet_utils/nnet_dense_latency.h:42]   --->   Operation 341 'sext' 'sext_ln73_1011' <Predicate = true> <Delay = 0.00>
ST_1 : Operation 342 [1/1] (0.00ns) (grouped into TernaryAdder)   --->   "%sub_ln73_813 = sub i19 0, i19 %sext_ln73_1011" [firmware/nnet_utils/nnet_mult.h:73->firmware/nnet_utils/nnet_dense_latency.h:42]   --->   Operation 342 'sub' 'sub_ln73_813' <Predicate = true> <Delay = 0.00> <CoreInst = "TAddSub">   --->   Core 10 'TAddSub' <Latency = 0> <II = 1> <Delay = 0.33> <IPBlock> <Opcode : '' 'add' 'sub'> <InPorts = 3> <OutPorts = 1> <Sync> <CReg>
ST_1 : Operation 343 [1/1] (0.68ns) (root node of TernaryAdder)   --->   "%sub_ln73_814 = sub i19 %sub_ln73_813, i19 %sext_ln70_815" [firmware/nnet_utils/nnet_mult.h:73->firmware/nnet_utils/nnet_dense_latency.h:42]   --->   Operation 343 'sub' 'sub_ln73_814' <Predicate = true> <Delay = 0.68> <CoreInst = "TAddSub">   --->   Core 10 'TAddSub' <Latency = 0> <II = 1> <Delay = 0.33> <IPBlock> <Opcode : '' 'add' 'sub'> <InPorts = 3> <OutPorts = 1> <Sync> <CReg>
ST_1 : Operation 344 [1/1] (0.00ns)   --->   "%trunc_ln42_86 = partselect i9 @_ssdm_op_PartSelect.i9.i19.i32.i32, i19 %sub_ln73_814, i32 10, i32 18" [firmware/nnet_utils/nnet_dense_latency.h:42]   --->   Operation 344 'partselect' 'trunc_ln42_86' <Predicate = true> <Delay = 0.00>
ST_1 : Operation 345 [1/1] (0.00ns)   --->   "%sext_ln73_1012 = sext i9 %trunc_ln42_86" [firmware/nnet_utils/nnet_mult.h:73->firmware/nnet_utils/nnet_dense_latency.h:42]   --->   Operation 345 'sext' 'sext_ln73_1012' <Predicate = true> <Delay = 0.00>
ST_1 : Operation 346 [1/1] (1.94ns)   --->   "%mul_ln73_2251 = mul i24 %sext_ln70_814, i24 86" [firmware/nnet_utils/nnet_mult.h:73->firmware/nnet_utils/nnet_dense_latency.h:42]   --->   Operation 346 'mul' 'mul_ln73_2251' <Predicate = true> <Delay = 1.94> <CoreInst = "Multiplier">   --->   Core 3 'Multiplier' <Latency = 0> <II = 1> <Delay = 1.94> <FuncUnit> <Opcode : 'mul'> <InPorts = 2> <OutPorts = 1>
ST_1 : Operation 347 [1/1] (0.00ns)   --->   "%trunc_ln42_87 = partselect i14 @_ssdm_op_PartSelect.i14.i24.i32.i32, i24 %mul_ln73_2251, i32 10, i32 23" [firmware/nnet_utils/nnet_dense_latency.h:42]   --->   Operation 347 'partselect' 'trunc_ln42_87' <Predicate = true> <Delay = 0.00>
ST_1 : Operation 348 [1/1] (0.00ns)   --->   "%sext_ln42_1638 = sext i14 %trunc_ln42_87" [firmware/nnet_utils/nnet_dense_latency.h:42]   --->   Operation 348 'sext' 'sext_ln42_1638' <Predicate = true> <Delay = 0.00>
ST_1 : Operation 349 [1/1] (0.00ns)   --->   "%shl_ln73_601 = bitconcatenate i22 @_ssdm_op_BitConcatenate.i22.i16.i6, i16 %data_20_val_read, i6 0" [firmware/nnet_utils/nnet_mult.h:73->firmware/nnet_utils/nnet_dense_latency.h:42]   --->   Operation 349 'bitconcatenate' 'shl_ln73_601' <Predicate = true> <Delay = 0.00>
ST_1 : Operation 350 [1/1] (0.00ns)   --->   "%sext_ln73_1013 = sext i22 %shl_ln73_601" [firmware/nnet_utils/nnet_mult.h:73->firmware/nnet_utils/nnet_dense_latency.h:42]   --->   Operation 350 'sext' 'sext_ln73_1013' <Predicate = true> <Delay = 0.00>
ST_1 : Operation 351 [1/1] (0.00ns)   --->   "%shl_ln73_602 = bitconcatenate i20 @_ssdm_op_BitConcatenate.i20.i16.i4, i16 %data_20_val_read, i4 0" [firmware/nnet_utils/nnet_mult.h:73->firmware/nnet_utils/nnet_dense_latency.h:42]   --->   Operation 351 'bitconcatenate' 'shl_ln73_602' <Predicate = true> <Delay = 0.00>
ST_1 : Operation 352 [1/1] (0.00ns)   --->   "%sext_ln73_1014 = sext i20 %shl_ln73_602" [firmware/nnet_utils/nnet_mult.h:73->firmware/nnet_utils/nnet_dense_latency.h:42]   --->   Operation 352 'sext' 'sext_ln73_1014' <Predicate = true> <Delay = 0.00>
ST_1 : Operation 353 [1/1] (0.82ns)   --->   "%add_ln73_194 = add i23 %sext_ln73_1013, i23 %sext_ln73_1014" [firmware/nnet_utils/nnet_mult.h:73->firmware/nnet_utils/nnet_dense_latency.h:42]   --->   Operation 353 'add' 'add_ln73_194' <Predicate = true> <Delay = 0.82> <CoreInst = "Adder">   --->   Core 1 'Adder' <Latency = 0> <II = 1> <Delay = 0.82> <FuncUnit> <Opcode : 'add' 'sub'> <InPorts = 2> <OutPorts = 1>
ST_1 : Operation 354 [1/1] (0.00ns)   --->   "%trunc_ln42_88 = partselect i13 @_ssdm_op_PartSelect.i13.i23.i32.i32, i23 %add_ln73_194, i32 10, i32 22" [firmware/nnet_utils/nnet_dense_latency.h:42]   --->   Operation 354 'partselect' 'trunc_ln42_88' <Predicate = true> <Delay = 0.00>
ST_1 : Operation 355 [1/1] (0.00ns)   --->   "%sext_ln42_1639 = sext i13 %trunc_ln42_88" [firmware/nnet_utils/nnet_dense_latency.h:42]   --->   Operation 355 'sext' 'sext_ln42_1639' <Predicate = true> <Delay = 0.00>
ST_1 : Operation 356 [1/1] (1.94ns)   --->   "%mul_ln73_2252 = mul i25 %sext_ln70_813, i25 33554245" [firmware/nnet_utils/nnet_mult.h:73->firmware/nnet_utils/nnet_dense_latency.h:42]   --->   Operation 356 'mul' 'mul_ln73_2252' <Predicate = true> <Delay = 1.94> <CoreInst = "Multiplier">   --->   Core 3 'Multiplier' <Latency = 0> <II = 1> <Delay = 1.94> <FuncUnit> <Opcode : 'mul'> <InPorts = 2> <OutPorts = 1>
ST_1 : Operation 357 [1/1] (0.00ns)   --->   "%trunc_ln42_89 = partselect i15 @_ssdm_op_PartSelect.i15.i25.i32.i32, i25 %mul_ln73_2252, i32 10, i32 24" [firmware/nnet_utils/nnet_dense_latency.h:42]   --->   Operation 357 'partselect' 'trunc_ln42_89' <Predicate = true> <Delay = 0.00>
ST_1 : Operation 358 [1/1] (0.00ns)   --->   "%sext_ln42_1640 = sext i15 %trunc_ln42_89" [firmware/nnet_utils/nnet_dense_latency.h:42]   --->   Operation 358 'sext' 'sext_ln42_1640' <Predicate = true> <Delay = 0.00>
ST_1 : Operation 359 [1/1] (1.94ns)   --->   "%mul_ln42_103 = mul i26 %sext_ln42_1637, i26 67107849" [firmware/nnet_utils/nnet_dense_latency.h:42]   --->   Operation 359 'mul' 'mul_ln42_103' <Predicate = true> <Delay = 1.94> <CoreInst = "Multiplier">   --->   Core 3 'Multiplier' <Latency = 0> <II = 1> <Delay = 1.94> <FuncUnit> <Opcode : 'mul'> <InPorts = 2> <OutPorts = 1>
ST_1 : Operation 360 [1/1] (0.00ns)   --->   "%trunc_ln42_90 = partselect i16 @_ssdm_op_PartSelect.i16.i26.i32.i32, i26 %mul_ln42_103, i32 10, i32 25" [firmware/nnet_utils/nnet_dense_latency.h:42]   --->   Operation 360 'partselect' 'trunc_ln42_90' <Predicate = true> <Delay = 0.00>
ST_1 : Operation 361 [1/1] (0.00ns)   --->   "%sext_ln70_816 = sext i16 %data_21_val_read" [firmware/nnet_utils/nnet_mult.h:70->firmware/nnet_utils/nnet_dense_latency.h:42]   --->   Operation 361 'sext' 'sext_ln70_816' <Predicate = true> <Delay = 0.00>
ST_1 : Operation 362 [1/1] (0.00ns)   --->   "%sext_ln42_1641 = sext i16 %data_21_val_read" [firmware/nnet_utils/nnet_dense_latency.h:42]   --->   Operation 362 'sext' 'sext_ln42_1641' <Predicate = true> <Delay = 0.00>
ST_1 : Operation 363 [1/1] (0.00ns)   --->   "%sext_ln70_817 = sext i16 %data_21_val_read" [firmware/nnet_utils/nnet_mult.h:70->firmware/nnet_utils/nnet_dense_latency.h:42]   --->   Operation 363 'sext' 'sext_ln70_817' <Predicate = true> <Delay = 0.00>
ST_1 : Operation 364 [1/1] (1.94ns)   --->   "%mul_ln73_2253 = mul i21 %sext_ln70_817, i21 11" [firmware/nnet_utils/nnet_mult.h:73->firmware/nnet_utils/nnet_dense_latency.h:42]   --->   Operation 364 'mul' 'mul_ln73_2253' <Predicate = true> <Delay = 1.94> <CoreInst = "Multiplier">   --->   Core 3 'Multiplier' <Latency = 0> <II = 1> <Delay = 1.94> <FuncUnit> <Opcode : 'mul'> <InPorts = 2> <OutPorts = 1>
ST_1 : Operation 365 [1/1] (0.00ns)   --->   "%trunc_ln42_91 = partselect i11 @_ssdm_op_PartSelect.i11.i21.i32.i32, i21 %mul_ln73_2253, i32 10, i32 20" [firmware/nnet_utils/nnet_dense_latency.h:42]   --->   Operation 365 'partselect' 'trunc_ln42_91' <Predicate = true> <Delay = 0.00>
ST_1 : Operation 366 [1/1] (0.00ns)   --->   "%sext_ln73_1015 = sext i11 %trunc_ln42_91" [firmware/nnet_utils/nnet_mult.h:73->firmware/nnet_utils/nnet_dense_latency.h:42]   --->   Operation 366 'sext' 'sext_ln73_1015' <Predicate = true> <Delay = 0.00>
ST_1 : Operation 367 [1/1] (1.94ns)   --->   "%mul_ln73_2254 = mul i26 %sext_ln42_1641, i26 501" [firmware/nnet_utils/nnet_mult.h:73->firmware/nnet_utils/nnet_dense_latency.h:42]   --->   Operation 367 'mul' 'mul_ln73_2254' <Predicate = true> <Delay = 1.94> <CoreInst = "Multiplier">   --->   Core 3 'Multiplier' <Latency = 0> <II = 1> <Delay = 1.94> <FuncUnit> <Opcode : 'mul'> <InPorts = 2> <OutPorts = 1>
ST_1 : Operation 368 [1/1] (0.00ns)   --->   "%trunc_ln42_92 = partselect i16 @_ssdm_op_PartSelect.i16.i26.i32.i32, i26 %mul_ln73_2254, i32 10, i32 25" [firmware/nnet_utils/nnet_dense_latency.h:42]   --->   Operation 368 'partselect' 'trunc_ln42_92' <Predicate = true> <Delay = 0.00>
ST_1 : Operation 369 [1/1] (1.94ns)   --->   "%mul_ln42_104 = mul i26 %sext_ln42_1641, i26 67108329" [firmware/nnet_utils/nnet_dense_latency.h:42]   --->   Operation 369 'mul' 'mul_ln42_104' <Predicate = true> <Delay = 1.94> <CoreInst = "Multiplier">   --->   Core 3 'Multiplier' <Latency = 0> <II = 1> <Delay = 1.94> <FuncUnit> <Opcode : 'mul'> <InPorts = 2> <OutPorts = 1>
ST_1 : Operation 370 [1/1] (0.00ns)   --->   "%trunc_ln42_93 = partselect i16 @_ssdm_op_PartSelect.i16.i26.i32.i32, i26 %mul_ln42_104, i32 10, i32 25" [firmware/nnet_utils/nnet_dense_latency.h:42]   --->   Operation 370 'partselect' 'trunc_ln42_93' <Predicate = true> <Delay = 0.00>
ST_1 : Operation 371 [1/1] (0.00ns)   --->   "%shl_ln73_603 = bitconcatenate i25 @_ssdm_op_BitConcatenate.i25.i16.i9, i16 %data_21_val_read, i9 0" [firmware/nnet_utils/nnet_mult.h:73->firmware/nnet_utils/nnet_dense_latency.h:42]   --->   Operation 371 'bitconcatenate' 'shl_ln73_603' <Predicate = true> <Delay = 0.00>
ST_1 : Operation 372 [1/1] (0.00ns)   --->   "%sext_ln73_1016 = sext i25 %shl_ln73_603" [firmware/nnet_utils/nnet_mult.h:73->firmware/nnet_utils/nnet_dense_latency.h:42]   --->   Operation 372 'sext' 'sext_ln73_1016' <Predicate = true> <Delay = 0.00>
ST_1 : Operation 373 [1/1] (0.00ns) (grouped into TernaryAdder)   --->   "%sub_ln73_815 = sub i26 0, i26 %sext_ln73_1016" [firmware/nnet_utils/nnet_mult.h:73->firmware/nnet_utils/nnet_dense_latency.h:42]   --->   Operation 373 'sub' 'sub_ln73_815' <Predicate = true> <Delay = 0.00> <CoreInst = "TAddSub">   --->   Core 10 'TAddSub' <Latency = 0> <II = 1> <Delay = 0.33> <IPBlock> <Opcode : '' 'add' 'sub'> <InPorts = 3> <OutPorts = 1> <Sync> <CReg>
ST_1 : Operation 374 [1/1] (0.00ns)   --->   "%shl_ln73_604 = bitconcatenate i23 @_ssdm_op_BitConcatenate.i23.i16.i7, i16 %data_21_val_read, i7 0" [firmware/nnet_utils/nnet_mult.h:73->firmware/nnet_utils/nnet_dense_latency.h:42]   --->   Operation 374 'bitconcatenate' 'shl_ln73_604' <Predicate = true> <Delay = 0.00>
ST_1 : Operation 375 [1/1] (0.00ns)   --->   "%sext_ln73_1017 = sext i23 %shl_ln73_604" [firmware/nnet_utils/nnet_mult.h:73->firmware/nnet_utils/nnet_dense_latency.h:42]   --->   Operation 375 'sext' 'sext_ln73_1017' <Predicate = true> <Delay = 0.00>
ST_1 : Operation 376 [1/1] (0.71ns) (root node of TernaryAdder)   --->   "%sub_ln73_816 = sub i26 %sub_ln73_815, i26 %sext_ln73_1017" [firmware/nnet_utils/nnet_mult.h:73->firmware/nnet_utils/nnet_dense_latency.h:42]   --->   Operation 376 'sub' 'sub_ln73_816' <Predicate = true> <Delay = 0.71> <CoreInst = "TAddSub">   --->   Core 10 'TAddSub' <Latency = 0> <II = 1> <Delay = 0.33> <IPBlock> <Opcode : '' 'add' 'sub'> <InPorts = 3> <OutPorts = 1> <Sync> <CReg>
ST_1 : Operation 377 [1/1] (0.00ns)   --->   "%trunc_ln42_94 = partselect i16 @_ssdm_op_PartSelect.i16.i26.i32.i32, i26 %sub_ln73_816, i32 10, i32 25" [firmware/nnet_utils/nnet_dense_latency.h:42]   --->   Operation 377 'partselect' 'trunc_ln42_94' <Predicate = true> <Delay = 0.00>
ST_1 : Operation 378 [1/1] (1.94ns)   --->   "%mul_ln73_2255 = mul i24 %sext_ln70_816, i24 122" [firmware/nnet_utils/nnet_mult.h:73->firmware/nnet_utils/nnet_dense_latency.h:42]   --->   Operation 378 'mul' 'mul_ln73_2255' <Predicate = true> <Delay = 1.94> <CoreInst = "Multiplier">   --->   Core 3 'Multiplier' <Latency = 0> <II = 1> <Delay = 1.94> <FuncUnit> <Opcode : 'mul'> <InPorts = 2> <OutPorts = 1>
ST_1 : Operation 379 [1/1] (0.00ns)   --->   "%trunc_ln42_95 = partselect i14 @_ssdm_op_PartSelect.i14.i24.i32.i32, i24 %mul_ln73_2255, i32 10, i32 23" [firmware/nnet_utils/nnet_dense_latency.h:42]   --->   Operation 379 'partselect' 'trunc_ln42_95' <Predicate = true> <Delay = 0.00>
ST_1 : Operation 380 [1/1] (0.00ns)   --->   "%sext_ln42_1642 = sext i14 %trunc_ln42_95" [firmware/nnet_utils/nnet_dense_latency.h:42]   --->   Operation 380 'sext' 'sext_ln42_1642' <Predicate = true> <Delay = 0.00>
ST_1 : Operation 381 [1/1] (0.00ns)   --->   "%sext_ln70_818 = sext i16 %data_22_val_read" [firmware/nnet_utils/nnet_mult.h:70->firmware/nnet_utils/nnet_dense_latency.h:42]   --->   Operation 381 'sext' 'sext_ln70_818' <Predicate = true> <Delay = 0.00>
ST_1 : Operation 382 [1/1] (0.00ns)   --->   "%sext_ln70_819 = sext i16 %data_22_val_read" [firmware/nnet_utils/nnet_mult.h:70->firmware/nnet_utils/nnet_dense_latency.h:42]   --->   Operation 382 'sext' 'sext_ln70_819' <Predicate = true> <Delay = 0.00>
ST_1 : Operation 383 [1/1] (0.00ns)   --->   "%sext_ln70_820 = sext i16 %data_22_val_read" [firmware/nnet_utils/nnet_mult.h:70->firmware/nnet_utils/nnet_dense_latency.h:42]   --->   Operation 383 'sext' 'sext_ln70_820' <Predicate = true> <Delay = 0.00>
ST_1 : Operation 384 [1/1] (1.94ns)   --->   "%mul_ln73_2256 = mul i23 %sext_ln70_820, i23 42" [firmware/nnet_utils/nnet_mult.h:73->firmware/nnet_utils/nnet_dense_latency.h:42]   --->   Operation 384 'mul' 'mul_ln73_2256' <Predicate = true> <Delay = 1.94> <CoreInst = "Multiplier">   --->   Core 3 'Multiplier' <Latency = 0> <II = 1> <Delay = 1.94> <FuncUnit> <Opcode : 'mul'> <InPorts = 2> <OutPorts = 1>
ST_1 : Operation 385 [1/1] (0.00ns)   --->   "%trunc_ln42_96 = partselect i13 @_ssdm_op_PartSelect.i13.i23.i32.i32, i23 %mul_ln73_2256, i32 10, i32 22" [firmware/nnet_utils/nnet_dense_latency.h:42]   --->   Operation 385 'partselect' 'trunc_ln42_96' <Predicate = true> <Delay = 0.00>
ST_1 : Operation 386 [1/1] (0.00ns)   --->   "%sext_ln73_1018 = sext i13 %trunc_ln42_96" [firmware/nnet_utils/nnet_mult.h:73->firmware/nnet_utils/nnet_dense_latency.h:42]   --->   Operation 386 'sext' 'sext_ln73_1018' <Predicate = true> <Delay = 0.00>
ST_1 : Operation 387 [1/1] (1.94ns)   --->   "%mul_ln73_2257 = mul i24 %sext_ln70_819, i24 94" [firmware/nnet_utils/nnet_mult.h:73->firmware/nnet_utils/nnet_dense_latency.h:42]   --->   Operation 387 'mul' 'mul_ln73_2257' <Predicate = true> <Delay = 1.94> <CoreInst = "Multiplier">   --->   Core 3 'Multiplier' <Latency = 0> <II = 1> <Delay = 1.94> <FuncUnit> <Opcode : 'mul'> <InPorts = 2> <OutPorts = 1>
ST_1 : Operation 388 [1/1] (0.00ns)   --->   "%trunc_ln42_97 = partselect i14 @_ssdm_op_PartSelect.i14.i24.i32.i32, i24 %mul_ln73_2257, i32 10, i32 23" [firmware/nnet_utils/nnet_dense_latency.h:42]   --->   Operation 388 'partselect' 'trunc_ln42_97' <Predicate = true> <Delay = 0.00>
ST_1 : Operation 389 [1/1] (0.00ns)   --->   "%sext_ln42_1643 = sext i14 %trunc_ln42_97" [firmware/nnet_utils/nnet_dense_latency.h:42]   --->   Operation 389 'sext' 'sext_ln42_1643' <Predicate = true> <Delay = 0.00>
ST_1 : Operation 390 [1/1] (1.94ns)   --->   "%mul_ln73_2258 = mul i26 %sext_ln70_818, i26 67108514" [firmware/nnet_utils/nnet_mult.h:73->firmware/nnet_utils/nnet_dense_latency.h:42]   --->   Operation 390 'mul' 'mul_ln73_2258' <Predicate = true> <Delay = 1.94> <CoreInst = "Multiplier">   --->   Core 3 'Multiplier' <Latency = 0> <II = 1> <Delay = 1.94> <FuncUnit> <Opcode : 'mul'> <InPorts = 2> <OutPorts = 1>
ST_1 : Operation 391 [1/1] (0.00ns)   --->   "%trunc_ln42_98 = partselect i16 @_ssdm_op_PartSelect.i16.i26.i32.i32, i26 %mul_ln73_2258, i32 10, i32 25" [firmware/nnet_utils/nnet_dense_latency.h:42]   --->   Operation 391 'partselect' 'trunc_ln42_98' <Predicate = true> <Delay = 0.00>
ST_1 : Operation 392 [1/1] (1.94ns)   --->   "%mul_ln42_105 = mul i26 %sext_ln70_818, i26 67107962" [firmware/nnet_utils/nnet_dense_latency.h:42]   --->   Operation 392 'mul' 'mul_ln42_105' <Predicate = true> <Delay = 1.94> <CoreInst = "Multiplier">   --->   Core 3 'Multiplier' <Latency = 0> <II = 1> <Delay = 1.94> <FuncUnit> <Opcode : 'mul'> <InPorts = 2> <OutPorts = 1>
ST_1 : Operation 393 [1/1] (0.00ns)   --->   "%trunc_ln42_99 = partselect i16 @_ssdm_op_PartSelect.i16.i26.i32.i32, i26 %mul_ln42_105, i32 10, i32 25" [firmware/nnet_utils/nnet_dense_latency.h:42]   --->   Operation 393 'partselect' 'trunc_ln42_99' <Predicate = true> <Delay = 0.00>
ST_1 : Operation 394 [1/1] (1.94ns)   --->   "%mul_ln42_106 = mul i26 %sext_ln70_818, i26 1021" [firmware/nnet_utils/nnet_dense_latency.h:42]   --->   Operation 394 'mul' 'mul_ln42_106' <Predicate = true> <Delay = 1.94> <CoreInst = "Multiplier">   --->   Core 3 'Multiplier' <Latency = 0> <II = 1> <Delay = 1.94> <FuncUnit> <Opcode : 'mul'> <InPorts = 2> <OutPorts = 1>
ST_1 : Operation 395 [1/1] (0.00ns)   --->   "%trunc_ln42_100 = partselect i16 @_ssdm_op_PartSelect.i16.i26.i32.i32, i26 %mul_ln42_106, i32 10, i32 25" [firmware/nnet_utils/nnet_dense_latency.h:42]   --->   Operation 395 'partselect' 'trunc_ln42_100' <Predicate = true> <Delay = 0.00>
ST_1 : Operation 396 [1/1] (0.00ns)   --->   "%sext_ln70_821 = sext i16 %data_23_val_read" [firmware/nnet_utils/nnet_mult.h:70->firmware/nnet_utils/nnet_dense_latency.h:42]   --->   Operation 396 'sext' 'sext_ln70_821' <Predicate = true> <Delay = 0.00>
ST_1 : Operation 397 [1/1] (0.00ns)   --->   "%sext_ln70_822 = sext i16 %data_23_val_read" [firmware/nnet_utils/nnet_mult.h:70->firmware/nnet_utils/nnet_dense_latency.h:42]   --->   Operation 397 'sext' 'sext_ln70_822' <Predicate = true> <Delay = 0.00>
ST_1 : Operation 398 [1/1] (0.00ns)   --->   "%sext_ln70_823 = sext i16 %data_23_val_read" [firmware/nnet_utils/nnet_mult.h:70->firmware/nnet_utils/nnet_dense_latency.h:42]   --->   Operation 398 'sext' 'sext_ln70_823' <Predicate = true> <Delay = 0.00>
ST_1 : Operation 399 [1/1] (1.94ns)   --->   "%mul_ln73_2259 = mul i24 %sext_ln70_823, i24 111" [firmware/nnet_utils/nnet_mult.h:73->firmware/nnet_utils/nnet_dense_latency.h:42]   --->   Operation 399 'mul' 'mul_ln73_2259' <Predicate = true> <Delay = 1.94> <CoreInst = "Multiplier">   --->   Core 3 'Multiplier' <Latency = 0> <II = 1> <Delay = 1.94> <FuncUnit> <Opcode : 'mul'> <InPorts = 2> <OutPorts = 1>
ST_1 : Operation 400 [1/1] (0.00ns)   --->   "%trunc_ln42_101 = partselect i14 @_ssdm_op_PartSelect.i14.i24.i32.i32, i24 %mul_ln73_2259, i32 10, i32 23" [firmware/nnet_utils/nnet_dense_latency.h:42]   --->   Operation 400 'partselect' 'trunc_ln42_101' <Predicate = true> <Delay = 0.00>
ST_1 : Operation 401 [1/1] (0.00ns)   --->   "%sext_ln42_1644 = sext i14 %trunc_ln42_101" [firmware/nnet_utils/nnet_dense_latency.h:42]   --->   Operation 401 'sext' 'sext_ln42_1644' <Predicate = true> <Delay = 0.00>
ST_1 : Operation 402 [1/1] (1.94ns)   --->   "%mul_ln73_2260 = mul i21 %sext_ln70_822, i21 11" [firmware/nnet_utils/nnet_mult.h:73->firmware/nnet_utils/nnet_dense_latency.h:42]   --->   Operation 402 'mul' 'mul_ln73_2260' <Predicate = true> <Delay = 1.94> <CoreInst = "Multiplier">   --->   Core 3 'Multiplier' <Latency = 0> <II = 1> <Delay = 1.94> <FuncUnit> <Opcode : 'mul'> <InPorts = 2> <OutPorts = 1>
ST_1 : Operation 403 [1/1] (0.00ns)   --->   "%trunc_ln42_102 = partselect i11 @_ssdm_op_PartSelect.i11.i21.i32.i32, i21 %mul_ln73_2260, i32 10, i32 20" [firmware/nnet_utils/nnet_dense_latency.h:42]   --->   Operation 403 'partselect' 'trunc_ln42_102' <Predicate = true> <Delay = 0.00>
ST_1 : Operation 404 [1/1] (0.00ns)   --->   "%sext_ln73_1019 = sext i11 %trunc_ln42_102" [firmware/nnet_utils/nnet_mult.h:73->firmware/nnet_utils/nnet_dense_latency.h:42]   --->   Operation 404 'sext' 'sext_ln73_1019' <Predicate = true> <Delay = 0.00>
ST_1 : Operation 405 [1/1] (0.00ns)   --->   "%shl_ln73_605 = bitconcatenate i22 @_ssdm_op_BitConcatenate.i22.i16.i6, i16 %data_23_val_read, i6 0" [firmware/nnet_utils/nnet_mult.h:73->firmware/nnet_utils/nnet_dense_latency.h:42]   --->   Operation 405 'bitconcatenate' 'shl_ln73_605' <Predicate = true> <Delay = 0.00>
ST_1 : Operation 406 [1/1] (0.00ns)   --->   "%sext_ln73_1020 = sext i22 %shl_ln73_605" [firmware/nnet_utils/nnet_mult.h:73->firmware/nnet_utils/nnet_dense_latency.h:42]   --->   Operation 406 'sext' 'sext_ln73_1020' <Predicate = true> <Delay = 0.00>
ST_1 : Operation 407 [1/1] (0.00ns)   --->   "%shl_ln73_606 = bitconcatenate i20 @_ssdm_op_BitConcatenate.i20.i16.i4, i16 %data_23_val_read, i4 0" [firmware/nnet_utils/nnet_mult.h:73->firmware/nnet_utils/nnet_dense_latency.h:42]   --->   Operation 407 'bitconcatenate' 'shl_ln73_606' <Predicate = true> <Delay = 0.00>
ST_1 : Operation 408 [1/1] (0.00ns)   --->   "%sext_ln73_1021 = sext i20 %shl_ln73_606" [firmware/nnet_utils/nnet_mult.h:73->firmware/nnet_utils/nnet_dense_latency.h:42]   --->   Operation 408 'sext' 'sext_ln73_1021' <Predicate = true> <Delay = 0.00>
ST_1 : Operation 409 [1/1] (0.82ns)   --->   "%sub_ln73_817 = sub i23 %sext_ln73_1020, i23 %sext_ln73_1021" [firmware/nnet_utils/nnet_mult.h:73->firmware/nnet_utils/nnet_dense_latency.h:42]   --->   Operation 409 'sub' 'sub_ln73_817' <Predicate = true> <Delay = 0.82> <CoreInst = "Adder">   --->   Core 1 'Adder' <Latency = 0> <II = 1> <Delay = 0.82> <FuncUnit> <Opcode : 'add' 'sub'> <InPorts = 2> <OutPorts = 1>
ST_1 : Operation 410 [1/1] (0.00ns)   --->   "%trunc_ln42_103 = partselect i13 @_ssdm_op_PartSelect.i13.i23.i32.i32, i23 %sub_ln73_817, i32 10, i32 22" [firmware/nnet_utils/nnet_dense_latency.h:42]   --->   Operation 410 'partselect' 'trunc_ln42_103' <Predicate = true> <Delay = 0.00>
ST_1 : Operation 411 [1/1] (0.00ns)   --->   "%sext_ln42_1645 = sext i13 %trunc_ln42_103" [firmware/nnet_utils/nnet_dense_latency.h:42]   --->   Operation 411 'sext' 'sext_ln42_1645' <Predicate = true> <Delay = 0.00>
ST_1 : Operation 412 [1/1] (1.94ns)   --->   "%mul_ln73_2261 = mul i26 %sext_ln70_821, i26 292" [firmware/nnet_utils/nnet_mult.h:73->firmware/nnet_utils/nnet_dense_latency.h:42]   --->   Operation 412 'mul' 'mul_ln73_2261' <Predicate = true> <Delay = 1.94> <CoreInst = "Multiplier">   --->   Core 3 'Multiplier' <Latency = 0> <II = 1> <Delay = 1.94> <FuncUnit> <Opcode : 'mul'> <InPorts = 2> <OutPorts = 1>
ST_1 : Operation 413 [1/1] (0.00ns)   --->   "%trunc_ln42_104 = partselect i16 @_ssdm_op_PartSelect.i16.i26.i32.i32, i26 %mul_ln73_2261, i32 10, i32 25" [firmware/nnet_utils/nnet_dense_latency.h:42]   --->   Operation 413 'partselect' 'trunc_ln42_104' <Predicate = true> <Delay = 0.00>
ST_1 : Operation 414 [1/1] (1.94ns)   --->   "%mul_ln73_2262 = mul i26 %sext_ln70_821, i26 67108389" [firmware/nnet_utils/nnet_mult.h:73->firmware/nnet_utils/nnet_dense_latency.h:42]   --->   Operation 414 'mul' 'mul_ln73_2262' <Predicate = true> <Delay = 1.94> <CoreInst = "Multiplier">   --->   Core 3 'Multiplier' <Latency = 0> <II = 1> <Delay = 1.94> <FuncUnit> <Opcode : 'mul'> <InPorts = 2> <OutPorts = 1>
ST_1 : Operation 415 [1/1] (0.00ns)   --->   "%trunc_ln42_105 = partselect i16 @_ssdm_op_PartSelect.i16.i26.i32.i32, i26 %mul_ln73_2262, i32 10, i32 25" [firmware/nnet_utils/nnet_dense_latency.h:42]   --->   Operation 415 'partselect' 'trunc_ln42_105' <Predicate = true> <Delay = 0.00>
ST_1 : Operation 416 [1/1] (0.00ns)   --->   "%sext_ln70_824 = sext i16 %data_24_val_read" [firmware/nnet_utils/nnet_mult.h:70->firmware/nnet_utils/nnet_dense_latency.h:42]   --->   Operation 416 'sext' 'sext_ln70_824' <Predicate = true> <Delay = 0.00>
ST_1 : Operation 417 [1/1] (0.00ns)   --->   "%sext_ln70_825 = sext i16 %data_24_val_read" [firmware/nnet_utils/nnet_mult.h:70->firmware/nnet_utils/nnet_dense_latency.h:42]   --->   Operation 417 'sext' 'sext_ln70_825' <Predicate = true> <Delay = 0.00>
ST_1 : Operation 418 [1/1] (1.94ns)   --->   "%mul_ln73_2263 = mul i26 %sext_ln70_825, i26 67108520" [firmware/nnet_utils/nnet_mult.h:73->firmware/nnet_utils/nnet_dense_latency.h:42]   --->   Operation 418 'mul' 'mul_ln73_2263' <Predicate = true> <Delay = 1.94> <CoreInst = "Multiplier">   --->   Core 3 'Multiplier' <Latency = 0> <II = 1> <Delay = 1.94> <FuncUnit> <Opcode : 'mul'> <InPorts = 2> <OutPorts = 1>
ST_1 : Operation 419 [1/1] (0.00ns)   --->   "%trunc_ln42_106 = partselect i16 @_ssdm_op_PartSelect.i16.i26.i32.i32, i26 %mul_ln73_2263, i32 10, i32 25" [firmware/nnet_utils/nnet_dense_latency.h:42]   --->   Operation 419 'partselect' 'trunc_ln42_106' <Predicate = true> <Delay = 0.00>
ST_1 : Operation 420 [1/1] (0.00ns)   --->   "%shl_ln73_607 = bitconcatenate i22 @_ssdm_op_BitConcatenate.i22.i16.i6, i16 %data_24_val_read, i6 0" [firmware/nnet_utils/nnet_mult.h:73->firmware/nnet_utils/nnet_dense_latency.h:42]   --->   Operation 420 'bitconcatenate' 'shl_ln73_607' <Predicate = true> <Delay = 0.00>
ST_1 : Operation 421 [1/1] (0.00ns)   --->   "%sext_ln73_1022 = sext i22 %shl_ln73_607" [firmware/nnet_utils/nnet_mult.h:73->firmware/nnet_utils/nnet_dense_latency.h:42]   --->   Operation 421 'sext' 'sext_ln73_1022' <Predicate = true> <Delay = 0.00>
ST_1 : Operation 422 [1/1] (0.00ns)   --->   "%shl_ln73_608 = bitconcatenate i18 @_ssdm_op_BitConcatenate.i18.i16.i2, i16 %data_24_val_read, i2 0" [firmware/nnet_utils/nnet_mult.h:73->firmware/nnet_utils/nnet_dense_latency.h:42]   --->   Operation 422 'bitconcatenate' 'shl_ln73_608' <Predicate = true> <Delay = 0.00>
ST_1 : Operation 423 [1/1] (0.00ns)   --->   "%sext_ln73_1023 = sext i18 %shl_ln73_608" [firmware/nnet_utils/nnet_mult.h:73->firmware/nnet_utils/nnet_dense_latency.h:42]   --->   Operation 423 'sext' 'sext_ln73_1023' <Predicate = true> <Delay = 0.00>
ST_1 : Operation 424 [1/1] (0.82ns)   --->   "%sub_ln73_818 = sub i23 %sext_ln73_1023, i23 %sext_ln73_1022" [firmware/nnet_utils/nnet_mult.h:73->firmware/nnet_utils/nnet_dense_latency.h:42]   --->   Operation 424 'sub' 'sub_ln73_818' <Predicate = true> <Delay = 0.82> <CoreInst = "Adder">   --->   Core 1 'Adder' <Latency = 0> <II = 1> <Delay = 0.82> <FuncUnit> <Opcode : 'add' 'sub'> <InPorts = 2> <OutPorts = 1>
ST_1 : Operation 425 [1/1] (0.00ns)   --->   "%trunc_ln42_107 = partselect i13 @_ssdm_op_PartSelect.i13.i23.i32.i32, i23 %sub_ln73_818, i32 10, i32 22" [firmware/nnet_utils/nnet_dense_latency.h:42]   --->   Operation 425 'partselect' 'trunc_ln42_107' <Predicate = true> <Delay = 0.00>
ST_1 : Operation 426 [1/1] (0.00ns)   --->   "%sext_ln73_1024 = sext i13 %trunc_ln42_107" [firmware/nnet_utils/nnet_mult.h:73->firmware/nnet_utils/nnet_dense_latency.h:42]   --->   Operation 426 'sext' 'sext_ln73_1024' <Predicate = true> <Delay = 0.00>
ST_1 : Operation 427 [1/1] (1.94ns)   --->   "%mul_ln73_2264 = mul i25 %sext_ln70_824, i25 234" [firmware/nnet_utils/nnet_mult.h:73->firmware/nnet_utils/nnet_dense_latency.h:42]   --->   Operation 427 'mul' 'mul_ln73_2264' <Predicate = true> <Delay = 1.94> <CoreInst = "Multiplier">   --->   Core 3 'Multiplier' <Latency = 0> <II = 1> <Delay = 1.94> <FuncUnit> <Opcode : 'mul'> <InPorts = 2> <OutPorts = 1>
ST_1 : Operation 428 [1/1] (0.00ns)   --->   "%trunc_ln42_108 = partselect i15 @_ssdm_op_PartSelect.i15.i25.i32.i32, i25 %mul_ln73_2264, i32 10, i32 24" [firmware/nnet_utils/nnet_dense_latency.h:42]   --->   Operation 428 'partselect' 'trunc_ln42_108' <Predicate = true> <Delay = 0.00>
ST_1 : Operation 429 [1/1] (0.00ns)   --->   "%sext_ln42_1646 = sext i15 %trunc_ln42_108" [firmware/nnet_utils/nnet_dense_latency.h:42]   --->   Operation 429 'sext' 'sext_ln42_1646' <Predicate = true> <Delay = 0.00>
ST_1 : Operation 430 [1/1] (1.94ns)   --->   "%mul_ln73_2265 = mul i25 %sext_ln70_824, i25 214" [firmware/nnet_utils/nnet_mult.h:73->firmware/nnet_utils/nnet_dense_latency.h:42]   --->   Operation 430 'mul' 'mul_ln73_2265' <Predicate = true> <Delay = 1.94> <CoreInst = "Multiplier">   --->   Core 3 'Multiplier' <Latency = 0> <II = 1> <Delay = 1.94> <FuncUnit> <Opcode : 'mul'> <InPorts = 2> <OutPorts = 1>
ST_1 : Operation 431 [1/1] (0.00ns)   --->   "%trunc_ln42_109 = partselect i15 @_ssdm_op_PartSelect.i15.i25.i32.i32, i25 %mul_ln73_2265, i32 10, i32 24" [firmware/nnet_utils/nnet_dense_latency.h:42]   --->   Operation 431 'partselect' 'trunc_ln42_109' <Predicate = true> <Delay = 0.00>
ST_1 : Operation 432 [1/1] (0.00ns)   --->   "%sext_ln42_1647 = sext i15 %trunc_ln42_109" [firmware/nnet_utils/nnet_dense_latency.h:42]   --->   Operation 432 'sext' 'sext_ln42_1647' <Predicate = true> <Delay = 0.00>
ST_1 : Operation 433 [1/1] (1.94ns)   --->   "%mul_ln73_2266 = mul i25 %sext_ln70_824, i25 198" [firmware/nnet_utils/nnet_mult.h:73->firmware/nnet_utils/nnet_dense_latency.h:42]   --->   Operation 433 'mul' 'mul_ln73_2266' <Predicate = true> <Delay = 1.94> <CoreInst = "Multiplier">   --->   Core 3 'Multiplier' <Latency = 0> <II = 1> <Delay = 1.94> <FuncUnit> <Opcode : 'mul'> <InPorts = 2> <OutPorts = 1>
ST_1 : Operation 434 [1/1] (0.00ns)   --->   "%trunc_ln42_110 = partselect i15 @_ssdm_op_PartSelect.i15.i25.i32.i32, i25 %mul_ln73_2266, i32 10, i32 24" [firmware/nnet_utils/nnet_dense_latency.h:42]   --->   Operation 434 'partselect' 'trunc_ln42_110' <Predicate = true> <Delay = 0.00>
ST_1 : Operation 435 [1/1] (0.00ns)   --->   "%sext_ln42_1648 = sext i15 %trunc_ln42_110" [firmware/nnet_utils/nnet_dense_latency.h:42]   --->   Operation 435 'sext' 'sext_ln42_1648' <Predicate = true> <Delay = 0.00>
ST_1 : Operation 436 [1/1] (0.00ns)   --->   "%sext_ln42_1649 = sext i16 %data_25_val_read" [firmware/nnet_utils/nnet_dense_latency.h:42]   --->   Operation 436 'sext' 'sext_ln42_1649' <Predicate = true> <Delay = 0.00>
ST_1 : Operation 437 [1/1] (0.00ns)   --->   "%sext_ln70_826 = sext i16 %data_25_val_read" [firmware/nnet_utils/nnet_mult.h:70->firmware/nnet_utils/nnet_dense_latency.h:42]   --->   Operation 437 'sext' 'sext_ln70_826' <Predicate = true> <Delay = 0.00>
ST_1 : Operation 438 [1/1] (0.00ns)   --->   "%sext_ln70_827 = sext i16 %data_25_val_read" [firmware/nnet_utils/nnet_mult.h:70->firmware/nnet_utils/nnet_dense_latency.h:42]   --->   Operation 438 'sext' 'sext_ln70_827' <Predicate = true> <Delay = 0.00>
ST_1 : Operation 439 [1/1] (1.94ns)   --->   "%mul_ln73_2267 = mul i26 %sext_ln42_1649, i26 348" [firmware/nnet_utils/nnet_mult.h:73->firmware/nnet_utils/nnet_dense_latency.h:42]   --->   Operation 439 'mul' 'mul_ln73_2267' <Predicate = true> <Delay = 1.94> <CoreInst = "Multiplier">   --->   Core 3 'Multiplier' <Latency = 0> <II = 1> <Delay = 1.94> <FuncUnit> <Opcode : 'mul'> <InPorts = 2> <OutPorts = 1>
ST_1 : Operation 440 [1/1] (0.00ns)   --->   "%trunc_ln42_111 = partselect i16 @_ssdm_op_PartSelect.i16.i26.i32.i32, i26 %mul_ln73_2267, i32 10, i32 25" [firmware/nnet_utils/nnet_dense_latency.h:42]   --->   Operation 440 'partselect' 'trunc_ln42_111' <Predicate = true> <Delay = 0.00>
ST_1 : Operation 441 [1/1] (1.94ns)   --->   "%mul_ln73_2268 = mul i24 %sext_ln70_827, i24 16777103" [firmware/nnet_utils/nnet_mult.h:73->firmware/nnet_utils/nnet_dense_latency.h:42]   --->   Operation 441 'mul' 'mul_ln73_2268' <Predicate = true> <Delay = 1.94> <CoreInst = "Multiplier">   --->   Core 3 'Multiplier' <Latency = 0> <II = 1> <Delay = 1.94> <FuncUnit> <Opcode : 'mul'> <InPorts = 2> <OutPorts = 1>
ST_1 : Operation 442 [1/1] (0.00ns)   --->   "%trunc_ln42_112 = partselect i14 @_ssdm_op_PartSelect.i14.i24.i32.i32, i24 %mul_ln73_2268, i32 10, i32 23" [firmware/nnet_utils/nnet_dense_latency.h:42]   --->   Operation 442 'partselect' 'trunc_ln42_112' <Predicate = true> <Delay = 0.00>
ST_1 : Operation 443 [1/1] (0.00ns)   --->   "%sext_ln42_1650 = sext i14 %trunc_ln42_112" [firmware/nnet_utils/nnet_dense_latency.h:42]   --->   Operation 443 'sext' 'sext_ln42_1650' <Predicate = true> <Delay = 0.00>
ST_1 : Operation 444 [1/1] (1.94ns)   --->   "%mul_ln73_2269 = mul i25 %sext_ln70_826, i25 33554224" [firmware/nnet_utils/nnet_mult.h:73->firmware/nnet_utils/nnet_dense_latency.h:42]   --->   Operation 444 'mul' 'mul_ln73_2269' <Predicate = true> <Delay = 1.94> <CoreInst = "Multiplier">   --->   Core 3 'Multiplier' <Latency = 0> <II = 1> <Delay = 1.94> <FuncUnit> <Opcode : 'mul'> <InPorts = 2> <OutPorts = 1>
ST_1 : Operation 445 [1/1] (0.00ns)   --->   "%trunc_ln42_113 = partselect i15 @_ssdm_op_PartSelect.i15.i25.i32.i32, i25 %mul_ln73_2269, i32 10, i32 24" [firmware/nnet_utils/nnet_dense_latency.h:42]   --->   Operation 445 'partselect' 'trunc_ln42_113' <Predicate = true> <Delay = 0.00>
ST_1 : Operation 446 [1/1] (0.00ns)   --->   "%sext_ln42_1651 = sext i15 %trunc_ln42_113" [firmware/nnet_utils/nnet_dense_latency.h:42]   --->   Operation 446 'sext' 'sext_ln42_1651' <Predicate = true> <Delay = 0.00>
ST_1 : Operation 447 [1/1] (1.94ns)   --->   "%mul_ln42_107 = mul i26 %sext_ln42_1649, i26 67108338" [firmware/nnet_utils/nnet_dense_latency.h:42]   --->   Operation 447 'mul' 'mul_ln42_107' <Predicate = true> <Delay = 1.94> <CoreInst = "Multiplier">   --->   Core 3 'Multiplier' <Latency = 0> <II = 1> <Delay = 1.94> <FuncUnit> <Opcode : 'mul'> <InPorts = 2> <OutPorts = 1>
ST_1 : Operation 448 [1/1] (0.00ns)   --->   "%trunc_ln42_114 = partselect i16 @_ssdm_op_PartSelect.i16.i26.i32.i32, i26 %mul_ln42_107, i32 10, i32 25" [firmware/nnet_utils/nnet_dense_latency.h:42]   --->   Operation 448 'partselect' 'trunc_ln42_114' <Predicate = true> <Delay = 0.00>
ST_1 : Operation 449 [1/1] (1.94ns)   --->   "%mul_ln73_2270 = mul i25 %sext_ln70_826, i25 33554276" [firmware/nnet_utils/nnet_mult.h:73->firmware/nnet_utils/nnet_dense_latency.h:42]   --->   Operation 449 'mul' 'mul_ln73_2270' <Predicate = true> <Delay = 1.94> <CoreInst = "Multiplier">   --->   Core 3 'Multiplier' <Latency = 0> <II = 1> <Delay = 1.94> <FuncUnit> <Opcode : 'mul'> <InPorts = 2> <OutPorts = 1>
ST_1 : Operation 450 [1/1] (0.00ns)   --->   "%trunc_ln42_115 = partselect i15 @_ssdm_op_PartSelect.i15.i25.i32.i32, i25 %mul_ln73_2270, i32 10, i32 24" [firmware/nnet_utils/nnet_dense_latency.h:42]   --->   Operation 450 'partselect' 'trunc_ln42_115' <Predicate = true> <Delay = 0.00>
ST_1 : Operation 451 [1/1] (0.00ns)   --->   "%sext_ln42_1652 = sext i15 %trunc_ln42_115" [firmware/nnet_utils/nnet_dense_latency.h:42]   --->   Operation 451 'sext' 'sext_ln42_1652' <Predicate = true> <Delay = 0.00>
ST_1 : Operation 452 [1/1] (0.00ns)   --->   "%sext_ln70_828 = sext i16 %data_26_val_read" [firmware/nnet_utils/nnet_mult.h:70->firmware/nnet_utils/nnet_dense_latency.h:42]   --->   Operation 452 'sext' 'sext_ln70_828' <Predicate = true> <Delay = 0.00>
ST_1 : Operation 453 [1/1] (1.94ns)   --->   "%mul_ln42_108 = mul i26 %sext_ln70_828, i26 586" [firmware/nnet_utils/nnet_dense_latency.h:42]   --->   Operation 453 'mul' 'mul_ln42_108' <Predicate = true> <Delay = 1.94> <CoreInst = "Multiplier">   --->   Core 3 'Multiplier' <Latency = 0> <II = 1> <Delay = 1.94> <FuncUnit> <Opcode : 'mul'> <InPorts = 2> <OutPorts = 1>
ST_1 : Operation 454 [1/1] (0.00ns)   --->   "%trunc_ln42_116 = partselect i16 @_ssdm_op_PartSelect.i16.i26.i32.i32, i26 %mul_ln42_108, i32 10, i32 25" [firmware/nnet_utils/nnet_dense_latency.h:42]   --->   Operation 454 'partselect' 'trunc_ln42_116' <Predicate = true> <Delay = 0.00>
ST_1 : Operation 455 [1/1] (1.94ns)   --->   "%mul_ln42_109 = mul i26 %sext_ln70_828, i26 67108228" [firmware/nnet_utils/nnet_dense_latency.h:42]   --->   Operation 455 'mul' 'mul_ln42_109' <Predicate = true> <Delay = 1.94> <CoreInst = "Multiplier">   --->   Core 3 'Multiplier' <Latency = 0> <II = 1> <Delay = 1.94> <FuncUnit> <Opcode : 'mul'> <InPorts = 2> <OutPorts = 1>
ST_1 : Operation 456 [1/1] (0.00ns)   --->   "%trunc_ln42_117 = partselect i16 @_ssdm_op_PartSelect.i16.i26.i32.i32, i26 %mul_ln42_109, i32 10, i32 25" [firmware/nnet_utils/nnet_dense_latency.h:42]   --->   Operation 456 'partselect' 'trunc_ln42_117' <Predicate = true> <Delay = 0.00>
ST_1 : Operation 457 [1/1] (1.94ns)   --->   "%mul_ln42_110 = mul i26 %sext_ln70_828, i26 695" [firmware/nnet_utils/nnet_dense_latency.h:42]   --->   Operation 457 'mul' 'mul_ln42_110' <Predicate = true> <Delay = 1.94> <CoreInst = "Multiplier">   --->   Core 3 'Multiplier' <Latency = 0> <II = 1> <Delay = 1.94> <FuncUnit> <Opcode : 'mul'> <InPorts = 2> <OutPorts = 1>
ST_1 : Operation 458 [1/1] (0.00ns)   --->   "%trunc_ln42_118 = partselect i16 @_ssdm_op_PartSelect.i16.i26.i32.i32, i26 %mul_ln42_110, i32 10, i32 25" [firmware/nnet_utils/nnet_dense_latency.h:42]   --->   Operation 458 'partselect' 'trunc_ln42_118' <Predicate = true> <Delay = 0.00>
ST_1 : Operation 459 [1/1] (1.94ns)   --->   "%mul_ln42_111 = mul i26 %sext_ln70_828, i26 67107989" [firmware/nnet_utils/nnet_dense_latency.h:42]   --->   Operation 459 'mul' 'mul_ln42_111' <Predicate = true> <Delay = 1.94> <CoreInst = "Multiplier">   --->   Core 3 'Multiplier' <Latency = 0> <II = 1> <Delay = 1.94> <FuncUnit> <Opcode : 'mul'> <InPorts = 2> <OutPorts = 1>
ST_1 : Operation 460 [1/1] (0.00ns)   --->   "%trunc_ln42_119 = partselect i16 @_ssdm_op_PartSelect.i16.i26.i32.i32, i26 %mul_ln42_111, i32 10, i32 25" [firmware/nnet_utils/nnet_dense_latency.h:42]   --->   Operation 460 'partselect' 'trunc_ln42_119' <Predicate = true> <Delay = 0.00>
ST_1 : Operation 461 [1/1] (1.94ns)   --->   "%mul_ln73_2271 = mul i26 %sext_ln70_828, i26 67108501" [firmware/nnet_utils/nnet_mult.h:73->firmware/nnet_utils/nnet_dense_latency.h:42]   --->   Operation 461 'mul' 'mul_ln73_2271' <Predicate = true> <Delay = 1.94> <CoreInst = "Multiplier">   --->   Core 3 'Multiplier' <Latency = 0> <II = 1> <Delay = 1.94> <FuncUnit> <Opcode : 'mul'> <InPorts = 2> <OutPorts = 1>
ST_1 : Operation 462 [1/1] (0.00ns)   --->   "%trunc_ln42_120 = partselect i16 @_ssdm_op_PartSelect.i16.i26.i32.i32, i26 %mul_ln73_2271, i32 10, i32 25" [firmware/nnet_utils/nnet_dense_latency.h:42]   --->   Operation 462 'partselect' 'trunc_ln42_120' <Predicate = true> <Delay = 0.00>
ST_1 : Operation 463 [1/1] (0.00ns)   --->   "%sext_ln70_829 = sext i16 %data_27_val_read" [firmware/nnet_utils/nnet_mult.h:70->firmware/nnet_utils/nnet_dense_latency.h:42]   --->   Operation 463 'sext' 'sext_ln70_829' <Predicate = true> <Delay = 0.00>
ST_1 : Operation 464 [1/1] (0.00ns)   --->   "%sext_ln70_830 = sext i16 %data_27_val_read" [firmware/nnet_utils/nnet_mult.h:70->firmware/nnet_utils/nnet_dense_latency.h:42]   --->   Operation 464 'sext' 'sext_ln70_830' <Predicate = true> <Delay = 0.00>
ST_1 : Operation 465 [1/1] (0.00ns)   --->   "%sext_ln70_831 = sext i16 %data_27_val_read" [firmware/nnet_utils/nnet_mult.h:70->firmware/nnet_utils/nnet_dense_latency.h:42]   --->   Operation 465 'sext' 'sext_ln70_831' <Predicate = true> <Delay = 0.00>
ST_1 : Operation 466 [1/1] (1.94ns)   --->   "%mul_ln73_2272 = mul i23 %sext_ln70_831, i23 8388571" [firmware/nnet_utils/nnet_mult.h:73->firmware/nnet_utils/nnet_dense_latency.h:42]   --->   Operation 466 'mul' 'mul_ln73_2272' <Predicate = true> <Delay = 1.94> <CoreInst = "Multiplier">   --->   Core 3 'Multiplier' <Latency = 0> <II = 1> <Delay = 1.94> <FuncUnit> <Opcode : 'mul'> <InPorts = 2> <OutPorts = 1>
ST_1 : Operation 467 [1/1] (0.00ns)   --->   "%trunc_ln42_121 = partselect i13 @_ssdm_op_PartSelect.i13.i23.i32.i32, i23 %mul_ln73_2272, i32 10, i32 22" [firmware/nnet_utils/nnet_dense_latency.h:42]   --->   Operation 467 'partselect' 'trunc_ln42_121' <Predicate = true> <Delay = 0.00>
ST_1 : Operation 468 [1/1] (0.00ns)   --->   "%sext_ln73_1025 = sext i13 %trunc_ln42_121" [firmware/nnet_utils/nnet_mult.h:73->firmware/nnet_utils/nnet_dense_latency.h:42]   --->   Operation 468 'sext' 'sext_ln73_1025' <Predicate = true> <Delay = 0.00>
ST_1 : Operation 469 [1/1] (0.00ns)   --->   "%shl_ln73_609 = bitconcatenate i24 @_ssdm_op_BitConcatenate.i24.i16.i8, i16 %data_27_val_read, i8 0" [firmware/nnet_utils/nnet_mult.h:73->firmware/nnet_utils/nnet_dense_latency.h:42]   --->   Operation 469 'bitconcatenate' 'shl_ln73_609' <Predicate = true> <Delay = 0.00>
ST_1 : Operation 470 [1/1] (0.00ns)   --->   "%sext_ln73_1026 = sext i24 %shl_ln73_609" [firmware/nnet_utils/nnet_mult.h:73->firmware/nnet_utils/nnet_dense_latency.h:42]   --->   Operation 470 'sext' 'sext_ln73_1026' <Predicate = true> <Delay = 0.00>
ST_1 : Operation 471 [1/1] (0.00ns)   --->   "%shl_ln73_610 = bitconcatenate i18 @_ssdm_op_BitConcatenate.i18.i16.i2, i16 %data_27_val_read, i2 0" [firmware/nnet_utils/nnet_mult.h:73->firmware/nnet_utils/nnet_dense_latency.h:42]   --->   Operation 471 'bitconcatenate' 'shl_ln73_610' <Predicate = true> <Delay = 0.00>
ST_1 : Operation 472 [1/1] (0.00ns)   --->   "%sext_ln73_1027 = sext i18 %shl_ln73_610" [firmware/nnet_utils/nnet_mult.h:73->firmware/nnet_utils/nnet_dense_latency.h:42]   --->   Operation 472 'sext' 'sext_ln73_1027' <Predicate = true> <Delay = 0.00>
ST_1 : Operation 473 [1/1] (0.83ns)   --->   "%sub_ln73_819 = sub i25 %sext_ln73_1027, i25 %sext_ln73_1026" [firmware/nnet_utils/nnet_mult.h:73->firmware/nnet_utils/nnet_dense_latency.h:42]   --->   Operation 473 'sub' 'sub_ln73_819' <Predicate = true> <Delay = 0.83> <CoreInst = "Adder">   --->   Core 1 'Adder' <Latency = 0> <II = 1> <Delay = 0.83> <FuncUnit> <Opcode : 'add' 'sub'> <InPorts = 2> <OutPorts = 1>
ST_1 : Operation 474 [1/1] (0.00ns)   --->   "%trunc_ln42_122 = partselect i15 @_ssdm_op_PartSelect.i15.i25.i32.i32, i25 %sub_ln73_819, i32 10, i32 24" [firmware/nnet_utils/nnet_dense_latency.h:42]   --->   Operation 474 'partselect' 'trunc_ln42_122' <Predicate = true> <Delay = 0.00>
ST_1 : Operation 475 [1/1] (0.00ns)   --->   "%sext_ln42_1653 = sext i15 %trunc_ln42_122" [firmware/nnet_utils/nnet_dense_latency.h:42]   --->   Operation 475 'sext' 'sext_ln42_1653' <Predicate = true> <Delay = 0.00>
ST_1 : Operation 476 [1/1] (1.94ns)   --->   "%mul_ln73_2273 = mul i24 %sext_ln70_830, i24 97" [firmware/nnet_utils/nnet_mult.h:73->firmware/nnet_utils/nnet_dense_latency.h:42]   --->   Operation 476 'mul' 'mul_ln73_2273' <Predicate = true> <Delay = 1.94> <CoreInst = "Multiplier">   --->   Core 3 'Multiplier' <Latency = 0> <II = 1> <Delay = 1.94> <FuncUnit> <Opcode : 'mul'> <InPorts = 2> <OutPorts = 1>
ST_1 : Operation 477 [1/1] (0.00ns)   --->   "%trunc_ln42_123 = partselect i14 @_ssdm_op_PartSelect.i14.i24.i32.i32, i24 %mul_ln73_2273, i32 10, i32 23" [firmware/nnet_utils/nnet_dense_latency.h:42]   --->   Operation 477 'partselect' 'trunc_ln42_123' <Predicate = true> <Delay = 0.00>
ST_1 : Operation 478 [1/1] (0.00ns)   --->   "%sext_ln73_1028 = sext i14 %trunc_ln42_123" [firmware/nnet_utils/nnet_mult.h:73->firmware/nnet_utils/nnet_dense_latency.h:42]   --->   Operation 478 'sext' 'sext_ln73_1028' <Predicate = true> <Delay = 0.00>
ST_1 : Operation 479 [1/1] (1.94ns)   --->   "%mul_ln73_2274 = mul i26 %sext_ln70_829, i26 458" [firmware/nnet_utils/nnet_mult.h:73->firmware/nnet_utils/nnet_dense_latency.h:42]   --->   Operation 479 'mul' 'mul_ln73_2274' <Predicate = true> <Delay = 1.94> <CoreInst = "Multiplier">   --->   Core 3 'Multiplier' <Latency = 0> <II = 1> <Delay = 1.94> <FuncUnit> <Opcode : 'mul'> <InPorts = 2> <OutPorts = 1>
ST_1 : Operation 480 [1/1] (0.00ns)   --->   "%trunc_ln42_124 = partselect i16 @_ssdm_op_PartSelect.i16.i26.i32.i32, i26 %mul_ln73_2274, i32 10, i32 25" [firmware/nnet_utils/nnet_dense_latency.h:42]   --->   Operation 480 'partselect' 'trunc_ln42_124' <Predicate = true> <Delay = 0.00>
ST_1 : Operation 481 [1/1] (1.94ns)   --->   "%mul_ln73_2275 = mul i26 %sext_ln70_829, i26 502" [firmware/nnet_utils/nnet_mult.h:73->firmware/nnet_utils/nnet_dense_latency.h:42]   --->   Operation 481 'mul' 'mul_ln73_2275' <Predicate = true> <Delay = 1.94> <CoreInst = "Multiplier">   --->   Core 3 'Multiplier' <Latency = 0> <II = 1> <Delay = 1.94> <FuncUnit> <Opcode : 'mul'> <InPorts = 2> <OutPorts = 1>
ST_1 : Operation 482 [1/1] (0.00ns)   --->   "%trunc_ln42_125 = partselect i16 @_ssdm_op_PartSelect.i16.i26.i32.i32, i26 %mul_ln73_2275, i32 10, i32 25" [firmware/nnet_utils/nnet_dense_latency.h:42]   --->   Operation 482 'partselect' 'trunc_ln42_125' <Predicate = true> <Delay = 0.00>
ST_1 : Operation 483 [1/1] (0.00ns)   --->   "%sext_ln70_832 = sext i16 %data_28_val_read" [firmware/nnet_utils/nnet_mult.h:70->firmware/nnet_utils/nnet_dense_latency.h:42]   --->   Operation 483 'sext' 'sext_ln70_832' <Predicate = true> <Delay = 0.00>
ST_1 : Operation 484 [1/1] (0.00ns)   --->   "%sext_ln70_833 = sext i16 %data_28_val_read" [firmware/nnet_utils/nnet_mult.h:70->firmware/nnet_utils/nnet_dense_latency.h:42]   --->   Operation 484 'sext' 'sext_ln70_833' <Predicate = true> <Delay = 0.00>
ST_1 : Operation 485 [1/1] (0.00ns)   --->   "%sext_ln70_834 = sext i16 %data_28_val_read" [firmware/nnet_utils/nnet_mult.h:70->firmware/nnet_utils/nnet_dense_latency.h:42]   --->   Operation 485 'sext' 'sext_ln70_834' <Predicate = true> <Delay = 0.00>
ST_1 : Operation 486 [1/1] (0.00ns)   --->   "%shl_ln73_611 = bitconcatenate i23 @_ssdm_op_BitConcatenate.i23.i16.i7, i16 %data_28_val_read, i7 0" [firmware/nnet_utils/nnet_mult.h:73->firmware/nnet_utils/nnet_dense_latency.h:42]   --->   Operation 486 'bitconcatenate' 'shl_ln73_611' <Predicate = true> <Delay = 0.00>
ST_1 : Operation 487 [1/1] (0.00ns)   --->   "%sext_ln73_1029 = sext i23 %shl_ln73_611" [firmware/nnet_utils/nnet_mult.h:73->firmware/nnet_utils/nnet_dense_latency.h:42]   --->   Operation 487 'sext' 'sext_ln73_1029' <Predicate = true> <Delay = 0.00>
ST_1 : Operation 488 [1/1] (0.00ns)   --->   "%shl_ln73_612 = bitconcatenate i19 @_ssdm_op_BitConcatenate.i19.i16.i3, i16 %data_28_val_read, i3 0" [firmware/nnet_utils/nnet_mult.h:73->firmware/nnet_utils/nnet_dense_latency.h:42]   --->   Operation 488 'bitconcatenate' 'shl_ln73_612' <Predicate = true> <Delay = 0.00>
ST_1 : Operation 489 [1/1] (0.00ns)   --->   "%sext_ln73_1030 = sext i19 %shl_ln73_612" [firmware/nnet_utils/nnet_mult.h:73->firmware/nnet_utils/nnet_dense_latency.h:42]   --->   Operation 489 'sext' 'sext_ln73_1030' <Predicate = true> <Delay = 0.00>
ST_1 : Operation 490 [1/1] (0.82ns)   --->   "%sub_ln73_820 = sub i24 %sext_ln73_1030, i24 %sext_ln73_1029" [firmware/nnet_utils/nnet_mult.h:73->firmware/nnet_utils/nnet_dense_latency.h:42]   --->   Operation 490 'sub' 'sub_ln73_820' <Predicate = true> <Delay = 0.82> <CoreInst = "Adder">   --->   Core 1 'Adder' <Latency = 0> <II = 1> <Delay = 0.82> <FuncUnit> <Opcode : 'add' 'sub'> <InPorts = 2> <OutPorts = 1>
ST_1 : Operation 491 [1/1] (0.00ns)   --->   "%trunc_ln42_126 = partselect i14 @_ssdm_op_PartSelect.i14.i24.i32.i32, i24 %sub_ln73_820, i32 10, i32 23" [firmware/nnet_utils/nnet_dense_latency.h:42]   --->   Operation 491 'partselect' 'trunc_ln42_126' <Predicate = true> <Delay = 0.00>
ST_1 : Operation 492 [1/1] (0.00ns)   --->   "%sext_ln73_1031 = sext i14 %trunc_ln42_126" [firmware/nnet_utils/nnet_mult.h:73->firmware/nnet_utils/nnet_dense_latency.h:42]   --->   Operation 492 'sext' 'sext_ln73_1031' <Predicate = true> <Delay = 0.00>
ST_1 : Operation 493 [1/1] (1.94ns)   --->   "%mul_ln73_2276 = mul i24 %sext_ln70_834, i24 114" [firmware/nnet_utils/nnet_mult.h:73->firmware/nnet_utils/nnet_dense_latency.h:42]   --->   Operation 493 'mul' 'mul_ln73_2276' <Predicate = true> <Delay = 1.94> <CoreInst = "Multiplier">   --->   Core 3 'Multiplier' <Latency = 0> <II = 1> <Delay = 1.94> <FuncUnit> <Opcode : 'mul'> <InPorts = 2> <OutPorts = 1>
ST_1 : Operation 494 [1/1] (0.00ns)   --->   "%trunc_ln42_127 = partselect i14 @_ssdm_op_PartSelect.i14.i24.i32.i32, i24 %mul_ln73_2276, i32 10, i32 23" [firmware/nnet_utils/nnet_dense_latency.h:42]   --->   Operation 494 'partselect' 'trunc_ln42_127' <Predicate = true> <Delay = 0.00>
ST_1 : Operation 495 [1/1] (0.00ns)   --->   "%sext_ln42_1654 = sext i14 %trunc_ln42_127" [firmware/nnet_utils/nnet_dense_latency.h:42]   --->   Operation 495 'sext' 'sext_ln42_1654' <Predicate = true> <Delay = 0.00>
ST_1 : Operation 496 [1/1] (1.94ns)   --->   "%mul_ln73_2277 = mul i22 %sext_ln70_833, i22 4194278" [firmware/nnet_utils/nnet_mult.h:73->firmware/nnet_utils/nnet_dense_latency.h:42]   --->   Operation 496 'mul' 'mul_ln73_2277' <Predicate = true> <Delay = 1.94> <CoreInst = "Multiplier">   --->   Core 3 'Multiplier' <Latency = 0> <II = 1> <Delay = 1.94> <FuncUnit> <Opcode : 'mul'> <InPorts = 2> <OutPorts = 1>
ST_1 : Operation 497 [1/1] (0.00ns)   --->   "%trunc_ln42_128 = partselect i12 @_ssdm_op_PartSelect.i12.i22.i32.i32, i22 %mul_ln73_2277, i32 10, i32 21" [firmware/nnet_utils/nnet_dense_latency.h:42]   --->   Operation 497 'partselect' 'trunc_ln42_128' <Predicate = true> <Delay = 0.00>
ST_1 : Operation 498 [1/1] (0.00ns)   --->   "%sext_ln42_1655 = sext i12 %trunc_ln42_128" [firmware/nnet_utils/nnet_dense_latency.h:42]   --->   Operation 498 'sext' 'sext_ln42_1655' <Predicate = true> <Delay = 0.00>
ST_1 : Operation 499 [1/1] (1.94ns)   --->   "%mul_ln42_112 = mul i26 %sext_ln70_832, i26 67108042" [firmware/nnet_utils/nnet_dense_latency.h:42]   --->   Operation 499 'mul' 'mul_ln42_112' <Predicate = true> <Delay = 1.94> <CoreInst = "Multiplier">   --->   Core 3 'Multiplier' <Latency = 0> <II = 1> <Delay = 1.94> <FuncUnit> <Opcode : 'mul'> <InPorts = 2> <OutPorts = 1>
ST_1 : Operation 500 [1/1] (0.00ns)   --->   "%trunc_ln42_129 = partselect i16 @_ssdm_op_PartSelect.i16.i26.i32.i32, i26 %mul_ln42_112, i32 10, i32 25" [firmware/nnet_utils/nnet_dense_latency.h:42]   --->   Operation 500 'partselect' 'trunc_ln42_129' <Predicate = true> <Delay = 0.00>
ST_1 : Operation 501 [1/1] (1.94ns)   --->   "%mul_ln73_2278 = mul i26 %sext_ln70_832, i26 385" [firmware/nnet_utils/nnet_mult.h:73->firmware/nnet_utils/nnet_dense_latency.h:42]   --->   Operation 501 'mul' 'mul_ln73_2278' <Predicate = true> <Delay = 1.94> <CoreInst = "Multiplier">   --->   Core 3 'Multiplier' <Latency = 0> <II = 1> <Delay = 1.94> <FuncUnit> <Opcode : 'mul'> <InPorts = 2> <OutPorts = 1>
ST_1 : Operation 502 [1/1] (0.00ns)   --->   "%trunc_ln42_130 = partselect i16 @_ssdm_op_PartSelect.i16.i26.i32.i32, i26 %mul_ln73_2278, i32 10, i32 25" [firmware/nnet_utils/nnet_dense_latency.h:42]   --->   Operation 502 'partselect' 'trunc_ln42_130' <Predicate = true> <Delay = 0.00>
ST_1 : Operation 503 [1/1] (0.00ns)   --->   "%sext_ln70_835 = sext i16 %data_29_val_read" [firmware/nnet_utils/nnet_mult.h:70->firmware/nnet_utils/nnet_dense_latency.h:42]   --->   Operation 503 'sext' 'sext_ln70_835' <Predicate = true> <Delay = 0.00>
ST_1 : Operation 504 [1/1] (0.00ns)   --->   "%sext_ln70_836 = sext i16 %data_29_val_read" [firmware/nnet_utils/nnet_mult.h:70->firmware/nnet_utils/nnet_dense_latency.h:42]   --->   Operation 504 'sext' 'sext_ln70_836' <Predicate = true> <Delay = 0.00>
ST_1 : Operation 505 [1/1] (1.94ns)   --->   "%mul_ln73_2279 = mul i25 %sext_ln70_836, i25 33554217" [firmware/nnet_utils/nnet_mult.h:73->firmware/nnet_utils/nnet_dense_latency.h:42]   --->   Operation 505 'mul' 'mul_ln73_2279' <Predicate = true> <Delay = 1.94> <CoreInst = "Multiplier">   --->   Core 3 'Multiplier' <Latency = 0> <II = 1> <Delay = 1.94> <FuncUnit> <Opcode : 'mul'> <InPorts = 2> <OutPorts = 1>
ST_1 : Operation 506 [1/1] (0.00ns)   --->   "%trunc_ln42_131 = partselect i15 @_ssdm_op_PartSelect.i15.i25.i32.i32, i25 %mul_ln73_2279, i32 10, i32 24" [firmware/nnet_utils/nnet_dense_latency.h:42]   --->   Operation 506 'partselect' 'trunc_ln42_131' <Predicate = true> <Delay = 0.00>
ST_1 : Operation 507 [1/1] (0.00ns)   --->   "%sext_ln42_1656 = sext i15 %trunc_ln42_131" [firmware/nnet_utils/nnet_dense_latency.h:42]   --->   Operation 507 'sext' 'sext_ln42_1656' <Predicate = true> <Delay = 0.00>
ST_1 : Operation 508 [1/1] (1.94ns)   --->   "%mul_ln73_2280 = mul i25 %sext_ln70_836, i25 143" [firmware/nnet_utils/nnet_mult.h:73->firmware/nnet_utils/nnet_dense_latency.h:42]   --->   Operation 508 'mul' 'mul_ln73_2280' <Predicate = true> <Delay = 1.94> <CoreInst = "Multiplier">   --->   Core 3 'Multiplier' <Latency = 0> <II = 1> <Delay = 1.94> <FuncUnit> <Opcode : 'mul'> <InPorts = 2> <OutPorts = 1>
ST_1 : Operation 509 [1/1] (0.00ns)   --->   "%trunc_ln42_132 = partselect i15 @_ssdm_op_PartSelect.i15.i25.i32.i32, i25 %mul_ln73_2280, i32 10, i32 24" [firmware/nnet_utils/nnet_dense_latency.h:42]   --->   Operation 509 'partselect' 'trunc_ln42_132' <Predicate = true> <Delay = 0.00>
ST_1 : Operation 510 [1/1] (0.00ns)   --->   "%sext_ln42_1657 = sext i15 %trunc_ln42_132" [firmware/nnet_utils/nnet_dense_latency.h:42]   --->   Operation 510 'sext' 'sext_ln42_1657' <Predicate = true> <Delay = 0.00>
ST_1 : Operation 511 [1/1] (0.00ns)   --->   "%shl_ln73_613 = bitconcatenate i21 @_ssdm_op_BitConcatenate.i21.i16.i5, i16 %data_29_val_read, i5 0" [firmware/nnet_utils/nnet_mult.h:73->firmware/nnet_utils/nnet_dense_latency.h:42]   --->   Operation 511 'bitconcatenate' 'shl_ln73_613' <Predicate = true> <Delay = 0.00>
ST_1 : Operation 512 [1/1] (0.00ns)   --->   "%sext_ln73_1032 = sext i21 %shl_ln73_613" [firmware/nnet_utils/nnet_mult.h:73->firmware/nnet_utils/nnet_dense_latency.h:42]   --->   Operation 512 'sext' 'sext_ln73_1032' <Predicate = true> <Delay = 0.00>
ST_1 : Operation 513 [1/1] (0.00ns) (grouped into TernaryAdder)   --->   "%sub_ln73_821 = sub i22 0, i22 %sext_ln73_1032" [firmware/nnet_utils/nnet_mult.h:73->firmware/nnet_utils/nnet_dense_latency.h:42]   --->   Operation 513 'sub' 'sub_ln73_821' <Predicate = true> <Delay = 0.00> <CoreInst = "TAddSub">   --->   Core 10 'TAddSub' <Latency = 0> <II = 1> <Delay = 0.33> <IPBlock> <Opcode : '' 'add' 'sub'> <InPorts = 3> <OutPorts = 1> <Sync> <CReg>
ST_1 : Operation 514 [1/1] (0.00ns)   --->   "%shl_ln73_614 = bitconcatenate i19 @_ssdm_op_BitConcatenate.i19.i16.i3, i16 %data_29_val_read, i3 0" [firmware/nnet_utils/nnet_mult.h:73->firmware/nnet_utils/nnet_dense_latency.h:42]   --->   Operation 514 'bitconcatenate' 'shl_ln73_614' <Predicate = true> <Delay = 0.00>
ST_1 : Operation 515 [1/1] (0.00ns)   --->   "%sext_ln73_1033 = sext i19 %shl_ln73_614" [firmware/nnet_utils/nnet_mult.h:73->firmware/nnet_utils/nnet_dense_latency.h:42]   --->   Operation 515 'sext' 'sext_ln73_1033' <Predicate = true> <Delay = 0.00>
ST_1 : Operation 516 [1/1] (0.69ns) (root node of TernaryAdder)   --->   "%sub_ln73_822 = sub i22 %sub_ln73_821, i22 %sext_ln73_1033" [firmware/nnet_utils/nnet_mult.h:73->firmware/nnet_utils/nnet_dense_latency.h:42]   --->   Operation 516 'sub' 'sub_ln73_822' <Predicate = true> <Delay = 0.69> <CoreInst = "TAddSub">   --->   Core 10 'TAddSub' <Latency = 0> <II = 1> <Delay = 0.33> <IPBlock> <Opcode : '' 'add' 'sub'> <InPorts = 3> <OutPorts = 1> <Sync> <CReg>
ST_1 : Operation 517 [1/1] (0.00ns)   --->   "%trunc_ln42_133 = partselect i12 @_ssdm_op_PartSelect.i12.i22.i32.i32, i22 %sub_ln73_822, i32 10, i32 21" [firmware/nnet_utils/nnet_dense_latency.h:42]   --->   Operation 517 'partselect' 'trunc_ln42_133' <Predicate = true> <Delay = 0.00>
ST_1 : Operation 518 [1/1] (0.00ns)   --->   "%sext_ln73_1034 = sext i12 %trunc_ln42_133" [firmware/nnet_utils/nnet_mult.h:73->firmware/nnet_utils/nnet_dense_latency.h:42]   --->   Operation 518 'sext' 'sext_ln73_1034' <Predicate = true> <Delay = 0.00>
ST_1 : Operation 519 [1/1] (0.00ns)   --->   "%shl_ln73_615 = bitconcatenate i23 @_ssdm_op_BitConcatenate.i23.i16.i7, i16 %data_29_val_read, i7 0" [firmware/nnet_utils/nnet_mult.h:73->firmware/nnet_utils/nnet_dense_latency.h:42]   --->   Operation 519 'bitconcatenate' 'shl_ln73_615' <Predicate = true> <Delay = 0.00>
ST_1 : Operation 520 [1/1] (0.00ns)   --->   "%sext_ln73_1035 = sext i23 %shl_ln73_615" [firmware/nnet_utils/nnet_mult.h:73->firmware/nnet_utils/nnet_dense_latency.h:42]   --->   Operation 520 'sext' 'sext_ln73_1035' <Predicate = true> <Delay = 0.00>
ST_1 : Operation 521 [1/1] (0.00ns)   --->   "%shl_ln73_616 = bitconcatenate i18 @_ssdm_op_BitConcatenate.i18.i16.i2, i16 %data_29_val_read, i2 0" [firmware/nnet_utils/nnet_mult.h:73->firmware/nnet_utils/nnet_dense_latency.h:42]   --->   Operation 521 'bitconcatenate' 'shl_ln73_616' <Predicate = true> <Delay = 0.00>
ST_1 : Operation 522 [1/1] (0.00ns)   --->   "%sext_ln73_1036 = sext i18 %shl_ln73_616" [firmware/nnet_utils/nnet_mult.h:73->firmware/nnet_utils/nnet_dense_latency.h:42]   --->   Operation 522 'sext' 'sext_ln73_1036' <Predicate = true> <Delay = 0.00>
ST_1 : Operation 523 [1/1] (0.82ns)   --->   "%sub_ln73_823 = sub i24 %sext_ln73_1035, i24 %sext_ln73_1036" [firmware/nnet_utils/nnet_mult.h:73->firmware/nnet_utils/nnet_dense_latency.h:42]   --->   Operation 523 'sub' 'sub_ln73_823' <Predicate = true> <Delay = 0.82> <CoreInst = "Adder">   --->   Core 1 'Adder' <Latency = 0> <II = 1> <Delay = 0.82> <FuncUnit> <Opcode : 'add' 'sub'> <InPorts = 2> <OutPorts = 1>
ST_1 : Operation 524 [1/1] (0.00ns)   --->   "%trunc_ln42_134 = partselect i14 @_ssdm_op_PartSelect.i14.i24.i32.i32, i24 %sub_ln73_823, i32 10, i32 23" [firmware/nnet_utils/nnet_dense_latency.h:42]   --->   Operation 524 'partselect' 'trunc_ln42_134' <Predicate = true> <Delay = 0.00>
ST_1 : Operation 525 [1/1] (0.00ns)   --->   "%sext_ln42_1658 = sext i14 %trunc_ln42_134" [firmware/nnet_utils/nnet_dense_latency.h:42]   --->   Operation 525 'sext' 'sext_ln42_1658' <Predicate = true> <Delay = 0.00>
ST_1 : Operation 526 [1/1] (1.94ns)   --->   "%mul_ln73_2281 = mul i26 %sext_ln70_835, i26 335" [firmware/nnet_utils/nnet_mult.h:73->firmware/nnet_utils/nnet_dense_latency.h:42]   --->   Operation 526 'mul' 'mul_ln73_2281' <Predicate = true> <Delay = 1.94> <CoreInst = "Multiplier">   --->   Core 3 'Multiplier' <Latency = 0> <II = 1> <Delay = 1.94> <FuncUnit> <Opcode : 'mul'> <InPorts = 2> <OutPorts = 1>
ST_1 : Operation 527 [1/1] (0.00ns)   --->   "%trunc_ln42_135 = partselect i16 @_ssdm_op_PartSelect.i16.i26.i32.i32, i26 %mul_ln73_2281, i32 10, i32 25" [firmware/nnet_utils/nnet_dense_latency.h:42]   --->   Operation 527 'partselect' 'trunc_ln42_135' <Predicate = true> <Delay = 0.00>
ST_1 : Operation 528 [1/1] (0.00ns)   --->   "%sext_ln70_837 = sext i16 %data_30_val_read" [firmware/nnet_utils/nnet_mult.h:70->firmware/nnet_utils/nnet_dense_latency.h:42]   --->   Operation 528 'sext' 'sext_ln70_837' <Predicate = true> <Delay = 0.00>
ST_1 : Operation 529 [1/1] (0.00ns)   --->   "%sext_ln70_838 = sext i16 %data_30_val_read" [firmware/nnet_utils/nnet_mult.h:70->firmware/nnet_utils/nnet_dense_latency.h:42]   --->   Operation 529 'sext' 'sext_ln70_838' <Predicate = true> <Delay = 0.00>
ST_1 : Operation 530 [1/1] (1.94ns)   --->   "%mul_ln73_2282 = mul i25 %sext_ln70_838, i25 33554237" [firmware/nnet_utils/nnet_mult.h:73->firmware/nnet_utils/nnet_dense_latency.h:42]   --->   Operation 530 'mul' 'mul_ln73_2282' <Predicate = true> <Delay = 1.94> <CoreInst = "Multiplier">   --->   Core 3 'Multiplier' <Latency = 0> <II = 1> <Delay = 1.94> <FuncUnit> <Opcode : 'mul'> <InPorts = 2> <OutPorts = 1>
ST_1 : Operation 531 [1/1] (0.00ns)   --->   "%trunc_ln42_136 = partselect i15 @_ssdm_op_PartSelect.i15.i25.i32.i32, i25 %mul_ln73_2282, i32 10, i32 24" [firmware/nnet_utils/nnet_dense_latency.h:42]   --->   Operation 531 'partselect' 'trunc_ln42_136' <Predicate = true> <Delay = 0.00>
ST_1 : Operation 532 [1/1] (0.00ns)   --->   "%sext_ln42_1659 = sext i15 %trunc_ln42_136" [firmware/nnet_utils/nnet_dense_latency.h:42]   --->   Operation 532 'sext' 'sext_ln42_1659' <Predicate = true> <Delay = 0.00>
ST_1 : Operation 533 [1/1] (1.94ns)   --->   "%mul_ln73_2283 = mul i25 %sext_ln70_838, i25 174" [firmware/nnet_utils/nnet_mult.h:73->firmware/nnet_utils/nnet_dense_latency.h:42]   --->   Operation 533 'mul' 'mul_ln73_2283' <Predicate = true> <Delay = 1.94> <CoreInst = "Multiplier">   --->   Core 3 'Multiplier' <Latency = 0> <II = 1> <Delay = 1.94> <FuncUnit> <Opcode : 'mul'> <InPorts = 2> <OutPorts = 1>
ST_1 : Operation 534 [1/1] (0.00ns)   --->   "%trunc_ln42_137 = partselect i15 @_ssdm_op_PartSelect.i15.i25.i32.i32, i25 %mul_ln73_2283, i32 10, i32 24" [firmware/nnet_utils/nnet_dense_latency.h:42]   --->   Operation 534 'partselect' 'trunc_ln42_137' <Predicate = true> <Delay = 0.00>
ST_1 : Operation 535 [1/1] (0.00ns)   --->   "%sext_ln42_1660 = sext i15 %trunc_ln42_137" [firmware/nnet_utils/nnet_dense_latency.h:42]   --->   Operation 535 'sext' 'sext_ln42_1660' <Predicate = true> <Delay = 0.00>
ST_1 : Operation 536 [1/1] (0.00ns)   --->   "%shl_ln73_617 = bitconcatenate i22 @_ssdm_op_BitConcatenate.i22.i16.i6, i16 %data_30_val_read, i6 0" [firmware/nnet_utils/nnet_mult.h:73->firmware/nnet_utils/nnet_dense_latency.h:42]   --->   Operation 536 'bitconcatenate' 'shl_ln73_617' <Predicate = true> <Delay = 0.00>
ST_1 : Operation 537 [1/1] (0.00ns)   --->   "%sext_ln73_1037 = sext i22 %shl_ln73_617" [firmware/nnet_utils/nnet_mult.h:73->firmware/nnet_utils/nnet_dense_latency.h:42]   --->   Operation 537 'sext' 'sext_ln73_1037' <Predicate = true> <Delay = 0.00>
ST_1 : Operation 538 [1/1] (0.00ns)   --->   "%shl_ln73_618 = bitconcatenate i19 @_ssdm_op_BitConcatenate.i19.i16.i3, i16 %data_30_val_read, i3 0" [firmware/nnet_utils/nnet_mult.h:73->firmware/nnet_utils/nnet_dense_latency.h:42]   --->   Operation 538 'bitconcatenate' 'shl_ln73_618' <Predicate = true> <Delay = 0.00>
ST_1 : Operation 539 [1/1] (0.00ns)   --->   "%sext_ln73_1038 = sext i19 %shl_ln73_618" [firmware/nnet_utils/nnet_mult.h:73->firmware/nnet_utils/nnet_dense_latency.h:42]   --->   Operation 539 'sext' 'sext_ln73_1038' <Predicate = true> <Delay = 0.00>
ST_1 : Operation 540 [1/1] (0.82ns)   --->   "%add_ln73_195 = add i23 %sext_ln73_1037, i23 %sext_ln73_1038" [firmware/nnet_utils/nnet_mult.h:73->firmware/nnet_utils/nnet_dense_latency.h:42]   --->   Operation 540 'add' 'add_ln73_195' <Predicate = true> <Delay = 0.82> <CoreInst = "Adder">   --->   Core 1 'Adder' <Latency = 0> <II = 1> <Delay = 0.82> <FuncUnit> <Opcode : 'add' 'sub'> <InPorts = 2> <OutPorts = 1>
ST_1 : Operation 541 [1/1] (0.00ns)   --->   "%trunc_ln42_138 = partselect i13 @_ssdm_op_PartSelect.i13.i23.i32.i32, i23 %add_ln73_195, i32 10, i32 22" [firmware/nnet_utils/nnet_dense_latency.h:42]   --->   Operation 541 'partselect' 'trunc_ln42_138' <Predicate = true> <Delay = 0.00>
ST_1 : Operation 542 [1/1] (0.00ns)   --->   "%sext_ln73_1039 = sext i13 %trunc_ln42_138" [firmware/nnet_utils/nnet_mult.h:73->firmware/nnet_utils/nnet_dense_latency.h:42]   --->   Operation 542 'sext' 'sext_ln73_1039' <Predicate = true> <Delay = 0.00>
ST_1 : Operation 543 [1/1] (1.94ns)   --->   "%mul_ln73_2284 = mul i26 %sext_ln70_837, i26 67108404" [firmware/nnet_utils/nnet_mult.h:73->firmware/nnet_utils/nnet_dense_latency.h:42]   --->   Operation 543 'mul' 'mul_ln73_2284' <Predicate = true> <Delay = 1.94> <CoreInst = "Multiplier">   --->   Core 3 'Multiplier' <Latency = 0> <II = 1> <Delay = 1.94> <FuncUnit> <Opcode : 'mul'> <InPorts = 2> <OutPorts = 1>
ST_1 : Operation 544 [1/1] (0.00ns)   --->   "%trunc_ln42_139 = partselect i16 @_ssdm_op_PartSelect.i16.i26.i32.i32, i26 %mul_ln73_2284, i32 10, i32 25" [firmware/nnet_utils/nnet_dense_latency.h:42]   --->   Operation 544 'partselect' 'trunc_ln42_139' <Predicate = true> <Delay = 0.00>
ST_1 : Operation 545 [1/1] (1.94ns)   --->   "%mul_ln73_2285 = mul i26 %sext_ln70_837, i26 451" [firmware/nnet_utils/nnet_mult.h:73->firmware/nnet_utils/nnet_dense_latency.h:42]   --->   Operation 545 'mul' 'mul_ln73_2285' <Predicate = true> <Delay = 1.94> <CoreInst = "Multiplier">   --->   Core 3 'Multiplier' <Latency = 0> <II = 1> <Delay = 1.94> <FuncUnit> <Opcode : 'mul'> <InPorts = 2> <OutPorts = 1>
ST_1 : Operation 546 [1/1] (0.00ns)   --->   "%trunc_ln42_140 = partselect i16 @_ssdm_op_PartSelect.i16.i26.i32.i32, i26 %mul_ln73_2285, i32 10, i32 25" [firmware/nnet_utils/nnet_dense_latency.h:42]   --->   Operation 546 'partselect' 'trunc_ln42_140' <Predicate = true> <Delay = 0.00>
ST_1 : Operation 547 [1/1] (0.00ns)   --->   "%sext_ln70_839 = sext i16 %data_31_val_read" [firmware/nnet_utils/nnet_mult.h:70->firmware/nnet_utils/nnet_dense_latency.h:42]   --->   Operation 547 'sext' 'sext_ln70_839' <Predicate = true> <Delay = 0.00>
ST_1 : Operation 548 [1/1] (0.00ns)   --->   "%sext_ln70_840 = sext i16 %data_31_val_read" [firmware/nnet_utils/nnet_mult.h:70->firmware/nnet_utils/nnet_dense_latency.h:42]   --->   Operation 548 'sext' 'sext_ln70_840' <Predicate = true> <Delay = 0.00>
ST_1 : Operation 549 [1/1] (0.00ns)   --->   "%sext_ln70_841 = sext i16 %data_31_val_read" [firmware/nnet_utils/nnet_mult.h:70->firmware/nnet_utils/nnet_dense_latency.h:42]   --->   Operation 549 'sext' 'sext_ln70_841' <Predicate = true> <Delay = 0.00>
ST_1 : Operation 550 [1/1] (1.94ns)   --->   "%mul_ln73_2286 = mul i26 %sext_ln70_841, i26 307" [firmware/nnet_utils/nnet_mult.h:73->firmware/nnet_utils/nnet_dense_latency.h:42]   --->   Operation 550 'mul' 'mul_ln73_2286' <Predicate = true> <Delay = 1.94> <CoreInst = "Multiplier">   --->   Core 3 'Multiplier' <Latency = 0> <II = 1> <Delay = 1.94> <FuncUnit> <Opcode : 'mul'> <InPorts = 2> <OutPorts = 1>
ST_1 : Operation 551 [1/1] (0.00ns)   --->   "%trunc_ln42_141 = partselect i16 @_ssdm_op_PartSelect.i16.i26.i32.i32, i26 %mul_ln73_2286, i32 10, i32 25" [firmware/nnet_utils/nnet_dense_latency.h:42]   --->   Operation 551 'partselect' 'trunc_ln42_141' <Predicate = true> <Delay = 0.00>
ST_1 : Operation 552 [1/1] (1.94ns)   --->   "%mul_ln73_2287 = mul i24 %sext_ln70_840, i24 16777141" [firmware/nnet_utils/nnet_mult.h:73->firmware/nnet_utils/nnet_dense_latency.h:42]   --->   Operation 552 'mul' 'mul_ln73_2287' <Predicate = true> <Delay = 1.94> <CoreInst = "Multiplier">   --->   Core 3 'Multiplier' <Latency = 0> <II = 1> <Delay = 1.94> <FuncUnit> <Opcode : 'mul'> <InPorts = 2> <OutPorts = 1>
ST_1 : Operation 553 [1/1] (0.00ns)   --->   "%trunc_ln42_142 = partselect i14 @_ssdm_op_PartSelect.i14.i24.i32.i32, i24 %mul_ln73_2287, i32 10, i32 23" [firmware/nnet_utils/nnet_dense_latency.h:42]   --->   Operation 553 'partselect' 'trunc_ln42_142' <Predicate = true> <Delay = 0.00>
ST_1 : Operation 554 [1/1] (0.00ns)   --->   "%sext_ln73_1040 = sext i14 %trunc_ln42_142" [firmware/nnet_utils/nnet_mult.h:73->firmware/nnet_utils/nnet_dense_latency.h:42]   --->   Operation 554 'sext' 'sext_ln73_1040' <Predicate = true> <Delay = 0.00>
ST_1 : Operation 555 [1/1] (1.94ns)   --->   "%mul_ln73_2288 = mul i26 %sext_ln70_841, i26 373" [firmware/nnet_utils/nnet_mult.h:73->firmware/nnet_utils/nnet_dense_latency.h:42]   --->   Operation 555 'mul' 'mul_ln73_2288' <Predicate = true> <Delay = 1.94> <CoreInst = "Multiplier">   --->   Core 3 'Multiplier' <Latency = 0> <II = 1> <Delay = 1.94> <FuncUnit> <Opcode : 'mul'> <InPorts = 2> <OutPorts = 1>
ST_1 : Operation 556 [1/1] (0.00ns)   --->   "%trunc_ln42_143 = partselect i16 @_ssdm_op_PartSelect.i16.i26.i32.i32, i26 %mul_ln73_2288, i32 10, i32 25" [firmware/nnet_utils/nnet_dense_latency.h:42]   --->   Operation 556 'partselect' 'trunc_ln42_143' <Predicate = true> <Delay = 0.00>
ST_1 : Operation 557 [1/1] (1.94ns)   --->   "%mul_ln73_2289 = mul i26 %sext_ln70_841, i26 67108387" [firmware/nnet_utils/nnet_mult.h:73->firmware/nnet_utils/nnet_dense_latency.h:42]   --->   Operation 557 'mul' 'mul_ln73_2289' <Predicate = true> <Delay = 1.94> <CoreInst = "Multiplier">   --->   Core 3 'Multiplier' <Latency = 0> <II = 1> <Delay = 1.94> <FuncUnit> <Opcode : 'mul'> <InPorts = 2> <OutPorts = 1>
ST_1 : Operation 558 [1/1] (0.00ns)   --->   "%trunc_ln42_144 = partselect i16 @_ssdm_op_PartSelect.i16.i26.i32.i32, i26 %mul_ln73_2289, i32 10, i32 25" [firmware/nnet_utils/nnet_dense_latency.h:42]   --->   Operation 558 'partselect' 'trunc_ln42_144' <Predicate = true> <Delay = 0.00>
ST_1 : Operation 559 [1/1] (1.94ns)   --->   "%mul_ln73_2290 = mul i25 %sext_ln70_839, i25 33554213" [firmware/nnet_utils/nnet_mult.h:73->firmware/nnet_utils/nnet_dense_latency.h:42]   --->   Operation 559 'mul' 'mul_ln73_2290' <Predicate = true> <Delay = 1.94> <CoreInst = "Multiplier">   --->   Core 3 'Multiplier' <Latency = 0> <II = 1> <Delay = 1.94> <FuncUnit> <Opcode : 'mul'> <InPorts = 2> <OutPorts = 1>
ST_1 : Operation 560 [1/1] (0.00ns)   --->   "%trunc_ln42_145 = partselect i15 @_ssdm_op_PartSelect.i15.i25.i32.i32, i25 %mul_ln73_2290, i32 10, i32 24" [firmware/nnet_utils/nnet_dense_latency.h:42]   --->   Operation 560 'partselect' 'trunc_ln42_145' <Predicate = true> <Delay = 0.00>
ST_1 : Operation 561 [1/1] (0.00ns)   --->   "%sext_ln42_1661 = sext i15 %trunc_ln42_145" [firmware/nnet_utils/nnet_dense_latency.h:42]   --->   Operation 561 'sext' 'sext_ln42_1661' <Predicate = true> <Delay = 0.00>
ST_1 : Operation 562 [1/1] (0.78ns)   --->   "%add_ln58 = add i16 %trunc_ln, i16 %trunc_ln42_5" [firmware/nnet_utils/nnet_dense_latency.h:58]   --->   Operation 562 'add' 'add_ln58' <Predicate = true> <Delay = 0.78> <CoreInst = "Adder">   --->   Core 1 'Adder' <Latency = 0> <II = 1> <Delay = 0.78> <FuncUnit> <Opcode : 'add' 'sub'> <InPorts = 2> <OutPorts = 1>
ST_1 : Operation 563 [1/1] (0.78ns)   --->   "%add_ln58_3894 = add i16 %sext_ln42_1599, i16 %trunc_ln42_11" [firmware/nnet_utils/nnet_dense_latency.h:58]   --->   Operation 563 'add' 'add_ln58_3894' <Predicate = true> <Delay = 0.78> <CoreInst = "Adder">   --->   Core 1 'Adder' <Latency = 0> <II = 1> <Delay = 0.78> <FuncUnit> <Opcode : 'add' 'sub'> <InPorts = 2> <OutPorts = 1>
ST_1 : Operation 564 [1/1] (0.00ns) (grouped into TernaryAdder)   --->   "%add_ln58_3896 = add i16 %trunc_ln42_16, i16 %trunc_ln42_21" [firmware/nnet_utils/nnet_dense_latency.h:58]   --->   Operation 564 'add' 'add_ln58_3896' <Predicate = true> <Delay = 0.00> <CoreInst = "TAddSub">   --->   Core 10 'TAddSub' <Latency = 0> <II = 1> <Delay = 0.33> <IPBlock> <Opcode : '' 'add' 'sub'> <InPorts = 3> <OutPorts = 1> <Sync> <CReg>
ST_1 : Operation 565 [1/1] (0.76ns)   --->   "%add_ln58_3897 = add i15 %sext_ln73_989, i15 %sext_ln73_993" [firmware/nnet_utils/nnet_dense_latency.h:58]   --->   Operation 565 'add' 'add_ln58_3897' <Predicate = true> <Delay = 0.76> <CoreInst = "Adder">   --->   Core 1 'Adder' <Latency = 0> <II = 1> <Delay = 0.76> <FuncUnit> <Opcode : 'add' 'sub'> <InPorts = 2> <OutPorts = 1>
ST_1 : Operation 566 [1/1] (0.00ns)   --->   "%sext_ln58 = sext i15 %add_ln58_3897" [firmware/nnet_utils/nnet_dense_latency.h:58]   --->   Operation 566 'sext' 'sext_ln58' <Predicate = true> <Delay = 0.00>
ST_1 : Operation 567 [1/1] (0.67ns) (root node of TernaryAdder)   --->   "%add_ln58_3898 = add i16 %sext_ln58, i16 %add_ln58_3896" [firmware/nnet_utils/nnet_dense_latency.h:58]   --->   Operation 567 'add' 'add_ln58_3898' <Predicate = true> <Delay = 0.67> <CoreInst = "TAddSub">   --->   Core 10 'TAddSub' <Latency = 0> <II = 1> <Delay = 0.33> <IPBlock> <Opcode : '' 'add' 'sub'> <InPorts = 3> <OutPorts = 1> <Sync> <CReg>
ST_1 : Operation 568 [1/1] (0.77ns)   --->   "%add_ln58_3900 = add i16 %sext_ln42_1611, i16 %sext_ln42_1612" [firmware/nnet_utils/nnet_dense_latency.h:58]   --->   Operation 568 'add' 'add_ln58_3900' <Predicate = true> <Delay = 0.77> <CoreInst = "Adder">   --->   Core 1 'Adder' <Latency = 0> <II = 1> <Delay = 0.77> <FuncUnit> <Opcode : 'add' 'sub'> <InPorts = 2> <OutPorts = 1>
ST_1 : Operation 569 [1/1] (0.77ns)   --->   "%add_ln58_3901 = add i16 %sext_ln42_1614, i16 %sext_ln42_1615" [firmware/nnet_utils/nnet_dense_latency.h:58]   --->   Operation 569 'add' 'add_ln58_3901' <Predicate = true> <Delay = 0.77> <CoreInst = "Adder">   --->   Core 1 'Adder' <Latency = 0> <II = 1> <Delay = 0.77> <FuncUnit> <Opcode : 'add' 'sub'> <InPorts = 2> <OutPorts = 1>
ST_1 : Operation 570 [1/1] (0.00ns) (grouped into TernaryAdder)   --->   "%add_ln58_3903 = add i16 %trunc_ln42_52, i16 %trunc_ln42_56" [firmware/nnet_utils/nnet_dense_latency.h:58]   --->   Operation 570 'add' 'add_ln58_3903' <Predicate = true> <Delay = 0.00> <CoreInst = "TAddSub">   --->   Core 10 'TAddSub' <Latency = 0> <II = 1> <Delay = 0.33> <IPBlock> <Opcode : '' 'add' 'sub'> <InPorts = 3> <OutPorts = 1> <Sync> <CReg>
ST_1 : Operation 571 [1/1] (0.78ns)   --->   "%add_ln58_3904 = add i16 %trunc_ln42_61, i16 %sext_ln42_1629" [firmware/nnet_utils/nnet_dense_latency.h:58]   --->   Operation 571 'add' 'add_ln58_3904' <Predicate = true> <Delay = 0.78> <CoreInst = "Adder">   --->   Core 1 'Adder' <Latency = 0> <II = 1> <Delay = 0.78> <FuncUnit> <Opcode : 'add' 'sub'> <InPorts = 2> <OutPorts = 1>
ST_1 : Operation 572 [1/1] (0.67ns) (root node of TernaryAdder)   --->   "%add_ln58_3905 = add i16 %add_ln58_3904, i16 %add_ln58_3903" [firmware/nnet_utils/nnet_dense_latency.h:58]   --->   Operation 572 'add' 'add_ln58_3905' <Predicate = true> <Delay = 0.67> <CoreInst = "TAddSub">   --->   Core 10 'TAddSub' <Latency = 0> <II = 1> <Delay = 0.33> <IPBlock> <Opcode : '' 'add' 'sub'> <InPorts = 3> <OutPorts = 1> <Sync> <CReg>
ST_1 : Operation 573 [1/1] (0.00ns) (grouped into TernaryAdder)   --->   "%add_ln58_3908 = add i16 %trunc_ln42_71, i16 %trunc_ln42_76" [firmware/nnet_utils/nnet_dense_latency.h:58]   --->   Operation 573 'add' 'add_ln58_3908' <Predicate = true> <Delay = 0.00> <CoreInst = "TAddSub">   --->   Core 10 'TAddSub' <Latency = 0> <II = 1> <Delay = 0.33> <IPBlock> <Opcode : '' 'add' 'sub'> <InPorts = 3> <OutPorts = 1> <Sync> <CReg>
ST_1 : Operation 574 [1/1] (0.72ns)   --->   "%add_ln58_3909 = add i11 %sext_ln73_1009, i11 %sext_ln73_1012" [firmware/nnet_utils/nnet_dense_latency.h:58]   --->   Operation 574 'add' 'add_ln58_3909' <Predicate = true> <Delay = 0.72> <CoreInst = "Adder">   --->   Core 1 'Adder' <Latency = 0> <II = 1> <Delay = 0.72> <FuncUnit> <Opcode : 'add' 'sub'> <InPorts = 2> <OutPorts = 1>
ST_1 : Operation 575 [1/1] (0.00ns)   --->   "%sext_ln58_806 = sext i11 %add_ln58_3909" [firmware/nnet_utils/nnet_dense_latency.h:58]   --->   Operation 575 'sext' 'sext_ln58_806' <Predicate = true> <Delay = 0.00>
ST_1 : Operation 576 [1/1] (0.67ns) (root node of TernaryAdder)   --->   "%add_ln58_3910 = add i16 %sext_ln58_806, i16 %add_ln58_3908" [firmware/nnet_utils/nnet_dense_latency.h:58]   --->   Operation 576 'add' 'add_ln58_3910' <Predicate = true> <Delay = 0.67> <CoreInst = "TAddSub">   --->   Core 10 'TAddSub' <Latency = 0> <II = 1> <Delay = 0.33> <IPBlock> <Opcode : '' 'add' 'sub'> <InPorts = 3> <OutPorts = 1> <Sync> <CReg>
ST_1 : Operation 577 [1/1] (0.75ns)   --->   "%add_ln58_3911 = add i14 %sext_ln73_1015, i14 %sext_ln73_1018" [firmware/nnet_utils/nnet_dense_latency.h:58]   --->   Operation 577 'add' 'add_ln58_3911' <Predicate = true> <Delay = 0.75> <CoreInst = "Adder">   --->   Core 1 'Adder' <Latency = 0> <II = 1> <Delay = 0.75> <FuncUnit> <Opcode : 'add' 'sub'> <InPorts = 2> <OutPorts = 1>
ST_1 : Operation 578 [1/1] (0.00ns)   --->   "%sext_ln58_807 = sext i14 %add_ln58_3911" [firmware/nnet_utils/nnet_dense_latency.h:58]   --->   Operation 578 'sext' 'sext_ln58_807' <Predicate = true> <Delay = 0.00>
ST_1 : Operation 579 [1/1] (0.00ns) (grouped into TernaryAdder)   --->   "%add_ln58_3912 = add i16 %sext_ln42_1644, i16 %trunc_ln42_106" [firmware/nnet_utils/nnet_dense_latency.h:58]   --->   Operation 579 'add' 'add_ln58_3912' <Predicate = true> <Delay = 0.00> <CoreInst = "TAddSub">   --->   Core 10 'TAddSub' <Latency = 0> <II = 1> <Delay = 0.33> <IPBlock> <Opcode : '' 'add' 'sub'> <InPorts = 3> <OutPorts = 1> <Sync> <CReg>
ST_1 : Operation 580 [1/1] (0.67ns) (root node of TernaryAdder)   --->   "%add_ln58_3913 = add i16 %add_ln58_3912, i16 %sext_ln58_807" [firmware/nnet_utils/nnet_dense_latency.h:58]   --->   Operation 580 'add' 'add_ln58_3913' <Predicate = true> <Delay = 0.67> <CoreInst = "TAddSub">   --->   Core 10 'TAddSub' <Latency = 0> <II = 1> <Delay = 0.33> <IPBlock> <Opcode : '' 'add' 'sub'> <InPorts = 3> <OutPorts = 1> <Sync> <CReg>
ST_1 : Operation 581 [1/1] (0.78ns)   --->   "%add_ln58_3915 = add i16 %trunc_ln42_111, i16 %trunc_ln42_116" [firmware/nnet_utils/nnet_dense_latency.h:58]   --->   Operation 581 'add' 'add_ln58_3915' <Predicate = true> <Delay = 0.78> <CoreInst = "Adder">   --->   Core 1 'Adder' <Latency = 0> <II = 1> <Delay = 0.78> <FuncUnit> <Opcode : 'add' 'sub'> <InPorts = 2> <OutPorts = 1>
ST_1 : Operation 582 [1/1] (0.76ns)   --->   "%add_ln58_3916 = add i15 %sext_ln73_1025, i15 %sext_ln73_1031" [firmware/nnet_utils/nnet_dense_latency.h:58]   --->   Operation 582 'add' 'add_ln58_3916' <Predicate = true> <Delay = 0.76> <CoreInst = "Adder">   --->   Core 1 'Adder' <Latency = 0> <II = 1> <Delay = 0.76> <FuncUnit> <Opcode : 'add' 'sub'> <InPorts = 2> <OutPorts = 1>
ST_1 : Operation 583 [1/1] (0.00ns) (grouped into TernaryAdder)   --->   "%add_ln58_3918 = add i16 %sext_ln42_1656, i16 %sext_ln42_1659" [firmware/nnet_utils/nnet_dense_latency.h:58]   --->   Operation 583 'add' 'add_ln58_3918' <Predicate = true> <Delay = 0.00> <CoreInst = "TAddSub">   --->   Core 10 'TAddSub' <Latency = 0> <II = 1> <Delay = 0.33> <IPBlock> <Opcode : '' 'add' 'sub'> <InPorts = 3> <OutPorts = 1> <Sync> <CReg>
ST_1 : Operation 584 [1/1] (0.78ns)   --->   "%add_ln58_3919 = add i16 %trunc_ln42_141, i16 65408" [firmware/nnet_utils/nnet_dense_latency.h:58]   --->   Operation 584 'add' 'add_ln58_3919' <Predicate = true> <Delay = 0.78> <CoreInst = "Adder">   --->   Core 1 'Adder' <Latency = 0> <II = 1> <Delay = 0.78> <FuncUnit> <Opcode : 'add' 'sub'> <InPorts = 2> <OutPorts = 1>
ST_1 : Operation 585 [1/1] (0.67ns) (root node of TernaryAdder)   --->   "%add_ln58_3920 = add i16 %add_ln58_3919, i16 %add_ln58_3918" [firmware/nnet_utils/nnet_dense_latency.h:58]   --->   Operation 585 'add' 'add_ln58_3920' <Predicate = true> <Delay = 0.67> <CoreInst = "TAddSub">   --->   Core 10 'TAddSub' <Latency = 0> <II = 1> <Delay = 0.33> <IPBlock> <Opcode : '' 'add' 'sub'> <InPorts = 3> <OutPorts = 1> <Sync> <CReg>
ST_1 : Operation 586 [1/1] (0.78ns)   --->   "%add_ln58_3924 = add i16 %sext_ln42_1595, i16 %trunc_ln42_6" [firmware/nnet_utils/nnet_dense_latency.h:58]   --->   Operation 586 'add' 'add_ln58_3924' <Predicate = true> <Delay = 0.78> <CoreInst = "Adder">   --->   Core 1 'Adder' <Latency = 0> <II = 1> <Delay = 0.78> <FuncUnit> <Opcode : 'add' 'sub'> <InPorts = 2> <OutPorts = 1>
ST_1 : Operation 587 [1/1] (0.78ns)   --->   "%add_ln58_3925 = add i16 %sext_ln42_1599, i16 %trunc_ln42_12" [firmware/nnet_utils/nnet_dense_latency.h:58]   --->   Operation 587 'add' 'add_ln58_3925' <Predicate = true> <Delay = 0.78> <CoreInst = "Adder">   --->   Core 1 'Adder' <Latency = 0> <II = 1> <Delay = 0.78> <FuncUnit> <Opcode : 'add' 'sub'> <InPorts = 2> <OutPorts = 1>
ST_1 : Operation 588 [1/1] (0.00ns) (grouped into TernaryAdder)   --->   "%add_ln58_3927 = add i16 %trunc_ln42_17, i16 %trunc_ln42_22" [firmware/nnet_utils/nnet_dense_latency.h:58]   --->   Operation 588 'add' 'add_ln58_3927' <Predicate = true> <Delay = 0.00> <CoreInst = "TAddSub">   --->   Core 10 'TAddSub' <Latency = 0> <II = 1> <Delay = 0.33> <IPBlock> <Opcode : '' 'add' 'sub'> <InPorts = 3> <OutPorts = 1> <Sync> <CReg>
ST_1 : Operation 589 [1/1] (0.78ns)   --->   "%add_ln58_3928 = add i16 %trunc_ln42_27, i16 %trunc_ln42_32" [firmware/nnet_utils/nnet_dense_latency.h:58]   --->   Operation 589 'add' 'add_ln58_3928' <Predicate = true> <Delay = 0.78> <CoreInst = "Adder">   --->   Core 1 'Adder' <Latency = 0> <II = 1> <Delay = 0.78> <FuncUnit> <Opcode : 'add' 'sub'> <InPorts = 2> <OutPorts = 1>
ST_1 : Operation 590 [1/1] (0.67ns) (root node of TernaryAdder)   --->   "%add_ln58_3929 = add i16 %add_ln58_3928, i16 %add_ln58_3927" [firmware/nnet_utils/nnet_dense_latency.h:58]   --->   Operation 590 'add' 'add_ln58_3929' <Predicate = true> <Delay = 0.67> <CoreInst = "TAddSub">   --->   Core 10 'TAddSub' <Latency = 0> <II = 1> <Delay = 0.33> <IPBlock> <Opcode : '' 'add' 'sub'> <InPorts = 3> <OutPorts = 1> <Sync> <CReg>
ST_1 : Operation 591 [1/1] (0.76ns)   --->   "%add_ln58_3931 = add i15 %sext_ln73_994, i15 %sext_ln73_997" [firmware/nnet_utils/nnet_dense_latency.h:58]   --->   Operation 591 'add' 'add_ln58_3931' <Predicate = true> <Delay = 0.76> <CoreInst = "Adder">   --->   Core 1 'Adder' <Latency = 0> <II = 1> <Delay = 0.76> <FuncUnit> <Opcode : 'add' 'sub'> <InPorts = 2> <OutPorts = 1>
ST_1 : Operation 592 [1/1] (0.77ns)   --->   "%add_ln58_3932 = add i16 %sext_ln42_1614, i16 %sext_ln42_1616" [firmware/nnet_utils/nnet_dense_latency.h:58]   --->   Operation 592 'add' 'add_ln58_3932' <Predicate = true> <Delay = 0.77> <CoreInst = "Adder">   --->   Core 1 'Adder' <Latency = 0> <II = 1> <Delay = 0.77> <FuncUnit> <Opcode : 'add' 'sub'> <InPorts = 2> <OutPorts = 1>
ST_1 : Operation 593 [1/1] (0.00ns) (grouped into TernaryAdder)   --->   "%add_ln58_3934 = add i16 %sext_ln42_1619, i16 %sext_ln42_1621" [firmware/nnet_utils/nnet_dense_latency.h:58]   --->   Operation 593 'add' 'add_ln58_3934' <Predicate = true> <Delay = 0.00> <CoreInst = "TAddSub">   --->   Core 10 'TAddSub' <Latency = 0> <II = 1> <Delay = 0.33> <IPBlock> <Opcode : '' 'add' 'sub'> <InPorts = 3> <OutPorts = 1> <Sync> <CReg>
ST_1 : Operation 594 [1/1] (0.77ns)   --->   "%add_ln58_3935 = add i16 %sext_ln42_1625, i16 %sext_ln42_1630" [firmware/nnet_utils/nnet_dense_latency.h:58]   --->   Operation 594 'add' 'add_ln58_3935' <Predicate = true> <Delay = 0.77> <CoreInst = "Adder">   --->   Core 1 'Adder' <Latency = 0> <II = 1> <Delay = 0.77> <FuncUnit> <Opcode : 'add' 'sub'> <InPorts = 2> <OutPorts = 1>
ST_1 : Operation 595 [1/1] (0.67ns) (root node of TernaryAdder)   --->   "%add_ln58_3936 = add i16 %add_ln58_3935, i16 %add_ln58_3934" [firmware/nnet_utils/nnet_dense_latency.h:58]   --->   Operation 595 'add' 'add_ln58_3936' <Predicate = true> <Delay = 0.67> <CoreInst = "TAddSub">   --->   Core 10 'TAddSub' <Latency = 0> <II = 1> <Delay = 0.33> <IPBlock> <Opcode : '' 'add' 'sub'> <InPorts = 3> <OutPorts = 1> <Sync> <CReg>
ST_1 : Operation 596 [1/1] (0.00ns) (grouped into TernaryAdder)   --->   "%add_ln58_3939 = add i16 %trunc_ln42_72, i16 %sext_ln42_1634" [firmware/nnet_utils/nnet_dense_latency.h:58]   --->   Operation 596 'add' 'add_ln58_3939' <Predicate = true> <Delay = 0.00> <CoreInst = "TAddSub">   --->   Core 10 'TAddSub' <Latency = 0> <II = 1> <Delay = 0.33> <IPBlock> <Opcode : '' 'add' 'sub'> <InPorts = 3> <OutPorts = 1> <Sync> <CReg>
ST_1 : Operation 597 [1/1] (0.78ns)   --->   "%add_ln58_3940 = add i16 %trunc_ln42_82, i16 %sext_ln42_1638" [firmware/nnet_utils/nnet_dense_latency.h:58]   --->   Operation 597 'add' 'add_ln58_3940' <Predicate = true> <Delay = 0.78> <CoreInst = "Adder">   --->   Core 1 'Adder' <Latency = 0> <II = 1> <Delay = 0.78> <FuncUnit> <Opcode : 'add' 'sub'> <InPorts = 2> <OutPorts = 1>
ST_1 : Operation 598 [1/1] (0.67ns) (root node of TernaryAdder)   --->   "%add_ln58_3941 = add i16 %add_ln58_3940, i16 %add_ln58_3939" [firmware/nnet_utils/nnet_dense_latency.h:58]   --->   Operation 598 'add' 'add_ln58_3941' <Predicate = true> <Delay = 0.67> <CoreInst = "TAddSub">   --->   Core 10 'TAddSub' <Latency = 0> <II = 1> <Delay = 0.33> <IPBlock> <Opcode : '' 'add' 'sub'> <InPorts = 3> <OutPorts = 1> <Sync> <CReg>
ST_1 : Operation 599 [1/1] (0.00ns) (grouped into TernaryAdder)   --->   "%add_ln58_3942 = add i16 %trunc_ln42_92, i16 %sext_ln42_1643" [firmware/nnet_utils/nnet_dense_latency.h:58]   --->   Operation 599 'add' 'add_ln58_3942' <Predicate = true> <Delay = 0.00> <CoreInst = "TAddSub">   --->   Core 10 'TAddSub' <Latency = 0> <II = 1> <Delay = 0.33> <IPBlock> <Opcode : '' 'add' 'sub'> <InPorts = 3> <OutPorts = 1> <Sync> <CReg>
ST_1 : Operation 600 [1/1] (0.75ns)   --->   "%add_ln58_3943 = add i14 %sext_ln73_1019, i14 %sext_ln73_1024" [firmware/nnet_utils/nnet_dense_latency.h:58]   --->   Operation 600 'add' 'add_ln58_3943' <Predicate = true> <Delay = 0.75> <CoreInst = "Adder">   --->   Core 1 'Adder' <Latency = 0> <II = 1> <Delay = 0.75> <FuncUnit> <Opcode : 'add' 'sub'> <InPorts = 2> <OutPorts = 1>
ST_1 : Operation 601 [1/1] (0.00ns)   --->   "%sext_ln58_810 = sext i14 %add_ln58_3943" [firmware/nnet_utils/nnet_dense_latency.h:58]   --->   Operation 601 'sext' 'sext_ln58_810' <Predicate = true> <Delay = 0.00>
ST_1 : Operation 602 [1/1] (0.67ns) (root node of TernaryAdder)   --->   "%add_ln58_3944 = add i16 %sext_ln58_810, i16 %add_ln58_3942" [firmware/nnet_utils/nnet_dense_latency.h:58]   --->   Operation 602 'add' 'add_ln58_3944' <Predicate = true> <Delay = 0.67> <CoreInst = "TAddSub">   --->   Core 10 'TAddSub' <Latency = 0> <II = 1> <Delay = 0.33> <IPBlock> <Opcode : '' 'add' 'sub'> <InPorts = 3> <OutPorts = 1> <Sync> <CReg>
ST_1 : Operation 603 [1/1] (0.78ns)   --->   "%add_ln58_3946 = add i16 %sext_ln42_1650, i16 %trunc_ln42_117" [firmware/nnet_utils/nnet_dense_latency.h:58]   --->   Operation 603 'add' 'add_ln58_3946' <Predicate = true> <Delay = 0.78> <CoreInst = "Adder">   --->   Core 1 'Adder' <Latency = 0> <II = 1> <Delay = 0.78> <FuncUnit> <Opcode : 'add' 'sub'> <InPorts = 2> <OutPorts = 1>
ST_1 : Operation 604 [1/1] (0.77ns)   --->   "%add_ln58_3947 = add i16 %sext_ln42_1653, i16 %sext_ln42_1654" [firmware/nnet_utils/nnet_dense_latency.h:58]   --->   Operation 604 'add' 'add_ln58_3947' <Predicate = true> <Delay = 0.77> <CoreInst = "Adder">   --->   Core 1 'Adder' <Latency = 0> <II = 1> <Delay = 0.77> <FuncUnit> <Opcode : 'add' 'sub'> <InPorts = 2> <OutPorts = 1>
ST_1 : Operation 605 [1/1] (0.00ns) (grouped into TernaryAdder)   --->   "%add_ln58_3949 = add i16 %sext_ln42_1657, i16 %sext_ln42_1660" [firmware/nnet_utils/nnet_dense_latency.h:58]   --->   Operation 605 'add' 'add_ln58_3949' <Predicate = true> <Delay = 0.00> <CoreInst = "TAddSub">   --->   Core 10 'TAddSub' <Latency = 0> <II = 1> <Delay = 0.33> <IPBlock> <Opcode : '' 'add' 'sub'> <InPorts = 3> <OutPorts = 1> <Sync> <CReg>
ST_1 : Operation 606 [1/1] (0.76ns)   --->   "%add_ln58_3950 = add i15 %sext_ln73_1040, i15 99" [firmware/nnet_utils/nnet_dense_latency.h:58]   --->   Operation 606 'add' 'add_ln58_3950' <Predicate = true> <Delay = 0.76> <CoreInst = "Adder">   --->   Core 1 'Adder' <Latency = 0> <II = 1> <Delay = 0.76> <FuncUnit> <Opcode : 'add' 'sub'> <InPorts = 2> <OutPorts = 1>
ST_1 : Operation 607 [1/1] (0.00ns)   --->   "%sext_ln58_811 = sext i15 %add_ln58_3950" [firmware/nnet_utils/nnet_dense_latency.h:58]   --->   Operation 607 'sext' 'sext_ln58_811' <Predicate = true> <Delay = 0.00>
ST_1 : Operation 608 [1/1] (0.67ns) (root node of TernaryAdder)   --->   "%add_ln58_3951 = add i16 %sext_ln58_811, i16 %add_ln58_3949" [firmware/nnet_utils/nnet_dense_latency.h:58]   --->   Operation 608 'add' 'add_ln58_3951' <Predicate = true> <Delay = 0.67> <CoreInst = "TAddSub">   --->   Core 10 'TAddSub' <Latency = 0> <II = 1> <Delay = 0.33> <IPBlock> <Opcode : '' 'add' 'sub'> <InPorts = 3> <OutPorts = 1> <Sync> <CReg>
ST_1 : Operation 609 [1/1] (0.77ns)   --->   "%add_ln58_3955 = add i16 %sext_ln42_1596, i16 %sext_ln42_1597" [firmware/nnet_utils/nnet_dense_latency.h:58]   --->   Operation 609 'add' 'add_ln58_3955' <Predicate = true> <Delay = 0.77> <CoreInst = "Adder">   --->   Core 1 'Adder' <Latency = 0> <II = 1> <Delay = 0.77> <FuncUnit> <Opcode : 'add' 'sub'> <InPorts = 2> <OutPorts = 1>
ST_1 : Operation 610 [1/1] (0.77ns)   --->   "%add_ln58_3956 = add i16 %sext_ln42_1600, i16 %sext_ln42_1601" [firmware/nnet_utils/nnet_dense_latency.h:58]   --->   Operation 610 'add' 'add_ln58_3956' <Predicate = true> <Delay = 0.77> <CoreInst = "Adder">   --->   Core 1 'Adder' <Latency = 0> <II = 1> <Delay = 0.77> <FuncUnit> <Opcode : 'add' 'sub'> <InPorts = 2> <OutPorts = 1>
ST_1 : Operation 611 [1/1] (0.00ns) (grouped into TernaryAdder)   --->   "%add_ln58_3958 = add i16 %sext_ln42_1604, i16 %trunc_ln42_23" [firmware/nnet_utils/nnet_dense_latency.h:58]   --->   Operation 611 'add' 'add_ln58_3958' <Predicate = true> <Delay = 0.00> <CoreInst = "TAddSub">   --->   Core 10 'TAddSub' <Latency = 0> <II = 1> <Delay = 0.33> <IPBlock> <Opcode : '' 'add' 'sub'> <InPorts = 3> <OutPorts = 1> <Sync> <CReg>
ST_1 : Operation 612 [1/1] (0.78ns)   --->   "%add_ln58_3959 = add i16 %trunc_ln42_28, i16 %sext_ln42_1609" [firmware/nnet_utils/nnet_dense_latency.h:58]   --->   Operation 612 'add' 'add_ln58_3959' <Predicate = true> <Delay = 0.78> <CoreInst = "Adder">   --->   Core 1 'Adder' <Latency = 0> <II = 1> <Delay = 0.78> <FuncUnit> <Opcode : 'add' 'sub'> <InPorts = 2> <OutPorts = 1>
ST_1 : Operation 613 [1/1] (0.67ns) (root node of TernaryAdder)   --->   "%add_ln58_3960 = add i16 %add_ln58_3959, i16 %add_ln58_3958" [firmware/nnet_utils/nnet_dense_latency.h:58]   --->   Operation 613 'add' 'add_ln58_3960' <Predicate = true> <Delay = 0.67> <CoreInst = "TAddSub">   --->   Core 10 'TAddSub' <Latency = 0> <II = 1> <Delay = 0.33> <IPBlock> <Opcode : '' 'add' 'sub'> <InPorts = 3> <OutPorts = 1> <Sync> <CReg>
ST_1 : Operation 614 [1/1] (0.76ns)   --->   "%add_ln58_3962 = add i15 %sext_ln73_995, i15 %sext_ln73_998" [firmware/nnet_utils/nnet_dense_latency.h:58]   --->   Operation 614 'add' 'add_ln58_3962' <Predicate = true> <Delay = 0.76> <CoreInst = "Adder">   --->   Core 1 'Adder' <Latency = 0> <II = 1> <Delay = 0.76> <FuncUnit> <Opcode : 'add' 'sub'> <InPorts = 2> <OutPorts = 1>
ST_1 : Operation 615 [1/1] (0.78ns)   --->   "%add_ln58_3963 = add i16 %sext_ln42_1614, i16 %trunc_ln42_49" [firmware/nnet_utils/nnet_dense_latency.h:58]   --->   Operation 615 'add' 'add_ln58_3963' <Predicate = true> <Delay = 0.78> <CoreInst = "Adder">   --->   Core 1 'Adder' <Latency = 0> <II = 1> <Delay = 0.78> <FuncUnit> <Opcode : 'add' 'sub'> <InPorts = 2> <OutPorts = 1>
ST_1 : Operation 616 [1/1] (0.00ns) (grouped into TernaryAdder)   --->   "%add_ln58_3965 = add i16 %sext_ln42_1620, i16 %trunc_ln42_58" [firmware/nnet_utils/nnet_dense_latency.h:58]   --->   Operation 616 'add' 'add_ln58_3965' <Predicate = true> <Delay = 0.00> <CoreInst = "TAddSub">   --->   Core 10 'TAddSub' <Latency = 0> <II = 1> <Delay = 0.33> <IPBlock> <Opcode : '' 'add' 'sub'> <InPorts = 3> <OutPorts = 1> <Sync> <CReg>
ST_1 : Operation 617 [1/1] (0.77ns)   --->   "%add_ln58_3966 = add i16 %sext_ln42_1626, i16 %sext_ln42_1631" [firmware/nnet_utils/nnet_dense_latency.h:58]   --->   Operation 617 'add' 'add_ln58_3966' <Predicate = true> <Delay = 0.77> <CoreInst = "Adder">   --->   Core 1 'Adder' <Latency = 0> <II = 1> <Delay = 0.77> <FuncUnit> <Opcode : 'add' 'sub'> <InPorts = 2> <OutPorts = 1>
ST_1 : Operation 618 [1/1] (0.67ns) (root node of TernaryAdder)   --->   "%add_ln58_3967 = add i16 %add_ln58_3966, i16 %add_ln58_3965" [firmware/nnet_utils/nnet_dense_latency.h:58]   --->   Operation 618 'add' 'add_ln58_3967' <Predicate = true> <Delay = 0.67> <CoreInst = "TAddSub">   --->   Core 10 'TAddSub' <Latency = 0> <II = 1> <Delay = 0.33> <IPBlock> <Opcode : '' 'add' 'sub'> <InPorts = 3> <OutPorts = 1> <Sync> <CReg>
ST_1 : Operation 619 [1/1] (0.00ns) (grouped into TernaryAdder)   --->   "%add_ln58_3970 = add i16 %sext_ln42_1633, i16 %trunc_ln42_78" [firmware/nnet_utils/nnet_dense_latency.h:58]   --->   Operation 619 'add' 'add_ln58_3970' <Predicate = true> <Delay = 0.00> <CoreInst = "TAddSub">   --->   Core 10 'TAddSub' <Latency = 0> <II = 1> <Delay = 0.33> <IPBlock> <Opcode : '' 'add' 'sub'> <InPorts = 3> <OutPorts = 1> <Sync> <CReg>
ST_1 : Operation 620 [1/1] (0.78ns)   --->   "%add_ln58_3971 = add i16 %trunc_ln42_83, i16 %sext_ln42_1639" [firmware/nnet_utils/nnet_dense_latency.h:58]   --->   Operation 620 'add' 'add_ln58_3971' <Predicate = true> <Delay = 0.78> <CoreInst = "Adder">   --->   Core 1 'Adder' <Latency = 0> <II = 1> <Delay = 0.78> <FuncUnit> <Opcode : 'add' 'sub'> <InPorts = 2> <OutPorts = 1>
ST_1 : Operation 621 [1/1] (0.67ns) (root node of TernaryAdder)   --->   "%add_ln58_3972 = add i16 %add_ln58_3971, i16 %add_ln58_3970" [firmware/nnet_utils/nnet_dense_latency.h:58]   --->   Operation 621 'add' 'add_ln58_3972' <Predicate = true> <Delay = 0.67> <CoreInst = "TAddSub">   --->   Core 10 'TAddSub' <Latency = 0> <II = 1> <Delay = 0.33> <IPBlock> <Opcode : '' 'add' 'sub'> <InPorts = 3> <OutPorts = 1> <Sync> <CReg>
ST_1 : Operation 622 [1/1] (0.00ns) (grouped into TernaryAdder)   --->   "%add_ln58_3973 = add i16 %trunc_ln42_93, i16 %trunc_ln42_98" [firmware/nnet_utils/nnet_dense_latency.h:58]   --->   Operation 622 'add' 'add_ln58_3973' <Predicate = true> <Delay = 0.00> <CoreInst = "TAddSub">   --->   Core 10 'TAddSub' <Latency = 0> <II = 1> <Delay = 0.33> <IPBlock> <Opcode : '' 'add' 'sub'> <InPorts = 3> <OutPorts = 1> <Sync> <CReg>
ST_1 : Operation 623 [1/1] (0.77ns)   --->   "%add_ln58_3974 = add i16 %sext_ln42_1645, i16 %sext_ln42_1646" [firmware/nnet_utils/nnet_dense_latency.h:58]   --->   Operation 623 'add' 'add_ln58_3974' <Predicate = true> <Delay = 0.77> <CoreInst = "Adder">   --->   Core 1 'Adder' <Latency = 0> <II = 1> <Delay = 0.77> <FuncUnit> <Opcode : 'add' 'sub'> <InPorts = 2> <OutPorts = 1>
ST_1 : Operation 624 [1/1] (0.67ns) (root node of TernaryAdder)   --->   "%add_ln58_3975 = add i16 %add_ln58_3974, i16 %add_ln58_3973" [firmware/nnet_utils/nnet_dense_latency.h:58]   --->   Operation 624 'add' 'add_ln58_3975' <Predicate = true> <Delay = 0.67> <CoreInst = "TAddSub">   --->   Core 10 'TAddSub' <Latency = 0> <II = 1> <Delay = 0.33> <IPBlock> <Opcode : '' 'add' 'sub'> <InPorts = 3> <OutPorts = 1> <Sync> <CReg>
ST_1 : Operation 625 [1/1] (0.78ns)   --->   "%add_ln58_3977 = add i16 %sext_ln42_1651, i16 %trunc_ln42_118" [firmware/nnet_utils/nnet_dense_latency.h:58]   --->   Operation 625 'add' 'add_ln58_3977' <Predicate = true> <Delay = 0.78> <CoreInst = "Adder">   --->   Core 1 'Adder' <Latency = 0> <II = 1> <Delay = 0.78> <FuncUnit> <Opcode : 'add' 'sub'> <InPorts = 2> <OutPorts = 1>
ST_1 : Operation 626 [1/1] (0.76ns)   --->   "%add_ln58_3978 = add i15 %sext_ln73_1028, i15 %sext_ln42_1655" [firmware/nnet_utils/nnet_dense_latency.h:58]   --->   Operation 626 'add' 'add_ln58_3978' <Predicate = true> <Delay = 0.76> <CoreInst = "Adder">   --->   Core 1 'Adder' <Latency = 0> <II = 1> <Delay = 0.76> <FuncUnit> <Opcode : 'add' 'sub'> <InPorts = 2> <OutPorts = 1>
ST_1 : Operation 627 [1/1] (0.00ns)   --->   "%sext_ln58_813 = sext i15 %add_ln58_3978" [firmware/nnet_utils/nnet_dense_latency.h:58]   --->   Operation 627 'sext' 'sext_ln58_813' <Predicate = true> <Delay = 0.00>
ST_1 : Operation 628 [1/1] (0.00ns) (grouped into TernaryAdder)   --->   "%add_ln58_3979 = add i16 %sext_ln58_813, i16 %add_ln58_3977" [firmware/nnet_utils/nnet_dense_latency.h:58]   --->   Operation 628 'add' 'add_ln58_3979' <Predicate = true> <Delay = 0.00> <CoreInst = "TAddSub">   --->   Core 10 'TAddSub' <Latency = 0> <II = 1> <Delay = 0.33> <IPBlock> <Opcode : '' 'add' 'sub'> <InPorts = 3> <OutPorts = 1> <Sync> <CReg>
ST_1 : Operation 629 [1/1] (0.75ns)   --->   "%add_ln58_3980 = add i14 %sext_ln73_1034, i14 %sext_ln73_1039" [firmware/nnet_utils/nnet_dense_latency.h:58]   --->   Operation 629 'add' 'add_ln58_3980' <Predicate = true> <Delay = 0.75> <CoreInst = "Adder">   --->   Core 1 'Adder' <Latency = 0> <II = 1> <Delay = 0.75> <FuncUnit> <Opcode : 'add' 'sub'> <InPorts = 2> <OutPorts = 1>
ST_1 : Operation 630 [1/1] (0.00ns)   --->   "%sext_ln58_814 = sext i14 %add_ln58_3980" [firmware/nnet_utils/nnet_dense_latency.h:58]   --->   Operation 630 'sext' 'sext_ln58_814' <Predicate = true> <Delay = 0.00>
ST_1 : Operation 631 [1/1] (0.00ns) (grouped into TernaryAdder)   --->   "%add_ln58_3981 = add i16 %trunc_ln42_143, i16 65462" [firmware/nnet_utils/nnet_dense_latency.h:58]   --->   Operation 631 'add' 'add_ln58_3981' <Predicate = true> <Delay = 0.00> <CoreInst = "TAddSub">   --->   Core 10 'TAddSub' <Latency = 0> <II = 1> <Delay = 0.33> <IPBlock> <Opcode : '' 'add' 'sub'> <InPorts = 3> <OutPorts = 1> <Sync> <CReg>
ST_1 : Operation 632 [1/1] (0.67ns) (root node of TernaryAdder)   --->   "%add_ln58_3982 = add i16 %add_ln58_3981, i16 %sext_ln58_814" [firmware/nnet_utils/nnet_dense_latency.h:58]   --->   Operation 632 'add' 'add_ln58_3982' <Predicate = true> <Delay = 0.67> <CoreInst = "TAddSub">   --->   Core 10 'TAddSub' <Latency = 0> <II = 1> <Delay = 0.33> <IPBlock> <Opcode : '' 'add' 'sub'> <InPorts = 3> <OutPorts = 1> <Sync> <CReg>
ST_1 : Operation 633 [1/1] (0.67ns) (root node of TernaryAdder)   --->   "%add_ln58_3983 = add i16 %add_ln58_3982, i16 %add_ln58_3979" [firmware/nnet_utils/nnet_dense_latency.h:58]   --->   Operation 633 'add' 'add_ln58_3983' <Predicate = true> <Delay = 0.67> <CoreInst = "TAddSub">   --->   Core 10 'TAddSub' <Latency = 0> <II = 1> <Delay = 0.33> <IPBlock> <Opcode : '' 'add' 'sub'> <InPorts = 3> <OutPorts = 1> <Sync> <CReg>
ST_1 : Operation 634 [1/1] (0.78ns)   --->   "%add_ln58_3986 = add i16 %trunc_ln42_3, i16 %sext_ln42_1598" [firmware/nnet_utils/nnet_dense_latency.h:58]   --->   Operation 634 'add' 'add_ln58_3986' <Predicate = true> <Delay = 0.78> <CoreInst = "Adder">   --->   Core 1 'Adder' <Latency = 0> <II = 1> <Delay = 0.78> <FuncUnit> <Opcode : 'add' 'sub'> <InPorts = 2> <OutPorts = 1>
ST_1 : Operation 635 [1/1] (0.70ns)   --->   "%add_ln58_3987 = add i8 %sext_ln70_842, i8 %sext_ln70_843" [firmware/nnet_utils/nnet_dense_latency.h:58]   --->   Operation 635 'add' 'add_ln58_3987' <Predicate = true> <Delay = 0.70> <CoreInst = "Adder">   --->   Core 1 'Adder' <Latency = 0> <II = 1> <Delay = 0.70> <FuncUnit> <Opcode : 'add' 'sub'> <InPorts = 2> <OutPorts = 1>
ST_1 : Operation 636 [1/1] (0.00ns) (grouped into TernaryAdder)   --->   "%add_ln58_3989 = add i16 %sext_ln42_1602, i16 %trunc_ln42_19" [firmware/nnet_utils/nnet_dense_latency.h:58]   --->   Operation 636 'add' 'add_ln58_3989' <Predicate = true> <Delay = 0.00> <CoreInst = "TAddSub">   --->   Core 10 'TAddSub' <Latency = 0> <II = 1> <Delay = 0.33> <IPBlock> <Opcode : '' 'add' 'sub'> <InPorts = 3> <OutPorts = 1> <Sync> <CReg>
ST_1 : Operation 637 [1/1] (0.76ns)   --->   "%add_ln58_3990 = add i15 %sext_ln73_988, i15 %sext_ln73_990" [firmware/nnet_utils/nnet_dense_latency.h:58]   --->   Operation 637 'add' 'add_ln58_3990' <Predicate = true> <Delay = 0.76> <CoreInst = "Adder">   --->   Core 1 'Adder' <Latency = 0> <II = 1> <Delay = 0.76> <FuncUnit> <Opcode : 'add' 'sub'> <InPorts = 2> <OutPorts = 1>
ST_1 : Operation 638 [1/1] (0.00ns)   --->   "%sext_ln58_816 = sext i15 %add_ln58_3990" [firmware/nnet_utils/nnet_dense_latency.h:58]   --->   Operation 638 'sext' 'sext_ln58_816' <Predicate = true> <Delay = 0.00>
ST_1 : Operation 639 [1/1] (0.67ns) (root node of TernaryAdder)   --->   "%add_ln58_3991 = add i16 %sext_ln58_816, i16 %add_ln58_3989" [firmware/nnet_utils/nnet_dense_latency.h:58]   --->   Operation 639 'add' 'add_ln58_3991' <Predicate = true> <Delay = 0.67> <CoreInst = "TAddSub">   --->   Core 10 'TAddSub' <Latency = 0> <II = 1> <Delay = 0.33> <IPBlock> <Opcode : '' 'add' 'sub'> <InPorts = 3> <OutPorts = 1> <Sync> <CReg>
ST_1 : Operation 640 [1/1] (0.78ns)   --->   "%add_ln58_3993 = add i16 %sext_ln42_1610, i16 %trunc_ln42_39" [firmware/nnet_utils/nnet_dense_latency.h:58]   --->   Operation 640 'add' 'add_ln58_3993' <Predicate = true> <Delay = 0.78> <CoreInst = "Adder">   --->   Core 1 'Adder' <Latency = 0> <II = 1> <Delay = 0.78> <FuncUnit> <Opcode : 'add' 'sub'> <InPorts = 2> <OutPorts = 1>
ST_1 : Operation 641 [1/1] (0.78ns)   --->   "%add_ln58_3994 = add i16 %trunc_ln42_44, i16 %sext_ln42_1614" [firmware/nnet_utils/nnet_dense_latency.h:58]   --->   Operation 641 'add' 'add_ln58_3994' <Predicate = true> <Delay = 0.78> <CoreInst = "Adder">   --->   Core 1 'Adder' <Latency = 0> <II = 1> <Delay = 0.78> <FuncUnit> <Opcode : 'add' 'sub'> <InPorts = 2> <OutPorts = 1>
ST_1 : Operation 642 [1/1] (0.00ns) (grouped into TernaryAdder)   --->   "%add_ln58_3996 = add i16 %sext_ln42_1617, i16 %trunc_ln42_55" [firmware/nnet_utils/nnet_dense_latency.h:58]   --->   Operation 642 'add' 'add_ln58_3996' <Predicate = true> <Delay = 0.00> <CoreInst = "TAddSub">   --->   Core 10 'TAddSub' <Latency = 0> <II = 1> <Delay = 0.33> <IPBlock> <Opcode : '' 'add' 'sub'> <InPorts = 3> <OutPorts = 1> <Sync> <CReg>
ST_1 : Operation 643 [1/1] (0.77ns)   --->   "%add_ln58_3997 = add i16 %sext_ln42_1622, i16 %sext_ln42_1627" [firmware/nnet_utils/nnet_dense_latency.h:58]   --->   Operation 643 'add' 'add_ln58_3997' <Predicate = true> <Delay = 0.77> <CoreInst = "Adder">   --->   Core 1 'Adder' <Latency = 0> <II = 1> <Delay = 0.77> <FuncUnit> <Opcode : 'add' 'sub'> <InPorts = 2> <OutPorts = 1>
ST_1 : Operation 644 [1/1] (0.67ns) (root node of TernaryAdder)   --->   "%add_ln58_3998 = add i16 %add_ln58_3997, i16 %add_ln58_3996" [firmware/nnet_utils/nnet_dense_latency.h:58]   --->   Operation 644 'add' 'add_ln58_3998' <Predicate = true> <Delay = 0.67> <CoreInst = "TAddSub">   --->   Core 10 'TAddSub' <Latency = 0> <II = 1> <Delay = 0.33> <IPBlock> <Opcode : '' 'add' 'sub'> <InPorts = 3> <OutPorts = 1> <Sync> <CReg>
ST_1 : Operation 645 [1/1] (0.00ns) (grouped into TernaryAdder)   --->   "%add_ln58_4001 = add i16 %trunc_ln42_69, i16 %trunc_ln42_74" [firmware/nnet_utils/nnet_dense_latency.h:58]   --->   Operation 645 'add' 'add_ln58_4001' <Predicate = true> <Delay = 0.00> <CoreInst = "TAddSub">   --->   Core 10 'TAddSub' <Latency = 0> <II = 1> <Delay = 0.33> <IPBlock> <Opcode : '' 'add' 'sub'> <InPorts = 3> <OutPorts = 1> <Sync> <CReg>
ST_1 : Operation 646 [1/1] (0.78ns)   --->   "%add_ln58_4002 = add i16 %trunc_ln42_79, i16 %sext_ln42_1635" [firmware/nnet_utils/nnet_dense_latency.h:58]   --->   Operation 646 'add' 'add_ln58_4002' <Predicate = true> <Delay = 0.78> <CoreInst = "Adder">   --->   Core 1 'Adder' <Latency = 0> <II = 1> <Delay = 0.78> <FuncUnit> <Opcode : 'add' 'sub'> <InPorts = 2> <OutPorts = 1>
ST_1 : Operation 647 [1/1] (0.67ns) (root node of TernaryAdder)   --->   "%add_ln58_4003 = add i16 %add_ln58_4002, i16 %add_ln58_4001" [firmware/nnet_utils/nnet_dense_latency.h:58]   --->   Operation 647 'add' 'add_ln58_4003' <Predicate = true> <Delay = 0.67> <CoreInst = "TAddSub">   --->   Core 10 'TAddSub' <Latency = 0> <II = 1> <Delay = 0.33> <IPBlock> <Opcode : '' 'add' 'sub'> <InPorts = 3> <OutPorts = 1> <Sync> <CReg>
ST_1 : Operation 648 [1/1] (0.00ns) (grouped into TernaryAdder)   --->   "%add_ln58_4004 = add i16 %sext_ln42_1640, i16 %trunc_ln42_94" [firmware/nnet_utils/nnet_dense_latency.h:58]   --->   Operation 648 'add' 'add_ln58_4004' <Predicate = true> <Delay = 0.00> <CoreInst = "TAddSub">   --->   Core 10 'TAddSub' <Latency = 0> <II = 1> <Delay = 0.33> <IPBlock> <Opcode : '' 'add' 'sub'> <InPorts = 3> <OutPorts = 1> <Sync> <CReg>
ST_1 : Operation 649 [1/1] (0.78ns)   --->   "%add_ln58_4005 = add i16 %trunc_ln42_99, i16 %trunc_ln42_104" [firmware/nnet_utils/nnet_dense_latency.h:58]   --->   Operation 649 'add' 'add_ln58_4005' <Predicate = true> <Delay = 0.78> <CoreInst = "Adder">   --->   Core 1 'Adder' <Latency = 0> <II = 1> <Delay = 0.78> <FuncUnit> <Opcode : 'add' 'sub'> <InPorts = 2> <OutPorts = 1>
ST_1 : Operation 650 [1/1] (0.67ns) (root node of TernaryAdder)   --->   "%add_ln58_4006 = add i16 %add_ln58_4005, i16 %add_ln58_4004" [firmware/nnet_utils/nnet_dense_latency.h:58]   --->   Operation 650 'add' 'add_ln58_4006' <Predicate = true> <Delay = 0.67> <CoreInst = "TAddSub">   --->   Core 10 'TAddSub' <Latency = 0> <II = 1> <Delay = 0.33> <IPBlock> <Opcode : '' 'add' 'sub'> <InPorts = 3> <OutPorts = 1> <Sync> <CReg>
ST_1 : Operation 651 [1/1] (0.78ns)   --->   "%add_ln58_4008 = add i16 %sext_ln42_1647, i16 %trunc_ln42_114" [firmware/nnet_utils/nnet_dense_latency.h:58]   --->   Operation 651 'add' 'add_ln58_4008' <Predicate = true> <Delay = 0.78> <CoreInst = "Adder">   --->   Core 1 'Adder' <Latency = 0> <II = 1> <Delay = 0.78> <FuncUnit> <Opcode : 'add' 'sub'> <InPorts = 2> <OutPorts = 1>
ST_1 : Operation 652 [1/1] (0.78ns)   --->   "%add_ln58_4009 = add i16 %trunc_ln42_119, i16 %trunc_ln42_124" [firmware/nnet_utils/nnet_dense_latency.h:58]   --->   Operation 652 'add' 'add_ln58_4009' <Predicate = true> <Delay = 0.78> <CoreInst = "Adder">   --->   Core 1 'Adder' <Latency = 0> <II = 1> <Delay = 0.78> <FuncUnit> <Opcode : 'add' 'sub'> <InPorts = 2> <OutPorts = 1>
ST_1 : Operation 653 [1/1] (0.00ns) (grouped into TernaryAdder)   --->   "%add_ln58_4011 = add i16 %trunc_ln42_129, i16 %sext_ln42_1658" [firmware/nnet_utils/nnet_dense_latency.h:58]   --->   Operation 653 'add' 'add_ln58_4011' <Predicate = true> <Delay = 0.00> <CoreInst = "TAddSub">   --->   Core 10 'TAddSub' <Latency = 0> <II = 1> <Delay = 0.33> <IPBlock> <Opcode : '' 'add' 'sub'> <InPorts = 3> <OutPorts = 1> <Sync> <CReg>
ST_1 : Operation 654 [1/1] (0.00ns) (grouped into TernaryAdder)   --->   "%add_ln58_4012 = add i16 %trunc_ln42_144, i16 65532" [firmware/nnet_utils/nnet_dense_latency.h:58]   --->   Operation 654 'add' 'add_ln58_4012' <Predicate = true> <Delay = 0.00> <CoreInst = "TAddSub">   --->   Core 10 'TAddSub' <Latency = 0> <II = 1> <Delay = 0.33> <IPBlock> <Opcode : '' 'add' 'sub'> <InPorts = 3> <OutPorts = 1> <Sync> <CReg>
ST_1 : Operation 655 [1/1] (0.67ns) (root node of TernaryAdder)   --->   "%add_ln58_4013 = add i16 %add_ln58_4012, i16 %trunc_ln42_139" [firmware/nnet_utils/nnet_dense_latency.h:58]   --->   Operation 655 'add' 'add_ln58_4013' <Predicate = true> <Delay = 0.67> <CoreInst = "TAddSub">   --->   Core 10 'TAddSub' <Latency = 0> <II = 1> <Delay = 0.33> <IPBlock> <Opcode : '' 'add' 'sub'> <InPorts = 3> <OutPorts = 1> <Sync> <CReg>
ST_1 : Operation 656 [1/1] (0.67ns) (root node of TernaryAdder)   --->   "%add_ln58_4014 = add i16 %add_ln58_4013, i16 %add_ln58_4011" [firmware/nnet_utils/nnet_dense_latency.h:58]   --->   Operation 656 'add' 'add_ln58_4014' <Predicate = true> <Delay = 0.67> <CoreInst = "TAddSub">   --->   Core 10 'TAddSub' <Latency = 0> <II = 1> <Delay = 0.33> <IPBlock> <Opcode : '' 'add' 'sub'> <InPorts = 3> <OutPorts = 1> <Sync> <CReg>
ST_1 : Operation 657 [1/1] (0.78ns)   --->   "%add_ln58_4018 = add i16 %trunc_ln42_4, i16 %trunc_ln42_9" [firmware/nnet_utils/nnet_dense_latency.h:58]   --->   Operation 657 'add' 'add_ln58_4018' <Predicate = true> <Delay = 0.78> <CoreInst = "Adder">   --->   Core 1 'Adder' <Latency = 0> <II = 1> <Delay = 0.78> <FuncUnit> <Opcode : 'add' 'sub'> <InPorts = 2> <OutPorts = 1>
ST_1 : Operation 658 [1/1] (0.00ns) (grouped into TernaryAdder)   --->   "%add_ln58_4020 = add i16 %trunc_ln42_15, i16 %sext_ln42_1605" [firmware/nnet_utils/nnet_dense_latency.h:58]   --->   Operation 658 'add' 'add_ln58_4020' <Predicate = true> <Delay = 0.00> <CoreInst = "TAddSub">   --->   Core 10 'TAddSub' <Latency = 0> <II = 1> <Delay = 0.33> <IPBlock> <Opcode : '' 'add' 'sub'> <InPorts = 3> <OutPorts = 1> <Sync> <CReg>
ST_1 : Operation 659 [1/1] (0.78ns)   --->   "%add_ln58_4021 = add i16 %sext_ln42_1607, i16 %trunc_ln42_30" [firmware/nnet_utils/nnet_dense_latency.h:58]   --->   Operation 659 'add' 'add_ln58_4021' <Predicate = true> <Delay = 0.78> <CoreInst = "Adder">   --->   Core 1 'Adder' <Latency = 0> <II = 1> <Delay = 0.78> <FuncUnit> <Opcode : 'add' 'sub'> <InPorts = 2> <OutPorts = 1>
ST_1 : Operation 660 [1/1] (0.67ns) (root node of TernaryAdder)   --->   "%add_ln58_4022 = add i16 %add_ln58_4021, i16 %add_ln58_4020" [firmware/nnet_utils/nnet_dense_latency.h:58]   --->   Operation 660 'add' 'add_ln58_4022' <Predicate = true> <Delay = 0.67> <CoreInst = "TAddSub">   --->   Core 10 'TAddSub' <Latency = 0> <II = 1> <Delay = 0.33> <IPBlock> <Opcode : '' 'add' 'sub'> <InPorts = 3> <OutPorts = 1> <Sync> <CReg>
ST_1 : Operation 661 [1/1] (0.78ns)   --->   "%add_ln58_4024 = add i16 %trunc_ln42_35, i16 %trunc_ln42_40" [firmware/nnet_utils/nnet_dense_latency.h:58]   --->   Operation 661 'add' 'add_ln58_4024' <Predicate = true> <Delay = 0.78> <CoreInst = "Adder">   --->   Core 1 'Adder' <Latency = 0> <II = 1> <Delay = 0.78> <FuncUnit> <Opcode : 'add' 'sub'> <InPorts = 2> <OutPorts = 1>
ST_1 : Operation 662 [1/1] (0.77ns)   --->   "%add_ln58_4025 = add i16 %sext_ln42_1613, i16 %sext_ln42_1614" [firmware/nnet_utils/nnet_dense_latency.h:58]   --->   Operation 662 'add' 'add_ln58_4025' <Predicate = true> <Delay = 0.77> <CoreInst = "Adder">   --->   Core 1 'Adder' <Latency = 0> <II = 1> <Delay = 0.77> <FuncUnit> <Opcode : 'add' 'sub'> <InPorts = 2> <OutPorts = 1>
ST_1 : Operation 663 [1/1] (0.00ns) (grouped into TernaryAdder)   --->   "%add_ln58_4027 = add i16 %trunc_ln42_51, i16 %sext_ln42_1623" [firmware/nnet_utils/nnet_dense_latency.h:58]   --->   Operation 663 'add' 'add_ln58_4027' <Predicate = true> <Delay = 0.00> <CoreInst = "TAddSub">   --->   Core 10 'TAddSub' <Latency = 0> <II = 1> <Delay = 0.33> <IPBlock> <Opcode : '' 'add' 'sub'> <InPorts = 3> <OutPorts = 1> <Sync> <CReg>
ST_1 : Operation 664 [1/1] (0.78ns)   --->   "%add_ln58_4028 = add i16 %sext_ln42_1628, i16 %trunc_ln42_70" [firmware/nnet_utils/nnet_dense_latency.h:58]   --->   Operation 664 'add' 'add_ln58_4028' <Predicate = true> <Delay = 0.78> <CoreInst = "Adder">   --->   Core 1 'Adder' <Latency = 0> <II = 1> <Delay = 0.78> <FuncUnit> <Opcode : 'add' 'sub'> <InPorts = 2> <OutPorts = 1>
ST_1 : Operation 665 [1/1] (0.67ns) (root node of TernaryAdder)   --->   "%add_ln58_4029 = add i16 %add_ln58_4028, i16 %add_ln58_4027" [firmware/nnet_utils/nnet_dense_latency.h:58]   --->   Operation 665 'add' 'add_ln58_4029' <Predicate = true> <Delay = 0.67> <CoreInst = "TAddSub">   --->   Core 10 'TAddSub' <Latency = 0> <II = 1> <Delay = 0.33> <IPBlock> <Opcode : '' 'add' 'sub'> <InPorts = 3> <OutPorts = 1> <Sync> <CReg>
ST_1 : Operation 666 [1/1] (0.00ns) (grouped into TernaryAdder)   --->   "%add_ln58_4032 = add i16 %trunc_ln42_75, i16 %trunc_ln42_80" [firmware/nnet_utils/nnet_dense_latency.h:58]   --->   Operation 666 'add' 'add_ln58_4032' <Predicate = true> <Delay = 0.00> <CoreInst = "TAddSub">   --->   Core 10 'TAddSub' <Latency = 0> <II = 1> <Delay = 0.33> <IPBlock> <Opcode : '' 'add' 'sub'> <InPorts = 3> <OutPorts = 1> <Sync> <CReg>
ST_1 : Operation 667 [1/1] (0.78ns)   --->   "%add_ln58_4033 = add i16 %sext_ln42_1636, i16 %trunc_ln42_90" [firmware/nnet_utils/nnet_dense_latency.h:58]   --->   Operation 667 'add' 'add_ln58_4033' <Predicate = true> <Delay = 0.78> <CoreInst = "Adder">   --->   Core 1 'Adder' <Latency = 0> <II = 1> <Delay = 0.78> <FuncUnit> <Opcode : 'add' 'sub'> <InPorts = 2> <OutPorts = 1>
ST_1 : Operation 668 [1/1] (0.67ns) (root node of TernaryAdder)   --->   "%add_ln58_4034 = add i16 %add_ln58_4033, i16 %add_ln58_4032" [firmware/nnet_utils/nnet_dense_latency.h:58]   --->   Operation 668 'add' 'add_ln58_4034' <Predicate = true> <Delay = 0.67> <CoreInst = "TAddSub">   --->   Core 10 'TAddSub' <Latency = 0> <II = 1> <Delay = 0.33> <IPBlock> <Opcode : '' 'add' 'sub'> <InPorts = 3> <OutPorts = 1> <Sync> <CReg>
ST_1 : Operation 669 [1/1] (0.00ns) (grouped into TernaryAdder)   --->   "%add_ln58_4035 = add i16 %sext_ln42_1642, i16 %trunc_ln42_100" [firmware/nnet_utils/nnet_dense_latency.h:58]   --->   Operation 669 'add' 'add_ln58_4035' <Predicate = true> <Delay = 0.00> <CoreInst = "TAddSub">   --->   Core 10 'TAddSub' <Latency = 0> <II = 1> <Delay = 0.33> <IPBlock> <Opcode : '' 'add' 'sub'> <InPorts = 3> <OutPorts = 1> <Sync> <CReg>
ST_1 : Operation 670 [1/1] (0.78ns)   --->   "%add_ln58_4036 = add i16 %trunc_ln42_105, i16 %sext_ln42_1648" [firmware/nnet_utils/nnet_dense_latency.h:58]   --->   Operation 670 'add' 'add_ln58_4036' <Predicate = true> <Delay = 0.78> <CoreInst = "Adder">   --->   Core 1 'Adder' <Latency = 0> <II = 1> <Delay = 0.78> <FuncUnit> <Opcode : 'add' 'sub'> <InPorts = 2> <OutPorts = 1>
ST_1 : Operation 671 [1/1] (0.67ns) (root node of TernaryAdder)   --->   "%add_ln58_4037 = add i16 %add_ln58_4036, i16 %add_ln58_4035" [firmware/nnet_utils/nnet_dense_latency.h:58]   --->   Operation 671 'add' 'add_ln58_4037' <Predicate = true> <Delay = 0.67> <CoreInst = "TAddSub">   --->   Core 10 'TAddSub' <Latency = 0> <II = 1> <Delay = 0.33> <IPBlock> <Opcode : '' 'add' 'sub'> <InPorts = 3> <OutPorts = 1> <Sync> <CReg>
ST_1 : Operation 672 [1/1] (0.78ns)   --->   "%add_ln58_4039 = add i16 %sext_ln42_1652, i16 %trunc_ln42_120" [firmware/nnet_utils/nnet_dense_latency.h:58]   --->   Operation 672 'add' 'add_ln58_4039' <Predicate = true> <Delay = 0.78> <CoreInst = "Adder">   --->   Core 1 'Adder' <Latency = 0> <II = 1> <Delay = 0.78> <FuncUnit> <Opcode : 'add' 'sub'> <InPorts = 2> <OutPorts = 1>
ST_1 : Operation 673 [1/1] (0.78ns)   --->   "%add_ln58_4040 = add i16 %trunc_ln42_125, i16 %trunc_ln42_130" [firmware/nnet_utils/nnet_dense_latency.h:58]   --->   Operation 673 'add' 'add_ln58_4040' <Predicate = true> <Delay = 0.78> <CoreInst = "Adder">   --->   Core 1 'Adder' <Latency = 0> <II = 1> <Delay = 0.78> <FuncUnit> <Opcode : 'add' 'sub'> <InPorts = 2> <OutPorts = 1>
ST_1 : Operation 674 [1/1] (0.00ns) (grouped into TernaryAdder)   --->   "%add_ln58_4042 = add i16 %trunc_ln42_135, i16 %trunc_ln42_140" [firmware/nnet_utils/nnet_dense_latency.h:58]   --->   Operation 674 'add' 'add_ln58_4042' <Predicate = true> <Delay = 0.00> <CoreInst = "TAddSub">   --->   Core 10 'TAddSub' <Latency = 0> <II = 1> <Delay = 0.33> <IPBlock> <Opcode : '' 'add' 'sub'> <InPorts = 3> <OutPorts = 1> <Sync> <CReg>
ST_1 : Operation 675 [1/1] (0.77ns)   --->   "%add_ln58_4043 = add i16 %sext_ln42_1661, i16 131" [firmware/nnet_utils/nnet_dense_latency.h:58]   --->   Operation 675 'add' 'add_ln58_4043' <Predicate = true> <Delay = 0.77> <CoreInst = "Adder">   --->   Core 1 'Adder' <Latency = 0> <II = 1> <Delay = 0.77> <FuncUnit> <Opcode : 'add' 'sub'> <InPorts = 2> <OutPorts = 1>
ST_1 : Operation 676 [1/1] (0.67ns) (root node of TernaryAdder)   --->   "%add_ln58_4044 = add i16 %add_ln58_4043, i16 %add_ln58_4042" [firmware/nnet_utils/nnet_dense_latency.h:58]   --->   Operation 676 'add' 'add_ln58_4044' <Predicate = true> <Delay = 0.67> <CoreInst = "TAddSub">   --->   Core 10 'TAddSub' <Latency = 0> <II = 1> <Delay = 0.33> <IPBlock> <Opcode : '' 'add' 'sub'> <InPorts = 3> <OutPorts = 1> <Sync> <CReg>

State 2 <SV = 1> <Delay = 2.02>
ST_2 : Operation 677 [1/1] (0.00ns)   --->   "%specpipeline_ln33 = specpipeline void @_ssdm_op_SpecPipeline, i32 1, i32 0, i32 0, i32 0, void @empty_0" [firmware/nnet_utils/nnet_dense_latency.h:33]   --->   Operation 677 'specpipeline' 'specpipeline_ln33' <Predicate = true> <Delay = 0.00>
ST_2 : Operation 678 [1/1] (0.00ns)   --->   "%specresourcelimit_ln33 = specresourcelimit void @_ssdm_op_SpecResourceLimit, i64 160, void @empty_1, void @empty_0, void @empty_0, void @empty_0" [firmware/nnet_utils/nnet_dense_latency.h:33]   --->   Operation 678 'specresourcelimit' 'specresourcelimit_ln33' <Predicate = true> <Delay = 0.00>
ST_2 : Operation 679 [1/1] (0.00ns) (grouped into TernaryAdder)   --->   "%add_ln58_3895 = add i16 %add_ln58_3894, i16 %add_ln58" [firmware/nnet_utils/nnet_dense_latency.h:58]   --->   Operation 679 'add' 'add_ln58_3895' <Predicate = true> <Delay = 0.00> <CoreInst = "TAddSub">   --->   Core 10 'TAddSub' <Latency = 0> <II = 1> <Delay = 0.33> <IPBlock> <Opcode : '' 'add' 'sub'> <InPorts = 3> <OutPorts = 1> <Sync> <CReg>
ST_2 : Operation 680 [1/1] (0.67ns) (root node of TernaryAdder)   --->   "%add_ln58_3899 = add i16 %add_ln58_3898, i16 %add_ln58_3895" [firmware/nnet_utils/nnet_dense_latency.h:58]   --->   Operation 680 'add' 'add_ln58_3899' <Predicate = true> <Delay = 0.67> <CoreInst = "TAddSub">   --->   Core 10 'TAddSub' <Latency = 0> <II = 1> <Delay = 0.33> <IPBlock> <Opcode : '' 'add' 'sub'> <InPorts = 3> <OutPorts = 1> <Sync> <CReg>
ST_2 : Operation 681 [1/1] (0.00ns) (grouped into TernaryAdder)   --->   "%add_ln58_3902 = add i16 %add_ln58_3901, i16 %add_ln58_3900" [firmware/nnet_utils/nnet_dense_latency.h:58]   --->   Operation 681 'add' 'add_ln58_3902' <Predicate = true> <Delay = 0.00> <CoreInst = "TAddSub">   --->   Core 10 'TAddSub' <Latency = 0> <II = 1> <Delay = 0.33> <IPBlock> <Opcode : '' 'add' 'sub'> <InPorts = 3> <OutPorts = 1> <Sync> <CReg>
ST_2 : Operation 682 [1/1] (0.67ns) (root node of TernaryAdder)   --->   "%add_ln58_3906 = add i16 %add_ln58_3905, i16 %add_ln58_3902" [firmware/nnet_utils/nnet_dense_latency.h:58]   --->   Operation 682 'add' 'add_ln58_3906' <Predicate = true> <Delay = 0.67> <CoreInst = "TAddSub">   --->   Core 10 'TAddSub' <Latency = 0> <II = 1> <Delay = 0.33> <IPBlock> <Opcode : '' 'add' 'sub'> <InPorts = 3> <OutPorts = 1> <Sync> <CReg>
ST_2 : Operation 683 [1/1] (0.00ns) (grouped into TernaryAdder)   --->   "%add_ln58_3907 = add i16 %add_ln58_3906, i16 %add_ln58_3899" [firmware/nnet_utils/nnet_dense_latency.h:58]   --->   Operation 683 'add' 'add_ln58_3907' <Predicate = true> <Delay = 0.00> <CoreInst = "TAddSub">   --->   Core 10 'TAddSub' <Latency = 0> <II = 1> <Delay = 0.33> <IPBlock> <Opcode : '' 'add' 'sub'> <InPorts = 3> <OutPorts = 1> <Sync> <CReg>
ST_2 : Operation 684 [1/1] (0.00ns) (grouped into TernaryAdder)   --->   "%add_ln58_3914 = add i16 %add_ln58_3913, i16 %add_ln58_3910" [firmware/nnet_utils/nnet_dense_latency.h:58]   --->   Operation 684 'add' 'add_ln58_3914' <Predicate = true> <Delay = 0.00> <CoreInst = "TAddSub">   --->   Core 10 'TAddSub' <Latency = 0> <II = 1> <Delay = 0.33> <IPBlock> <Opcode : '' 'add' 'sub'> <InPorts = 3> <OutPorts = 1> <Sync> <CReg>
ST_2 : Operation 685 [1/1] (0.00ns)   --->   "%sext_ln58_808 = sext i15 %add_ln58_3916" [firmware/nnet_utils/nnet_dense_latency.h:58]   --->   Operation 685 'sext' 'sext_ln58_808' <Predicate = true> <Delay = 0.00>
ST_2 : Operation 686 [1/1] (0.00ns) (grouped into TernaryAdder)   --->   "%add_ln58_3917 = add i16 %sext_ln58_808, i16 %add_ln58_3915" [firmware/nnet_utils/nnet_dense_latency.h:58]   --->   Operation 686 'add' 'add_ln58_3917' <Predicate = true> <Delay = 0.00> <CoreInst = "TAddSub">   --->   Core 10 'TAddSub' <Latency = 0> <II = 1> <Delay = 0.33> <IPBlock> <Opcode : '' 'add' 'sub'> <InPorts = 3> <OutPorts = 1> <Sync> <CReg>
ST_2 : Operation 687 [1/1] (0.67ns) (root node of TernaryAdder)   --->   "%add_ln58_3921 = add i16 %add_ln58_3920, i16 %add_ln58_3917" [firmware/nnet_utils/nnet_dense_latency.h:58]   --->   Operation 687 'add' 'add_ln58_3921' <Predicate = true> <Delay = 0.67> <CoreInst = "TAddSub">   --->   Core 10 'TAddSub' <Latency = 0> <II = 1> <Delay = 0.33> <IPBlock> <Opcode : '' 'add' 'sub'> <InPorts = 3> <OutPorts = 1> <Sync> <CReg>
ST_2 : Operation 688 [1/1] (0.67ns) (root node of TernaryAdder)   --->   "%add_ln58_3922 = add i16 %add_ln58_3921, i16 %add_ln58_3914" [firmware/nnet_utils/nnet_dense_latency.h:58]   --->   Operation 688 'add' 'add_ln58_3922' <Predicate = true> <Delay = 0.67> <CoreInst = "TAddSub">   --->   Core 10 'TAddSub' <Latency = 0> <II = 1> <Delay = 0.33> <IPBlock> <Opcode : '' 'add' 'sub'> <InPorts = 3> <OutPorts = 1> <Sync> <CReg>
ST_2 : Operation 689 [1/1] (0.67ns) (root node of TernaryAdder)   --->   "%add_ln58_3923 = add i16 %add_ln58_3922, i16 %add_ln58_3907" [firmware/nnet_utils/nnet_dense_latency.h:58]   --->   Operation 689 'add' 'add_ln58_3923' <Predicate = true> <Delay = 0.67> <CoreInst = "TAddSub">   --->   Core 10 'TAddSub' <Latency = 0> <II = 1> <Delay = 0.33> <IPBlock> <Opcode : '' 'add' 'sub'> <InPorts = 3> <OutPorts = 1> <Sync> <CReg>
ST_2 : Operation 690 [1/1] (0.00ns) (grouped into TernaryAdder)   --->   "%add_ln58_3926 = add i16 %add_ln58_3925, i16 %add_ln58_3924" [firmware/nnet_utils/nnet_dense_latency.h:58]   --->   Operation 690 'add' 'add_ln58_3926' <Predicate = true> <Delay = 0.00> <CoreInst = "TAddSub">   --->   Core 10 'TAddSub' <Latency = 0> <II = 1> <Delay = 0.33> <IPBlock> <Opcode : '' 'add' 'sub'> <InPorts = 3> <OutPorts = 1> <Sync> <CReg>
ST_2 : Operation 691 [1/1] (0.67ns) (root node of TernaryAdder)   --->   "%add_ln58_3930 = add i16 %add_ln58_3929, i16 %add_ln58_3926" [firmware/nnet_utils/nnet_dense_latency.h:58]   --->   Operation 691 'add' 'add_ln58_3930' <Predicate = true> <Delay = 0.67> <CoreInst = "TAddSub">   --->   Core 10 'TAddSub' <Latency = 0> <II = 1> <Delay = 0.33> <IPBlock> <Opcode : '' 'add' 'sub'> <InPorts = 3> <OutPorts = 1> <Sync> <CReg>
ST_2 : Operation 692 [1/1] (0.00ns)   --->   "%sext_ln58_809 = sext i15 %add_ln58_3931" [firmware/nnet_utils/nnet_dense_latency.h:58]   --->   Operation 692 'sext' 'sext_ln58_809' <Predicate = true> <Delay = 0.00>
ST_2 : Operation 693 [1/1] (0.00ns) (grouped into TernaryAdder)   --->   "%add_ln58_3933 = add i16 %add_ln58_3932, i16 %sext_ln58_809" [firmware/nnet_utils/nnet_dense_latency.h:58]   --->   Operation 693 'add' 'add_ln58_3933' <Predicate = true> <Delay = 0.00> <CoreInst = "TAddSub">   --->   Core 10 'TAddSub' <Latency = 0> <II = 1> <Delay = 0.33> <IPBlock> <Opcode : '' 'add' 'sub'> <InPorts = 3> <OutPorts = 1> <Sync> <CReg>
ST_2 : Operation 694 [1/1] (0.67ns) (root node of TernaryAdder)   --->   "%add_ln58_3937 = add i16 %add_ln58_3936, i16 %add_ln58_3933" [firmware/nnet_utils/nnet_dense_latency.h:58]   --->   Operation 694 'add' 'add_ln58_3937' <Predicate = true> <Delay = 0.67> <CoreInst = "TAddSub">   --->   Core 10 'TAddSub' <Latency = 0> <II = 1> <Delay = 0.33> <IPBlock> <Opcode : '' 'add' 'sub'> <InPorts = 3> <OutPorts = 1> <Sync> <CReg>
ST_2 : Operation 695 [1/1] (0.00ns) (grouped into TernaryAdder)   --->   "%add_ln58_3938 = add i16 %add_ln58_3937, i16 %add_ln58_3930" [firmware/nnet_utils/nnet_dense_latency.h:58]   --->   Operation 695 'add' 'add_ln58_3938' <Predicate = true> <Delay = 0.00> <CoreInst = "TAddSub">   --->   Core 10 'TAddSub' <Latency = 0> <II = 1> <Delay = 0.33> <IPBlock> <Opcode : '' 'add' 'sub'> <InPorts = 3> <OutPorts = 1> <Sync> <CReg>
ST_2 : Operation 696 [1/1] (0.00ns) (grouped into TernaryAdder)   --->   "%add_ln58_3945 = add i16 %add_ln58_3944, i16 %add_ln58_3941" [firmware/nnet_utils/nnet_dense_latency.h:58]   --->   Operation 696 'add' 'add_ln58_3945' <Predicate = true> <Delay = 0.00> <CoreInst = "TAddSub">   --->   Core 10 'TAddSub' <Latency = 0> <II = 1> <Delay = 0.33> <IPBlock> <Opcode : '' 'add' 'sub'> <InPorts = 3> <OutPorts = 1> <Sync> <CReg>
ST_2 : Operation 697 [1/1] (0.00ns) (grouped into TernaryAdder)   --->   "%add_ln58_3948 = add i16 %add_ln58_3947, i16 %add_ln58_3946" [firmware/nnet_utils/nnet_dense_latency.h:58]   --->   Operation 697 'add' 'add_ln58_3948' <Predicate = true> <Delay = 0.00> <CoreInst = "TAddSub">   --->   Core 10 'TAddSub' <Latency = 0> <II = 1> <Delay = 0.33> <IPBlock> <Opcode : '' 'add' 'sub'> <InPorts = 3> <OutPorts = 1> <Sync> <CReg>
ST_2 : Operation 698 [1/1] (0.67ns) (root node of TernaryAdder)   --->   "%add_ln58_3952 = add i16 %add_ln58_3951, i16 %add_ln58_3948" [firmware/nnet_utils/nnet_dense_latency.h:58]   --->   Operation 698 'add' 'add_ln58_3952' <Predicate = true> <Delay = 0.67> <CoreInst = "TAddSub">   --->   Core 10 'TAddSub' <Latency = 0> <II = 1> <Delay = 0.33> <IPBlock> <Opcode : '' 'add' 'sub'> <InPorts = 3> <OutPorts = 1> <Sync> <CReg>
ST_2 : Operation 699 [1/1] (0.67ns) (root node of TernaryAdder)   --->   "%add_ln58_3953 = add i16 %add_ln58_3952, i16 %add_ln58_3945" [firmware/nnet_utils/nnet_dense_latency.h:58]   --->   Operation 699 'add' 'add_ln58_3953' <Predicate = true> <Delay = 0.67> <CoreInst = "TAddSub">   --->   Core 10 'TAddSub' <Latency = 0> <II = 1> <Delay = 0.33> <IPBlock> <Opcode : '' 'add' 'sub'> <InPorts = 3> <OutPorts = 1> <Sync> <CReg>
ST_2 : Operation 700 [1/1] (0.67ns) (root node of TernaryAdder)   --->   "%add_ln58_3954 = add i16 %add_ln58_3953, i16 %add_ln58_3938" [firmware/nnet_utils/nnet_dense_latency.h:58]   --->   Operation 700 'add' 'add_ln58_3954' <Predicate = true> <Delay = 0.67> <CoreInst = "TAddSub">   --->   Core 10 'TAddSub' <Latency = 0> <II = 1> <Delay = 0.33> <IPBlock> <Opcode : '' 'add' 'sub'> <InPorts = 3> <OutPorts = 1> <Sync> <CReg>
ST_2 : Operation 701 [1/1] (0.00ns) (grouped into TernaryAdder)   --->   "%add_ln58_3957 = add i16 %add_ln58_3956, i16 %add_ln58_3955" [firmware/nnet_utils/nnet_dense_latency.h:58]   --->   Operation 701 'add' 'add_ln58_3957' <Predicate = true> <Delay = 0.00> <CoreInst = "TAddSub">   --->   Core 10 'TAddSub' <Latency = 0> <II = 1> <Delay = 0.33> <IPBlock> <Opcode : '' 'add' 'sub'> <InPorts = 3> <OutPorts = 1> <Sync> <CReg>
ST_2 : Operation 702 [1/1] (0.67ns) (root node of TernaryAdder)   --->   "%add_ln58_3961 = add i16 %add_ln58_3960, i16 %add_ln58_3957" [firmware/nnet_utils/nnet_dense_latency.h:58]   --->   Operation 702 'add' 'add_ln58_3961' <Predicate = true> <Delay = 0.67> <CoreInst = "TAddSub">   --->   Core 10 'TAddSub' <Latency = 0> <II = 1> <Delay = 0.33> <IPBlock> <Opcode : '' 'add' 'sub'> <InPorts = 3> <OutPorts = 1> <Sync> <CReg>
ST_2 : Operation 703 [1/1] (0.00ns)   --->   "%sext_ln58_812 = sext i15 %add_ln58_3962" [firmware/nnet_utils/nnet_dense_latency.h:58]   --->   Operation 703 'sext' 'sext_ln58_812' <Predicate = true> <Delay = 0.00>
ST_2 : Operation 704 [1/1] (0.00ns) (grouped into TernaryAdder)   --->   "%add_ln58_3964 = add i16 %add_ln58_3963, i16 %sext_ln58_812" [firmware/nnet_utils/nnet_dense_latency.h:58]   --->   Operation 704 'add' 'add_ln58_3964' <Predicate = true> <Delay = 0.00> <CoreInst = "TAddSub">   --->   Core 10 'TAddSub' <Latency = 0> <II = 1> <Delay = 0.33> <IPBlock> <Opcode : '' 'add' 'sub'> <InPorts = 3> <OutPorts = 1> <Sync> <CReg>
ST_2 : Operation 705 [1/1] (0.67ns) (root node of TernaryAdder)   --->   "%add_ln58_3968 = add i16 %add_ln58_3967, i16 %add_ln58_3964" [firmware/nnet_utils/nnet_dense_latency.h:58]   --->   Operation 705 'add' 'add_ln58_3968' <Predicate = true> <Delay = 0.67> <CoreInst = "TAddSub">   --->   Core 10 'TAddSub' <Latency = 0> <II = 1> <Delay = 0.33> <IPBlock> <Opcode : '' 'add' 'sub'> <InPorts = 3> <OutPorts = 1> <Sync> <CReg>
ST_2 : Operation 706 [1/1] (0.00ns) (grouped into TernaryAdder)   --->   "%add_ln58_3969 = add i16 %add_ln58_3968, i16 %add_ln58_3961" [firmware/nnet_utils/nnet_dense_latency.h:58]   --->   Operation 706 'add' 'add_ln58_3969' <Predicate = true> <Delay = 0.00> <CoreInst = "TAddSub">   --->   Core 10 'TAddSub' <Latency = 0> <II = 1> <Delay = 0.33> <IPBlock> <Opcode : '' 'add' 'sub'> <InPorts = 3> <OutPorts = 1> <Sync> <CReg>
ST_2 : Operation 707 [1/1] (0.00ns) (grouped into TernaryAdder)   --->   "%add_ln58_3976 = add i16 %add_ln58_3975, i16 %add_ln58_3972" [firmware/nnet_utils/nnet_dense_latency.h:58]   --->   Operation 707 'add' 'add_ln58_3976' <Predicate = true> <Delay = 0.00> <CoreInst = "TAddSub">   --->   Core 10 'TAddSub' <Latency = 0> <II = 1> <Delay = 0.33> <IPBlock> <Opcode : '' 'add' 'sub'> <InPorts = 3> <OutPorts = 1> <Sync> <CReg>
ST_2 : Operation 708 [1/1] (0.67ns) (root node of TernaryAdder)   --->   "%add_ln58_3984 = add i16 %add_ln58_3983, i16 %add_ln58_3976" [firmware/nnet_utils/nnet_dense_latency.h:58]   --->   Operation 708 'add' 'add_ln58_3984' <Predicate = true> <Delay = 0.67> <CoreInst = "TAddSub">   --->   Core 10 'TAddSub' <Latency = 0> <II = 1> <Delay = 0.33> <IPBlock> <Opcode : '' 'add' 'sub'> <InPorts = 3> <OutPorts = 1> <Sync> <CReg>
ST_2 : Operation 709 [1/1] (0.67ns) (root node of TernaryAdder)   --->   "%add_ln58_3985 = add i16 %add_ln58_3984, i16 %add_ln58_3969" [firmware/nnet_utils/nnet_dense_latency.h:58]   --->   Operation 709 'add' 'add_ln58_3985' <Predicate = true> <Delay = 0.67> <CoreInst = "TAddSub">   --->   Core 10 'TAddSub' <Latency = 0> <II = 1> <Delay = 0.33> <IPBlock> <Opcode : '' 'add' 'sub'> <InPorts = 3> <OutPorts = 1> <Sync> <CReg>
ST_2 : Operation 710 [1/1] (0.00ns)   --->   "%sext_ln58_815 = sext i8 %add_ln58_3987" [firmware/nnet_utils/nnet_dense_latency.h:58]   --->   Operation 710 'sext' 'sext_ln58_815' <Predicate = true> <Delay = 0.00>
ST_2 : Operation 711 [1/1] (0.00ns) (grouped into TernaryAdder)   --->   "%add_ln58_3988 = add i16 %sext_ln58_815, i16 %add_ln58_3986" [firmware/nnet_utils/nnet_dense_latency.h:58]   --->   Operation 711 'add' 'add_ln58_3988' <Predicate = true> <Delay = 0.00> <CoreInst = "TAddSub">   --->   Core 10 'TAddSub' <Latency = 0> <II = 1> <Delay = 0.33> <IPBlock> <Opcode : '' 'add' 'sub'> <InPorts = 3> <OutPorts = 1> <Sync> <CReg>
ST_2 : Operation 712 [1/1] (0.67ns) (root node of TernaryAdder)   --->   "%add_ln58_3992 = add i16 %add_ln58_3991, i16 %add_ln58_3988" [firmware/nnet_utils/nnet_dense_latency.h:58]   --->   Operation 712 'add' 'add_ln58_3992' <Predicate = true> <Delay = 0.67> <CoreInst = "TAddSub">   --->   Core 10 'TAddSub' <Latency = 0> <II = 1> <Delay = 0.33> <IPBlock> <Opcode : '' 'add' 'sub'> <InPorts = 3> <OutPorts = 1> <Sync> <CReg>
ST_2 : Operation 713 [1/1] (0.00ns) (grouped into TernaryAdder)   --->   "%add_ln58_3995 = add i16 %add_ln58_3994, i16 %add_ln58_3993" [firmware/nnet_utils/nnet_dense_latency.h:58]   --->   Operation 713 'add' 'add_ln58_3995' <Predicate = true> <Delay = 0.00> <CoreInst = "TAddSub">   --->   Core 10 'TAddSub' <Latency = 0> <II = 1> <Delay = 0.33> <IPBlock> <Opcode : '' 'add' 'sub'> <InPorts = 3> <OutPorts = 1> <Sync> <CReg>
ST_2 : Operation 714 [1/1] (0.67ns) (root node of TernaryAdder)   --->   "%add_ln58_3999 = add i16 %add_ln58_3998, i16 %add_ln58_3995" [firmware/nnet_utils/nnet_dense_latency.h:58]   --->   Operation 714 'add' 'add_ln58_3999' <Predicate = true> <Delay = 0.67> <CoreInst = "TAddSub">   --->   Core 10 'TAddSub' <Latency = 0> <II = 1> <Delay = 0.33> <IPBlock> <Opcode : '' 'add' 'sub'> <InPorts = 3> <OutPorts = 1> <Sync> <CReg>
ST_2 : Operation 715 [1/1] (0.00ns) (grouped into TernaryAdder)   --->   "%add_ln58_4000 = add i16 %add_ln58_3999, i16 %add_ln58_3992" [firmware/nnet_utils/nnet_dense_latency.h:58]   --->   Operation 715 'add' 'add_ln58_4000' <Predicate = true> <Delay = 0.00> <CoreInst = "TAddSub">   --->   Core 10 'TAddSub' <Latency = 0> <II = 1> <Delay = 0.33> <IPBlock> <Opcode : '' 'add' 'sub'> <InPorts = 3> <OutPorts = 1> <Sync> <CReg>
ST_2 : Operation 716 [1/1] (0.00ns) (grouped into TernaryAdder)   --->   "%add_ln58_4007 = add i16 %add_ln58_4006, i16 %add_ln58_4003" [firmware/nnet_utils/nnet_dense_latency.h:58]   --->   Operation 716 'add' 'add_ln58_4007' <Predicate = true> <Delay = 0.00> <CoreInst = "TAddSub">   --->   Core 10 'TAddSub' <Latency = 0> <II = 1> <Delay = 0.33> <IPBlock> <Opcode : '' 'add' 'sub'> <InPorts = 3> <OutPorts = 1> <Sync> <CReg>
ST_2 : Operation 717 [1/1] (0.00ns) (grouped into TernaryAdder)   --->   "%add_ln58_4010 = add i16 %add_ln58_4009, i16 %add_ln58_4008" [firmware/nnet_utils/nnet_dense_latency.h:58]   --->   Operation 717 'add' 'add_ln58_4010' <Predicate = true> <Delay = 0.00> <CoreInst = "TAddSub">   --->   Core 10 'TAddSub' <Latency = 0> <II = 1> <Delay = 0.33> <IPBlock> <Opcode : '' 'add' 'sub'> <InPorts = 3> <OutPorts = 1> <Sync> <CReg>
ST_2 : Operation 718 [1/1] (0.67ns) (root node of TernaryAdder)   --->   "%add_ln58_4015 = add i16 %add_ln58_4014, i16 %add_ln58_4010" [firmware/nnet_utils/nnet_dense_latency.h:58]   --->   Operation 718 'add' 'add_ln58_4015' <Predicate = true> <Delay = 0.67> <CoreInst = "TAddSub">   --->   Core 10 'TAddSub' <Latency = 0> <II = 1> <Delay = 0.33> <IPBlock> <Opcode : '' 'add' 'sub'> <InPorts = 3> <OutPorts = 1> <Sync> <CReg>
ST_2 : Operation 719 [1/1] (0.67ns) (root node of TernaryAdder)   --->   "%add_ln58_4016 = add i16 %add_ln58_4015, i16 %add_ln58_4007" [firmware/nnet_utils/nnet_dense_latency.h:58]   --->   Operation 719 'add' 'add_ln58_4016' <Predicate = true> <Delay = 0.67> <CoreInst = "TAddSub">   --->   Core 10 'TAddSub' <Latency = 0> <II = 1> <Delay = 0.33> <IPBlock> <Opcode : '' 'add' 'sub'> <InPorts = 3> <OutPorts = 1> <Sync> <CReg>
ST_2 : Operation 720 [1/1] (0.67ns) (root node of TernaryAdder)   --->   "%add_ln58_4017 = add i16 %add_ln58_4016, i16 %add_ln58_4000" [firmware/nnet_utils/nnet_dense_latency.h:58]   --->   Operation 720 'add' 'add_ln58_4017' <Predicate = true> <Delay = 0.67> <CoreInst = "TAddSub">   --->   Core 10 'TAddSub' <Latency = 0> <II = 1> <Delay = 0.33> <IPBlock> <Opcode : '' 'add' 'sub'> <InPorts = 3> <OutPorts = 1> <Sync> <CReg>
ST_2 : Operation 721 [1/1] (0.00ns) (grouped into TernaryAdder)   --->   "%add_ln58_4019 = add i16 %sext_ln58_815, i16 %add_ln58_4018" [firmware/nnet_utils/nnet_dense_latency.h:58]   --->   Operation 721 'add' 'add_ln58_4019' <Predicate = true> <Delay = 0.00> <CoreInst = "TAddSub">   --->   Core 10 'TAddSub' <Latency = 0> <II = 1> <Delay = 0.33> <IPBlock> <Opcode : '' 'add' 'sub'> <InPorts = 3> <OutPorts = 1> <Sync> <CReg>
ST_2 : Operation 722 [1/1] (0.67ns) (root node of TernaryAdder)   --->   "%add_ln58_4023 = add i16 %add_ln58_4022, i16 %add_ln58_4019" [firmware/nnet_utils/nnet_dense_latency.h:58]   --->   Operation 722 'add' 'add_ln58_4023' <Predicate = true> <Delay = 0.67> <CoreInst = "TAddSub">   --->   Core 10 'TAddSub' <Latency = 0> <II = 1> <Delay = 0.33> <IPBlock> <Opcode : '' 'add' 'sub'> <InPorts = 3> <OutPorts = 1> <Sync> <CReg>
ST_2 : Operation 723 [1/1] (0.00ns) (grouped into TernaryAdder)   --->   "%add_ln58_4026 = add i16 %add_ln58_4025, i16 %add_ln58_4024" [firmware/nnet_utils/nnet_dense_latency.h:58]   --->   Operation 723 'add' 'add_ln58_4026' <Predicate = true> <Delay = 0.00> <CoreInst = "TAddSub">   --->   Core 10 'TAddSub' <Latency = 0> <II = 1> <Delay = 0.33> <IPBlock> <Opcode : '' 'add' 'sub'> <InPorts = 3> <OutPorts = 1> <Sync> <CReg>
ST_2 : Operation 724 [1/1] (0.67ns) (root node of TernaryAdder)   --->   "%add_ln58_4030 = add i16 %add_ln58_4029, i16 %add_ln58_4026" [firmware/nnet_utils/nnet_dense_latency.h:58]   --->   Operation 724 'add' 'add_ln58_4030' <Predicate = true> <Delay = 0.67> <CoreInst = "TAddSub">   --->   Core 10 'TAddSub' <Latency = 0> <II = 1> <Delay = 0.33> <IPBlock> <Opcode : '' 'add' 'sub'> <InPorts = 3> <OutPorts = 1> <Sync> <CReg>
ST_2 : Operation 725 [1/1] (0.00ns) (grouped into TernaryAdder)   --->   "%add_ln58_4031 = add i16 %add_ln58_4030, i16 %add_ln58_4023" [firmware/nnet_utils/nnet_dense_latency.h:58]   --->   Operation 725 'add' 'add_ln58_4031' <Predicate = true> <Delay = 0.00> <CoreInst = "TAddSub">   --->   Core 10 'TAddSub' <Latency = 0> <II = 1> <Delay = 0.33> <IPBlock> <Opcode : '' 'add' 'sub'> <InPorts = 3> <OutPorts = 1> <Sync> <CReg>
ST_2 : Operation 726 [1/1] (0.00ns) (grouped into TernaryAdder)   --->   "%add_ln58_4038 = add i16 %add_ln58_4037, i16 %add_ln58_4034" [firmware/nnet_utils/nnet_dense_latency.h:58]   --->   Operation 726 'add' 'add_ln58_4038' <Predicate = true> <Delay = 0.00> <CoreInst = "TAddSub">   --->   Core 10 'TAddSub' <Latency = 0> <II = 1> <Delay = 0.33> <IPBlock> <Opcode : '' 'add' 'sub'> <InPorts = 3> <OutPorts = 1> <Sync> <CReg>
ST_2 : Operation 727 [1/1] (0.00ns) (grouped into TernaryAdder)   --->   "%add_ln58_4041 = add i16 %add_ln58_4040, i16 %add_ln58_4039" [firmware/nnet_utils/nnet_dense_latency.h:58]   --->   Operation 727 'add' 'add_ln58_4041' <Predicate = true> <Delay = 0.00> <CoreInst = "TAddSub">   --->   Core 10 'TAddSub' <Latency = 0> <II = 1> <Delay = 0.33> <IPBlock> <Opcode : '' 'add' 'sub'> <InPorts = 3> <OutPorts = 1> <Sync> <CReg>
ST_2 : Operation 728 [1/1] (0.67ns) (root node of TernaryAdder)   --->   "%add_ln58_4045 = add i16 %add_ln58_4044, i16 %add_ln58_4041" [firmware/nnet_utils/nnet_dense_latency.h:58]   --->   Operation 728 'add' 'add_ln58_4045' <Predicate = true> <Delay = 0.67> <CoreInst = "TAddSub">   --->   Core 10 'TAddSub' <Latency = 0> <II = 1> <Delay = 0.33> <IPBlock> <Opcode : '' 'add' 'sub'> <InPorts = 3> <OutPorts = 1> <Sync> <CReg>
ST_2 : Operation 729 [1/1] (0.67ns) (root node of TernaryAdder)   --->   "%add_ln58_4046 = add i16 %add_ln58_4045, i16 %add_ln58_4038" [firmware/nnet_utils/nnet_dense_latency.h:58]   --->   Operation 729 'add' 'add_ln58_4046' <Predicate = true> <Delay = 0.67> <CoreInst = "TAddSub">   --->   Core 10 'TAddSub' <Latency = 0> <II = 1> <Delay = 0.33> <IPBlock> <Opcode : '' 'add' 'sub'> <InPorts = 3> <OutPorts = 1> <Sync> <CReg>
ST_2 : Operation 730 [1/1] (0.67ns) (root node of TernaryAdder)   --->   "%add_ln58_4047 = add i16 %add_ln58_4046, i16 %add_ln58_4031" [firmware/nnet_utils/nnet_dense_latency.h:58]   --->   Operation 730 'add' 'add_ln58_4047' <Predicate = true> <Delay = 0.67> <CoreInst = "TAddSub">   --->   Core 10 'TAddSub' <Latency = 0> <II = 1> <Delay = 0.33> <IPBlock> <Opcode : '' 'add' 'sub'> <InPorts = 3> <OutPorts = 1> <Sync> <CReg>
ST_2 : Operation 731 [1/1] (0.00ns)   --->   "%mrv = insertvalue i80 <undef>, i16 %add_ln58_3923" [firmware/nnet_utils/nnet_dense_latency.h:68]   --->   Operation 731 'insertvalue' 'mrv' <Predicate = true> <Delay = 0.00>
ST_2 : Operation 732 [1/1] (0.00ns)   --->   "%mrv_1 = insertvalue i80 %mrv, i16 %add_ln58_3954" [firmware/nnet_utils/nnet_dense_latency.h:68]   --->   Operation 732 'insertvalue' 'mrv_1' <Predicate = true> <Delay = 0.00>
ST_2 : Operation 733 [1/1] (0.00ns)   --->   "%mrv_2 = insertvalue i80 %mrv_1, i16 %add_ln58_3985" [firmware/nnet_utils/nnet_dense_latency.h:68]   --->   Operation 733 'insertvalue' 'mrv_2' <Predicate = true> <Delay = 0.00>
ST_2 : Operation 734 [1/1] (0.00ns)   --->   "%mrv_3 = insertvalue i80 %mrv_2, i16 %add_ln58_4017" [firmware/nnet_utils/nnet_dense_latency.h:68]   --->   Operation 734 'insertvalue' 'mrv_3' <Predicate = true> <Delay = 0.00>
ST_2 : Operation 735 [1/1] (0.00ns)   --->   "%mrv_4 = insertvalue i80 %mrv_3, i16 %add_ln58_4047" [firmware/nnet_utils/nnet_dense_latency.h:68]   --->   Operation 735 'insertvalue' 'mrv_4' <Predicate = true> <Delay = 0.00>
ST_2 : Operation 736 [1/1] (0.00ns)   --->   "%ret_ln68 = ret i80 %mrv_4" [firmware/nnet_utils/nnet_dense_latency.h:68]   --->   Operation 736 'ret' 'ret_ln68' <Predicate = true> <Delay = 0.00>


============================================================
+ Verbose Summary: Binding
============================================================
STG Binding: 
---------------- STG Properties BEGIN ----------------
- Is combinational: 0
- Is one-state seq: 0
- Is datapath-only: 1
- Is pipelined: 1
- Is top level: 0
Port [ Return ] is wired: 1; IO mode=ap_ctrl_hs:ce=0
Port [ data_0_val]:  wired=1; compound=0; hidden=0; nouse=0; global=0; static=0; extern=0; dir=0; type=0; pingpong=0; private_global=0; IO mode=ap_none:ce=0
Port [ data_1_val]:  wired=1; compound=0; hidden=0; nouse=0; global=0; static=0; extern=0; dir=0; type=0; pingpong=0; private_global=0; IO mode=ap_none:ce=0
Port [ data_2_val]:  wired=1; compound=0; hidden=0; nouse=0; global=0; static=0; extern=0; dir=0; type=0; pingpong=0; private_global=0; IO mode=ap_none:ce=0
Port [ data_3_val]:  wired=1; compound=0; hidden=0; nouse=0; global=0; static=0; extern=0; dir=0; type=0; pingpong=0; private_global=0; IO mode=ap_none:ce=0
Port [ data_4_val]:  wired=1; compound=0; hidden=0; nouse=0; global=0; static=0; extern=0; dir=0; type=0; pingpong=0; private_global=0; IO mode=ap_none:ce=0
Port [ data_5_val]:  wired=1; compound=0; hidden=0; nouse=0; global=0; static=0; extern=0; dir=0; type=0; pingpong=0; private_global=0; IO mode=ap_none:ce=0
Port [ data_6_val]:  wired=1; compound=0; hidden=0; nouse=0; global=0; static=0; extern=0; dir=0; type=0; pingpong=0; private_global=0; IO mode=ap_none:ce=0
Port [ data_7_val]:  wired=1; compound=0; hidden=0; nouse=0; global=0; static=0; extern=0; dir=0; type=0; pingpong=0; private_global=0; IO mode=ap_none:ce=0
Port [ data_8_val]:  wired=1; compound=0; hidden=0; nouse=0; global=0; static=0; extern=0; dir=0; type=0; pingpong=0; private_global=0; IO mode=ap_none:ce=0
Port [ data_9_val]:  wired=1; compound=0; hidden=0; nouse=0; global=0; static=0; extern=0; dir=0; type=0; pingpong=0; private_global=0; IO mode=ap_none:ce=0
Port [ data_10_val]:  wired=1; compound=0; hidden=0; nouse=0; global=0; static=0; extern=0; dir=0; type=0; pingpong=0; private_global=0; IO mode=ap_none:ce=0
Port [ data_11_val]:  wired=1; compound=0; hidden=0; nouse=0; global=0; static=0; extern=0; dir=0; type=0; pingpong=0; private_global=0; IO mode=ap_none:ce=0
Port [ data_12_val]:  wired=1; compound=0; hidden=0; nouse=0; global=0; static=0; extern=0; dir=0; type=0; pingpong=0; private_global=0; IO mode=ap_none:ce=0
Port [ data_13_val]:  wired=1; compound=0; hidden=0; nouse=0; global=0; static=0; extern=0; dir=0; type=0; pingpong=0; private_global=0; IO mode=ap_none:ce=0
Port [ data_14_val]:  wired=1; compound=0; hidden=0; nouse=0; global=0; static=0; extern=0; dir=0; type=0; pingpong=0; private_global=0; IO mode=ap_none:ce=0
Port [ data_15_val]:  wired=1; compound=0; hidden=0; nouse=0; global=0; static=0; extern=0; dir=0; type=0; pingpong=0; private_global=0; IO mode=ap_none:ce=0
Port [ data_16_val]:  wired=1; compound=0; hidden=0; nouse=0; global=0; static=0; extern=0; dir=0; type=0; pingpong=0; private_global=0; IO mode=ap_none:ce=0
Port [ data_17_val]:  wired=1; compound=0; hidden=0; nouse=0; global=0; static=0; extern=0; dir=0; type=0; pingpong=0; private_global=0; IO mode=ap_none:ce=0
Port [ data_18_val]:  wired=1; compound=0; hidden=0; nouse=0; global=0; static=0; extern=0; dir=0; type=0; pingpong=0; private_global=0; IO mode=ap_none:ce=0
Port [ data_19_val]:  wired=1; compound=0; hidden=0; nouse=0; global=0; static=0; extern=0; dir=0; type=0; pingpong=0; private_global=0; IO mode=ap_none:ce=0
Port [ data_20_val]:  wired=1; compound=0; hidden=0; nouse=0; global=0; static=0; extern=0; dir=0; type=0; pingpong=0; private_global=0; IO mode=ap_none:ce=0
Port [ data_21_val]:  wired=1; compound=0; hidden=0; nouse=0; global=0; static=0; extern=0; dir=0; type=0; pingpong=0; private_global=0; IO mode=ap_none:ce=0
Port [ data_22_val]:  wired=1; compound=0; hidden=0; nouse=0; global=0; static=0; extern=0; dir=0; type=0; pingpong=0; private_global=0; IO mode=ap_none:ce=0
Port [ data_23_val]:  wired=1; compound=0; hidden=0; nouse=0; global=0; static=0; extern=0; dir=0; type=0; pingpong=0; private_global=0; IO mode=ap_none:ce=0
Port [ data_24_val]:  wired=1; compound=0; hidden=0; nouse=0; global=0; static=0; extern=0; dir=0; type=0; pingpong=0; private_global=0; IO mode=ap_none:ce=0
Port [ data_25_val]:  wired=1; compound=0; hidden=0; nouse=0; global=0; static=0; extern=0; dir=0; type=0; pingpong=0; private_global=0; IO mode=ap_none:ce=0
Port [ data_26_val]:  wired=1; compound=0; hidden=0; nouse=0; global=0; static=0; extern=0; dir=0; type=0; pingpong=0; private_global=0; IO mode=ap_none:ce=0
Port [ data_27_val]:  wired=1; compound=0; hidden=0; nouse=0; global=0; static=0; extern=0; dir=0; type=0; pingpong=0; private_global=0; IO mode=ap_none:ce=0
Port [ data_28_val]:  wired=1; compound=0; hidden=0; nouse=0; global=0; static=0; extern=0; dir=0; type=0; pingpong=0; private_global=0; IO mode=ap_none:ce=0
Port [ data_29_val]:  wired=1; compound=0; hidden=0; nouse=0; global=0; static=0; extern=0; dir=0; type=0; pingpong=0; private_global=0; IO mode=ap_none:ce=0
Port [ data_30_val]:  wired=1; compound=0; hidden=0; nouse=0; global=0; static=0; extern=0; dir=0; type=0; pingpong=0; private_global=0; IO mode=ap_none:ce=0
Port [ data_31_val]:  wired=1; compound=0; hidden=0; nouse=0; global=0; static=0; extern=0; dir=0; type=0; pingpong=0; private_global=0; IO mode=ap_none:ce=0
---------------- STG Properties END ------------------

---------------- Datapath Model BEGIN ----------------

<LifeTime>
<method=bitvector/>
data_31_val_read       (read             ) [ 000]
data_30_val_read       (read             ) [ 000]
data_29_val_read       (read             ) [ 000]
data_28_val_read       (read             ) [ 000]
data_27_val_read       (read             ) [ 000]
data_26_val_read       (read             ) [ 000]
data_25_val_read       (read             ) [ 000]
data_24_val_read       (read             ) [ 000]
data_23_val_read       (read             ) [ 000]
data_22_val_read       (read             ) [ 000]
data_21_val_read       (read             ) [ 000]
data_20_val_read       (read             ) [ 000]
data_19_val_read       (read             ) [ 000]
data_18_val_read       (read             ) [ 000]
data_17_val_read       (read             ) [ 000]
data_16_val_read       (read             ) [ 000]
data_15_val_read       (read             ) [ 000]
data_14_val_read       (read             ) [ 000]
data_13_val_read       (read             ) [ 000]
data_12_val_read       (read             ) [ 000]
data_11_val_read       (read             ) [ 000]
data_10_val_read       (read             ) [ 000]
data_9_val_read        (read             ) [ 000]
data_8_val_read        (read             ) [ 000]
data_7_val_read        (read             ) [ 000]
data_6_val_read        (read             ) [ 000]
data_5_val_read        (read             ) [ 000]
data_4_val_read        (read             ) [ 000]
data_3_val_read        (read             ) [ 000]
data_2_val_read        (read             ) [ 000]
data_1_val_read        (read             ) [ 000]
data_0_val_read        (read             ) [ 000]
sext_ln42              (sext             ) [ 000]
sext_ln70              (sext             ) [ 000]
sext_ln70_775          (sext             ) [ 000]
mul_ln73               (mul              ) [ 000]
trunc_ln               (partselect       ) [ 000]
mul_ln73_2188          (mul              ) [ 000]
trunc_ln42_s           (partselect       ) [ 000]
sext_ln42_1595         (sext             ) [ 000]
mul_ln73_2189          (mul              ) [ 000]
trunc_ln42_1           (partselect       ) [ 000]
sext_ln42_1596         (sext             ) [ 000]
mul_ln42               (mul              ) [ 000]
trunc_ln42_3           (partselect       ) [ 000]
mul_ln73_2190          (mul              ) [ 000]
trunc_ln42_4           (partselect       ) [ 000]
sext_ln70_776          (sext             ) [ 000]
sext_ln70_777          (sext             ) [ 000]
sext_ln70_778          (sext             ) [ 000]
mul_ln73_2191          (mul              ) [ 000]
trunc_ln42_5           (partselect       ) [ 000]
mul_ln73_2192          (mul              ) [ 000]
trunc_ln42_6           (partselect       ) [ 000]
mul_ln73_2193          (mul              ) [ 000]
trunc_ln42_2           (partselect       ) [ 000]
sext_ln42_1597         (sext             ) [ 000]
mul_ln73_2194          (mul              ) [ 000]
trunc_ln42_7           (partselect       ) [ 000]
sext_ln42_1598         (sext             ) [ 000]
mul_ln73_2195          (mul              ) [ 000]
trunc_ln42_9           (partselect       ) [ 000]
sext_ln70_779          (sext             ) [ 000]
sub_ln73               (sub              ) [ 000]
trunc_ln42_8           (partselect       ) [ 000]
sext_ln42_1599         (sext             ) [ 000]
sext_ln70_842          (sext             ) [ 000]
sext_ln70_780          (sext             ) [ 000]
sub_ln73_88            (sub              ) [ 000]
trunc_ln42_10          (partselect       ) [ 000]
sext_ln42_1600         (sext             ) [ 000]
sext_ln70_843          (sext             ) [ 000]
sext_ln70_781          (sext             ) [ 000]
sext_ln70_782          (sext             ) [ 000]
sext_ln70_783          (sext             ) [ 000]
mul_ln73_2196          (mul              ) [ 000]
trunc_ln42_11          (partselect       ) [ 000]
mul_ln73_2197          (mul              ) [ 000]
trunc_ln42_12          (partselect       ) [ 000]
mul_ln73_2198          (mul              ) [ 000]
trunc_ln42_13          (partselect       ) [ 000]
sext_ln42_1601         (sext             ) [ 000]
mul_ln73_2199          (mul              ) [ 000]
trunc_ln42_14          (partselect       ) [ 000]
sext_ln42_1602         (sext             ) [ 000]
mul_ln73_2200          (mul              ) [ 000]
trunc_ln42_15          (partselect       ) [ 000]
sext_ln70_784          (sext             ) [ 000]
sext_ln42_1603         (sext             ) [ 000]
mul_ln73_2201          (mul              ) [ 000]
trunc_ln42_16          (partselect       ) [ 000]
mul_ln42_93            (mul              ) [ 000]
trunc_ln42_17          (partselect       ) [ 000]
shl_ln                 (bitconcatenate   ) [ 000]
sext_ln73              (sext             ) [ 000]
shl_ln73_s             (bitconcatenate   ) [ 000]
sext_ln73_987          (sext             ) [ 000]
add_ln73               (add              ) [ 000]
trunc_ln42_18          (partselect       ) [ 000]
sext_ln42_1604         (sext             ) [ 000]
mul_ln73_2202          (mul              ) [ 000]
trunc_ln42_19          (partselect       ) [ 000]
mul_ln73_2203          (mul              ) [ 000]
trunc_ln42_20          (partselect       ) [ 000]
sext_ln42_1605         (sext             ) [ 000]
sext_ln70_785          (sext             ) [ 000]
sext_ln70_786          (sext             ) [ 000]
sext_ln42_1606         (sext             ) [ 000]
mul_ln73_2204          (mul              ) [ 000]
trunc_ln42_21          (partselect       ) [ 000]
mul_ln73_2205          (mul              ) [ 000]
trunc_ln42_22          (partselect       ) [ 000]
mul_ln42_94            (mul              ) [ 000]
trunc_ln42_23          (partselect       ) [ 000]
mul_ln73_2206          (mul              ) [ 000]
trunc_ln42_24          (partselect       ) [ 000]
sext_ln73_988          (sext             ) [ 000]
mul_ln73_2207          (mul              ) [ 000]
trunc_ln42_25          (partselect       ) [ 000]
sext_ln42_1607         (sext             ) [ 000]
sext_ln42_1608         (sext             ) [ 000]
sext_ln70_787          (sext             ) [ 000]
mul_ln73_2208          (mul              ) [ 000]
trunc_ln42_26          (partselect       ) [ 000]
sext_ln73_989          (sext             ) [ 000]
mul_ln73_2209          (mul              ) [ 000]
trunc_ln42_27          (partselect       ) [ 000]
mul_ln42_95            (mul              ) [ 000]
trunc_ln42_28          (partselect       ) [ 000]
mul_ln73_2210          (mul              ) [ 000]
trunc_ln42_29          (partselect       ) [ 000]
sext_ln73_990          (sext             ) [ 000]
mul_ln73_2211          (mul              ) [ 000]
trunc_ln42_30          (partselect       ) [ 000]
sext_ln70_788          (sext             ) [ 000]
sext_ln70_789          (sext             ) [ 000]
shl_ln73_586           (bitconcatenate   ) [ 000]
sext_ln73_991          (sext             ) [ 000]
shl_ln73_587           (bitconcatenate   ) [ 000]
sext_ln73_992          (sext             ) [ 000]
add_ln73_192           (add              ) [ 000]
trunc_ln42_31          (partselect       ) [ 000]
sext_ln73_993          (sext             ) [ 000]
mul_ln73_2212          (mul              ) [ 000]
trunc_ln42_32          (partselect       ) [ 000]
mul_ln73_2213          (mul              ) [ 000]
trunc_ln42_33          (partselect       ) [ 000]
sext_ln42_1609         (sext             ) [ 000]
mul_ln73_2214          (mul              ) [ 000]
trunc_ln42_34          (partselect       ) [ 000]
sext_ln42_1610         (sext             ) [ 000]
mul_ln73_2215          (mul              ) [ 000]
trunc_ln42_35          (partselect       ) [ 000]
sext_ln70_790          (sext             ) [ 000]
sext_ln70_791          (sext             ) [ 000]
sext_ln70_792          (sext             ) [ 000]
sext_ln70_793          (sext             ) [ 000]
mul_ln73_2216          (mul              ) [ 000]
trunc_ln42_36          (partselect       ) [ 000]
sext_ln42_1611         (sext             ) [ 000]
mul_ln73_2217          (mul              ) [ 000]
trunc_ln42_37          (partselect       ) [ 000]
sext_ln73_994          (sext             ) [ 000]
mul_ln73_2218          (mul              ) [ 000]
trunc_ln42_38          (partselect       ) [ 000]
sext_ln73_995          (sext             ) [ 000]
mul_ln73_2219          (mul              ) [ 000]
trunc_ln42_39          (partselect       ) [ 000]
shl_ln73_588           (bitconcatenate   ) [ 000]
sub_ln73_805           (sub              ) [ 000]
shl_ln73_589           (bitconcatenate   ) [ 000]
sext_ln73_996          (sext             ) [ 000]
sub_ln73_806           (sub              ) [ 000]
trunc_ln42_40          (partselect       ) [ 000]
sext_ln70_794          (sext             ) [ 000]
sext_ln70_795          (sext             ) [ 000]
sext_ln70_796          (sext             ) [ 000]
mul_ln73_2220          (mul              ) [ 000]
trunc_ln42_41          (partselect       ) [ 000]
sext_ln42_1612         (sext             ) [ 000]
mul_ln73_2221          (mul              ) [ 000]
trunc_ln42_42          (partselect       ) [ 000]
sext_ln73_997          (sext             ) [ 000]
mul_ln73_2222          (mul              ) [ 000]
trunc_ln42_43          (partselect       ) [ 000]
sext_ln73_998          (sext             ) [ 000]
mul_ln73_2223          (mul              ) [ 000]
trunc_ln42_44          (partselect       ) [ 000]
mul_ln73_2224          (mul              ) [ 000]
trunc_ln42_45          (partselect       ) [ 000]
sext_ln42_1613         (sext             ) [ 000]
sext_ln70_797          (sext             ) [ 000]
sub_ln73_89            (sub              ) [ 000]
trunc_ln42_46          (partselect       ) [ 000]
sext_ln42_1614         (sext             ) [ 000]
sext_ln70_798          (sext             ) [ 000]
sext_ln70_799          (sext             ) [ 000]
mul_ln73_2225          (mul              ) [ 000]
trunc_ln42_47          (partselect       ) [ 000]
sext_ln42_1615         (sext             ) [ 000]
mul_ln73_2226          (mul              ) [ 000]
trunc_ln42_48          (partselect       ) [ 000]
sext_ln42_1616         (sext             ) [ 000]
mul_ln42_96            (mul              ) [ 000]
trunc_ln42_49          (partselect       ) [ 000]
mul_ln73_2227          (mul              ) [ 000]
trunc_ln42_50          (partselect       ) [ 000]
sext_ln42_1617         (sext             ) [ 000]
mul_ln73_2228          (mul              ) [ 000]
trunc_ln42_51          (partselect       ) [ 000]
sext_ln42_1618         (sext             ) [ 000]
sext_ln70_800          (sext             ) [ 000]
mul_ln73_2229          (mul              ) [ 000]
trunc_ln42_52          (partselect       ) [ 000]
mul_ln73_2230          (mul              ) [ 000]
trunc_ln42_53          (partselect       ) [ 000]
sext_ln42_1619         (sext             ) [ 000]
shl_ln73_590           (bitconcatenate   ) [ 000]
sext_ln73_999          (sext             ) [ 000]
sub_ln73_807           (sub              ) [ 000]
trunc_ln42_54          (partselect       ) [ 000]
sext_ln42_1620         (sext             ) [ 000]
mul_ln42_97            (mul              ) [ 000]
trunc_ln42_55          (partselect       ) [ 000]
sext_ln70_801          (sext             ) [ 000]
sext_ln70_802          (sext             ) [ 000]
sext_ln70_803          (sext             ) [ 000]
mul_ln73_2231          (mul              ) [ 000]
trunc_ln42_56          (partselect       ) [ 000]
mul_ln73_2232          (mul              ) [ 000]
trunc_ln42_57          (partselect       ) [ 000]
sext_ln42_1621         (sext             ) [ 000]
mul_ln73_2233          (mul              ) [ 000]
trunc_ln42_58          (partselect       ) [ 000]
shl_ln73_591           (bitconcatenate   ) [ 000]
sext_ln73_1000         (sext             ) [ 000]
shl_ln73_592           (bitconcatenate   ) [ 000]
sext_ln73_1001         (sext             ) [ 000]
sub_ln73_808           (sub              ) [ 000]
trunc_ln42_59          (partselect       ) [ 000]
sext_ln42_1622         (sext             ) [ 000]
mul_ln73_2234          (mul              ) [ 000]
trunc_ln42_60          (partselect       ) [ 000]
sext_ln42_1623         (sext             ) [ 000]
sext_ln70_804          (sext             ) [ 000]
sext_ln70_805          (sext             ) [ 000]
sext_ln42_1624         (sext             ) [ 000]
mul_ln42_98            (mul              ) [ 000]
trunc_ln42_61          (partselect       ) [ 000]
mul_ln73_2235          (mul              ) [ 000]
trunc_ln42_62          (partselect       ) [ 000]
sext_ln42_1625         (sext             ) [ 000]
mul_ln73_2236          (mul              ) [ 000]
trunc_ln42_63          (partselect       ) [ 000]
sext_ln42_1626         (sext             ) [ 000]
mul_ln73_2237          (mul              ) [ 000]
trunc_ln42_64          (partselect       ) [ 000]
sext_ln42_1627         (sext             ) [ 000]
mul_ln73_2238          (mul              ) [ 000]
trunc_ln42_65          (partselect       ) [ 000]
sext_ln42_1628         (sext             ) [ 000]
sext_ln70_806          (sext             ) [ 000]
sext_ln70_807          (sext             ) [ 000]
sext_ln70_808          (sext             ) [ 000]
shl_ln73_593           (bitconcatenate   ) [ 000]
sext_ln73_1002         (sext             ) [ 000]
shl_ln73_594           (bitconcatenate   ) [ 000]
sext_ln73_1003         (sext             ) [ 000]
sub_ln73_809           (sub              ) [ 000]
trunc_ln42_66          (partselect       ) [ 000]
sext_ln42_1629         (sext             ) [ 000]
mul_ln73_2239          (mul              ) [ 000]
trunc_ln42_67          (partselect       ) [ 000]
sext_ln42_1630         (sext             ) [ 000]
mul_ln73_2240          (mul              ) [ 000]
trunc_ln42_68          (partselect       ) [ 000]
sext_ln42_1631         (sext             ) [ 000]
mul_ln42_99            (mul              ) [ 000]
trunc_ln42_69          (partselect       ) [ 000]
mul_ln73_2241          (mul              ) [ 000]
trunc_ln42_70          (partselect       ) [ 000]
sext_ln42_1632         (sext             ) [ 000]
mul_ln73_2242          (mul              ) [ 000]
trunc_ln42_71          (partselect       ) [ 000]
mul_ln42_100           (mul              ) [ 000]
trunc_ln42_72          (partselect       ) [ 000]
shl_ln73_595           (bitconcatenate   ) [ 000]
sext_ln73_1004         (sext             ) [ 000]
sub_ln73_810           (sub              ) [ 000]
shl_ln73_596           (bitconcatenate   ) [ 000]
sext_ln73_1005         (sext             ) [ 000]
sub_ln73_811           (sub              ) [ 000]
trunc_ln42_73          (partselect       ) [ 000]
sext_ln42_1633         (sext             ) [ 000]
mul_ln73_2243          (mul              ) [ 000]
trunc_ln42_74          (partselect       ) [ 000]
mul_ln73_2244          (mul              ) [ 000]
trunc_ln42_75          (partselect       ) [ 000]
sext_ln70_809          (sext             ) [ 000]
sext_ln70_810          (sext             ) [ 000]
mul_ln73_2245          (mul              ) [ 000]
trunc_ln42_76          (partselect       ) [ 000]
mul_ln73_2246          (mul              ) [ 000]
trunc_ln42_77          (partselect       ) [ 000]
sext_ln42_1634         (sext             ) [ 000]
mul_ln73_2247          (mul              ) [ 000]
trunc_ln42_78          (partselect       ) [ 000]
mul_ln42_101           (mul              ) [ 000]
trunc_ln42_79          (partselect       ) [ 000]
mul_ln42_102           (mul              ) [ 000]
trunc_ln42_80          (partselect       ) [ 000]
sext_ln70_811          (sext             ) [ 000]
sext_ln70_812          (sext             ) [ 000]
shl_ln73_597           (bitconcatenate   ) [ 000]
sext_ln73_1006         (sext             ) [ 000]
shl_ln73_598           (bitconcatenate   ) [ 000]
sext_ln73_1007         (sext             ) [ 000]
sext_ln73_1008         (sext             ) [ 000]
add_ln73_193           (add              ) [ 000]
trunc_ln42_81          (partselect       ) [ 000]
sext_ln73_1009         (sext             ) [ 000]
mul_ln73_2248          (mul              ) [ 000]
trunc_ln42_82          (partselect       ) [ 000]
mul_ln73_2249          (mul              ) [ 000]
trunc_ln42_83          (partselect       ) [ 000]
shl_ln73_599           (bitconcatenate   ) [ 000]
sext_ln73_1010         (sext             ) [ 000]
sub_ln73_812           (sub              ) [ 000]
trunc_ln42_84          (partselect       ) [ 000]
sext_ln42_1635         (sext             ) [ 000]
mul_ln73_2250          (mul              ) [ 000]
trunc_ln42_85          (partselect       ) [ 000]
sext_ln42_1636         (sext             ) [ 000]
sext_ln42_1637         (sext             ) [ 000]
sext_ln70_813          (sext             ) [ 000]
sext_ln70_814          (sext             ) [ 000]
sext_ln70_815          (sext             ) [ 000]
shl_ln73_600           (bitconcatenate   ) [ 000]
sext_ln73_1011         (sext             ) [ 000]
sub_ln73_813           (sub              ) [ 000]
sub_ln73_814           (sub              ) [ 000]
trunc_ln42_86          (partselect       ) [ 000]
sext_ln73_1012         (sext             ) [ 000]
mul_ln73_2251          (mul              ) [ 000]
trunc_ln42_87          (partselect       ) [ 000]
sext_ln42_1638         (sext             ) [ 000]
shl_ln73_601           (bitconcatenate   ) [ 000]
sext_ln73_1013         (sext             ) [ 000]
shl_ln73_602           (bitconcatenate   ) [ 000]
sext_ln73_1014         (sext             ) [ 000]
add_ln73_194           (add              ) [ 000]
trunc_ln42_88          (partselect       ) [ 000]
sext_ln42_1639         (sext             ) [ 000]
mul_ln73_2252          (mul              ) [ 000]
trunc_ln42_89          (partselect       ) [ 000]
sext_ln42_1640         (sext             ) [ 000]
mul_ln42_103           (mul              ) [ 000]
trunc_ln42_90          (partselect       ) [ 000]
sext_ln70_816          (sext             ) [ 000]
sext_ln42_1641         (sext             ) [ 000]
sext_ln70_817          (sext             ) [ 000]
mul_ln73_2253          (mul              ) [ 000]
trunc_ln42_91          (partselect       ) [ 000]
sext_ln73_1015         (sext             ) [ 000]
mul_ln73_2254          (mul              ) [ 000]
trunc_ln42_92          (partselect       ) [ 000]
mul_ln42_104           (mul              ) [ 000]
trunc_ln42_93          (partselect       ) [ 000]
shl_ln73_603           (bitconcatenate   ) [ 000]
sext_ln73_1016         (sext             ) [ 000]
sub_ln73_815           (sub              ) [ 000]
shl_ln73_604           (bitconcatenate   ) [ 000]
sext_ln73_1017         (sext             ) [ 000]
sub_ln73_816           (sub              ) [ 000]
trunc_ln42_94          (partselect       ) [ 000]
mul_ln73_2255          (mul              ) [ 000]
trunc_ln42_95          (partselect       ) [ 000]
sext_ln42_1642         (sext             ) [ 000]
sext_ln70_818          (sext             ) [ 000]
sext_ln70_819          (sext             ) [ 000]
sext_ln70_820          (sext             ) [ 000]
mul_ln73_2256          (mul              ) [ 000]
trunc_ln42_96          (partselect       ) [ 000]
sext_ln73_1018         (sext             ) [ 000]
mul_ln73_2257          (mul              ) [ 000]
trunc_ln42_97          (partselect       ) [ 000]
sext_ln42_1643         (sext             ) [ 000]
mul_ln73_2258          (mul              ) [ 000]
trunc_ln42_98          (partselect       ) [ 000]
mul_ln42_105           (mul              ) [ 000]
trunc_ln42_99          (partselect       ) [ 000]
mul_ln42_106           (mul              ) [ 000]
trunc_ln42_100         (partselect       ) [ 000]
sext_ln70_821          (sext             ) [ 000]
sext_ln70_822          (sext             ) [ 000]
sext_ln70_823          (sext             ) [ 000]
mul_ln73_2259          (mul              ) [ 000]
trunc_ln42_101         (partselect       ) [ 000]
sext_ln42_1644         (sext             ) [ 000]
mul_ln73_2260          (mul              ) [ 000]
trunc_ln42_102         (partselect       ) [ 000]
sext_ln73_1019         (sext             ) [ 000]
shl_ln73_605           (bitconcatenate   ) [ 000]
sext_ln73_1020         (sext             ) [ 000]
shl_ln73_606           (bitconcatenate   ) [ 000]
sext_ln73_1021         (sext             ) [ 000]
sub_ln73_817           (sub              ) [ 000]
trunc_ln42_103         (partselect       ) [ 000]
sext_ln42_1645         (sext             ) [ 000]
mul_ln73_2261          (mul              ) [ 000]
trunc_ln42_104         (partselect       ) [ 000]
mul_ln73_2262          (mul              ) [ 000]
trunc_ln42_105         (partselect       ) [ 000]
sext_ln70_824          (sext             ) [ 000]
sext_ln70_825          (sext             ) [ 000]
mul_ln73_2263          (mul              ) [ 000]
trunc_ln42_106         (partselect       ) [ 000]
shl_ln73_607           (bitconcatenate   ) [ 000]
sext_ln73_1022         (sext             ) [ 000]
shl_ln73_608           (bitconcatenate   ) [ 000]
sext_ln73_1023         (sext             ) [ 000]
sub_ln73_818           (sub              ) [ 000]
trunc_ln42_107         (partselect       ) [ 000]
sext_ln73_1024         (sext             ) [ 000]
mul_ln73_2264          (mul              ) [ 000]
trunc_ln42_108         (partselect       ) [ 000]
sext_ln42_1646         (sext             ) [ 000]
mul_ln73_2265          (mul              ) [ 000]
trunc_ln42_109         (partselect       ) [ 000]
sext_ln42_1647         (sext             ) [ 000]
mul_ln73_2266          (mul              ) [ 000]
trunc_ln42_110         (partselect       ) [ 000]
sext_ln42_1648         (sext             ) [ 000]
sext_ln42_1649         (sext             ) [ 000]
sext_ln70_826          (sext             ) [ 000]
sext_ln70_827          (sext             ) [ 000]
mul_ln73_2267          (mul              ) [ 000]
trunc_ln42_111         (partselect       ) [ 000]
mul_ln73_2268          (mul              ) [ 000]
trunc_ln42_112         (partselect       ) [ 000]
sext_ln42_1650         (sext             ) [ 000]
mul_ln73_2269          (mul              ) [ 000]
trunc_ln42_113         (partselect       ) [ 000]
sext_ln42_1651         (sext             ) [ 000]
mul_ln42_107           (mul              ) [ 000]
trunc_ln42_114         (partselect       ) [ 000]
mul_ln73_2270          (mul              ) [ 000]
trunc_ln42_115         (partselect       ) [ 000]
sext_ln42_1652         (sext             ) [ 000]
sext_ln70_828          (sext             ) [ 000]
mul_ln42_108           (mul              ) [ 000]
trunc_ln42_116         (partselect       ) [ 000]
mul_ln42_109           (mul              ) [ 000]
trunc_ln42_117         (partselect       ) [ 000]
mul_ln42_110           (mul              ) [ 000]
trunc_ln42_118         (partselect       ) [ 000]
mul_ln42_111           (mul              ) [ 000]
trunc_ln42_119         (partselect       ) [ 000]
mul_ln73_2271          (mul              ) [ 000]
trunc_ln42_120         (partselect       ) [ 000]
sext_ln70_829          (sext             ) [ 000]
sext_ln70_830          (sext             ) [ 000]
sext_ln70_831          (sext             ) [ 000]
mul_ln73_2272          (mul              ) [ 000]
trunc_ln42_121         (partselect       ) [ 000]
sext_ln73_1025         (sext             ) [ 000]
shl_ln73_609           (bitconcatenate   ) [ 000]
sext_ln73_1026         (sext             ) [ 000]
shl_ln73_610           (bitconcatenate   ) [ 000]
sext_ln73_1027         (sext             ) [ 000]
sub_ln73_819           (sub              ) [ 000]
trunc_ln42_122         (partselect       ) [ 000]
sext_ln42_1653         (sext             ) [ 000]
mul_ln73_2273          (mul              ) [ 000]
trunc_ln42_123         (partselect       ) [ 000]
sext_ln73_1028         (sext             ) [ 000]
mul_ln73_2274          (mul              ) [ 000]
trunc_ln42_124         (partselect       ) [ 000]
mul_ln73_2275          (mul              ) [ 000]
trunc_ln42_125         (partselect       ) [ 000]
sext_ln70_832          (sext             ) [ 000]
sext_ln70_833          (sext             ) [ 000]
sext_ln70_834          (sext             ) [ 000]
shl_ln73_611           (bitconcatenate   ) [ 000]
sext_ln73_1029         (sext             ) [ 000]
shl_ln73_612           (bitconcatenate   ) [ 000]
sext_ln73_1030         (sext             ) [ 000]
sub_ln73_820           (sub              ) [ 000]
trunc_ln42_126         (partselect       ) [ 000]
sext_ln73_1031         (sext             ) [ 000]
mul_ln73_2276          (mul              ) [ 000]
trunc_ln42_127         (partselect       ) [ 000]
sext_ln42_1654         (sext             ) [ 000]
mul_ln73_2277          (mul              ) [ 000]
trunc_ln42_128         (partselect       ) [ 000]
sext_ln42_1655         (sext             ) [ 000]
mul_ln42_112           (mul              ) [ 000]
trunc_ln42_129         (partselect       ) [ 000]
mul_ln73_2278          (mul              ) [ 000]
trunc_ln42_130         (partselect       ) [ 000]
sext_ln70_835          (sext             ) [ 000]
sext_ln70_836          (sext             ) [ 000]
mul_ln73_2279          (mul              ) [ 000]
trunc_ln42_131         (partselect       ) [ 000]
sext_ln42_1656         (sext             ) [ 000]
mul_ln73_2280          (mul              ) [ 000]
trunc_ln42_132         (partselect       ) [ 000]
sext_ln42_1657         (sext             ) [ 000]
shl_ln73_613           (bitconcatenate   ) [ 000]
sext_ln73_1032         (sext             ) [ 000]
sub_ln73_821           (sub              ) [ 000]
shl_ln73_614           (bitconcatenate   ) [ 000]
sext_ln73_1033         (sext             ) [ 000]
sub_ln73_822           (sub              ) [ 000]
trunc_ln42_133         (partselect       ) [ 000]
sext_ln73_1034         (sext             ) [ 000]
shl_ln73_615           (bitconcatenate   ) [ 000]
sext_ln73_1035         (sext             ) [ 000]
shl_ln73_616           (bitconcatenate   ) [ 000]
sext_ln73_1036         (sext             ) [ 000]
sub_ln73_823           (sub              ) [ 000]
trunc_ln42_134         (partselect       ) [ 000]
sext_ln42_1658         (sext             ) [ 000]
mul_ln73_2281          (mul              ) [ 000]
trunc_ln42_135         (partselect       ) [ 000]
sext_ln70_837          (sext             ) [ 000]
sext_ln70_838          (sext             ) [ 000]
mul_ln73_2282          (mul              ) [ 000]
trunc_ln42_136         (partselect       ) [ 000]
sext_ln42_1659         (sext             ) [ 000]
mul_ln73_2283          (mul              ) [ 000]
trunc_ln42_137         (partselect       ) [ 000]
sext_ln42_1660         (sext             ) [ 000]
shl_ln73_617           (bitconcatenate   ) [ 000]
sext_ln73_1037         (sext             ) [ 000]
shl_ln73_618           (bitconcatenate   ) [ 000]
sext_ln73_1038         (sext             ) [ 000]
add_ln73_195           (add              ) [ 000]
trunc_ln42_138         (partselect       ) [ 000]
sext_ln73_1039         (sext             ) [ 000]
mul_ln73_2284          (mul              ) [ 000]
trunc_ln42_139         (partselect       ) [ 000]
mul_ln73_2285          (mul              ) [ 000]
trunc_ln42_140         (partselect       ) [ 000]
sext_ln70_839          (sext             ) [ 000]
sext_ln70_840          (sext             ) [ 000]
sext_ln70_841          (sext             ) [ 000]
mul_ln73_2286          (mul              ) [ 000]
trunc_ln42_141         (partselect       ) [ 000]
mul_ln73_2287          (mul              ) [ 000]
trunc_ln42_142         (partselect       ) [ 000]
sext_ln73_1040         (sext             ) [ 000]
mul_ln73_2288          (mul              ) [ 000]
trunc_ln42_143         (partselect       ) [ 000]
mul_ln73_2289          (mul              ) [ 000]
trunc_ln42_144         (partselect       ) [ 000]
mul_ln73_2290          (mul              ) [ 000]
trunc_ln42_145         (partselect       ) [ 000]
sext_ln42_1661         (sext             ) [ 000]
add_ln58               (add              ) [ 011]
add_ln58_3894          (add              ) [ 011]
add_ln58_3896          (add              ) [ 000]
add_ln58_3897          (add              ) [ 000]
sext_ln58              (sext             ) [ 000]
add_ln58_3898          (add              ) [ 011]
add_ln58_3900          (add              ) [ 011]
add_ln58_3901          (add              ) [ 011]
add_ln58_3903          (add              ) [ 000]
add_ln58_3904          (add              ) [ 000]
add_ln58_3905          (add              ) [ 011]
add_ln58_3908          (add              ) [ 000]
add_ln58_3909          (add              ) [ 000]
sext_ln58_806          (sext             ) [ 000]
add_ln58_3910          (add              ) [ 011]
add_ln58_3911          (add              ) [ 000]
sext_ln58_807          (sext             ) [ 000]
add_ln58_3912          (add              ) [ 000]
add_ln58_3913          (add              ) [ 011]
add_ln58_3915          (add              ) [ 011]
add_ln58_3916          (add              ) [ 011]
add_ln58_3918          (add              ) [ 000]
add_ln58_3919          (add              ) [ 000]
add_ln58_3920          (add              ) [ 011]
add_ln58_3924          (add              ) [ 011]
add_ln58_3925          (add              ) [ 011]
add_ln58_3927          (add              ) [ 000]
add_ln58_3928          (add              ) [ 000]
add_ln58_3929          (add              ) [ 011]
add_ln58_3931          (add              ) [ 011]
add_ln58_3932          (add              ) [ 011]
add_ln58_3934          (add              ) [ 000]
add_ln58_3935          (add              ) [ 000]
add_ln58_3936          (add              ) [ 011]
add_ln58_3939          (add              ) [ 000]
add_ln58_3940          (add              ) [ 000]
add_ln58_3941          (add              ) [ 011]
add_ln58_3942          (add              ) [ 000]
add_ln58_3943          (add              ) [ 000]
sext_ln58_810          (sext             ) [ 000]
add_ln58_3944          (add              ) [ 011]
add_ln58_3946          (add              ) [ 011]
add_ln58_3947          (add              ) [ 011]
add_ln58_3949          (add              ) [ 000]
add_ln58_3950          (add              ) [ 000]
sext_ln58_811          (sext             ) [ 000]
add_ln58_3951          (add              ) [ 011]
add_ln58_3955          (add              ) [ 011]
add_ln58_3956          (add              ) [ 011]
add_ln58_3958          (add              ) [ 000]
add_ln58_3959          (add              ) [ 000]
add_ln58_3960          (add              ) [ 011]
add_ln58_3962          (add              ) [ 011]
add_ln58_3963          (add              ) [ 011]
add_ln58_3965          (add              ) [ 000]
add_ln58_3966          (add              ) [ 000]
add_ln58_3967          (add              ) [ 011]
add_ln58_3970          (add              ) [ 000]
add_ln58_3971          (add              ) [ 000]
add_ln58_3972          (add              ) [ 011]
add_ln58_3973          (add              ) [ 000]
add_ln58_3974          (add              ) [ 000]
add_ln58_3975          (add              ) [ 011]
add_ln58_3977          (add              ) [ 000]
add_ln58_3978          (add              ) [ 000]
sext_ln58_813          (sext             ) [ 000]
add_ln58_3979          (add              ) [ 000]
add_ln58_3980          (add              ) [ 000]
sext_ln58_814          (sext             ) [ 000]
add_ln58_3981          (add              ) [ 000]
add_ln58_3982          (add              ) [ 000]
add_ln58_3983          (add              ) [ 011]
add_ln58_3986          (add              ) [ 011]
add_ln58_3987          (add              ) [ 011]
add_ln58_3989          (add              ) [ 000]
add_ln58_3990          (add              ) [ 000]
sext_ln58_816          (sext             ) [ 000]
add_ln58_3991          (add              ) [ 011]
add_ln58_3993          (add              ) [ 011]
add_ln58_3994          (add              ) [ 011]
add_ln58_3996          (add              ) [ 000]
add_ln58_3997          (add              ) [ 000]
add_ln58_3998          (add              ) [ 011]
add_ln58_4001          (add              ) [ 000]
add_ln58_4002          (add              ) [ 000]
add_ln58_4003          (add              ) [ 011]
add_ln58_4004          (add              ) [ 000]
add_ln58_4005          (add              ) [ 000]
add_ln58_4006          (add              ) [ 011]
add_ln58_4008          (add              ) [ 011]
add_ln58_4009          (add              ) [ 011]
add_ln58_4011          (add              ) [ 000]
add_ln58_4012          (add              ) [ 000]
add_ln58_4013          (add              ) [ 000]
add_ln58_4014          (add              ) [ 011]
add_ln58_4018          (add              ) [ 011]
add_ln58_4020          (add              ) [ 000]
add_ln58_4021          (add              ) [ 000]
add_ln58_4022          (add              ) [ 011]
add_ln58_4024          (add              ) [ 011]
add_ln58_4025          (add              ) [ 011]
add_ln58_4027          (add              ) [ 000]
add_ln58_4028          (add              ) [ 000]
add_ln58_4029          (add              ) [ 011]
add_ln58_4032          (add              ) [ 000]
add_ln58_4033          (add              ) [ 000]
add_ln58_4034          (add              ) [ 011]
add_ln58_4035          (add              ) [ 000]
add_ln58_4036          (add              ) [ 000]
add_ln58_4037          (add              ) [ 011]
add_ln58_4039          (add              ) [ 011]
add_ln58_4040          (add              ) [ 011]
add_ln58_4042          (add              ) [ 000]
add_ln58_4043          (add              ) [ 000]
add_ln58_4044          (add              ) [ 011]
specpipeline_ln33      (specpipeline     ) [ 000]
specresourcelimit_ln33 (specresourcelimit) [ 000]
add_ln58_3895          (add              ) [ 000]
add_ln58_3899          (add              ) [ 000]
add_ln58_3902          (add              ) [ 000]
add_ln58_3906          (add              ) [ 000]
add_ln58_3907          (add              ) [ 000]
add_ln58_3914          (add              ) [ 000]
sext_ln58_808          (sext             ) [ 000]
add_ln58_3917          (add              ) [ 000]
add_ln58_3921          (add              ) [ 000]
add_ln58_3922          (add              ) [ 000]
add_ln58_3923          (add              ) [ 000]
add_ln58_3926          (add              ) [ 000]
add_ln58_3930          (add              ) [ 000]
sext_ln58_809          (sext             ) [ 000]
add_ln58_3933          (add              ) [ 000]
add_ln58_3937          (add              ) [ 000]
add_ln58_3938          (add              ) [ 000]
add_ln58_3945          (add              ) [ 000]
add_ln58_3948          (add              ) [ 000]
add_ln58_3952          (add              ) [ 000]
add_ln58_3953          (add              ) [ 000]
add_ln58_3954          (add              ) [ 000]
add_ln58_3957          (add              ) [ 000]
add_ln58_3961          (add              ) [ 000]
sext_ln58_812          (sext             ) [ 000]
add_ln58_3964          (add              ) [ 000]
add_ln58_3968          (add              ) [ 000]
add_ln58_3969          (add              ) [ 000]
add_ln58_3976          (add              ) [ 000]
add_ln58_3984          (add              ) [ 000]
add_ln58_3985          (add              ) [ 000]
sext_ln58_815          (sext             ) [ 000]
add_ln58_3988          (add              ) [ 000]
add_ln58_3992          (add              ) [ 000]
add_ln58_3995          (add              ) [ 000]
add_ln58_3999          (add              ) [ 000]
add_ln58_4000          (add              ) [ 000]
add_ln58_4007          (add              ) [ 000]
add_ln58_4010          (add              ) [ 000]
add_ln58_4015          (add              ) [ 000]
add_ln58_4016          (add              ) [ 000]
add_ln58_4017          (add              ) [ 000]
add_ln58_4019          (add              ) [ 000]
add_ln58_4023          (add              ) [ 000]
add_ln58_4026          (add              ) [ 000]
add_ln58_4030          (add              ) [ 000]
add_ln58_4031          (add              ) [ 000]
add_ln58_4038          (add              ) [ 000]
add_ln58_4041          (add              ) [ 000]
add_ln58_4045          (add              ) [ 000]
add_ln58_4046          (add              ) [ 000]
add_ln58_4047          (add              ) [ 000]
mrv                    (insertvalue      ) [ 000]
mrv_1                  (insertvalue      ) [ 000]
mrv_2                  (insertvalue      ) [ 000]
mrv_3                  (insertvalue      ) [ 000]
mrv_4                  (insertvalue      ) [ 000]
ret_ln68               (ret              ) [ 000]
</LifeTime>

<model>

<comp_list>
<comp id="0" class="1000" name="data_0_val">
<pin_list>
<pin id="1" dir="1" index="0" bw="1" slack="0"/>
</pin_list>
<bind>
<StgValue><ssdm name="data_0_val"/></StgValue>
</bind>
</comp>

<comp id="2" class="1000" name="data_1_val">
<pin_list>
<pin id="3" dir="1" index="0" bw="1" slack="0"/>
</pin_list>
<bind>
<StgValue><ssdm name="data_1_val"/></StgValue>
</bind>
</comp>

<comp id="4" class="1000" name="data_2_val">
<pin_list>
<pin id="5" dir="1" index="0" bw="1" slack="0"/>
</pin_list>
<bind>
<StgValue><ssdm name="data_2_val"/></StgValue>
</bind>
</comp>

<comp id="6" class="1000" name="data_3_val">
<pin_list>
<pin id="7" dir="1" index="0" bw="1" slack="0"/>
</pin_list>
<bind>
<StgValue><ssdm name="data_3_val"/></StgValue>
</bind>
</comp>

<comp id="8" class="1000" name="data_4_val">
<pin_list>
<pin id="9" dir="1" index="0" bw="1" slack="0"/>
</pin_list>
<bind>
<StgValue><ssdm name="data_4_val"/></StgValue>
</bind>
</comp>

<comp id="10" class="1000" name="data_5_val">
<pin_list>
<pin id="11" dir="1" index="0" bw="1" slack="0"/>
</pin_list>
<bind>
<StgValue><ssdm name="data_5_val"/></StgValue>
</bind>
</comp>

<comp id="12" class="1000" name="data_6_val">
<pin_list>
<pin id="13" dir="1" index="0" bw="1" slack="0"/>
</pin_list>
<bind>
<StgValue><ssdm name="data_6_val"/></StgValue>
</bind>
</comp>

<comp id="14" class="1000" name="data_7_val">
<pin_list>
<pin id="15" dir="1" index="0" bw="1" slack="0"/>
</pin_list>
<bind>
<StgValue><ssdm name="data_7_val"/></StgValue>
</bind>
</comp>

<comp id="16" class="1000" name="data_8_val">
<pin_list>
<pin id="17" dir="1" index="0" bw="1" slack="0"/>
</pin_list>
<bind>
<StgValue><ssdm name="data_8_val"/></StgValue>
</bind>
</comp>

<comp id="18" class="1000" name="data_9_val">
<pin_list>
<pin id="19" dir="1" index="0" bw="1" slack="0"/>
</pin_list>
<bind>
<StgValue><ssdm name="data_9_val"/></StgValue>
</bind>
</comp>

<comp id="20" class="1000" name="data_10_val">
<pin_list>
<pin id="21" dir="1" index="0" bw="1" slack="0"/>
</pin_list>
<bind>
<StgValue><ssdm name="data_10_val"/></StgValue>
</bind>
</comp>

<comp id="22" class="1000" name="data_11_val">
<pin_list>
<pin id="23" dir="1" index="0" bw="1" slack="0"/>
</pin_list>
<bind>
<StgValue><ssdm name="data_11_val"/></StgValue>
</bind>
</comp>

<comp id="24" class="1000" name="data_12_val">
<pin_list>
<pin id="25" dir="1" index="0" bw="1" slack="0"/>
</pin_list>
<bind>
<StgValue><ssdm name="data_12_val"/></StgValue>
</bind>
</comp>

<comp id="26" class="1000" name="data_13_val">
<pin_list>
<pin id="27" dir="1" index="0" bw="1" slack="0"/>
</pin_list>
<bind>
<StgValue><ssdm name="data_13_val"/></StgValue>
</bind>
</comp>

<comp id="28" class="1000" name="data_14_val">
<pin_list>
<pin id="29" dir="1" index="0" bw="1" slack="0"/>
</pin_list>
<bind>
<StgValue><ssdm name="data_14_val"/></StgValue>
</bind>
</comp>

<comp id="30" class="1000" name="data_15_val">
<pin_list>
<pin id="31" dir="1" index="0" bw="1" slack="0"/>
</pin_list>
<bind>
<StgValue><ssdm name="data_15_val"/></StgValue>
</bind>
</comp>

<comp id="32" class="1000" name="data_16_val">
<pin_list>
<pin id="33" dir="1" index="0" bw="1" slack="0"/>
</pin_list>
<bind>
<StgValue><ssdm name="data_16_val"/></StgValue>
</bind>
</comp>

<comp id="34" class="1000" name="data_17_val">
<pin_list>
<pin id="35" dir="1" index="0" bw="1" slack="0"/>
</pin_list>
<bind>
<StgValue><ssdm name="data_17_val"/></StgValue>
</bind>
</comp>

<comp id="36" class="1000" name="data_18_val">
<pin_list>
<pin id="37" dir="1" index="0" bw="1" slack="0"/>
</pin_list>
<bind>
<StgValue><ssdm name="data_18_val"/></StgValue>
</bind>
</comp>

<comp id="38" class="1000" name="data_19_val">
<pin_list>
<pin id="39" dir="1" index="0" bw="1" slack="0"/>
</pin_list>
<bind>
<StgValue><ssdm name="data_19_val"/></StgValue>
</bind>
</comp>

<comp id="40" class="1000" name="data_20_val">
<pin_list>
<pin id="41" dir="1" index="0" bw="1" slack="0"/>
</pin_list>
<bind>
<StgValue><ssdm name="data_20_val"/></StgValue>
</bind>
</comp>

<comp id="42" class="1000" name="data_21_val">
<pin_list>
<pin id="43" dir="1" index="0" bw="1" slack="0"/>
</pin_list>
<bind>
<StgValue><ssdm name="data_21_val"/></StgValue>
</bind>
</comp>

<comp id="44" class="1000" name="data_22_val">
<pin_list>
<pin id="45" dir="1" index="0" bw="1" slack="0"/>
</pin_list>
<bind>
<StgValue><ssdm name="data_22_val"/></StgValue>
</bind>
</comp>

<comp id="46" class="1000" name="data_23_val">
<pin_list>
<pin id="47" dir="1" index="0" bw="1" slack="0"/>
</pin_list>
<bind>
<StgValue><ssdm name="data_23_val"/></StgValue>
</bind>
</comp>

<comp id="48" class="1000" name="data_24_val">
<pin_list>
<pin id="49" dir="1" index="0" bw="1" slack="0"/>
</pin_list>
<bind>
<StgValue><ssdm name="data_24_val"/></StgValue>
</bind>
</comp>

<comp id="50" class="1000" name="data_25_val">
<pin_list>
<pin id="51" dir="1" index="0" bw="1" slack="0"/>
</pin_list>
<bind>
<StgValue><ssdm name="data_25_val"/></StgValue>
</bind>
</comp>

<comp id="52" class="1000" name="data_26_val">
<pin_list>
<pin id="53" dir="1" index="0" bw="1" slack="0"/>
</pin_list>
<bind>
<StgValue><ssdm name="data_26_val"/></StgValue>
</bind>
</comp>

<comp id="54" class="1000" name="data_27_val">
<pin_list>
<pin id="55" dir="1" index="0" bw="1" slack="0"/>
</pin_list>
<bind>
<StgValue><ssdm name="data_27_val"/></StgValue>
</bind>
</comp>

<comp id="56" class="1000" name="data_28_val">
<pin_list>
<pin id="57" dir="1" index="0" bw="1" slack="0"/>
</pin_list>
<bind>
<StgValue><ssdm name="data_28_val"/></StgValue>
</bind>
</comp>

<comp id="58" class="1000" name="data_29_val">
<pin_list>
<pin id="59" dir="1" index="0" bw="1" slack="0"/>
</pin_list>
<bind>
<StgValue><ssdm name="data_29_val"/></StgValue>
</bind>
</comp>

<comp id="60" class="1000" name="data_30_val">
<pin_list>
<pin id="61" dir="1" index="0" bw="1" slack="0"/>
</pin_list>
<bind>
<StgValue><ssdm name="data_30_val"/></StgValue>
</bind>
</comp>

<comp id="62" class="1000" name="data_31_val">
<pin_list>
<pin id="63" dir="1" index="0" bw="1" slack="0"/>
</pin_list>
<bind>
<StgValue><ssdm name="data_31_val"/></StgValue>
</bind>
</comp>

<comp id="64" class="1001" name="const_64">
<pin_list>
<pin id="65" dir="1" index="0" bw="1" slack="0"/>
</pin_list>
<bind>
<StgValue><ssdm name="_ssdm_op_Read.ap_auto.i16"/></StgValue>
</bind>
</comp>

<comp id="66" class="1001" name="const_66">
<pin_list>
<pin id="67" dir="1" index="0" bw="1" slack="0"/>
</pin_list>
<bind>
<StgValue><ssdm name=""/></StgValue>
</bind>
</comp>

<comp id="68" class="1001" name="const_68">
<pin_list>
<pin id="69" dir="1" index="0" bw="1" slack="0"/>
</pin_list>
<bind>
<StgValue><ssdm name="_ssdm_op_PartSelect.i16.i26.i32.i32"/></StgValue>
</bind>
</comp>

<comp id="70" class="1001" name="const_70">
<pin_list>
<pin id="71" dir="1" index="0" bw="1" slack="0"/>
</pin_list>
<bind>
<StgValue><ssdm name=""/></StgValue>
</bind>
</comp>

<comp id="72" class="1001" name="const_72">
<pin_list>
<pin id="73" dir="1" index="0" bw="1" slack="0"/>
</pin_list>
<bind>
<StgValue><ssdm name=""/></StgValue>
</bind>
</comp>

<comp id="74" class="1001" name="const_74">
<pin_list>
<pin id="75" dir="1" index="0" bw="1" slack="0"/>
</pin_list>
<bind>
<StgValue><ssdm name=""/></StgValue>
</bind>
</comp>

<comp id="76" class="1001" name="const_76">
<pin_list>
<pin id="77" dir="1" index="0" bw="1" slack="0"/>
</pin_list>
<bind>
<StgValue><ssdm name="_ssdm_op_PartSelect.i15.i25.i32.i32"/></StgValue>
</bind>
</comp>

<comp id="78" class="1001" name="const_78">
<pin_list>
<pin id="79" dir="1" index="0" bw="1" slack="0"/>
</pin_list>
<bind>
<StgValue><ssdm name=""/></StgValue>
</bind>
</comp>

<comp id="80" class="1001" name="const_80">
<pin_list>
<pin id="81" dir="1" index="0" bw="1" slack="0"/>
</pin_list>
<bind>
<StgValue><ssdm name=""/></StgValue>
</bind>
</comp>

<comp id="82" class="1001" name="const_82">
<pin_list>
<pin id="83" dir="1" index="0" bw="1" slack="0"/>
</pin_list>
<bind>
<StgValue><ssdm name="_ssdm_op_PartSelect.i14.i24.i32.i32"/></StgValue>
</bind>
</comp>

<comp id="84" class="1001" name="const_84">
<pin_list>
<pin id="85" dir="1" index="0" bw="1" slack="0"/>
</pin_list>
<bind>
<StgValue><ssdm name=""/></StgValue>
</bind>
</comp>

<comp id="86" class="1001" name="const_86">
<pin_list>
<pin id="87" dir="1" index="0" bw="1" slack="0"/>
</pin_list>
<bind>
<StgValue><ssdm name=""/></StgValue>
</bind>
</comp>

<comp id="88" class="1001" name="const_88">
<pin_list>
<pin id="89" dir="1" index="0" bw="1" slack="0"/>
</pin_list>
<bind>
<StgValue><ssdm name=""/></StgValue>
</bind>
</comp>

<comp id="90" class="1001" name="const_90">
<pin_list>
<pin id="91" dir="1" index="0" bw="1" slack="0"/>
</pin_list>
<bind>
<StgValue><ssdm name=""/></StgValue>
</bind>
</comp>

<comp id="92" class="1001" name="const_92">
<pin_list>
<pin id="93" dir="1" index="0" bw="1" slack="0"/>
</pin_list>
<bind>
<StgValue><ssdm name=""/></StgValue>
</bind>
</comp>

<comp id="94" class="1001" name="const_94">
<pin_list>
<pin id="95" dir="1" index="0" bw="1" slack="0"/>
</pin_list>
<bind>
<StgValue><ssdm name=""/></StgValue>
</bind>
</comp>

<comp id="96" class="1001" name="const_96">
<pin_list>
<pin id="97" dir="1" index="0" bw="1" slack="0"/>
</pin_list>
<bind>
<StgValue><ssdm name=""/></StgValue>
</bind>
</comp>

<comp id="98" class="1001" name="const_98">
<pin_list>
<pin id="99" dir="1" index="0" bw="1" slack="0"/>
</pin_list>
<bind>
<StgValue><ssdm name=""/></StgValue>
</bind>
</comp>

<comp id="100" class="1001" name="const_100">
<pin_list>
<pin id="101" dir="1" index="0" bw="1" slack="0"/>
</pin_list>
<bind>
<StgValue><ssdm name=""/></StgValue>
</bind>
</comp>

<comp id="102" class="1001" name="const_102">
<pin_list>
<pin id="103" dir="1" index="0" bw="1" slack="0"/>
</pin_list>
<bind>
<StgValue><ssdm name="_ssdm_op_PartSelect.i7.i17.i32.i32"/></StgValue>
</bind>
</comp>

<comp id="104" class="1001" name="const_104">
<pin_list>
<pin id="105" dir="1" index="0" bw="1" slack="0"/>
</pin_list>
<bind>
<StgValue><ssdm name=""/></StgValue>
</bind>
</comp>

<comp id="106" class="1001" name="const_106">
<pin_list>
<pin id="107" dir="1" index="0" bw="1" slack="0"/>
</pin_list>
<bind>
<StgValue><ssdm name=""/></StgValue>
</bind>
</comp>

<comp id="108" class="1001" name="const_108">
<pin_list>
<pin id="109" dir="1" index="0" bw="1" slack="0"/>
</pin_list>
<bind>
<StgValue><ssdm name=""/></StgValue>
</bind>
</comp>

<comp id="110" class="1001" name="const_110">
<pin_list>
<pin id="111" dir="1" index="0" bw="1" slack="0"/>
</pin_list>
<bind>
<StgValue><ssdm name=""/></StgValue>
</bind>
</comp>

<comp id="112" class="1001" name="const_112">
<pin_list>
<pin id="113" dir="1" index="0" bw="1" slack="0"/>
</pin_list>
<bind>
<StgValue><ssdm name=""/></StgValue>
</bind>
</comp>

<comp id="114" class="1001" name="const_114">
<pin_list>
<pin id="115" dir="1" index="0" bw="1" slack="0"/>
</pin_list>
<bind>
<StgValue><ssdm name="_ssdm_op_PartSelect.i13.i23.i32.i32"/></StgValue>
</bind>
</comp>

<comp id="116" class="1001" name="const_116">
<pin_list>
<pin id="117" dir="1" index="0" bw="1" slack="0"/>
</pin_list>
<bind>
<StgValue><ssdm name=""/></StgValue>
</bind>
</comp>

<comp id="118" class="1001" name="const_118">
<pin_list>
<pin id="119" dir="1" index="0" bw="1" slack="0"/>
</pin_list>
<bind>
<StgValue><ssdm name=""/></StgValue>
</bind>
</comp>

<comp id="120" class="1001" name="const_120">
<pin_list>
<pin id="121" dir="1" index="0" bw="1" slack="0"/>
</pin_list>
<bind>
<StgValue><ssdm name=""/></StgValue>
</bind>
</comp>

<comp id="122" class="1001" name="const_122">
<pin_list>
<pin id="123" dir="1" index="0" bw="1" slack="0"/>
</pin_list>
<bind>
<StgValue><ssdm name=""/></StgValue>
</bind>
</comp>

<comp id="124" class="1001" name="const_124">
<pin_list>
<pin id="125" dir="1" index="0" bw="1" slack="0"/>
</pin_list>
<bind>
<StgValue><ssdm name="_ssdm_op_BitConcatenate.i22.i16.i6"/></StgValue>
</bind>
</comp>

<comp id="126" class="1001" name="const_126">
<pin_list>
<pin id="127" dir="1" index="0" bw="1" slack="0"/>
</pin_list>
<bind>
<StgValue><ssdm name=""/></StgValue>
</bind>
</comp>

<comp id="128" class="1001" name="const_128">
<pin_list>
<pin id="129" dir="1" index="0" bw="1" slack="0"/>
</pin_list>
<bind>
<StgValue><ssdm name="_ssdm_op_BitConcatenate.i19.i16.i3"/></StgValue>
</bind>
</comp>

<comp id="130" class="1001" name="const_130">
<pin_list>
<pin id="131" dir="1" index="0" bw="1" slack="0"/>
</pin_list>
<bind>
<StgValue><ssdm name=""/></StgValue>
</bind>
</comp>

<comp id="132" class="1001" name="const_132">
<pin_list>
<pin id="133" dir="1" index="0" bw="1" slack="0"/>
</pin_list>
<bind>
<StgValue><ssdm name=""/></StgValue>
</bind>
</comp>

<comp id="134" class="1001" name="const_134">
<pin_list>
<pin id="135" dir="1" index="0" bw="1" slack="0"/>
</pin_list>
<bind>
<StgValue><ssdm name=""/></StgValue>
</bind>
</comp>

<comp id="136" class="1001" name="const_136">
<pin_list>
<pin id="137" dir="1" index="0" bw="1" slack="0"/>
</pin_list>
<bind>
<StgValue><ssdm name=""/></StgValue>
</bind>
</comp>

<comp id="138" class="1001" name="const_138">
<pin_list>
<pin id="139" dir="1" index="0" bw="1" slack="0"/>
</pin_list>
<bind>
<StgValue><ssdm name=""/></StgValue>
</bind>
</comp>

<comp id="140" class="1001" name="const_140">
<pin_list>
<pin id="141" dir="1" index="0" bw="1" slack="0"/>
</pin_list>
<bind>
<StgValue><ssdm name=""/></StgValue>
</bind>
</comp>

<comp id="142" class="1001" name="const_142">
<pin_list>
<pin id="143" dir="1" index="0" bw="1" slack="0"/>
</pin_list>
<bind>
<StgValue><ssdm name=""/></StgValue>
</bind>
</comp>

<comp id="144" class="1001" name="const_144">
<pin_list>
<pin id="145" dir="1" index="0" bw="1" slack="0"/>
</pin_list>
<bind>
<StgValue><ssdm name=""/></StgValue>
</bind>
</comp>

<comp id="146" class="1001" name="const_146">
<pin_list>
<pin id="147" dir="1" index="0" bw="1" slack="0"/>
</pin_list>
<bind>
<StgValue><ssdm name=""/></StgValue>
</bind>
</comp>

<comp id="148" class="1001" name="const_148">
<pin_list>
<pin id="149" dir="1" index="0" bw="1" slack="0"/>
</pin_list>
<bind>
<StgValue><ssdm name=""/></StgValue>
</bind>
</comp>

<comp id="150" class="1001" name="const_150">
<pin_list>
<pin id="151" dir="1" index="0" bw="1" slack="0"/>
</pin_list>
<bind>
<StgValue><ssdm name=""/></StgValue>
</bind>
</comp>

<comp id="152" class="1001" name="const_152">
<pin_list>
<pin id="153" dir="1" index="0" bw="1" slack="0"/>
</pin_list>
<bind>
<StgValue><ssdm name=""/></StgValue>
</bind>
</comp>

<comp id="154" class="1001" name="const_154">
<pin_list>
<pin id="155" dir="1" index="0" bw="1" slack="0"/>
</pin_list>
<bind>
<StgValue><ssdm name="_ssdm_op_BitConcatenate.i23.i16.i7"/></StgValue>
</bind>
</comp>

<comp id="156" class="1001" name="const_156">
<pin_list>
<pin id="157" dir="1" index="0" bw="1" slack="0"/>
</pin_list>
<bind>
<StgValue><ssdm name=""/></StgValue>
</bind>
</comp>

<comp id="158" class="1001" name="const_158">
<pin_list>
<pin id="159" dir="1" index="0" bw="1" slack="0"/>
</pin_list>
<bind>
<StgValue><ssdm name="_ssdm_op_BitConcatenate.i21.i16.i5"/></StgValue>
</bind>
</comp>

<comp id="160" class="1001" name="const_160">
<pin_list>
<pin id="161" dir="1" index="0" bw="1" slack="0"/>
</pin_list>
<bind>
<StgValue><ssdm name=""/></StgValue>
</bind>
</comp>

<comp id="162" class="1001" name="const_162">
<pin_list>
<pin id="163" dir="1" index="0" bw="1" slack="0"/>
</pin_list>
<bind>
<StgValue><ssdm name=""/></StgValue>
</bind>
</comp>

<comp id="164" class="1001" name="const_164">
<pin_list>
<pin id="165" dir="1" index="0" bw="1" slack="0"/>
</pin_list>
<bind>
<StgValue><ssdm name=""/></StgValue>
</bind>
</comp>

<comp id="166" class="1001" name="const_166">
<pin_list>
<pin id="167" dir="1" index="0" bw="1" slack="0"/>
</pin_list>
<bind>
<StgValue><ssdm name=""/></StgValue>
</bind>
</comp>

<comp id="168" class="1001" name="const_168">
<pin_list>
<pin id="169" dir="1" index="0" bw="1" slack="0"/>
</pin_list>
<bind>
<StgValue><ssdm name=""/></StgValue>
</bind>
</comp>

<comp id="170" class="1001" name="const_170">
<pin_list>
<pin id="171" dir="1" index="0" bw="1" slack="0"/>
</pin_list>
<bind>
<StgValue><ssdm name=""/></StgValue>
</bind>
</comp>

<comp id="172" class="1001" name="const_172">
<pin_list>
<pin id="173" dir="1" index="0" bw="1" slack="0"/>
</pin_list>
<bind>
<StgValue><ssdm name=""/></StgValue>
</bind>
</comp>

<comp id="174" class="1001" name="const_174">
<pin_list>
<pin id="175" dir="1" index="0" bw="1" slack="0"/>
</pin_list>
<bind>
<StgValue><ssdm name="_ssdm_op_PartSelect.i12.i22.i32.i32"/></StgValue>
</bind>
</comp>

<comp id="176" class="1001" name="const_176">
<pin_list>
<pin id="177" dir="1" index="0" bw="1" slack="0"/>
</pin_list>
<bind>
<StgValue><ssdm name=""/></StgValue>
</bind>
</comp>

<comp id="178" class="1001" name="const_178">
<pin_list>
<pin id="179" dir="1" index="0" bw="1" slack="0"/>
</pin_list>
<bind>
<StgValue><ssdm name=""/></StgValue>
</bind>
</comp>

<comp id="180" class="1001" name="const_180">
<pin_list>
<pin id="181" dir="1" index="0" bw="1" slack="0"/>
</pin_list>
<bind>
<StgValue><ssdm name=""/></StgValue>
</bind>
</comp>

<comp id="182" class="1001" name="const_182">
<pin_list>
<pin id="183" dir="1" index="0" bw="1" slack="0"/>
</pin_list>
<bind>
<StgValue><ssdm name="_ssdm_op_BitConcatenate.i26.i16.i10"/></StgValue>
</bind>
</comp>

<comp id="184" class="1001" name="const_184">
<pin_list>
<pin id="185" dir="1" index="0" bw="1" slack="0"/>
</pin_list>
<bind>
<StgValue><ssdm name=""/></StgValue>
</bind>
</comp>

<comp id="186" class="1001" name="const_186">
<pin_list>
<pin id="187" dir="1" index="0" bw="1" slack="0"/>
</pin_list>
<bind>
<StgValue><ssdm name=""/></StgValue>
</bind>
</comp>

<comp id="188" class="1001" name="const_188">
<pin_list>
<pin id="189" dir="1" index="0" bw="1" slack="0"/>
</pin_list>
<bind>
<StgValue><ssdm name="_ssdm_op_BitConcatenate.i17.i16.i1"/></StgValue>
</bind>
</comp>

<comp id="190" class="1001" name="const_190">
<pin_list>
<pin id="191" dir="1" index="0" bw="1" slack="0"/>
</pin_list>
<bind>
<StgValue><ssdm name=""/></StgValue>
</bind>
</comp>

<comp id="192" class="1001" name="const_192">
<pin_list>
<pin id="193" dir="1" index="0" bw="1" slack="0"/>
</pin_list>
<bind>
<StgValue><ssdm name=""/></StgValue>
</bind>
</comp>

<comp id="194" class="1001" name="const_194">
<pin_list>
<pin id="195" dir="1" index="0" bw="1" slack="0"/>
</pin_list>
<bind>
<StgValue><ssdm name=""/></StgValue>
</bind>
</comp>

<comp id="196" class="1001" name="const_196">
<pin_list>
<pin id="197" dir="1" index="0" bw="1" slack="0"/>
</pin_list>
<bind>
<StgValue><ssdm name=""/></StgValue>
</bind>
</comp>

<comp id="198" class="1001" name="const_198">
<pin_list>
<pin id="199" dir="1" index="0" bw="1" slack="0"/>
</pin_list>
<bind>
<StgValue><ssdm name=""/></StgValue>
</bind>
</comp>

<comp id="200" class="1001" name="const_200">
<pin_list>
<pin id="201" dir="1" index="0" bw="1" slack="0"/>
</pin_list>
<bind>
<StgValue><ssdm name=""/></StgValue>
</bind>
</comp>

<comp id="202" class="1001" name="const_202">
<pin_list>
<pin id="203" dir="1" index="0" bw="1" slack="0"/>
</pin_list>
<bind>
<StgValue><ssdm name=""/></StgValue>
</bind>
</comp>

<comp id="204" class="1001" name="const_204">
<pin_list>
<pin id="205" dir="1" index="0" bw="1" slack="0"/>
</pin_list>
<bind>
<StgValue><ssdm name=""/></StgValue>
</bind>
</comp>

<comp id="206" class="1001" name="const_206">
<pin_list>
<pin id="207" dir="1" index="0" bw="1" slack="0"/>
</pin_list>
<bind>
<StgValue><ssdm name=""/></StgValue>
</bind>
</comp>

<comp id="208" class="1001" name="const_208">
<pin_list>
<pin id="209" dir="1" index="0" bw="1" slack="0"/>
</pin_list>
<bind>
<StgValue><ssdm name=""/></StgValue>
</bind>
</comp>

<comp id="210" class="1001" name="const_210">
<pin_list>
<pin id="211" dir="1" index="0" bw="1" slack="0"/>
</pin_list>
<bind>
<StgValue><ssdm name=""/></StgValue>
</bind>
</comp>

<comp id="212" class="1001" name="const_212">
<pin_list>
<pin id="213" dir="1" index="0" bw="1" slack="0"/>
</pin_list>
<bind>
<StgValue><ssdm name=""/></StgValue>
</bind>
</comp>

<comp id="214" class="1001" name="const_214">
<pin_list>
<pin id="215" dir="1" index="0" bw="1" slack="0"/>
</pin_list>
<bind>
<StgValue><ssdm name=""/></StgValue>
</bind>
</comp>

<comp id="216" class="1001" name="const_216">
<pin_list>
<pin id="217" dir="1" index="0" bw="1" slack="0"/>
</pin_list>
<bind>
<StgValue><ssdm name=""/></StgValue>
</bind>
</comp>

<comp id="218" class="1001" name="const_218">
<pin_list>
<pin id="219" dir="1" index="0" bw="1" slack="0"/>
</pin_list>
<bind>
<StgValue><ssdm name="_ssdm_op_PartSelect.i10.i20.i32.i32"/></StgValue>
</bind>
</comp>

<comp id="220" class="1001" name="const_220">
<pin_list>
<pin id="221" dir="1" index="0" bw="1" slack="0"/>
</pin_list>
<bind>
<StgValue><ssdm name=""/></StgValue>
</bind>
</comp>

<comp id="222" class="1001" name="const_222">
<pin_list>
<pin id="223" dir="1" index="0" bw="1" slack="0"/>
</pin_list>
<bind>
<StgValue><ssdm name=""/></StgValue>
</bind>
</comp>

<comp id="224" class="1001" name="const_224">
<pin_list>
<pin id="225" dir="1" index="0" bw="1" slack="0"/>
</pin_list>
<bind>
<StgValue><ssdm name=""/></StgValue>
</bind>
</comp>

<comp id="226" class="1001" name="const_226">
<pin_list>
<pin id="227" dir="1" index="0" bw="1" slack="0"/>
</pin_list>
<bind>
<StgValue><ssdm name=""/></StgValue>
</bind>
</comp>

<comp id="228" class="1001" name="const_228">
<pin_list>
<pin id="229" dir="1" index="0" bw="1" slack="0"/>
</pin_list>
<bind>
<StgValue><ssdm name=""/></StgValue>
</bind>
</comp>

<comp id="230" class="1001" name="const_230">
<pin_list>
<pin id="231" dir="1" index="0" bw="1" slack="0"/>
</pin_list>
<bind>
<StgValue><ssdm name="_ssdm_op_BitConcatenate.i24.i16.i8"/></StgValue>
</bind>
</comp>

<comp id="232" class="1001" name="const_232">
<pin_list>
<pin id="233" dir="1" index="0" bw="1" slack="0"/>
</pin_list>
<bind>
<StgValue><ssdm name=""/></StgValue>
</bind>
</comp>

<comp id="234" class="1001" name="const_234">
<pin_list>
<pin id="235" dir="1" index="0" bw="1" slack="0"/>
</pin_list>
<bind>
<StgValue><ssdm name=""/></StgValue>
</bind>
</comp>

<comp id="236" class="1001" name="const_236">
<pin_list>
<pin id="237" dir="1" index="0" bw="1" slack="0"/>
</pin_list>
<bind>
<StgValue><ssdm name=""/></StgValue>
</bind>
</comp>

<comp id="238" class="1001" name="const_238">
<pin_list>
<pin id="239" dir="1" index="0" bw="1" slack="0"/>
</pin_list>
<bind>
<StgValue><ssdm name=""/></StgValue>
</bind>
</comp>

<comp id="240" class="1001" name="const_240">
<pin_list>
<pin id="241" dir="1" index="0" bw="1" slack="0"/>
</pin_list>
<bind>
<StgValue><ssdm name=""/></StgValue>
</bind>
</comp>

<comp id="242" class="1001" name="const_242">
<pin_list>
<pin id="243" dir="1" index="0" bw="1" slack="0"/>
</pin_list>
<bind>
<StgValue><ssdm name=""/></StgValue>
</bind>
</comp>

<comp id="244" class="1001" name="const_244">
<pin_list>
<pin id="245" dir="1" index="0" bw="1" slack="0"/>
</pin_list>
<bind>
<StgValue><ssdm name=""/></StgValue>
</bind>
</comp>

<comp id="246" class="1001" name="const_246">
<pin_list>
<pin id="247" dir="1" index="0" bw="1" slack="0"/>
</pin_list>
<bind>
<StgValue><ssdm name=""/></StgValue>
</bind>
</comp>

<comp id="248" class="1001" name="const_248">
<pin_list>
<pin id="249" dir="1" index="0" bw="1" slack="0"/>
</pin_list>
<bind>
<StgValue><ssdm name=""/></StgValue>
</bind>
</comp>

<comp id="250" class="1001" name="const_250">
<pin_list>
<pin id="251" dir="1" index="0" bw="1" slack="0"/>
</pin_list>
<bind>
<StgValue><ssdm name=""/></StgValue>
</bind>
</comp>

<comp id="252" class="1001" name="const_252">
<pin_list>
<pin id="253" dir="1" index="0" bw="1" slack="0"/>
</pin_list>
<bind>
<StgValue><ssdm name=""/></StgValue>
</bind>
</comp>

<comp id="254" class="1001" name="const_254">
<pin_list>
<pin id="255" dir="1" index="0" bw="1" slack="0"/>
</pin_list>
<bind>
<StgValue><ssdm name=""/></StgValue>
</bind>
</comp>

<comp id="256" class="1001" name="const_256">
<pin_list>
<pin id="257" dir="1" index="0" bw="1" slack="0"/>
</pin_list>
<bind>
<StgValue><ssdm name=""/></StgValue>
</bind>
</comp>

<comp id="258" class="1001" name="const_258">
<pin_list>
<pin id="259" dir="1" index="0" bw="1" slack="0"/>
</pin_list>
<bind>
<StgValue><ssdm name=""/></StgValue>
</bind>
</comp>

<comp id="260" class="1001" name="const_260">
<pin_list>
<pin id="261" dir="1" index="0" bw="1" slack="0"/>
</pin_list>
<bind>
<StgValue><ssdm name=""/></StgValue>
</bind>
</comp>

<comp id="262" class="1001" name="const_262">
<pin_list>
<pin id="263" dir="1" index="0" bw="1" slack="0"/>
</pin_list>
<bind>
<StgValue><ssdm name=""/></StgValue>
</bind>
</comp>

<comp id="264" class="1001" name="const_264">
<pin_list>
<pin id="265" dir="1" index="0" bw="1" slack="0"/>
</pin_list>
<bind>
<StgValue><ssdm name=""/></StgValue>
</bind>
</comp>

<comp id="266" class="1001" name="const_266">
<pin_list>
<pin id="267" dir="1" index="0" bw="1" slack="0"/>
</pin_list>
<bind>
<StgValue><ssdm name=""/></StgValue>
</bind>
</comp>

<comp id="268" class="1001" name="const_268">
<pin_list>
<pin id="269" dir="1" index="0" bw="1" slack="0"/>
</pin_list>
<bind>
<StgValue><ssdm name=""/></StgValue>
</bind>
</comp>

<comp id="270" class="1001" name="const_270">
<pin_list>
<pin id="271" dir="1" index="0" bw="1" slack="0"/>
</pin_list>
<bind>
<StgValue><ssdm name=""/></StgValue>
</bind>
</comp>

<comp id="272" class="1001" name="const_272">
<pin_list>
<pin id="273" dir="1" index="0" bw="1" slack="0"/>
</pin_list>
<bind>
<StgValue><ssdm name=""/></StgValue>
</bind>
</comp>

<comp id="274" class="1001" name="const_274">
<pin_list>
<pin id="275" dir="1" index="0" bw="1" slack="0"/>
</pin_list>
<bind>
<StgValue><ssdm name=""/></StgValue>
</bind>
</comp>

<comp id="276" class="1001" name="const_276">
<pin_list>
<pin id="277" dir="1" index="0" bw="1" slack="0"/>
</pin_list>
<bind>
<StgValue><ssdm name="_ssdm_op_BitConcatenate.i18.i16.i2"/></StgValue>
</bind>
</comp>

<comp id="278" class="1001" name="const_278">
<pin_list>
<pin id="279" dir="1" index="0" bw="1" slack="0"/>
</pin_list>
<bind>
<StgValue><ssdm name=""/></StgValue>
</bind>
</comp>

<comp id="280" class="1001" name="const_280">
<pin_list>
<pin id="281" dir="1" index="0" bw="1" slack="0"/>
</pin_list>
<bind>
<StgValue><ssdm name=""/></StgValue>
</bind>
</comp>

<comp id="282" class="1001" name="const_282">
<pin_list>
<pin id="283" dir="1" index="0" bw="1" slack="0"/>
</pin_list>
<bind>
<StgValue><ssdm name="_ssdm_op_PartSelect.i9.i19.i32.i32"/></StgValue>
</bind>
</comp>

<comp id="284" class="1001" name="const_284">
<pin_list>
<pin id="285" dir="1" index="0" bw="1" slack="0"/>
</pin_list>
<bind>
<StgValue><ssdm name=""/></StgValue>
</bind>
</comp>

<comp id="286" class="1001" name="const_286">
<pin_list>
<pin id="287" dir="1" index="0" bw="1" slack="0"/>
</pin_list>
<bind>
<StgValue><ssdm name=""/></StgValue>
</bind>
</comp>

<comp id="288" class="1001" name="const_288">
<pin_list>
<pin id="289" dir="1" index="0" bw="1" slack="0"/>
</pin_list>
<bind>
<StgValue><ssdm name="_ssdm_op_BitConcatenate.i20.i16.i4"/></StgValue>
</bind>
</comp>

<comp id="290" class="1001" name="const_290">
<pin_list>
<pin id="291" dir="1" index="0" bw="1" slack="0"/>
</pin_list>
<bind>
<StgValue><ssdm name=""/></StgValue>
</bind>
</comp>

<comp id="292" class="1001" name="const_292">
<pin_list>
<pin id="293" dir="1" index="0" bw="1" slack="0"/>
</pin_list>
<bind>
<StgValue><ssdm name=""/></StgValue>
</bind>
</comp>

<comp id="294" class="1001" name="const_294">
<pin_list>
<pin id="295" dir="1" index="0" bw="1" slack="0"/>
</pin_list>
<bind>
<StgValue><ssdm name=""/></StgValue>
</bind>
</comp>

<comp id="296" class="1001" name="const_296">
<pin_list>
<pin id="297" dir="1" index="0" bw="1" slack="0"/>
</pin_list>
<bind>
<StgValue><ssdm name=""/></StgValue>
</bind>
</comp>

<comp id="298" class="1001" name="const_298">
<pin_list>
<pin id="299" dir="1" index="0" bw="1" slack="0"/>
</pin_list>
<bind>
<StgValue><ssdm name="_ssdm_op_PartSelect.i11.i21.i32.i32"/></StgValue>
</bind>
</comp>

<comp id="300" class="1001" name="const_300">
<pin_list>
<pin id="301" dir="1" index="0" bw="1" slack="0"/>
</pin_list>
<bind>
<StgValue><ssdm name=""/></StgValue>
</bind>
</comp>

<comp id="302" class="1001" name="const_302">
<pin_list>
<pin id="303" dir="1" index="0" bw="1" slack="0"/>
</pin_list>
<bind>
<StgValue><ssdm name=""/></StgValue>
</bind>
</comp>

<comp id="304" class="1001" name="const_304">
<pin_list>
<pin id="305" dir="1" index="0" bw="1" slack="0"/>
</pin_list>
<bind>
<StgValue><ssdm name=""/></StgValue>
</bind>
</comp>

<comp id="306" class="1001" name="const_306">
<pin_list>
<pin id="307" dir="1" index="0" bw="1" slack="0"/>
</pin_list>
<bind>
<StgValue><ssdm name="_ssdm_op_BitConcatenate.i25.i16.i9"/></StgValue>
</bind>
</comp>

<comp id="308" class="1001" name="const_308">
<pin_list>
<pin id="309" dir="1" index="0" bw="1" slack="0"/>
</pin_list>
<bind>
<StgValue><ssdm name=""/></StgValue>
</bind>
</comp>

<comp id="310" class="1001" name="const_310">
<pin_list>
<pin id="311" dir="1" index="0" bw="1" slack="0"/>
</pin_list>
<bind>
<StgValue><ssdm name=""/></StgValue>
</bind>
</comp>

<comp id="312" class="1001" name="const_312">
<pin_list>
<pin id="313" dir="1" index="0" bw="1" slack="0"/>
</pin_list>
<bind>
<StgValue><ssdm name=""/></StgValue>
</bind>
</comp>

<comp id="314" class="1001" name="const_314">
<pin_list>
<pin id="315" dir="1" index="0" bw="1" slack="0"/>
</pin_list>
<bind>
<StgValue><ssdm name=""/></StgValue>
</bind>
</comp>

<comp id="316" class="1001" name="const_316">
<pin_list>
<pin id="317" dir="1" index="0" bw="1" slack="0"/>
</pin_list>
<bind>
<StgValue><ssdm name=""/></StgValue>
</bind>
</comp>

<comp id="318" class="1001" name="const_318">
<pin_list>
<pin id="319" dir="1" index="0" bw="1" slack="0"/>
</pin_list>
<bind>
<StgValue><ssdm name=""/></StgValue>
</bind>
</comp>

<comp id="320" class="1001" name="const_320">
<pin_list>
<pin id="321" dir="1" index="0" bw="1" slack="0"/>
</pin_list>
<bind>
<StgValue><ssdm name=""/></StgValue>
</bind>
</comp>

<comp id="322" class="1001" name="const_322">
<pin_list>
<pin id="323" dir="1" index="0" bw="1" slack="0"/>
</pin_list>
<bind>
<StgValue><ssdm name=""/></StgValue>
</bind>
</comp>

<comp id="324" class="1001" name="const_324">
<pin_list>
<pin id="325" dir="1" index="0" bw="1" slack="0"/>
</pin_list>
<bind>
<StgValue><ssdm name=""/></StgValue>
</bind>
</comp>

<comp id="326" class="1001" name="const_326">
<pin_list>
<pin id="327" dir="1" index="0" bw="1" slack="0"/>
</pin_list>
<bind>
<StgValue><ssdm name=""/></StgValue>
</bind>
</comp>

<comp id="328" class="1001" name="const_328">
<pin_list>
<pin id="329" dir="1" index="0" bw="1" slack="0"/>
</pin_list>
<bind>
<StgValue><ssdm name=""/></StgValue>
</bind>
</comp>

<comp id="330" class="1001" name="const_330">
<pin_list>
<pin id="331" dir="1" index="0" bw="1" slack="0"/>
</pin_list>
<bind>
<StgValue><ssdm name=""/></StgValue>
</bind>
</comp>

<comp id="332" class="1001" name="const_332">
<pin_list>
<pin id="333" dir="1" index="0" bw="1" slack="0"/>
</pin_list>
<bind>
<StgValue><ssdm name=""/></StgValue>
</bind>
</comp>

<comp id="334" class="1001" name="const_334">
<pin_list>
<pin id="335" dir="1" index="0" bw="1" slack="0"/>
</pin_list>
<bind>
<StgValue><ssdm name=""/></StgValue>
</bind>
</comp>

<comp id="336" class="1001" name="const_336">
<pin_list>
<pin id="337" dir="1" index="0" bw="1" slack="0"/>
</pin_list>
<bind>
<StgValue><ssdm name=""/></StgValue>
</bind>
</comp>

<comp id="338" class="1001" name="const_338">
<pin_list>
<pin id="339" dir="1" index="0" bw="1" slack="0"/>
</pin_list>
<bind>
<StgValue><ssdm name=""/></StgValue>
</bind>
</comp>

<comp id="340" class="1001" name="const_340">
<pin_list>
<pin id="341" dir="1" index="0" bw="1" slack="0"/>
</pin_list>
<bind>
<StgValue><ssdm name=""/></StgValue>
</bind>
</comp>

<comp id="342" class="1001" name="const_342">
<pin_list>
<pin id="343" dir="1" index="0" bw="1" slack="0"/>
</pin_list>
<bind>
<StgValue><ssdm name=""/></StgValue>
</bind>
</comp>

<comp id="344" class="1001" name="const_344">
<pin_list>
<pin id="345" dir="1" index="0" bw="1" slack="0"/>
</pin_list>
<bind>
<StgValue><ssdm name=""/></StgValue>
</bind>
</comp>

<comp id="346" class="1001" name="const_346">
<pin_list>
<pin id="347" dir="1" index="0" bw="1" slack="0"/>
</pin_list>
<bind>
<StgValue><ssdm name=""/></StgValue>
</bind>
</comp>

<comp id="348" class="1001" name="const_348">
<pin_list>
<pin id="349" dir="1" index="0" bw="1" slack="0"/>
</pin_list>
<bind>
<StgValue><ssdm name=""/></StgValue>
</bind>
</comp>

<comp id="350" class="1001" name="const_350">
<pin_list>
<pin id="351" dir="1" index="0" bw="1" slack="0"/>
</pin_list>
<bind>
<StgValue><ssdm name=""/></StgValue>
</bind>
</comp>

<comp id="352" class="1001" name="const_352">
<pin_list>
<pin id="353" dir="1" index="0" bw="1" slack="0"/>
</pin_list>
<bind>
<StgValue><ssdm name=""/></StgValue>
</bind>
</comp>

<comp id="354" class="1001" name="const_354">
<pin_list>
<pin id="355" dir="1" index="0" bw="1" slack="0"/>
</pin_list>
<bind>
<StgValue><ssdm name=""/></StgValue>
</bind>
</comp>

<comp id="356" class="1001" name="const_356">
<pin_list>
<pin id="357" dir="1" index="0" bw="1" slack="0"/>
</pin_list>
<bind>
<StgValue><ssdm name=""/></StgValue>
</bind>
</comp>

<comp id="358" class="1001" name="const_358">
<pin_list>
<pin id="359" dir="1" index="0" bw="1" slack="0"/>
</pin_list>
<bind>
<StgValue><ssdm name=""/></StgValue>
</bind>
</comp>

<comp id="360" class="1001" name="const_360">
<pin_list>
<pin id="361" dir="1" index="0" bw="1" slack="0"/>
</pin_list>
<bind>
<StgValue><ssdm name=""/></StgValue>
</bind>
</comp>

<comp id="362" class="1001" name="const_362">
<pin_list>
<pin id="363" dir="1" index="0" bw="1" slack="0"/>
</pin_list>
<bind>
<StgValue><ssdm name=""/></StgValue>
</bind>
</comp>

<comp id="364" class="1001" name="const_364">
<pin_list>
<pin id="365" dir="1" index="0" bw="1" slack="0"/>
</pin_list>
<bind>
<StgValue><ssdm name=""/></StgValue>
</bind>
</comp>

<comp id="366" class="1001" name="const_366">
<pin_list>
<pin id="367" dir="1" index="0" bw="1" slack="0"/>
</pin_list>
<bind>
<StgValue><ssdm name=""/></StgValue>
</bind>
</comp>

<comp id="368" class="1001" name="const_368">
<pin_list>
<pin id="369" dir="1" index="0" bw="1" slack="0"/>
</pin_list>
<bind>
<StgValue><ssdm name=""/></StgValue>
</bind>
</comp>

<comp id="370" class="1001" name="const_370">
<pin_list>
<pin id="371" dir="1" index="0" bw="1" slack="0"/>
</pin_list>
<bind>
<StgValue><ssdm name=""/></StgValue>
</bind>
</comp>

<comp id="372" class="1001" name="const_372">
<pin_list>
<pin id="373" dir="1" index="0" bw="1" slack="0"/>
</pin_list>
<bind>
<StgValue><ssdm name=""/></StgValue>
</bind>
</comp>

<comp id="374" class="1001" name="const_374">
<pin_list>
<pin id="375" dir="1" index="0" bw="1" slack="0"/>
</pin_list>
<bind>
<StgValue><ssdm name=""/></StgValue>
</bind>
</comp>

<comp id="376" class="1001" name="const_376">
<pin_list>
<pin id="377" dir="1" index="0" bw="1" slack="0"/>
</pin_list>
<bind>
<StgValue><ssdm name=""/></StgValue>
</bind>
</comp>

<comp id="378" class="1001" name="const_378">
<pin_list>
<pin id="379" dir="1" index="0" bw="1" slack="0"/>
</pin_list>
<bind>
<StgValue><ssdm name=""/></StgValue>
</bind>
</comp>

<comp id="380" class="1001" name="const_380">
<pin_list>
<pin id="381" dir="1" index="0" bw="1" slack="0"/>
</pin_list>
<bind>
<StgValue><ssdm name=""/></StgValue>
</bind>
</comp>

<comp id="382" class="1001" name="const_382">
<pin_list>
<pin id="383" dir="1" index="0" bw="1" slack="0"/>
</pin_list>
<bind>
<StgValue><ssdm name=""/></StgValue>
</bind>
</comp>

<comp id="384" class="1001" name="const_384">
<pin_list>
<pin id="385" dir="1" index="0" bw="1" slack="0"/>
</pin_list>
<bind>
<StgValue><ssdm name=""/></StgValue>
</bind>
</comp>

<comp id="386" class="1001" name="const_386">
<pin_list>
<pin id="387" dir="1" index="0" bw="1" slack="0"/>
</pin_list>
<bind>
<StgValue><ssdm name=""/></StgValue>
</bind>
</comp>

<comp id="388" class="1001" name="const_388">
<pin_list>
<pin id="389" dir="1" index="0" bw="1" slack="0"/>
</pin_list>
<bind>
<StgValue><ssdm name=""/></StgValue>
</bind>
</comp>

<comp id="390" class="1001" name="const_390">
<pin_list>
<pin id="391" dir="1" index="0" bw="1" slack="0"/>
</pin_list>
<bind>
<StgValue><ssdm name=""/></StgValue>
</bind>
</comp>

<comp id="392" class="1001" name="const_392">
<pin_list>
<pin id="393" dir="1" index="0" bw="1" slack="0"/>
</pin_list>
<bind>
<StgValue><ssdm name=""/></StgValue>
</bind>
</comp>

<comp id="394" class="1001" name="const_394">
<pin_list>
<pin id="395" dir="1" index="0" bw="1" slack="0"/>
</pin_list>
<bind>
<StgValue><ssdm name=""/></StgValue>
</bind>
</comp>

<comp id="396" class="1001" name="const_396">
<pin_list>
<pin id="397" dir="1" index="0" bw="1" slack="0"/>
</pin_list>
<bind>
<StgValue><ssdm name=""/></StgValue>
</bind>
</comp>

<comp id="398" class="1001" name="const_398">
<pin_list>
<pin id="399" dir="1" index="0" bw="1" slack="0"/>
</pin_list>
<bind>
<StgValue><ssdm name=""/></StgValue>
</bind>
</comp>

<comp id="400" class="1001" name="const_400">
<pin_list>
<pin id="401" dir="1" index="0" bw="1" slack="0"/>
</pin_list>
<bind>
<StgValue><ssdm name=""/></StgValue>
</bind>
</comp>

<comp id="402" class="1001" name="const_402">
<pin_list>
<pin id="403" dir="1" index="0" bw="1" slack="0"/>
</pin_list>
<bind>
<StgValue><ssdm name=""/></StgValue>
</bind>
</comp>

<comp id="404" class="1001" name="const_404">
<pin_list>
<pin id="405" dir="1" index="0" bw="1" slack="2147483647"/>
</pin_list>
<bind>
<StgValue><ssdm name="_ssdm_op_SpecPipeline"/></StgValue>
</bind>
</comp>

<comp id="406" class="1001" name="const_406">
<pin_list>
<pin id="407" dir="1" index="0" bw="1" slack="2147483647"/>
</pin_list>
<bind>
<StgValue><ssdm name=""/></StgValue>
</bind>
</comp>

<comp id="408" class="1001" name="const_408">
<pin_list>
<pin id="409" dir="1" index="0" bw="1" slack="2147483647"/>
</pin_list>
<bind>
<StgValue><ssdm name=""/></StgValue>
</bind>
</comp>

<comp id="410" class="1001" name="const_410">
<pin_list>
<pin id="411" dir="1" index="0" bw="1" slack="2147483647"/>
</pin_list>
<bind>
<StgValue><ssdm name="empty_0"/></StgValue>
</bind>
</comp>

<comp id="412" class="1001" name="const_412">
<pin_list>
<pin id="413" dir="1" index="0" bw="1" slack="2147483647"/>
</pin_list>
<bind>
<StgValue><ssdm name="_ssdm_op_SpecResourceLimit"/></StgValue>
</bind>
</comp>

<comp id="414" class="1001" name="const_414">
<pin_list>
<pin id="415" dir="1" index="0" bw="1" slack="2147483647"/>
</pin_list>
<bind>
<StgValue><ssdm name=""/></StgValue>
</bind>
</comp>

<comp id="416" class="1001" name="const_416">
<pin_list>
<pin id="417" dir="1" index="0" bw="1" slack="2147483647"/>
</pin_list>
<bind>
<StgValue><ssdm name="empty_1"/></StgValue>
</bind>
</comp>

<comp id="418" class="1001" name="const_418">
<pin_list>
<pin id="419" dir="1" index="0" bw="1" slack="0"/>
</pin_list>
<bind>
<StgValue><ssdm name=""/></StgValue>
</bind>
</comp>

<comp id="420" class="1004" name="data_31_val_read_read_fu_420">
<pin_list>
<pin id="421" dir="0" index="0" bw="16" slack="0"/>
<pin id="422" dir="0" index="1" bw="16" slack="0"/>
<pin id="423" dir="1" index="2" bw="16" slack="0"/>
</pin_list>
<bind>
<opcode="read(1150) " fcode="read"/>
<opset="data_31_val_read/1 "/>
</bind>
</comp>

<comp id="426" class="1004" name="data_30_val_read_read_fu_426">
<pin_list>
<pin id="427" dir="0" index="0" bw="16" slack="0"/>
<pin id="428" dir="0" index="1" bw="16" slack="0"/>
<pin id="429" dir="1" index="2" bw="16" slack="0"/>
</pin_list>
<bind>
<opcode="read(1150) " fcode="read"/>
<opset="data_30_val_read/1 "/>
</bind>
</comp>

<comp id="432" class="1004" name="data_29_val_read_read_fu_432">
<pin_list>
<pin id="433" dir="0" index="0" bw="16" slack="0"/>
<pin id="434" dir="0" index="1" bw="16" slack="0"/>
<pin id="435" dir="1" index="2" bw="16" slack="0"/>
</pin_list>
<bind>
<opcode="read(1150) " fcode="read"/>
<opset="data_29_val_read/1 "/>
</bind>
</comp>

<comp id="438" class="1004" name="data_28_val_read_read_fu_438">
<pin_list>
<pin id="439" dir="0" index="0" bw="16" slack="0"/>
<pin id="440" dir="0" index="1" bw="16" slack="0"/>
<pin id="441" dir="1" index="2" bw="16" slack="0"/>
</pin_list>
<bind>
<opcode="read(1150) " fcode="read"/>
<opset="data_28_val_read/1 "/>
</bind>
</comp>

<comp id="444" class="1004" name="data_27_val_read_read_fu_444">
<pin_list>
<pin id="445" dir="0" index="0" bw="16" slack="0"/>
<pin id="446" dir="0" index="1" bw="16" slack="0"/>
<pin id="447" dir="1" index="2" bw="16" slack="0"/>
</pin_list>
<bind>
<opcode="read(1150) " fcode="read"/>
<opset="data_27_val_read/1 "/>
</bind>
</comp>

<comp id="450" class="1004" name="data_26_val_read_read_fu_450">
<pin_list>
<pin id="451" dir="0" index="0" bw="16" slack="0"/>
<pin id="452" dir="0" index="1" bw="16" slack="0"/>
<pin id="453" dir="1" index="2" bw="16" slack="0"/>
</pin_list>
<bind>
<opcode="read(1150) " fcode="read"/>
<opset="data_26_val_read/1 "/>
</bind>
</comp>

<comp id="456" class="1004" name="data_25_val_read_read_fu_456">
<pin_list>
<pin id="457" dir="0" index="0" bw="16" slack="0"/>
<pin id="458" dir="0" index="1" bw="16" slack="0"/>
<pin id="459" dir="1" index="2" bw="16" slack="0"/>
</pin_list>
<bind>
<opcode="read(1150) " fcode="read"/>
<opset="data_25_val_read/1 "/>
</bind>
</comp>

<comp id="462" class="1004" name="data_24_val_read_read_fu_462">
<pin_list>
<pin id="463" dir="0" index="0" bw="16" slack="0"/>
<pin id="464" dir="0" index="1" bw="16" slack="0"/>
<pin id="465" dir="1" index="2" bw="16" slack="0"/>
</pin_list>
<bind>
<opcode="read(1150) " fcode="read"/>
<opset="data_24_val_read/1 "/>
</bind>
</comp>

<comp id="468" class="1004" name="data_23_val_read_read_fu_468">
<pin_list>
<pin id="469" dir="0" index="0" bw="16" slack="0"/>
<pin id="470" dir="0" index="1" bw="16" slack="0"/>
<pin id="471" dir="1" index="2" bw="16" slack="0"/>
</pin_list>
<bind>
<opcode="read(1150) " fcode="read"/>
<opset="data_23_val_read/1 "/>
</bind>
</comp>

<comp id="474" class="1004" name="data_22_val_read_read_fu_474">
<pin_list>
<pin id="475" dir="0" index="0" bw="16" slack="0"/>
<pin id="476" dir="0" index="1" bw="16" slack="0"/>
<pin id="477" dir="1" index="2" bw="16" slack="0"/>
</pin_list>
<bind>
<opcode="read(1150) " fcode="read"/>
<opset="data_22_val_read/1 "/>
</bind>
</comp>

<comp id="480" class="1004" name="data_21_val_read_read_fu_480">
<pin_list>
<pin id="481" dir="0" index="0" bw="16" slack="0"/>
<pin id="482" dir="0" index="1" bw="16" slack="0"/>
<pin id="483" dir="1" index="2" bw="16" slack="0"/>
</pin_list>
<bind>
<opcode="read(1150) " fcode="read"/>
<opset="data_21_val_read/1 "/>
</bind>
</comp>

<comp id="486" class="1004" name="data_20_val_read_read_fu_486">
<pin_list>
<pin id="487" dir="0" index="0" bw="16" slack="0"/>
<pin id="488" dir="0" index="1" bw="16" slack="0"/>
<pin id="489" dir="1" index="2" bw="16" slack="0"/>
</pin_list>
<bind>
<opcode="read(1150) " fcode="read"/>
<opset="data_20_val_read/1 "/>
</bind>
</comp>

<comp id="492" class="1004" name="data_19_val_read_read_fu_492">
<pin_list>
<pin id="493" dir="0" index="0" bw="16" slack="0"/>
<pin id="494" dir="0" index="1" bw="16" slack="0"/>
<pin id="495" dir="1" index="2" bw="16" slack="0"/>
</pin_list>
<bind>
<opcode="read(1150) " fcode="read"/>
<opset="data_19_val_read/1 "/>
</bind>
</comp>

<comp id="498" class="1004" name="data_18_val_read_read_fu_498">
<pin_list>
<pin id="499" dir="0" index="0" bw="16" slack="0"/>
<pin id="500" dir="0" index="1" bw="16" slack="0"/>
<pin id="501" dir="1" index="2" bw="16" slack="0"/>
</pin_list>
<bind>
<opcode="read(1150) " fcode="read"/>
<opset="data_18_val_read/1 "/>
</bind>
</comp>

<comp id="504" class="1004" name="data_17_val_read_read_fu_504">
<pin_list>
<pin id="505" dir="0" index="0" bw="16" slack="0"/>
<pin id="506" dir="0" index="1" bw="16" slack="0"/>
<pin id="507" dir="1" index="2" bw="16" slack="0"/>
</pin_list>
<bind>
<opcode="read(1150) " fcode="read"/>
<opset="data_17_val_read/1 "/>
</bind>
</comp>

<comp id="510" class="1004" name="data_16_val_read_read_fu_510">
<pin_list>
<pin id="511" dir="0" index="0" bw="16" slack="0"/>
<pin id="512" dir="0" index="1" bw="16" slack="0"/>
<pin id="513" dir="1" index="2" bw="16" slack="0"/>
</pin_list>
<bind>
<opcode="read(1150) " fcode="read"/>
<opset="data_16_val_read/1 "/>
</bind>
</comp>

<comp id="516" class="1004" name="data_15_val_read_read_fu_516">
<pin_list>
<pin id="517" dir="0" index="0" bw="16" slack="0"/>
<pin id="518" dir="0" index="1" bw="16" slack="0"/>
<pin id="519" dir="1" index="2" bw="16" slack="0"/>
</pin_list>
<bind>
<opcode="read(1150) " fcode="read"/>
<opset="data_15_val_read/1 "/>
</bind>
</comp>

<comp id="522" class="1004" name="data_14_val_read_read_fu_522">
<pin_list>
<pin id="523" dir="0" index="0" bw="16" slack="0"/>
<pin id="524" dir="0" index="1" bw="16" slack="0"/>
<pin id="525" dir="1" index="2" bw="16" slack="0"/>
</pin_list>
<bind>
<opcode="read(1150) " fcode="read"/>
<opset="data_14_val_read/1 "/>
</bind>
</comp>

<comp id="528" class="1004" name="data_13_val_read_read_fu_528">
<pin_list>
<pin id="529" dir="0" index="0" bw="16" slack="0"/>
<pin id="530" dir="0" index="1" bw="16" slack="0"/>
<pin id="531" dir="1" index="2" bw="16" slack="0"/>
</pin_list>
<bind>
<opcode="read(1150) " fcode="read"/>
<opset="data_13_val_read/1 "/>
</bind>
</comp>

<comp id="534" class="1004" name="data_12_val_read_read_fu_534">
<pin_list>
<pin id="535" dir="0" index="0" bw="16" slack="0"/>
<pin id="536" dir="0" index="1" bw="16" slack="0"/>
<pin id="537" dir="1" index="2" bw="16" slack="0"/>
</pin_list>
<bind>
<opcode="read(1150) " fcode="read"/>
<opset="data_12_val_read/1 "/>
</bind>
</comp>

<comp id="540" class="1004" name="data_11_val_read_read_fu_540">
<pin_list>
<pin id="541" dir="0" index="0" bw="16" slack="0"/>
<pin id="542" dir="0" index="1" bw="16" slack="0"/>
<pin id="543" dir="1" index="2" bw="16" slack="0"/>
</pin_list>
<bind>
<opcode="read(1150) " fcode="read"/>
<opset="data_11_val_read/1 "/>
</bind>
</comp>

<comp id="546" class="1004" name="data_10_val_read_read_fu_546">
<pin_list>
<pin id="547" dir="0" index="0" bw="16" slack="0"/>
<pin id="548" dir="0" index="1" bw="16" slack="0"/>
<pin id="549" dir="1" index="2" bw="16" slack="0"/>
</pin_list>
<bind>
<opcode="read(1150) " fcode="read"/>
<opset="data_10_val_read/1 "/>
</bind>
</comp>

<comp id="552" class="1004" name="data_9_val_read_read_fu_552">
<pin_list>
<pin id="553" dir="0" index="0" bw="16" slack="0"/>
<pin id="554" dir="0" index="1" bw="16" slack="0"/>
<pin id="555" dir="1" index="2" bw="16" slack="0"/>
</pin_list>
<bind>
<opcode="read(1150) " fcode="read"/>
<opset="data_9_val_read/1 "/>
</bind>
</comp>

<comp id="558" class="1004" name="data_8_val_read_read_fu_558">
<pin_list>
<pin id="559" dir="0" index="0" bw="16" slack="0"/>
<pin id="560" dir="0" index="1" bw="16" slack="0"/>
<pin id="561" dir="1" index="2" bw="16" slack="0"/>
</pin_list>
<bind>
<opcode="read(1150) " fcode="read"/>
<opset="data_8_val_read/1 "/>
</bind>
</comp>

<comp id="564" class="1004" name="data_7_val_read_read_fu_564">
<pin_list>
<pin id="565" dir="0" index="0" bw="16" slack="0"/>
<pin id="566" dir="0" index="1" bw="16" slack="0"/>
<pin id="567" dir="1" index="2" bw="16" slack="0"/>
</pin_list>
<bind>
<opcode="read(1150) " fcode="read"/>
<opset="data_7_val_read/1 "/>
</bind>
</comp>

<comp id="570" class="1004" name="data_6_val_read_read_fu_570">
<pin_list>
<pin id="571" dir="0" index="0" bw="16" slack="0"/>
<pin id="572" dir="0" index="1" bw="16" slack="0"/>
<pin id="573" dir="1" index="2" bw="16" slack="0"/>
</pin_list>
<bind>
<opcode="read(1150) " fcode="read"/>
<opset="data_6_val_read/1 "/>
</bind>
</comp>

<comp id="576" class="1004" name="data_5_val_read_read_fu_576">
<pin_list>
<pin id="577" dir="0" index="0" bw="16" slack="0"/>
<pin id="578" dir="0" index="1" bw="16" slack="0"/>
<pin id="579" dir="1" index="2" bw="16" slack="0"/>
</pin_list>
<bind>
<opcode="read(1150) " fcode="read"/>
<opset="data_5_val_read/1 "/>
</bind>
</comp>

<comp id="582" class="1004" name="data_4_val_read_read_fu_582">
<pin_list>
<pin id="583" dir="0" index="0" bw="16" slack="0"/>
<pin id="584" dir="0" index="1" bw="16" slack="0"/>
<pin id="585" dir="1" index="2" bw="16" slack="0"/>
</pin_list>
<bind>
<opcode="read(1150) " fcode="read"/>
<opset="data_4_val_read/1 "/>
</bind>
</comp>

<comp id="588" class="1004" name="data_3_val_read_read_fu_588">
<pin_list>
<pin id="589" dir="0" index="0" bw="16" slack="0"/>
<pin id="590" dir="0" index="1" bw="16" slack="0"/>
<pin id="591" dir="1" index="2" bw="16" slack="0"/>
</pin_list>
<bind>
<opcode="read(1150) " fcode="read"/>
<opset="data_3_val_read/1 "/>
</bind>
</comp>

<comp id="594" class="1004" name="data_2_val_read_read_fu_594">
<pin_list>
<pin id="595" dir="0" index="0" bw="16" slack="0"/>
<pin id="596" dir="0" index="1" bw="16" slack="0"/>
<pin id="597" dir="1" index="2" bw="16" slack="0"/>
</pin_list>
<bind>
<opcode="read(1150) " fcode="read"/>
<opset="data_2_val_read/1 "/>
</bind>
</comp>

<comp id="600" class="1004" name="data_1_val_read_read_fu_600">
<pin_list>
<pin id="601" dir="0" index="0" bw="16" slack="0"/>
<pin id="602" dir="0" index="1" bw="16" slack="0"/>
<pin id="603" dir="1" index="2" bw="16" slack="0"/>
</pin_list>
<bind>
<opcode="read(1150) " fcode="read"/>
<opset="data_1_val_read/1 "/>
</bind>
</comp>

<comp id="606" class="1004" name="data_0_val_read_read_fu_606">
<pin_list>
<pin id="607" dir="0" index="0" bw="16" slack="0"/>
<pin id="608" dir="0" index="1" bw="16" slack="0"/>
<pin id="609" dir="1" index="2" bw="16" slack="0"/>
</pin_list>
<bind>
<opcode="read(1150) " fcode="read"/>
<opset="data_0_val_read/1 "/>
</bind>
</comp>

<comp id="612" class="1004" name="mul_ln73_2277_fu_612">
<pin_list>
<pin id="81212" dir="0" index="0" bw="16" slack="0"/>
<pin id="81213" dir="0" index="1" bw="6" slack="0"/>
<pin id="81214" dir="1" index="2" bw="22" slack="0"/>
</pin_list>
<bind>
<opcode="mul(12) " fcode="mul"/>
<opset="mul_ln73_2277/1 "/>
</bind>
</comp>

<comp id="613" class="1004" name="mul_ln73_2204_fu_613">
<pin_list>
<pin id="80848" dir="0" index="0" bw="16" slack="0"/>
<pin id="80849" dir="0" index="1" bw="10" slack="0"/>
<pin id="80850" dir="1" index="2" bw="26" slack="0"/>
</pin_list>
<bind>
<opcode="mul(12) " fcode="mul"/>
<opset="mul_ln73_2204/1 "/>
</bind>
</comp>

<comp id="614" class="1004" name="mul_ln42_104_fu_614">
<pin_list>
<pin id="81092" dir="0" index="0" bw="16" slack="0"/>
<pin id="81093" dir="0" index="1" bw="11" slack="0"/>
<pin id="81094" dir="1" index="2" bw="26" slack="0"/>
</pin_list>
<bind>
<opcode="mul(12) " fcode="mul"/>
<opset="mul_ln42_104/1 "/>
</bind>
</comp>

<comp id="615" class="1004" name="mul_ln73_2255_fu_615">
<pin_list>
<pin id="81096" dir="0" index="0" bw="16" slack="0"/>
<pin id="81097" dir="0" index="1" bw="8" slack="0"/>
<pin id="81098" dir="1" index="2" bw="24" slack="0"/>
</pin_list>
<bind>
<opcode="mul(12) " fcode="mul"/>
<opset="mul_ln73_2255/1 "/>
</bind>
</comp>

<comp id="616" class="1004" name="mul_ln73_2197_fu_616">
<pin_list>
<pin id="80816" dir="0" index="0" bw="16" slack="0"/>
<pin id="80817" dir="0" index="1" bw="10" slack="0"/>
<pin id="80818" dir="1" index="2" bw="26" slack="0"/>
</pin_list>
<bind>
<opcode="mul(12) " fcode="mul"/>
<opset="mul_ln73_2197/1 "/>
</bind>
</comp>

<comp id="618" class="1004" name="mul_ln73_2276_fu_618">
<pin_list>
<pin id="81208" dir="0" index="0" bw="16" slack="0"/>
<pin id="81209" dir="0" index="1" bw="8" slack="0"/>
<pin id="81210" dir="1" index="2" bw="24" slack="0"/>
</pin_list>
<bind>
<opcode="mul(12) " fcode="mul"/>
<opset="mul_ln73_2276/1 "/>
</bind>
</comp>

<comp id="619" class="1004" name="mul_ln73_2289_fu_619">
<pin_list>
<pin id="81264" dir="0" index="0" bw="16" slack="0"/>
<pin id="81265" dir="0" index="1" bw="10" slack="0"/>
<pin id="81266" dir="1" index="2" bw="26" slack="0"/>
</pin_list>
<bind>
<opcode="mul(12) " fcode="mul"/>
<opset="mul_ln73_2289/1 "/>
</bind>
</comp>

<comp id="620" class="1004" name="mul_ln73_2266_fu_620">
<pin_list>
<pin id="81148" dir="0" index="0" bw="16" slack="0"/>
<pin id="81149" dir="0" index="1" bw="9" slack="0"/>
<pin id="81150" dir="1" index="2" bw="25" slack="0"/>
</pin_list>
<bind>
<opcode="mul(12) " fcode="mul"/>
<opset="mul_ln73_2266/1 "/>
</bind>
</comp>

<comp id="621" class="1004" name="mul_ln73_2194_fu_621">
<pin_list>
<pin id="80804" dir="0" index="0" bw="16" slack="0"/>
<pin id="80805" dir="0" index="1" bw="8" slack="0"/>
<pin id="80806" dir="1" index="2" bw="24" slack="0"/>
</pin_list>
<bind>
<opcode="mul(12) " fcode="mul"/>
<opset="mul_ln73_2194/1 "/>
</bind>
</comp>

<comp id="622" class="1004" name="mul_ln73_2195_fu_622">
<pin_list>
<pin id="80808" dir="0" index="0" bw="16" slack="0"/>
<pin id="80809" dir="0" index="1" bw="10" slack="0"/>
<pin id="80810" dir="1" index="2" bw="26" slack="0"/>
</pin_list>
<bind>
<opcode="mul(12) " fcode="mul"/>
<opset="mul_ln73_2195/1 "/>
</bind>
</comp>

<comp id="627" class="1004" name="mul_ln73_2225_fu_627">
<pin_list>
<pin id="80940" dir="0" index="0" bw="16" slack="0"/>
<pin id="80941" dir="0" index="1" bw="9" slack="0"/>
<pin id="80942" dir="1" index="2" bw="25" slack="0"/>
</pin_list>
<bind>
<opcode="mul(12) " fcode="mul"/>
<opset="mul_ln73_2225/1 "/>
</bind>
</comp>

<comp id="628" class="1004" name="mul_ln73_2253_fu_628">
<pin_list>
<pin id="81084" dir="0" index="0" bw="16" slack="0"/>
<pin id="81085" dir="0" index="1" bw="5" slack="0"/>
<pin id="81086" dir="1" index="2" bw="21" slack="0"/>
</pin_list>
<bind>
<opcode="mul(12) " fcode="mul"/>
<opset="mul_ln73_2253/1 "/>
</bind>
</comp>

<comp id="629" class="1004" name="mul_ln73_2241_fu_629">
<pin_list>
<pin id="81020" dir="0" index="0" bw="16" slack="0"/>
<pin id="81021" dir="0" index="1" bw="10" slack="0"/>
<pin id="81022" dir="1" index="2" bw="26" slack="0"/>
</pin_list>
<bind>
<opcode="mul(12) " fcode="mul"/>
<opset="mul_ln73_2241/1 "/>
</bind>
</comp>

<comp id="630" class="1004" name="mul_ln73_2236_fu_630">
<pin_list>
<pin id="80996" dir="0" index="0" bw="16" slack="0"/>
<pin id="80997" dir="0" index="1" bw="9" slack="0"/>
<pin id="80998" dir="1" index="2" bw="25" slack="0"/>
</pin_list>
<bind>
<opcode="mul(12) " fcode="mul"/>
<opset="mul_ln73_2236/1 "/>
</bind>
</comp>

<comp id="631" class="1004" name="mul_ln73_2226_fu_631">
<pin_list>
<pin id="80944" dir="0" index="0" bw="16" slack="0"/>
<pin id="80945" dir="0" index="1" bw="9" slack="0"/>
<pin id="80946" dir="1" index="2" bw="25" slack="0"/>
</pin_list>
<bind>
<opcode="mul(12) " fcode="mul"/>
<opset="mul_ln73_2226/1 "/>
</bind>
</comp>

<comp id="633" class="1004" name="mul_ln73_2214_fu_633">
<pin_list>
<pin id="80896" dir="0" index="0" bw="16" slack="0"/>
<pin id="80897" dir="0" index="1" bw="9" slack="0"/>
<pin id="80898" dir="1" index="2" bw="25" slack="0"/>
</pin_list>
<bind>
<opcode="mul(12) " fcode="mul"/>
<opset="mul_ln73_2214/1 "/>
</bind>
</comp>

<comp id="634" class="1004" name="mul_ln73_2246_fu_634">
<pin_list>
<pin id="81044" dir="0" index="0" bw="16" slack="0"/>
<pin id="81045" dir="0" index="1" bw="9" slack="0"/>
<pin id="81046" dir="1" index="2" bw="25" slack="0"/>
</pin_list>
<bind>
<opcode="mul(12) " fcode="mul"/>
<opset="mul_ln73_2246/1 "/>
</bind>
</comp>

<comp id="635" class="1004" name="mul_ln73_2258_fu_635">
<pin_list>
<pin id="81108" dir="0" index="0" bw="16" slack="0"/>
<pin id="81109" dir="0" index="1" bw="10" slack="0"/>
<pin id="81110" dir="1" index="2" bw="26" slack="0"/>
</pin_list>
<bind>
<opcode="mul(12) " fcode="mul"/>
<opset="mul_ln73_2258/1 "/>
</bind>
</comp>

<comp id="638" class="1004" name="mul_ln73_2288_fu_638">
<pin_list>
<pin id="81260" dir="0" index="0" bw="16" slack="0"/>
<pin id="81261" dir="0" index="1" bw="10" slack="0"/>
<pin id="81262" dir="1" index="2" bw="26" slack="0"/>
</pin_list>
<bind>
<opcode="mul(12) " fcode="mul"/>
<opset="mul_ln73_2288/1 "/>
</bind>
</comp>

<comp id="641" class="1004" name="mul_ln42_106_fu_641">
<pin_list>
<pin id="81116" dir="0" index="0" bw="16" slack="0"/>
<pin id="81117" dir="0" index="1" bw="11" slack="0"/>
<pin id="81118" dir="1" index="2" bw="26" slack="0"/>
</pin_list>
<bind>
<opcode="mul(12) " fcode="mul"/>
<opset="mul_ln42_106/1 "/>
</bind>
</comp>

<comp id="642" class="1004" name="mul_ln42_110_fu_642">
<pin_list>
<pin id="81180" dir="0" index="0" bw="16" slack="0"/>
<pin id="81181" dir="0" index="1" bw="11" slack="0"/>
<pin id="81182" dir="1" index="2" bw="26" slack="0"/>
</pin_list>
<bind>
<opcode="mul(12) " fcode="mul"/>
<opset="mul_ln42_110/1 "/>
</bind>
</comp>

<comp id="643" class="1004" name="mul_ln73_2286_fu_643">
<pin_list>
<pin id="81252" dir="0" index="0" bw="16" slack="0"/>
<pin id="81253" dir="0" index="1" bw="10" slack="0"/>
<pin id="81254" dir="1" index="2" bw="26" slack="0"/>
</pin_list>
<bind>
<opcode="mul(12) " fcode="mul"/>
<opset="mul_ln73_2286/1 "/>
</bind>
</comp>

<comp id="644" class="1004" name="mul_ln73_2193_fu_644">
<pin_list>
<pin id="80800" dir="0" index="0" bw="16" slack="0"/>
<pin id="80801" dir="0" index="1" bw="9" slack="0"/>
<pin id="80802" dir="1" index="2" bw="25" slack="0"/>
</pin_list>
<bind>
<opcode="mul(12) " fcode="mul"/>
<opset="mul_ln73_2193/1 "/>
</bind>
</comp>

<comp id="645" class="1004" name="mul_ln73_2279_fu_645">
<pin_list>
<pin id="81224" dir="0" index="0" bw="16" slack="0"/>
<pin id="81225" dir="0" index="1" bw="9" slack="0"/>
<pin id="81226" dir="1" index="2" bw="25" slack="0"/>
</pin_list>
<bind>
<opcode="mul(12) " fcode="mul"/>
<opset="mul_ln73_2279/1 "/>
</bind>
</comp>

<comp id="646" class="1004" name="mul_ln73_2189_fu_646">
<pin_list>
<pin id="80780" dir="0" index="0" bw="16" slack="0"/>
<pin id="80781" dir="0" index="1" bw="8" slack="0"/>
<pin id="80782" dir="1" index="2" bw="24" slack="0"/>
</pin_list>
<bind>
<opcode="mul(12) " fcode="mul"/>
<opset="mul_ln73_2189/1 "/>
</bind>
</comp>

<comp id="647" class="1004" name="mul_ln73_2203_fu_647">
<pin_list>
<pin id="80844" dir="0" index="0" bw="16" slack="0"/>
<pin id="80845" dir="0" index="1" bw="8" slack="0"/>
<pin id="80846" dir="1" index="2" bw="24" slack="0"/>
</pin_list>
<bind>
<opcode="mul(12) " fcode="mul"/>
<opset="mul_ln73_2203/1 "/>
</bind>
</comp>

<comp id="648" class="1004" name="mul_ln73_2254_fu_648">
<pin_list>
<pin id="81088" dir="0" index="0" bw="16" slack="0"/>
<pin id="81089" dir="0" index="1" bw="10" slack="0"/>
<pin id="81090" dir="1" index="2" bw="26" slack="0"/>
</pin_list>
<bind>
<opcode="mul(12) " fcode="mul"/>
<opset="mul_ln73_2254/1 "/>
</bind>
</comp>

<comp id="649" class="1004" name="mul_ln73_2213_fu_649">
<pin_list>
<pin id="80892" dir="0" index="0" bw="16" slack="0"/>
<pin id="80893" dir="0" index="1" bw="9" slack="0"/>
<pin id="80894" dir="1" index="2" bw="25" slack="0"/>
</pin_list>
<bind>
<opcode="mul(12) " fcode="mul"/>
<opset="mul_ln73_2213/1 "/>
</bind>
</comp>

<comp id="651" class="1004" name="mul_ln73_2239_fu_651">
<pin_list>
<pin id="81008" dir="0" index="0" bw="16" slack="0"/>
<pin id="81009" dir="0" index="1" bw="9" slack="0"/>
<pin id="81010" dir="1" index="2" bw="25" slack="0"/>
</pin_list>
<bind>
<opcode="mul(12) " fcode="mul"/>
<opset="mul_ln73_2239/1 "/>
</bind>
</comp>

<comp id="652" class="1004" name="mul_ln73_2224_fu_652">
<pin_list>
<pin id="80936" dir="0" index="0" bw="16" slack="0"/>
<pin id="80937" dir="0" index="1" bw="9" slack="0"/>
<pin id="80938" dir="1" index="2" bw="25" slack="0"/>
</pin_list>
<bind>
<opcode="mul(12) " fcode="mul"/>
<opset="mul_ln73_2224/1 "/>
</bind>
</comp>

<comp id="654" class="1004" name="mul_ln73_2219_fu_654">
<pin_list>
<pin id="80916" dir="0" index="0" bw="16" slack="0"/>
<pin id="80917" dir="0" index="1" bw="10" slack="0"/>
<pin id="80918" dir="1" index="2" bw="26" slack="0"/>
</pin_list>
<bind>
<opcode="mul(12) " fcode="mul"/>
<opset="mul_ln73_2219/1 "/>
</bind>
</comp>

<comp id="655" class="1004" name="mul_ln73_2206_fu_655">
<pin_list>
<pin id="80860" dir="0" index="0" bw="16" slack="0"/>
<pin id="80861" dir="0" index="1" bw="7" slack="0"/>
<pin id="80862" dir="1" index="2" bw="23" slack="0"/>
</pin_list>
<bind>
<opcode="mul(12) " fcode="mul"/>
<opset="mul_ln73_2206/1 "/>
</bind>
</comp>

<comp id="657" class="1004" name="mul_ln73_2243_fu_657">
<pin_list>
<pin id="81032" dir="0" index="0" bw="16" slack="0"/>
<pin id="81033" dir="0" index="1" bw="10" slack="0"/>
<pin id="81034" dir="1" index="2" bw="26" slack="0"/>
</pin_list>
<bind>
<opcode="mul(12) " fcode="mul"/>
<opset="mul_ln73_2243/1 "/>
</bind>
</comp>

<comp id="658" class="1004" name="mul_ln73_2275_fu_658">
<pin_list>
<pin id="81204" dir="0" index="0" bw="16" slack="0"/>
<pin id="81205" dir="0" index="1" bw="10" slack="0"/>
<pin id="81206" dir="1" index="2" bw="26" slack="0"/>
</pin_list>
<bind>
<opcode="mul(12) " fcode="mul"/>
<opset="mul_ln73_2275/1 "/>
</bind>
</comp>

<comp id="659" class="1004" name="mul_ln73_2205_fu_659">
<pin_list>
<pin id="80852" dir="0" index="0" bw="16" slack="0"/>
<pin id="80853" dir="0" index="1" bw="10" slack="0"/>
<pin id="80854" dir="1" index="2" bw="26" slack="0"/>
</pin_list>
<bind>
<opcode="mul(12) " fcode="mul"/>
<opset="mul_ln73_2205/1 "/>
</bind>
</comp>

<comp id="660" class="1004" name="mul_ln42_99_fu_660">
<pin_list>
<pin id="81016" dir="0" index="0" bw="16" slack="0"/>
<pin id="81017" dir="0" index="1" bw="11" slack="0"/>
<pin id="81018" dir="1" index="2" bw="26" slack="0"/>
</pin_list>
<bind>
<opcode="mul(12) " fcode="mul"/>
<opset="mul_ln42_99/1 "/>
</bind>
</comp>

<comp id="661" class="1004" name="mul_ln73_2250_fu_661">
<pin_list>
<pin id="81068" dir="0" index="0" bw="16" slack="0"/>
<pin id="81069" dir="0" index="1" bw="9" slack="0"/>
<pin id="81070" dir="1" index="2" bw="25" slack="0"/>
</pin_list>
<bind>
<opcode="mul(12) " fcode="mul"/>
<opset="mul_ln73_2250/1 "/>
</bind>
</comp>

<comp id="662" class="1004" name="mul_ln42_fu_662">
<pin_list>
<pin id="80784" dir="0" index="0" bw="16" slack="0"/>
<pin id="80785" dir="0" index="1" bw="11" slack="0"/>
<pin id="80786" dir="1" index="2" bw="26" slack="0"/>
</pin_list>
<bind>
<opcode="mul(12) " fcode="mul"/>
<opset="mul_ln42/1 "/>
</bind>
</comp>

<comp id="663" class="1004" name="mul_ln73_2280_fu_663">
<pin_list>
<pin id="81228" dir="0" index="0" bw="16" slack="0"/>
<pin id="81229" dir="0" index="1" bw="9" slack="0"/>
<pin id="81230" dir="1" index="2" bw="25" slack="0"/>
</pin_list>
<bind>
<opcode="mul(12) " fcode="mul"/>
<opset="mul_ln73_2280/1 "/>
</bind>
</comp>

<comp id="664" class="1004" name="mul_ln42_105_fu_664">
<pin_list>
<pin id="81112" dir="0" index="0" bw="16" slack="0"/>
<pin id="81113" dir="0" index="1" bw="11" slack="0"/>
<pin id="81114" dir="1" index="2" bw="26" slack="0"/>
</pin_list>
<bind>
<opcode="mul(12) " fcode="mul"/>
<opset="mul_ln42_105/1 "/>
</bind>
</comp>

<comp id="666" class="1004" name="mul_ln73_2269_fu_666">
<pin_list>
<pin id="81160" dir="0" index="0" bw="16" slack="0"/>
<pin id="81161" dir="0" index="1" bw="9" slack="0"/>
<pin id="81162" dir="1" index="2" bw="25" slack="0"/>
</pin_list>
<bind>
<opcode="mul(12) " fcode="mul"/>
<opset="mul_ln73_2269/1 "/>
</bind>
</comp>

<comp id="669" class="1004" name="mul_ln42_111_fu_669">
<pin_list>
<pin id="81184" dir="0" index="0" bw="16" slack="0"/>
<pin id="81185" dir="0" index="1" bw="11" slack="0"/>
<pin id="81186" dir="1" index="2" bw="26" slack="0"/>
</pin_list>
<bind>
<opcode="mul(12) " fcode="mul"/>
<opset="mul_ln42_111/1 "/>
</bind>
</comp>

<comp id="670" class="1004" name="mul_ln42_102_fu_670">
<pin_list>
<pin id="81056" dir="0" index="0" bw="16" slack="0"/>
<pin id="81057" dir="0" index="1" bw="11" slack="0"/>
<pin id="81058" dir="1" index="2" bw="26" slack="0"/>
</pin_list>
<bind>
<opcode="mul(12) " fcode="mul"/>
<opset="mul_ln42_102/1 "/>
</bind>
</comp>

<comp id="671" class="1004" name="mul_ln73_2202_fu_671">
<pin_list>
<pin id="80840" dir="0" index="0" bw="16" slack="0"/>
<pin id="80841" dir="0" index="1" bw="10" slack="0"/>
<pin id="80842" dir="1" index="2" bw="26" slack="0"/>
</pin_list>
<bind>
<opcode="mul(12) " fcode="mul"/>
<opset="mul_ln73_2202/1 "/>
</bind>
</comp>

<comp id="672" class="1004" name="mul_ln73_2244_fu_672">
<pin_list>
<pin id="81036" dir="0" index="0" bw="16" slack="0"/>
<pin id="81037" dir="0" index="1" bw="10" slack="0"/>
<pin id="81038" dir="1" index="2" bw="26" slack="0"/>
</pin_list>
<bind>
<opcode="mul(12) " fcode="mul"/>
<opset="mul_ln73_2244/1 "/>
</bind>
</comp>

<comp id="673" class="1004" name="mul_ln42_107_fu_673">
<pin_list>
<pin id="81164" dir="0" index="0" bw="16" slack="0"/>
<pin id="81165" dir="0" index="1" bw="11" slack="0"/>
<pin id="81166" dir="1" index="2" bw="26" slack="0"/>
</pin_list>
<bind>
<opcode="mul(12) " fcode="mul"/>
<opset="mul_ln42_107/1 "/>
</bind>
</comp>

<comp id="674" class="1004" name="mul_ln73_2247_fu_674">
<pin_list>
<pin id="81048" dir="0" index="0" bw="16" slack="0"/>
<pin id="81049" dir="0" index="1" bw="10" slack="0"/>
<pin id="81050" dir="1" index="2" bw="26" slack="0"/>
</pin_list>
<bind>
<opcode="mul(12) " fcode="mul"/>
<opset="mul_ln73_2247/1 "/>
</bind>
</comp>

<comp id="675" class="1004" name="mul_ln73_2211_fu_675">
<pin_list>
<pin id="80884" dir="0" index="0" bw="16" slack="0"/>
<pin id="80885" dir="0" index="1" bw="10" slack="0"/>
<pin id="80886" dir="1" index="2" bw="26" slack="0"/>
</pin_list>
<bind>
<opcode="mul(12) " fcode="mul"/>
<opset="mul_ln73_2211/1 "/>
</bind>
</comp>

<comp id="676" class="1004" name="mul_ln42_109_fu_676">
<pin_list>
<pin id="81176" dir="0" index="0" bw="16" slack="0"/>
<pin id="81177" dir="0" index="1" bw="11" slack="0"/>
<pin id="81178" dir="1" index="2" bw="26" slack="0"/>
</pin_list>
<bind>
<opcode="mul(12) " fcode="mul"/>
<opset="mul_ln42_109/1 "/>
</bind>
</comp>

<comp id="677" class="1004" name="mul_ln73_2218_fu_677">
<pin_list>
<pin id="80912" dir="0" index="0" bw="16" slack="0"/>
<pin id="80913" dir="0" index="1" bw="7" slack="0"/>
<pin id="80914" dir="1" index="2" bw="23" slack="0"/>
</pin_list>
<bind>
<opcode="mul(12) " fcode="mul"/>
<opset="mul_ln73_2218/1 "/>
</bind>
</comp>

<comp id="678" class="1004" name="mul_ln73_2268_fu_678">
<pin_list>
<pin id="81156" dir="0" index="0" bw="16" slack="0"/>
<pin id="81157" dir="0" index="1" bw="8" slack="0"/>
<pin id="81158" dir="1" index="2" bw="24" slack="0"/>
</pin_list>
<bind>
<opcode="mul(12) " fcode="mul"/>
<opset="mul_ln73_2268/1 "/>
</bind>
</comp>

<comp id="679" class="1004" name="mul_ln73_2245_fu_679">
<pin_list>
<pin id="81040" dir="0" index="0" bw="16" slack="0"/>
<pin id="81041" dir="0" index="1" bw="10" slack="0"/>
<pin id="81042" dir="1" index="2" bw="26" slack="0"/>
</pin_list>
<bind>
<opcode="mul(12) " fcode="mul"/>
<opset="mul_ln73_2245/1 "/>
</bind>
</comp>

<comp id="680" class="1004" name="mul_ln73_2228_fu_680">
<pin_list>
<pin id="80956" dir="0" index="0" bw="16" slack="0"/>
<pin id="80957" dir="0" index="1" bw="10" slack="0"/>
<pin id="80958" dir="1" index="2" bw="26" slack="0"/>
</pin_list>
<bind>
<opcode="mul(12) " fcode="mul"/>
<opset="mul_ln73_2228/1 "/>
</bind>
</comp>

<comp id="681" class="1004" name="mul_ln73_2290_fu_681">
<pin_list>
<pin id="81268" dir="0" index="0" bw="16" slack="0"/>
<pin id="81269" dir="0" index="1" bw="9" slack="0"/>
<pin id="81270" dir="1" index="2" bw="25" slack="0"/>
</pin_list>
<bind>
<opcode="mul(12) " fcode="mul"/>
<opset="mul_ln73_2290/1 "/>
</bind>
</comp>

<comp id="682" class="1004" name="mul_ln73_2199_fu_682">
<pin_list>
<pin id="80824" dir="0" index="0" bw="16" slack="0"/>
<pin id="80825" dir="0" index="1" bw="7" slack="0"/>
<pin id="80826" dir="1" index="2" bw="23" slack="0"/>
</pin_list>
<bind>
<opcode="mul(12) " fcode="mul"/>
<opset="mul_ln73_2199/1 "/>
</bind>
</comp>

<comp id="683" class="1004" name="mul_ln73_2201_fu_683">
<pin_list>
<pin id="80832" dir="0" index="0" bw="16" slack="0"/>
<pin id="80833" dir="0" index="1" bw="10" slack="0"/>
<pin id="80834" dir="1" index="2" bw="26" slack="0"/>
</pin_list>
<bind>
<opcode="mul(12) " fcode="mul"/>
<opset="mul_ln73_2201/1 "/>
</bind>
</comp>

<comp id="684" class="1004" name="mul_ln42_98_fu_684">
<pin_list>
<pin id="80988" dir="0" index="0" bw="16" slack="0"/>
<pin id="80989" dir="0" index="1" bw="11" slack="0"/>
<pin id="80990" dir="1" index="2" bw="26" slack="0"/>
</pin_list>
<bind>
<opcode="mul(12) " fcode="mul"/>
<opset="mul_ln42_98/1 "/>
</bind>
</comp>

<comp id="685" class="1004" name="mul_ln73_2273_fu_685">
<pin_list>
<pin id="81196" dir="0" index="0" bw="16" slack="0"/>
<pin id="81197" dir="0" index="1" bw="8" slack="0"/>
<pin id="81198" dir="1" index="2" bw="24" slack="0"/>
</pin_list>
<bind>
<opcode="mul(12) " fcode="mul"/>
<opset="mul_ln73_2273/1 "/>
</bind>
</comp>

<comp id="690" class="1004" name="mul_ln73_2271_fu_690">
<pin_list>
<pin id="81188" dir="0" index="0" bw="16" slack="0"/>
<pin id="81189" dir="0" index="1" bw="10" slack="0"/>
<pin id="81190" dir="1" index="2" bw="26" slack="0"/>
</pin_list>
<bind>
<opcode="mul(12) " fcode="mul"/>
<opset="mul_ln73_2271/1 "/>
</bind>
</comp>

<comp id="691" class="1004" name="mul_ln73_2260_fu_691">
<pin_list>
<pin id="81124" dir="0" index="0" bw="16" slack="0"/>
<pin id="81125" dir="0" index="1" bw="5" slack="0"/>
<pin id="81126" dir="1" index="2" bw="21" slack="0"/>
</pin_list>
<bind>
<opcode="mul(12) " fcode="mul"/>
<opset="mul_ln73_2260/1 "/>
</bind>
</comp>

<comp id="692" class="1004" name="mul_ln73_2196_fu_692">
<pin_list>
<pin id="80812" dir="0" index="0" bw="16" slack="0"/>
<pin id="80813" dir="0" index="1" bw="10" slack="0"/>
<pin id="80814" dir="1" index="2" bw="26" slack="0"/>
</pin_list>
<bind>
<opcode="mul(12) " fcode="mul"/>
<opset="mul_ln73_2196/1 "/>
</bind>
</comp>

<comp id="693" class="1004" name="mul_ln73_2209_fu_693">
<pin_list>
<pin id="80872" dir="0" index="0" bw="16" slack="0"/>
<pin id="80873" dir="0" index="1" bw="10" slack="0"/>
<pin id="80874" dir="1" index="2" bw="26" slack="0"/>
</pin_list>
<bind>
<opcode="mul(12) " fcode="mul"/>
<opset="mul_ln73_2209/1 "/>
</bind>
</comp>

<comp id="694" class="1004" name="mul_ln73_2237_fu_694">
<pin_list>
<pin id="81000" dir="0" index="0" bw="16" slack="0"/>
<pin id="81001" dir="0" index="1" bw="9" slack="0"/>
<pin id="81002" dir="1" index="2" bw="25" slack="0"/>
</pin_list>
<bind>
<opcode="mul(12) " fcode="mul"/>
<opset="mul_ln73_2237/1 "/>
</bind>
</comp>

<comp id="695" class="1004" name="mul_ln73_2284_fu_695">
<pin_list>
<pin id="81244" dir="0" index="0" bw="16" slack="0"/>
<pin id="81245" dir="0" index="1" bw="10" slack="0"/>
<pin id="81246" dir="1" index="2" bw="26" slack="0"/>
</pin_list>
<bind>
<opcode="mul(12) " fcode="mul"/>
<opset="mul_ln73_2284/1 "/>
</bind>
</comp>

<comp id="696" class="1004" name="mul_ln42_108_fu_696">
<pin_list>
<pin id="81172" dir="0" index="0" bw="16" slack="0"/>
<pin id="81173" dir="0" index="1" bw="11" slack="0"/>
<pin id="81174" dir="1" index="2" bw="26" slack="0"/>
</pin_list>
<bind>
<opcode="mul(12) " fcode="mul"/>
<opset="mul_ln42_108/1 "/>
</bind>
</comp>

<comp id="697" class="1004" name="mul_ln73_2215_fu_697">
<pin_list>
<pin id="80900" dir="0" index="0" bw="16" slack="0"/>
<pin id="80901" dir="0" index="1" bw="10" slack="0"/>
<pin id="80902" dir="1" index="2" bw="26" slack="0"/>
</pin_list>
<bind>
<opcode="mul(12) " fcode="mul"/>
<opset="mul_ln73_2215/1 "/>
</bind>
</comp>

<comp id="698" class="1004" name="mul_ln42_93_fu_698">
<pin_list>
<pin id="80836" dir="0" index="0" bw="16" slack="0"/>
<pin id="80837" dir="0" index="1" bw="11" slack="0"/>
<pin id="80838" dir="1" index="2" bw="26" slack="0"/>
</pin_list>
<bind>
<opcode="mul(12) " fcode="mul"/>
<opset="mul_ln42_93/1 "/>
</bind>
</comp>

<comp id="700" class="1004" name="mul_ln73_2285_fu_700">
<pin_list>
<pin id="81248" dir="0" index="0" bw="16" slack="0"/>
<pin id="81249" dir="0" index="1" bw="10" slack="0"/>
<pin id="81250" dir="1" index="2" bw="26" slack="0"/>
</pin_list>
<bind>
<opcode="mul(12) " fcode="mul"/>
<opset="mul_ln73_2285/1 "/>
</bind>
</comp>

<comp id="701" class="1004" name="mul_ln42_100_fu_701">
<pin_list>
<pin id="81028" dir="0" index="0" bw="16" slack="0"/>
<pin id="81029" dir="0" index="1" bw="11" slack="0"/>
<pin id="81030" dir="1" index="2" bw="26" slack="0"/>
</pin_list>
<bind>
<opcode="mul(12) " fcode="mul"/>
<opset="mul_ln42_100/1 "/>
</bind>
</comp>

<comp id="702" class="1004" name="mul_ln73_2220_fu_702">
<pin_list>
<pin id="80920" dir="0" index="0" bw="16" slack="0"/>
<pin id="80921" dir="0" index="1" bw="9" slack="0"/>
<pin id="80922" dir="1" index="2" bw="25" slack="0"/>
</pin_list>
<bind>
<opcode="mul(12) " fcode="mul"/>
<opset="mul_ln73_2220/1 "/>
</bind>
</comp>

<comp id="703" class="1004" name="mul_ln73_2265_fu_703">
<pin_list>
<pin id="81144" dir="0" index="0" bw="16" slack="0"/>
<pin id="81145" dir="0" index="1" bw="9" slack="0"/>
<pin id="81146" dir="1" index="2" bw="25" slack="0"/>
</pin_list>
<bind>
<opcode="mul(12) " fcode="mul"/>
<opset="mul_ln73_2265/1 "/>
</bind>
</comp>

<comp id="704" class="1004" name="mul_ln73_2229_fu_704">
<pin_list>
<pin id="80960" dir="0" index="0" bw="16" slack="0"/>
<pin id="80961" dir="0" index="1" bw="10" slack="0"/>
<pin id="80962" dir="1" index="2" bw="26" slack="0"/>
</pin_list>
<bind>
<opcode="mul(12) " fcode="mul"/>
<opset="mul_ln73_2229/1 "/>
</bind>
</comp>

<comp id="705" class="1004" name="mul_ln73_2272_fu_705">
<pin_list>
<pin id="81192" dir="0" index="0" bw="16" slack="0"/>
<pin id="81193" dir="0" index="1" bw="7" slack="0"/>
<pin id="81194" dir="1" index="2" bw="23" slack="0"/>
</pin_list>
<bind>
<opcode="mul(12) " fcode="mul"/>
<opset="mul_ln73_2272/1 "/>
</bind>
</comp>

<comp id="706" class="1004" name="mul_ln73_2235_fu_706">
<pin_list>
<pin id="80992" dir="0" index="0" bw="16" slack="0"/>
<pin id="80993" dir="0" index="1" bw="9" slack="0"/>
<pin id="80994" dir="1" index="2" bw="25" slack="0"/>
</pin_list>
<bind>
<opcode="mul(12) " fcode="mul"/>
<opset="mul_ln73_2235/1 "/>
</bind>
</comp>

<comp id="709" class="1004" name="mul_ln73_2210_fu_709">
<pin_list>
<pin id="80880" dir="0" index="0" bw="16" slack="0"/>
<pin id="80881" dir="0" index="1" bw="8" slack="0"/>
<pin id="80882" dir="1" index="2" bw="24" slack="0"/>
</pin_list>
<bind>
<opcode="mul(12) " fcode="mul"/>
<opset="mul_ln73_2210/1 "/>
</bind>
</comp>

<comp id="710" class="1004" name="mul_ln42_94_fu_710">
<pin_list>
<pin id="80856" dir="0" index="0" bw="16" slack="0"/>
<pin id="80857" dir="0" index="1" bw="11" slack="0"/>
<pin id="80858" dir="1" index="2" bw="26" slack="0"/>
</pin_list>
<bind>
<opcode="mul(12) " fcode="mul"/>
<opset="mul_ln42_94/1 "/>
</bind>
</comp>

<comp id="711" class="1004" name="mul_ln73_2234_fu_711">
<pin_list>
<pin id="80984" dir="0" index="0" bw="16" slack="0"/>
<pin id="80985" dir="0" index="1" bw="8" slack="0"/>
<pin id="80986" dir="1" index="2" bw="24" slack="0"/>
</pin_list>
<bind>
<opcode="mul(12) " fcode="mul"/>
<opset="mul_ln73_2234/1 "/>
</bind>
</comp>

<comp id="712" class="1004" name="mul_ln73_2216_fu_712">
<pin_list>
<pin id="80904" dir="0" index="0" bw="16" slack="0"/>
<pin id="80905" dir="0" index="1" bw="8" slack="0"/>
<pin id="80906" dir="1" index="2" bw="24" slack="0"/>
</pin_list>
<bind>
<opcode="mul(12) " fcode="mul"/>
<opset="mul_ln73_2216/1 "/>
</bind>
</comp>

<comp id="715" class="1004" name="mul_ln73_2281_fu_715">
<pin_list>
<pin id="81232" dir="0" index="0" bw="16" slack="0"/>
<pin id="81233" dir="0" index="1" bw="10" slack="0"/>
<pin id="81234" dir="1" index="2" bw="26" slack="0"/>
</pin_list>
<bind>
<opcode="mul(12) " fcode="mul"/>
<opset="mul_ln73_2281/1 "/>
</bind>
</comp>

<comp id="716" class="1004" name="mul_ln73_2282_fu_716">
<pin_list>
<pin id="81236" dir="0" index="0" bw="16" slack="0"/>
<pin id="81237" dir="0" index="1" bw="9" slack="0"/>
<pin id="81238" dir="1" index="2" bw="25" slack="0"/>
</pin_list>
<bind>
<opcode="mul(12) " fcode="mul"/>
<opset="mul_ln73_2282/1 "/>
</bind>
</comp>

<comp id="717" class="1004" name="mul_ln73_2221_fu_717">
<pin_list>
<pin id="80924" dir="0" index="0" bw="16" slack="0"/>
<pin id="80925" dir="0" index="1" bw="8" slack="0"/>
<pin id="80926" dir="1" index="2" bw="24" slack="0"/>
</pin_list>
<bind>
<opcode="mul(12) " fcode="mul"/>
<opset="mul_ln73_2221/1 "/>
</bind>
</comp>

<comp id="719" class="1004" name="mul_ln73_2200_fu_719">
<pin_list>
<pin id="80828" dir="0" index="0" bw="16" slack="0"/>
<pin id="80829" dir="0" index="1" bw="10" slack="0"/>
<pin id="80830" dir="1" index="2" bw="26" slack="0"/>
</pin_list>
<bind>
<opcode="mul(12) " fcode="mul"/>
<opset="mul_ln73_2200/1 "/>
</bind>
</comp>

<comp id="720" class="1004" name="mul_ln73_2230_fu_720">
<pin_list>
<pin id="80964" dir="0" index="0" bw="16" slack="0"/>
<pin id="80965" dir="0" index="1" bw="8" slack="0"/>
<pin id="80966" dir="1" index="2" bw="24" slack="0"/>
</pin_list>
<bind>
<opcode="mul(12) " fcode="mul"/>
<opset="mul_ln73_2230/1 "/>
</bind>
</comp>

<comp id="721" class="1004" name="mul_ln73_2238_fu_721">
<pin_list>
<pin id="81004" dir="0" index="0" bw="16" slack="0"/>
<pin id="81005" dir="0" index="1" bw="8" slack="0"/>
<pin id="81006" dir="1" index="2" bw="24" slack="0"/>
</pin_list>
<bind>
<opcode="mul(12) " fcode="mul"/>
<opset="mul_ln73_2238/1 "/>
</bind>
</comp>

<comp id="722" class="1004" name="mul_ln42_95_fu_722">
<pin_list>
<pin id="80876" dir="0" index="0" bw="16" slack="0"/>
<pin id="80877" dir="0" index="1" bw="11" slack="0"/>
<pin id="80878" dir="1" index="2" bw="26" slack="0"/>
</pin_list>
<bind>
<opcode="mul(12) " fcode="mul"/>
<opset="mul_ln42_95/1 "/>
</bind>
</comp>

<comp id="723" class="1004" name="mul_ln42_96_fu_723">
<pin_list>
<pin id="80948" dir="0" index="0" bw="16" slack="0"/>
<pin id="80949" dir="0" index="1" bw="11" slack="0"/>
<pin id="80950" dir="1" index="2" bw="26" slack="0"/>
</pin_list>
<bind>
<opcode="mul(12) " fcode="mul"/>
<opset="mul_ln42_96/1 "/>
</bind>
</comp>

<comp id="724" class="1004" name="mul_ln42_112_fu_724">
<pin_list>
<pin id="81216" dir="0" index="0" bw="16" slack="0"/>
<pin id="81217" dir="0" index="1" bw="11" slack="0"/>
<pin id="81218" dir="1" index="2" bw="26" slack="0"/>
</pin_list>
<bind>
<opcode="mul(12) " fcode="mul"/>
<opset="mul_ln42_112/1 "/>
</bind>
</comp>

<comp id="725" class="1004" name="mul_ln73_2227_fu_725">
<pin_list>
<pin id="80952" dir="0" index="0" bw="16" slack="0"/>
<pin id="80953" dir="0" index="1" bw="9" slack="0"/>
<pin id="80954" dir="1" index="2" bw="25" slack="0"/>
</pin_list>
<bind>
<opcode="mul(12) " fcode="mul"/>
<opset="mul_ln73_2227/1 "/>
</bind>
</comp>

<comp id="726" class="1004" name="mul_ln73_2208_fu_726">
<pin_list>
<pin id="80868" dir="0" index="0" bw="16" slack="0"/>
<pin id="80869" dir="0" index="1" bw="8" slack="0"/>
<pin id="80870" dir="1" index="2" bw="24" slack="0"/>
</pin_list>
<bind>
<opcode="mul(12) " fcode="mul"/>
<opset="mul_ln73_2208/1 "/>
</bind>
</comp>

<comp id="727" class="1004" name="mul_ln73_2223_fu_727">
<pin_list>
<pin id="80932" dir="0" index="0" bw="16" slack="0"/>
<pin id="80933" dir="0" index="1" bw="10" slack="0"/>
<pin id="80934" dir="1" index="2" bw="26" slack="0"/>
</pin_list>
<bind>
<opcode="mul(12) " fcode="mul"/>
<opset="mul_ln73_2223/1 "/>
</bind>
</comp>

<comp id="728" class="1004" name="mul_ln42_97_fu_728">
<pin_list>
<pin id="80968" dir="0" index="0" bw="16" slack="0"/>
<pin id="80969" dir="0" index="1" bw="11" slack="0"/>
<pin id="80970" dir="1" index="2" bw="26" slack="0"/>
</pin_list>
<bind>
<opcode="mul(12) " fcode="mul"/>
<opset="mul_ln42_97/1 "/>
</bind>
</comp>

<comp id="730" class="1004" name="mul_ln73_2232_fu_730">
<pin_list>
<pin id="80976" dir="0" index="0" bw="16" slack="0"/>
<pin id="80977" dir="0" index="1" bw="9" slack="0"/>
<pin id="80978" dir="1" index="2" bw="25" slack="0"/>
</pin_list>
<bind>
<opcode="mul(12) " fcode="mul"/>
<opset="mul_ln73_2232/1 "/>
</bind>
</comp>

<comp id="731" class="1004" name="mul_ln73_2222_fu_731">
<pin_list>
<pin id="80928" dir="0" index="0" bw="16" slack="0"/>
<pin id="80929" dir="0" index="1" bw="8" slack="0"/>
<pin id="80930" dir="1" index="2" bw="24" slack="0"/>
</pin_list>
<bind>
<opcode="mul(12) " fcode="mul"/>
<opset="mul_ln73_2222/1 "/>
</bind>
</comp>

<comp id="732" class="1004" name="mul_ln73_2242_fu_732">
<pin_list>
<pin id="81024" dir="0" index="0" bw="16" slack="0"/>
<pin id="81025" dir="0" index="1" bw="10" slack="0"/>
<pin id="81026" dir="1" index="2" bw="26" slack="0"/>
</pin_list>
<bind>
<opcode="mul(12) " fcode="mul"/>
<opset="mul_ln73_2242/1 "/>
</bind>
</comp>

<comp id="733" class="1004" name="mul_ln73_2217_fu_733">
<pin_list>
<pin id="80908" dir="0" index="0" bw="16" slack="0"/>
<pin id="80909" dir="0" index="1" bw="6" slack="0"/>
<pin id="80910" dir="1" index="2" bw="22" slack="0"/>
</pin_list>
<bind>
<opcode="mul(12) " fcode="mul"/>
<opset="mul_ln73_2217/1 "/>
</bind>
</comp>

<comp id="734" class="1004" name="mul_ln73_2267_fu_734">
<pin_list>
<pin id="81152" dir="0" index="0" bw="16" slack="0"/>
<pin id="81153" dir="0" index="1" bw="10" slack="0"/>
<pin id="81154" dir="1" index="2" bw="26" slack="0"/>
</pin_list>
<bind>
<opcode="mul(12) " fcode="mul"/>
<opset="mul_ln73_2267/1 "/>
</bind>
</comp>

<comp id="735" class="1004" name="mul_ln73_2212_fu_735">
<pin_list>
<pin id="80888" dir="0" index="0" bw="16" slack="0"/>
<pin id="80889" dir="0" index="1" bw="10" slack="0"/>
<pin id="80890" dir="1" index="2" bw="26" slack="0"/>
</pin_list>
<bind>
<opcode="mul(12) " fcode="mul"/>
<opset="mul_ln73_2212/1 "/>
</bind>
</comp>

<comp id="736" class="1004" name="mul_ln73_2262_fu_736">
<pin_list>
<pin id="81132" dir="0" index="0" bw="16" slack="0"/>
<pin id="81133" dir="0" index="1" bw="10" slack="0"/>
<pin id="81134" dir="1" index="2" bw="26" slack="0"/>
</pin_list>
<bind>
<opcode="mul(12) " fcode="mul"/>
<opset="mul_ln73_2262/1 "/>
</bind>
</comp>

<comp id="737" class="1004" name="mul_ln73_2251_fu_737">
<pin_list>
<pin id="81072" dir="0" index="0" bw="16" slack="0"/>
<pin id="81073" dir="0" index="1" bw="8" slack="0"/>
<pin id="81074" dir="1" index="2" bw="24" slack="0"/>
</pin_list>
<bind>
<opcode="mul(12) " fcode="mul"/>
<opset="mul_ln73_2251/1 "/>
</bind>
</comp>

<comp id="738" class="1004" name="mul_ln73_2190_fu_738">
<pin_list>
<pin id="80788" dir="0" index="0" bw="16" slack="0"/>
<pin id="80789" dir="0" index="1" bw="10" slack="0"/>
<pin id="80790" dir="1" index="2" bw="26" slack="0"/>
</pin_list>
<bind>
<opcode="mul(12) " fcode="mul"/>
<opset="mul_ln73_2190/1 "/>
</bind>
</comp>

<comp id="739" class="1004" name="mul_ln42_101_fu_739">
<pin_list>
<pin id="81052" dir="0" index="0" bw="16" slack="0"/>
<pin id="81053" dir="0" index="1" bw="11" slack="0"/>
<pin id="81054" dir="1" index="2" bw="26" slack="0"/>
</pin_list>
<bind>
<opcode="mul(12) " fcode="mul"/>
<opset="mul_ln42_101/1 "/>
</bind>
</comp>

<comp id="740" class="1004" name="mul_ln73_2283_fu_740">
<pin_list>
<pin id="81240" dir="0" index="0" bw="16" slack="0"/>
<pin id="81241" dir="0" index="1" bw="9" slack="0"/>
<pin id="81242" dir="1" index="2" bw="25" slack="0"/>
</pin_list>
<bind>
<opcode="mul(12) " fcode="mul"/>
<opset="mul_ln73_2283/1 "/>
</bind>
</comp>

<comp id="742" class="1004" name="mul_ln73_2278_fu_742">
<pin_list>
<pin id="81220" dir="0" index="0" bw="16" slack="0"/>
<pin id="81221" dir="0" index="1" bw="10" slack="0"/>
<pin id="81222" dir="1" index="2" bw="26" slack="0"/>
</pin_list>
<bind>
<opcode="mul(12) " fcode="mul"/>
<opset="mul_ln73_2278/1 "/>
</bind>
</comp>

<comp id="743" class="1004" name="mul_ln73_2240_fu_743">
<pin_list>
<pin id="81012" dir="0" index="0" bw="16" slack="0"/>
<pin id="81013" dir="0" index="1" bw="8" slack="0"/>
<pin id="81014" dir="1" index="2" bw="24" slack="0"/>
</pin_list>
<bind>
<opcode="mul(12) " fcode="mul"/>
<opset="mul_ln73_2240/1 "/>
</bind>
</comp>

<comp id="744" class="1004" name="mul_ln73_2274_fu_744">
<pin_list>
<pin id="81200" dir="0" index="0" bw="16" slack="0"/>
<pin id="81201" dir="0" index="1" bw="10" slack="0"/>
<pin id="81202" dir="1" index="2" bw="26" slack="0"/>
</pin_list>
<bind>
<opcode="mul(12) " fcode="mul"/>
<opset="mul_ln73_2274/1 "/>
</bind>
</comp>

<comp id="748" class="1004" name="mul_ln73_2248_fu_748">
<pin_list>
<pin id="81060" dir="0" index="0" bw="16" slack="0"/>
<pin id="81061" dir="0" index="1" bw="10" slack="0"/>
<pin id="81062" dir="1" index="2" bw="26" slack="0"/>
</pin_list>
<bind>
<opcode="mul(12) " fcode="mul"/>
<opset="mul_ln73_2248/1 "/>
</bind>
</comp>

<comp id="749" class="1004" name="mul_ln73_2287_fu_749">
<pin_list>
<pin id="81256" dir="0" index="0" bw="16" slack="0"/>
<pin id="81257" dir="0" index="1" bw="8" slack="0"/>
<pin id="81258" dir="1" index="2" bw="24" slack="0"/>
</pin_list>
<bind>
<opcode="mul(12) " fcode="mul"/>
<opset="mul_ln73_2287/1 "/>
</bind>
</comp>

<comp id="751" class="1004" name="mul_ln73_2270_fu_751">
<pin_list>
<pin id="81168" dir="0" index="0" bw="16" slack="0"/>
<pin id="81169" dir="0" index="1" bw="9" slack="0"/>
<pin id="81170" dir="1" index="2" bw="25" slack="0"/>
</pin_list>
<bind>
<opcode="mul(12) " fcode="mul"/>
<opset="mul_ln73_2270/1 "/>
</bind>
</comp>

<comp id="752" class="1004" name="mul_ln73_2192_fu_752">
<pin_list>
<pin id="80796" dir="0" index="0" bw="16" slack="0"/>
<pin id="80797" dir="0" index="1" bw="10" slack="0"/>
<pin id="80798" dir="1" index="2" bw="26" slack="0"/>
</pin_list>
<bind>
<opcode="mul(12) " fcode="mul"/>
<opset="mul_ln73_2192/1 "/>
</bind>
</comp>

<comp id="753" class="1004" name="mul_ln73_2259_fu_753">
<pin_list>
<pin id="81120" dir="0" index="0" bw="16" slack="0"/>
<pin id="81121" dir="0" index="1" bw="8" slack="0"/>
<pin id="81122" dir="1" index="2" bw="24" slack="0"/>
</pin_list>
<bind>
<opcode="mul(12) " fcode="mul"/>
<opset="mul_ln73_2259/1 "/>
</bind>
</comp>

<comp id="754" class="1004" name="mul_ln73_2188_fu_754">
<pin_list>
<pin id="80776" dir="0" index="0" bw="16" slack="0"/>
<pin id="80777" dir="0" index="1" bw="9" slack="0"/>
<pin id="80778" dir="1" index="2" bw="25" slack="0"/>
</pin_list>
<bind>
<opcode="mul(12) " fcode="mul"/>
<opset="mul_ln73_2188/1 "/>
</bind>
</comp>

<comp id="755" class="1004" name="mul_ln73_fu_755">
<pin_list>
<pin id="80772" dir="0" index="0" bw="16" slack="0"/>
<pin id="80773" dir="0" index="1" bw="10" slack="0"/>
<pin id="80774" dir="1" index="2" bw="26" slack="0"/>
</pin_list>
<bind>
<opcode="mul(12) " fcode="mul"/>
<opset="mul_ln73/1 "/>
</bind>
</comp>

<comp id="756" class="1004" name="mul_ln73_2257_fu_756">
<pin_list>
<pin id="81104" dir="0" index="0" bw="16" slack="0"/>
<pin id="81105" dir="0" index="1" bw="8" slack="0"/>
<pin id="81106" dir="1" index="2" bw="24" slack="0"/>
</pin_list>
<bind>
<opcode="mul(12) " fcode="mul"/>
<opset="mul_ln73_2257/1 "/>
</bind>
</comp>

<comp id="758" class="1004" name="mul_ln73_2249_fu_758">
<pin_list>
<pin id="81064" dir="0" index="0" bw="16" slack="0"/>
<pin id="81065" dir="0" index="1" bw="10" slack="0"/>
<pin id="81066" dir="1" index="2" bw="26" slack="0"/>
</pin_list>
<bind>
<opcode="mul(12) " fcode="mul"/>
<opset="mul_ln73_2249/1 "/>
</bind>
</comp>

<comp id="759" class="1004" name="mul_ln73_2261_fu_759">
<pin_list>
<pin id="81128" dir="0" index="0" bw="16" slack="0"/>
<pin id="81129" dir="0" index="1" bw="10" slack="0"/>
<pin id="81130" dir="1" index="2" bw="26" slack="0"/>
</pin_list>
<bind>
<opcode="mul(12) " fcode="mul"/>
<opset="mul_ln73_2261/1 "/>
</bind>
</comp>

<comp id="760" class="1004" name="mul_ln42_103_fu_760">
<pin_list>
<pin id="81080" dir="0" index="0" bw="16" slack="0"/>
<pin id="81081" dir="0" index="1" bw="11" slack="0"/>
<pin id="81082" dir="1" index="2" bw="26" slack="0"/>
</pin_list>
<bind>
<opcode="mul(12) " fcode="mul"/>
<opset="mul_ln42_103/1 "/>
</bind>
</comp>

<comp id="762" class="1004" name="mul_ln73_2256_fu_762">
<pin_list>
<pin id="81100" dir="0" index="0" bw="16" slack="0"/>
<pin id="81101" dir="0" index="1" bw="7" slack="0"/>
<pin id="81102" dir="1" index="2" bw="23" slack="0"/>
</pin_list>
<bind>
<opcode="mul(12) " fcode="mul"/>
<opset="mul_ln73_2256/1 "/>
</bind>
</comp>

<comp id="764" class="1004" name="mul_ln73_2231_fu_764">
<pin_list>
<pin id="80972" dir="0" index="0" bw="16" slack="0"/>
<pin id="80973" dir="0" index="1" bw="10" slack="0"/>
<pin id="80974" dir="1" index="2" bw="26" slack="0"/>
</pin_list>
<bind>
<opcode="mul(12) " fcode="mul"/>
<opset="mul_ln73_2231/1 "/>
</bind>
</comp>

<comp id="765" class="1004" name="mul_ln73_2264_fu_765">
<pin_list>
<pin id="81140" dir="0" index="0" bw="16" slack="0"/>
<pin id="81141" dir="0" index="1" bw="9" slack="0"/>
<pin id="81142" dir="1" index="2" bw="25" slack="0"/>
</pin_list>
<bind>
<opcode="mul(12) " fcode="mul"/>
<opset="mul_ln73_2264/1 "/>
</bind>
</comp>

<comp id="766" class="1004" name="mul_ln73_2252_fu_766">
<pin_list>
<pin id="81076" dir="0" index="0" bw="16" slack="0"/>
<pin id="81077" dir="0" index="1" bw="9" slack="0"/>
<pin id="81078" dir="1" index="2" bw="25" slack="0"/>
</pin_list>
<bind>
<opcode="mul(12) " fcode="mul"/>
<opset="mul_ln73_2252/1 "/>
</bind>
</comp>

<comp id="767" class="1004" name="mul_ln73_2191_fu_767">
<pin_list>
<pin id="80792" dir="0" index="0" bw="16" slack="0"/>
<pin id="80793" dir="0" index="1" bw="10" slack="0"/>
<pin id="80794" dir="1" index="2" bw="26" slack="0"/>
</pin_list>
<bind>
<opcode="mul(12) " fcode="mul"/>
<opset="mul_ln73_2191/1 "/>
</bind>
</comp>

<comp id="768" class="1004" name="mul_ln73_2198_fu_768">
<pin_list>
<pin id="80820" dir="0" index="0" bw="16" slack="0"/>
<pin id="80821" dir="0" index="1" bw="9" slack="0"/>
<pin id="80822" dir="1" index="2" bw="25" slack="0"/>
</pin_list>
<bind>
<opcode="mul(12) " fcode="mul"/>
<opset="mul_ln73_2198/1 "/>
</bind>
</comp>

<comp id="769" class="1004" name="mul_ln73_2263_fu_769">
<pin_list>
<pin id="81136" dir="0" index="0" bw="16" slack="0"/>
<pin id="81137" dir="0" index="1" bw="10" slack="0"/>
<pin id="81138" dir="1" index="2" bw="26" slack="0"/>
</pin_list>
<bind>
<opcode="mul(12) " fcode="mul"/>
<opset="mul_ln73_2263/1 "/>
</bind>
</comp>

<comp id="770" class="1004" name="mul_ln73_2233_fu_770">
<pin_list>
<pin id="80980" dir="0" index="0" bw="16" slack="0"/>
<pin id="80981" dir="0" index="1" bw="10" slack="0"/>
<pin id="80982" dir="1" index="2" bw="26" slack="0"/>
</pin_list>
<bind>
<opcode="mul(12) " fcode="mul"/>
<opset="mul_ln73_2233/1 "/>
</bind>
</comp>

<comp id="771" class="1004" name="mul_ln73_2207_fu_771">
<pin_list>
<pin id="80864" dir="0" index="0" bw="16" slack="0"/>
<pin id="80865" dir="0" index="1" bw="9" slack="0"/>
<pin id="80866" dir="1" index="2" bw="25" slack="0"/>
</pin_list>
<bind>
<opcode="mul(12) " fcode="mul"/>
<opset="mul_ln73_2207/1 "/>
</bind>
</comp>

<comp id="81648" class="1004" name="sext_ln42_fu_81648">
<pin_list>
<pin id="81649" dir="0" index="0" bw="16" slack="0"/>
<pin id="81650" dir="1" index="1" bw="26" slack="0"/>
</pin_list>
<bind>
<opcode="sext(35) " fcode="sext"/>
<opset="sext_ln42/1 "/>
</bind>
</comp>

<comp id="81655" class="1004" name="sext_ln70_fu_81655">
<pin_list>
<pin id="81656" dir="0" index="0" bw="16" slack="0"/>
<pin id="81657" dir="1" index="1" bw="24" slack="0"/>
</pin_list>
<bind>
<opcode="sext(35) " fcode="sext"/>
<opset="sext_ln70/1 "/>
</bind>
</comp>

<comp id="81660" class="1004" name="sext_ln70_775_fu_81660">
<pin_list>
<pin id="81661" dir="0" index="0" bw="16" slack="0"/>
<pin id="81662" dir="1" index="1" bw="25" slack="0"/>
</pin_list>
<bind>
<opcode="sext(35) " fcode="sext"/>
<opset="sext_ln70_775/1 "/>
</bind>
</comp>

<comp id="81665" class="1004" name="trunc_ln_fu_81665">
<pin_list>
<pin id="81666" dir="0" index="0" bw="16" slack="0"/>
<pin id="81667" dir="0" index="1" bw="26" slack="0"/>
<pin id="81668" dir="0" index="2" bw="5" slack="0"/>
<pin id="81669" dir="0" index="3" bw="6" slack="0"/>
<pin id="81670" dir="1" index="4" bw="16" slack="0"/>
</pin_list>
<bind>
<opcode="partselect(1002) " fcode="partselect"/>
<opset="trunc_ln/1 "/>
</bind>
</comp>

<comp id="81675" class="1004" name="trunc_ln42_s_fu_81675">
<pin_list>
<pin id="81676" dir="0" index="0" bw="15" slack="0"/>
<pin id="81677" dir="0" index="1" bw="25" slack="0"/>
<pin id="81678" dir="0" index="2" bw="5" slack="0"/>
<pin id="81679" dir="0" index="3" bw="6" slack="0"/>
<pin id="81680" dir="1" index="4" bw="15" slack="0"/>
</pin_list>
<bind>
<opcode="partselect(1002) " fcode="partselect"/>
<opset="trunc_ln42_s/1 "/>
</bind>
</comp>

<comp id="81685" class="1004" name="sext_ln42_1595_fu_81685">
<pin_list>
<pin id="81686" dir="0" index="0" bw="15" slack="0"/>
<pin id="81687" dir="1" index="1" bw="16" slack="0"/>
</pin_list>
<bind>
<opcode="sext(35) " fcode="sext"/>
<opset="sext_ln42_1595/1 "/>
</bind>
</comp>

<comp id="81689" class="1004" name="trunc_ln42_1_fu_81689">
<pin_list>
<pin id="81690" dir="0" index="0" bw="14" slack="0"/>
<pin id="81691" dir="0" index="1" bw="24" slack="0"/>
<pin id="81692" dir="0" index="2" bw="5" slack="0"/>
<pin id="81693" dir="0" index="3" bw="6" slack="0"/>
<pin id="81694" dir="1" index="4" bw="14" slack="0"/>
</pin_list>
<bind>
<opcode="partselect(1002) " fcode="partselect"/>
<opset="trunc_ln42_1/1 "/>
</bind>
</comp>

<comp id="81699" class="1004" name="sext_ln42_1596_fu_81699">
<pin_list>
<pin id="81700" dir="0" index="0" bw="14" slack="0"/>
<pin id="81701" dir="1" index="1" bw="16" slack="0"/>
</pin_list>
<bind>
<opcode="sext(35) " fcode="sext"/>
<opset="sext_ln42_1596/1 "/>
</bind>
</comp>

<comp id="81703" class="1004" name="trunc_ln42_3_fu_81703">
<pin_list>
<pin id="81704" dir="0" index="0" bw="16" slack="0"/>
<pin id="81705" dir="0" index="1" bw="26" slack="0"/>
<pin id="81706" dir="0" index="2" bw="5" slack="0"/>
<pin id="81707" dir="0" index="3" bw="6" slack="0"/>
<pin id="81708" dir="1" index="4" bw="16" slack="0"/>
</pin_list>
<bind>
<opcode="partselect(1002) " fcode="partselect"/>
<opset="trunc_ln42_3/1 "/>
</bind>
</comp>

<comp id="81713" class="1004" name="trunc_ln42_4_fu_81713">
<pin_list>
<pin id="81714" dir="0" index="0" bw="16" slack="0"/>
<pin id="81715" dir="0" index="1" bw="26" slack="0"/>
<pin id="81716" dir="0" index="2" bw="5" slack="0"/>
<pin id="81717" dir="0" index="3" bw="6" slack="0"/>
<pin id="81718" dir="1" index="4" bw="16" slack="0"/>
</pin_list>
<bind>
<opcode="partselect(1002) " fcode="partselect"/>
<opset="trunc_ln42_4/1 "/>
</bind>
</comp>

<comp id="81723" class="1004" name="sext_ln70_776_fu_81723">
<pin_list>
<pin id="81724" dir="0" index="0" bw="16" slack="0"/>
<pin id="81725" dir="1" index="1" bw="24" slack="0"/>
</pin_list>
<bind>
<opcode="sext(35) " fcode="sext"/>
<opset="sext_ln70_776/1 "/>
</bind>
</comp>

<comp id="81728" class="1004" name="sext_ln70_777_fu_81728">
<pin_list>
<pin id="81729" dir="0" index="0" bw="16" slack="0"/>
<pin id="81730" dir="1" index="1" bw="25" slack="0"/>
</pin_list>
<bind>
<opcode="sext(35) " fcode="sext"/>
<opset="sext_ln70_777/1 "/>
</bind>
</comp>

<comp id="81733" class="1004" name="sext_ln70_778_fu_81733">
<pin_list>
<pin id="81734" dir="0" index="0" bw="16" slack="0"/>
<pin id="81735" dir="1" index="1" bw="26" slack="0"/>
</pin_list>
<bind>
<opcode="sext(35) " fcode="sext"/>
<opset="sext_ln70_778/1 "/>
</bind>
</comp>

<comp id="81740" class="1004" name="trunc_ln42_5_fu_81740">
<pin_list>
<pin id="81741" dir="0" index="0" bw="16" slack="0"/>
<pin id="81742" dir="0" index="1" bw="26" slack="0"/>
<pin id="81743" dir="0" index="2" bw="5" slack="0"/>
<pin id="81744" dir="0" index="3" bw="6" slack="0"/>
<pin id="81745" dir="1" index="4" bw="16" slack="0"/>
</pin_list>
<bind>
<opcode="partselect(1002) " fcode="partselect"/>
<opset="trunc_ln42_5/1 "/>
</bind>
</comp>

<comp id="81750" class="1004" name="trunc_ln42_6_fu_81750">
<pin_list>
<pin id="81751" dir="0" index="0" bw="16" slack="0"/>
<pin id="81752" dir="0" index="1" bw="26" slack="0"/>
<pin id="81753" dir="0" index="2" bw="5" slack="0"/>
<pin id="81754" dir="0" index="3" bw="6" slack="0"/>
<pin id="81755" dir="1" index="4" bw="16" slack="0"/>
</pin_list>
<bind>
<opcode="partselect(1002) " fcode="partselect"/>
<opset="trunc_ln42_6/1 "/>
</bind>
</comp>

<comp id="81760" class="1004" name="trunc_ln42_2_fu_81760">
<pin_list>
<pin id="81761" dir="0" index="0" bw="15" slack="0"/>
<pin id="81762" dir="0" index="1" bw="25" slack="0"/>
<pin id="81763" dir="0" index="2" bw="5" slack="0"/>
<pin id="81764" dir="0" index="3" bw="6" slack="0"/>
<pin id="81765" dir="1" index="4" bw="15" slack="0"/>
</pin_list>
<bind>
<opcode="partselect(1002) " fcode="partselect"/>
<opset="trunc_ln42_2/1 "/>
</bind>
</comp>

<comp id="81770" class="1004" name="sext_ln42_1597_fu_81770">
<pin_list>
<pin id="81771" dir="0" index="0" bw="15" slack="0"/>
<pin id="81772" dir="1" index="1" bw="16" slack="0"/>
</pin_list>
<bind>
<opcode="sext(35) " fcode="sext"/>
<opset="sext_ln42_1597/1 "/>
</bind>
</comp>

<comp id="81774" class="1004" name="trunc_ln42_7_fu_81774">
<pin_list>
<pin id="81775" dir="0" index="0" bw="14" slack="0"/>
<pin id="81776" dir="0" index="1" bw="24" slack="0"/>
<pin id="81777" dir="0" index="2" bw="5" slack="0"/>
<pin id="81778" dir="0" index="3" bw="6" slack="0"/>
<pin id="81779" dir="1" index="4" bw="14" slack="0"/>
</pin_list>
<bind>
<opcode="partselect(1002) " fcode="partselect"/>
<opset="trunc_ln42_7/1 "/>
</bind>
</comp>

<comp id="81784" class="1004" name="sext_ln42_1598_fu_81784">
<pin_list>
<pin id="81785" dir="0" index="0" bw="14" slack="0"/>
<pin id="81786" dir="1" index="1" bw="16" slack="0"/>
</pin_list>
<bind>
<opcode="sext(35) " fcode="sext"/>
<opset="sext_ln42_1598/1 "/>
</bind>
</comp>

<comp id="81788" class="1004" name="trunc_ln42_9_fu_81788">
<pin_list>
<pin id="81789" dir="0" index="0" bw="16" slack="0"/>
<pin id="81790" dir="0" index="1" bw="26" slack="0"/>
<pin id="81791" dir="0" index="2" bw="5" slack="0"/>
<pin id="81792" dir="0" index="3" bw="6" slack="0"/>
<pin id="81793" dir="1" index="4" bw="16" slack="0"/>
</pin_list>
<bind>
<opcode="partselect(1002) " fcode="partselect"/>
<opset="trunc_ln42_9/1 "/>
</bind>
</comp>

<comp id="81798" class="1004" name="sext_ln70_779_fu_81798">
<pin_list>
<pin id="81799" dir="0" index="0" bw="16" slack="0"/>
<pin id="81800" dir="1" index="1" bw="17" slack="0"/>
</pin_list>
<bind>
<opcode="sext(35) " fcode="sext"/>
<opset="sext_ln70_779/1 "/>
</bind>
</comp>

<comp id="81802" class="1004" name="sub_ln73_fu_81802">
<pin_list>
<pin id="81803" dir="0" index="0" bw="1" slack="0"/>
<pin id="81804" dir="0" index="1" bw="16" slack="0"/>
<pin id="81805" dir="1" index="2" bw="17" slack="0"/>
</pin_list>
<bind>
<opcode="sub(10) " fcode="sub"/>
<opset="sub_ln73/1 "/>
</bind>
</comp>

<comp id="81808" class="1004" name="trunc_ln42_8_fu_81808">
<pin_list>
<pin id="81809" dir="0" index="0" bw="7" slack="0"/>
<pin id="81810" dir="0" index="1" bw="17" slack="0"/>
<pin id="81811" dir="0" index="2" bw="5" slack="0"/>
<pin id="81812" dir="0" index="3" bw="6" slack="0"/>
<pin id="81813" dir="1" index="4" bw="7" slack="0"/>
</pin_list>
<bind>
<opcode="partselect(1002) " fcode="partselect"/>
<opset="trunc_ln42_8/1 "/>
</bind>
</comp>

<comp id="81818" class="1004" name="sext_ln42_1599_fu_81818">
<pin_list>
<pin id="81819" dir="0" index="0" bw="7" slack="0"/>
<pin id="81820" dir="1" index="1" bw="16" slack="0"/>
</pin_list>
<bind>
<opcode="sext(35) " fcode="sext"/>
<opset="sext_ln42_1599/1 "/>
</bind>
</comp>

<comp id="81822" class="1004" name="sext_ln70_842_fu_81822">
<pin_list>
<pin id="81823" dir="0" index="0" bw="7" slack="0"/>
<pin id="81824" dir="1" index="1" bw="8" slack="0"/>
</pin_list>
<bind>
<opcode="sext(35) " fcode="sext"/>
<opset="sext_ln70_842/1 "/>
</bind>
</comp>

<comp id="81826" class="1004" name="sext_ln70_780_fu_81826">
<pin_list>
<pin id="81827" dir="0" index="0" bw="16" slack="0"/>
<pin id="81828" dir="1" index="1" bw="17" slack="0"/>
</pin_list>
<bind>
<opcode="sext(35) " fcode="sext"/>
<opset="sext_ln70_780/1 "/>
</bind>
</comp>

<comp id="81830" class="1004" name="sub_ln73_88_fu_81830">
<pin_list>
<pin id="81831" dir="0" index="0" bw="1" slack="0"/>
<pin id="81832" dir="0" index="1" bw="16" slack="0"/>
<pin id="81833" dir="1" index="2" bw="17" slack="0"/>
</pin_list>
<bind>
<opcode="sub(10) " fcode="sub"/>
<opset="sub_ln73_88/1 "/>
</bind>
</comp>

<comp id="81836" class="1004" name="trunc_ln42_10_fu_81836">
<pin_list>
<pin id="81837" dir="0" index="0" bw="7" slack="0"/>
<pin id="81838" dir="0" index="1" bw="17" slack="0"/>
<pin id="81839" dir="0" index="2" bw="5" slack="0"/>
<pin id="81840" dir="0" index="3" bw="6" slack="0"/>
<pin id="81841" dir="1" index="4" bw="7" slack="0"/>
</pin_list>
<bind>
<opcode="partselect(1002) " fcode="partselect"/>
<opset="trunc_ln42_10/1 "/>
</bind>
</comp>

<comp id="81846" class="1004" name="sext_ln42_1600_fu_81846">
<pin_list>
<pin id="81847" dir="0" index="0" bw="7" slack="0"/>
<pin id="81848" dir="1" index="1" bw="16" slack="0"/>
</pin_list>
<bind>
<opcode="sext(35) " fcode="sext"/>
<opset="sext_ln42_1600/1 "/>
</bind>
</comp>

<comp id="81850" class="1004" name="sext_ln70_843_fu_81850">
<pin_list>
<pin id="81851" dir="0" index="0" bw="7" slack="0"/>
<pin id="81852" dir="1" index="1" bw="8" slack="0"/>
</pin_list>
<bind>
<opcode="sext(35) " fcode="sext"/>
<opset="sext_ln70_843/1 "/>
</bind>
</comp>

<comp id="81854" class="1004" name="sext_ln70_781_fu_81854">
<pin_list>
<pin id="81855" dir="0" index="0" bw="16" slack="0"/>
<pin id="81856" dir="1" index="1" bw="23" slack="0"/>
</pin_list>
<bind>
<opcode="sext(35) " fcode="sext"/>
<opset="sext_ln70_781/1 "/>
</bind>
</comp>

<comp id="81859" class="1004" name="sext_ln70_782_fu_81859">
<pin_list>
<pin id="81860" dir="0" index="0" bw="16" slack="0"/>
<pin id="81861" dir="1" index="1" bw="25" slack="0"/>
</pin_list>
<bind>
<opcode="sext(35) " fcode="sext"/>
<opset="sext_ln70_782/1 "/>
</bind>
</comp>

<comp id="81864" class="1004" name="sext_ln70_783_fu_81864">
<pin_list>
<pin id="81865" dir="0" index="0" bw="16" slack="0"/>
<pin id="81866" dir="1" index="1" bw="26" slack="0"/>
</pin_list>
<bind>
<opcode="sext(35) " fcode="sext"/>
<opset="sext_ln70_783/1 "/>
</bind>
</comp>

<comp id="81871" class="1004" name="trunc_ln42_11_fu_81871">
<pin_list>
<pin id="81872" dir="0" index="0" bw="16" slack="0"/>
<pin id="81873" dir="0" index="1" bw="26" slack="0"/>
<pin id="81874" dir="0" index="2" bw="5" slack="0"/>
<pin id="81875" dir="0" index="3" bw="6" slack="0"/>
<pin id="81876" dir="1" index="4" bw="16" slack="0"/>
</pin_list>
<bind>
<opcode="partselect(1002) " fcode="partselect"/>
<opset="trunc_ln42_11/1 "/>
</bind>
</comp>

<comp id="81881" class="1004" name="trunc_ln42_12_fu_81881">
<pin_list>
<pin id="81882" dir="0" index="0" bw="16" slack="0"/>
<pin id="81883" dir="0" index="1" bw="26" slack="0"/>
<pin id="81884" dir="0" index="2" bw="5" slack="0"/>
<pin id="81885" dir="0" index="3" bw="6" slack="0"/>
<pin id="81886" dir="1" index="4" bw="16" slack="0"/>
</pin_list>
<bind>
<opcode="partselect(1002) " fcode="partselect"/>
<opset="trunc_ln42_12/1 "/>
</bind>
</comp>

<comp id="81891" class="1004" name="trunc_ln42_13_fu_81891">
<pin_list>
<pin id="81892" dir="0" index="0" bw="15" slack="0"/>
<pin id="81893" dir="0" index="1" bw="25" slack="0"/>
<pin id="81894" dir="0" index="2" bw="5" slack="0"/>
<pin id="81895" dir="0" index="3" bw="6" slack="0"/>
<pin id="81896" dir="1" index="4" bw="15" slack="0"/>
</pin_list>
<bind>
<opcode="partselect(1002) " fcode="partselect"/>
<opset="trunc_ln42_13/1 "/>
</bind>
</comp>

<comp id="81901" class="1004" name="sext_ln42_1601_fu_81901">
<pin_list>
<pin id="81902" dir="0" index="0" bw="15" slack="0"/>
<pin id="81903" dir="1" index="1" bw="16" slack="0"/>
</pin_list>
<bind>
<opcode="sext(35) " fcode="sext"/>
<opset="sext_ln42_1601/1 "/>
</bind>
</comp>

<comp id="81905" class="1004" name="trunc_ln42_14_fu_81905">
<pin_list>
<pin id="81906" dir="0" index="0" bw="13" slack="0"/>
<pin id="81907" dir="0" index="1" bw="23" slack="0"/>
<pin id="81908" dir="0" index="2" bw="5" slack="0"/>
<pin id="81909" dir="0" index="3" bw="6" slack="0"/>
<pin id="81910" dir="1" index="4" bw="13" slack="0"/>
</pin_list>
<bind>
<opcode="partselect(1002) " fcode="partselect"/>
<opset="trunc_ln42_14/1 "/>
</bind>
</comp>

<comp id="81915" class="1004" name="sext_ln42_1602_fu_81915">
<pin_list>
<pin id="81916" dir="0" index="0" bw="13" slack="0"/>
<pin id="81917" dir="1" index="1" bw="16" slack="0"/>
</pin_list>
<bind>
<opcode="sext(35) " fcode="sext"/>
<opset="sext_ln42_1602/1 "/>
</bind>
</comp>

<comp id="81919" class="1004" name="trunc_ln42_15_fu_81919">
<pin_list>
<pin id="81920" dir="0" index="0" bw="16" slack="0"/>
<pin id="81921" dir="0" index="1" bw="26" slack="0"/>
<pin id="81922" dir="0" index="2" bw="5" slack="0"/>
<pin id="81923" dir="0" index="3" bw="6" slack="0"/>
<pin id="81924" dir="1" index="4" bw="16" slack="0"/>
</pin_list>
<bind>
<opcode="partselect(1002) " fcode="partselect"/>
<opset="trunc_ln42_15/1 "/>
</bind>
</comp>

<comp id="81929" class="1004" name="sext_ln70_784_fu_81929">
<pin_list>
<pin id="81930" dir="0" index="0" bw="16" slack="0"/>
<pin id="81931" dir="1" index="1" bw="24" slack="0"/>
</pin_list>
<bind>
<opcode="sext(35) " fcode="sext"/>
<opset="sext_ln70_784/1 "/>
</bind>
</comp>

<comp id="81934" class="1004" name="sext_ln42_1603_fu_81934">
<pin_list>
<pin id="81935" dir="0" index="0" bw="16" slack="0"/>
<pin id="81936" dir="1" index="1" bw="26" slack="0"/>
</pin_list>
<bind>
<opcode="sext(35) " fcode="sext"/>
<opset="sext_ln42_1603/1 "/>
</bind>
</comp>

<comp id="81941" class="1004" name="trunc_ln42_16_fu_81941">
<pin_list>
<pin id="81942" dir="0" index="0" bw="16" slack="0"/>
<pin id="81943" dir="0" index="1" bw="26" slack="0"/>
<pin id="81944" dir="0" index="2" bw="5" slack="0"/>
<pin id="81945" dir="0" index="3" bw="6" slack="0"/>
<pin id="81946" dir="1" index="4" bw="16" slack="0"/>
</pin_list>
<bind>
<opcode="partselect(1002) " fcode="partselect"/>
<opset="trunc_ln42_16/1 "/>
</bind>
</comp>

<comp id="81951" class="1004" name="trunc_ln42_17_fu_81951">
<pin_list>
<pin id="81952" dir="0" index="0" bw="16" slack="0"/>
<pin id="81953" dir="0" index="1" bw="26" slack="0"/>
<pin id="81954" dir="0" index="2" bw="5" slack="0"/>
<pin id="81955" dir="0" index="3" bw="6" slack="0"/>
<pin id="81956" dir="1" index="4" bw="16" slack="0"/>
</pin_list>
<bind>
<opcode="partselect(1002) " fcode="partselect"/>
<opset="trunc_ln42_17/1 "/>
</bind>
</comp>

<comp id="81961" class="1004" name="shl_ln_fu_81961">
<pin_list>
<pin id="81962" dir="0" index="0" bw="22" slack="0"/>
<pin id="81963" dir="0" index="1" bw="16" slack="0"/>
<pin id="81964" dir="0" index="2" bw="1" slack="0"/>
<pin id="81965" dir="1" index="3" bw="22" slack="0"/>
</pin_list>
<bind>
<opcode="bitconcatenate(1004) " fcode="bitconcatenate"/>
<opset="shl_ln/1 "/>
</bind>
</comp>

<comp id="81969" class="1004" name="sext_ln73_fu_81969">
<pin_list>
<pin id="81970" dir="0" index="0" bw="22" slack="0"/>
<pin id="81971" dir="1" index="1" bw="23" slack="0"/>
</pin_list>
<bind>
<opcode="sext(35) " fcode="sext"/>
<opset="sext_ln73/1 "/>
</bind>
</comp>

<comp id="81973" class="1004" name="shl_ln73_s_fu_81973">
<pin_list>
<pin id="81974" dir="0" index="0" bw="19" slack="0"/>
<pin id="81975" dir="0" index="1" bw="16" slack="0"/>
<pin id="81976" dir="0" index="2" bw="1" slack="0"/>
<pin id="81977" dir="1" index="3" bw="19" slack="0"/>
</pin_list>
<bind>
<opcode="bitconcatenate(1004) " fcode="bitconcatenate"/>
<opset="shl_ln73_s/1 "/>
</bind>
</comp>

<comp id="81981" class="1004" name="sext_ln73_987_fu_81981">
<pin_list>
<pin id="81982" dir="0" index="0" bw="19" slack="0"/>
<pin id="81983" dir="1" index="1" bw="23" slack="0"/>
</pin_list>
<bind>
<opcode="sext(35) " fcode="sext"/>
<opset="sext_ln73_987/1 "/>
</bind>
</comp>

<comp id="81985" class="1004" name="add_ln73_fu_81985">
<pin_list>
<pin id="81986" dir="0" index="0" bw="22" slack="0"/>
<pin id="81987" dir="0" index="1" bw="19" slack="0"/>
<pin id="81988" dir="1" index="2" bw="23" slack="0"/>
</pin_list>
<bind>
<opcode="add(8) " fcode="add"/>
<opset="add_ln73/1 "/>
</bind>
</comp>

<comp id="81991" class="1004" name="trunc_ln42_18_fu_81991">
<pin_list>
<pin id="81992" dir="0" index="0" bw="13" slack="0"/>
<pin id="81993" dir="0" index="1" bw="23" slack="0"/>
<pin id="81994" dir="0" index="2" bw="5" slack="0"/>
<pin id="81995" dir="0" index="3" bw="6" slack="0"/>
<pin id="81996" dir="1" index="4" bw="13" slack="0"/>
</pin_list>
<bind>
<opcode="partselect(1002) " fcode="partselect"/>
<opset="trunc_ln42_18/1 "/>
</bind>
</comp>

<comp id="82001" class="1004" name="sext_ln42_1604_fu_82001">
<pin_list>
<pin id="82002" dir="0" index="0" bw="13" slack="0"/>
<pin id="82003" dir="1" index="1" bw="16" slack="0"/>
</pin_list>
<bind>
<opcode="sext(35) " fcode="sext"/>
<opset="sext_ln42_1604/1 "/>
</bind>
</comp>

<comp id="82005" class="1004" name="trunc_ln42_19_fu_82005">
<pin_list>
<pin id="82006" dir="0" index="0" bw="16" slack="0"/>
<pin id="82007" dir="0" index="1" bw="26" slack="0"/>
<pin id="82008" dir="0" index="2" bw="5" slack="0"/>
<pin id="82009" dir="0" index="3" bw="6" slack="0"/>
<pin id="82010" dir="1" index="4" bw="16" slack="0"/>
</pin_list>
<bind>
<opcode="partselect(1002) " fcode="partselect"/>
<opset="trunc_ln42_19/1 "/>
</bind>
</comp>

<comp id="82015" class="1004" name="trunc_ln42_20_fu_82015">
<pin_list>
<pin id="82016" dir="0" index="0" bw="14" slack="0"/>
<pin id="82017" dir="0" index="1" bw="24" slack="0"/>
<pin id="82018" dir="0" index="2" bw="5" slack="0"/>
<pin id="82019" dir="0" index="3" bw="6" slack="0"/>
<pin id="82020" dir="1" index="4" bw="14" slack="0"/>
</pin_list>
<bind>
<opcode="partselect(1002) " fcode="partselect"/>
<opset="trunc_ln42_20/1 "/>
</bind>
</comp>

<comp id="82025" class="1004" name="sext_ln42_1605_fu_82025">
<pin_list>
<pin id="82026" dir="0" index="0" bw="14" slack="0"/>
<pin id="82027" dir="1" index="1" bw="16" slack="0"/>
</pin_list>
<bind>
<opcode="sext(35) " fcode="sext"/>
<opset="sext_ln42_1605/1 "/>
</bind>
</comp>

<comp id="82029" class="1004" name="sext_ln70_785_fu_82029">
<pin_list>
<pin id="82030" dir="0" index="0" bw="16" slack="0"/>
<pin id="82031" dir="1" index="1" bw="25" slack="0"/>
</pin_list>
<bind>
<opcode="sext(35) " fcode="sext"/>
<opset="sext_ln70_785/1 "/>
</bind>
</comp>

<comp id="82034" class="1004" name="sext_ln70_786_fu_82034">
<pin_list>
<pin id="82035" dir="0" index="0" bw="16" slack="0"/>
<pin id="82036" dir="1" index="1" bw="23" slack="0"/>
</pin_list>
<bind>
<opcode="sext(35) " fcode="sext"/>
<opset="sext_ln70_786/1 "/>
</bind>
</comp>

<comp id="82039" class="1004" name="sext_ln42_1606_fu_82039">
<pin_list>
<pin id="82040" dir="0" index="0" bw="16" slack="0"/>
<pin id="82041" dir="1" index="1" bw="26" slack="0"/>
</pin_list>
<bind>
<opcode="sext(35) " fcode="sext"/>
<opset="sext_ln42_1606/1 "/>
</bind>
</comp>

<comp id="82046" class="1004" name="trunc_ln42_21_fu_82046">
<pin_list>
<pin id="82047" dir="0" index="0" bw="16" slack="0"/>
<pin id="82048" dir="0" index="1" bw="26" slack="0"/>
<pin id="82049" dir="0" index="2" bw="5" slack="0"/>
<pin id="82050" dir="0" index="3" bw="6" slack="0"/>
<pin id="82051" dir="1" index="4" bw="16" slack="0"/>
</pin_list>
<bind>
<opcode="partselect(1002) " fcode="partselect"/>
<opset="trunc_ln42_21/1 "/>
</bind>
</comp>

<comp id="82056" class="1004" name="trunc_ln42_22_fu_82056">
<pin_list>
<pin id="82057" dir="0" index="0" bw="16" slack="0"/>
<pin id="82058" dir="0" index="1" bw="26" slack="0"/>
<pin id="82059" dir="0" index="2" bw="5" slack="0"/>
<pin id="82060" dir="0" index="3" bw="6" slack="0"/>
<pin id="82061" dir="1" index="4" bw="16" slack="0"/>
</pin_list>
<bind>
<opcode="partselect(1002) " fcode="partselect"/>
<opset="trunc_ln42_22/1 "/>
</bind>
</comp>

<comp id="82066" class="1004" name="trunc_ln42_23_fu_82066">
<pin_list>
<pin id="82067" dir="0" index="0" bw="16" slack="0"/>
<pin id="82068" dir="0" index="1" bw="26" slack="0"/>
<pin id="82069" dir="0" index="2" bw="5" slack="0"/>
<pin id="82070" dir="0" index="3" bw="6" slack="0"/>
<pin id="82071" dir="1" index="4" bw="16" slack="0"/>
</pin_list>
<bind>
<opcode="partselect(1002) " fcode="partselect"/>
<opset="trunc_ln42_23/1 "/>
</bind>
</comp>

<comp id="82076" class="1004" name="trunc_ln42_24_fu_82076">
<pin_list>
<pin id="82077" dir="0" index="0" bw="13" slack="0"/>
<pin id="82078" dir="0" index="1" bw="23" slack="0"/>
<pin id="82079" dir="0" index="2" bw="5" slack="0"/>
<pin id="82080" dir="0" index="3" bw="6" slack="0"/>
<pin id="82081" dir="1" index="4" bw="13" slack="0"/>
</pin_list>
<bind>
<opcode="partselect(1002) " fcode="partselect"/>
<opset="trunc_ln42_24/1 "/>
</bind>
</comp>

<comp id="82086" class="1004" name="sext_ln73_988_fu_82086">
<pin_list>
<pin id="82087" dir="0" index="0" bw="13" slack="0"/>
<pin id="82088" dir="1" index="1" bw="15" slack="0"/>
</pin_list>
<bind>
<opcode="sext(35) " fcode="sext"/>
<opset="sext_ln73_988/1 "/>
</bind>
</comp>

<comp id="82090" class="1004" name="trunc_ln42_25_fu_82090">
<pin_list>
<pin id="82091" dir="0" index="0" bw="15" slack="0"/>
<pin id="82092" dir="0" index="1" bw="25" slack="0"/>
<pin id="82093" dir="0" index="2" bw="5" slack="0"/>
<pin id="82094" dir="0" index="3" bw="6" slack="0"/>
<pin id="82095" dir="1" index="4" bw="15" slack="0"/>
</pin_list>
<bind>
<opcode="partselect(1002) " fcode="partselect"/>
<opset="trunc_ln42_25/1 "/>
</bind>
</comp>

<comp id="82100" class="1004" name="sext_ln42_1607_fu_82100">
<pin_list>
<pin id="82101" dir="0" index="0" bw="15" slack="0"/>
<pin id="82102" dir="1" index="1" bw="16" slack="0"/>
</pin_list>
<bind>
<opcode="sext(35) " fcode="sext"/>
<opset="sext_ln42_1607/1 "/>
</bind>
</comp>

<comp id="82104" class="1004" name="sext_ln42_1608_fu_82104">
<pin_list>
<pin id="82105" dir="0" index="0" bw="16" slack="0"/>
<pin id="82106" dir="1" index="1" bw="26" slack="0"/>
</pin_list>
<bind>
<opcode="sext(35) " fcode="sext"/>
<opset="sext_ln42_1608/1 "/>
</bind>
</comp>

<comp id="82111" class="1004" name="sext_ln70_787_fu_82111">
<pin_list>
<pin id="82112" dir="0" index="0" bw="16" slack="0"/>
<pin id="82113" dir="1" index="1" bw="24" slack="0"/>
</pin_list>
<bind>
<opcode="sext(35) " fcode="sext"/>
<opset="sext_ln70_787/1 "/>
</bind>
</comp>

<comp id="82117" class="1004" name="trunc_ln42_26_fu_82117">
<pin_list>
<pin id="82118" dir="0" index="0" bw="14" slack="0"/>
<pin id="82119" dir="0" index="1" bw="24" slack="0"/>
<pin id="82120" dir="0" index="2" bw="5" slack="0"/>
<pin id="82121" dir="0" index="3" bw="6" slack="0"/>
<pin id="82122" dir="1" index="4" bw="14" slack="0"/>
</pin_list>
<bind>
<opcode="partselect(1002) " fcode="partselect"/>
<opset="trunc_ln42_26/1 "/>
</bind>
</comp>

<comp id="82127" class="1004" name="sext_ln73_989_fu_82127">
<pin_list>
<pin id="82128" dir="0" index="0" bw="14" slack="0"/>
<pin id="82129" dir="1" index="1" bw="15" slack="0"/>
</pin_list>
<bind>
<opcode="sext(35) " fcode="sext"/>
<opset="sext_ln73_989/1 "/>
</bind>
</comp>

<comp id="82131" class="1004" name="trunc_ln42_27_fu_82131">
<pin_list>
<pin id="82132" dir="0" index="0" bw="16" slack="0"/>
<pin id="82133" dir="0" index="1" bw="26" slack="0"/>
<pin id="82134" dir="0" index="2" bw="5" slack="0"/>
<pin id="82135" dir="0" index="3" bw="6" slack="0"/>
<pin id="82136" dir="1" index="4" bw="16" slack="0"/>
</pin_list>
<bind>
<opcode="partselect(1002) " fcode="partselect"/>
<opset="trunc_ln42_27/1 "/>
</bind>
</comp>

<comp id="82141" class="1004" name="trunc_ln42_28_fu_82141">
<pin_list>
<pin id="82142" dir="0" index="0" bw="16" slack="0"/>
<pin id="82143" dir="0" index="1" bw="26" slack="0"/>
<pin id="82144" dir="0" index="2" bw="5" slack="0"/>
<pin id="82145" dir="0" index="3" bw="6" slack="0"/>
<pin id="82146" dir="1" index="4" bw="16" slack="0"/>
</pin_list>
<bind>
<opcode="partselect(1002) " fcode="partselect"/>
<opset="trunc_ln42_28/1 "/>
</bind>
</comp>

<comp id="82151" class="1004" name="trunc_ln42_29_fu_82151">
<pin_list>
<pin id="82152" dir="0" index="0" bw="14" slack="0"/>
<pin id="82153" dir="0" index="1" bw="24" slack="0"/>
<pin id="82154" dir="0" index="2" bw="5" slack="0"/>
<pin id="82155" dir="0" index="3" bw="6" slack="0"/>
<pin id="82156" dir="1" index="4" bw="14" slack="0"/>
</pin_list>
<bind>
<opcode="partselect(1002) " fcode="partselect"/>
<opset="trunc_ln42_29/1 "/>
</bind>
</comp>

<comp id="82161" class="1004" name="sext_ln73_990_fu_82161">
<pin_list>
<pin id="82162" dir="0" index="0" bw="14" slack="0"/>
<pin id="82163" dir="1" index="1" bw="15" slack="0"/>
</pin_list>
<bind>
<opcode="sext(35) " fcode="sext"/>
<opset="sext_ln73_990/1 "/>
</bind>
</comp>

<comp id="82165" class="1004" name="trunc_ln42_30_fu_82165">
<pin_list>
<pin id="82166" dir="0" index="0" bw="16" slack="0"/>
<pin id="82167" dir="0" index="1" bw="26" slack="0"/>
<pin id="82168" dir="0" index="2" bw="5" slack="0"/>
<pin id="82169" dir="0" index="3" bw="6" slack="0"/>
<pin id="82170" dir="1" index="4" bw="16" slack="0"/>
</pin_list>
<bind>
<opcode="partselect(1002) " fcode="partselect"/>
<opset="trunc_ln42_30/1 "/>
</bind>
</comp>

<comp id="82175" class="1004" name="sext_ln70_788_fu_82175">
<pin_list>
<pin id="82176" dir="0" index="0" bw="16" slack="0"/>
<pin id="82177" dir="1" index="1" bw="25" slack="0"/>
</pin_list>
<bind>
<opcode="sext(35) " fcode="sext"/>
<opset="sext_ln70_788/1 "/>
</bind>
</comp>

<comp id="82181" class="1004" name="sext_ln70_789_fu_82181">
<pin_list>
<pin id="82182" dir="0" index="0" bw="16" slack="0"/>
<pin id="82183" dir="1" index="1" bw="26" slack="0"/>
</pin_list>
<bind>
<opcode="sext(35) " fcode="sext"/>
<opset="sext_ln70_789/1 "/>
</bind>
</comp>

<comp id="82187" class="1004" name="shl_ln73_586_fu_82187">
<pin_list>
<pin id="82188" dir="0" index="0" bw="23" slack="0"/>
<pin id="82189" dir="0" index="1" bw="16" slack="0"/>
<pin id="82190" dir="0" index="2" bw="1" slack="0"/>
<pin id="82191" dir="1" index="3" bw="23" slack="0"/>
</pin_list>
<bind>
<opcode="bitconcatenate(1004) " fcode="bitconcatenate"/>
<opset="shl_ln73_586/1 "/>
</bind>
</comp>

<comp id="82195" class="1004" name="sext_ln73_991_fu_82195">
<pin_list>
<pin id="82196" dir="0" index="0" bw="23" slack="0"/>
<pin id="82197" dir="1" index="1" bw="24" slack="0"/>
</pin_list>
<bind>
<opcode="sext(35) " fcode="sext"/>
<opset="sext_ln73_991/1 "/>
</bind>
</comp>

<comp id="82199" class="1004" name="shl_ln73_587_fu_82199">
<pin_list>
<pin id="82200" dir="0" index="0" bw="21" slack="0"/>
<pin id="82201" dir="0" index="1" bw="16" slack="0"/>
<pin id="82202" dir="0" index="2" bw="1" slack="0"/>
<pin id="82203" dir="1" index="3" bw="21" slack="0"/>
</pin_list>
<bind>
<opcode="bitconcatenate(1004) " fcode="bitconcatenate"/>
<opset="shl_ln73_587/1 "/>
</bind>
</comp>

<comp id="82207" class="1004" name="sext_ln73_992_fu_82207">
<pin_list>
<pin id="82208" dir="0" index="0" bw="21" slack="0"/>
<pin id="82209" dir="1" index="1" bw="24" slack="0"/>
</pin_list>
<bind>
<opcode="sext(35) " fcode="sext"/>
<opset="sext_ln73_992/1 "/>
</bind>
</comp>

<comp id="82211" class="1004" name="add_ln73_192_fu_82211">
<pin_list>
<pin id="82212" dir="0" index="0" bw="23" slack="0"/>
<pin id="82213" dir="0" index="1" bw="21" slack="0"/>
<pin id="82214" dir="1" index="2" bw="24" slack="0"/>
</pin_list>
<bind>
<opcode="add(8) " fcode="add"/>
<opset="add_ln73_192/1 "/>
</bind>
</comp>

<comp id="82217" class="1004" name="trunc_ln42_31_fu_82217">
<pin_list>
<pin id="82218" dir="0" index="0" bw="14" slack="0"/>
<pin id="82219" dir="0" index="1" bw="24" slack="0"/>
<pin id="82220" dir="0" index="2" bw="5" slack="0"/>
<pin id="82221" dir="0" index="3" bw="6" slack="0"/>
<pin id="82222" dir="1" index="4" bw="14" slack="0"/>
</pin_list>
<bind>
<opcode="partselect(1002) " fcode="partselect"/>
<opset="trunc_ln42_31/1 "/>
</bind>
</comp>

<comp id="82227" class="1004" name="sext_ln73_993_fu_82227">
<pin_list>
<pin id="82228" dir="0" index="0" bw="14" slack="0"/>
<pin id="82229" dir="1" index="1" bw="15" slack="0"/>
</pin_list>
<bind>
<opcode="sext(35) " fcode="sext"/>
<opset="sext_ln73_993/1 "/>
</bind>
</comp>

<comp id="82231" class="1004" name="trunc_ln42_32_fu_82231">
<pin_list>
<pin id="82232" dir="0" index="0" bw="16" slack="0"/>
<pin id="82233" dir="0" index="1" bw="26" slack="0"/>
<pin id="82234" dir="0" index="2" bw="5" slack="0"/>
<pin id="82235" dir="0" index="3" bw="6" slack="0"/>
<pin id="82236" dir="1" index="4" bw="16" slack="0"/>
</pin_list>
<bind>
<opcode="partselect(1002) " fcode="partselect"/>
<opset="trunc_ln42_32/1 "/>
</bind>
</comp>

<comp id="82241" class="1004" name="trunc_ln42_33_fu_82241">
<pin_list>
<pin id="82242" dir="0" index="0" bw="15" slack="0"/>
<pin id="82243" dir="0" index="1" bw="25" slack="0"/>
<pin id="82244" dir="0" index="2" bw="5" slack="0"/>
<pin id="82245" dir="0" index="3" bw="6" slack="0"/>
<pin id="82246" dir="1" index="4" bw="15" slack="0"/>
</pin_list>
<bind>
<opcode="partselect(1002) " fcode="partselect"/>
<opset="trunc_ln42_33/1 "/>
</bind>
</comp>

<comp id="82251" class="1004" name="sext_ln42_1609_fu_82251">
<pin_list>
<pin id="82252" dir="0" index="0" bw="15" slack="0"/>
<pin id="82253" dir="1" index="1" bw="16" slack="0"/>
</pin_list>
<bind>
<opcode="sext(35) " fcode="sext"/>
<opset="sext_ln42_1609/1 "/>
</bind>
</comp>

<comp id="82255" class="1004" name="trunc_ln42_34_fu_82255">
<pin_list>
<pin id="82256" dir="0" index="0" bw="15" slack="0"/>
<pin id="82257" dir="0" index="1" bw="25" slack="0"/>
<pin id="82258" dir="0" index="2" bw="5" slack="0"/>
<pin id="82259" dir="0" index="3" bw="6" slack="0"/>
<pin id="82260" dir="1" index="4" bw="15" slack="0"/>
</pin_list>
<bind>
<opcode="partselect(1002) " fcode="partselect"/>
<opset="trunc_ln42_34/1 "/>
</bind>
</comp>

<comp id="82265" class="1004" name="sext_ln42_1610_fu_82265">
<pin_list>
<pin id="82266" dir="0" index="0" bw="15" slack="0"/>
<pin id="82267" dir="1" index="1" bw="16" slack="0"/>
</pin_list>
<bind>
<opcode="sext(35) " fcode="sext"/>
<opset="sext_ln42_1610/1 "/>
</bind>
</comp>

<comp id="82269" class="1004" name="trunc_ln42_35_fu_82269">
<pin_list>
<pin id="82270" dir="0" index="0" bw="16" slack="0"/>
<pin id="82271" dir="0" index="1" bw="26" slack="0"/>
<pin id="82272" dir="0" index="2" bw="5" slack="0"/>
<pin id="82273" dir="0" index="3" bw="6" slack="0"/>
<pin id="82274" dir="1" index="4" bw="16" slack="0"/>
</pin_list>
<bind>
<opcode="partselect(1002) " fcode="partselect"/>
<opset="trunc_ln42_35/1 "/>
</bind>
</comp>

<comp id="82279" class="1004" name="sext_ln70_790_fu_82279">
<pin_list>
<pin id="82280" dir="0" index="0" bw="16" slack="0"/>
<pin id="82281" dir="1" index="1" bw="26" slack="0"/>
</pin_list>
<bind>
<opcode="sext(35) " fcode="sext"/>
<opset="sext_ln70_790/1 "/>
</bind>
</comp>

<comp id="82284" class="1004" name="sext_ln70_791_fu_82284">
<pin_list>
<pin id="82285" dir="0" index="0" bw="16" slack="0"/>
<pin id="82286" dir="1" index="1" bw="23" slack="0"/>
</pin_list>
<bind>
<opcode="sext(35) " fcode="sext"/>
<opset="sext_ln70_791/1 "/>
</bind>
</comp>

<comp id="82289" class="1004" name="sext_ln70_792_fu_82289">
<pin_list>
<pin id="82290" dir="0" index="0" bw="16" slack="0"/>
<pin id="82291" dir="1" index="1" bw="22" slack="0"/>
</pin_list>
<bind>
<opcode="sext(35) " fcode="sext"/>
<opset="sext_ln70_792/1 "/>
</bind>
</comp>

<comp id="82294" class="1004" name="sext_ln70_793_fu_82294">
<pin_list>
<pin id="82295" dir="0" index="0" bw="16" slack="0"/>
<pin id="82296" dir="1" index="1" bw="24" slack="0"/>
</pin_list>
<bind>
<opcode="sext(35) " fcode="sext"/>
<opset="sext_ln70_793/1 "/>
</bind>
</comp>

<comp id="82299" class="1004" name="trunc_ln42_36_fu_82299">
<pin_list>
<pin id="82300" dir="0" index="0" bw="14" slack="0"/>
<pin id="82301" dir="0" index="1" bw="24" slack="0"/>
<pin id="82302" dir="0" index="2" bw="5" slack="0"/>
<pin id="82303" dir="0" index="3" bw="6" slack="0"/>
<pin id="82304" dir="1" index="4" bw="14" slack="0"/>
</pin_list>
<bind>
<opcode="partselect(1002) " fcode="partselect"/>
<opset="trunc_ln42_36/1 "/>
</bind>
</comp>

<comp id="82309" class="1004" name="sext_ln42_1611_fu_82309">
<pin_list>
<pin id="82310" dir="0" index="0" bw="14" slack="0"/>
<pin id="82311" dir="1" index="1" bw="16" slack="0"/>
</pin_list>
<bind>
<opcode="sext(35) " fcode="sext"/>
<opset="sext_ln42_1611/1 "/>
</bind>
</comp>

<comp id="82313" class="1004" name="trunc_ln42_37_fu_82313">
<pin_list>
<pin id="82314" dir="0" index="0" bw="12" slack="0"/>
<pin id="82315" dir="0" index="1" bw="22" slack="0"/>
<pin id="82316" dir="0" index="2" bw="5" slack="0"/>
<pin id="82317" dir="0" index="3" bw="6" slack="0"/>
<pin id="82318" dir="1" index="4" bw="12" slack="0"/>
</pin_list>
<bind>
<opcode="partselect(1002) " fcode="partselect"/>
<opset="trunc_ln42_37/1 "/>
</bind>
</comp>

<comp id="82323" class="1004" name="sext_ln73_994_fu_82323">
<pin_list>
<pin id="82324" dir="0" index="0" bw="12" slack="0"/>
<pin id="82325" dir="1" index="1" bw="15" slack="0"/>
</pin_list>
<bind>
<opcode="sext(35) " fcode="sext"/>
<opset="sext_ln73_994/1 "/>
</bind>
</comp>

<comp id="82327" class="1004" name="trunc_ln42_38_fu_82327">
<pin_list>
<pin id="82328" dir="0" index="0" bw="13" slack="0"/>
<pin id="82329" dir="0" index="1" bw="23" slack="0"/>
<pin id="82330" dir="0" index="2" bw="5" slack="0"/>
<pin id="82331" dir="0" index="3" bw="6" slack="0"/>
<pin id="82332" dir="1" index="4" bw="13" slack="0"/>
</pin_list>
<bind>
<opcode="partselect(1002) " fcode="partselect"/>
<opset="trunc_ln42_38/1 "/>
</bind>
</comp>

<comp id="82337" class="1004" name="sext_ln73_995_fu_82337">
<pin_list>
<pin id="82338" dir="0" index="0" bw="13" slack="0"/>
<pin id="82339" dir="1" index="1" bw="15" slack="0"/>
</pin_list>
<bind>
<opcode="sext(35) " fcode="sext"/>
<opset="sext_ln73_995/1 "/>
</bind>
</comp>

<comp id="82341" class="1004" name="trunc_ln42_39_fu_82341">
<pin_list>
<pin id="82342" dir="0" index="0" bw="16" slack="0"/>
<pin id="82343" dir="0" index="1" bw="26" slack="0"/>
<pin id="82344" dir="0" index="2" bw="5" slack="0"/>
<pin id="82345" dir="0" index="3" bw="6" slack="0"/>
<pin id="82346" dir="1" index="4" bw="16" slack="0"/>
</pin_list>
<bind>
<opcode="partselect(1002) " fcode="partselect"/>
<opset="trunc_ln42_39/1 "/>
</bind>
</comp>

<comp id="82351" class="1004" name="shl_ln73_588_fu_82351">
<pin_list>
<pin id="82352" dir="0" index="0" bw="26" slack="0"/>
<pin id="82353" dir="0" index="1" bw="16" slack="0"/>
<pin id="82354" dir="0" index="2" bw="1" slack="0"/>
<pin id="82355" dir="1" index="3" bw="26" slack="0"/>
</pin_list>
<bind>
<opcode="bitconcatenate(1004) " fcode="bitconcatenate"/>
<opset="shl_ln73_588/1 "/>
</bind>
</comp>

<comp id="82359" class="1004" name="sub_ln73_805_fu_82359">
<pin_list>
<pin id="82360" dir="0" index="0" bw="1" slack="0"/>
<pin id="82361" dir="0" index="1" bw="26" slack="0"/>
<pin id="82362" dir="1" index="2" bw="26" slack="0"/>
</pin_list>
<bind>
<opcode="sub(10) " fcode="sub"/>
<opset="sub_ln73_805/1 "/>
</bind>
</comp>

<comp id="82365" class="1004" name="shl_ln73_589_fu_82365">
<pin_list>
<pin id="82366" dir="0" index="0" bw="17" slack="0"/>
<pin id="82367" dir="0" index="1" bw="16" slack="0"/>
<pin id="82368" dir="0" index="2" bw="1" slack="0"/>
<pin id="82369" dir="1" index="3" bw="17" slack="0"/>
</pin_list>
<bind>
<opcode="bitconcatenate(1004) " fcode="bitconcatenate"/>
<opset="shl_ln73_589/1 "/>
</bind>
</comp>

<comp id="82373" class="1004" name="sext_ln73_996_fu_82373">
<pin_list>
<pin id="82374" dir="0" index="0" bw="17" slack="0"/>
<pin id="82375" dir="1" index="1" bw="26" slack="0"/>
</pin_list>
<bind>
<opcode="sext(35) " fcode="sext"/>
<opset="sext_ln73_996/1 "/>
</bind>
</comp>

<comp id="82377" class="1004" name="sub_ln73_806_fu_82377">
<pin_list>
<pin id="82378" dir="0" index="0" bw="26" slack="0"/>
<pin id="82379" dir="0" index="1" bw="17" slack="0"/>
<pin id="82380" dir="1" index="2" bw="26" slack="0"/>
</pin_list>
<bind>
<opcode="sub(10) " fcode="sub"/>
<opset="sub_ln73_806/1 "/>
</bind>
</comp>

<comp id="82383" class="1004" name="trunc_ln42_40_fu_82383">
<pin_list>
<pin id="82384" dir="0" index="0" bw="16" slack="0"/>
<pin id="82385" dir="0" index="1" bw="26" slack="0"/>
<pin id="82386" dir="0" index="2" bw="5" slack="0"/>
<pin id="82387" dir="0" index="3" bw="6" slack="0"/>
<pin id="82388" dir="1" index="4" bw="16" slack="0"/>
</pin_list>
<bind>
<opcode="partselect(1002) " fcode="partselect"/>
<opset="trunc_ln42_40/1 "/>
</bind>
</comp>

<comp id="82393" class="1004" name="sext_ln70_794_fu_82393">
<pin_list>
<pin id="82394" dir="0" index="0" bw="16" slack="0"/>
<pin id="82395" dir="1" index="1" bw="26" slack="0"/>
</pin_list>
<bind>
<opcode="sext(35) " fcode="sext"/>
<opset="sext_ln70_794/1 "/>
</bind>
</comp>

<comp id="82398" class="1004" name="sext_ln70_795_fu_82398">
<pin_list>
<pin id="82399" dir="0" index="0" bw="16" slack="0"/>
<pin id="82400" dir="1" index="1" bw="24" slack="0"/>
</pin_list>
<bind>
<opcode="sext(35) " fcode="sext"/>
<opset="sext_ln70_795/1 "/>
</bind>
</comp>

<comp id="82404" class="1004" name="sext_ln70_796_fu_82404">
<pin_list>
<pin id="82405" dir="0" index="0" bw="16" slack="0"/>
<pin id="82406" dir="1" index="1" bw="25" slack="0"/>
</pin_list>
<bind>
<opcode="sext(35) " fcode="sext"/>
<opset="sext_ln70_796/1 "/>
</bind>
</comp>

<comp id="82410" class="1004" name="trunc_ln42_41_fu_82410">
<pin_list>
<pin id="82411" dir="0" index="0" bw="15" slack="0"/>
<pin id="82412" dir="0" index="1" bw="25" slack="0"/>
<pin id="82413" dir="0" index="2" bw="5" slack="0"/>
<pin id="82414" dir="0" index="3" bw="6" slack="0"/>
<pin id="82415" dir="1" index="4" bw="15" slack="0"/>
</pin_list>
<bind>
<opcode="partselect(1002) " fcode="partselect"/>
<opset="trunc_ln42_41/1 "/>
</bind>
</comp>

<comp id="82420" class="1004" name="sext_ln42_1612_fu_82420">
<pin_list>
<pin id="82421" dir="0" index="0" bw="15" slack="0"/>
<pin id="82422" dir="1" index="1" bw="16" slack="0"/>
</pin_list>
<bind>
<opcode="sext(35) " fcode="sext"/>
<opset="sext_ln42_1612/1 "/>
</bind>
</comp>

<comp id="82424" class="1004" name="trunc_ln42_42_fu_82424">
<pin_list>
<pin id="82425" dir="0" index="0" bw="14" slack="0"/>
<pin id="82426" dir="0" index="1" bw="24" slack="0"/>
<pin id="82427" dir="0" index="2" bw="5" slack="0"/>
<pin id="82428" dir="0" index="3" bw="6" slack="0"/>
<pin id="82429" dir="1" index="4" bw="14" slack="0"/>
</pin_list>
<bind>
<opcode="partselect(1002) " fcode="partselect"/>
<opset="trunc_ln42_42/1 "/>
</bind>
</comp>

<comp id="82434" class="1004" name="sext_ln73_997_fu_82434">
<pin_list>
<pin id="82435" dir="0" index="0" bw="14" slack="0"/>
<pin id="82436" dir="1" index="1" bw="15" slack="0"/>
</pin_list>
<bind>
<opcode="sext(35) " fcode="sext"/>
<opset="sext_ln73_997/1 "/>
</bind>
</comp>

<comp id="82438" class="1004" name="trunc_ln42_43_fu_82438">
<pin_list>
<pin id="82439" dir="0" index="0" bw="14" slack="0"/>
<pin id="82440" dir="0" index="1" bw="24" slack="0"/>
<pin id="82441" dir="0" index="2" bw="5" slack="0"/>
<pin id="82442" dir="0" index="3" bw="6" slack="0"/>
<pin id="82443" dir="1" index="4" bw="14" slack="0"/>
</pin_list>
<bind>
<opcode="partselect(1002) " fcode="partselect"/>
<opset="trunc_ln42_43/1 "/>
</bind>
</comp>

<comp id="82448" class="1004" name="sext_ln73_998_fu_82448">
<pin_list>
<pin id="82449" dir="0" index="0" bw="14" slack="0"/>
<pin id="82450" dir="1" index="1" bw="15" slack="0"/>
</pin_list>
<bind>
<opcode="sext(35) " fcode="sext"/>
<opset="sext_ln73_998/1 "/>
</bind>
</comp>

<comp id="82452" class="1004" name="trunc_ln42_44_fu_82452">
<pin_list>
<pin id="82453" dir="0" index="0" bw="16" slack="0"/>
<pin id="82454" dir="0" index="1" bw="26" slack="0"/>
<pin id="82455" dir="0" index="2" bw="5" slack="0"/>
<pin id="82456" dir="0" index="3" bw="6" slack="0"/>
<pin id="82457" dir="1" index="4" bw="16" slack="0"/>
</pin_list>
<bind>
<opcode="partselect(1002) " fcode="partselect"/>
<opset="trunc_ln42_44/1 "/>
</bind>
</comp>

<comp id="82462" class="1004" name="trunc_ln42_45_fu_82462">
<pin_list>
<pin id="82463" dir="0" index="0" bw="15" slack="0"/>
<pin id="82464" dir="0" index="1" bw="25" slack="0"/>
<pin id="82465" dir="0" index="2" bw="5" slack="0"/>
<pin id="82466" dir="0" index="3" bw="6" slack="0"/>
<pin id="82467" dir="1" index="4" bw="15" slack="0"/>
</pin_list>
<bind>
<opcode="partselect(1002) " fcode="partselect"/>
<opset="trunc_ln42_45/1 "/>
</bind>
</comp>

<comp id="82472" class="1004" name="sext_ln42_1613_fu_82472">
<pin_list>
<pin id="82473" dir="0" index="0" bw="15" slack="0"/>
<pin id="82474" dir="1" index="1" bw="16" slack="0"/>
</pin_list>
<bind>
<opcode="sext(35) " fcode="sext"/>
<opset="sext_ln42_1613/1 "/>
</bind>
</comp>

<comp id="82476" class="1004" name="sext_ln70_797_fu_82476">
<pin_list>
<pin id="82477" dir="0" index="0" bw="16" slack="0"/>
<pin id="82478" dir="1" index="1" bw="17" slack="0"/>
</pin_list>
<bind>
<opcode="sext(35) " fcode="sext"/>
<opset="sext_ln70_797/1 "/>
</bind>
</comp>

<comp id="82480" class="1004" name="sub_ln73_89_fu_82480">
<pin_list>
<pin id="82481" dir="0" index="0" bw="1" slack="0"/>
<pin id="82482" dir="0" index="1" bw="16" slack="0"/>
<pin id="82483" dir="1" index="2" bw="17" slack="0"/>
</pin_list>
<bind>
<opcode="sub(10) " fcode="sub"/>
<opset="sub_ln73_89/1 "/>
</bind>
</comp>

<comp id="82486" class="1004" name="trunc_ln42_46_fu_82486">
<pin_list>
<pin id="82487" dir="0" index="0" bw="7" slack="0"/>
<pin id="82488" dir="0" index="1" bw="17" slack="0"/>
<pin id="82489" dir="0" index="2" bw="5" slack="0"/>
<pin id="82490" dir="0" index="3" bw="6" slack="0"/>
<pin id="82491" dir="1" index="4" bw="7" slack="0"/>
</pin_list>
<bind>
<opcode="partselect(1002) " fcode="partselect"/>
<opset="trunc_ln42_46/1 "/>
</bind>
</comp>

<comp id="82496" class="1004" name="sext_ln42_1614_fu_82496">
<pin_list>
<pin id="82497" dir="0" index="0" bw="7" slack="0"/>
<pin id="82498" dir="1" index="1" bw="16" slack="0"/>
</pin_list>
<bind>
<opcode="sext(35) " fcode="sext"/>
<opset="sext_ln42_1614/1 "/>
</bind>
</comp>

<comp id="82500" class="1004" name="sext_ln70_798_fu_82500">
<pin_list>
<pin id="82501" dir="0" index="0" bw="16" slack="0"/>
<pin id="82502" dir="1" index="1" bw="26" slack="0"/>
</pin_list>
<bind>
<opcode="sext(35) " fcode="sext"/>
<opset="sext_ln70_798/1 "/>
</bind>
</comp>

<comp id="82506" class="1004" name="sext_ln70_799_fu_82506">
<pin_list>
<pin id="82507" dir="0" index="0" bw="16" slack="0"/>
<pin id="82508" dir="1" index="1" bw="25" slack="0"/>
</pin_list>
<bind>
<opcode="sext(35) " fcode="sext"/>
<opset="sext_ln70_799/1 "/>
</bind>
</comp>

<comp id="82513" class="1004" name="trunc_ln42_47_fu_82513">
<pin_list>
<pin id="82514" dir="0" index="0" bw="15" slack="0"/>
<pin id="82515" dir="0" index="1" bw="25" slack="0"/>
<pin id="82516" dir="0" index="2" bw="5" slack="0"/>
<pin id="82517" dir="0" index="3" bw="6" slack="0"/>
<pin id="82518" dir="1" index="4" bw="15" slack="0"/>
</pin_list>
<bind>
<opcode="partselect(1002) " fcode="partselect"/>
<opset="trunc_ln42_47/1 "/>
</bind>
</comp>

<comp id="82523" class="1004" name="sext_ln42_1615_fu_82523">
<pin_list>
<pin id="82524" dir="0" index="0" bw="15" slack="0"/>
<pin id="82525" dir="1" index="1" bw="16" slack="0"/>
</pin_list>
<bind>
<opcode="sext(35) " fcode="sext"/>
<opset="sext_ln42_1615/1 "/>
</bind>
</comp>

<comp id="82527" class="1004" name="trunc_ln42_48_fu_82527">
<pin_list>
<pin id="82528" dir="0" index="0" bw="15" slack="0"/>
<pin id="82529" dir="0" index="1" bw="25" slack="0"/>
<pin id="82530" dir="0" index="2" bw="5" slack="0"/>
<pin id="82531" dir="0" index="3" bw="6" slack="0"/>
<pin id="82532" dir="1" index="4" bw="15" slack="0"/>
</pin_list>
<bind>
<opcode="partselect(1002) " fcode="partselect"/>
<opset="trunc_ln42_48/1 "/>
</bind>
</comp>

<comp id="82537" class="1004" name="sext_ln42_1616_fu_82537">
<pin_list>
<pin id="82538" dir="0" index="0" bw="15" slack="0"/>
<pin id="82539" dir="1" index="1" bw="16" slack="0"/>
</pin_list>
<bind>
<opcode="sext(35) " fcode="sext"/>
<opset="sext_ln42_1616/1 "/>
</bind>
</comp>

<comp id="82541" class="1004" name="trunc_ln42_49_fu_82541">
<pin_list>
<pin id="82542" dir="0" index="0" bw="16" slack="0"/>
<pin id="82543" dir="0" index="1" bw="26" slack="0"/>
<pin id="82544" dir="0" index="2" bw="5" slack="0"/>
<pin id="82545" dir="0" index="3" bw="6" slack="0"/>
<pin id="82546" dir="1" index="4" bw="16" slack="0"/>
</pin_list>
<bind>
<opcode="partselect(1002) " fcode="partselect"/>
<opset="trunc_ln42_49/1 "/>
</bind>
</comp>

<comp id="82551" class="1004" name="trunc_ln42_50_fu_82551">
<pin_list>
<pin id="82552" dir="0" index="0" bw="15" slack="0"/>
<pin id="82553" dir="0" index="1" bw="25" slack="0"/>
<pin id="82554" dir="0" index="2" bw="5" slack="0"/>
<pin id="82555" dir="0" index="3" bw="6" slack="0"/>
<pin id="82556" dir="1" index="4" bw="15" slack="0"/>
</pin_list>
<bind>
<opcode="partselect(1002) " fcode="partselect"/>
<opset="trunc_ln42_50/1 "/>
</bind>
</comp>

<comp id="82561" class="1004" name="sext_ln42_1617_fu_82561">
<pin_list>
<pin id="82562" dir="0" index="0" bw="15" slack="0"/>
<pin id="82563" dir="1" index="1" bw="16" slack="0"/>
</pin_list>
<bind>
<opcode="sext(35) " fcode="sext"/>
<opset="sext_ln42_1617/1 "/>
</bind>
</comp>

<comp id="82565" class="1004" name="trunc_ln42_51_fu_82565">
<pin_list>
<pin id="82566" dir="0" index="0" bw="16" slack="0"/>
<pin id="82567" dir="0" index="1" bw="26" slack="0"/>
<pin id="82568" dir="0" index="2" bw="5" slack="0"/>
<pin id="82569" dir="0" index="3" bw="6" slack="0"/>
<pin id="82570" dir="1" index="4" bw="16" slack="0"/>
</pin_list>
<bind>
<opcode="partselect(1002) " fcode="partselect"/>
<opset="trunc_ln42_51/1 "/>
</bind>
</comp>

<comp id="82575" class="1004" name="sext_ln42_1618_fu_82575">
<pin_list>
<pin id="82576" dir="0" index="0" bw="16" slack="0"/>
<pin id="82577" dir="1" index="1" bw="26" slack="0"/>
</pin_list>
<bind>
<opcode="sext(35) " fcode="sext"/>
<opset="sext_ln42_1618/1 "/>
</bind>
</comp>

<comp id="82581" class="1004" name="sext_ln70_800_fu_82581">
<pin_list>
<pin id="82582" dir="0" index="0" bw="16" slack="0"/>
<pin id="82583" dir="1" index="1" bw="24" slack="0"/>
</pin_list>
<bind>
<opcode="sext(35) " fcode="sext"/>
<opset="sext_ln70_800/1 "/>
</bind>
</comp>

<comp id="82586" class="1004" name="trunc_ln42_52_fu_82586">
<pin_list>
<pin id="82587" dir="0" index="0" bw="16" slack="0"/>
<pin id="82588" dir="0" index="1" bw="26" slack="0"/>
<pin id="82589" dir="0" index="2" bw="5" slack="0"/>
<pin id="82590" dir="0" index="3" bw="6" slack="0"/>
<pin id="82591" dir="1" index="4" bw="16" slack="0"/>
</pin_list>
<bind>
<opcode="partselect(1002) " fcode="partselect"/>
<opset="trunc_ln42_52/1 "/>
</bind>
</comp>

<comp id="82596" class="1004" name="trunc_ln42_53_fu_82596">
<pin_list>
<pin id="82597" dir="0" index="0" bw="14" slack="0"/>
<pin id="82598" dir="0" index="1" bw="24" slack="0"/>
<pin id="82599" dir="0" index="2" bw="5" slack="0"/>
<pin id="82600" dir="0" index="3" bw="6" slack="0"/>
<pin id="82601" dir="1" index="4" bw="14" slack="0"/>
</pin_list>
<bind>
<opcode="partselect(1002) " fcode="partselect"/>
<opset="trunc_ln42_53/1 "/>
</bind>
</comp>

<comp id="82606" class="1004" name="sext_ln42_1619_fu_82606">
<pin_list>
<pin id="82607" dir="0" index="0" bw="14" slack="0"/>
<pin id="82608" dir="1" index="1" bw="16" slack="0"/>
</pin_list>
<bind>
<opcode="sext(35) " fcode="sext"/>
<opset="sext_ln42_1619/1 "/>
</bind>
</comp>

<comp id="82610" class="1004" name="shl_ln73_590_fu_82610">
<pin_list>
<pin id="82611" dir="0" index="0" bw="19" slack="0"/>
<pin id="82612" dir="0" index="1" bw="16" slack="0"/>
<pin id="82613" dir="0" index="2" bw="1" slack="0"/>
<pin id="82614" dir="1" index="3" bw="19" slack="0"/>
</pin_list>
<bind>
<opcode="bitconcatenate(1004) " fcode="bitconcatenate"/>
<opset="shl_ln73_590/1 "/>
</bind>
</comp>

<comp id="82618" class="1004" name="sext_ln73_999_fu_82618">
<pin_list>
<pin id="82619" dir="0" index="0" bw="19" slack="0"/>
<pin id="82620" dir="1" index="1" bw="20" slack="0"/>
</pin_list>
<bind>
<opcode="sext(35) " fcode="sext"/>
<opset="sext_ln73_999/1 "/>
</bind>
</comp>

<comp id="82622" class="1004" name="sub_ln73_807_fu_82622">
<pin_list>
<pin id="82623" dir="0" index="0" bw="1" slack="0"/>
<pin id="82624" dir="0" index="1" bw="19" slack="0"/>
<pin id="82625" dir="1" index="2" bw="20" slack="0"/>
</pin_list>
<bind>
<opcode="sub(10) " fcode="sub"/>
<opset="sub_ln73_807/1 "/>
</bind>
</comp>

<comp id="82628" class="1004" name="trunc_ln42_54_fu_82628">
<pin_list>
<pin id="82629" dir="0" index="0" bw="10" slack="0"/>
<pin id="82630" dir="0" index="1" bw="20" slack="0"/>
<pin id="82631" dir="0" index="2" bw="5" slack="0"/>
<pin id="82632" dir="0" index="3" bw="6" slack="0"/>
<pin id="82633" dir="1" index="4" bw="10" slack="0"/>
</pin_list>
<bind>
<opcode="partselect(1002) " fcode="partselect"/>
<opset="trunc_ln42_54/1 "/>
</bind>
</comp>

<comp id="82638" class="1004" name="sext_ln42_1620_fu_82638">
<pin_list>
<pin id="82639" dir="0" index="0" bw="10" slack="0"/>
<pin id="82640" dir="1" index="1" bw="16" slack="0"/>
</pin_list>
<bind>
<opcode="sext(35) " fcode="sext"/>
<opset="sext_ln42_1620/1 "/>
</bind>
</comp>

<comp id="82642" class="1004" name="trunc_ln42_55_fu_82642">
<pin_list>
<pin id="82643" dir="0" index="0" bw="16" slack="0"/>
<pin id="82644" dir="0" index="1" bw="26" slack="0"/>
<pin id="82645" dir="0" index="2" bw="5" slack="0"/>
<pin id="82646" dir="0" index="3" bw="6" slack="0"/>
<pin id="82647" dir="1" index="4" bw="16" slack="0"/>
</pin_list>
<bind>
<opcode="partselect(1002) " fcode="partselect"/>
<opset="trunc_ln42_55/1 "/>
</bind>
</comp>

<comp id="82652" class="1004" name="sext_ln70_801_fu_82652">
<pin_list>
<pin id="82653" dir="0" index="0" bw="16" slack="0"/>
<pin id="82654" dir="1" index="1" bw="24" slack="0"/>
</pin_list>
<bind>
<opcode="sext(35) " fcode="sext"/>
<opset="sext_ln70_801/1 "/>
</bind>
</comp>

<comp id="82657" class="1004" name="sext_ln70_802_fu_82657">
<pin_list>
<pin id="82658" dir="0" index="0" bw="16" slack="0"/>
<pin id="82659" dir="1" index="1" bw="25" slack="0"/>
</pin_list>
<bind>
<opcode="sext(35) " fcode="sext"/>
<opset="sext_ln70_802/1 "/>
</bind>
</comp>

<comp id="82662" class="1004" name="sext_ln70_803_fu_82662">
<pin_list>
<pin id="82663" dir="0" index="0" bw="16" slack="0"/>
<pin id="82664" dir="1" index="1" bw="26" slack="0"/>
</pin_list>
<bind>
<opcode="sext(35) " fcode="sext"/>
<opset="sext_ln70_803/1 "/>
</bind>
</comp>

<comp id="82668" class="1004" name="trunc_ln42_56_fu_82668">
<pin_list>
<pin id="82669" dir="0" index="0" bw="16" slack="0"/>
<pin id="82670" dir="0" index="1" bw="26" slack="0"/>
<pin id="82671" dir="0" index="2" bw="5" slack="0"/>
<pin id="82672" dir="0" index="3" bw="6" slack="0"/>
<pin id="82673" dir="1" index="4" bw="16" slack="0"/>
</pin_list>
<bind>
<opcode="partselect(1002) " fcode="partselect"/>
<opset="trunc_ln42_56/1 "/>
</bind>
</comp>

<comp id="82678" class="1004" name="trunc_ln42_57_fu_82678">
<pin_list>
<pin id="82679" dir="0" index="0" bw="15" slack="0"/>
<pin id="82680" dir="0" index="1" bw="25" slack="0"/>
<pin id="82681" dir="0" index="2" bw="5" slack="0"/>
<pin id="82682" dir="0" index="3" bw="6" slack="0"/>
<pin id="82683" dir="1" index="4" bw="15" slack="0"/>
</pin_list>
<bind>
<opcode="partselect(1002) " fcode="partselect"/>
<opset="trunc_ln42_57/1 "/>
</bind>
</comp>

<comp id="82688" class="1004" name="sext_ln42_1621_fu_82688">
<pin_list>
<pin id="82689" dir="0" index="0" bw="15" slack="0"/>
<pin id="82690" dir="1" index="1" bw="16" slack="0"/>
</pin_list>
<bind>
<opcode="sext(35) " fcode="sext"/>
<opset="sext_ln42_1621/1 "/>
</bind>
</comp>

<comp id="82692" class="1004" name="trunc_ln42_58_fu_82692">
<pin_list>
<pin id="82693" dir="0" index="0" bw="16" slack="0"/>
<pin id="82694" dir="0" index="1" bw="26" slack="0"/>
<pin id="82695" dir="0" index="2" bw="5" slack="0"/>
<pin id="82696" dir="0" index="3" bw="6" slack="0"/>
<pin id="82697" dir="1" index="4" bw="16" slack="0"/>
</pin_list>
<bind>
<opcode="partselect(1002) " fcode="partselect"/>
<opset="trunc_ln42_58/1 "/>
</bind>
</comp>

<comp id="82702" class="1004" name="shl_ln73_591_fu_82702">
<pin_list>
<pin id="82703" dir="0" index="0" bw="24" slack="0"/>
<pin id="82704" dir="0" index="1" bw="16" slack="0"/>
<pin id="82705" dir="0" index="2" bw="1" slack="0"/>
<pin id="82706" dir="1" index="3" bw="24" slack="0"/>
</pin_list>
<bind>
<opcode="bitconcatenate(1004) " fcode="bitconcatenate"/>
<opset="shl_ln73_591/1 "/>
</bind>
</comp>

<comp id="82710" class="1004" name="sext_ln73_1000_fu_82710">
<pin_list>
<pin id="82711" dir="0" index="0" bw="24" slack="0"/>
<pin id="82712" dir="1" index="1" bw="25" slack="0"/>
</pin_list>
<bind>
<opcode="sext(35) " fcode="sext"/>
<opset="sext_ln73_1000/1 "/>
</bind>
</comp>

<comp id="82714" class="1004" name="shl_ln73_592_fu_82714">
<pin_list>
<pin id="82715" dir="0" index="0" bw="22" slack="0"/>
<pin id="82716" dir="0" index="1" bw="16" slack="0"/>
<pin id="82717" dir="0" index="2" bw="1" slack="0"/>
<pin id="82718" dir="1" index="3" bw="22" slack="0"/>
</pin_list>
<bind>
<opcode="bitconcatenate(1004) " fcode="bitconcatenate"/>
<opset="shl_ln73_592/1 "/>
</bind>
</comp>

<comp id="82722" class="1004" name="sext_ln73_1001_fu_82722">
<pin_list>
<pin id="82723" dir="0" index="0" bw="22" slack="0"/>
<pin id="82724" dir="1" index="1" bw="25" slack="0"/>
</pin_list>
<bind>
<opcode="sext(35) " fcode="sext"/>
<opset="sext_ln73_1001/1 "/>
</bind>
</comp>

<comp id="82726" class="1004" name="sub_ln73_808_fu_82726">
<pin_list>
<pin id="82727" dir="0" index="0" bw="24" slack="0"/>
<pin id="82728" dir="0" index="1" bw="22" slack="0"/>
<pin id="82729" dir="1" index="2" bw="25" slack="0"/>
</pin_list>
<bind>
<opcode="sub(10) " fcode="sub"/>
<opset="sub_ln73_808/1 "/>
</bind>
</comp>

<comp id="82732" class="1004" name="trunc_ln42_59_fu_82732">
<pin_list>
<pin id="82733" dir="0" index="0" bw="15" slack="0"/>
<pin id="82734" dir="0" index="1" bw="25" slack="0"/>
<pin id="82735" dir="0" index="2" bw="5" slack="0"/>
<pin id="82736" dir="0" index="3" bw="6" slack="0"/>
<pin id="82737" dir="1" index="4" bw="15" slack="0"/>
</pin_list>
<bind>
<opcode="partselect(1002) " fcode="partselect"/>
<opset="trunc_ln42_59/1 "/>
</bind>
</comp>

<comp id="82742" class="1004" name="sext_ln42_1622_fu_82742">
<pin_list>
<pin id="82743" dir="0" index="0" bw="15" slack="0"/>
<pin id="82744" dir="1" index="1" bw="16" slack="0"/>
</pin_list>
<bind>
<opcode="sext(35) " fcode="sext"/>
<opset="sext_ln42_1622/1 "/>
</bind>
</comp>

<comp id="82746" class="1004" name="trunc_ln42_60_fu_82746">
<pin_list>
<pin id="82747" dir="0" index="0" bw="14" slack="0"/>
<pin id="82748" dir="0" index="1" bw="24" slack="0"/>
<pin id="82749" dir="0" index="2" bw="5" slack="0"/>
<pin id="82750" dir="0" index="3" bw="6" slack="0"/>
<pin id="82751" dir="1" index="4" bw="14" slack="0"/>
</pin_list>
<bind>
<opcode="partselect(1002) " fcode="partselect"/>
<opset="trunc_ln42_60/1 "/>
</bind>
</comp>

<comp id="82756" class="1004" name="sext_ln42_1623_fu_82756">
<pin_list>
<pin id="82757" dir="0" index="0" bw="14" slack="0"/>
<pin id="82758" dir="1" index="1" bw="16" slack="0"/>
</pin_list>
<bind>
<opcode="sext(35) " fcode="sext"/>
<opset="sext_ln42_1623/1 "/>
</bind>
</comp>

<comp id="82760" class="1004" name="sext_ln70_804_fu_82760">
<pin_list>
<pin id="82761" dir="0" index="0" bw="16" slack="0"/>
<pin id="82762" dir="1" index="1" bw="24" slack="0"/>
</pin_list>
<bind>
<opcode="sext(35) " fcode="sext"/>
<opset="sext_ln70_804/1 "/>
</bind>
</comp>

<comp id="82765" class="1004" name="sext_ln70_805_fu_82765">
<pin_list>
<pin id="82766" dir="0" index="0" bw="16" slack="0"/>
<pin id="82767" dir="1" index="1" bw="25" slack="0"/>
</pin_list>
<bind>
<opcode="sext(35) " fcode="sext"/>
<opset="sext_ln70_805/1 "/>
</bind>
</comp>

<comp id="82772" class="1004" name="sext_ln42_1624_fu_82772">
<pin_list>
<pin id="82773" dir="0" index="0" bw="16" slack="0"/>
<pin id="82774" dir="1" index="1" bw="26" slack="0"/>
</pin_list>
<bind>
<opcode="sext(35) " fcode="sext"/>
<opset="sext_ln42_1624/1 "/>
</bind>
</comp>

<comp id="82777" class="1004" name="trunc_ln42_61_fu_82777">
<pin_list>
<pin id="82778" dir="0" index="0" bw="16" slack="0"/>
<pin id="82779" dir="0" index="1" bw="26" slack="0"/>
<pin id="82780" dir="0" index="2" bw="5" slack="0"/>
<pin id="82781" dir="0" index="3" bw="6" slack="0"/>
<pin id="82782" dir="1" index="4" bw="16" slack="0"/>
</pin_list>
<bind>
<opcode="partselect(1002) " fcode="partselect"/>
<opset="trunc_ln42_61/1 "/>
</bind>
</comp>

<comp id="82787" class="1004" name="trunc_ln42_62_fu_82787">
<pin_list>
<pin id="82788" dir="0" index="0" bw="15" slack="0"/>
<pin id="82789" dir="0" index="1" bw="25" slack="0"/>
<pin id="82790" dir="0" index="2" bw="5" slack="0"/>
<pin id="82791" dir="0" index="3" bw="6" slack="0"/>
<pin id="82792" dir="1" index="4" bw="15" slack="0"/>
</pin_list>
<bind>
<opcode="partselect(1002) " fcode="partselect"/>
<opset="trunc_ln42_62/1 "/>
</bind>
</comp>

<comp id="82797" class="1004" name="sext_ln42_1625_fu_82797">
<pin_list>
<pin id="82798" dir="0" index="0" bw="15" slack="0"/>
<pin id="82799" dir="1" index="1" bw="16" slack="0"/>
</pin_list>
<bind>
<opcode="sext(35) " fcode="sext"/>
<opset="sext_ln42_1625/1 "/>
</bind>
</comp>

<comp id="82801" class="1004" name="trunc_ln42_63_fu_82801">
<pin_list>
<pin id="82802" dir="0" index="0" bw="15" slack="0"/>
<pin id="82803" dir="0" index="1" bw="25" slack="0"/>
<pin id="82804" dir="0" index="2" bw="5" slack="0"/>
<pin id="82805" dir="0" index="3" bw="6" slack="0"/>
<pin id="82806" dir="1" index="4" bw="15" slack="0"/>
</pin_list>
<bind>
<opcode="partselect(1002) " fcode="partselect"/>
<opset="trunc_ln42_63/1 "/>
</bind>
</comp>

<comp id="82811" class="1004" name="sext_ln42_1626_fu_82811">
<pin_list>
<pin id="82812" dir="0" index="0" bw="15" slack="0"/>
<pin id="82813" dir="1" index="1" bw="16" slack="0"/>
</pin_list>
<bind>
<opcode="sext(35) " fcode="sext"/>
<opset="sext_ln42_1626/1 "/>
</bind>
</comp>

<comp id="82815" class="1004" name="trunc_ln42_64_fu_82815">
<pin_list>
<pin id="82816" dir="0" index="0" bw="15" slack="0"/>
<pin id="82817" dir="0" index="1" bw="25" slack="0"/>
<pin id="82818" dir="0" index="2" bw="5" slack="0"/>
<pin id="82819" dir="0" index="3" bw="6" slack="0"/>
<pin id="82820" dir="1" index="4" bw="15" slack="0"/>
</pin_list>
<bind>
<opcode="partselect(1002) " fcode="partselect"/>
<opset="trunc_ln42_64/1 "/>
</bind>
</comp>

<comp id="82825" class="1004" name="sext_ln42_1627_fu_82825">
<pin_list>
<pin id="82826" dir="0" index="0" bw="15" slack="0"/>
<pin id="82827" dir="1" index="1" bw="16" slack="0"/>
</pin_list>
<bind>
<opcode="sext(35) " fcode="sext"/>
<opset="sext_ln42_1627/1 "/>
</bind>
</comp>

<comp id="82829" class="1004" name="trunc_ln42_65_fu_82829">
<pin_list>
<pin id="82830" dir="0" index="0" bw="14" slack="0"/>
<pin id="82831" dir="0" index="1" bw="24" slack="0"/>
<pin id="82832" dir="0" index="2" bw="5" slack="0"/>
<pin id="82833" dir="0" index="3" bw="6" slack="0"/>
<pin id="82834" dir="1" index="4" bw="14" slack="0"/>
</pin_list>
<bind>
<opcode="partselect(1002) " fcode="partselect"/>
<opset="trunc_ln42_65/1 "/>
</bind>
</comp>

<comp id="82839" class="1004" name="sext_ln42_1628_fu_82839">
<pin_list>
<pin id="82840" dir="0" index="0" bw="14" slack="0"/>
<pin id="82841" dir="1" index="1" bw="16" slack="0"/>
</pin_list>
<bind>
<opcode="sext(35) " fcode="sext"/>
<opset="sext_ln42_1628/1 "/>
</bind>
</comp>

<comp id="82843" class="1004" name="sext_ln70_806_fu_82843">
<pin_list>
<pin id="82844" dir="0" index="0" bw="16" slack="0"/>
<pin id="82845" dir="1" index="1" bw="26" slack="0"/>
</pin_list>
<bind>
<opcode="sext(35) " fcode="sext"/>
<opset="sext_ln70_806/1 "/>
</bind>
</comp>

<comp id="82849" class="1004" name="sext_ln70_807_fu_82849">
<pin_list>
<pin id="82850" dir="0" index="0" bw="16" slack="0"/>
<pin id="82851" dir="1" index="1" bw="24" slack="0"/>
</pin_list>
<bind>
<opcode="sext(35) " fcode="sext"/>
<opset="sext_ln70_807/1 "/>
</bind>
</comp>

<comp id="82854" class="1004" name="sext_ln70_808_fu_82854">
<pin_list>
<pin id="82855" dir="0" index="0" bw="16" slack="0"/>
<pin id="82856" dir="1" index="1" bw="25" slack="0"/>
</pin_list>
<bind>
<opcode="sext(35) " fcode="sext"/>
<opset="sext_ln70_808/1 "/>
</bind>
</comp>

<comp id="82859" class="1004" name="shl_ln73_593_fu_82859">
<pin_list>
<pin id="82860" dir="0" index="0" bw="19" slack="0"/>
<pin id="82861" dir="0" index="1" bw="16" slack="0"/>
<pin id="82862" dir="0" index="2" bw="1" slack="0"/>
<pin id="82863" dir="1" index="3" bw="19" slack="0"/>
</pin_list>
<bind>
<opcode="bitconcatenate(1004) " fcode="bitconcatenate"/>
<opset="shl_ln73_593/1 "/>
</bind>
</comp>

<comp id="82867" class="1004" name="sext_ln73_1002_fu_82867">
<pin_list>
<pin id="82868" dir="0" index="0" bw="19" slack="0"/>
<pin id="82869" dir="1" index="1" bw="20" slack="0"/>
</pin_list>
<bind>
<opcode="sext(35) " fcode="sext"/>
<opset="sext_ln73_1002/1 "/>
</bind>
</comp>

<comp id="82871" class="1004" name="shl_ln73_594_fu_82871">
<pin_list>
<pin id="82872" dir="0" index="0" bw="17" slack="0"/>
<pin id="82873" dir="0" index="1" bw="16" slack="0"/>
<pin id="82874" dir="0" index="2" bw="1" slack="0"/>
<pin id="82875" dir="1" index="3" bw="17" slack="0"/>
</pin_list>
<bind>
<opcode="bitconcatenate(1004) " fcode="bitconcatenate"/>
<opset="shl_ln73_594/1 "/>
</bind>
</comp>

<comp id="82879" class="1004" name="sext_ln73_1003_fu_82879">
<pin_list>
<pin id="82880" dir="0" index="0" bw="17" slack="0"/>
<pin id="82881" dir="1" index="1" bw="20" slack="0"/>
</pin_list>
<bind>
<opcode="sext(35) " fcode="sext"/>
<opset="sext_ln73_1003/1 "/>
</bind>
</comp>

<comp id="82883" class="1004" name="sub_ln73_809_fu_82883">
<pin_list>
<pin id="82884" dir="0" index="0" bw="17" slack="0"/>
<pin id="82885" dir="0" index="1" bw="19" slack="0"/>
<pin id="82886" dir="1" index="2" bw="20" slack="0"/>
</pin_list>
<bind>
<opcode="sub(10) " fcode="sub"/>
<opset="sub_ln73_809/1 "/>
</bind>
</comp>

<comp id="82889" class="1004" name="trunc_ln42_66_fu_82889">
<pin_list>
<pin id="82890" dir="0" index="0" bw="10" slack="0"/>
<pin id="82891" dir="0" index="1" bw="20" slack="0"/>
<pin id="82892" dir="0" index="2" bw="5" slack="0"/>
<pin id="82893" dir="0" index="3" bw="6" slack="0"/>
<pin id="82894" dir="1" index="4" bw="10" slack="0"/>
</pin_list>
<bind>
<opcode="partselect(1002) " fcode="partselect"/>
<opset="trunc_ln42_66/1 "/>
</bind>
</comp>

<comp id="82899" class="1004" name="sext_ln42_1629_fu_82899">
<pin_list>
<pin id="82900" dir="0" index="0" bw="10" slack="0"/>
<pin id="82901" dir="1" index="1" bw="16" slack="0"/>
</pin_list>
<bind>
<opcode="sext(35) " fcode="sext"/>
<opset="sext_ln42_1629/1 "/>
</bind>
</comp>

<comp id="82903" class="1004" name="trunc_ln42_67_fu_82903">
<pin_list>
<pin id="82904" dir="0" index="0" bw="15" slack="0"/>
<pin id="82905" dir="0" index="1" bw="25" slack="0"/>
<pin id="82906" dir="0" index="2" bw="5" slack="0"/>
<pin id="82907" dir="0" index="3" bw="6" slack="0"/>
<pin id="82908" dir="1" index="4" bw="15" slack="0"/>
</pin_list>
<bind>
<opcode="partselect(1002) " fcode="partselect"/>
<opset="trunc_ln42_67/1 "/>
</bind>
</comp>

<comp id="82913" class="1004" name="sext_ln42_1630_fu_82913">
<pin_list>
<pin id="82914" dir="0" index="0" bw="15" slack="0"/>
<pin id="82915" dir="1" index="1" bw="16" slack="0"/>
</pin_list>
<bind>
<opcode="sext(35) " fcode="sext"/>
<opset="sext_ln42_1630/1 "/>
</bind>
</comp>

<comp id="82917" class="1004" name="trunc_ln42_68_fu_82917">
<pin_list>
<pin id="82918" dir="0" index="0" bw="14" slack="0"/>
<pin id="82919" dir="0" index="1" bw="24" slack="0"/>
<pin id="82920" dir="0" index="2" bw="5" slack="0"/>
<pin id="82921" dir="0" index="3" bw="6" slack="0"/>
<pin id="82922" dir="1" index="4" bw="14" slack="0"/>
</pin_list>
<bind>
<opcode="partselect(1002) " fcode="partselect"/>
<opset="trunc_ln42_68/1 "/>
</bind>
</comp>

<comp id="82927" class="1004" name="sext_ln42_1631_fu_82927">
<pin_list>
<pin id="82928" dir="0" index="0" bw="14" slack="0"/>
<pin id="82929" dir="1" index="1" bw="16" slack="0"/>
</pin_list>
<bind>
<opcode="sext(35) " fcode="sext"/>
<opset="sext_ln42_1631/1 "/>
</bind>
</comp>

<comp id="82931" class="1004" name="trunc_ln42_69_fu_82931">
<pin_list>
<pin id="82932" dir="0" index="0" bw="16" slack="0"/>
<pin id="82933" dir="0" index="1" bw="26" slack="0"/>
<pin id="82934" dir="0" index="2" bw="5" slack="0"/>
<pin id="82935" dir="0" index="3" bw="6" slack="0"/>
<pin id="82936" dir="1" index="4" bw="16" slack="0"/>
</pin_list>
<bind>
<opcode="partselect(1002) " fcode="partselect"/>
<opset="trunc_ln42_69/1 "/>
</bind>
</comp>

<comp id="82941" class="1004" name="trunc_ln42_70_fu_82941">
<pin_list>
<pin id="82942" dir="0" index="0" bw="16" slack="0"/>
<pin id="82943" dir="0" index="1" bw="26" slack="0"/>
<pin id="82944" dir="0" index="2" bw="5" slack="0"/>
<pin id="82945" dir="0" index="3" bw="6" slack="0"/>
<pin id="82946" dir="1" index="4" bw="16" slack="0"/>
</pin_list>
<bind>
<opcode="partselect(1002) " fcode="partselect"/>
<opset="trunc_ln42_70/1 "/>
</bind>
</comp>

<comp id="82951" class="1004" name="sext_ln42_1632_fu_82951">
<pin_list>
<pin id="82952" dir="0" index="0" bw="16" slack="0"/>
<pin id="82953" dir="1" index="1" bw="26" slack="0"/>
</pin_list>
<bind>
<opcode="sext(35) " fcode="sext"/>
<opset="sext_ln42_1632/1 "/>
</bind>
</comp>

<comp id="82959" class="1004" name="trunc_ln42_71_fu_82959">
<pin_list>
<pin id="82960" dir="0" index="0" bw="16" slack="0"/>
<pin id="82961" dir="0" index="1" bw="26" slack="0"/>
<pin id="82962" dir="0" index="2" bw="5" slack="0"/>
<pin id="82963" dir="0" index="3" bw="6" slack="0"/>
<pin id="82964" dir="1" index="4" bw="16" slack="0"/>
</pin_list>
<bind>
<opcode="partselect(1002) " fcode="partselect"/>
<opset="trunc_ln42_71/1 "/>
</bind>
</comp>

<comp id="82969" class="1004" name="trunc_ln42_72_fu_82969">
<pin_list>
<pin id="82970" dir="0" index="0" bw="16" slack="0"/>
<pin id="82971" dir="0" index="1" bw="26" slack="0"/>
<pin id="82972" dir="0" index="2" bw="5" slack="0"/>
<pin id="82973" dir="0" index="3" bw="6" slack="0"/>
<pin id="82974" dir="1" index="4" bw="16" slack="0"/>
</pin_list>
<bind>
<opcode="partselect(1002) " fcode="partselect"/>
<opset="trunc_ln42_72/1 "/>
</bind>
</comp>

<comp id="82979" class="1004" name="shl_ln73_595_fu_82979">
<pin_list>
<pin id="82980" dir="0" index="0" bw="19" slack="0"/>
<pin id="82981" dir="0" index="1" bw="16" slack="0"/>
<pin id="82982" dir="0" index="2" bw="1" slack="0"/>
<pin id="82983" dir="1" index="3" bw="19" slack="0"/>
</pin_list>
<bind>
<opcode="bitconcatenate(1004) " fcode="bitconcatenate"/>
<opset="shl_ln73_595/1 "/>
</bind>
</comp>

<comp id="82987" class="1004" name="sext_ln73_1004_fu_82987">
<pin_list>
<pin id="82988" dir="0" index="0" bw="19" slack="0"/>
<pin id="82989" dir="1" index="1" bw="20" slack="0"/>
</pin_list>
<bind>
<opcode="sext(35) " fcode="sext"/>
<opset="sext_ln73_1004/1 "/>
</bind>
</comp>

<comp id="82991" class="1004" name="sub_ln73_810_fu_82991">
<pin_list>
<pin id="82992" dir="0" index="0" bw="1" slack="0"/>
<pin id="82993" dir="0" index="1" bw="19" slack="0"/>
<pin id="82994" dir="1" index="2" bw="20" slack="0"/>
</pin_list>
<bind>
<opcode="sub(10) " fcode="sub"/>
<opset="sub_ln73_810/1 "/>
</bind>
</comp>

<comp id="82997" class="1004" name="shl_ln73_596_fu_82997">
<pin_list>
<pin id="82998" dir="0" index="0" bw="17" slack="0"/>
<pin id="82999" dir="0" index="1" bw="16" slack="0"/>
<pin id="83000" dir="0" index="2" bw="1" slack="0"/>
<pin id="83001" dir="1" index="3" bw="17" slack="0"/>
</pin_list>
<bind>
<opcode="bitconcatenate(1004) " fcode="bitconcatenate"/>
<opset="shl_ln73_596/1 "/>
</bind>
</comp>

<comp id="83005" class="1004" name="sext_ln73_1005_fu_83005">
<pin_list>
<pin id="83006" dir="0" index="0" bw="17" slack="0"/>
<pin id="83007" dir="1" index="1" bw="20" slack="0"/>
</pin_list>
<bind>
<opcode="sext(35) " fcode="sext"/>
<opset="sext_ln73_1005/1 "/>
</bind>
</comp>

<comp id="83009" class="1004" name="sub_ln73_811_fu_83009">
<pin_list>
<pin id="83010" dir="0" index="0" bw="20" slack="0"/>
<pin id="83011" dir="0" index="1" bw="17" slack="0"/>
<pin id="83012" dir="1" index="2" bw="20" slack="0"/>
</pin_list>
<bind>
<opcode="sub(10) " fcode="sub"/>
<opset="sub_ln73_811/1 "/>
</bind>
</comp>

<comp id="83015" class="1004" name="trunc_ln42_73_fu_83015">
<pin_list>
<pin id="83016" dir="0" index="0" bw="10" slack="0"/>
<pin id="83017" dir="0" index="1" bw="20" slack="0"/>
<pin id="83018" dir="0" index="2" bw="5" slack="0"/>
<pin id="83019" dir="0" index="3" bw="6" slack="0"/>
<pin id="83020" dir="1" index="4" bw="10" slack="0"/>
</pin_list>
<bind>
<opcode="partselect(1002) " fcode="partselect"/>
<opset="trunc_ln42_73/1 "/>
</bind>
</comp>

<comp id="83025" class="1004" name="sext_ln42_1633_fu_83025">
<pin_list>
<pin id="83026" dir="0" index="0" bw="10" slack="0"/>
<pin id="83027" dir="1" index="1" bw="16" slack="0"/>
</pin_list>
<bind>
<opcode="sext(35) " fcode="sext"/>
<opset="sext_ln42_1633/1 "/>
</bind>
</comp>

<comp id="83029" class="1004" name="trunc_ln42_74_fu_83029">
<pin_list>
<pin id="83030" dir="0" index="0" bw="16" slack="0"/>
<pin id="83031" dir="0" index="1" bw="26" slack="0"/>
<pin id="83032" dir="0" index="2" bw="5" slack="0"/>
<pin id="83033" dir="0" index="3" bw="6" slack="0"/>
<pin id="83034" dir="1" index="4" bw="16" slack="0"/>
</pin_list>
<bind>
<opcode="partselect(1002) " fcode="partselect"/>
<opset="trunc_ln42_74/1 "/>
</bind>
</comp>

<comp id="83039" class="1004" name="trunc_ln42_75_fu_83039">
<pin_list>
<pin id="83040" dir="0" index="0" bw="16" slack="0"/>
<pin id="83041" dir="0" index="1" bw="26" slack="0"/>
<pin id="83042" dir="0" index="2" bw="5" slack="0"/>
<pin id="83043" dir="0" index="3" bw="6" slack="0"/>
<pin id="83044" dir="1" index="4" bw="16" slack="0"/>
</pin_list>
<bind>
<opcode="partselect(1002) " fcode="partselect"/>
<opset="trunc_ln42_75/1 "/>
</bind>
</comp>

<comp id="83049" class="1004" name="sext_ln70_809_fu_83049">
<pin_list>
<pin id="83050" dir="0" index="0" bw="16" slack="0"/>
<pin id="83051" dir="1" index="1" bw="25" slack="0"/>
</pin_list>
<bind>
<opcode="sext(35) " fcode="sext"/>
<opset="sext_ln70_809/1 "/>
</bind>
</comp>

<comp id="83054" class="1004" name="sext_ln70_810_fu_83054">
<pin_list>
<pin id="83055" dir="0" index="0" bw="16" slack="0"/>
<pin id="83056" dir="1" index="1" bw="26" slack="0"/>
</pin_list>
<bind>
<opcode="sext(35) " fcode="sext"/>
<opset="sext_ln70_810/1 "/>
</bind>
</comp>

<comp id="83062" class="1004" name="trunc_ln42_76_fu_83062">
<pin_list>
<pin id="83063" dir="0" index="0" bw="16" slack="0"/>
<pin id="83064" dir="0" index="1" bw="26" slack="0"/>
<pin id="83065" dir="0" index="2" bw="5" slack="0"/>
<pin id="83066" dir="0" index="3" bw="6" slack="0"/>
<pin id="83067" dir="1" index="4" bw="16" slack="0"/>
</pin_list>
<bind>
<opcode="partselect(1002) " fcode="partselect"/>
<opset="trunc_ln42_76/1 "/>
</bind>
</comp>

<comp id="83072" class="1004" name="trunc_ln42_77_fu_83072">
<pin_list>
<pin id="83073" dir="0" index="0" bw="15" slack="0"/>
<pin id="83074" dir="0" index="1" bw="25" slack="0"/>
<pin id="83075" dir="0" index="2" bw="5" slack="0"/>
<pin id="83076" dir="0" index="3" bw="6" slack="0"/>
<pin id="83077" dir="1" index="4" bw="15" slack="0"/>
</pin_list>
<bind>
<opcode="partselect(1002) " fcode="partselect"/>
<opset="trunc_ln42_77/1 "/>
</bind>
</comp>

<comp id="83082" class="1004" name="sext_ln42_1634_fu_83082">
<pin_list>
<pin id="83083" dir="0" index="0" bw="15" slack="0"/>
<pin id="83084" dir="1" index="1" bw="16" slack="0"/>
</pin_list>
<bind>
<opcode="sext(35) " fcode="sext"/>
<opset="sext_ln42_1634/1 "/>
</bind>
</comp>

<comp id="83086" class="1004" name="trunc_ln42_78_fu_83086">
<pin_list>
<pin id="83087" dir="0" index="0" bw="16" slack="0"/>
<pin id="83088" dir="0" index="1" bw="26" slack="0"/>
<pin id="83089" dir="0" index="2" bw="5" slack="0"/>
<pin id="83090" dir="0" index="3" bw="6" slack="0"/>
<pin id="83091" dir="1" index="4" bw="16" slack="0"/>
</pin_list>
<bind>
<opcode="partselect(1002) " fcode="partselect"/>
<opset="trunc_ln42_78/1 "/>
</bind>
</comp>

<comp id="83096" class="1004" name="trunc_ln42_79_fu_83096">
<pin_list>
<pin id="83097" dir="0" index="0" bw="16" slack="0"/>
<pin id="83098" dir="0" index="1" bw="26" slack="0"/>
<pin id="83099" dir="0" index="2" bw="5" slack="0"/>
<pin id="83100" dir="0" index="3" bw="6" slack="0"/>
<pin id="83101" dir="1" index="4" bw="16" slack="0"/>
</pin_list>
<bind>
<opcode="partselect(1002) " fcode="partselect"/>
<opset="trunc_ln42_79/1 "/>
</bind>
</comp>

<comp id="83106" class="1004" name="trunc_ln42_80_fu_83106">
<pin_list>
<pin id="83107" dir="0" index="0" bw="16" slack="0"/>
<pin id="83108" dir="0" index="1" bw="26" slack="0"/>
<pin id="83109" dir="0" index="2" bw="5" slack="0"/>
<pin id="83110" dir="0" index="3" bw="6" slack="0"/>
<pin id="83111" dir="1" index="4" bw="16" slack="0"/>
</pin_list>
<bind>
<opcode="partselect(1002) " fcode="partselect"/>
<opset="trunc_ln42_80/1 "/>
</bind>
</comp>

<comp id="83116" class="1004" name="sext_ln70_811_fu_83116">
<pin_list>
<pin id="83117" dir="0" index="0" bw="16" slack="0"/>
<pin id="83118" dir="1" index="1" bw="25" slack="0"/>
</pin_list>
<bind>
<opcode="sext(35) " fcode="sext"/>
<opset="sext_ln70_811/1 "/>
</bind>
</comp>

<comp id="83121" class="1004" name="sext_ln70_812_fu_83121">
<pin_list>
<pin id="83122" dir="0" index="0" bw="16" slack="0"/>
<pin id="83123" dir="1" index="1" bw="26" slack="0"/>
</pin_list>
<bind>
<opcode="sext(35) " fcode="sext"/>
<opset="sext_ln70_812/1 "/>
</bind>
</comp>

<comp id="83127" class="1004" name="shl_ln73_597_fu_83127">
<pin_list>
<pin id="83128" dir="0" index="0" bw="19" slack="0"/>
<pin id="83129" dir="0" index="1" bw="16" slack="0"/>
<pin id="83130" dir="0" index="2" bw="1" slack="0"/>
<pin id="83131" dir="1" index="3" bw="19" slack="0"/>
</pin_list>
<bind>
<opcode="bitconcatenate(1004) " fcode="bitconcatenate"/>
<opset="shl_ln73_597/1 "/>
</bind>
</comp>

<comp id="83135" class="1004" name="sext_ln73_1006_fu_83135">
<pin_list>
<pin id="83136" dir="0" index="0" bw="19" slack="0"/>
<pin id="83137" dir="1" index="1" bw="20" slack="0"/>
</pin_list>
<bind>
<opcode="sext(35) " fcode="sext"/>
<opset="sext_ln73_1006/1 "/>
</bind>
</comp>

<comp id="83139" class="1004" name="shl_ln73_598_fu_83139">
<pin_list>
<pin id="83140" dir="0" index="0" bw="17" slack="0"/>
<pin id="83141" dir="0" index="1" bw="16" slack="0"/>
<pin id="83142" dir="0" index="2" bw="1" slack="0"/>
<pin id="83143" dir="1" index="3" bw="17" slack="0"/>
</pin_list>
<bind>
<opcode="bitconcatenate(1004) " fcode="bitconcatenate"/>
<opset="shl_ln73_598/1 "/>
</bind>
</comp>

<comp id="83147" class="1004" name="sext_ln73_1007_fu_83147">
<pin_list>
<pin id="83148" dir="0" index="0" bw="17" slack="0"/>
<pin id="83149" dir="1" index="1" bw="24" slack="0"/>
</pin_list>
<bind>
<opcode="sext(35) " fcode="sext"/>
<opset="sext_ln73_1007/1 "/>
</bind>
</comp>

<comp id="83151" class="1004" name="sext_ln73_1008_fu_83151">
<pin_list>
<pin id="83152" dir="0" index="0" bw="17" slack="0"/>
<pin id="83153" dir="1" index="1" bw="20" slack="0"/>
</pin_list>
<bind>
<opcode="sext(35) " fcode="sext"/>
<opset="sext_ln73_1008/1 "/>
</bind>
</comp>

<comp id="83155" class="1004" name="add_ln73_193_fu_83155">
<pin_list>
<pin id="83156" dir="0" index="0" bw="19" slack="0"/>
<pin id="83157" dir="0" index="1" bw="17" slack="0"/>
<pin id="83158" dir="1" index="2" bw="20" slack="0"/>
</pin_list>
<bind>
<opcode="add(8) " fcode="add"/>
<opset="add_ln73_193/1 "/>
</bind>
</comp>

<comp id="83161" class="1004" name="trunc_ln42_81_fu_83161">
<pin_list>
<pin id="83162" dir="0" index="0" bw="10" slack="0"/>
<pin id="83163" dir="0" index="1" bw="20" slack="0"/>
<pin id="83164" dir="0" index="2" bw="5" slack="0"/>
<pin id="83165" dir="0" index="3" bw="6" slack="0"/>
<pin id="83166" dir="1" index="4" bw="10" slack="0"/>
</pin_list>
<bind>
<opcode="partselect(1002) " fcode="partselect"/>
<opset="trunc_ln42_81/1 "/>
</bind>
</comp>

<comp id="83171" class="1004" name="sext_ln73_1009_fu_83171">
<pin_list>
<pin id="83172" dir="0" index="0" bw="10" slack="0"/>
<pin id="83173" dir="1" index="1" bw="11" slack="0"/>
</pin_list>
<bind>
<opcode="sext(35) " fcode="sext"/>
<opset="sext_ln73_1009/1 "/>
</bind>
</comp>

<comp id="83175" class="1004" name="trunc_ln42_82_fu_83175">
<pin_list>
<pin id="83176" dir="0" index="0" bw="16" slack="0"/>
<pin id="83177" dir="0" index="1" bw="26" slack="0"/>
<pin id="83178" dir="0" index="2" bw="5" slack="0"/>
<pin id="83179" dir="0" index="3" bw="6" slack="0"/>
<pin id="83180" dir="1" index="4" bw="16" slack="0"/>
</pin_list>
<bind>
<opcode="partselect(1002) " fcode="partselect"/>
<opset="trunc_ln42_82/1 "/>
</bind>
</comp>

<comp id="83185" class="1004" name="trunc_ln42_83_fu_83185">
<pin_list>
<pin id="83186" dir="0" index="0" bw="16" slack="0"/>
<pin id="83187" dir="0" index="1" bw="26" slack="0"/>
<pin id="83188" dir="0" index="2" bw="5" slack="0"/>
<pin id="83189" dir="0" index="3" bw="6" slack="0"/>
<pin id="83190" dir="1" index="4" bw="16" slack="0"/>
</pin_list>
<bind>
<opcode="partselect(1002) " fcode="partselect"/>
<opset="trunc_ln42_83/1 "/>
</bind>
</comp>

<comp id="83195" class="1004" name="shl_ln73_599_fu_83195">
<pin_list>
<pin id="83196" dir="0" index="0" bw="23" slack="0"/>
<pin id="83197" dir="0" index="1" bw="16" slack="0"/>
<pin id="83198" dir="0" index="2" bw="1" slack="0"/>
<pin id="83199" dir="1" index="3" bw="23" slack="0"/>
</pin_list>
<bind>
<opcode="bitconcatenate(1004) " fcode="bitconcatenate"/>
<opset="shl_ln73_599/1 "/>
</bind>
</comp>

<comp id="83203" class="1004" name="sext_ln73_1010_fu_83203">
<pin_list>
<pin id="83204" dir="0" index="0" bw="23" slack="0"/>
<pin id="83205" dir="1" index="1" bw="24" slack="0"/>
</pin_list>
<bind>
<opcode="sext(35) " fcode="sext"/>
<opset="sext_ln73_1010/1 "/>
</bind>
</comp>

<comp id="83207" class="1004" name="sub_ln73_812_fu_83207">
<pin_list>
<pin id="83208" dir="0" index="0" bw="17" slack="0"/>
<pin id="83209" dir="0" index="1" bw="23" slack="0"/>
<pin id="83210" dir="1" index="2" bw="24" slack="0"/>
</pin_list>
<bind>
<opcode="sub(10) " fcode="sub"/>
<opset="sub_ln73_812/1 "/>
</bind>
</comp>

<comp id="83213" class="1004" name="trunc_ln42_84_fu_83213">
<pin_list>
<pin id="83214" dir="0" index="0" bw="14" slack="0"/>
<pin id="83215" dir="0" index="1" bw="24" slack="0"/>
<pin id="83216" dir="0" index="2" bw="5" slack="0"/>
<pin id="83217" dir="0" index="3" bw="6" slack="0"/>
<pin id="83218" dir="1" index="4" bw="14" slack="0"/>
</pin_list>
<bind>
<opcode="partselect(1002) " fcode="partselect"/>
<opset="trunc_ln42_84/1 "/>
</bind>
</comp>

<comp id="83223" class="1004" name="sext_ln42_1635_fu_83223">
<pin_list>
<pin id="83224" dir="0" index="0" bw="14" slack="0"/>
<pin id="83225" dir="1" index="1" bw="16" slack="0"/>
</pin_list>
<bind>
<opcode="sext(35) " fcode="sext"/>
<opset="sext_ln42_1635/1 "/>
</bind>
</comp>

<comp id="83227" class="1004" name="trunc_ln42_85_fu_83227">
<pin_list>
<pin id="83228" dir="0" index="0" bw="15" slack="0"/>
<pin id="83229" dir="0" index="1" bw="25" slack="0"/>
<pin id="83230" dir="0" index="2" bw="5" slack="0"/>
<pin id="83231" dir="0" index="3" bw="6" slack="0"/>
<pin id="83232" dir="1" index="4" bw="15" slack="0"/>
</pin_list>
<bind>
<opcode="partselect(1002) " fcode="partselect"/>
<opset="trunc_ln42_85/1 "/>
</bind>
</comp>

<comp id="83237" class="1004" name="sext_ln42_1636_fu_83237">
<pin_list>
<pin id="83238" dir="0" index="0" bw="15" slack="0"/>
<pin id="83239" dir="1" index="1" bw="16" slack="0"/>
</pin_list>
<bind>
<opcode="sext(35) " fcode="sext"/>
<opset="sext_ln42_1636/1 "/>
</bind>
</comp>

<comp id="83241" class="1004" name="sext_ln42_1637_fu_83241">
<pin_list>
<pin id="83242" dir="0" index="0" bw="16" slack="0"/>
<pin id="83243" dir="1" index="1" bw="26" slack="0"/>
</pin_list>
<bind>
<opcode="sext(35) " fcode="sext"/>
<opset="sext_ln42_1637/1 "/>
</bind>
</comp>

<comp id="83246" class="1004" name="sext_ln70_813_fu_83246">
<pin_list>
<pin id="83247" dir="0" index="0" bw="16" slack="0"/>
<pin id="83248" dir="1" index="1" bw="25" slack="0"/>
</pin_list>
<bind>
<opcode="sext(35) " fcode="sext"/>
<opset="sext_ln70_813/1 "/>
</bind>
</comp>

<comp id="83251" class="1004" name="sext_ln70_814_fu_83251">
<pin_list>
<pin id="83252" dir="0" index="0" bw="16" slack="0"/>
<pin id="83253" dir="1" index="1" bw="24" slack="0"/>
</pin_list>
<bind>
<opcode="sext(35) " fcode="sext"/>
<opset="sext_ln70_814/1 "/>
</bind>
</comp>

<comp id="83256" class="1004" name="sext_ln70_815_fu_83256">
<pin_list>
<pin id="83257" dir="0" index="0" bw="16" slack="0"/>
<pin id="83258" dir="1" index="1" bw="19" slack="0"/>
</pin_list>
<bind>
<opcode="sext(35) " fcode="sext"/>
<opset="sext_ln70_815/1 "/>
</bind>
</comp>

<comp id="83260" class="1004" name="shl_ln73_600_fu_83260">
<pin_list>
<pin id="83261" dir="0" index="0" bw="18" slack="0"/>
<pin id="83262" dir="0" index="1" bw="16" slack="0"/>
<pin id="83263" dir="0" index="2" bw="1" slack="0"/>
<pin id="83264" dir="1" index="3" bw="18" slack="0"/>
</pin_list>
<bind>
<opcode="bitconcatenate(1004) " fcode="bitconcatenate"/>
<opset="shl_ln73_600/1 "/>
</bind>
</comp>

<comp id="83268" class="1004" name="sext_ln73_1011_fu_83268">
<pin_list>
<pin id="83269" dir="0" index="0" bw="18" slack="0"/>
<pin id="83270" dir="1" index="1" bw="19" slack="0"/>
</pin_list>
<bind>
<opcode="sext(35) " fcode="sext"/>
<opset="sext_ln73_1011/1 "/>
</bind>
</comp>

<comp id="83272" class="1004" name="sub_ln73_813_fu_83272">
<pin_list>
<pin id="83273" dir="0" index="0" bw="1" slack="0"/>
<pin id="83274" dir="0" index="1" bw="18" slack="0"/>
<pin id="83275" dir="1" index="2" bw="19" slack="0"/>
</pin_list>
<bind>
<opcode="sub(10) " fcode="sub"/>
<opset="sub_ln73_813/1 "/>
</bind>
</comp>

<comp id="83278" class="1004" name="sub_ln73_814_fu_83278">
<pin_list>
<pin id="83279" dir="0" index="0" bw="19" slack="0"/>
<pin id="83280" dir="0" index="1" bw="16" slack="0"/>
<pin id="83281" dir="1" index="2" bw="19" slack="0"/>
</pin_list>
<bind>
<opcode="sub(10) " fcode="sub"/>
<opset="sub_ln73_814/1 "/>
</bind>
</comp>

<comp id="83284" class="1004" name="trunc_ln42_86_fu_83284">
<pin_list>
<pin id="83285" dir="0" index="0" bw="9" slack="0"/>
<pin id="83286" dir="0" index="1" bw="19" slack="0"/>
<pin id="83287" dir="0" index="2" bw="5" slack="0"/>
<pin id="83288" dir="0" index="3" bw="6" slack="0"/>
<pin id="83289" dir="1" index="4" bw="9" slack="0"/>
</pin_list>
<bind>
<opcode="partselect(1002) " fcode="partselect"/>
<opset="trunc_ln42_86/1 "/>
</bind>
</comp>

<comp id="83294" class="1004" name="sext_ln73_1012_fu_83294">
<pin_list>
<pin id="83295" dir="0" index="0" bw="9" slack="0"/>
<pin id="83296" dir="1" index="1" bw="11" slack="0"/>
</pin_list>
<bind>
<opcode="sext(35) " fcode="sext"/>
<opset="sext_ln73_1012/1 "/>
</bind>
</comp>

<comp id="83298" class="1004" name="trunc_ln42_87_fu_83298">
<pin_list>
<pin id="83299" dir="0" index="0" bw="14" slack="0"/>
<pin id="83300" dir="0" index="1" bw="24" slack="0"/>
<pin id="83301" dir="0" index="2" bw="5" slack="0"/>
<pin id="83302" dir="0" index="3" bw="6" slack="0"/>
<pin id="83303" dir="1" index="4" bw="14" slack="0"/>
</pin_list>
<bind>
<opcode="partselect(1002) " fcode="partselect"/>
<opset="trunc_ln42_87/1 "/>
</bind>
</comp>

<comp id="83308" class="1004" name="sext_ln42_1638_fu_83308">
<pin_list>
<pin id="83309" dir="0" index="0" bw="14" slack="0"/>
<pin id="83310" dir="1" index="1" bw="16" slack="0"/>
</pin_list>
<bind>
<opcode="sext(35) " fcode="sext"/>
<opset="sext_ln42_1638/1 "/>
</bind>
</comp>

<comp id="83312" class="1004" name="shl_ln73_601_fu_83312">
<pin_list>
<pin id="83313" dir="0" index="0" bw="22" slack="0"/>
<pin id="83314" dir="0" index="1" bw="16" slack="0"/>
<pin id="83315" dir="0" index="2" bw="1" slack="0"/>
<pin id="83316" dir="1" index="3" bw="22" slack="0"/>
</pin_list>
<bind>
<opcode="bitconcatenate(1004) " fcode="bitconcatenate"/>
<opset="shl_ln73_601/1 "/>
</bind>
</comp>

<comp id="83320" class="1004" name="sext_ln73_1013_fu_83320">
<pin_list>
<pin id="83321" dir="0" index="0" bw="22" slack="0"/>
<pin id="83322" dir="1" index="1" bw="23" slack="0"/>
</pin_list>
<bind>
<opcode="sext(35) " fcode="sext"/>
<opset="sext_ln73_1013/1 "/>
</bind>
</comp>

<comp id="83324" class="1004" name="shl_ln73_602_fu_83324">
<pin_list>
<pin id="83325" dir="0" index="0" bw="20" slack="0"/>
<pin id="83326" dir="0" index="1" bw="16" slack="0"/>
<pin id="83327" dir="0" index="2" bw="1" slack="0"/>
<pin id="83328" dir="1" index="3" bw="20" slack="0"/>
</pin_list>
<bind>
<opcode="bitconcatenate(1004) " fcode="bitconcatenate"/>
<opset="shl_ln73_602/1 "/>
</bind>
</comp>

<comp id="83332" class="1004" name="sext_ln73_1014_fu_83332">
<pin_list>
<pin id="83333" dir="0" index="0" bw="20" slack="0"/>
<pin id="83334" dir="1" index="1" bw="23" slack="0"/>
</pin_list>
<bind>
<opcode="sext(35) " fcode="sext"/>
<opset="sext_ln73_1014/1 "/>
</bind>
</comp>

<comp id="83336" class="1004" name="add_ln73_194_fu_83336">
<pin_list>
<pin id="83337" dir="0" index="0" bw="22" slack="0"/>
<pin id="83338" dir="0" index="1" bw="20" slack="0"/>
<pin id="83339" dir="1" index="2" bw="23" slack="0"/>
</pin_list>
<bind>
<opcode="add(8) " fcode="add"/>
<opset="add_ln73_194/1 "/>
</bind>
</comp>

<comp id="83342" class="1004" name="trunc_ln42_88_fu_83342">
<pin_list>
<pin id="83343" dir="0" index="0" bw="13" slack="0"/>
<pin id="83344" dir="0" index="1" bw="23" slack="0"/>
<pin id="83345" dir="0" index="2" bw="5" slack="0"/>
<pin id="83346" dir="0" index="3" bw="6" slack="0"/>
<pin id="83347" dir="1" index="4" bw="13" slack="0"/>
</pin_list>
<bind>
<opcode="partselect(1002) " fcode="partselect"/>
<opset="trunc_ln42_88/1 "/>
</bind>
</comp>

<comp id="83352" class="1004" name="sext_ln42_1639_fu_83352">
<pin_list>
<pin id="83353" dir="0" index="0" bw="13" slack="0"/>
<pin id="83354" dir="1" index="1" bw="16" slack="0"/>
</pin_list>
<bind>
<opcode="sext(35) " fcode="sext"/>
<opset="sext_ln42_1639/1 "/>
</bind>
</comp>

<comp id="83356" class="1004" name="trunc_ln42_89_fu_83356">
<pin_list>
<pin id="83357" dir="0" index="0" bw="15" slack="0"/>
<pin id="83358" dir="0" index="1" bw="25" slack="0"/>
<pin id="83359" dir="0" index="2" bw="5" slack="0"/>
<pin id="83360" dir="0" index="3" bw="6" slack="0"/>
<pin id="83361" dir="1" index="4" bw="15" slack="0"/>
</pin_list>
<bind>
<opcode="partselect(1002) " fcode="partselect"/>
<opset="trunc_ln42_89/1 "/>
</bind>
</comp>

<comp id="83366" class="1004" name="sext_ln42_1640_fu_83366">
<pin_list>
<pin id="83367" dir="0" index="0" bw="15" slack="0"/>
<pin id="83368" dir="1" index="1" bw="16" slack="0"/>
</pin_list>
<bind>
<opcode="sext(35) " fcode="sext"/>
<opset="sext_ln42_1640/1 "/>
</bind>
</comp>

<comp id="83370" class="1004" name="trunc_ln42_90_fu_83370">
<pin_list>
<pin id="83371" dir="0" index="0" bw="16" slack="0"/>
<pin id="83372" dir="0" index="1" bw="26" slack="0"/>
<pin id="83373" dir="0" index="2" bw="5" slack="0"/>
<pin id="83374" dir="0" index="3" bw="6" slack="0"/>
<pin id="83375" dir="1" index="4" bw="16" slack="0"/>
</pin_list>
<bind>
<opcode="partselect(1002) " fcode="partselect"/>
<opset="trunc_ln42_90/1 "/>
</bind>
</comp>

<comp id="83380" class="1004" name="sext_ln70_816_fu_83380">
<pin_list>
<pin id="83381" dir="0" index="0" bw="16" slack="0"/>
<pin id="83382" dir="1" index="1" bw="24" slack="0"/>
</pin_list>
<bind>
<opcode="sext(35) " fcode="sext"/>
<opset="sext_ln70_816/1 "/>
</bind>
</comp>

<comp id="83385" class="1004" name="sext_ln42_1641_fu_83385">
<pin_list>
<pin id="83386" dir="0" index="0" bw="16" slack="0"/>
<pin id="83387" dir="1" index="1" bw="26" slack="0"/>
</pin_list>
<bind>
<opcode="sext(35) " fcode="sext"/>
<opset="sext_ln42_1641/1 "/>
</bind>
</comp>

<comp id="83391" class="1004" name="sext_ln70_817_fu_83391">
<pin_list>
<pin id="83392" dir="0" index="0" bw="16" slack="0"/>
<pin id="83393" dir="1" index="1" bw="21" slack="0"/>
</pin_list>
<bind>
<opcode="sext(35) " fcode="sext"/>
<opset="sext_ln70_817/1 "/>
</bind>
</comp>

<comp id="83396" class="1004" name="trunc_ln42_91_fu_83396">
<pin_list>
<pin id="83397" dir="0" index="0" bw="11" slack="0"/>
<pin id="83398" dir="0" index="1" bw="21" slack="0"/>
<pin id="83399" dir="0" index="2" bw="5" slack="0"/>
<pin id="83400" dir="0" index="3" bw="6" slack="0"/>
<pin id="83401" dir="1" index="4" bw="11" slack="0"/>
</pin_list>
<bind>
<opcode="partselect(1002) " fcode="partselect"/>
<opset="trunc_ln42_91/1 "/>
</bind>
</comp>

<comp id="83406" class="1004" name="sext_ln73_1015_fu_83406">
<pin_list>
<pin id="83407" dir="0" index="0" bw="11" slack="0"/>
<pin id="83408" dir="1" index="1" bw="14" slack="0"/>
</pin_list>
<bind>
<opcode="sext(35) " fcode="sext"/>
<opset="sext_ln73_1015/1 "/>
</bind>
</comp>

<comp id="83410" class="1004" name="trunc_ln42_92_fu_83410">
<pin_list>
<pin id="83411" dir="0" index="0" bw="16" slack="0"/>
<pin id="83412" dir="0" index="1" bw="26" slack="0"/>
<pin id="83413" dir="0" index="2" bw="5" slack="0"/>
<pin id="83414" dir="0" index="3" bw="6" slack="0"/>
<pin id="83415" dir="1" index="4" bw="16" slack="0"/>
</pin_list>
<bind>
<opcode="partselect(1002) " fcode="partselect"/>
<opset="trunc_ln42_92/1 "/>
</bind>
</comp>

<comp id="83420" class="1004" name="trunc_ln42_93_fu_83420">
<pin_list>
<pin id="83421" dir="0" index="0" bw="16" slack="0"/>
<pin id="83422" dir="0" index="1" bw="26" slack="0"/>
<pin id="83423" dir="0" index="2" bw="5" slack="0"/>
<pin id="83424" dir="0" index="3" bw="6" slack="0"/>
<pin id="83425" dir="1" index="4" bw="16" slack="0"/>
</pin_list>
<bind>
<opcode="partselect(1002) " fcode="partselect"/>
<opset="trunc_ln42_93/1 "/>
</bind>
</comp>

<comp id="83430" class="1004" name="shl_ln73_603_fu_83430">
<pin_list>
<pin id="83431" dir="0" index="0" bw="25" slack="0"/>
<pin id="83432" dir="0" index="1" bw="16" slack="0"/>
<pin id="83433" dir="0" index="2" bw="1" slack="0"/>
<pin id="83434" dir="1" index="3" bw="25" slack="0"/>
</pin_list>
<bind>
<opcode="bitconcatenate(1004) " fcode="bitconcatenate"/>
<opset="shl_ln73_603/1 "/>
</bind>
</comp>

<comp id="83438" class="1004" name="sext_ln73_1016_fu_83438">
<pin_list>
<pin id="83439" dir="0" index="0" bw="25" slack="0"/>
<pin id="83440" dir="1" index="1" bw="26" slack="0"/>
</pin_list>
<bind>
<opcode="sext(35) " fcode="sext"/>
<opset="sext_ln73_1016/1 "/>
</bind>
</comp>

<comp id="83442" class="1004" name="sub_ln73_815_fu_83442">
<pin_list>
<pin id="83443" dir="0" index="0" bw="1" slack="0"/>
<pin id="83444" dir="0" index="1" bw="25" slack="0"/>
<pin id="83445" dir="1" index="2" bw="26" slack="0"/>
</pin_list>
<bind>
<opcode="sub(10) " fcode="sub"/>
<opset="sub_ln73_815/1 "/>
</bind>
</comp>

<comp id="83448" class="1004" name="shl_ln73_604_fu_83448">
<pin_list>
<pin id="83449" dir="0" index="0" bw="23" slack="0"/>
<pin id="83450" dir="0" index="1" bw="16" slack="0"/>
<pin id="83451" dir="0" index="2" bw="1" slack="0"/>
<pin id="83452" dir="1" index="3" bw="23" slack="0"/>
</pin_list>
<bind>
<opcode="bitconcatenate(1004) " fcode="bitconcatenate"/>
<opset="shl_ln73_604/1 "/>
</bind>
</comp>

<comp id="83456" class="1004" name="sext_ln73_1017_fu_83456">
<pin_list>
<pin id="83457" dir="0" index="0" bw="23" slack="0"/>
<pin id="83458" dir="1" index="1" bw="26" slack="0"/>
</pin_list>
<bind>
<opcode="sext(35) " fcode="sext"/>
<opset="sext_ln73_1017/1 "/>
</bind>
</comp>

<comp id="83460" class="1004" name="sub_ln73_816_fu_83460">
<pin_list>
<pin id="83461" dir="0" index="0" bw="26" slack="0"/>
<pin id="83462" dir="0" index="1" bw="23" slack="0"/>
<pin id="83463" dir="1" index="2" bw="26" slack="0"/>
</pin_list>
<bind>
<opcode="sub(10) " fcode="sub"/>
<opset="sub_ln73_816/1 "/>
</bind>
</comp>

<comp id="83466" class="1004" name="trunc_ln42_94_fu_83466">
<pin_list>
<pin id="83467" dir="0" index="0" bw="16" slack="0"/>
<pin id="83468" dir="0" index="1" bw="26" slack="0"/>
<pin id="83469" dir="0" index="2" bw="5" slack="0"/>
<pin id="83470" dir="0" index="3" bw="6" slack="0"/>
<pin id="83471" dir="1" index="4" bw="16" slack="0"/>
</pin_list>
<bind>
<opcode="partselect(1002) " fcode="partselect"/>
<opset="trunc_ln42_94/1 "/>
</bind>
</comp>

<comp id="83476" class="1004" name="trunc_ln42_95_fu_83476">
<pin_list>
<pin id="83477" dir="0" index="0" bw="14" slack="0"/>
<pin id="83478" dir="0" index="1" bw="24" slack="0"/>
<pin id="83479" dir="0" index="2" bw="5" slack="0"/>
<pin id="83480" dir="0" index="3" bw="6" slack="0"/>
<pin id="83481" dir="1" index="4" bw="14" slack="0"/>
</pin_list>
<bind>
<opcode="partselect(1002) " fcode="partselect"/>
<opset="trunc_ln42_95/1 "/>
</bind>
</comp>

<comp id="83486" class="1004" name="sext_ln42_1642_fu_83486">
<pin_list>
<pin id="83487" dir="0" index="0" bw="14" slack="0"/>
<pin id="83488" dir="1" index="1" bw="16" slack="0"/>
</pin_list>
<bind>
<opcode="sext(35) " fcode="sext"/>
<opset="sext_ln42_1642/1 "/>
</bind>
</comp>

<comp id="83490" class="1004" name="sext_ln70_818_fu_83490">
<pin_list>
<pin id="83491" dir="0" index="0" bw="16" slack="0"/>
<pin id="83492" dir="1" index="1" bw="26" slack="0"/>
</pin_list>
<bind>
<opcode="sext(35) " fcode="sext"/>
<opset="sext_ln70_818/1 "/>
</bind>
</comp>

<comp id="83497" class="1004" name="sext_ln70_819_fu_83497">
<pin_list>
<pin id="83498" dir="0" index="0" bw="16" slack="0"/>
<pin id="83499" dir="1" index="1" bw="24" slack="0"/>
</pin_list>
<bind>
<opcode="sext(35) " fcode="sext"/>
<opset="sext_ln70_819/1 "/>
</bind>
</comp>

<comp id="83502" class="1004" name="sext_ln70_820_fu_83502">
<pin_list>
<pin id="83503" dir="0" index="0" bw="16" slack="0"/>
<pin id="83504" dir="1" index="1" bw="23" slack="0"/>
</pin_list>
<bind>
<opcode="sext(35) " fcode="sext"/>
<opset="sext_ln70_820/1 "/>
</bind>
</comp>

<comp id="83507" class="1004" name="trunc_ln42_96_fu_83507">
<pin_list>
<pin id="83508" dir="0" index="0" bw="13" slack="0"/>
<pin id="83509" dir="0" index="1" bw="23" slack="0"/>
<pin id="83510" dir="0" index="2" bw="5" slack="0"/>
<pin id="83511" dir="0" index="3" bw="6" slack="0"/>
<pin id="83512" dir="1" index="4" bw="13" slack="0"/>
</pin_list>
<bind>
<opcode="partselect(1002) " fcode="partselect"/>
<opset="trunc_ln42_96/1 "/>
</bind>
</comp>

<comp id="83517" class="1004" name="sext_ln73_1018_fu_83517">
<pin_list>
<pin id="83518" dir="0" index="0" bw="13" slack="0"/>
<pin id="83519" dir="1" index="1" bw="14" slack="0"/>
</pin_list>
<bind>
<opcode="sext(35) " fcode="sext"/>
<opset="sext_ln73_1018/1 "/>
</bind>
</comp>

<comp id="83521" class="1004" name="trunc_ln42_97_fu_83521">
<pin_list>
<pin id="83522" dir="0" index="0" bw="14" slack="0"/>
<pin id="83523" dir="0" index="1" bw="24" slack="0"/>
<pin id="83524" dir="0" index="2" bw="5" slack="0"/>
<pin id="83525" dir="0" index="3" bw="6" slack="0"/>
<pin id="83526" dir="1" index="4" bw="14" slack="0"/>
</pin_list>
<bind>
<opcode="partselect(1002) " fcode="partselect"/>
<opset="trunc_ln42_97/1 "/>
</bind>
</comp>

<comp id="83531" class="1004" name="sext_ln42_1643_fu_83531">
<pin_list>
<pin id="83532" dir="0" index="0" bw="14" slack="0"/>
<pin id="83533" dir="1" index="1" bw="16" slack="0"/>
</pin_list>
<bind>
<opcode="sext(35) " fcode="sext"/>
<opset="sext_ln42_1643/1 "/>
</bind>
</comp>

<comp id="83535" class="1004" name="trunc_ln42_98_fu_83535">
<pin_list>
<pin id="83536" dir="0" index="0" bw="16" slack="0"/>
<pin id="83537" dir="0" index="1" bw="26" slack="0"/>
<pin id="83538" dir="0" index="2" bw="5" slack="0"/>
<pin id="83539" dir="0" index="3" bw="6" slack="0"/>
<pin id="83540" dir="1" index="4" bw="16" slack="0"/>
</pin_list>
<bind>
<opcode="partselect(1002) " fcode="partselect"/>
<opset="trunc_ln42_98/1 "/>
</bind>
</comp>

<comp id="83545" class="1004" name="trunc_ln42_99_fu_83545">
<pin_list>
<pin id="83546" dir="0" index="0" bw="16" slack="0"/>
<pin id="83547" dir="0" index="1" bw="26" slack="0"/>
<pin id="83548" dir="0" index="2" bw="5" slack="0"/>
<pin id="83549" dir="0" index="3" bw="6" slack="0"/>
<pin id="83550" dir="1" index="4" bw="16" slack="0"/>
</pin_list>
<bind>
<opcode="partselect(1002) " fcode="partselect"/>
<opset="trunc_ln42_99/1 "/>
</bind>
</comp>

<comp id="83555" class="1004" name="trunc_ln42_100_fu_83555">
<pin_list>
<pin id="83556" dir="0" index="0" bw="16" slack="0"/>
<pin id="83557" dir="0" index="1" bw="26" slack="0"/>
<pin id="83558" dir="0" index="2" bw="5" slack="0"/>
<pin id="83559" dir="0" index="3" bw="6" slack="0"/>
<pin id="83560" dir="1" index="4" bw="16" slack="0"/>
</pin_list>
<bind>
<opcode="partselect(1002) " fcode="partselect"/>
<opset="trunc_ln42_100/1 "/>
</bind>
</comp>

<comp id="83565" class="1004" name="sext_ln70_821_fu_83565">
<pin_list>
<pin id="83566" dir="0" index="0" bw="16" slack="0"/>
<pin id="83567" dir="1" index="1" bw="26" slack="0"/>
</pin_list>
<bind>
<opcode="sext(35) " fcode="sext"/>
<opset="sext_ln70_821/1 "/>
</bind>
</comp>

<comp id="83571" class="1004" name="sext_ln70_822_fu_83571">
<pin_list>
<pin id="83572" dir="0" index="0" bw="16" slack="0"/>
<pin id="83573" dir="1" index="1" bw="21" slack="0"/>
</pin_list>
<bind>
<opcode="sext(35) " fcode="sext"/>
<opset="sext_ln70_822/1 "/>
</bind>
</comp>

<comp id="83576" class="1004" name="sext_ln70_823_fu_83576">
<pin_list>
<pin id="83577" dir="0" index="0" bw="16" slack="0"/>
<pin id="83578" dir="1" index="1" bw="24" slack="0"/>
</pin_list>
<bind>
<opcode="sext(35) " fcode="sext"/>
<opset="sext_ln70_823/1 "/>
</bind>
</comp>

<comp id="83581" class="1004" name="trunc_ln42_101_fu_83581">
<pin_list>
<pin id="83582" dir="0" index="0" bw="14" slack="0"/>
<pin id="83583" dir="0" index="1" bw="24" slack="0"/>
<pin id="83584" dir="0" index="2" bw="5" slack="0"/>
<pin id="83585" dir="0" index="3" bw="6" slack="0"/>
<pin id="83586" dir="1" index="4" bw="14" slack="0"/>
</pin_list>
<bind>
<opcode="partselect(1002) " fcode="partselect"/>
<opset="trunc_ln42_101/1 "/>
</bind>
</comp>

<comp id="83591" class="1004" name="sext_ln42_1644_fu_83591">
<pin_list>
<pin id="83592" dir="0" index="0" bw="14" slack="0"/>
<pin id="83593" dir="1" index="1" bw="16" slack="0"/>
</pin_list>
<bind>
<opcode="sext(35) " fcode="sext"/>
<opset="sext_ln42_1644/1 "/>
</bind>
</comp>

<comp id="83595" class="1004" name="trunc_ln42_102_fu_83595">
<pin_list>
<pin id="83596" dir="0" index="0" bw="11" slack="0"/>
<pin id="83597" dir="0" index="1" bw="21" slack="0"/>
<pin id="83598" dir="0" index="2" bw="5" slack="0"/>
<pin id="83599" dir="0" index="3" bw="6" slack="0"/>
<pin id="83600" dir="1" index="4" bw="11" slack="0"/>
</pin_list>
<bind>
<opcode="partselect(1002) " fcode="partselect"/>
<opset="trunc_ln42_102/1 "/>
</bind>
</comp>

<comp id="83605" class="1004" name="sext_ln73_1019_fu_83605">
<pin_list>
<pin id="83606" dir="0" index="0" bw="11" slack="0"/>
<pin id="83607" dir="1" index="1" bw="14" slack="0"/>
</pin_list>
<bind>
<opcode="sext(35) " fcode="sext"/>
<opset="sext_ln73_1019/1 "/>
</bind>
</comp>

<comp id="83609" class="1004" name="shl_ln73_605_fu_83609">
<pin_list>
<pin id="83610" dir="0" index="0" bw="22" slack="0"/>
<pin id="83611" dir="0" index="1" bw="16" slack="0"/>
<pin id="83612" dir="0" index="2" bw="1" slack="0"/>
<pin id="83613" dir="1" index="3" bw="22" slack="0"/>
</pin_list>
<bind>
<opcode="bitconcatenate(1004) " fcode="bitconcatenate"/>
<opset="shl_ln73_605/1 "/>
</bind>
</comp>

<comp id="83617" class="1004" name="sext_ln73_1020_fu_83617">
<pin_list>
<pin id="83618" dir="0" index="0" bw="22" slack="0"/>
<pin id="83619" dir="1" index="1" bw="23" slack="0"/>
</pin_list>
<bind>
<opcode="sext(35) " fcode="sext"/>
<opset="sext_ln73_1020/1 "/>
</bind>
</comp>

<comp id="83621" class="1004" name="shl_ln73_606_fu_83621">
<pin_list>
<pin id="83622" dir="0" index="0" bw="20" slack="0"/>
<pin id="83623" dir="0" index="1" bw="16" slack="0"/>
<pin id="83624" dir="0" index="2" bw="1" slack="0"/>
<pin id="83625" dir="1" index="3" bw="20" slack="0"/>
</pin_list>
<bind>
<opcode="bitconcatenate(1004) " fcode="bitconcatenate"/>
<opset="shl_ln73_606/1 "/>
</bind>
</comp>

<comp id="83629" class="1004" name="sext_ln73_1021_fu_83629">
<pin_list>
<pin id="83630" dir="0" index="0" bw="20" slack="0"/>
<pin id="83631" dir="1" index="1" bw="23" slack="0"/>
</pin_list>
<bind>
<opcode="sext(35) " fcode="sext"/>
<opset="sext_ln73_1021/1 "/>
</bind>
</comp>

<comp id="83633" class="1004" name="sub_ln73_817_fu_83633">
<pin_list>
<pin id="83634" dir="0" index="0" bw="22" slack="0"/>
<pin id="83635" dir="0" index="1" bw="20" slack="0"/>
<pin id="83636" dir="1" index="2" bw="23" slack="0"/>
</pin_list>
<bind>
<opcode="sub(10) " fcode="sub"/>
<opset="sub_ln73_817/1 "/>
</bind>
</comp>

<comp id="83639" class="1004" name="trunc_ln42_103_fu_83639">
<pin_list>
<pin id="83640" dir="0" index="0" bw="13" slack="0"/>
<pin id="83641" dir="0" index="1" bw="23" slack="0"/>
<pin id="83642" dir="0" index="2" bw="5" slack="0"/>
<pin id="83643" dir="0" index="3" bw="6" slack="0"/>
<pin id="83644" dir="1" index="4" bw="13" slack="0"/>
</pin_list>
<bind>
<opcode="partselect(1002) " fcode="partselect"/>
<opset="trunc_ln42_103/1 "/>
</bind>
</comp>

<comp id="83649" class="1004" name="sext_ln42_1645_fu_83649">
<pin_list>
<pin id="83650" dir="0" index="0" bw="13" slack="0"/>
<pin id="83651" dir="1" index="1" bw="16" slack="0"/>
</pin_list>
<bind>
<opcode="sext(35) " fcode="sext"/>
<opset="sext_ln42_1645/1 "/>
</bind>
</comp>

<comp id="83653" class="1004" name="trunc_ln42_104_fu_83653">
<pin_list>
<pin id="83654" dir="0" index="0" bw="16" slack="0"/>
<pin id="83655" dir="0" index="1" bw="26" slack="0"/>
<pin id="83656" dir="0" index="2" bw="5" slack="0"/>
<pin id="83657" dir="0" index="3" bw="6" slack="0"/>
<pin id="83658" dir="1" index="4" bw="16" slack="0"/>
</pin_list>
<bind>
<opcode="partselect(1002) " fcode="partselect"/>
<opset="trunc_ln42_104/1 "/>
</bind>
</comp>

<comp id="83663" class="1004" name="trunc_ln42_105_fu_83663">
<pin_list>
<pin id="83664" dir="0" index="0" bw="16" slack="0"/>
<pin id="83665" dir="0" index="1" bw="26" slack="0"/>
<pin id="83666" dir="0" index="2" bw="5" slack="0"/>
<pin id="83667" dir="0" index="3" bw="6" slack="0"/>
<pin id="83668" dir="1" index="4" bw="16" slack="0"/>
</pin_list>
<bind>
<opcode="partselect(1002) " fcode="partselect"/>
<opset="trunc_ln42_105/1 "/>
</bind>
</comp>

<comp id="83673" class="1004" name="sext_ln70_824_fu_83673">
<pin_list>
<pin id="83674" dir="0" index="0" bw="16" slack="0"/>
<pin id="83675" dir="1" index="1" bw="25" slack="0"/>
</pin_list>
<bind>
<opcode="sext(35) " fcode="sext"/>
<opset="sext_ln70_824/1 "/>
</bind>
</comp>

<comp id="83680" class="1004" name="sext_ln70_825_fu_83680">
<pin_list>
<pin id="83681" dir="0" index="0" bw="16" slack="0"/>
<pin id="83682" dir="1" index="1" bw="26" slack="0"/>
</pin_list>
<bind>
<opcode="sext(35) " fcode="sext"/>
<opset="sext_ln70_825/1 "/>
</bind>
</comp>

<comp id="83685" class="1004" name="trunc_ln42_106_fu_83685">
<pin_list>
<pin id="83686" dir="0" index="0" bw="16" slack="0"/>
<pin id="83687" dir="0" index="1" bw="26" slack="0"/>
<pin id="83688" dir="0" index="2" bw="5" slack="0"/>
<pin id="83689" dir="0" index="3" bw="6" slack="0"/>
<pin id="83690" dir="1" index="4" bw="16" slack="0"/>
</pin_list>
<bind>
<opcode="partselect(1002) " fcode="partselect"/>
<opset="trunc_ln42_106/1 "/>
</bind>
</comp>

<comp id="83695" class="1004" name="shl_ln73_607_fu_83695">
<pin_list>
<pin id="83696" dir="0" index="0" bw="22" slack="0"/>
<pin id="83697" dir="0" index="1" bw="16" slack="0"/>
<pin id="83698" dir="0" index="2" bw="1" slack="0"/>
<pin id="83699" dir="1" index="3" bw="22" slack="0"/>
</pin_list>
<bind>
<opcode="bitconcatenate(1004) " fcode="bitconcatenate"/>
<opset="shl_ln73_607/1 "/>
</bind>
</comp>

<comp id="83703" class="1004" name="sext_ln73_1022_fu_83703">
<pin_list>
<pin id="83704" dir="0" index="0" bw="22" slack="0"/>
<pin id="83705" dir="1" index="1" bw="23" slack="0"/>
</pin_list>
<bind>
<opcode="sext(35) " fcode="sext"/>
<opset="sext_ln73_1022/1 "/>
</bind>
</comp>

<comp id="83707" class="1004" name="shl_ln73_608_fu_83707">
<pin_list>
<pin id="83708" dir="0" index="0" bw="18" slack="0"/>
<pin id="83709" dir="0" index="1" bw="16" slack="0"/>
<pin id="83710" dir="0" index="2" bw="1" slack="0"/>
<pin id="83711" dir="1" index="3" bw="18" slack="0"/>
</pin_list>
<bind>
<opcode="bitconcatenate(1004) " fcode="bitconcatenate"/>
<opset="shl_ln73_608/1 "/>
</bind>
</comp>

<comp id="83715" class="1004" name="sext_ln73_1023_fu_83715">
<pin_list>
<pin id="83716" dir="0" index="0" bw="18" slack="0"/>
<pin id="83717" dir="1" index="1" bw="23" slack="0"/>
</pin_list>
<bind>
<opcode="sext(35) " fcode="sext"/>
<opset="sext_ln73_1023/1 "/>
</bind>
</comp>

<comp id="83719" class="1004" name="sub_ln73_818_fu_83719">
<pin_list>
<pin id="83720" dir="0" index="0" bw="18" slack="0"/>
<pin id="83721" dir="0" index="1" bw="22" slack="0"/>
<pin id="83722" dir="1" index="2" bw="23" slack="0"/>
</pin_list>
<bind>
<opcode="sub(10) " fcode="sub"/>
<opset="sub_ln73_818/1 "/>
</bind>
</comp>

<comp id="83725" class="1004" name="trunc_ln42_107_fu_83725">
<pin_list>
<pin id="83726" dir="0" index="0" bw="13" slack="0"/>
<pin id="83727" dir="0" index="1" bw="23" slack="0"/>
<pin id="83728" dir="0" index="2" bw="5" slack="0"/>
<pin id="83729" dir="0" index="3" bw="6" slack="0"/>
<pin id="83730" dir="1" index="4" bw="13" slack="0"/>
</pin_list>
<bind>
<opcode="partselect(1002) " fcode="partselect"/>
<opset="trunc_ln42_107/1 "/>
</bind>
</comp>

<comp id="83735" class="1004" name="sext_ln73_1024_fu_83735">
<pin_list>
<pin id="83736" dir="0" index="0" bw="13" slack="0"/>
<pin id="83737" dir="1" index="1" bw="14" slack="0"/>
</pin_list>
<bind>
<opcode="sext(35) " fcode="sext"/>
<opset="sext_ln73_1024/1 "/>
</bind>
</comp>

<comp id="83739" class="1004" name="trunc_ln42_108_fu_83739">
<pin_list>
<pin id="83740" dir="0" index="0" bw="15" slack="0"/>
<pin id="83741" dir="0" index="1" bw="25" slack="0"/>
<pin id="83742" dir="0" index="2" bw="5" slack="0"/>
<pin id="83743" dir="0" index="3" bw="6" slack="0"/>
<pin id="83744" dir="1" index="4" bw="15" slack="0"/>
</pin_list>
<bind>
<opcode="partselect(1002) " fcode="partselect"/>
<opset="trunc_ln42_108/1 "/>
</bind>
</comp>

<comp id="83749" class="1004" name="sext_ln42_1646_fu_83749">
<pin_list>
<pin id="83750" dir="0" index="0" bw="15" slack="0"/>
<pin id="83751" dir="1" index="1" bw="16" slack="0"/>
</pin_list>
<bind>
<opcode="sext(35) " fcode="sext"/>
<opset="sext_ln42_1646/1 "/>
</bind>
</comp>

<comp id="83753" class="1004" name="trunc_ln42_109_fu_83753">
<pin_list>
<pin id="83754" dir="0" index="0" bw="15" slack="0"/>
<pin id="83755" dir="0" index="1" bw="25" slack="0"/>
<pin id="83756" dir="0" index="2" bw="5" slack="0"/>
<pin id="83757" dir="0" index="3" bw="6" slack="0"/>
<pin id="83758" dir="1" index="4" bw="15" slack="0"/>
</pin_list>
<bind>
<opcode="partselect(1002) " fcode="partselect"/>
<opset="trunc_ln42_109/1 "/>
</bind>
</comp>

<comp id="83763" class="1004" name="sext_ln42_1647_fu_83763">
<pin_list>
<pin id="83764" dir="0" index="0" bw="15" slack="0"/>
<pin id="83765" dir="1" index="1" bw="16" slack="0"/>
</pin_list>
<bind>
<opcode="sext(35) " fcode="sext"/>
<opset="sext_ln42_1647/1 "/>
</bind>
</comp>

<comp id="83767" class="1004" name="trunc_ln42_110_fu_83767">
<pin_list>
<pin id="83768" dir="0" index="0" bw="15" slack="0"/>
<pin id="83769" dir="0" index="1" bw="25" slack="0"/>
<pin id="83770" dir="0" index="2" bw="5" slack="0"/>
<pin id="83771" dir="0" index="3" bw="6" slack="0"/>
<pin id="83772" dir="1" index="4" bw="15" slack="0"/>
</pin_list>
<bind>
<opcode="partselect(1002) " fcode="partselect"/>
<opset="trunc_ln42_110/1 "/>
</bind>
</comp>

<comp id="83777" class="1004" name="sext_ln42_1648_fu_83777">
<pin_list>
<pin id="83778" dir="0" index="0" bw="15" slack="0"/>
<pin id="83779" dir="1" index="1" bw="16" slack="0"/>
</pin_list>
<bind>
<opcode="sext(35) " fcode="sext"/>
<opset="sext_ln42_1648/1 "/>
</bind>
</comp>

<comp id="83781" class="1004" name="sext_ln42_1649_fu_83781">
<pin_list>
<pin id="83782" dir="0" index="0" bw="16" slack="0"/>
<pin id="83783" dir="1" index="1" bw="26" slack="0"/>
</pin_list>
<bind>
<opcode="sext(35) " fcode="sext"/>
<opset="sext_ln42_1649/1 "/>
</bind>
</comp>

<comp id="83787" class="1004" name="sext_ln70_826_fu_83787">
<pin_list>
<pin id="83788" dir="0" index="0" bw="16" slack="0"/>
<pin id="83789" dir="1" index="1" bw="25" slack="0"/>
</pin_list>
<bind>
<opcode="sext(35) " fcode="sext"/>
<opset="sext_ln70_826/1 "/>
</bind>
</comp>

<comp id="83793" class="1004" name="sext_ln70_827_fu_83793">
<pin_list>
<pin id="83794" dir="0" index="0" bw="16" slack="0"/>
<pin id="83795" dir="1" index="1" bw="24" slack="0"/>
</pin_list>
<bind>
<opcode="sext(35) " fcode="sext"/>
<opset="sext_ln70_827/1 "/>
</bind>
</comp>

<comp id="83798" class="1004" name="trunc_ln42_111_fu_83798">
<pin_list>
<pin id="83799" dir="0" index="0" bw="16" slack="0"/>
<pin id="83800" dir="0" index="1" bw="26" slack="0"/>
<pin id="83801" dir="0" index="2" bw="5" slack="0"/>
<pin id="83802" dir="0" index="3" bw="6" slack="0"/>
<pin id="83803" dir="1" index="4" bw="16" slack="0"/>
</pin_list>
<bind>
<opcode="partselect(1002) " fcode="partselect"/>
<opset="trunc_ln42_111/1 "/>
</bind>
</comp>

<comp id="83808" class="1004" name="trunc_ln42_112_fu_83808">
<pin_list>
<pin id="83809" dir="0" index="0" bw="14" slack="0"/>
<pin id="83810" dir="0" index="1" bw="24" slack="0"/>
<pin id="83811" dir="0" index="2" bw="5" slack="0"/>
<pin id="83812" dir="0" index="3" bw="6" slack="0"/>
<pin id="83813" dir="1" index="4" bw="14" slack="0"/>
</pin_list>
<bind>
<opcode="partselect(1002) " fcode="partselect"/>
<opset="trunc_ln42_112/1 "/>
</bind>
</comp>

<comp id="83818" class="1004" name="sext_ln42_1650_fu_83818">
<pin_list>
<pin id="83819" dir="0" index="0" bw="14" slack="0"/>
<pin id="83820" dir="1" index="1" bw="16" slack="0"/>
</pin_list>
<bind>
<opcode="sext(35) " fcode="sext"/>
<opset="sext_ln42_1650/1 "/>
</bind>
</comp>

<comp id="83822" class="1004" name="trunc_ln42_113_fu_83822">
<pin_list>
<pin id="83823" dir="0" index="0" bw="15" slack="0"/>
<pin id="83824" dir="0" index="1" bw="25" slack="0"/>
<pin id="83825" dir="0" index="2" bw="5" slack="0"/>
<pin id="83826" dir="0" index="3" bw="6" slack="0"/>
<pin id="83827" dir="1" index="4" bw="15" slack="0"/>
</pin_list>
<bind>
<opcode="partselect(1002) " fcode="partselect"/>
<opset="trunc_ln42_113/1 "/>
</bind>
</comp>

<comp id="83832" class="1004" name="sext_ln42_1651_fu_83832">
<pin_list>
<pin id="83833" dir="0" index="0" bw="15" slack="0"/>
<pin id="83834" dir="1" index="1" bw="16" slack="0"/>
</pin_list>
<bind>
<opcode="sext(35) " fcode="sext"/>
<opset="sext_ln42_1651/1 "/>
</bind>
</comp>

<comp id="83836" class="1004" name="trunc_ln42_114_fu_83836">
<pin_list>
<pin id="83837" dir="0" index="0" bw="16" slack="0"/>
<pin id="83838" dir="0" index="1" bw="26" slack="0"/>
<pin id="83839" dir="0" index="2" bw="5" slack="0"/>
<pin id="83840" dir="0" index="3" bw="6" slack="0"/>
<pin id="83841" dir="1" index="4" bw="16" slack="0"/>
</pin_list>
<bind>
<opcode="partselect(1002) " fcode="partselect"/>
<opset="trunc_ln42_114/1 "/>
</bind>
</comp>

<comp id="83846" class="1004" name="trunc_ln42_115_fu_83846">
<pin_list>
<pin id="83847" dir="0" index="0" bw="15" slack="0"/>
<pin id="83848" dir="0" index="1" bw="25" slack="0"/>
<pin id="83849" dir="0" index="2" bw="5" slack="0"/>
<pin id="83850" dir="0" index="3" bw="6" slack="0"/>
<pin id="83851" dir="1" index="4" bw="15" slack="0"/>
</pin_list>
<bind>
<opcode="partselect(1002) " fcode="partselect"/>
<opset="trunc_ln42_115/1 "/>
</bind>
</comp>

<comp id="83856" class="1004" name="sext_ln42_1652_fu_83856">
<pin_list>
<pin id="83857" dir="0" index="0" bw="15" slack="0"/>
<pin id="83858" dir="1" index="1" bw="16" slack="0"/>
</pin_list>
<bind>
<opcode="sext(35) " fcode="sext"/>
<opset="sext_ln42_1652/1 "/>
</bind>
</comp>

<comp id="83860" class="1004" name="sext_ln70_828_fu_83860">
<pin_list>
<pin id="83861" dir="0" index="0" bw="16" slack="0"/>
<pin id="83862" dir="1" index="1" bw="26" slack="0"/>
</pin_list>
<bind>
<opcode="sext(35) " fcode="sext"/>
<opset="sext_ln70_828/1 "/>
</bind>
</comp>

<comp id="83869" class="1004" name="trunc_ln42_116_fu_83869">
<pin_list>
<pin id="83870" dir="0" index="0" bw="16" slack="0"/>
<pin id="83871" dir="0" index="1" bw="26" slack="0"/>
<pin id="83872" dir="0" index="2" bw="5" slack="0"/>
<pin id="83873" dir="0" index="3" bw="6" slack="0"/>
<pin id="83874" dir="1" index="4" bw="16" slack="0"/>
</pin_list>
<bind>
<opcode="partselect(1002) " fcode="partselect"/>
<opset="trunc_ln42_116/1 "/>
</bind>
</comp>

<comp id="83879" class="1004" name="trunc_ln42_117_fu_83879">
<pin_list>
<pin id="83880" dir="0" index="0" bw="16" slack="0"/>
<pin id="83881" dir="0" index="1" bw="26" slack="0"/>
<pin id="83882" dir="0" index="2" bw="5" slack="0"/>
<pin id="83883" dir="0" index="3" bw="6" slack="0"/>
<pin id="83884" dir="1" index="4" bw="16" slack="0"/>
</pin_list>
<bind>
<opcode="partselect(1002) " fcode="partselect"/>
<opset="trunc_ln42_117/1 "/>
</bind>
</comp>

<comp id="83889" class="1004" name="trunc_ln42_118_fu_83889">
<pin_list>
<pin id="83890" dir="0" index="0" bw="16" slack="0"/>
<pin id="83891" dir="0" index="1" bw="26" slack="0"/>
<pin id="83892" dir="0" index="2" bw="5" slack="0"/>
<pin id="83893" dir="0" index="3" bw="6" slack="0"/>
<pin id="83894" dir="1" index="4" bw="16" slack="0"/>
</pin_list>
<bind>
<opcode="partselect(1002) " fcode="partselect"/>
<opset="trunc_ln42_118/1 "/>
</bind>
</comp>

<comp id="83899" class="1004" name="trunc_ln42_119_fu_83899">
<pin_list>
<pin id="83900" dir="0" index="0" bw="16" slack="0"/>
<pin id="83901" dir="0" index="1" bw="26" slack="0"/>
<pin id="83902" dir="0" index="2" bw="5" slack="0"/>
<pin id="83903" dir="0" index="3" bw="6" slack="0"/>
<pin id="83904" dir="1" index="4" bw="16" slack="0"/>
</pin_list>
<bind>
<opcode="partselect(1002) " fcode="partselect"/>
<opset="trunc_ln42_119/1 "/>
</bind>
</comp>

<comp id="83909" class="1004" name="trunc_ln42_120_fu_83909">
<pin_list>
<pin id="83910" dir="0" index="0" bw="16" slack="0"/>
<pin id="83911" dir="0" index="1" bw="26" slack="0"/>
<pin id="83912" dir="0" index="2" bw="5" slack="0"/>
<pin id="83913" dir="0" index="3" bw="6" slack="0"/>
<pin id="83914" dir="1" index="4" bw="16" slack="0"/>
</pin_list>
<bind>
<opcode="partselect(1002) " fcode="partselect"/>
<opset="trunc_ln42_120/1 "/>
</bind>
</comp>

<comp id="83919" class="1004" name="sext_ln70_829_fu_83919">
<pin_list>
<pin id="83920" dir="0" index="0" bw="16" slack="0"/>
<pin id="83921" dir="1" index="1" bw="26" slack="0"/>
</pin_list>
<bind>
<opcode="sext(35) " fcode="sext"/>
<opset="sext_ln70_829/1 "/>
</bind>
</comp>

<comp id="83925" class="1004" name="sext_ln70_830_fu_83925">
<pin_list>
<pin id="83926" dir="0" index="0" bw="16" slack="0"/>
<pin id="83927" dir="1" index="1" bw="24" slack="0"/>
</pin_list>
<bind>
<opcode="sext(35) " fcode="sext"/>
<opset="sext_ln70_830/1 "/>
</bind>
</comp>

<comp id="83930" class="1004" name="sext_ln70_831_fu_83930">
<pin_list>
<pin id="83931" dir="0" index="0" bw="16" slack="0"/>
<pin id="83932" dir="1" index="1" bw="23" slack="0"/>
</pin_list>
<bind>
<opcode="sext(35) " fcode="sext"/>
<opset="sext_ln70_831/1 "/>
</bind>
</comp>

<comp id="83935" class="1004" name="trunc_ln42_121_fu_83935">
<pin_list>
<pin id="83936" dir="0" index="0" bw="13" slack="0"/>
<pin id="83937" dir="0" index="1" bw="23" slack="0"/>
<pin id="83938" dir="0" index="2" bw="5" slack="0"/>
<pin id="83939" dir="0" index="3" bw="6" slack="0"/>
<pin id="83940" dir="1" index="4" bw="13" slack="0"/>
</pin_list>
<bind>
<opcode="partselect(1002) " fcode="partselect"/>
<opset="trunc_ln42_121/1 "/>
</bind>
</comp>

<comp id="83945" class="1004" name="sext_ln73_1025_fu_83945">
<pin_list>
<pin id="83946" dir="0" index="0" bw="13" slack="0"/>
<pin id="83947" dir="1" index="1" bw="15" slack="0"/>
</pin_list>
<bind>
<opcode="sext(35) " fcode="sext"/>
<opset="sext_ln73_1025/1 "/>
</bind>
</comp>

<comp id="83949" class="1004" name="shl_ln73_609_fu_83949">
<pin_list>
<pin id="83950" dir="0" index="0" bw="24" slack="0"/>
<pin id="83951" dir="0" index="1" bw="16" slack="0"/>
<pin id="83952" dir="0" index="2" bw="1" slack="0"/>
<pin id="83953" dir="1" index="3" bw="24" slack="0"/>
</pin_list>
<bind>
<opcode="bitconcatenate(1004) " fcode="bitconcatenate"/>
<opset="shl_ln73_609/1 "/>
</bind>
</comp>

<comp id="83957" class="1004" name="sext_ln73_1026_fu_83957">
<pin_list>
<pin id="83958" dir="0" index="0" bw="24" slack="0"/>
<pin id="83959" dir="1" index="1" bw="25" slack="0"/>
</pin_list>
<bind>
<opcode="sext(35) " fcode="sext"/>
<opset="sext_ln73_1026/1 "/>
</bind>
</comp>

<comp id="83961" class="1004" name="shl_ln73_610_fu_83961">
<pin_list>
<pin id="83962" dir="0" index="0" bw="18" slack="0"/>
<pin id="83963" dir="0" index="1" bw="16" slack="0"/>
<pin id="83964" dir="0" index="2" bw="1" slack="0"/>
<pin id="83965" dir="1" index="3" bw="18" slack="0"/>
</pin_list>
<bind>
<opcode="bitconcatenate(1004) " fcode="bitconcatenate"/>
<opset="shl_ln73_610/1 "/>
</bind>
</comp>

<comp id="83969" class="1004" name="sext_ln73_1027_fu_83969">
<pin_list>
<pin id="83970" dir="0" index="0" bw="18" slack="0"/>
<pin id="83971" dir="1" index="1" bw="25" slack="0"/>
</pin_list>
<bind>
<opcode="sext(35) " fcode="sext"/>
<opset="sext_ln73_1027/1 "/>
</bind>
</comp>

<comp id="83973" class="1004" name="sub_ln73_819_fu_83973">
<pin_list>
<pin id="83974" dir="0" index="0" bw="18" slack="0"/>
<pin id="83975" dir="0" index="1" bw="24" slack="0"/>
<pin id="83976" dir="1" index="2" bw="25" slack="0"/>
</pin_list>
<bind>
<opcode="sub(10) " fcode="sub"/>
<opset="sub_ln73_819/1 "/>
</bind>
</comp>

<comp id="83979" class="1004" name="trunc_ln42_122_fu_83979">
<pin_list>
<pin id="83980" dir="0" index="0" bw="15" slack="0"/>
<pin id="83981" dir="0" index="1" bw="25" slack="0"/>
<pin id="83982" dir="0" index="2" bw="5" slack="0"/>
<pin id="83983" dir="0" index="3" bw="6" slack="0"/>
<pin id="83984" dir="1" index="4" bw="15" slack="0"/>
</pin_list>
<bind>
<opcode="partselect(1002) " fcode="partselect"/>
<opset="trunc_ln42_122/1 "/>
</bind>
</comp>

<comp id="83989" class="1004" name="sext_ln42_1653_fu_83989">
<pin_list>
<pin id="83990" dir="0" index="0" bw="15" slack="0"/>
<pin id="83991" dir="1" index="1" bw="16" slack="0"/>
</pin_list>
<bind>
<opcode="sext(35) " fcode="sext"/>
<opset="sext_ln42_1653/1 "/>
</bind>
</comp>

<comp id="83993" class="1004" name="trunc_ln42_123_fu_83993">
<pin_list>
<pin id="83994" dir="0" index="0" bw="14" slack="0"/>
<pin id="83995" dir="0" index="1" bw="24" slack="0"/>
<pin id="83996" dir="0" index="2" bw="5" slack="0"/>
<pin id="83997" dir="0" index="3" bw="6" slack="0"/>
<pin id="83998" dir="1" index="4" bw="14" slack="0"/>
</pin_list>
<bind>
<opcode="partselect(1002) " fcode="partselect"/>
<opset="trunc_ln42_123/1 "/>
</bind>
</comp>

<comp id="84003" class="1004" name="sext_ln73_1028_fu_84003">
<pin_list>
<pin id="84004" dir="0" index="0" bw="14" slack="0"/>
<pin id="84005" dir="1" index="1" bw="15" slack="0"/>
</pin_list>
<bind>
<opcode="sext(35) " fcode="sext"/>
<opset="sext_ln73_1028/1 "/>
</bind>
</comp>

<comp id="84007" class="1004" name="trunc_ln42_124_fu_84007">
<pin_list>
<pin id="84008" dir="0" index="0" bw="16" slack="0"/>
<pin id="84009" dir="0" index="1" bw="26" slack="0"/>
<pin id="84010" dir="0" index="2" bw="5" slack="0"/>
<pin id="84011" dir="0" index="3" bw="6" slack="0"/>
<pin id="84012" dir="1" index="4" bw="16" slack="0"/>
</pin_list>
<bind>
<opcode="partselect(1002) " fcode="partselect"/>
<opset="trunc_ln42_124/1 "/>
</bind>
</comp>

<comp id="84017" class="1004" name="trunc_ln42_125_fu_84017">
<pin_list>
<pin id="84018" dir="0" index="0" bw="16" slack="0"/>
<pin id="84019" dir="0" index="1" bw="26" slack="0"/>
<pin id="84020" dir="0" index="2" bw="5" slack="0"/>
<pin id="84021" dir="0" index="3" bw="6" slack="0"/>
<pin id="84022" dir="1" index="4" bw="16" slack="0"/>
</pin_list>
<bind>
<opcode="partselect(1002) " fcode="partselect"/>
<opset="trunc_ln42_125/1 "/>
</bind>
</comp>

<comp id="84027" class="1004" name="sext_ln70_832_fu_84027">
<pin_list>
<pin id="84028" dir="0" index="0" bw="16" slack="0"/>
<pin id="84029" dir="1" index="1" bw="26" slack="0"/>
</pin_list>
<bind>
<opcode="sext(35) " fcode="sext"/>
<opset="sext_ln70_832/1 "/>
</bind>
</comp>

<comp id="84033" class="1004" name="sext_ln70_833_fu_84033">
<pin_list>
<pin id="84034" dir="0" index="0" bw="16" slack="0"/>
<pin id="84035" dir="1" index="1" bw="22" slack="0"/>
</pin_list>
<bind>
<opcode="sext(35) " fcode="sext"/>
<opset="sext_ln70_833/1 "/>
</bind>
</comp>

<comp id="84038" class="1004" name="sext_ln70_834_fu_84038">
<pin_list>
<pin id="84039" dir="0" index="0" bw="16" slack="0"/>
<pin id="84040" dir="1" index="1" bw="24" slack="0"/>
</pin_list>
<bind>
<opcode="sext(35) " fcode="sext"/>
<opset="sext_ln70_834/1 "/>
</bind>
</comp>

<comp id="84043" class="1004" name="shl_ln73_611_fu_84043">
<pin_list>
<pin id="84044" dir="0" index="0" bw="23" slack="0"/>
<pin id="84045" dir="0" index="1" bw="16" slack="0"/>
<pin id="84046" dir="0" index="2" bw="1" slack="0"/>
<pin id="84047" dir="1" index="3" bw="23" slack="0"/>
</pin_list>
<bind>
<opcode="bitconcatenate(1004) " fcode="bitconcatenate"/>
<opset="shl_ln73_611/1 "/>
</bind>
</comp>

<comp id="84051" class="1004" name="sext_ln73_1029_fu_84051">
<pin_list>
<pin id="84052" dir="0" index="0" bw="23" slack="0"/>
<pin id="84053" dir="1" index="1" bw="24" slack="0"/>
</pin_list>
<bind>
<opcode="sext(35) " fcode="sext"/>
<opset="sext_ln73_1029/1 "/>
</bind>
</comp>

<comp id="84055" class="1004" name="shl_ln73_612_fu_84055">
<pin_list>
<pin id="84056" dir="0" index="0" bw="19" slack="0"/>
<pin id="84057" dir="0" index="1" bw="16" slack="0"/>
<pin id="84058" dir="0" index="2" bw="1" slack="0"/>
<pin id="84059" dir="1" index="3" bw="19" slack="0"/>
</pin_list>
<bind>
<opcode="bitconcatenate(1004) " fcode="bitconcatenate"/>
<opset="shl_ln73_612/1 "/>
</bind>
</comp>

<comp id="84063" class="1004" name="sext_ln73_1030_fu_84063">
<pin_list>
<pin id="84064" dir="0" index="0" bw="19" slack="0"/>
<pin id="84065" dir="1" index="1" bw="24" slack="0"/>
</pin_list>
<bind>
<opcode="sext(35) " fcode="sext"/>
<opset="sext_ln73_1030/1 "/>
</bind>
</comp>

<comp id="84067" class="1004" name="sub_ln73_820_fu_84067">
<pin_list>
<pin id="84068" dir="0" index="0" bw="19" slack="0"/>
<pin id="84069" dir="0" index="1" bw="23" slack="0"/>
<pin id="84070" dir="1" index="2" bw="24" slack="0"/>
</pin_list>
<bind>
<opcode="sub(10) " fcode="sub"/>
<opset="sub_ln73_820/1 "/>
</bind>
</comp>

<comp id="84073" class="1004" name="trunc_ln42_126_fu_84073">
<pin_list>
<pin id="84074" dir="0" index="0" bw="14" slack="0"/>
<pin id="84075" dir="0" index="1" bw="24" slack="0"/>
<pin id="84076" dir="0" index="2" bw="5" slack="0"/>
<pin id="84077" dir="0" index="3" bw="6" slack="0"/>
<pin id="84078" dir="1" index="4" bw="14" slack="0"/>
</pin_list>
<bind>
<opcode="partselect(1002) " fcode="partselect"/>
<opset="trunc_ln42_126/1 "/>
</bind>
</comp>

<comp id="84083" class="1004" name="sext_ln73_1031_fu_84083">
<pin_list>
<pin id="84084" dir="0" index="0" bw="14" slack="0"/>
<pin id="84085" dir="1" index="1" bw="15" slack="0"/>
</pin_list>
<bind>
<opcode="sext(35) " fcode="sext"/>
<opset="sext_ln73_1031/1 "/>
</bind>
</comp>

<comp id="84087" class="1004" name="trunc_ln42_127_fu_84087">
<pin_list>
<pin id="84088" dir="0" index="0" bw="14" slack="0"/>
<pin id="84089" dir="0" index="1" bw="24" slack="0"/>
<pin id="84090" dir="0" index="2" bw="5" slack="0"/>
<pin id="84091" dir="0" index="3" bw="6" slack="0"/>
<pin id="84092" dir="1" index="4" bw="14" slack="0"/>
</pin_list>
<bind>
<opcode="partselect(1002) " fcode="partselect"/>
<opset="trunc_ln42_127/1 "/>
</bind>
</comp>

<comp id="84097" class="1004" name="sext_ln42_1654_fu_84097">
<pin_list>
<pin id="84098" dir="0" index="0" bw="14" slack="0"/>
<pin id="84099" dir="1" index="1" bw="16" slack="0"/>
</pin_list>
<bind>
<opcode="sext(35) " fcode="sext"/>
<opset="sext_ln42_1654/1 "/>
</bind>
</comp>

<comp id="84101" class="1004" name="trunc_ln42_128_fu_84101">
<pin_list>
<pin id="84102" dir="0" index="0" bw="12" slack="0"/>
<pin id="84103" dir="0" index="1" bw="22" slack="0"/>
<pin id="84104" dir="0" index="2" bw="5" slack="0"/>
<pin id="84105" dir="0" index="3" bw="6" slack="0"/>
<pin id="84106" dir="1" index="4" bw="12" slack="0"/>
</pin_list>
<bind>
<opcode="partselect(1002) " fcode="partselect"/>
<opset="trunc_ln42_128/1 "/>
</bind>
</comp>

<comp id="84111" class="1004" name="sext_ln42_1655_fu_84111">
<pin_list>
<pin id="84112" dir="0" index="0" bw="12" slack="0"/>
<pin id="84113" dir="1" index="1" bw="15" slack="0"/>
</pin_list>
<bind>
<opcode="sext(35) " fcode="sext"/>
<opset="sext_ln42_1655/1 "/>
</bind>
</comp>

<comp id="84115" class="1004" name="trunc_ln42_129_fu_84115">
<pin_list>
<pin id="84116" dir="0" index="0" bw="16" slack="0"/>
<pin id="84117" dir="0" index="1" bw="26" slack="0"/>
<pin id="84118" dir="0" index="2" bw="5" slack="0"/>
<pin id="84119" dir="0" index="3" bw="6" slack="0"/>
<pin id="84120" dir="1" index="4" bw="16" slack="0"/>
</pin_list>
<bind>
<opcode="partselect(1002) " fcode="partselect"/>
<opset="trunc_ln42_129/1 "/>
</bind>
</comp>

<comp id="84125" class="1004" name="trunc_ln42_130_fu_84125">
<pin_list>
<pin id="84126" dir="0" index="0" bw="16" slack="0"/>
<pin id="84127" dir="0" index="1" bw="26" slack="0"/>
<pin id="84128" dir="0" index="2" bw="5" slack="0"/>
<pin id="84129" dir="0" index="3" bw="6" slack="0"/>
<pin id="84130" dir="1" index="4" bw="16" slack="0"/>
</pin_list>
<bind>
<opcode="partselect(1002) " fcode="partselect"/>
<opset="trunc_ln42_130/1 "/>
</bind>
</comp>

<comp id="84135" class="1004" name="sext_ln70_835_fu_84135">
<pin_list>
<pin id="84136" dir="0" index="0" bw="16" slack="0"/>
<pin id="84137" dir="1" index="1" bw="26" slack="0"/>
</pin_list>
<bind>
<opcode="sext(35) " fcode="sext"/>
<opset="sext_ln70_835/1 "/>
</bind>
</comp>

<comp id="84140" class="1004" name="sext_ln70_836_fu_84140">
<pin_list>
<pin id="84141" dir="0" index="0" bw="16" slack="0"/>
<pin id="84142" dir="1" index="1" bw="25" slack="0"/>
</pin_list>
<bind>
<opcode="sext(35) " fcode="sext"/>
<opset="sext_ln70_836/1 "/>
</bind>
</comp>

<comp id="84146" class="1004" name="trunc_ln42_131_fu_84146">
<pin_list>
<pin id="84147" dir="0" index="0" bw="15" slack="0"/>
<pin id="84148" dir="0" index="1" bw="25" slack="0"/>
<pin id="84149" dir="0" index="2" bw="5" slack="0"/>
<pin id="84150" dir="0" index="3" bw="6" slack="0"/>
<pin id="84151" dir="1" index="4" bw="15" slack="0"/>
</pin_list>
<bind>
<opcode="partselect(1002) " fcode="partselect"/>
<opset="trunc_ln42_131/1 "/>
</bind>
</comp>

<comp id="84156" class="1004" name="sext_ln42_1656_fu_84156">
<pin_list>
<pin id="84157" dir="0" index="0" bw="15" slack="0"/>
<pin id="84158" dir="1" index="1" bw="16" slack="0"/>
</pin_list>
<bind>
<opcode="sext(35) " fcode="sext"/>
<opset="sext_ln42_1656/1 "/>
</bind>
</comp>

<comp id="84160" class="1004" name="trunc_ln42_132_fu_84160">
<pin_list>
<pin id="84161" dir="0" index="0" bw="15" slack="0"/>
<pin id="84162" dir="0" index="1" bw="25" slack="0"/>
<pin id="84163" dir="0" index="2" bw="5" slack="0"/>
<pin id="84164" dir="0" index="3" bw="6" slack="0"/>
<pin id="84165" dir="1" index="4" bw="15" slack="0"/>
</pin_list>
<bind>
<opcode="partselect(1002) " fcode="partselect"/>
<opset="trunc_ln42_132/1 "/>
</bind>
</comp>

<comp id="84170" class="1004" name="sext_ln42_1657_fu_84170">
<pin_list>
<pin id="84171" dir="0" index="0" bw="15" slack="0"/>
<pin id="84172" dir="1" index="1" bw="16" slack="0"/>
</pin_list>
<bind>
<opcode="sext(35) " fcode="sext"/>
<opset="sext_ln42_1657/1 "/>
</bind>
</comp>

<comp id="84174" class="1004" name="shl_ln73_613_fu_84174">
<pin_list>
<pin id="84175" dir="0" index="0" bw="21" slack="0"/>
<pin id="84176" dir="0" index="1" bw="16" slack="0"/>
<pin id="84177" dir="0" index="2" bw="1" slack="0"/>
<pin id="84178" dir="1" index="3" bw="21" slack="0"/>
</pin_list>
<bind>
<opcode="bitconcatenate(1004) " fcode="bitconcatenate"/>
<opset="shl_ln73_613/1 "/>
</bind>
</comp>

<comp id="84182" class="1004" name="sext_ln73_1032_fu_84182">
<pin_list>
<pin id="84183" dir="0" index="0" bw="21" slack="0"/>
<pin id="84184" dir="1" index="1" bw="22" slack="0"/>
</pin_list>
<bind>
<opcode="sext(35) " fcode="sext"/>
<opset="sext_ln73_1032/1 "/>
</bind>
</comp>

<comp id="84186" class="1004" name="sub_ln73_821_fu_84186">
<pin_list>
<pin id="84187" dir="0" index="0" bw="1" slack="0"/>
<pin id="84188" dir="0" index="1" bw="21" slack="0"/>
<pin id="84189" dir="1" index="2" bw="22" slack="0"/>
</pin_list>
<bind>
<opcode="sub(10) " fcode="sub"/>
<opset="sub_ln73_821/1 "/>
</bind>
</comp>

<comp id="84192" class="1004" name="shl_ln73_614_fu_84192">
<pin_list>
<pin id="84193" dir="0" index="0" bw="19" slack="0"/>
<pin id="84194" dir="0" index="1" bw="16" slack="0"/>
<pin id="84195" dir="0" index="2" bw="1" slack="0"/>
<pin id="84196" dir="1" index="3" bw="19" slack="0"/>
</pin_list>
<bind>
<opcode="bitconcatenate(1004) " fcode="bitconcatenate"/>
<opset="shl_ln73_614/1 "/>
</bind>
</comp>

<comp id="84200" class="1004" name="sext_ln73_1033_fu_84200">
<pin_list>
<pin id="84201" dir="0" index="0" bw="19" slack="0"/>
<pin id="84202" dir="1" index="1" bw="22" slack="0"/>
</pin_list>
<bind>
<opcode="sext(35) " fcode="sext"/>
<opset="sext_ln73_1033/1 "/>
</bind>
</comp>

<comp id="84204" class="1004" name="sub_ln73_822_fu_84204">
<pin_list>
<pin id="84205" dir="0" index="0" bw="22" slack="0"/>
<pin id="84206" dir="0" index="1" bw="19" slack="0"/>
<pin id="84207" dir="1" index="2" bw="22" slack="0"/>
</pin_list>
<bind>
<opcode="sub(10) " fcode="sub"/>
<opset="sub_ln73_822/1 "/>
</bind>
</comp>

<comp id="84210" class="1004" name="trunc_ln42_133_fu_84210">
<pin_list>
<pin id="84211" dir="0" index="0" bw="12" slack="0"/>
<pin id="84212" dir="0" index="1" bw="22" slack="0"/>
<pin id="84213" dir="0" index="2" bw="5" slack="0"/>
<pin id="84214" dir="0" index="3" bw="6" slack="0"/>
<pin id="84215" dir="1" index="4" bw="12" slack="0"/>
</pin_list>
<bind>
<opcode="partselect(1002) " fcode="partselect"/>
<opset="trunc_ln42_133/1 "/>
</bind>
</comp>

<comp id="84220" class="1004" name="sext_ln73_1034_fu_84220">
<pin_list>
<pin id="84221" dir="0" index="0" bw="12" slack="0"/>
<pin id="84222" dir="1" index="1" bw="14" slack="0"/>
</pin_list>
<bind>
<opcode="sext(35) " fcode="sext"/>
<opset="sext_ln73_1034/1 "/>
</bind>
</comp>

<comp id="84224" class="1004" name="shl_ln73_615_fu_84224">
<pin_list>
<pin id="84225" dir="0" index="0" bw="23" slack="0"/>
<pin id="84226" dir="0" index="1" bw="16" slack="0"/>
<pin id="84227" dir="0" index="2" bw="1" slack="0"/>
<pin id="84228" dir="1" index="3" bw="23" slack="0"/>
</pin_list>
<bind>
<opcode="bitconcatenate(1004) " fcode="bitconcatenate"/>
<opset="shl_ln73_615/1 "/>
</bind>
</comp>

<comp id="84232" class="1004" name="sext_ln73_1035_fu_84232">
<pin_list>
<pin id="84233" dir="0" index="0" bw="23" slack="0"/>
<pin id="84234" dir="1" index="1" bw="24" slack="0"/>
</pin_list>
<bind>
<opcode="sext(35) " fcode="sext"/>
<opset="sext_ln73_1035/1 "/>
</bind>
</comp>

<comp id="84236" class="1004" name="shl_ln73_616_fu_84236">
<pin_list>
<pin id="84237" dir="0" index="0" bw="18" slack="0"/>
<pin id="84238" dir="0" index="1" bw="16" slack="0"/>
<pin id="84239" dir="0" index="2" bw="1" slack="0"/>
<pin id="84240" dir="1" index="3" bw="18" slack="0"/>
</pin_list>
<bind>
<opcode="bitconcatenate(1004) " fcode="bitconcatenate"/>
<opset="shl_ln73_616/1 "/>
</bind>
</comp>

<comp id="84244" class="1004" name="sext_ln73_1036_fu_84244">
<pin_list>
<pin id="84245" dir="0" index="0" bw="18" slack="0"/>
<pin id="84246" dir="1" index="1" bw="24" slack="0"/>
</pin_list>
<bind>
<opcode="sext(35) " fcode="sext"/>
<opset="sext_ln73_1036/1 "/>
</bind>
</comp>

<comp id="84248" class="1004" name="sub_ln73_823_fu_84248">
<pin_list>
<pin id="84249" dir="0" index="0" bw="23" slack="0"/>
<pin id="84250" dir="0" index="1" bw="18" slack="0"/>
<pin id="84251" dir="1" index="2" bw="24" slack="0"/>
</pin_list>
<bind>
<opcode="sub(10) " fcode="sub"/>
<opset="sub_ln73_823/1 "/>
</bind>
</comp>

<comp id="84254" class="1004" name="trunc_ln42_134_fu_84254">
<pin_list>
<pin id="84255" dir="0" index="0" bw="14" slack="0"/>
<pin id="84256" dir="0" index="1" bw="24" slack="0"/>
<pin id="84257" dir="0" index="2" bw="5" slack="0"/>
<pin id="84258" dir="0" index="3" bw="6" slack="0"/>
<pin id="84259" dir="1" index="4" bw="14" slack="0"/>
</pin_list>
<bind>
<opcode="partselect(1002) " fcode="partselect"/>
<opset="trunc_ln42_134/1 "/>
</bind>
</comp>

<comp id="84264" class="1004" name="sext_ln42_1658_fu_84264">
<pin_list>
<pin id="84265" dir="0" index="0" bw="14" slack="0"/>
<pin id="84266" dir="1" index="1" bw="16" slack="0"/>
</pin_list>
<bind>
<opcode="sext(35) " fcode="sext"/>
<opset="sext_ln42_1658/1 "/>
</bind>
</comp>

<comp id="84268" class="1004" name="trunc_ln42_135_fu_84268">
<pin_list>
<pin id="84269" dir="0" index="0" bw="16" slack="0"/>
<pin id="84270" dir="0" index="1" bw="26" slack="0"/>
<pin id="84271" dir="0" index="2" bw="5" slack="0"/>
<pin id="84272" dir="0" index="3" bw="6" slack="0"/>
<pin id="84273" dir="1" index="4" bw="16" slack="0"/>
</pin_list>
<bind>
<opcode="partselect(1002) " fcode="partselect"/>
<opset="trunc_ln42_135/1 "/>
</bind>
</comp>

<comp id="84278" class="1004" name="sext_ln70_837_fu_84278">
<pin_list>
<pin id="84279" dir="0" index="0" bw="16" slack="0"/>
<pin id="84280" dir="1" index="1" bw="26" slack="0"/>
</pin_list>
<bind>
<opcode="sext(35) " fcode="sext"/>
<opset="sext_ln70_837/1 "/>
</bind>
</comp>

<comp id="84284" class="1004" name="sext_ln70_838_fu_84284">
<pin_list>
<pin id="84285" dir="0" index="0" bw="16" slack="0"/>
<pin id="84286" dir="1" index="1" bw="25" slack="0"/>
</pin_list>
<bind>
<opcode="sext(35) " fcode="sext"/>
<opset="sext_ln70_838/1 "/>
</bind>
</comp>

<comp id="84290" class="1004" name="trunc_ln42_136_fu_84290">
<pin_list>
<pin id="84291" dir="0" index="0" bw="15" slack="0"/>
<pin id="84292" dir="0" index="1" bw="25" slack="0"/>
<pin id="84293" dir="0" index="2" bw="5" slack="0"/>
<pin id="84294" dir="0" index="3" bw="6" slack="0"/>
<pin id="84295" dir="1" index="4" bw="15" slack="0"/>
</pin_list>
<bind>
<opcode="partselect(1002) " fcode="partselect"/>
<opset="trunc_ln42_136/1 "/>
</bind>
</comp>

<comp id="84300" class="1004" name="sext_ln42_1659_fu_84300">
<pin_list>
<pin id="84301" dir="0" index="0" bw="15" slack="0"/>
<pin id="84302" dir="1" index="1" bw="16" slack="0"/>
</pin_list>
<bind>
<opcode="sext(35) " fcode="sext"/>
<opset="sext_ln42_1659/1 "/>
</bind>
</comp>

<comp id="84304" class="1004" name="trunc_ln42_137_fu_84304">
<pin_list>
<pin id="84305" dir="0" index="0" bw="15" slack="0"/>
<pin id="84306" dir="0" index="1" bw="25" slack="0"/>
<pin id="84307" dir="0" index="2" bw="5" slack="0"/>
<pin id="84308" dir="0" index="3" bw="6" slack="0"/>
<pin id="84309" dir="1" index="4" bw="15" slack="0"/>
</pin_list>
<bind>
<opcode="partselect(1002) " fcode="partselect"/>
<opset="trunc_ln42_137/1 "/>
</bind>
</comp>

<comp id="84314" class="1004" name="sext_ln42_1660_fu_84314">
<pin_list>
<pin id="84315" dir="0" index="0" bw="15" slack="0"/>
<pin id="84316" dir="1" index="1" bw="16" slack="0"/>
</pin_list>
<bind>
<opcode="sext(35) " fcode="sext"/>
<opset="sext_ln42_1660/1 "/>
</bind>
</comp>

<comp id="84318" class="1004" name="shl_ln73_617_fu_84318">
<pin_list>
<pin id="84319" dir="0" index="0" bw="22" slack="0"/>
<pin id="84320" dir="0" index="1" bw="16" slack="0"/>
<pin id="84321" dir="0" index="2" bw="1" slack="0"/>
<pin id="84322" dir="1" index="3" bw="22" slack="0"/>
</pin_list>
<bind>
<opcode="bitconcatenate(1004) " fcode="bitconcatenate"/>
<opset="shl_ln73_617/1 "/>
</bind>
</comp>

<comp id="84326" class="1004" name="sext_ln73_1037_fu_84326">
<pin_list>
<pin id="84327" dir="0" index="0" bw="22" slack="0"/>
<pin id="84328" dir="1" index="1" bw="23" slack="0"/>
</pin_list>
<bind>
<opcode="sext(35) " fcode="sext"/>
<opset="sext_ln73_1037/1 "/>
</bind>
</comp>

<comp id="84330" class="1004" name="shl_ln73_618_fu_84330">
<pin_list>
<pin id="84331" dir="0" index="0" bw="19" slack="0"/>
<pin id="84332" dir="0" index="1" bw="16" slack="0"/>
<pin id="84333" dir="0" index="2" bw="1" slack="0"/>
<pin id="84334" dir="1" index="3" bw="19" slack="0"/>
</pin_list>
<bind>
<opcode="bitconcatenate(1004) " fcode="bitconcatenate"/>
<opset="shl_ln73_618/1 "/>
</bind>
</comp>

<comp id="84338" class="1004" name="sext_ln73_1038_fu_84338">
<pin_list>
<pin id="84339" dir="0" index="0" bw="19" slack="0"/>
<pin id="84340" dir="1" index="1" bw="23" slack="0"/>
</pin_list>
<bind>
<opcode="sext(35) " fcode="sext"/>
<opset="sext_ln73_1038/1 "/>
</bind>
</comp>

<comp id="84342" class="1004" name="add_ln73_195_fu_84342">
<pin_list>
<pin id="84343" dir="0" index="0" bw="22" slack="0"/>
<pin id="84344" dir="0" index="1" bw="19" slack="0"/>
<pin id="84345" dir="1" index="2" bw="23" slack="0"/>
</pin_list>
<bind>
<opcode="add(8) " fcode="add"/>
<opset="add_ln73_195/1 "/>
</bind>
</comp>

<comp id="84348" class="1004" name="trunc_ln42_138_fu_84348">
<pin_list>
<pin id="84349" dir="0" index="0" bw="13" slack="0"/>
<pin id="84350" dir="0" index="1" bw="23" slack="0"/>
<pin id="84351" dir="0" index="2" bw="5" slack="0"/>
<pin id="84352" dir="0" index="3" bw="6" slack="0"/>
<pin id="84353" dir="1" index="4" bw="13" slack="0"/>
</pin_list>
<bind>
<opcode="partselect(1002) " fcode="partselect"/>
<opset="trunc_ln42_138/1 "/>
</bind>
</comp>

<comp id="84358" class="1004" name="sext_ln73_1039_fu_84358">
<pin_list>
<pin id="84359" dir="0" index="0" bw="13" slack="0"/>
<pin id="84360" dir="1" index="1" bw="14" slack="0"/>
</pin_list>
<bind>
<opcode="sext(35) " fcode="sext"/>
<opset="sext_ln73_1039/1 "/>
</bind>
</comp>

<comp id="84362" class="1004" name="trunc_ln42_139_fu_84362">
<pin_list>
<pin id="84363" dir="0" index="0" bw="16" slack="0"/>
<pin id="84364" dir="0" index="1" bw="26" slack="0"/>
<pin id="84365" dir="0" index="2" bw="5" slack="0"/>
<pin id="84366" dir="0" index="3" bw="6" slack="0"/>
<pin id="84367" dir="1" index="4" bw="16" slack="0"/>
</pin_list>
<bind>
<opcode="partselect(1002) " fcode="partselect"/>
<opset="trunc_ln42_139/1 "/>
</bind>
</comp>

<comp id="84372" class="1004" name="trunc_ln42_140_fu_84372">
<pin_list>
<pin id="84373" dir="0" index="0" bw="16" slack="0"/>
<pin id="84374" dir="0" index="1" bw="26" slack="0"/>
<pin id="84375" dir="0" index="2" bw="5" slack="0"/>
<pin id="84376" dir="0" index="3" bw="6" slack="0"/>
<pin id="84377" dir="1" index="4" bw="16" slack="0"/>
</pin_list>
<bind>
<opcode="partselect(1002) " fcode="partselect"/>
<opset="trunc_ln42_140/1 "/>
</bind>
</comp>

<comp id="84382" class="1004" name="sext_ln70_839_fu_84382">
<pin_list>
<pin id="84383" dir="0" index="0" bw="16" slack="0"/>
<pin id="84384" dir="1" index="1" bw="25" slack="0"/>
</pin_list>
<bind>
<opcode="sext(35) " fcode="sext"/>
<opset="sext_ln70_839/1 "/>
</bind>
</comp>

<comp id="84387" class="1004" name="sext_ln70_840_fu_84387">
<pin_list>
<pin id="84388" dir="0" index="0" bw="16" slack="0"/>
<pin id="84389" dir="1" index="1" bw="24" slack="0"/>
</pin_list>
<bind>
<opcode="sext(35) " fcode="sext"/>
<opset="sext_ln70_840/1 "/>
</bind>
</comp>

<comp id="84392" class="1004" name="sext_ln70_841_fu_84392">
<pin_list>
<pin id="84393" dir="0" index="0" bw="16" slack="0"/>
<pin id="84394" dir="1" index="1" bw="26" slack="0"/>
</pin_list>
<bind>
<opcode="sext(35) " fcode="sext"/>
<opset="sext_ln70_841/1 "/>
</bind>
</comp>

<comp id="84399" class="1004" name="trunc_ln42_141_fu_84399">
<pin_list>
<pin id="84400" dir="0" index="0" bw="16" slack="0"/>
<pin id="84401" dir="0" index="1" bw="26" slack="0"/>
<pin id="84402" dir="0" index="2" bw="5" slack="0"/>
<pin id="84403" dir="0" index="3" bw="6" slack="0"/>
<pin id="84404" dir="1" index="4" bw="16" slack="0"/>
</pin_list>
<bind>
<opcode="partselect(1002) " fcode="partselect"/>
<opset="trunc_ln42_141/1 "/>
</bind>
</comp>

<comp id="84409" class="1004" name="trunc_ln42_142_fu_84409">
<pin_list>
<pin id="84410" dir="0" index="0" bw="14" slack="0"/>
<pin id="84411" dir="0" index="1" bw="24" slack="0"/>
<pin id="84412" dir="0" index="2" bw="5" slack="0"/>
<pin id="84413" dir="0" index="3" bw="6" slack="0"/>
<pin id="84414" dir="1" index="4" bw="14" slack="0"/>
</pin_list>
<bind>
<opcode="partselect(1002) " fcode="partselect"/>
<opset="trunc_ln42_142/1 "/>
</bind>
</comp>

<comp id="84419" class="1004" name="sext_ln73_1040_fu_84419">
<pin_list>
<pin id="84420" dir="0" index="0" bw="14" slack="0"/>
<pin id="84421" dir="1" index="1" bw="15" slack="0"/>
</pin_list>
<bind>
<opcode="sext(35) " fcode="sext"/>
<opset="sext_ln73_1040/1 "/>
</bind>
</comp>

<comp id="84423" class="1004" name="trunc_ln42_143_fu_84423">
<pin_list>
<pin id="84424" dir="0" index="0" bw="16" slack="0"/>
<pin id="84425" dir="0" index="1" bw="26" slack="0"/>
<pin id="84426" dir="0" index="2" bw="5" slack="0"/>
<pin id="84427" dir="0" index="3" bw="6" slack="0"/>
<pin id="84428" dir="1" index="4" bw="16" slack="0"/>
</pin_list>
<bind>
<opcode="partselect(1002) " fcode="partselect"/>
<opset="trunc_ln42_143/1 "/>
</bind>
</comp>

<comp id="84433" class="1004" name="trunc_ln42_144_fu_84433">
<pin_list>
<pin id="84434" dir="0" index="0" bw="16" slack="0"/>
<pin id="84435" dir="0" index="1" bw="26" slack="0"/>
<pin id="84436" dir="0" index="2" bw="5" slack="0"/>
<pin id="84437" dir="0" index="3" bw="6" slack="0"/>
<pin id="84438" dir="1" index="4" bw="16" slack="0"/>
</pin_list>
<bind>
<opcode="partselect(1002) " fcode="partselect"/>
<opset="trunc_ln42_144/1 "/>
</bind>
</comp>

<comp id="84443" class="1004" name="trunc_ln42_145_fu_84443">
<pin_list>
<pin id="84444" dir="0" index="0" bw="15" slack="0"/>
<pin id="84445" dir="0" index="1" bw="25" slack="0"/>
<pin id="84446" dir="0" index="2" bw="5" slack="0"/>
<pin id="84447" dir="0" index="3" bw="6" slack="0"/>
<pin id="84448" dir="1" index="4" bw="15" slack="0"/>
</pin_list>
<bind>
<opcode="partselect(1002) " fcode="partselect"/>
<opset="trunc_ln42_145/1 "/>
</bind>
</comp>

<comp id="84453" class="1004" name="sext_ln42_1661_fu_84453">
<pin_list>
<pin id="84454" dir="0" index="0" bw="15" slack="0"/>
<pin id="84455" dir="1" index="1" bw="16" slack="0"/>
</pin_list>
<bind>
<opcode="sext(35) " fcode="sext"/>
<opset="sext_ln42_1661/1 "/>
</bind>
</comp>

<comp id="84457" class="1004" name="add_ln58_fu_84457">
<pin_list>
<pin id="84458" dir="0" index="0" bw="16" slack="0"/>
<pin id="84459" dir="0" index="1" bw="16" slack="0"/>
<pin id="84460" dir="1" index="2" bw="16" slack="1"/>
</pin_list>
<bind>
<opcode="add(8) " fcode="add"/>
<opset="add_ln58/1 "/>
</bind>
</comp>

<comp id="84463" class="1004" name="add_ln58_3894_fu_84463">
<pin_list>
<pin id="84464" dir="0" index="0" bw="7" slack="0"/>
<pin id="84465" dir="0" index="1" bw="16" slack="0"/>
<pin id="84466" dir="1" index="2" bw="16" slack="1"/>
</pin_list>
<bind>
<opcode="add(8) " fcode="add"/>
<opset="add_ln58_3894/1 "/>
</bind>
</comp>

<comp id="84469" class="1004" name="add_ln58_3896_fu_84469">
<pin_list>
<pin id="84470" dir="0" index="0" bw="16" slack="0"/>
<pin id="84471" dir="0" index="1" bw="16" slack="0"/>
<pin id="84472" dir="1" index="2" bw="16" slack="0"/>
</pin_list>
<bind>
<opcode="add(8) " fcode="add"/>
<opset="add_ln58_3896/1 "/>
</bind>
</comp>

<comp id="84475" class="1004" name="add_ln58_3897_fu_84475">
<pin_list>
<pin id="84476" dir="0" index="0" bw="14" slack="0"/>
<pin id="84477" dir="0" index="1" bw="14" slack="0"/>
<pin id="84478" dir="1" index="2" bw="15" slack="0"/>
</pin_list>
<bind>
<opcode="add(8) " fcode="add"/>
<opset="add_ln58_3897/1 "/>
</bind>
</comp>

<comp id="84481" class="1004" name="sext_ln58_fu_84481">
<pin_list>
<pin id="84482" dir="0" index="0" bw="15" slack="0"/>
<pin id="84483" dir="1" index="1" bw="16" slack="0"/>
</pin_list>
<bind>
<opcode="sext(35) " fcode="sext"/>
<opset="sext_ln58/1 "/>
</bind>
</comp>

<comp id="84485" class="1004" name="add_ln58_3898_fu_84485">
<pin_list>
<pin id="84486" dir="0" index="0" bw="15" slack="0"/>
<pin id="84487" dir="0" index="1" bw="16" slack="0"/>
<pin id="84488" dir="1" index="2" bw="16" slack="1"/>
</pin_list>
<bind>
<opcode="add(8) " fcode="add"/>
<opset="add_ln58_3898/1 "/>
</bind>
</comp>

<comp id="84491" class="1004" name="add_ln58_3900_fu_84491">
<pin_list>
<pin id="84492" dir="0" index="0" bw="14" slack="0"/>
<pin id="84493" dir="0" index="1" bw="15" slack="0"/>
<pin id="84494" dir="1" index="2" bw="16" slack="1"/>
</pin_list>
<bind>
<opcode="add(8) " fcode="add"/>
<opset="add_ln58_3900/1 "/>
</bind>
</comp>

<comp id="84497" class="1004" name="add_ln58_3901_fu_84497">
<pin_list>
<pin id="84498" dir="0" index="0" bw="7" slack="0"/>
<pin id="84499" dir="0" index="1" bw="15" slack="0"/>
<pin id="84500" dir="1" index="2" bw="16" slack="1"/>
</pin_list>
<bind>
<opcode="add(8) " fcode="add"/>
<opset="add_ln58_3901/1 "/>
</bind>
</comp>

<comp id="84503" class="1004" name="add_ln58_3903_fu_84503">
<pin_list>
<pin id="84504" dir="0" index="0" bw="16" slack="0"/>
<pin id="84505" dir="0" index="1" bw="16" slack="0"/>
<pin id="84506" dir="1" index="2" bw="16" slack="0"/>
</pin_list>
<bind>
<opcode="add(8) " fcode="add"/>
<opset="add_ln58_3903/1 "/>
</bind>
</comp>

<comp id="84509" class="1004" name="add_ln58_3904_fu_84509">
<pin_list>
<pin id="84510" dir="0" index="0" bw="16" slack="0"/>
<pin id="84511" dir="0" index="1" bw="10" slack="0"/>
<pin id="84512" dir="1" index="2" bw="16" slack="0"/>
</pin_list>
<bind>
<opcode="add(8) " fcode="add"/>
<opset="add_ln58_3904/1 "/>
</bind>
</comp>

<comp id="84515" class="1004" name="add_ln58_3905_fu_84515">
<pin_list>
<pin id="84516" dir="0" index="0" bw="16" slack="0"/>
<pin id="84517" dir="0" index="1" bw="16" slack="0"/>
<pin id="84518" dir="1" index="2" bw="16" slack="1"/>
</pin_list>
<bind>
<opcode="add(8) " fcode="add"/>
<opset="add_ln58_3905/1 "/>
</bind>
</comp>

<comp id="84521" class="1004" name="add_ln58_3908_fu_84521">
<pin_list>
<pin id="84522" dir="0" index="0" bw="16" slack="0"/>
<pin id="84523" dir="0" index="1" bw="16" slack="0"/>
<pin id="84524" dir="1" index="2" bw="16" slack="0"/>
</pin_list>
<bind>
<opcode="add(8) " fcode="add"/>
<opset="add_ln58_3908/1 "/>
</bind>
</comp>

<comp id="84527" class="1004" name="add_ln58_3909_fu_84527">
<pin_list>
<pin id="84528" dir="0" index="0" bw="10" slack="0"/>
<pin id="84529" dir="0" index="1" bw="9" slack="0"/>
<pin id="84530" dir="1" index="2" bw="11" slack="0"/>
</pin_list>
<bind>
<opcode="add(8) " fcode="add"/>
<opset="add_ln58_3909/1 "/>
</bind>
</comp>

<comp id="84533" class="1004" name="sext_ln58_806_fu_84533">
<pin_list>
<pin id="84534" dir="0" index="0" bw="11" slack="0"/>
<pin id="84535" dir="1" index="1" bw="16" slack="0"/>
</pin_list>
<bind>
<opcode="sext(35) " fcode="sext"/>
<opset="sext_ln58_806/1 "/>
</bind>
</comp>

<comp id="84537" class="1004" name="add_ln58_3910_fu_84537">
<pin_list>
<pin id="84538" dir="0" index="0" bw="11" slack="0"/>
<pin id="84539" dir="0" index="1" bw="16" slack="0"/>
<pin id="84540" dir="1" index="2" bw="16" slack="1"/>
</pin_list>
<bind>
<opcode="add(8) " fcode="add"/>
<opset="add_ln58_3910/1 "/>
</bind>
</comp>

<comp id="84543" class="1004" name="add_ln58_3911_fu_84543">
<pin_list>
<pin id="84544" dir="0" index="0" bw="11" slack="0"/>
<pin id="84545" dir="0" index="1" bw="13" slack="0"/>
<pin id="84546" dir="1" index="2" bw="14" slack="0"/>
</pin_list>
<bind>
<opcode="add(8) " fcode="add"/>
<opset="add_ln58_3911/1 "/>
</bind>
</comp>

<comp id="84549" class="1004" name="sext_ln58_807_fu_84549">
<pin_list>
<pin id="84550" dir="0" index="0" bw="14" slack="0"/>
<pin id="84551" dir="1" index="1" bw="16" slack="0"/>
</pin_list>
<bind>
<opcode="sext(35) " fcode="sext"/>
<opset="sext_ln58_807/1 "/>
</bind>
</comp>

<comp id="84553" class="1004" name="add_ln58_3912_fu_84553">
<pin_list>
<pin id="84554" dir="0" index="0" bw="14" slack="0"/>
<pin id="84555" dir="0" index="1" bw="16" slack="0"/>
<pin id="84556" dir="1" index="2" bw="16" slack="0"/>
</pin_list>
<bind>
<opcode="add(8) " fcode="add"/>
<opset="add_ln58_3912/1 "/>
</bind>
</comp>

<comp id="84559" class="1004" name="add_ln58_3913_fu_84559">
<pin_list>
<pin id="84560" dir="0" index="0" bw="16" slack="0"/>
<pin id="84561" dir="0" index="1" bw="14" slack="0"/>
<pin id="84562" dir="1" index="2" bw="16" slack="1"/>
</pin_list>
<bind>
<opcode="add(8) " fcode="add"/>
<opset="add_ln58_3913/1 "/>
</bind>
</comp>

<comp id="84565" class="1004" name="add_ln58_3915_fu_84565">
<pin_list>
<pin id="84566" dir="0" index="0" bw="16" slack="0"/>
<pin id="84567" dir="0" index="1" bw="16" slack="0"/>
<pin id="84568" dir="1" index="2" bw="16" slack="1"/>
</pin_list>
<bind>
<opcode="add(8) " fcode="add"/>
<opset="add_ln58_3915/1 "/>
</bind>
</comp>

<comp id="84571" class="1004" name="add_ln58_3916_fu_84571">
<pin_list>
<pin id="84572" dir="0" index="0" bw="13" slack="0"/>
<pin id="84573" dir="0" index="1" bw="14" slack="0"/>
<pin id="84574" dir="1" index="2" bw="15" slack="1"/>
</pin_list>
<bind>
<opcode="add(8) " fcode="add"/>
<opset="add_ln58_3916/1 "/>
</bind>
</comp>

<comp id="84577" class="1004" name="add_ln58_3918_fu_84577">
<pin_list>
<pin id="84578" dir="0" index="0" bw="15" slack="0"/>
<pin id="84579" dir="0" index="1" bw="15" slack="0"/>
<pin id="84580" dir="1" index="2" bw="16" slack="0"/>
</pin_list>
<bind>
<opcode="add(8) " fcode="add"/>
<opset="add_ln58_3918/1 "/>
</bind>
</comp>

<comp id="84583" class="1004" name="add_ln58_3919_fu_84583">
<pin_list>
<pin id="84584" dir="0" index="0" bw="16" slack="0"/>
<pin id="84585" dir="0" index="1" bw="8" slack="0"/>
<pin id="84586" dir="1" index="2" bw="16" slack="0"/>
</pin_list>
<bind>
<opcode="add(8) " fcode="add"/>
<opset="add_ln58_3919/1 "/>
</bind>
</comp>

<comp id="84589" class="1004" name="add_ln58_3920_fu_84589">
<pin_list>
<pin id="84590" dir="0" index="0" bw="16" slack="0"/>
<pin id="84591" dir="0" index="1" bw="16" slack="0"/>
<pin id="84592" dir="1" index="2" bw="16" slack="1"/>
</pin_list>
<bind>
<opcode="add(8) " fcode="add"/>
<opset="add_ln58_3920/1 "/>
</bind>
</comp>

<comp id="84595" class="1004" name="add_ln58_3924_fu_84595">
<pin_list>
<pin id="84596" dir="0" index="0" bw="15" slack="0"/>
<pin id="84597" dir="0" index="1" bw="16" slack="0"/>
<pin id="84598" dir="1" index="2" bw="16" slack="1"/>
</pin_list>
<bind>
<opcode="add(8) " fcode="add"/>
<opset="add_ln58_3924/1 "/>
</bind>
</comp>

<comp id="84601" class="1004" name="add_ln58_3925_fu_84601">
<pin_list>
<pin id="84602" dir="0" index="0" bw="7" slack="0"/>
<pin id="84603" dir="0" index="1" bw="16" slack="0"/>
<pin id="84604" dir="1" index="2" bw="16" slack="1"/>
</pin_list>
<bind>
<opcode="add(8) " fcode="add"/>
<opset="add_ln58_3925/1 "/>
</bind>
</comp>

<comp id="84607" class="1004" name="add_ln58_3927_fu_84607">
<pin_list>
<pin id="84608" dir="0" index="0" bw="16" slack="0"/>
<pin id="84609" dir="0" index="1" bw="16" slack="0"/>
<pin id="84610" dir="1" index="2" bw="16" slack="0"/>
</pin_list>
<bind>
<opcode="add(8) " fcode="add"/>
<opset="add_ln58_3927/1 "/>
</bind>
</comp>

<comp id="84613" class="1004" name="add_ln58_3928_fu_84613">
<pin_list>
<pin id="84614" dir="0" index="0" bw="16" slack="0"/>
<pin id="84615" dir="0" index="1" bw="16" slack="0"/>
<pin id="84616" dir="1" index="2" bw="16" slack="0"/>
</pin_list>
<bind>
<opcode="add(8) " fcode="add"/>
<opset="add_ln58_3928/1 "/>
</bind>
</comp>

<comp id="84619" class="1004" name="add_ln58_3929_fu_84619">
<pin_list>
<pin id="84620" dir="0" index="0" bw="16" slack="0"/>
<pin id="84621" dir="0" index="1" bw="16" slack="0"/>
<pin id="84622" dir="1" index="2" bw="16" slack="1"/>
</pin_list>
<bind>
<opcode="add(8) " fcode="add"/>
<opset="add_ln58_3929/1 "/>
</bind>
</comp>

<comp id="84625" class="1004" name="add_ln58_3931_fu_84625">
<pin_list>
<pin id="84626" dir="0" index="0" bw="12" slack="0"/>
<pin id="84627" dir="0" index="1" bw="14" slack="0"/>
<pin id="84628" dir="1" index="2" bw="15" slack="1"/>
</pin_list>
<bind>
<opcode="add(8) " fcode="add"/>
<opset="add_ln58_3931/1 "/>
</bind>
</comp>

<comp id="84631" class="1004" name="add_ln58_3932_fu_84631">
<pin_list>
<pin id="84632" dir="0" index="0" bw="7" slack="0"/>
<pin id="84633" dir="0" index="1" bw="15" slack="0"/>
<pin id="84634" dir="1" index="2" bw="16" slack="1"/>
</pin_list>
<bind>
<opcode="add(8) " fcode="add"/>
<opset="add_ln58_3932/1 "/>
</bind>
</comp>

<comp id="84637" class="1004" name="add_ln58_3934_fu_84637">
<pin_list>
<pin id="84638" dir="0" index="0" bw="14" slack="0"/>
<pin id="84639" dir="0" index="1" bw="15" slack="0"/>
<pin id="84640" dir="1" index="2" bw="16" slack="0"/>
</pin_list>
<bind>
<opcode="add(8) " fcode="add"/>
<opset="add_ln58_3934/1 "/>
</bind>
</comp>

<comp id="84643" class="1004" name="add_ln58_3935_fu_84643">
<pin_list>
<pin id="84644" dir="0" index="0" bw="15" slack="0"/>
<pin id="84645" dir="0" index="1" bw="15" slack="0"/>
<pin id="84646" dir="1" index="2" bw="16" slack="0"/>
</pin_list>
<bind>
<opcode="add(8) " fcode="add"/>
<opset="add_ln58_3935/1 "/>
</bind>
</comp>

<comp id="84649" class="1004" name="add_ln58_3936_fu_84649">
<pin_list>
<pin id="84650" dir="0" index="0" bw="16" slack="0"/>
<pin id="84651" dir="0" index="1" bw="16" slack="0"/>
<pin id="84652" dir="1" index="2" bw="16" slack="1"/>
</pin_list>
<bind>
<opcode="add(8) " fcode="add"/>
<opset="add_ln58_3936/1 "/>
</bind>
</comp>

<comp id="84655" class="1004" name="add_ln58_3939_fu_84655">
<pin_list>
<pin id="84656" dir="0" index="0" bw="16" slack="0"/>
<pin id="84657" dir="0" index="1" bw="15" slack="0"/>
<pin id="84658" dir="1" index="2" bw="16" slack="0"/>
</pin_list>
<bind>
<opcode="add(8) " fcode="add"/>
<opset="add_ln58_3939/1 "/>
</bind>
</comp>

<comp id="84661" class="1004" name="add_ln58_3940_fu_84661">
<pin_list>
<pin id="84662" dir="0" index="0" bw="16" slack="0"/>
<pin id="84663" dir="0" index="1" bw="14" slack="0"/>
<pin id="84664" dir="1" index="2" bw="16" slack="0"/>
</pin_list>
<bind>
<opcode="add(8) " fcode="add"/>
<opset="add_ln58_3940/1 "/>
</bind>
</comp>

<comp id="84667" class="1004" name="add_ln58_3941_fu_84667">
<pin_list>
<pin id="84668" dir="0" index="0" bw="16" slack="0"/>
<pin id="84669" dir="0" index="1" bw="16" slack="0"/>
<pin id="84670" dir="1" index="2" bw="16" slack="1"/>
</pin_list>
<bind>
<opcode="add(8) " fcode="add"/>
<opset="add_ln58_3941/1 "/>
</bind>
</comp>

<comp id="84673" class="1004" name="add_ln58_3942_fu_84673">
<pin_list>
<pin id="84674" dir="0" index="0" bw="16" slack="0"/>
<pin id="84675" dir="0" index="1" bw="14" slack="0"/>
<pin id="84676" dir="1" index="2" bw="16" slack="0"/>
</pin_list>
<bind>
<opcode="add(8) " fcode="add"/>
<opset="add_ln58_3942/1 "/>
</bind>
</comp>

<comp id="84679" class="1004" name="add_ln58_3943_fu_84679">
<pin_list>
<pin id="84680" dir="0" index="0" bw="11" slack="0"/>
<pin id="84681" dir="0" index="1" bw="13" slack="0"/>
<pin id="84682" dir="1" index="2" bw="14" slack="0"/>
</pin_list>
<bind>
<opcode="add(8) " fcode="add"/>
<opset="add_ln58_3943/1 "/>
</bind>
</comp>

<comp id="84685" class="1004" name="sext_ln58_810_fu_84685">
<pin_list>
<pin id="84686" dir="0" index="0" bw="14" slack="0"/>
<pin id="84687" dir="1" index="1" bw="16" slack="0"/>
</pin_list>
<bind>
<opcode="sext(35) " fcode="sext"/>
<opset="sext_ln58_810/1 "/>
</bind>
</comp>

<comp id="84689" class="1004" name="add_ln58_3944_fu_84689">
<pin_list>
<pin id="84690" dir="0" index="0" bw="14" slack="0"/>
<pin id="84691" dir="0" index="1" bw="16" slack="0"/>
<pin id="84692" dir="1" index="2" bw="16" slack="1"/>
</pin_list>
<bind>
<opcode="add(8) " fcode="add"/>
<opset="add_ln58_3944/1 "/>
</bind>
</comp>

<comp id="84695" class="1004" name="add_ln58_3946_fu_84695">
<pin_list>
<pin id="84696" dir="0" index="0" bw="14" slack="0"/>
<pin id="84697" dir="0" index="1" bw="16" slack="0"/>
<pin id="84698" dir="1" index="2" bw="16" slack="1"/>
</pin_list>
<bind>
<opcode="add(8) " fcode="add"/>
<opset="add_ln58_3946/1 "/>
</bind>
</comp>

<comp id="84701" class="1004" name="add_ln58_3947_fu_84701">
<pin_list>
<pin id="84702" dir="0" index="0" bw="15" slack="0"/>
<pin id="84703" dir="0" index="1" bw="14" slack="0"/>
<pin id="84704" dir="1" index="2" bw="16" slack="1"/>
</pin_list>
<bind>
<opcode="add(8) " fcode="add"/>
<opset="add_ln58_3947/1 "/>
</bind>
</comp>

<comp id="84707" class="1004" name="add_ln58_3949_fu_84707">
<pin_list>
<pin id="84708" dir="0" index="0" bw="15" slack="0"/>
<pin id="84709" dir="0" index="1" bw="15" slack="0"/>
<pin id="84710" dir="1" index="2" bw="16" slack="0"/>
</pin_list>
<bind>
<opcode="add(8) " fcode="add"/>
<opset="add_ln58_3949/1 "/>
</bind>
</comp>

<comp id="84713" class="1004" name="add_ln58_3950_fu_84713">
<pin_list>
<pin id="84714" dir="0" index="0" bw="14" slack="0"/>
<pin id="84715" dir="0" index="1" bw="8" slack="0"/>
<pin id="84716" dir="1" index="2" bw="15" slack="0"/>
</pin_list>
<bind>
<opcode="add(8) " fcode="add"/>
<opset="add_ln58_3950/1 "/>
</bind>
</comp>

<comp id="84719" class="1004" name="sext_ln58_811_fu_84719">
<pin_list>
<pin id="84720" dir="0" index="0" bw="15" slack="0"/>
<pin id="84721" dir="1" index="1" bw="16" slack="0"/>
</pin_list>
<bind>
<opcode="sext(35) " fcode="sext"/>
<opset="sext_ln58_811/1 "/>
</bind>
</comp>

<comp id="84723" class="1004" name="add_ln58_3951_fu_84723">
<pin_list>
<pin id="84724" dir="0" index="0" bw="15" slack="0"/>
<pin id="84725" dir="0" index="1" bw="16" slack="0"/>
<pin id="84726" dir="1" index="2" bw="16" slack="1"/>
</pin_list>
<bind>
<opcode="add(8) " fcode="add"/>
<opset="add_ln58_3951/1 "/>
</bind>
</comp>

<comp id="84729" class="1004" name="add_ln58_3955_fu_84729">
<pin_list>
<pin id="84730" dir="0" index="0" bw="14" slack="0"/>
<pin id="84731" dir="0" index="1" bw="15" slack="0"/>
<pin id="84732" dir="1" index="2" bw="16" slack="1"/>
</pin_list>
<bind>
<opcode="add(8) " fcode="add"/>
<opset="add_ln58_3955/1 "/>
</bind>
</comp>

<comp id="84735" class="1004" name="add_ln58_3956_fu_84735">
<pin_list>
<pin id="84736" dir="0" index="0" bw="7" slack="0"/>
<pin id="84737" dir="0" index="1" bw="15" slack="0"/>
<pin id="84738" dir="1" index="2" bw="16" slack="1"/>
</pin_list>
<bind>
<opcode="add(8) " fcode="add"/>
<opset="add_ln58_3956/1 "/>
</bind>
</comp>

<comp id="84741" class="1004" name="add_ln58_3958_fu_84741">
<pin_list>
<pin id="84742" dir="0" index="0" bw="13" slack="0"/>
<pin id="84743" dir="0" index="1" bw="16" slack="0"/>
<pin id="84744" dir="1" index="2" bw="16" slack="0"/>
</pin_list>
<bind>
<opcode="add(8) " fcode="add"/>
<opset="add_ln58_3958/1 "/>
</bind>
</comp>

<comp id="84747" class="1004" name="add_ln58_3959_fu_84747">
<pin_list>
<pin id="84748" dir="0" index="0" bw="16" slack="0"/>
<pin id="84749" dir="0" index="1" bw="15" slack="0"/>
<pin id="84750" dir="1" index="2" bw="16" slack="0"/>
</pin_list>
<bind>
<opcode="add(8) " fcode="add"/>
<opset="add_ln58_3959/1 "/>
</bind>
</comp>

<comp id="84753" class="1004" name="add_ln58_3960_fu_84753">
<pin_list>
<pin id="84754" dir="0" index="0" bw="16" slack="0"/>
<pin id="84755" dir="0" index="1" bw="16" slack="0"/>
<pin id="84756" dir="1" index="2" bw="16" slack="1"/>
</pin_list>
<bind>
<opcode="add(8) " fcode="add"/>
<opset="add_ln58_3960/1 "/>
</bind>
</comp>

<comp id="84759" class="1004" name="add_ln58_3962_fu_84759">
<pin_list>
<pin id="84760" dir="0" index="0" bw="13" slack="0"/>
<pin id="84761" dir="0" index="1" bw="14" slack="0"/>
<pin id="84762" dir="1" index="2" bw="15" slack="1"/>
</pin_list>
<bind>
<opcode="add(8) " fcode="add"/>
<opset="add_ln58_3962/1 "/>
</bind>
</comp>

<comp id="84765" class="1004" name="add_ln58_3963_fu_84765">
<pin_list>
<pin id="84766" dir="0" index="0" bw="7" slack="0"/>
<pin id="84767" dir="0" index="1" bw="16" slack="0"/>
<pin id="84768" dir="1" index="2" bw="16" slack="1"/>
</pin_list>
<bind>
<opcode="add(8) " fcode="add"/>
<opset="add_ln58_3963/1 "/>
</bind>
</comp>

<comp id="84771" class="1004" name="add_ln58_3965_fu_84771">
<pin_list>
<pin id="84772" dir="0" index="0" bw="10" slack="0"/>
<pin id="84773" dir="0" index="1" bw="16" slack="0"/>
<pin id="84774" dir="1" index="2" bw="16" slack="0"/>
</pin_list>
<bind>
<opcode="add(8) " fcode="add"/>
<opset="add_ln58_3965/1 "/>
</bind>
</comp>

<comp id="84777" class="1004" name="add_ln58_3966_fu_84777">
<pin_list>
<pin id="84778" dir="0" index="0" bw="15" slack="0"/>
<pin id="84779" dir="0" index="1" bw="14" slack="0"/>
<pin id="84780" dir="1" index="2" bw="16" slack="0"/>
</pin_list>
<bind>
<opcode="add(8) " fcode="add"/>
<opset="add_ln58_3966/1 "/>
</bind>
</comp>

<comp id="84783" class="1004" name="add_ln58_3967_fu_84783">
<pin_list>
<pin id="84784" dir="0" index="0" bw="16" slack="0"/>
<pin id="84785" dir="0" index="1" bw="16" slack="0"/>
<pin id="84786" dir="1" index="2" bw="16" slack="1"/>
</pin_list>
<bind>
<opcode="add(8) " fcode="add"/>
<opset="add_ln58_3967/1 "/>
</bind>
</comp>

<comp id="84789" class="1004" name="add_ln58_3970_fu_84789">
<pin_list>
<pin id="84790" dir="0" index="0" bw="10" slack="0"/>
<pin id="84791" dir="0" index="1" bw="16" slack="0"/>
<pin id="84792" dir="1" index="2" bw="16" slack="0"/>
</pin_list>
<bind>
<opcode="add(8) " fcode="add"/>
<opset="add_ln58_3970/1 "/>
</bind>
</comp>

<comp id="84795" class="1004" name="add_ln58_3971_fu_84795">
<pin_list>
<pin id="84796" dir="0" index="0" bw="16" slack="0"/>
<pin id="84797" dir="0" index="1" bw="13" slack="0"/>
<pin id="84798" dir="1" index="2" bw="16" slack="0"/>
</pin_list>
<bind>
<opcode="add(8) " fcode="add"/>
<opset="add_ln58_3971/1 "/>
</bind>
</comp>

<comp id="84801" class="1004" name="add_ln58_3972_fu_84801">
<pin_list>
<pin id="84802" dir="0" index="0" bw="16" slack="0"/>
<pin id="84803" dir="0" index="1" bw="16" slack="0"/>
<pin id="84804" dir="1" index="2" bw="16" slack="1"/>
</pin_list>
<bind>
<opcode="add(8) " fcode="add"/>
<opset="add_ln58_3972/1 "/>
</bind>
</comp>

<comp id="84807" class="1004" name="add_ln58_3973_fu_84807">
<pin_list>
<pin id="84808" dir="0" index="0" bw="16" slack="0"/>
<pin id="84809" dir="0" index="1" bw="16" slack="0"/>
<pin id="84810" dir="1" index="2" bw="16" slack="0"/>
</pin_list>
<bind>
<opcode="add(8) " fcode="add"/>
<opset="add_ln58_3973/1 "/>
</bind>
</comp>

<comp id="84813" class="1004" name="add_ln58_3974_fu_84813">
<pin_list>
<pin id="84814" dir="0" index="0" bw="13" slack="0"/>
<pin id="84815" dir="0" index="1" bw="15" slack="0"/>
<pin id="84816" dir="1" index="2" bw="16" slack="0"/>
</pin_list>
<bind>
<opcode="add(8) " fcode="add"/>
<opset="add_ln58_3974/1 "/>
</bind>
</comp>

<comp id="84819" class="1004" name="add_ln58_3975_fu_84819">
<pin_list>
<pin id="84820" dir="0" index="0" bw="16" slack="0"/>
<pin id="84821" dir="0" index="1" bw="16" slack="0"/>
<pin id="84822" dir="1" index="2" bw="16" slack="1"/>
</pin_list>
<bind>
<opcode="add(8) " fcode="add"/>
<opset="add_ln58_3975/1 "/>
</bind>
</comp>

<comp id="84825" class="1004" name="add_ln58_3977_fu_84825">
<pin_list>
<pin id="84826" dir="0" index="0" bw="15" slack="0"/>
<pin id="84827" dir="0" index="1" bw="16" slack="0"/>
<pin id="84828" dir="1" index="2" bw="16" slack="0"/>
</pin_list>
<bind>
<opcode="add(8) " fcode="add"/>
<opset="add_ln58_3977/1 "/>
</bind>
</comp>

<comp id="84831" class="1004" name="add_ln58_3978_fu_84831">
<pin_list>
<pin id="84832" dir="0" index="0" bw="14" slack="0"/>
<pin id="84833" dir="0" index="1" bw="12" slack="0"/>
<pin id="84834" dir="1" index="2" bw="15" slack="0"/>
</pin_list>
<bind>
<opcode="add(8) " fcode="add"/>
<opset="add_ln58_3978/1 "/>
</bind>
</comp>

<comp id="84837" class="1004" name="sext_ln58_813_fu_84837">
<pin_list>
<pin id="84838" dir="0" index="0" bw="15" slack="0"/>
<pin id="84839" dir="1" index="1" bw="16" slack="0"/>
</pin_list>
<bind>
<opcode="sext(35) " fcode="sext"/>
<opset="sext_ln58_813/1 "/>
</bind>
</comp>

<comp id="84841" class="1004" name="add_ln58_3979_fu_84841">
<pin_list>
<pin id="84842" dir="0" index="0" bw="15" slack="0"/>
<pin id="84843" dir="0" index="1" bw="16" slack="0"/>
<pin id="84844" dir="1" index="2" bw="16" slack="0"/>
</pin_list>
<bind>
<opcode="add(8) " fcode="add"/>
<opset="add_ln58_3979/1 "/>
</bind>
</comp>

<comp id="84847" class="1004" name="add_ln58_3980_fu_84847">
<pin_list>
<pin id="84848" dir="0" index="0" bw="12" slack="0"/>
<pin id="84849" dir="0" index="1" bw="13" slack="0"/>
<pin id="84850" dir="1" index="2" bw="14" slack="0"/>
</pin_list>
<bind>
<opcode="add(8) " fcode="add"/>
<opset="add_ln58_3980/1 "/>
</bind>
</comp>

<comp id="84853" class="1004" name="sext_ln58_814_fu_84853">
<pin_list>
<pin id="84854" dir="0" index="0" bw="14" slack="0"/>
<pin id="84855" dir="1" index="1" bw="16" slack="0"/>
</pin_list>
<bind>
<opcode="sext(35) " fcode="sext"/>
<opset="sext_ln58_814/1 "/>
</bind>
</comp>

<comp id="84857" class="1004" name="add_ln58_3981_fu_84857">
<pin_list>
<pin id="84858" dir="0" index="0" bw="16" slack="0"/>
<pin id="84859" dir="0" index="1" bw="8" slack="0"/>
<pin id="84860" dir="1" index="2" bw="16" slack="0"/>
</pin_list>
<bind>
<opcode="add(8) " fcode="add"/>
<opset="add_ln58_3981/1 "/>
</bind>
</comp>

<comp id="84863" class="1004" name="add_ln58_3982_fu_84863">
<pin_list>
<pin id="84864" dir="0" index="0" bw="16" slack="0"/>
<pin id="84865" dir="0" index="1" bw="14" slack="0"/>
<pin id="84866" dir="1" index="2" bw="16" slack="0"/>
</pin_list>
<bind>
<opcode="add(8) " fcode="add"/>
<opset="add_ln58_3982/1 "/>
</bind>
</comp>

<comp id="84869" class="1004" name="add_ln58_3983_fu_84869">
<pin_list>
<pin id="84870" dir="0" index="0" bw="16" slack="0"/>
<pin id="84871" dir="0" index="1" bw="16" slack="0"/>
<pin id="84872" dir="1" index="2" bw="16" slack="1"/>
</pin_list>
<bind>
<opcode="add(8) " fcode="add"/>
<opset="add_ln58_3983/1 "/>
</bind>
</comp>

<comp id="84875" class="1004" name="add_ln58_3986_fu_84875">
<pin_list>
<pin id="84876" dir="0" index="0" bw="16" slack="0"/>
<pin id="84877" dir="0" index="1" bw="14" slack="0"/>
<pin id="84878" dir="1" index="2" bw="16" slack="1"/>
</pin_list>
<bind>
<opcode="add(8) " fcode="add"/>
<opset="add_ln58_3986/1 "/>
</bind>
</comp>

<comp id="84881" class="1004" name="add_ln58_3987_fu_84881">
<pin_list>
<pin id="84882" dir="0" index="0" bw="7" slack="0"/>
<pin id="84883" dir="0" index="1" bw="7" slack="0"/>
<pin id="84884" dir="1" index="2" bw="8" slack="1"/>
</pin_list>
<bind>
<opcode="add(8) " fcode="add"/>
<opset="add_ln58_3987/1 "/>
</bind>
</comp>

<comp id="84887" class="1004" name="add_ln58_3989_fu_84887">
<pin_list>
<pin id="84888" dir="0" index="0" bw="13" slack="0"/>
<pin id="84889" dir="0" index="1" bw="16" slack="0"/>
<pin id="84890" dir="1" index="2" bw="16" slack="0"/>
</pin_list>
<bind>
<opcode="add(8) " fcode="add"/>
<opset="add_ln58_3989/1 "/>
</bind>
</comp>

<comp id="84893" class="1004" name="add_ln58_3990_fu_84893">
<pin_list>
<pin id="84894" dir="0" index="0" bw="13" slack="0"/>
<pin id="84895" dir="0" index="1" bw="14" slack="0"/>
<pin id="84896" dir="1" index="2" bw="15" slack="0"/>
</pin_list>
<bind>
<opcode="add(8) " fcode="add"/>
<opset="add_ln58_3990/1 "/>
</bind>
</comp>

<comp id="84899" class="1004" name="sext_ln58_816_fu_84899">
<pin_list>
<pin id="84900" dir="0" index="0" bw="15" slack="0"/>
<pin id="84901" dir="1" index="1" bw="16" slack="0"/>
</pin_list>
<bind>
<opcode="sext(35) " fcode="sext"/>
<opset="sext_ln58_816/1 "/>
</bind>
</comp>

<comp id="84903" class="1004" name="add_ln58_3991_fu_84903">
<pin_list>
<pin id="84904" dir="0" index="0" bw="15" slack="0"/>
<pin id="84905" dir="0" index="1" bw="16" slack="0"/>
<pin id="84906" dir="1" index="2" bw="16" slack="1"/>
</pin_list>
<bind>
<opcode="add(8) " fcode="add"/>
<opset="add_ln58_3991/1 "/>
</bind>
</comp>

<comp id="84909" class="1004" name="add_ln58_3993_fu_84909">
<pin_list>
<pin id="84910" dir="0" index="0" bw="15" slack="0"/>
<pin id="84911" dir="0" index="1" bw="16" slack="0"/>
<pin id="84912" dir="1" index="2" bw="16" slack="1"/>
</pin_list>
<bind>
<opcode="add(8) " fcode="add"/>
<opset="add_ln58_3993/1 "/>
</bind>
</comp>

<comp id="84915" class="1004" name="add_ln58_3994_fu_84915">
<pin_list>
<pin id="84916" dir="0" index="0" bw="16" slack="0"/>
<pin id="84917" dir="0" index="1" bw="7" slack="0"/>
<pin id="84918" dir="1" index="2" bw="16" slack="1"/>
</pin_list>
<bind>
<opcode="add(8) " fcode="add"/>
<opset="add_ln58_3994/1 "/>
</bind>
</comp>

<comp id="84921" class="1004" name="add_ln58_3996_fu_84921">
<pin_list>
<pin id="84922" dir="0" index="0" bw="15" slack="0"/>
<pin id="84923" dir="0" index="1" bw="16" slack="0"/>
<pin id="84924" dir="1" index="2" bw="16" slack="0"/>
</pin_list>
<bind>
<opcode="add(8) " fcode="add"/>
<opset="add_ln58_3996/1 "/>
</bind>
</comp>

<comp id="84927" class="1004" name="add_ln58_3997_fu_84927">
<pin_list>
<pin id="84928" dir="0" index="0" bw="15" slack="0"/>
<pin id="84929" dir="0" index="1" bw="15" slack="0"/>
<pin id="84930" dir="1" index="2" bw="16" slack="0"/>
</pin_list>
<bind>
<opcode="add(8) " fcode="add"/>
<opset="add_ln58_3997/1 "/>
</bind>
</comp>

<comp id="84933" class="1004" name="add_ln58_3998_fu_84933">
<pin_list>
<pin id="84934" dir="0" index="0" bw="16" slack="0"/>
<pin id="84935" dir="0" index="1" bw="16" slack="0"/>
<pin id="84936" dir="1" index="2" bw="16" slack="1"/>
</pin_list>
<bind>
<opcode="add(8) " fcode="add"/>
<opset="add_ln58_3998/1 "/>
</bind>
</comp>

<comp id="84939" class="1004" name="add_ln58_4001_fu_84939">
<pin_list>
<pin id="84940" dir="0" index="0" bw="16" slack="0"/>
<pin id="84941" dir="0" index="1" bw="16" slack="0"/>
<pin id="84942" dir="1" index="2" bw="16" slack="0"/>
</pin_list>
<bind>
<opcode="add(8) " fcode="add"/>
<opset="add_ln58_4001/1 "/>
</bind>
</comp>

<comp id="84945" class="1004" name="add_ln58_4002_fu_84945">
<pin_list>
<pin id="84946" dir="0" index="0" bw="16" slack="0"/>
<pin id="84947" dir="0" index="1" bw="14" slack="0"/>
<pin id="84948" dir="1" index="2" bw="16" slack="0"/>
</pin_list>
<bind>
<opcode="add(8) " fcode="add"/>
<opset="add_ln58_4002/1 "/>
</bind>
</comp>

<comp id="84951" class="1004" name="add_ln58_4003_fu_84951">
<pin_list>
<pin id="84952" dir="0" index="0" bw="16" slack="0"/>
<pin id="84953" dir="0" index="1" bw="16" slack="0"/>
<pin id="84954" dir="1" index="2" bw="16" slack="1"/>
</pin_list>
<bind>
<opcode="add(8) " fcode="add"/>
<opset="add_ln58_4003/1 "/>
</bind>
</comp>

<comp id="84957" class="1004" name="add_ln58_4004_fu_84957">
<pin_list>
<pin id="84958" dir="0" index="0" bw="15" slack="0"/>
<pin id="84959" dir="0" index="1" bw="16" slack="0"/>
<pin id="84960" dir="1" index="2" bw="16" slack="0"/>
</pin_list>
<bind>
<opcode="add(8) " fcode="add"/>
<opset="add_ln58_4004/1 "/>
</bind>
</comp>

<comp id="84963" class="1004" name="add_ln58_4005_fu_84963">
<pin_list>
<pin id="84964" dir="0" index="0" bw="16" slack="0"/>
<pin id="84965" dir="0" index="1" bw="16" slack="0"/>
<pin id="84966" dir="1" index="2" bw="16" slack="0"/>
</pin_list>
<bind>
<opcode="add(8) " fcode="add"/>
<opset="add_ln58_4005/1 "/>
</bind>
</comp>

<comp id="84969" class="1004" name="add_ln58_4006_fu_84969">
<pin_list>
<pin id="84970" dir="0" index="0" bw="16" slack="0"/>
<pin id="84971" dir="0" index="1" bw="16" slack="0"/>
<pin id="84972" dir="1" index="2" bw="16" slack="1"/>
</pin_list>
<bind>
<opcode="add(8) " fcode="add"/>
<opset="add_ln58_4006/1 "/>
</bind>
</comp>

<comp id="84975" class="1004" name="add_ln58_4008_fu_84975">
<pin_list>
<pin id="84976" dir="0" index="0" bw="15" slack="0"/>
<pin id="84977" dir="0" index="1" bw="16" slack="0"/>
<pin id="84978" dir="1" index="2" bw="16" slack="1"/>
</pin_list>
<bind>
<opcode="add(8) " fcode="add"/>
<opset="add_ln58_4008/1 "/>
</bind>
</comp>

<comp id="84981" class="1004" name="add_ln58_4009_fu_84981">
<pin_list>
<pin id="84982" dir="0" index="0" bw="16" slack="0"/>
<pin id="84983" dir="0" index="1" bw="16" slack="0"/>
<pin id="84984" dir="1" index="2" bw="16" slack="1"/>
</pin_list>
<bind>
<opcode="add(8) " fcode="add"/>
<opset="add_ln58_4009/1 "/>
</bind>
</comp>

<comp id="84987" class="1004" name="add_ln58_4011_fu_84987">
<pin_list>
<pin id="84988" dir="0" index="0" bw="16" slack="0"/>
<pin id="84989" dir="0" index="1" bw="14" slack="0"/>
<pin id="84990" dir="1" index="2" bw="16" slack="0"/>
</pin_list>
<bind>
<opcode="add(8) " fcode="add"/>
<opset="add_ln58_4011/1 "/>
</bind>
</comp>

<comp id="84993" class="1004" name="add_ln58_4012_fu_84993">
<pin_list>
<pin id="84994" dir="0" index="0" bw="16" slack="0"/>
<pin id="84995" dir="0" index="1" bw="3" slack="0"/>
<pin id="84996" dir="1" index="2" bw="16" slack="0"/>
</pin_list>
<bind>
<opcode="add(8) " fcode="add"/>
<opset="add_ln58_4012/1 "/>
</bind>
</comp>

<comp id="84999" class="1004" name="add_ln58_4013_fu_84999">
<pin_list>
<pin id="85000" dir="0" index="0" bw="16" slack="0"/>
<pin id="85001" dir="0" index="1" bw="16" slack="0"/>
<pin id="85002" dir="1" index="2" bw="16" slack="0"/>
</pin_list>
<bind>
<opcode="add(8) " fcode="add"/>
<opset="add_ln58_4013/1 "/>
</bind>
</comp>

<comp id="85005" class="1004" name="add_ln58_4014_fu_85005">
<pin_list>
<pin id="85006" dir="0" index="0" bw="16" slack="0"/>
<pin id="85007" dir="0" index="1" bw="16" slack="0"/>
<pin id="85008" dir="1" index="2" bw="16" slack="1"/>
</pin_list>
<bind>
<opcode="add(8) " fcode="add"/>
<opset="add_ln58_4014/1 "/>
</bind>
</comp>

<comp id="85011" class="1004" name="add_ln58_4018_fu_85011">
<pin_list>
<pin id="85012" dir="0" index="0" bw="16" slack="0"/>
<pin id="85013" dir="0" index="1" bw="16" slack="0"/>
<pin id="85014" dir="1" index="2" bw="16" slack="1"/>
</pin_list>
<bind>
<opcode="add(8) " fcode="add"/>
<opset="add_ln58_4018/1 "/>
</bind>
</comp>

<comp id="85017" class="1004" name="add_ln58_4020_fu_85017">
<pin_list>
<pin id="85018" dir="0" index="0" bw="16" slack="0"/>
<pin id="85019" dir="0" index="1" bw="14" slack="0"/>
<pin id="85020" dir="1" index="2" bw="16" slack="0"/>
</pin_list>
<bind>
<opcode="add(8) " fcode="add"/>
<opset="add_ln58_4020/1 "/>
</bind>
</comp>

<comp id="85023" class="1004" name="add_ln58_4021_fu_85023">
<pin_list>
<pin id="85024" dir="0" index="0" bw="15" slack="0"/>
<pin id="85025" dir="0" index="1" bw="16" slack="0"/>
<pin id="85026" dir="1" index="2" bw="16" slack="0"/>
</pin_list>
<bind>
<opcode="add(8) " fcode="add"/>
<opset="add_ln58_4021/1 "/>
</bind>
</comp>

<comp id="85029" class="1004" name="add_ln58_4022_fu_85029">
<pin_list>
<pin id="85030" dir="0" index="0" bw="16" slack="0"/>
<pin id="85031" dir="0" index="1" bw="16" slack="0"/>
<pin id="85032" dir="1" index="2" bw="16" slack="1"/>
</pin_list>
<bind>
<opcode="add(8) " fcode="add"/>
<opset="add_ln58_4022/1 "/>
</bind>
</comp>

<comp id="85035" class="1004" name="add_ln58_4024_fu_85035">
<pin_list>
<pin id="85036" dir="0" index="0" bw="16" slack="0"/>
<pin id="85037" dir="0" index="1" bw="16" slack="0"/>
<pin id="85038" dir="1" index="2" bw="16" slack="1"/>
</pin_list>
<bind>
<opcode="add(8) " fcode="add"/>
<opset="add_ln58_4024/1 "/>
</bind>
</comp>

<comp id="85041" class="1004" name="add_ln58_4025_fu_85041">
<pin_list>
<pin id="85042" dir="0" index="0" bw="15" slack="0"/>
<pin id="85043" dir="0" index="1" bw="7" slack="0"/>
<pin id="85044" dir="1" index="2" bw="16" slack="1"/>
</pin_list>
<bind>
<opcode="add(8) " fcode="add"/>
<opset="add_ln58_4025/1 "/>
</bind>
</comp>

<comp id="85047" class="1004" name="add_ln58_4027_fu_85047">
<pin_list>
<pin id="85048" dir="0" index="0" bw="16" slack="0"/>
<pin id="85049" dir="0" index="1" bw="14" slack="0"/>
<pin id="85050" dir="1" index="2" bw="16" slack="0"/>
</pin_list>
<bind>
<opcode="add(8) " fcode="add"/>
<opset="add_ln58_4027/1 "/>
</bind>
</comp>

<comp id="85053" class="1004" name="add_ln58_4028_fu_85053">
<pin_list>
<pin id="85054" dir="0" index="0" bw="14" slack="0"/>
<pin id="85055" dir="0" index="1" bw="16" slack="0"/>
<pin id="85056" dir="1" index="2" bw="16" slack="0"/>
</pin_list>
<bind>
<opcode="add(8) " fcode="add"/>
<opset="add_ln58_4028/1 "/>
</bind>
</comp>

<comp id="85059" class="1004" name="add_ln58_4029_fu_85059">
<pin_list>
<pin id="85060" dir="0" index="0" bw="16" slack="0"/>
<pin id="85061" dir="0" index="1" bw="16" slack="0"/>
<pin id="85062" dir="1" index="2" bw="16" slack="1"/>
</pin_list>
<bind>
<opcode="add(8) " fcode="add"/>
<opset="add_ln58_4029/1 "/>
</bind>
</comp>

<comp id="85065" class="1004" name="add_ln58_4032_fu_85065">
<pin_list>
<pin id="85066" dir="0" index="0" bw="16" slack="0"/>
<pin id="85067" dir="0" index="1" bw="16" slack="0"/>
<pin id="85068" dir="1" index="2" bw="16" slack="0"/>
</pin_list>
<bind>
<opcode="add(8) " fcode="add"/>
<opset="add_ln58_4032/1 "/>
</bind>
</comp>

<comp id="85071" class="1004" name="add_ln58_4033_fu_85071">
<pin_list>
<pin id="85072" dir="0" index="0" bw="15" slack="0"/>
<pin id="85073" dir="0" index="1" bw="16" slack="0"/>
<pin id="85074" dir="1" index="2" bw="16" slack="0"/>
</pin_list>
<bind>
<opcode="add(8) " fcode="add"/>
<opset="add_ln58_4033/1 "/>
</bind>
</comp>

<comp id="85077" class="1004" name="add_ln58_4034_fu_85077">
<pin_list>
<pin id="85078" dir="0" index="0" bw="16" slack="0"/>
<pin id="85079" dir="0" index="1" bw="16" slack="0"/>
<pin id="85080" dir="1" index="2" bw="16" slack="1"/>
</pin_list>
<bind>
<opcode="add(8) " fcode="add"/>
<opset="add_ln58_4034/1 "/>
</bind>
</comp>

<comp id="85083" class="1004" name="add_ln58_4035_fu_85083">
<pin_list>
<pin id="85084" dir="0" index="0" bw="14" slack="0"/>
<pin id="85085" dir="0" index="1" bw="16" slack="0"/>
<pin id="85086" dir="1" index="2" bw="16" slack="0"/>
</pin_list>
<bind>
<opcode="add(8) " fcode="add"/>
<opset="add_ln58_4035/1 "/>
</bind>
</comp>

<comp id="85089" class="1004" name="add_ln58_4036_fu_85089">
<pin_list>
<pin id="85090" dir="0" index="0" bw="16" slack="0"/>
<pin id="85091" dir="0" index="1" bw="15" slack="0"/>
<pin id="85092" dir="1" index="2" bw="16" slack="0"/>
</pin_list>
<bind>
<opcode="add(8) " fcode="add"/>
<opset="add_ln58_4036/1 "/>
</bind>
</comp>

<comp id="85095" class="1004" name="add_ln58_4037_fu_85095">
<pin_list>
<pin id="85096" dir="0" index="0" bw="16" slack="0"/>
<pin id="85097" dir="0" index="1" bw="16" slack="0"/>
<pin id="85098" dir="1" index="2" bw="16" slack="1"/>
</pin_list>
<bind>
<opcode="add(8) " fcode="add"/>
<opset="add_ln58_4037/1 "/>
</bind>
</comp>

<comp id="85101" class="1004" name="add_ln58_4039_fu_85101">
<pin_list>
<pin id="85102" dir="0" index="0" bw="15" slack="0"/>
<pin id="85103" dir="0" index="1" bw="16" slack="0"/>
<pin id="85104" dir="1" index="2" bw="16" slack="1"/>
</pin_list>
<bind>
<opcode="add(8) " fcode="add"/>
<opset="add_ln58_4039/1 "/>
</bind>
</comp>

<comp id="85107" class="1004" name="add_ln58_4040_fu_85107">
<pin_list>
<pin id="85108" dir="0" index="0" bw="16" slack="0"/>
<pin id="85109" dir="0" index="1" bw="16" slack="0"/>
<pin id="85110" dir="1" index="2" bw="16" slack="1"/>
</pin_list>
<bind>
<opcode="add(8) " fcode="add"/>
<opset="add_ln58_4040/1 "/>
</bind>
</comp>

<comp id="85113" class="1004" name="add_ln58_4042_fu_85113">
<pin_list>
<pin id="85114" dir="0" index="0" bw="16" slack="0"/>
<pin id="85115" dir="0" index="1" bw="16" slack="0"/>
<pin id="85116" dir="1" index="2" bw="16" slack="0"/>
</pin_list>
<bind>
<opcode="add(8) " fcode="add"/>
<opset="add_ln58_4042/1 "/>
</bind>
</comp>

<comp id="85119" class="1004" name="add_ln58_4043_fu_85119">
<pin_list>
<pin id="85120" dir="0" index="0" bw="15" slack="0"/>
<pin id="85121" dir="0" index="1" bw="9" slack="0"/>
<pin id="85122" dir="1" index="2" bw="16" slack="0"/>
</pin_list>
<bind>
<opcode="add(8) " fcode="add"/>
<opset="add_ln58_4043/1 "/>
</bind>
</comp>

<comp id="85125" class="1004" name="add_ln58_4044_fu_85125">
<pin_list>
<pin id="85126" dir="0" index="0" bw="16" slack="0"/>
<pin id="85127" dir="0" index="1" bw="16" slack="0"/>
<pin id="85128" dir="1" index="2" bw="16" slack="1"/>
</pin_list>
<bind>
<opcode="add(8) " fcode="add"/>
<opset="add_ln58_4044/1 "/>
</bind>
</comp>

<comp id="85131" class="1004" name="add_ln58_3895_fu_85131">
<pin_list>
<pin id="85132" dir="0" index="0" bw="16" slack="1"/>
<pin id="85133" dir="0" index="1" bw="16" slack="1"/>
<pin id="85134" dir="1" index="2" bw="16" slack="0"/>
</pin_list>
<bind>
<opcode="add(8) " fcode="add"/>
<opset="add_ln58_3895/2 "/>
</bind>
</comp>

<comp id="85135" class="1004" name="add_ln58_3899_fu_85135">
<pin_list>
<pin id="85136" dir="0" index="0" bw="16" slack="1"/>
<pin id="85137" dir="0" index="1" bw="16" slack="0"/>
<pin id="85138" dir="1" index="2" bw="16" slack="0"/>
</pin_list>
<bind>
<opcode="add(8) " fcode="add"/>
<opset="add_ln58_3899/2 "/>
</bind>
</comp>

<comp id="85140" class="1004" name="add_ln58_3902_fu_85140">
<pin_list>
<pin id="85141" dir="0" index="0" bw="16" slack="1"/>
<pin id="85142" dir="0" index="1" bw="16" slack="1"/>
<pin id="85143" dir="1" index="2" bw="16" slack="0"/>
</pin_list>
<bind>
<opcode="add(8) " fcode="add"/>
<opset="add_ln58_3902/2 "/>
</bind>
</comp>

<comp id="85144" class="1004" name="add_ln58_3906_fu_85144">
<pin_list>
<pin id="85145" dir="0" index="0" bw="16" slack="1"/>
<pin id="85146" dir="0" index="1" bw="16" slack="0"/>
<pin id="85147" dir="1" index="2" bw="16" slack="0"/>
</pin_list>
<bind>
<opcode="add(8) " fcode="add"/>
<opset="add_ln58_3906/2 "/>
</bind>
</comp>

<comp id="85149" class="1004" name="add_ln58_3907_fu_85149">
<pin_list>
<pin id="85150" dir="0" index="0" bw="16" slack="0"/>
<pin id="85151" dir="0" index="1" bw="16" slack="0"/>
<pin id="85152" dir="1" index="2" bw="16" slack="0"/>
</pin_list>
<bind>
<opcode="add(8) " fcode="add"/>
<opset="add_ln58_3907/2 "/>
</bind>
</comp>

<comp id="85155" class="1004" name="add_ln58_3914_fu_85155">
<pin_list>
<pin id="85156" dir="0" index="0" bw="16" slack="1"/>
<pin id="85157" dir="0" index="1" bw="16" slack="1"/>
<pin id="85158" dir="1" index="2" bw="16" slack="0"/>
</pin_list>
<bind>
<opcode="add(8) " fcode="add"/>
<opset="add_ln58_3914/2 "/>
</bind>
</comp>

<comp id="85159" class="1004" name="sext_ln58_808_fu_85159">
<pin_list>
<pin id="85160" dir="0" index="0" bw="15" slack="1"/>
<pin id="85161" dir="1" index="1" bw="16" slack="0"/>
</pin_list>
<bind>
<opcode="sext(35) " fcode="sext"/>
<opset="sext_ln58_808/2 "/>
</bind>
</comp>

<comp id="85162" class="1004" name="add_ln58_3917_fu_85162">
<pin_list>
<pin id="85163" dir="0" index="0" bw="15" slack="0"/>
<pin id="85164" dir="0" index="1" bw="16" slack="1"/>
<pin id="85165" dir="1" index="2" bw="16" slack="0"/>
</pin_list>
<bind>
<opcode="add(8) " fcode="add"/>
<opset="add_ln58_3917/2 "/>
</bind>
</comp>

<comp id="85167" class="1004" name="add_ln58_3921_fu_85167">
<pin_list>
<pin id="85168" dir="0" index="0" bw="16" slack="1"/>
<pin id="85169" dir="0" index="1" bw="16" slack="0"/>
<pin id="85170" dir="1" index="2" bw="16" slack="0"/>
</pin_list>
<bind>
<opcode="add(8) " fcode="add"/>
<opset="add_ln58_3921/2 "/>
</bind>
</comp>

<comp id="85172" class="1004" name="add_ln58_3922_fu_85172">
<pin_list>
<pin id="85173" dir="0" index="0" bw="16" slack="0"/>
<pin id="85174" dir="0" index="1" bw="16" slack="0"/>
<pin id="85175" dir="1" index="2" bw="16" slack="0"/>
</pin_list>
<bind>
<opcode="add(8) " fcode="add"/>
<opset="add_ln58_3922/2 "/>
</bind>
</comp>

<comp id="85178" class="1004" name="add_ln58_3923_fu_85178">
<pin_list>
<pin id="85179" dir="0" index="0" bw="16" slack="0"/>
<pin id="85180" dir="0" index="1" bw="16" slack="0"/>
<pin id="85181" dir="1" index="2" bw="16" slack="0"/>
</pin_list>
<bind>
<opcode="add(8) " fcode="add"/>
<opset="add_ln58_3923/2 "/>
</bind>
</comp>

<comp id="85184" class="1004" name="add_ln58_3926_fu_85184">
<pin_list>
<pin id="85185" dir="0" index="0" bw="16" slack="1"/>
<pin id="85186" dir="0" index="1" bw="16" slack="1"/>
<pin id="85187" dir="1" index="2" bw="16" slack="0"/>
</pin_list>
<bind>
<opcode="add(8) " fcode="add"/>
<opset="add_ln58_3926/2 "/>
</bind>
</comp>

<comp id="85188" class="1004" name="add_ln58_3930_fu_85188">
<pin_list>
<pin id="85189" dir="0" index="0" bw="16" slack="1"/>
<pin id="85190" dir="0" index="1" bw="16" slack="0"/>
<pin id="85191" dir="1" index="2" bw="16" slack="0"/>
</pin_list>
<bind>
<opcode="add(8) " fcode="add"/>
<opset="add_ln58_3930/2 "/>
</bind>
</comp>

<comp id="85193" class="1004" name="sext_ln58_809_fu_85193">
<pin_list>
<pin id="85194" dir="0" index="0" bw="15" slack="1"/>
<pin id="85195" dir="1" index="1" bw="16" slack="0"/>
</pin_list>
<bind>
<opcode="sext(35) " fcode="sext"/>
<opset="sext_ln58_809/2 "/>
</bind>
</comp>

<comp id="85196" class="1004" name="add_ln58_3933_fu_85196">
<pin_list>
<pin id="85197" dir="0" index="0" bw="16" slack="1"/>
<pin id="85198" dir="0" index="1" bw="15" slack="0"/>
<pin id="85199" dir="1" index="2" bw="16" slack="0"/>
</pin_list>
<bind>
<opcode="add(8) " fcode="add"/>
<opset="add_ln58_3933/2 "/>
</bind>
</comp>

<comp id="85201" class="1004" name="add_ln58_3937_fu_85201">
<pin_list>
<pin id="85202" dir="0" index="0" bw="16" slack="1"/>
<pin id="85203" dir="0" index="1" bw="16" slack="0"/>
<pin id="85204" dir="1" index="2" bw="16" slack="0"/>
</pin_list>
<bind>
<opcode="add(8) " fcode="add"/>
<opset="add_ln58_3937/2 "/>
</bind>
</comp>

<comp id="85206" class="1004" name="add_ln58_3938_fu_85206">
<pin_list>
<pin id="85207" dir="0" index="0" bw="16" slack="0"/>
<pin id="85208" dir="0" index="1" bw="16" slack="0"/>
<pin id="85209" dir="1" index="2" bw="16" slack="0"/>
</pin_list>
<bind>
<opcode="add(8) " fcode="add"/>
<opset="add_ln58_3938/2 "/>
</bind>
</comp>

<comp id="85212" class="1004" name="add_ln58_3945_fu_85212">
<pin_list>
<pin id="85213" dir="0" index="0" bw="16" slack="1"/>
<pin id="85214" dir="0" index="1" bw="16" slack="1"/>
<pin id="85215" dir="1" index="2" bw="16" slack="0"/>
</pin_list>
<bind>
<opcode="add(8) " fcode="add"/>
<opset="add_ln58_3945/2 "/>
</bind>
</comp>

<comp id="85216" class="1004" name="add_ln58_3948_fu_85216">
<pin_list>
<pin id="85217" dir="0" index="0" bw="16" slack="1"/>
<pin id="85218" dir="0" index="1" bw="16" slack="1"/>
<pin id="85219" dir="1" index="2" bw="16" slack="0"/>
</pin_list>
<bind>
<opcode="add(8) " fcode="add"/>
<opset="add_ln58_3948/2 "/>
</bind>
</comp>

<comp id="85220" class="1004" name="add_ln58_3952_fu_85220">
<pin_list>
<pin id="85221" dir="0" index="0" bw="16" slack="1"/>
<pin id="85222" dir="0" index="1" bw="16" slack="0"/>
<pin id="85223" dir="1" index="2" bw="16" slack="0"/>
</pin_list>
<bind>
<opcode="add(8) " fcode="add"/>
<opset="add_ln58_3952/2 "/>
</bind>
</comp>

<comp id="85225" class="1004" name="add_ln58_3953_fu_85225">
<pin_list>
<pin id="85226" dir="0" index="0" bw="16" slack="0"/>
<pin id="85227" dir="0" index="1" bw="16" slack="0"/>
<pin id="85228" dir="1" index="2" bw="16" slack="0"/>
</pin_list>
<bind>
<opcode="add(8) " fcode="add"/>
<opset="add_ln58_3953/2 "/>
</bind>
</comp>

<comp id="85231" class="1004" name="add_ln58_3954_fu_85231">
<pin_list>
<pin id="85232" dir="0" index="0" bw="16" slack="0"/>
<pin id="85233" dir="0" index="1" bw="16" slack="0"/>
<pin id="85234" dir="1" index="2" bw="16" slack="0"/>
</pin_list>
<bind>
<opcode="add(8) " fcode="add"/>
<opset="add_ln58_3954/2 "/>
</bind>
</comp>

<comp id="85237" class="1004" name="add_ln58_3957_fu_85237">
<pin_list>
<pin id="85238" dir="0" index="0" bw="16" slack="1"/>
<pin id="85239" dir="0" index="1" bw="16" slack="1"/>
<pin id="85240" dir="1" index="2" bw="16" slack="0"/>
</pin_list>
<bind>
<opcode="add(8) " fcode="add"/>
<opset="add_ln58_3957/2 "/>
</bind>
</comp>

<comp id="85241" class="1004" name="add_ln58_3961_fu_85241">
<pin_list>
<pin id="85242" dir="0" index="0" bw="16" slack="1"/>
<pin id="85243" dir="0" index="1" bw="16" slack="0"/>
<pin id="85244" dir="1" index="2" bw="16" slack="0"/>
</pin_list>
<bind>
<opcode="add(8) " fcode="add"/>
<opset="add_ln58_3961/2 "/>
</bind>
</comp>

<comp id="85246" class="1004" name="sext_ln58_812_fu_85246">
<pin_list>
<pin id="85247" dir="0" index="0" bw="15" slack="1"/>
<pin id="85248" dir="1" index="1" bw="16" slack="0"/>
</pin_list>
<bind>
<opcode="sext(35) " fcode="sext"/>
<opset="sext_ln58_812/2 "/>
</bind>
</comp>

<comp id="85249" class="1004" name="add_ln58_3964_fu_85249">
<pin_list>
<pin id="85250" dir="0" index="0" bw="16" slack="1"/>
<pin id="85251" dir="0" index="1" bw="15" slack="0"/>
<pin id="85252" dir="1" index="2" bw="16" slack="0"/>
</pin_list>
<bind>
<opcode="add(8) " fcode="add"/>
<opset="add_ln58_3964/2 "/>
</bind>
</comp>

<comp id="85254" class="1004" name="add_ln58_3968_fu_85254">
<pin_list>
<pin id="85255" dir="0" index="0" bw="16" slack="1"/>
<pin id="85256" dir="0" index="1" bw="16" slack="0"/>
<pin id="85257" dir="1" index="2" bw="16" slack="0"/>
</pin_list>
<bind>
<opcode="add(8) " fcode="add"/>
<opset="add_ln58_3968/2 "/>
</bind>
</comp>

<comp id="85259" class="1004" name="add_ln58_3969_fu_85259">
<pin_list>
<pin id="85260" dir="0" index="0" bw="16" slack="0"/>
<pin id="85261" dir="0" index="1" bw="16" slack="0"/>
<pin id="85262" dir="1" index="2" bw="16" slack="0"/>
</pin_list>
<bind>
<opcode="add(8) " fcode="add"/>
<opset="add_ln58_3969/2 "/>
</bind>
</comp>

<comp id="85265" class="1004" name="add_ln58_3976_fu_85265">
<pin_list>
<pin id="85266" dir="0" index="0" bw="16" slack="1"/>
<pin id="85267" dir="0" index="1" bw="16" slack="1"/>
<pin id="85268" dir="1" index="2" bw="16" slack="0"/>
</pin_list>
<bind>
<opcode="add(8) " fcode="add"/>
<opset="add_ln58_3976/2 "/>
</bind>
</comp>

<comp id="85269" class="1004" name="add_ln58_3984_fu_85269">
<pin_list>
<pin id="85270" dir="0" index="0" bw="16" slack="1"/>
<pin id="85271" dir="0" index="1" bw="16" slack="0"/>
<pin id="85272" dir="1" index="2" bw="16" slack="0"/>
</pin_list>
<bind>
<opcode="add(8) " fcode="add"/>
<opset="add_ln58_3984/2 "/>
</bind>
</comp>

<comp id="85274" class="1004" name="add_ln58_3985_fu_85274">
<pin_list>
<pin id="85275" dir="0" index="0" bw="16" slack="0"/>
<pin id="85276" dir="0" index="1" bw="16" slack="0"/>
<pin id="85277" dir="1" index="2" bw="16" slack="0"/>
</pin_list>
<bind>
<opcode="add(8) " fcode="add"/>
<opset="add_ln58_3985/2 "/>
</bind>
</comp>

<comp id="85280" class="1004" name="sext_ln58_815_fu_85280">
<pin_list>
<pin id="85281" dir="0" index="0" bw="8" slack="1"/>
<pin id="85282" dir="1" index="1" bw="16" slack="0"/>
</pin_list>
<bind>
<opcode="sext(35) " fcode="sext"/>
<opset="sext_ln58_815/2 "/>
</bind>
</comp>

<comp id="85283" class="1004" name="add_ln58_3988_fu_85283">
<pin_list>
<pin id="85284" dir="0" index="0" bw="8" slack="0"/>
<pin id="85285" dir="0" index="1" bw="16" slack="1"/>
<pin id="85286" dir="1" index="2" bw="16" slack="0"/>
</pin_list>
<bind>
<opcode="add(8) " fcode="add"/>
<opset="add_ln58_3988/2 "/>
</bind>
</comp>

<comp id="85288" class="1004" name="add_ln58_3992_fu_85288">
<pin_list>
<pin id="85289" dir="0" index="0" bw="16" slack="1"/>
<pin id="85290" dir="0" index="1" bw="16" slack="0"/>
<pin id="85291" dir="1" index="2" bw="16" slack="0"/>
</pin_list>
<bind>
<opcode="add(8) " fcode="add"/>
<opset="add_ln58_3992/2 "/>
</bind>
</comp>

<comp id="85293" class="1004" name="add_ln58_3995_fu_85293">
<pin_list>
<pin id="85294" dir="0" index="0" bw="16" slack="1"/>
<pin id="85295" dir="0" index="1" bw="16" slack="1"/>
<pin id="85296" dir="1" index="2" bw="16" slack="0"/>
</pin_list>
<bind>
<opcode="add(8) " fcode="add"/>
<opset="add_ln58_3995/2 "/>
</bind>
</comp>

<comp id="85297" class="1004" name="add_ln58_3999_fu_85297">
<pin_list>
<pin id="85298" dir="0" index="0" bw="16" slack="1"/>
<pin id="85299" dir="0" index="1" bw="16" slack="0"/>
<pin id="85300" dir="1" index="2" bw="16" slack="0"/>
</pin_list>
<bind>
<opcode="add(8) " fcode="add"/>
<opset="add_ln58_3999/2 "/>
</bind>
</comp>

<comp id="85302" class="1004" name="add_ln58_4000_fu_85302">
<pin_list>
<pin id="85303" dir="0" index="0" bw="16" slack="0"/>
<pin id="85304" dir="0" index="1" bw="16" slack="0"/>
<pin id="85305" dir="1" index="2" bw="16" slack="0"/>
</pin_list>
<bind>
<opcode="add(8) " fcode="add"/>
<opset="add_ln58_4000/2 "/>
</bind>
</comp>

<comp id="85308" class="1004" name="add_ln58_4007_fu_85308">
<pin_list>
<pin id="85309" dir="0" index="0" bw="16" slack="1"/>
<pin id="85310" dir="0" index="1" bw="16" slack="1"/>
<pin id="85311" dir="1" index="2" bw="16" slack="0"/>
</pin_list>
<bind>
<opcode="add(8) " fcode="add"/>
<opset="add_ln58_4007/2 "/>
</bind>
</comp>

<comp id="85312" class="1004" name="add_ln58_4010_fu_85312">
<pin_list>
<pin id="85313" dir="0" index="0" bw="16" slack="1"/>
<pin id="85314" dir="0" index="1" bw="16" slack="1"/>
<pin id="85315" dir="1" index="2" bw="16" slack="0"/>
</pin_list>
<bind>
<opcode="add(8) " fcode="add"/>
<opset="add_ln58_4010/2 "/>
</bind>
</comp>

<comp id="85316" class="1004" name="add_ln58_4015_fu_85316">
<pin_list>
<pin id="85317" dir="0" index="0" bw="16" slack="1"/>
<pin id="85318" dir="0" index="1" bw="16" slack="0"/>
<pin id="85319" dir="1" index="2" bw="16" slack="0"/>
</pin_list>
<bind>
<opcode="add(8) " fcode="add"/>
<opset="add_ln58_4015/2 "/>
</bind>
</comp>

<comp id="85321" class="1004" name="add_ln58_4016_fu_85321">
<pin_list>
<pin id="85322" dir="0" index="0" bw="16" slack="0"/>
<pin id="85323" dir="0" index="1" bw="16" slack="0"/>
<pin id="85324" dir="1" index="2" bw="16" slack="0"/>
</pin_list>
<bind>
<opcode="add(8) " fcode="add"/>
<opset="add_ln58_4016/2 "/>
</bind>
</comp>

<comp id="85327" class="1004" name="add_ln58_4017_fu_85327">
<pin_list>
<pin id="85328" dir="0" index="0" bw="16" slack="0"/>
<pin id="85329" dir="0" index="1" bw="16" slack="0"/>
<pin id="85330" dir="1" index="2" bw="16" slack="0"/>
</pin_list>
<bind>
<opcode="add(8) " fcode="add"/>
<opset="add_ln58_4017/2 "/>
</bind>
</comp>

<comp id="85333" class="1004" name="add_ln58_4019_fu_85333">
<pin_list>
<pin id="85334" dir="0" index="0" bw="8" slack="0"/>
<pin id="85335" dir="0" index="1" bw="16" slack="1"/>
<pin id="85336" dir="1" index="2" bw="16" slack="0"/>
</pin_list>
<bind>
<opcode="add(8) " fcode="add"/>
<opset="add_ln58_4019/2 "/>
</bind>
</comp>

<comp id="85338" class="1004" name="add_ln58_4023_fu_85338">
<pin_list>
<pin id="85339" dir="0" index="0" bw="16" slack="1"/>
<pin id="85340" dir="0" index="1" bw="16" slack="0"/>
<pin id="85341" dir="1" index="2" bw="16" slack="0"/>
</pin_list>
<bind>
<opcode="add(8) " fcode="add"/>
<opset="add_ln58_4023/2 "/>
</bind>
</comp>

<comp id="85343" class="1004" name="add_ln58_4026_fu_85343">
<pin_list>
<pin id="85344" dir="0" index="0" bw="16" slack="1"/>
<pin id="85345" dir="0" index="1" bw="16" slack="1"/>
<pin id="85346" dir="1" index="2" bw="16" slack="0"/>
</pin_list>
<bind>
<opcode="add(8) " fcode="add"/>
<opset="add_ln58_4026/2 "/>
</bind>
</comp>

<comp id="85347" class="1004" name="add_ln58_4030_fu_85347">
<pin_list>
<pin id="85348" dir="0" index="0" bw="16" slack="1"/>
<pin id="85349" dir="0" index="1" bw="16" slack="0"/>
<pin id="85350" dir="1" index="2" bw="16" slack="0"/>
</pin_list>
<bind>
<opcode="add(8) " fcode="add"/>
<opset="add_ln58_4030/2 "/>
</bind>
</comp>

<comp id="85352" class="1004" name="add_ln58_4031_fu_85352">
<pin_list>
<pin id="85353" dir="0" index="0" bw="16" slack="0"/>
<pin id="85354" dir="0" index="1" bw="16" slack="0"/>
<pin id="85355" dir="1" index="2" bw="16" slack="0"/>
</pin_list>
<bind>
<opcode="add(8) " fcode="add"/>
<opset="add_ln58_4031/2 "/>
</bind>
</comp>

<comp id="85358" class="1004" name="add_ln58_4038_fu_85358">
<pin_list>
<pin id="85359" dir="0" index="0" bw="16" slack="1"/>
<pin id="85360" dir="0" index="1" bw="16" slack="1"/>
<pin id="85361" dir="1" index="2" bw="16" slack="0"/>
</pin_list>
<bind>
<opcode="add(8) " fcode="add"/>
<opset="add_ln58_4038/2 "/>
</bind>
</comp>

<comp id="85362" class="1004" name="add_ln58_4041_fu_85362">
<pin_list>
<pin id="85363" dir="0" index="0" bw="16" slack="1"/>
<pin id="85364" dir="0" index="1" bw="16" slack="1"/>
<pin id="85365" dir="1" index="2" bw="16" slack="0"/>
</pin_list>
<bind>
<opcode="add(8) " fcode="add"/>
<opset="add_ln58_4041/2 "/>
</bind>
</comp>

<comp id="85366" class="1004" name="add_ln58_4045_fu_85366">
<pin_list>
<pin id="85367" dir="0" index="0" bw="16" slack="1"/>
<pin id="85368" dir="0" index="1" bw="16" slack="0"/>
<pin id="85369" dir="1" index="2" bw="16" slack="0"/>
</pin_list>
<bind>
<opcode="add(8) " fcode="add"/>
<opset="add_ln58_4045/2 "/>
</bind>
</comp>

<comp id="85371" class="1004" name="add_ln58_4046_fu_85371">
<pin_list>
<pin id="85372" dir="0" index="0" bw="16" slack="0"/>
<pin id="85373" dir="0" index="1" bw="16" slack="0"/>
<pin id="85374" dir="1" index="2" bw="16" slack="0"/>
</pin_list>
<bind>
<opcode="add(8) " fcode="add"/>
<opset="add_ln58_4046/2 "/>
</bind>
</comp>

<comp id="85377" class="1004" name="add_ln58_4047_fu_85377">
<pin_list>
<pin id="85378" dir="0" index="0" bw="16" slack="0"/>
<pin id="85379" dir="0" index="1" bw="16" slack="0"/>
<pin id="85380" dir="1" index="2" bw="16" slack="0"/>
</pin_list>
<bind>
<opcode="add(8) " fcode="add"/>
<opset="add_ln58_4047/2 "/>
</bind>
</comp>

<comp id="85383" class="1004" name="mrv_fu_85383">
<pin_list>
<pin id="85384" dir="0" index="0" bw="80" slack="0"/>
<pin id="85385" dir="0" index="1" bw="16" slack="0"/>
<pin id="85386" dir="1" index="2" bw="80" slack="0"/>
</pin_list>
<bind>
<opcode="insertvalue(57) " fcode="insertvalue"/>
<opset="mrv/2 "/>
</bind>
</comp>

<comp id="85389" class="1004" name="mrv_1_fu_85389">
<pin_list>
<pin id="85390" dir="0" index="0" bw="80" slack="0"/>
<pin id="85391" dir="0" index="1" bw="16" slack="0"/>
<pin id="85392" dir="1" index="2" bw="80" slack="0"/>
</pin_list>
<bind>
<opcode="insertvalue(57) " fcode="insertvalue"/>
<opset="mrv_1/2 "/>
</bind>
</comp>

<comp id="85395" class="1004" name="mrv_2_fu_85395">
<pin_list>
<pin id="85396" dir="0" index="0" bw="80" slack="0"/>
<pin id="85397" dir="0" index="1" bw="16" slack="0"/>
<pin id="85398" dir="1" index="2" bw="80" slack="0"/>
</pin_list>
<bind>
<opcode="insertvalue(57) " fcode="insertvalue"/>
<opset="mrv_2/2 "/>
</bind>
</comp>

<comp id="85401" class="1004" name="mrv_3_fu_85401">
<pin_list>
<pin id="85402" dir="0" index="0" bw="80" slack="0"/>
<pin id="85403" dir="0" index="1" bw="16" slack="0"/>
<pin id="85404" dir="1" index="2" bw="80" slack="0"/>
</pin_list>
<bind>
<opcode="insertvalue(57) " fcode="insertvalue"/>
<opset="mrv_3/2 "/>
</bind>
</comp>

<comp id="85407" class="1004" name="mrv_4_fu_85407">
<pin_list>
<pin id="85408" dir="0" index="0" bw="80" slack="0"/>
<pin id="85409" dir="0" index="1" bw="16" slack="0"/>
<pin id="85410" dir="1" index="2" bw="80" slack="2147483647"/>
</pin_list>
<bind>
<opcode="insertvalue(57) " fcode="insertvalue"/>
<opset="mrv_4/2 "/>
</bind>
</comp>

<comp id="85413" class="1005" name="add_ln58_reg_85413">
<pin_list>
<pin id="85414" dir="0" index="0" bw="16" slack="1"/>
<pin id="85415" dir="1" index="1" bw="16" slack="1"/>
</pin_list>
<bind>
<opset="add_ln58 "/>
</bind>
</comp>

<comp id="85418" class="1005" name="add_ln58_3894_reg_85418">
<pin_list>
<pin id="85419" dir="0" index="0" bw="16" slack="1"/>
<pin id="85420" dir="1" index="1" bw="16" slack="1"/>
</pin_list>
<bind>
<opset="add_ln58_3894 "/>
</bind>
</comp>

<comp id="85423" class="1005" name="add_ln58_3898_reg_85423">
<pin_list>
<pin id="85424" dir="0" index="0" bw="16" slack="1"/>
<pin id="85425" dir="1" index="1" bw="16" slack="1"/>
</pin_list>
<bind>
<opset="add_ln58_3898 "/>
</bind>
</comp>

<comp id="85428" class="1005" name="add_ln58_3900_reg_85428">
<pin_list>
<pin id="85429" dir="0" index="0" bw="16" slack="1"/>
<pin id="85430" dir="1" index="1" bw="16" slack="1"/>
</pin_list>
<bind>
<opset="add_ln58_3900 "/>
</bind>
</comp>

<comp id="85433" class="1005" name="add_ln58_3901_reg_85433">
<pin_list>
<pin id="85434" dir="0" index="0" bw="16" slack="1"/>
<pin id="85435" dir="1" index="1" bw="16" slack="1"/>
</pin_list>
<bind>
<opset="add_ln58_3901 "/>
</bind>
</comp>

<comp id="85438" class="1005" name="add_ln58_3905_reg_85438">
<pin_list>
<pin id="85439" dir="0" index="0" bw="16" slack="1"/>
<pin id="85440" dir="1" index="1" bw="16" slack="1"/>
</pin_list>
<bind>
<opset="add_ln58_3905 "/>
</bind>
</comp>

<comp id="85443" class="1005" name="add_ln58_3910_reg_85443">
<pin_list>
<pin id="85444" dir="0" index="0" bw="16" slack="1"/>
<pin id="85445" dir="1" index="1" bw="16" slack="1"/>
</pin_list>
<bind>
<opset="add_ln58_3910 "/>
</bind>
</comp>

<comp id="85448" class="1005" name="add_ln58_3913_reg_85448">
<pin_list>
<pin id="85449" dir="0" index="0" bw="16" slack="1"/>
<pin id="85450" dir="1" index="1" bw="16" slack="1"/>
</pin_list>
<bind>
<opset="add_ln58_3913 "/>
</bind>
</comp>

<comp id="85453" class="1005" name="add_ln58_3915_reg_85453">
<pin_list>
<pin id="85454" dir="0" index="0" bw="16" slack="1"/>
<pin id="85455" dir="1" index="1" bw="16" slack="1"/>
</pin_list>
<bind>
<opset="add_ln58_3915 "/>
</bind>
</comp>

<comp id="85458" class="1005" name="add_ln58_3916_reg_85458">
<pin_list>
<pin id="85459" dir="0" index="0" bw="15" slack="1"/>
<pin id="85460" dir="1" index="1" bw="15" slack="1"/>
</pin_list>
<bind>
<opset="add_ln58_3916 "/>
</bind>
</comp>

<comp id="85463" class="1005" name="add_ln58_3920_reg_85463">
<pin_list>
<pin id="85464" dir="0" index="0" bw="16" slack="1"/>
<pin id="85465" dir="1" index="1" bw="16" slack="1"/>
</pin_list>
<bind>
<opset="add_ln58_3920 "/>
</bind>
</comp>

<comp id="85468" class="1005" name="add_ln58_3924_reg_85468">
<pin_list>
<pin id="85469" dir="0" index="0" bw="16" slack="1"/>
<pin id="85470" dir="1" index="1" bw="16" slack="1"/>
</pin_list>
<bind>
<opset="add_ln58_3924 "/>
</bind>
</comp>

<comp id="85473" class="1005" name="add_ln58_3925_reg_85473">
<pin_list>
<pin id="85474" dir="0" index="0" bw="16" slack="1"/>
<pin id="85475" dir="1" index="1" bw="16" slack="1"/>
</pin_list>
<bind>
<opset="add_ln58_3925 "/>
</bind>
</comp>

<comp id="85478" class="1005" name="add_ln58_3929_reg_85478">
<pin_list>
<pin id="85479" dir="0" index="0" bw="16" slack="1"/>
<pin id="85480" dir="1" index="1" bw="16" slack="1"/>
</pin_list>
<bind>
<opset="add_ln58_3929 "/>
</bind>
</comp>

<comp id="85483" class="1005" name="add_ln58_3931_reg_85483">
<pin_list>
<pin id="85484" dir="0" index="0" bw="15" slack="1"/>
<pin id="85485" dir="1" index="1" bw="15" slack="1"/>
</pin_list>
<bind>
<opset="add_ln58_3931 "/>
</bind>
</comp>

<comp id="85488" class="1005" name="add_ln58_3932_reg_85488">
<pin_list>
<pin id="85489" dir="0" index="0" bw="16" slack="1"/>
<pin id="85490" dir="1" index="1" bw="16" slack="1"/>
</pin_list>
<bind>
<opset="add_ln58_3932 "/>
</bind>
</comp>

<comp id="85493" class="1005" name="add_ln58_3936_reg_85493">
<pin_list>
<pin id="85494" dir="0" index="0" bw="16" slack="1"/>
<pin id="85495" dir="1" index="1" bw="16" slack="1"/>
</pin_list>
<bind>
<opset="add_ln58_3936 "/>
</bind>
</comp>

<comp id="85498" class="1005" name="add_ln58_3941_reg_85498">
<pin_list>
<pin id="85499" dir="0" index="0" bw="16" slack="1"/>
<pin id="85500" dir="1" index="1" bw="16" slack="1"/>
</pin_list>
<bind>
<opset="add_ln58_3941 "/>
</bind>
</comp>

<comp id="85503" class="1005" name="add_ln58_3944_reg_85503">
<pin_list>
<pin id="85504" dir="0" index="0" bw="16" slack="1"/>
<pin id="85505" dir="1" index="1" bw="16" slack="1"/>
</pin_list>
<bind>
<opset="add_ln58_3944 "/>
</bind>
</comp>

<comp id="85508" class="1005" name="add_ln58_3946_reg_85508">
<pin_list>
<pin id="85509" dir="0" index="0" bw="16" slack="1"/>
<pin id="85510" dir="1" index="1" bw="16" slack="1"/>
</pin_list>
<bind>
<opset="add_ln58_3946 "/>
</bind>
</comp>

<comp id="85513" class="1005" name="add_ln58_3947_reg_85513">
<pin_list>
<pin id="85514" dir="0" index="0" bw="16" slack="1"/>
<pin id="85515" dir="1" index="1" bw="16" slack="1"/>
</pin_list>
<bind>
<opset="add_ln58_3947 "/>
</bind>
</comp>

<comp id="85518" class="1005" name="add_ln58_3951_reg_85518">
<pin_list>
<pin id="85519" dir="0" index="0" bw="16" slack="1"/>
<pin id="85520" dir="1" index="1" bw="16" slack="1"/>
</pin_list>
<bind>
<opset="add_ln58_3951 "/>
</bind>
</comp>

<comp id="85523" class="1005" name="add_ln58_3955_reg_85523">
<pin_list>
<pin id="85524" dir="0" index="0" bw="16" slack="1"/>
<pin id="85525" dir="1" index="1" bw="16" slack="1"/>
</pin_list>
<bind>
<opset="add_ln58_3955 "/>
</bind>
</comp>

<comp id="85528" class="1005" name="add_ln58_3956_reg_85528">
<pin_list>
<pin id="85529" dir="0" index="0" bw="16" slack="1"/>
<pin id="85530" dir="1" index="1" bw="16" slack="1"/>
</pin_list>
<bind>
<opset="add_ln58_3956 "/>
</bind>
</comp>

<comp id="85533" class="1005" name="add_ln58_3960_reg_85533">
<pin_list>
<pin id="85534" dir="0" index="0" bw="16" slack="1"/>
<pin id="85535" dir="1" index="1" bw="16" slack="1"/>
</pin_list>
<bind>
<opset="add_ln58_3960 "/>
</bind>
</comp>

<comp id="85538" class="1005" name="add_ln58_3962_reg_85538">
<pin_list>
<pin id="85539" dir="0" index="0" bw="15" slack="1"/>
<pin id="85540" dir="1" index="1" bw="15" slack="1"/>
</pin_list>
<bind>
<opset="add_ln58_3962 "/>
</bind>
</comp>

<comp id="85543" class="1005" name="add_ln58_3963_reg_85543">
<pin_list>
<pin id="85544" dir="0" index="0" bw="16" slack="1"/>
<pin id="85545" dir="1" index="1" bw="16" slack="1"/>
</pin_list>
<bind>
<opset="add_ln58_3963 "/>
</bind>
</comp>

<comp id="85548" class="1005" name="add_ln58_3967_reg_85548">
<pin_list>
<pin id="85549" dir="0" index="0" bw="16" slack="1"/>
<pin id="85550" dir="1" index="1" bw="16" slack="1"/>
</pin_list>
<bind>
<opset="add_ln58_3967 "/>
</bind>
</comp>

<comp id="85553" class="1005" name="add_ln58_3972_reg_85553">
<pin_list>
<pin id="85554" dir="0" index="0" bw="16" slack="1"/>
<pin id="85555" dir="1" index="1" bw="16" slack="1"/>
</pin_list>
<bind>
<opset="add_ln58_3972 "/>
</bind>
</comp>

<comp id="85558" class="1005" name="add_ln58_3975_reg_85558">
<pin_list>
<pin id="85559" dir="0" index="0" bw="16" slack="1"/>
<pin id="85560" dir="1" index="1" bw="16" slack="1"/>
</pin_list>
<bind>
<opset="add_ln58_3975 "/>
</bind>
</comp>

<comp id="85563" class="1005" name="add_ln58_3983_reg_85563">
<pin_list>
<pin id="85564" dir="0" index="0" bw="16" slack="1"/>
<pin id="85565" dir="1" index="1" bw="16" slack="1"/>
</pin_list>
<bind>
<opset="add_ln58_3983 "/>
</bind>
</comp>

<comp id="85568" class="1005" name="add_ln58_3986_reg_85568">
<pin_list>
<pin id="85569" dir="0" index="0" bw="16" slack="1"/>
<pin id="85570" dir="1" index="1" bw="16" slack="1"/>
</pin_list>
<bind>
<opset="add_ln58_3986 "/>
</bind>
</comp>

<comp id="85573" class="1005" name="add_ln58_3987_reg_85573">
<pin_list>
<pin id="85574" dir="0" index="0" bw="8" slack="1"/>
<pin id="85575" dir="1" index="1" bw="8" slack="1"/>
</pin_list>
<bind>
<opset="add_ln58_3987 "/>
</bind>
</comp>

<comp id="85578" class="1005" name="add_ln58_3991_reg_85578">
<pin_list>
<pin id="85579" dir="0" index="0" bw="16" slack="1"/>
<pin id="85580" dir="1" index="1" bw="16" slack="1"/>
</pin_list>
<bind>
<opset="add_ln58_3991 "/>
</bind>
</comp>

<comp id="85583" class="1005" name="add_ln58_3993_reg_85583">
<pin_list>
<pin id="85584" dir="0" index="0" bw="16" slack="1"/>
<pin id="85585" dir="1" index="1" bw="16" slack="1"/>
</pin_list>
<bind>
<opset="add_ln58_3993 "/>
</bind>
</comp>

<comp id="85588" class="1005" name="add_ln58_3994_reg_85588">
<pin_list>
<pin id="85589" dir="0" index="0" bw="16" slack="1"/>
<pin id="85590" dir="1" index="1" bw="16" slack="1"/>
</pin_list>
<bind>
<opset="add_ln58_3994 "/>
</bind>
</comp>

<comp id="85593" class="1005" name="add_ln58_3998_reg_85593">
<pin_list>
<pin id="85594" dir="0" index="0" bw="16" slack="1"/>
<pin id="85595" dir="1" index="1" bw="16" slack="1"/>
</pin_list>
<bind>
<opset="add_ln58_3998 "/>
</bind>
</comp>

<comp id="85598" class="1005" name="add_ln58_4003_reg_85598">
<pin_list>
<pin id="85599" dir="0" index="0" bw="16" slack="1"/>
<pin id="85600" dir="1" index="1" bw="16" slack="1"/>
</pin_list>
<bind>
<opset="add_ln58_4003 "/>
</bind>
</comp>

<comp id="85603" class="1005" name="add_ln58_4006_reg_85603">
<pin_list>
<pin id="85604" dir="0" index="0" bw="16" slack="1"/>
<pin id="85605" dir="1" index="1" bw="16" slack="1"/>
</pin_list>
<bind>
<opset="add_ln58_4006 "/>
</bind>
</comp>

<comp id="85608" class="1005" name="add_ln58_4008_reg_85608">
<pin_list>
<pin id="85609" dir="0" index="0" bw="16" slack="1"/>
<pin id="85610" dir="1" index="1" bw="16" slack="1"/>
</pin_list>
<bind>
<opset="add_ln58_4008 "/>
</bind>
</comp>

<comp id="85613" class="1005" name="add_ln58_4009_reg_85613">
<pin_list>
<pin id="85614" dir="0" index="0" bw="16" slack="1"/>
<pin id="85615" dir="1" index="1" bw="16" slack="1"/>
</pin_list>
<bind>
<opset="add_ln58_4009 "/>
</bind>
</comp>

<comp id="85618" class="1005" name="add_ln58_4014_reg_85618">
<pin_list>
<pin id="85619" dir="0" index="0" bw="16" slack="1"/>
<pin id="85620" dir="1" index="1" bw="16" slack="1"/>
</pin_list>
<bind>
<opset="add_ln58_4014 "/>
</bind>
</comp>

<comp id="85623" class="1005" name="add_ln58_4018_reg_85623">
<pin_list>
<pin id="85624" dir="0" index="0" bw="16" slack="1"/>
<pin id="85625" dir="1" index="1" bw="16" slack="1"/>
</pin_list>
<bind>
<opset="add_ln58_4018 "/>
</bind>
</comp>

<comp id="85628" class="1005" name="add_ln58_4022_reg_85628">
<pin_list>
<pin id="85629" dir="0" index="0" bw="16" slack="1"/>
<pin id="85630" dir="1" index="1" bw="16" slack="1"/>
</pin_list>
<bind>
<opset="add_ln58_4022 "/>
</bind>
</comp>

<comp id="85633" class="1005" name="add_ln58_4024_reg_85633">
<pin_list>
<pin id="85634" dir="0" index="0" bw="16" slack="1"/>
<pin id="85635" dir="1" index="1" bw="16" slack="1"/>
</pin_list>
<bind>
<opset="add_ln58_4024 "/>
</bind>
</comp>

<comp id="85638" class="1005" name="add_ln58_4025_reg_85638">
<pin_list>
<pin id="85639" dir="0" index="0" bw="16" slack="1"/>
<pin id="85640" dir="1" index="1" bw="16" slack="1"/>
</pin_list>
<bind>
<opset="add_ln58_4025 "/>
</bind>
</comp>

<comp id="85643" class="1005" name="add_ln58_4029_reg_85643">
<pin_list>
<pin id="85644" dir="0" index="0" bw="16" slack="1"/>
<pin id="85645" dir="1" index="1" bw="16" slack="1"/>
</pin_list>
<bind>
<opset="add_ln58_4029 "/>
</bind>
</comp>

<comp id="85648" class="1005" name="add_ln58_4034_reg_85648">
<pin_list>
<pin id="85649" dir="0" index="0" bw="16" slack="1"/>
<pin id="85650" dir="1" index="1" bw="16" slack="1"/>
</pin_list>
<bind>
<opset="add_ln58_4034 "/>
</bind>
</comp>

<comp id="85653" class="1005" name="add_ln58_4037_reg_85653">
<pin_list>
<pin id="85654" dir="0" index="0" bw="16" slack="1"/>
<pin id="85655" dir="1" index="1" bw="16" slack="1"/>
</pin_list>
<bind>
<opset="add_ln58_4037 "/>
</bind>
</comp>

<comp id="85658" class="1005" name="add_ln58_4039_reg_85658">
<pin_list>
<pin id="85659" dir="0" index="0" bw="16" slack="1"/>
<pin id="85660" dir="1" index="1" bw="16" slack="1"/>
</pin_list>
<bind>
<opset="add_ln58_4039 "/>
</bind>
</comp>

<comp id="85663" class="1005" name="add_ln58_4040_reg_85663">
<pin_list>
<pin id="85664" dir="0" index="0" bw="16" slack="1"/>
<pin id="85665" dir="1" index="1" bw="16" slack="1"/>
</pin_list>
<bind>
<opset="add_ln58_4040 "/>
</bind>
</comp>

<comp id="85668" class="1005" name="add_ln58_4044_reg_85668">
<pin_list>
<pin id="85669" dir="0" index="0" bw="16" slack="1"/>
<pin id="85670" dir="1" index="1" bw="16" slack="1"/>
</pin_list>
<bind>
<opset="add_ln58_4044 "/>
</bind>
</comp>

</comp_list>

<net_list>
<net id="424"><net_src comp="64" pin="0"/><net_sink comp="420" pin=0"/></net>

<net id="425"><net_src comp="62" pin="0"/><net_sink comp="420" pin=1"/></net>

<net id="430"><net_src comp="64" pin="0"/><net_sink comp="426" pin=0"/></net>

<net id="431"><net_src comp="60" pin="0"/><net_sink comp="426" pin=1"/></net>

<net id="436"><net_src comp="64" pin="0"/><net_sink comp="432" pin=0"/></net>

<net id="437"><net_src comp="58" pin="0"/><net_sink comp="432" pin=1"/></net>

<net id="442"><net_src comp="64" pin="0"/><net_sink comp="438" pin=0"/></net>

<net id="443"><net_src comp="56" pin="0"/><net_sink comp="438" pin=1"/></net>

<net id="448"><net_src comp="64" pin="0"/><net_sink comp="444" pin=0"/></net>

<net id="449"><net_src comp="54" pin="0"/><net_sink comp="444" pin=1"/></net>

<net id="454"><net_src comp="64" pin="0"/><net_sink comp="450" pin=0"/></net>

<net id="455"><net_src comp="52" pin="0"/><net_sink comp="450" pin=1"/></net>

<net id="460"><net_src comp="64" pin="0"/><net_sink comp="456" pin=0"/></net>

<net id="461"><net_src comp="50" pin="0"/><net_sink comp="456" pin=1"/></net>

<net id="466"><net_src comp="64" pin="0"/><net_sink comp="462" pin=0"/></net>

<net id="467"><net_src comp="48" pin="0"/><net_sink comp="462" pin=1"/></net>

<net id="472"><net_src comp="64" pin="0"/><net_sink comp="468" pin=0"/></net>

<net id="473"><net_src comp="46" pin="0"/><net_sink comp="468" pin=1"/></net>

<net id="478"><net_src comp="64" pin="0"/><net_sink comp="474" pin=0"/></net>

<net id="479"><net_src comp="44" pin="0"/><net_sink comp="474" pin=1"/></net>

<net id="484"><net_src comp="64" pin="0"/><net_sink comp="480" pin=0"/></net>

<net id="485"><net_src comp="42" pin="0"/><net_sink comp="480" pin=1"/></net>

<net id="490"><net_src comp="64" pin="0"/><net_sink comp="486" pin=0"/></net>

<net id="491"><net_src comp="40" pin="0"/><net_sink comp="486" pin=1"/></net>

<net id="496"><net_src comp="64" pin="0"/><net_sink comp="492" pin=0"/></net>

<net id="497"><net_src comp="38" pin="0"/><net_sink comp="492" pin=1"/></net>

<net id="502"><net_src comp="64" pin="0"/><net_sink comp="498" pin=0"/></net>

<net id="503"><net_src comp="36" pin="0"/><net_sink comp="498" pin=1"/></net>

<net id="508"><net_src comp="64" pin="0"/><net_sink comp="504" pin=0"/></net>

<net id="509"><net_src comp="34" pin="0"/><net_sink comp="504" pin=1"/></net>

<net id="514"><net_src comp="64" pin="0"/><net_sink comp="510" pin=0"/></net>

<net id="515"><net_src comp="32" pin="0"/><net_sink comp="510" pin=1"/></net>

<net id="520"><net_src comp="64" pin="0"/><net_sink comp="516" pin=0"/></net>

<net id="521"><net_src comp="30" pin="0"/><net_sink comp="516" pin=1"/></net>

<net id="526"><net_src comp="64" pin="0"/><net_sink comp="522" pin=0"/></net>

<net id="527"><net_src comp="28" pin="0"/><net_sink comp="522" pin=1"/></net>

<net id="532"><net_src comp="64" pin="0"/><net_sink comp="528" pin=0"/></net>

<net id="533"><net_src comp="26" pin="0"/><net_sink comp="528" pin=1"/></net>

<net id="538"><net_src comp="64" pin="0"/><net_sink comp="534" pin=0"/></net>

<net id="539"><net_src comp="24" pin="0"/><net_sink comp="534" pin=1"/></net>

<net id="544"><net_src comp="64" pin="0"/><net_sink comp="540" pin=0"/></net>

<net id="545"><net_src comp="22" pin="0"/><net_sink comp="540" pin=1"/></net>

<net id="550"><net_src comp="64" pin="0"/><net_sink comp="546" pin=0"/></net>

<net id="551"><net_src comp="20" pin="0"/><net_sink comp="546" pin=1"/></net>

<net id="556"><net_src comp="64" pin="0"/><net_sink comp="552" pin=0"/></net>

<net id="557"><net_src comp="18" pin="0"/><net_sink comp="552" pin=1"/></net>

<net id="562"><net_src comp="64" pin="0"/><net_sink comp="558" pin=0"/></net>

<net id="563"><net_src comp="16" pin="0"/><net_sink comp="558" pin=1"/></net>

<net id="568"><net_src comp="64" pin="0"/><net_sink comp="564" pin=0"/></net>

<net id="569"><net_src comp="14" pin="0"/><net_sink comp="564" pin=1"/></net>

<net id="574"><net_src comp="64" pin="0"/><net_sink comp="570" pin=0"/></net>

<net id="575"><net_src comp="12" pin="0"/><net_sink comp="570" pin=1"/></net>

<net id="580"><net_src comp="64" pin="0"/><net_sink comp="576" pin=0"/></net>

<net id="581"><net_src comp="10" pin="0"/><net_sink comp="576" pin=1"/></net>

<net id="586"><net_src comp="64" pin="0"/><net_sink comp="582" pin=0"/></net>

<net id="587"><net_src comp="8" pin="0"/><net_sink comp="582" pin=1"/></net>

<net id="592"><net_src comp="64" pin="0"/><net_sink comp="588" pin=0"/></net>

<net id="593"><net_src comp="6" pin="0"/><net_sink comp="588" pin=1"/></net>

<net id="598"><net_src comp="64" pin="0"/><net_sink comp="594" pin=0"/></net>

<net id="599"><net_src comp="4" pin="0"/><net_sink comp="594" pin=1"/></net>

<net id="604"><net_src comp="64" pin="0"/><net_sink comp="600" pin=0"/></net>

<net id="605"><net_src comp="2" pin="0"/><net_sink comp="600" pin=1"/></net>

<net id="610"><net_src comp="64" pin="0"/><net_sink comp="606" pin=0"/></net>

<net id="611"><net_src comp="0" pin="0"/><net_sink comp="606" pin=1"/></net>

<net id="80775"><net_src comp="66" pin="0"/><net_sink comp="755" pin=1"/></net>

<net id="80779"><net_src comp="74" pin="0"/><net_sink comp="754" pin=1"/></net>

<net id="80783"><net_src comp="80" pin="0"/><net_sink comp="646" pin=1"/></net>

<net id="80787"><net_src comp="86" pin="0"/><net_sink comp="662" pin=1"/></net>

<net id="80791"><net_src comp="88" pin="0"/><net_sink comp="738" pin=1"/></net>

<net id="80795"><net_src comp="90" pin="0"/><net_sink comp="767" pin=1"/></net>

<net id="80799"><net_src comp="92" pin="0"/><net_sink comp="752" pin=1"/></net>

<net id="80803"><net_src comp="94" pin="0"/><net_sink comp="644" pin=1"/></net>

<net id="80807"><net_src comp="96" pin="0"/><net_sink comp="621" pin=1"/></net>

<net id="80811"><net_src comp="98" pin="0"/><net_sink comp="622" pin=1"/></net>

<net id="80815"><net_src comp="106" pin="0"/><net_sink comp="692" pin=1"/></net>

<net id="80819"><net_src comp="108" pin="0"/><net_sink comp="616" pin=1"/></net>

<net id="80823"><net_src comp="110" pin="0"/><net_sink comp="768" pin=1"/></net>

<net id="80827"><net_src comp="112" pin="0"/><net_sink comp="682" pin=1"/></net>

<net id="80831"><net_src comp="118" pin="0"/><net_sink comp="719" pin=1"/></net>

<net id="80835"><net_src comp="120" pin="0"/><net_sink comp="683" pin=1"/></net>

<net id="80839"><net_src comp="122" pin="0"/><net_sink comp="698" pin=1"/></net>

<net id="80843"><net_src comp="132" pin="0"/><net_sink comp="671" pin=1"/></net>

<net id="80847"><net_src comp="134" pin="0"/><net_sink comp="647" pin=1"/></net>

<net id="80851"><net_src comp="136" pin="0"/><net_sink comp="613" pin=1"/></net>

<net id="80855"><net_src comp="138" pin="0"/><net_sink comp="659" pin=1"/></net>

<net id="80859"><net_src comp="140" pin="0"/><net_sink comp="710" pin=1"/></net>

<net id="80863"><net_src comp="142" pin="0"/><net_sink comp="655" pin=1"/></net>

<net id="80867"><net_src comp="144" pin="0"/><net_sink comp="771" pin=1"/></net>

<net id="80871"><net_src comp="146" pin="0"/><net_sink comp="726" pin=1"/></net>

<net id="80875"><net_src comp="136" pin="0"/><net_sink comp="693" pin=1"/></net>

<net id="80879"><net_src comp="148" pin="0"/><net_sink comp="722" pin=1"/></net>

<net id="80883"><net_src comp="150" pin="0"/><net_sink comp="709" pin=1"/></net>

<net id="80887"><net_src comp="152" pin="0"/><net_sink comp="675" pin=1"/></net>

<net id="80891"><net_src comp="162" pin="0"/><net_sink comp="735" pin=1"/></net>

<net id="80895"><net_src comp="164" pin="0"/><net_sink comp="649" pin=1"/></net>

<net id="80899"><net_src comp="166" pin="0"/><net_sink comp="633" pin=1"/></net>

<net id="80903"><net_src comp="168" pin="0"/><net_sink comp="697" pin=1"/></net>

<net id="80907"><net_src comp="170" pin="0"/><net_sink comp="712" pin=1"/></net>

<net id="80911"><net_src comp="172" pin="0"/><net_sink comp="733" pin=1"/></net>

<net id="80915"><net_src comp="178" pin="0"/><net_sink comp="677" pin=1"/></net>

<net id="80919"><net_src comp="180" pin="0"/><net_sink comp="654" pin=1"/></net>

<net id="80923"><net_src comp="192" pin="0"/><net_sink comp="702" pin=1"/></net>

<net id="80927"><net_src comp="194" pin="0"/><net_sink comp="717" pin=1"/></net>

<net id="80931"><net_src comp="196" pin="0"/><net_sink comp="731" pin=1"/></net>

<net id="80935"><net_src comp="198" pin="0"/><net_sink comp="727" pin=1"/></net>

<net id="80939"><net_src comp="200" pin="0"/><net_sink comp="652" pin=1"/></net>

<net id="80943"><net_src comp="202" pin="0"/><net_sink comp="627" pin=1"/></net>

<net id="80947"><net_src comp="204" pin="0"/><net_sink comp="631" pin=1"/></net>

<net id="80951"><net_src comp="206" pin="0"/><net_sink comp="723" pin=1"/></net>

<net id="80955"><net_src comp="208" pin="0"/><net_sink comp="725" pin=1"/></net>

<net id="80959"><net_src comp="210" pin="0"/><net_sink comp="680" pin=1"/></net>

<net id="80963"><net_src comp="212" pin="0"/><net_sink comp="704" pin=1"/></net>

<net id="80967"><net_src comp="214" pin="0"/><net_sink comp="720" pin=1"/></net>

<net id="80971"><net_src comp="222" pin="0"/><net_sink comp="728" pin=1"/></net>

<net id="80975"><net_src comp="224" pin="0"/><net_sink comp="764" pin=1"/></net>

<net id="80979"><net_src comp="226" pin="0"/><net_sink comp="730" pin=1"/></net>

<net id="80983"><net_src comp="228" pin="0"/><net_sink comp="770" pin=1"/></net>

<net id="80987"><net_src comp="234" pin="0"/><net_sink comp="711" pin=1"/></net>

<net id="80991"><net_src comp="236" pin="0"/><net_sink comp="684" pin=1"/></net>

<net id="80995"><net_src comp="238" pin="0"/><net_sink comp="706" pin=1"/></net>

<net id="80999"><net_src comp="240" pin="0"/><net_sink comp="630" pin=1"/></net>

<net id="81003"><net_src comp="242" pin="0"/><net_sink comp="694" pin=1"/></net>

<net id="81007"><net_src comp="244" pin="0"/><net_sink comp="721" pin=1"/></net>

<net id="81011"><net_src comp="246" pin="0"/><net_sink comp="651" pin=1"/></net>

<net id="81015"><net_src comp="248" pin="0"/><net_sink comp="743" pin=1"/></net>

<net id="81019"><net_src comp="250" pin="0"/><net_sink comp="660" pin=1"/></net>

<net id="81023"><net_src comp="252" pin="0"/><net_sink comp="629" pin=1"/></net>

<net id="81027"><net_src comp="254" pin="0"/><net_sink comp="732" pin=1"/></net>

<net id="81031"><net_src comp="256" pin="0"/><net_sink comp="701" pin=1"/></net>

<net id="81035"><net_src comp="258" pin="0"/><net_sink comp="657" pin=1"/></net>

<net id="81039"><net_src comp="260" pin="0"/><net_sink comp="672" pin=1"/></net>

<net id="81043"><net_src comp="262" pin="0"/><net_sink comp="679" pin=1"/></net>

<net id="81047"><net_src comp="264" pin="0"/><net_sink comp="634" pin=1"/></net>

<net id="81051"><net_src comp="266" pin="0"/><net_sink comp="674" pin=1"/></net>

<net id="81055"><net_src comp="268" pin="0"/><net_sink comp="739" pin=1"/></net>

<net id="81059"><net_src comp="270" pin="0"/><net_sink comp="670" pin=1"/></net>

<net id="81063"><net_src comp="272" pin="0"/><net_sink comp="748" pin=1"/></net>

<net id="81067"><net_src comp="274" pin="0"/><net_sink comp="758" pin=1"/></net>

<net id="81071"><net_src comp="94" pin="0"/><net_sink comp="661" pin=1"/></net>

<net id="81075"><net_src comp="286" pin="0"/><net_sink comp="737" pin=1"/></net>

<net id="81079"><net_src comp="292" pin="0"/><net_sink comp="766" pin=1"/></net>

<net id="81083"><net_src comp="294" pin="0"/><net_sink comp="760" pin=1"/></net>

<net id="81087"><net_src comp="296" pin="0"/><net_sink comp="628" pin=1"/></net>

<net id="81091"><net_src comp="302" pin="0"/><net_sink comp="648" pin=1"/></net>

<net id="81095"><net_src comp="304" pin="0"/><net_sink comp="614" pin=1"/></net>

<net id="81099"><net_src comp="310" pin="0"/><net_sink comp="615" pin=1"/></net>

<net id="81103"><net_src comp="312" pin="0"/><net_sink comp="762" pin=1"/></net>

<net id="81107"><net_src comp="314" pin="0"/><net_sink comp="756" pin=1"/></net>

<net id="81111"><net_src comp="316" pin="0"/><net_sink comp="635" pin=1"/></net>

<net id="81115"><net_src comp="318" pin="0"/><net_sink comp="664" pin=1"/></net>

<net id="81119"><net_src comp="320" pin="0"/><net_sink comp="641" pin=1"/></net>

<net id="81123"><net_src comp="322" pin="0"/><net_sink comp="753" pin=1"/></net>

<net id="81127"><net_src comp="296" pin="0"/><net_sink comp="691" pin=1"/></net>

<net id="81131"><net_src comp="324" pin="0"/><net_sink comp="759" pin=1"/></net>

<net id="81135"><net_src comp="326" pin="0"/><net_sink comp="736" pin=1"/></net>

<net id="81139"><net_src comp="328" pin="0"/><net_sink comp="769" pin=1"/></net>

<net id="81143"><net_src comp="330" pin="0"/><net_sink comp="765" pin=1"/></net>

<net id="81147"><net_src comp="332" pin="0"/><net_sink comp="703" pin=1"/></net>

<net id="81151"><net_src comp="202" pin="0"/><net_sink comp="620" pin=1"/></net>

<net id="81155"><net_src comp="334" pin="0"/><net_sink comp="734" pin=1"/></net>

<net id="81159"><net_src comp="336" pin="0"/><net_sink comp="678" pin=1"/></net>

<net id="81163"><net_src comp="94" pin="0"/><net_sink comp="666" pin=1"/></net>

<net id="81167"><net_src comp="338" pin="0"/><net_sink comp="673" pin=1"/></net>

<net id="81171"><net_src comp="340" pin="0"/><net_sink comp="751" pin=1"/></net>

<net id="81175"><net_src comp="342" pin="0"/><net_sink comp="696" pin=1"/></net>

<net id="81179"><net_src comp="344" pin="0"/><net_sink comp="676" pin=1"/></net>

<net id="81183"><net_src comp="346" pin="0"/><net_sink comp="642" pin=1"/></net>

<net id="81187"><net_src comp="348" pin="0"/><net_sink comp="669" pin=1"/></net>

<net id="81191"><net_src comp="350" pin="0"/><net_sink comp="690" pin=1"/></net>

<net id="81195"><net_src comp="352" pin="0"/><net_sink comp="705" pin=1"/></net>

<net id="81199"><net_src comp="354" pin="0"/><net_sink comp="685" pin=1"/></net>

<net id="81203"><net_src comp="356" pin="0"/><net_sink comp="744" pin=1"/></net>

<net id="81207"><net_src comp="358" pin="0"/><net_sink comp="658" pin=1"/></net>

<net id="81211"><net_src comp="360" pin="0"/><net_sink comp="618" pin=1"/></net>

<net id="81215"><net_src comp="362" pin="0"/><net_sink comp="612" pin=1"/></net>

<net id="81219"><net_src comp="364" pin="0"/><net_sink comp="724" pin=1"/></net>

<net id="81223"><net_src comp="366" pin="0"/><net_sink comp="742" pin=1"/></net>

<net id="81227"><net_src comp="368" pin="0"/><net_sink comp="645" pin=1"/></net>

<net id="81231"><net_src comp="370" pin="0"/><net_sink comp="663" pin=1"/></net>

<net id="81235"><net_src comp="374" pin="0"/><net_sink comp="715" pin=1"/></net>

<net id="81239"><net_src comp="376" pin="0"/><net_sink comp="716" pin=1"/></net>

<net id="81243"><net_src comp="378" pin="0"/><net_sink comp="740" pin=1"/></net>

<net id="81247"><net_src comp="380" pin="0"/><net_sink comp="695" pin=1"/></net>

<net id="81251"><net_src comp="382" pin="0"/><net_sink comp="700" pin=1"/></net>

<net id="81255"><net_src comp="384" pin="0"/><net_sink comp="643" pin=1"/></net>

<net id="81259"><net_src comp="386" pin="0"/><net_sink comp="749" pin=1"/></net>

<net id="81263"><net_src comp="388" pin="0"/><net_sink comp="638" pin=1"/></net>

<net id="81267"><net_src comp="390" pin="0"/><net_sink comp="619" pin=1"/></net>

<net id="81271"><net_src comp="392" pin="0"/><net_sink comp="681" pin=1"/></net>

<net id="81651"><net_src comp="606" pin="2"/><net_sink comp="81648" pin=0"/></net>

<net id="81652"><net_src comp="81648" pin="1"/><net_sink comp="755" pin=0"/></net>

<net id="81653"><net_src comp="81648" pin="1"/><net_sink comp="662" pin=0"/></net>

<net id="81654"><net_src comp="81648" pin="1"/><net_sink comp="738" pin=0"/></net>

<net id="81658"><net_src comp="606" pin="2"/><net_sink comp="81655" pin=0"/></net>

<net id="81659"><net_src comp="81655" pin="1"/><net_sink comp="646" pin=0"/></net>

<net id="81663"><net_src comp="606" pin="2"/><net_sink comp="81660" pin=0"/></net>

<net id="81664"><net_src comp="81660" pin="1"/><net_sink comp="754" pin=0"/></net>

<net id="81671"><net_src comp="68" pin="0"/><net_sink comp="81665" pin=0"/></net>

<net id="81672"><net_src comp="755" pin="2"/><net_sink comp="81665" pin=1"/></net>

<net id="81673"><net_src comp="70" pin="0"/><net_sink comp="81665" pin=2"/></net>

<net id="81674"><net_src comp="72" pin="0"/><net_sink comp="81665" pin=3"/></net>

<net id="81681"><net_src comp="76" pin="0"/><net_sink comp="81675" pin=0"/></net>

<net id="81682"><net_src comp="754" pin="2"/><net_sink comp="81675" pin=1"/></net>

<net id="81683"><net_src comp="70" pin="0"/><net_sink comp="81675" pin=2"/></net>

<net id="81684"><net_src comp="78" pin="0"/><net_sink comp="81675" pin=3"/></net>

<net id="81688"><net_src comp="81675" pin="4"/><net_sink comp="81685" pin=0"/></net>

<net id="81695"><net_src comp="82" pin="0"/><net_sink comp="81689" pin=0"/></net>

<net id="81696"><net_src comp="646" pin="2"/><net_sink comp="81689" pin=1"/></net>

<net id="81697"><net_src comp="70" pin="0"/><net_sink comp="81689" pin=2"/></net>

<net id="81698"><net_src comp="84" pin="0"/><net_sink comp="81689" pin=3"/></net>

<net id="81702"><net_src comp="81689" pin="4"/><net_sink comp="81699" pin=0"/></net>

<net id="81709"><net_src comp="68" pin="0"/><net_sink comp="81703" pin=0"/></net>

<net id="81710"><net_src comp="662" pin="2"/><net_sink comp="81703" pin=1"/></net>

<net id="81711"><net_src comp="70" pin="0"/><net_sink comp="81703" pin=2"/></net>

<net id="81712"><net_src comp="72" pin="0"/><net_sink comp="81703" pin=3"/></net>

<net id="81719"><net_src comp="68" pin="0"/><net_sink comp="81713" pin=0"/></net>

<net id="81720"><net_src comp="738" pin="2"/><net_sink comp="81713" pin=1"/></net>

<net id="81721"><net_src comp="70" pin="0"/><net_sink comp="81713" pin=2"/></net>

<net id="81722"><net_src comp="72" pin="0"/><net_sink comp="81713" pin=3"/></net>

<net id="81726"><net_src comp="600" pin="2"/><net_sink comp="81723" pin=0"/></net>

<net id="81727"><net_src comp="81723" pin="1"/><net_sink comp="621" pin=0"/></net>

<net id="81731"><net_src comp="600" pin="2"/><net_sink comp="81728" pin=0"/></net>

<net id="81732"><net_src comp="81728" pin="1"/><net_sink comp="644" pin=0"/></net>

<net id="81736"><net_src comp="600" pin="2"/><net_sink comp="81733" pin=0"/></net>

<net id="81737"><net_src comp="81733" pin="1"/><net_sink comp="767" pin=0"/></net>

<net id="81738"><net_src comp="81733" pin="1"/><net_sink comp="752" pin=0"/></net>

<net id="81739"><net_src comp="81733" pin="1"/><net_sink comp="622" pin=0"/></net>

<net id="81746"><net_src comp="68" pin="0"/><net_sink comp="81740" pin=0"/></net>

<net id="81747"><net_src comp="767" pin="2"/><net_sink comp="81740" pin=1"/></net>

<net id="81748"><net_src comp="70" pin="0"/><net_sink comp="81740" pin=2"/></net>

<net id="81749"><net_src comp="72" pin="0"/><net_sink comp="81740" pin=3"/></net>

<net id="81756"><net_src comp="68" pin="0"/><net_sink comp="81750" pin=0"/></net>

<net id="81757"><net_src comp="752" pin="2"/><net_sink comp="81750" pin=1"/></net>

<net id="81758"><net_src comp="70" pin="0"/><net_sink comp="81750" pin=2"/></net>

<net id="81759"><net_src comp="72" pin="0"/><net_sink comp="81750" pin=3"/></net>

<net id="81766"><net_src comp="76" pin="0"/><net_sink comp="81760" pin=0"/></net>

<net id="81767"><net_src comp="644" pin="2"/><net_sink comp="81760" pin=1"/></net>

<net id="81768"><net_src comp="70" pin="0"/><net_sink comp="81760" pin=2"/></net>

<net id="81769"><net_src comp="78" pin="0"/><net_sink comp="81760" pin=3"/></net>

<net id="81773"><net_src comp="81760" pin="4"/><net_sink comp="81770" pin=0"/></net>

<net id="81780"><net_src comp="82" pin="0"/><net_sink comp="81774" pin=0"/></net>

<net id="81781"><net_src comp="621" pin="2"/><net_sink comp="81774" pin=1"/></net>

<net id="81782"><net_src comp="70" pin="0"/><net_sink comp="81774" pin=2"/></net>

<net id="81783"><net_src comp="84" pin="0"/><net_sink comp="81774" pin=3"/></net>

<net id="81787"><net_src comp="81774" pin="4"/><net_sink comp="81784" pin=0"/></net>

<net id="81794"><net_src comp="68" pin="0"/><net_sink comp="81788" pin=0"/></net>

<net id="81795"><net_src comp="622" pin="2"/><net_sink comp="81788" pin=1"/></net>

<net id="81796"><net_src comp="70" pin="0"/><net_sink comp="81788" pin=2"/></net>

<net id="81797"><net_src comp="72" pin="0"/><net_sink comp="81788" pin=3"/></net>

<net id="81801"><net_src comp="594" pin="2"/><net_sink comp="81798" pin=0"/></net>

<net id="81806"><net_src comp="100" pin="0"/><net_sink comp="81802" pin=0"/></net>

<net id="81807"><net_src comp="81798" pin="1"/><net_sink comp="81802" pin=1"/></net>

<net id="81814"><net_src comp="102" pin="0"/><net_sink comp="81808" pin=0"/></net>

<net id="81815"><net_src comp="81802" pin="2"/><net_sink comp="81808" pin=1"/></net>

<net id="81816"><net_src comp="70" pin="0"/><net_sink comp="81808" pin=2"/></net>

<net id="81817"><net_src comp="104" pin="0"/><net_sink comp="81808" pin=3"/></net>

<net id="81821"><net_src comp="81808" pin="4"/><net_sink comp="81818" pin=0"/></net>

<net id="81825"><net_src comp="81808" pin="4"/><net_sink comp="81822" pin=0"/></net>

<net id="81829"><net_src comp="588" pin="2"/><net_sink comp="81826" pin=0"/></net>

<net id="81834"><net_src comp="100" pin="0"/><net_sink comp="81830" pin=0"/></net>

<net id="81835"><net_src comp="81826" pin="1"/><net_sink comp="81830" pin=1"/></net>

<net id="81842"><net_src comp="102" pin="0"/><net_sink comp="81836" pin=0"/></net>

<net id="81843"><net_src comp="81830" pin="2"/><net_sink comp="81836" pin=1"/></net>

<net id="81844"><net_src comp="70" pin="0"/><net_sink comp="81836" pin=2"/></net>

<net id="81845"><net_src comp="104" pin="0"/><net_sink comp="81836" pin=3"/></net>

<net id="81849"><net_src comp="81836" pin="4"/><net_sink comp="81846" pin=0"/></net>

<net id="81853"><net_src comp="81836" pin="4"/><net_sink comp="81850" pin=0"/></net>

<net id="81857"><net_src comp="582" pin="2"/><net_sink comp="81854" pin=0"/></net>

<net id="81858"><net_src comp="81854" pin="1"/><net_sink comp="682" pin=0"/></net>

<net id="81862"><net_src comp="582" pin="2"/><net_sink comp="81859" pin=0"/></net>

<net id="81863"><net_src comp="81859" pin="1"/><net_sink comp="768" pin=0"/></net>

<net id="81867"><net_src comp="582" pin="2"/><net_sink comp="81864" pin=0"/></net>

<net id="81868"><net_src comp="81864" pin="1"/><net_sink comp="692" pin=0"/></net>

<net id="81869"><net_src comp="81864" pin="1"/><net_sink comp="616" pin=0"/></net>

<net id="81870"><net_src comp="81864" pin="1"/><net_sink comp="719" pin=0"/></net>

<net id="81877"><net_src comp="68" pin="0"/><net_sink comp="81871" pin=0"/></net>

<net id="81878"><net_src comp="692" pin="2"/><net_sink comp="81871" pin=1"/></net>

<net id="81879"><net_src comp="70" pin="0"/><net_sink comp="81871" pin=2"/></net>

<net id="81880"><net_src comp="72" pin="0"/><net_sink comp="81871" pin=3"/></net>

<net id="81887"><net_src comp="68" pin="0"/><net_sink comp="81881" pin=0"/></net>

<net id="81888"><net_src comp="616" pin="2"/><net_sink comp="81881" pin=1"/></net>

<net id="81889"><net_src comp="70" pin="0"/><net_sink comp="81881" pin=2"/></net>

<net id="81890"><net_src comp="72" pin="0"/><net_sink comp="81881" pin=3"/></net>

<net id="81897"><net_src comp="76" pin="0"/><net_sink comp="81891" pin=0"/></net>

<net id="81898"><net_src comp="768" pin="2"/><net_sink comp="81891" pin=1"/></net>

<net id="81899"><net_src comp="70" pin="0"/><net_sink comp="81891" pin=2"/></net>

<net id="81900"><net_src comp="78" pin="0"/><net_sink comp="81891" pin=3"/></net>

<net id="81904"><net_src comp="81891" pin="4"/><net_sink comp="81901" pin=0"/></net>

<net id="81911"><net_src comp="114" pin="0"/><net_sink comp="81905" pin=0"/></net>

<net id="81912"><net_src comp="682" pin="2"/><net_sink comp="81905" pin=1"/></net>

<net id="81913"><net_src comp="70" pin="0"/><net_sink comp="81905" pin=2"/></net>

<net id="81914"><net_src comp="116" pin="0"/><net_sink comp="81905" pin=3"/></net>

<net id="81918"><net_src comp="81905" pin="4"/><net_sink comp="81915" pin=0"/></net>

<net id="81925"><net_src comp="68" pin="0"/><net_sink comp="81919" pin=0"/></net>

<net id="81926"><net_src comp="719" pin="2"/><net_sink comp="81919" pin=1"/></net>

<net id="81927"><net_src comp="70" pin="0"/><net_sink comp="81919" pin=2"/></net>

<net id="81928"><net_src comp="72" pin="0"/><net_sink comp="81919" pin=3"/></net>

<net id="81932"><net_src comp="576" pin="2"/><net_sink comp="81929" pin=0"/></net>

<net id="81933"><net_src comp="81929" pin="1"/><net_sink comp="647" pin=0"/></net>

<net id="81937"><net_src comp="576" pin="2"/><net_sink comp="81934" pin=0"/></net>

<net id="81938"><net_src comp="81934" pin="1"/><net_sink comp="683" pin=0"/></net>

<net id="81939"><net_src comp="81934" pin="1"/><net_sink comp="698" pin=0"/></net>

<net id="81940"><net_src comp="81934" pin="1"/><net_sink comp="671" pin=0"/></net>

<net id="81947"><net_src comp="68" pin="0"/><net_sink comp="81941" pin=0"/></net>

<net id="81948"><net_src comp="683" pin="2"/><net_sink comp="81941" pin=1"/></net>

<net id="81949"><net_src comp="70" pin="0"/><net_sink comp="81941" pin=2"/></net>

<net id="81950"><net_src comp="72" pin="0"/><net_sink comp="81941" pin=3"/></net>

<net id="81957"><net_src comp="68" pin="0"/><net_sink comp="81951" pin=0"/></net>

<net id="81958"><net_src comp="698" pin="2"/><net_sink comp="81951" pin=1"/></net>

<net id="81959"><net_src comp="70" pin="0"/><net_sink comp="81951" pin=2"/></net>

<net id="81960"><net_src comp="72" pin="0"/><net_sink comp="81951" pin=3"/></net>

<net id="81966"><net_src comp="124" pin="0"/><net_sink comp="81961" pin=0"/></net>

<net id="81967"><net_src comp="576" pin="2"/><net_sink comp="81961" pin=1"/></net>

<net id="81968"><net_src comp="126" pin="0"/><net_sink comp="81961" pin=2"/></net>

<net id="81972"><net_src comp="81961" pin="3"/><net_sink comp="81969" pin=0"/></net>

<net id="81978"><net_src comp="128" pin="0"/><net_sink comp="81973" pin=0"/></net>

<net id="81979"><net_src comp="576" pin="2"/><net_sink comp="81973" pin=1"/></net>

<net id="81980"><net_src comp="130" pin="0"/><net_sink comp="81973" pin=2"/></net>

<net id="81984"><net_src comp="81973" pin="3"/><net_sink comp="81981" pin=0"/></net>

<net id="81989"><net_src comp="81969" pin="1"/><net_sink comp="81985" pin=0"/></net>

<net id="81990"><net_src comp="81981" pin="1"/><net_sink comp="81985" pin=1"/></net>

<net id="81997"><net_src comp="114" pin="0"/><net_sink comp="81991" pin=0"/></net>

<net id="81998"><net_src comp="81985" pin="2"/><net_sink comp="81991" pin=1"/></net>

<net id="81999"><net_src comp="70" pin="0"/><net_sink comp="81991" pin=2"/></net>

<net id="82000"><net_src comp="116" pin="0"/><net_sink comp="81991" pin=3"/></net>

<net id="82004"><net_src comp="81991" pin="4"/><net_sink comp="82001" pin=0"/></net>

<net id="82011"><net_src comp="68" pin="0"/><net_sink comp="82005" pin=0"/></net>

<net id="82012"><net_src comp="671" pin="2"/><net_sink comp="82005" pin=1"/></net>

<net id="82013"><net_src comp="70" pin="0"/><net_sink comp="82005" pin=2"/></net>

<net id="82014"><net_src comp="72" pin="0"/><net_sink comp="82005" pin=3"/></net>

<net id="82021"><net_src comp="82" pin="0"/><net_sink comp="82015" pin=0"/></net>

<net id="82022"><net_src comp="647" pin="2"/><net_sink comp="82015" pin=1"/></net>

<net id="82023"><net_src comp="70" pin="0"/><net_sink comp="82015" pin=2"/></net>

<net id="82024"><net_src comp="84" pin="0"/><net_sink comp="82015" pin=3"/></net>

<net id="82028"><net_src comp="82015" pin="4"/><net_sink comp="82025" pin=0"/></net>

<net id="82032"><net_src comp="570" pin="2"/><net_sink comp="82029" pin=0"/></net>

<net id="82033"><net_src comp="82029" pin="1"/><net_sink comp="771" pin=0"/></net>

<net id="82037"><net_src comp="570" pin="2"/><net_sink comp="82034" pin=0"/></net>

<net id="82038"><net_src comp="82034" pin="1"/><net_sink comp="655" pin=0"/></net>

<net id="82042"><net_src comp="570" pin="2"/><net_sink comp="82039" pin=0"/></net>

<net id="82043"><net_src comp="82039" pin="1"/><net_sink comp="613" pin=0"/></net>

<net id="82044"><net_src comp="82039" pin="1"/><net_sink comp="659" pin=0"/></net>

<net id="82045"><net_src comp="82039" pin="1"/><net_sink comp="710" pin=0"/></net>

<net id="82052"><net_src comp="68" pin="0"/><net_sink comp="82046" pin=0"/></net>

<net id="82053"><net_src comp="613" pin="2"/><net_sink comp="82046" pin=1"/></net>

<net id="82054"><net_src comp="70" pin="0"/><net_sink comp="82046" pin=2"/></net>

<net id="82055"><net_src comp="72" pin="0"/><net_sink comp="82046" pin=3"/></net>

<net id="82062"><net_src comp="68" pin="0"/><net_sink comp="82056" pin=0"/></net>

<net id="82063"><net_src comp="659" pin="2"/><net_sink comp="82056" pin=1"/></net>

<net id="82064"><net_src comp="70" pin="0"/><net_sink comp="82056" pin=2"/></net>

<net id="82065"><net_src comp="72" pin="0"/><net_sink comp="82056" pin=3"/></net>

<net id="82072"><net_src comp="68" pin="0"/><net_sink comp="82066" pin=0"/></net>

<net id="82073"><net_src comp="710" pin="2"/><net_sink comp="82066" pin=1"/></net>

<net id="82074"><net_src comp="70" pin="0"/><net_sink comp="82066" pin=2"/></net>

<net id="82075"><net_src comp="72" pin="0"/><net_sink comp="82066" pin=3"/></net>

<net id="82082"><net_src comp="114" pin="0"/><net_sink comp="82076" pin=0"/></net>

<net id="82083"><net_src comp="655" pin="2"/><net_sink comp="82076" pin=1"/></net>

<net id="82084"><net_src comp="70" pin="0"/><net_sink comp="82076" pin=2"/></net>

<net id="82085"><net_src comp="116" pin="0"/><net_sink comp="82076" pin=3"/></net>

<net id="82089"><net_src comp="82076" pin="4"/><net_sink comp="82086" pin=0"/></net>

<net id="82096"><net_src comp="76" pin="0"/><net_sink comp="82090" pin=0"/></net>

<net id="82097"><net_src comp="771" pin="2"/><net_sink comp="82090" pin=1"/></net>

<net id="82098"><net_src comp="70" pin="0"/><net_sink comp="82090" pin=2"/></net>

<net id="82099"><net_src comp="78" pin="0"/><net_sink comp="82090" pin=3"/></net>

<net id="82103"><net_src comp="82090" pin="4"/><net_sink comp="82100" pin=0"/></net>

<net id="82107"><net_src comp="564" pin="2"/><net_sink comp="82104" pin=0"/></net>

<net id="82108"><net_src comp="82104" pin="1"/><net_sink comp="693" pin=0"/></net>

<net id="82109"><net_src comp="82104" pin="1"/><net_sink comp="722" pin=0"/></net>

<net id="82110"><net_src comp="82104" pin="1"/><net_sink comp="675" pin=0"/></net>

<net id="82114"><net_src comp="564" pin="2"/><net_sink comp="82111" pin=0"/></net>

<net id="82115"><net_src comp="82111" pin="1"/><net_sink comp="726" pin=0"/></net>

<net id="82116"><net_src comp="82111" pin="1"/><net_sink comp="709" pin=0"/></net>

<net id="82123"><net_src comp="82" pin="0"/><net_sink comp="82117" pin=0"/></net>

<net id="82124"><net_src comp="726" pin="2"/><net_sink comp="82117" pin=1"/></net>

<net id="82125"><net_src comp="70" pin="0"/><net_sink comp="82117" pin=2"/></net>

<net id="82126"><net_src comp="84" pin="0"/><net_sink comp="82117" pin=3"/></net>

<net id="82130"><net_src comp="82117" pin="4"/><net_sink comp="82127" pin=0"/></net>

<net id="82137"><net_src comp="68" pin="0"/><net_sink comp="82131" pin=0"/></net>

<net id="82138"><net_src comp="693" pin="2"/><net_sink comp="82131" pin=1"/></net>

<net id="82139"><net_src comp="70" pin="0"/><net_sink comp="82131" pin=2"/></net>

<net id="82140"><net_src comp="72" pin="0"/><net_sink comp="82131" pin=3"/></net>

<net id="82147"><net_src comp="68" pin="0"/><net_sink comp="82141" pin=0"/></net>

<net id="82148"><net_src comp="722" pin="2"/><net_sink comp="82141" pin=1"/></net>

<net id="82149"><net_src comp="70" pin="0"/><net_sink comp="82141" pin=2"/></net>

<net id="82150"><net_src comp="72" pin="0"/><net_sink comp="82141" pin=3"/></net>

<net id="82157"><net_src comp="82" pin="0"/><net_sink comp="82151" pin=0"/></net>

<net id="82158"><net_src comp="709" pin="2"/><net_sink comp="82151" pin=1"/></net>

<net id="82159"><net_src comp="70" pin="0"/><net_sink comp="82151" pin=2"/></net>

<net id="82160"><net_src comp="84" pin="0"/><net_sink comp="82151" pin=3"/></net>

<net id="82164"><net_src comp="82151" pin="4"/><net_sink comp="82161" pin=0"/></net>

<net id="82171"><net_src comp="68" pin="0"/><net_sink comp="82165" pin=0"/></net>

<net id="82172"><net_src comp="675" pin="2"/><net_sink comp="82165" pin=1"/></net>

<net id="82173"><net_src comp="70" pin="0"/><net_sink comp="82165" pin=2"/></net>

<net id="82174"><net_src comp="72" pin="0"/><net_sink comp="82165" pin=3"/></net>

<net id="82178"><net_src comp="558" pin="2"/><net_sink comp="82175" pin=0"/></net>

<net id="82179"><net_src comp="82175" pin="1"/><net_sink comp="649" pin=0"/></net>

<net id="82180"><net_src comp="82175" pin="1"/><net_sink comp="633" pin=0"/></net>

<net id="82184"><net_src comp="558" pin="2"/><net_sink comp="82181" pin=0"/></net>

<net id="82185"><net_src comp="82181" pin="1"/><net_sink comp="735" pin=0"/></net>

<net id="82186"><net_src comp="82181" pin="1"/><net_sink comp="697" pin=0"/></net>

<net id="82192"><net_src comp="154" pin="0"/><net_sink comp="82187" pin=0"/></net>

<net id="82193"><net_src comp="558" pin="2"/><net_sink comp="82187" pin=1"/></net>

<net id="82194"><net_src comp="156" pin="0"/><net_sink comp="82187" pin=2"/></net>

<net id="82198"><net_src comp="82187" pin="3"/><net_sink comp="82195" pin=0"/></net>

<net id="82204"><net_src comp="158" pin="0"/><net_sink comp="82199" pin=0"/></net>

<net id="82205"><net_src comp="558" pin="2"/><net_sink comp="82199" pin=1"/></net>

<net id="82206"><net_src comp="160" pin="0"/><net_sink comp="82199" pin=2"/></net>

<net id="82210"><net_src comp="82199" pin="3"/><net_sink comp="82207" pin=0"/></net>

<net id="82215"><net_src comp="82195" pin="1"/><net_sink comp="82211" pin=0"/></net>

<net id="82216"><net_src comp="82207" pin="1"/><net_sink comp="82211" pin=1"/></net>

<net id="82223"><net_src comp="82" pin="0"/><net_sink comp="82217" pin=0"/></net>

<net id="82224"><net_src comp="82211" pin="2"/><net_sink comp="82217" pin=1"/></net>

<net id="82225"><net_src comp="70" pin="0"/><net_sink comp="82217" pin=2"/></net>

<net id="82226"><net_src comp="84" pin="0"/><net_sink comp="82217" pin=3"/></net>

<net id="82230"><net_src comp="82217" pin="4"/><net_sink comp="82227" pin=0"/></net>

<net id="82237"><net_src comp="68" pin="0"/><net_sink comp="82231" pin=0"/></net>

<net id="82238"><net_src comp="735" pin="2"/><net_sink comp="82231" pin=1"/></net>

<net id="82239"><net_src comp="70" pin="0"/><net_sink comp="82231" pin=2"/></net>

<net id="82240"><net_src comp="72" pin="0"/><net_sink comp="82231" pin=3"/></net>

<net id="82247"><net_src comp="76" pin="0"/><net_sink comp="82241" pin=0"/></net>

<net id="82248"><net_src comp="649" pin="2"/><net_sink comp="82241" pin=1"/></net>

<net id="82249"><net_src comp="70" pin="0"/><net_sink comp="82241" pin=2"/></net>

<net id="82250"><net_src comp="78" pin="0"/><net_sink comp="82241" pin=3"/></net>

<net id="82254"><net_src comp="82241" pin="4"/><net_sink comp="82251" pin=0"/></net>

<net id="82261"><net_src comp="76" pin="0"/><net_sink comp="82255" pin=0"/></net>

<net id="82262"><net_src comp="633" pin="2"/><net_sink comp="82255" pin=1"/></net>

<net id="82263"><net_src comp="70" pin="0"/><net_sink comp="82255" pin=2"/></net>

<net id="82264"><net_src comp="78" pin="0"/><net_sink comp="82255" pin=3"/></net>

<net id="82268"><net_src comp="82255" pin="4"/><net_sink comp="82265" pin=0"/></net>

<net id="82275"><net_src comp="68" pin="0"/><net_sink comp="82269" pin=0"/></net>

<net id="82276"><net_src comp="697" pin="2"/><net_sink comp="82269" pin=1"/></net>

<net id="82277"><net_src comp="70" pin="0"/><net_sink comp="82269" pin=2"/></net>

<net id="82278"><net_src comp="72" pin="0"/><net_sink comp="82269" pin=3"/></net>

<net id="82282"><net_src comp="552" pin="2"/><net_sink comp="82279" pin=0"/></net>

<net id="82283"><net_src comp="82279" pin="1"/><net_sink comp="654" pin=0"/></net>

<net id="82287"><net_src comp="552" pin="2"/><net_sink comp="82284" pin=0"/></net>

<net id="82288"><net_src comp="82284" pin="1"/><net_sink comp="677" pin=0"/></net>

<net id="82292"><net_src comp="552" pin="2"/><net_sink comp="82289" pin=0"/></net>

<net id="82293"><net_src comp="82289" pin="1"/><net_sink comp="733" pin=0"/></net>

<net id="82297"><net_src comp="552" pin="2"/><net_sink comp="82294" pin=0"/></net>

<net id="82298"><net_src comp="82294" pin="1"/><net_sink comp="712" pin=0"/></net>

<net id="82305"><net_src comp="82" pin="0"/><net_sink comp="82299" pin=0"/></net>

<net id="82306"><net_src comp="712" pin="2"/><net_sink comp="82299" pin=1"/></net>

<net id="82307"><net_src comp="70" pin="0"/><net_sink comp="82299" pin=2"/></net>

<net id="82308"><net_src comp="84" pin="0"/><net_sink comp="82299" pin=3"/></net>

<net id="82312"><net_src comp="82299" pin="4"/><net_sink comp="82309" pin=0"/></net>

<net id="82319"><net_src comp="174" pin="0"/><net_sink comp="82313" pin=0"/></net>

<net id="82320"><net_src comp="733" pin="2"/><net_sink comp="82313" pin=1"/></net>

<net id="82321"><net_src comp="70" pin="0"/><net_sink comp="82313" pin=2"/></net>

<net id="82322"><net_src comp="176" pin="0"/><net_sink comp="82313" pin=3"/></net>

<net id="82326"><net_src comp="82313" pin="4"/><net_sink comp="82323" pin=0"/></net>

<net id="82333"><net_src comp="114" pin="0"/><net_sink comp="82327" pin=0"/></net>

<net id="82334"><net_src comp="677" pin="2"/><net_sink comp="82327" pin=1"/></net>

<net id="82335"><net_src comp="70" pin="0"/><net_sink comp="82327" pin=2"/></net>

<net id="82336"><net_src comp="116" pin="0"/><net_sink comp="82327" pin=3"/></net>

<net id="82340"><net_src comp="82327" pin="4"/><net_sink comp="82337" pin=0"/></net>

<net id="82347"><net_src comp="68" pin="0"/><net_sink comp="82341" pin=0"/></net>

<net id="82348"><net_src comp="654" pin="2"/><net_sink comp="82341" pin=1"/></net>

<net id="82349"><net_src comp="70" pin="0"/><net_sink comp="82341" pin=2"/></net>

<net id="82350"><net_src comp="72" pin="0"/><net_sink comp="82341" pin=3"/></net>

<net id="82356"><net_src comp="182" pin="0"/><net_sink comp="82351" pin=0"/></net>

<net id="82357"><net_src comp="552" pin="2"/><net_sink comp="82351" pin=1"/></net>

<net id="82358"><net_src comp="184" pin="0"/><net_sink comp="82351" pin=2"/></net>

<net id="82363"><net_src comp="186" pin="0"/><net_sink comp="82359" pin=0"/></net>

<net id="82364"><net_src comp="82351" pin="3"/><net_sink comp="82359" pin=1"/></net>

<net id="82370"><net_src comp="188" pin="0"/><net_sink comp="82365" pin=0"/></net>

<net id="82371"><net_src comp="552" pin="2"/><net_sink comp="82365" pin=1"/></net>

<net id="82372"><net_src comp="190" pin="0"/><net_sink comp="82365" pin=2"/></net>

<net id="82376"><net_src comp="82365" pin="3"/><net_sink comp="82373" pin=0"/></net>

<net id="82381"><net_src comp="82359" pin="2"/><net_sink comp="82377" pin=0"/></net>

<net id="82382"><net_src comp="82373" pin="1"/><net_sink comp="82377" pin=1"/></net>

<net id="82389"><net_src comp="68" pin="0"/><net_sink comp="82383" pin=0"/></net>

<net id="82390"><net_src comp="82377" pin="2"/><net_sink comp="82383" pin=1"/></net>

<net id="82391"><net_src comp="70" pin="0"/><net_sink comp="82383" pin=2"/></net>

<net id="82392"><net_src comp="72" pin="0"/><net_sink comp="82383" pin=3"/></net>

<net id="82396"><net_src comp="546" pin="2"/><net_sink comp="82393" pin=0"/></net>

<net id="82397"><net_src comp="82393" pin="1"/><net_sink comp="727" pin=0"/></net>

<net id="82401"><net_src comp="546" pin="2"/><net_sink comp="82398" pin=0"/></net>

<net id="82402"><net_src comp="82398" pin="1"/><net_sink comp="717" pin=0"/></net>

<net id="82403"><net_src comp="82398" pin="1"/><net_sink comp="731" pin=0"/></net>

<net id="82407"><net_src comp="546" pin="2"/><net_sink comp="82404" pin=0"/></net>

<net id="82408"><net_src comp="82404" pin="1"/><net_sink comp="702" pin=0"/></net>

<net id="82409"><net_src comp="82404" pin="1"/><net_sink comp="652" pin=0"/></net>

<net id="82416"><net_src comp="76" pin="0"/><net_sink comp="82410" pin=0"/></net>

<net id="82417"><net_src comp="702" pin="2"/><net_sink comp="82410" pin=1"/></net>

<net id="82418"><net_src comp="70" pin="0"/><net_sink comp="82410" pin=2"/></net>

<net id="82419"><net_src comp="78" pin="0"/><net_sink comp="82410" pin=3"/></net>

<net id="82423"><net_src comp="82410" pin="4"/><net_sink comp="82420" pin=0"/></net>

<net id="82430"><net_src comp="82" pin="0"/><net_sink comp="82424" pin=0"/></net>

<net id="82431"><net_src comp="717" pin="2"/><net_sink comp="82424" pin=1"/></net>

<net id="82432"><net_src comp="70" pin="0"/><net_sink comp="82424" pin=2"/></net>

<net id="82433"><net_src comp="84" pin="0"/><net_sink comp="82424" pin=3"/></net>

<net id="82437"><net_src comp="82424" pin="4"/><net_sink comp="82434" pin=0"/></net>

<net id="82444"><net_src comp="82" pin="0"/><net_sink comp="82438" pin=0"/></net>

<net id="82445"><net_src comp="731" pin="2"/><net_sink comp="82438" pin=1"/></net>

<net id="82446"><net_src comp="70" pin="0"/><net_sink comp="82438" pin=2"/></net>

<net id="82447"><net_src comp="84" pin="0"/><net_sink comp="82438" pin=3"/></net>

<net id="82451"><net_src comp="82438" pin="4"/><net_sink comp="82448" pin=0"/></net>

<net id="82458"><net_src comp="68" pin="0"/><net_sink comp="82452" pin=0"/></net>

<net id="82459"><net_src comp="727" pin="2"/><net_sink comp="82452" pin=1"/></net>

<net id="82460"><net_src comp="70" pin="0"/><net_sink comp="82452" pin=2"/></net>

<net id="82461"><net_src comp="72" pin="0"/><net_sink comp="82452" pin=3"/></net>

<net id="82468"><net_src comp="76" pin="0"/><net_sink comp="82462" pin=0"/></net>

<net id="82469"><net_src comp="652" pin="2"/><net_sink comp="82462" pin=1"/></net>

<net id="82470"><net_src comp="70" pin="0"/><net_sink comp="82462" pin=2"/></net>

<net id="82471"><net_src comp="78" pin="0"/><net_sink comp="82462" pin=3"/></net>

<net id="82475"><net_src comp="82462" pin="4"/><net_sink comp="82472" pin=0"/></net>

<net id="82479"><net_src comp="540" pin="2"/><net_sink comp="82476" pin=0"/></net>

<net id="82484"><net_src comp="100" pin="0"/><net_sink comp="82480" pin=0"/></net>

<net id="82485"><net_src comp="82476" pin="1"/><net_sink comp="82480" pin=1"/></net>

<net id="82492"><net_src comp="102" pin="0"/><net_sink comp="82486" pin=0"/></net>

<net id="82493"><net_src comp="82480" pin="2"/><net_sink comp="82486" pin=1"/></net>

<net id="82494"><net_src comp="70" pin="0"/><net_sink comp="82486" pin=2"/></net>

<net id="82495"><net_src comp="104" pin="0"/><net_sink comp="82486" pin=3"/></net>

<net id="82499"><net_src comp="82486" pin="4"/><net_sink comp="82496" pin=0"/></net>

<net id="82503"><net_src comp="534" pin="2"/><net_sink comp="82500" pin=0"/></net>

<net id="82504"><net_src comp="82500" pin="1"/><net_sink comp="723" pin=0"/></net>

<net id="82505"><net_src comp="82500" pin="1"/><net_sink comp="680" pin=0"/></net>

<net id="82509"><net_src comp="534" pin="2"/><net_sink comp="82506" pin=0"/></net>

<net id="82510"><net_src comp="82506" pin="1"/><net_sink comp="627" pin=0"/></net>

<net id="82511"><net_src comp="82506" pin="1"/><net_sink comp="631" pin=0"/></net>

<net id="82512"><net_src comp="82506" pin="1"/><net_sink comp="725" pin=0"/></net>

<net id="82519"><net_src comp="76" pin="0"/><net_sink comp="82513" pin=0"/></net>

<net id="82520"><net_src comp="627" pin="2"/><net_sink comp="82513" pin=1"/></net>

<net id="82521"><net_src comp="70" pin="0"/><net_sink comp="82513" pin=2"/></net>

<net id="82522"><net_src comp="78" pin="0"/><net_sink comp="82513" pin=3"/></net>

<net id="82526"><net_src comp="82513" pin="4"/><net_sink comp="82523" pin=0"/></net>

<net id="82533"><net_src comp="76" pin="0"/><net_sink comp="82527" pin=0"/></net>

<net id="82534"><net_src comp="631" pin="2"/><net_sink comp="82527" pin=1"/></net>

<net id="82535"><net_src comp="70" pin="0"/><net_sink comp="82527" pin=2"/></net>

<net id="82536"><net_src comp="78" pin="0"/><net_sink comp="82527" pin=3"/></net>

<net id="82540"><net_src comp="82527" pin="4"/><net_sink comp="82537" pin=0"/></net>

<net id="82547"><net_src comp="68" pin="0"/><net_sink comp="82541" pin=0"/></net>

<net id="82548"><net_src comp="723" pin="2"/><net_sink comp="82541" pin=1"/></net>

<net id="82549"><net_src comp="70" pin="0"/><net_sink comp="82541" pin=2"/></net>

<net id="82550"><net_src comp="72" pin="0"/><net_sink comp="82541" pin=3"/></net>

<net id="82557"><net_src comp="76" pin="0"/><net_sink comp="82551" pin=0"/></net>

<net id="82558"><net_src comp="725" pin="2"/><net_sink comp="82551" pin=1"/></net>

<net id="82559"><net_src comp="70" pin="0"/><net_sink comp="82551" pin=2"/></net>

<net id="82560"><net_src comp="78" pin="0"/><net_sink comp="82551" pin=3"/></net>

<net id="82564"><net_src comp="82551" pin="4"/><net_sink comp="82561" pin=0"/></net>

<net id="82571"><net_src comp="68" pin="0"/><net_sink comp="82565" pin=0"/></net>

<net id="82572"><net_src comp="680" pin="2"/><net_sink comp="82565" pin=1"/></net>

<net id="82573"><net_src comp="70" pin="0"/><net_sink comp="82565" pin=2"/></net>

<net id="82574"><net_src comp="72" pin="0"/><net_sink comp="82565" pin=3"/></net>

<net id="82578"><net_src comp="528" pin="2"/><net_sink comp="82575" pin=0"/></net>

<net id="82579"><net_src comp="82575" pin="1"/><net_sink comp="704" pin=0"/></net>

<net id="82580"><net_src comp="82575" pin="1"/><net_sink comp="728" pin=0"/></net>

<net id="82584"><net_src comp="528" pin="2"/><net_sink comp="82581" pin=0"/></net>

<net id="82585"><net_src comp="82581" pin="1"/><net_sink comp="720" pin=0"/></net>

<net id="82592"><net_src comp="68" pin="0"/><net_sink comp="82586" pin=0"/></net>

<net id="82593"><net_src comp="704" pin="2"/><net_sink comp="82586" pin=1"/></net>

<net id="82594"><net_src comp="70" pin="0"/><net_sink comp="82586" pin=2"/></net>

<net id="82595"><net_src comp="72" pin="0"/><net_sink comp="82586" pin=3"/></net>

<net id="82602"><net_src comp="82" pin="0"/><net_sink comp="82596" pin=0"/></net>

<net id="82603"><net_src comp="720" pin="2"/><net_sink comp="82596" pin=1"/></net>

<net id="82604"><net_src comp="70" pin="0"/><net_sink comp="82596" pin=2"/></net>

<net id="82605"><net_src comp="84" pin="0"/><net_sink comp="82596" pin=3"/></net>

<net id="82609"><net_src comp="82596" pin="4"/><net_sink comp="82606" pin=0"/></net>

<net id="82615"><net_src comp="128" pin="0"/><net_sink comp="82610" pin=0"/></net>

<net id="82616"><net_src comp="528" pin="2"/><net_sink comp="82610" pin=1"/></net>

<net id="82617"><net_src comp="130" pin="0"/><net_sink comp="82610" pin=2"/></net>

<net id="82621"><net_src comp="82610" pin="3"/><net_sink comp="82618" pin=0"/></net>

<net id="82626"><net_src comp="216" pin="0"/><net_sink comp="82622" pin=0"/></net>

<net id="82627"><net_src comp="82618" pin="1"/><net_sink comp="82622" pin=1"/></net>

<net id="82634"><net_src comp="218" pin="0"/><net_sink comp="82628" pin=0"/></net>

<net id="82635"><net_src comp="82622" pin="2"/><net_sink comp="82628" pin=1"/></net>

<net id="82636"><net_src comp="70" pin="0"/><net_sink comp="82628" pin=2"/></net>

<net id="82637"><net_src comp="220" pin="0"/><net_sink comp="82628" pin=3"/></net>

<net id="82641"><net_src comp="82628" pin="4"/><net_sink comp="82638" pin=0"/></net>

<net id="82648"><net_src comp="68" pin="0"/><net_sink comp="82642" pin=0"/></net>

<net id="82649"><net_src comp="728" pin="2"/><net_sink comp="82642" pin=1"/></net>

<net id="82650"><net_src comp="70" pin="0"/><net_sink comp="82642" pin=2"/></net>

<net id="82651"><net_src comp="72" pin="0"/><net_sink comp="82642" pin=3"/></net>

<net id="82655"><net_src comp="522" pin="2"/><net_sink comp="82652" pin=0"/></net>

<net id="82656"><net_src comp="82652" pin="1"/><net_sink comp="711" pin=0"/></net>

<net id="82660"><net_src comp="522" pin="2"/><net_sink comp="82657" pin=0"/></net>

<net id="82661"><net_src comp="82657" pin="1"/><net_sink comp="730" pin=0"/></net>

<net id="82665"><net_src comp="522" pin="2"/><net_sink comp="82662" pin=0"/></net>

<net id="82666"><net_src comp="82662" pin="1"/><net_sink comp="764" pin=0"/></net>

<net id="82667"><net_src comp="82662" pin="1"/><net_sink comp="770" pin=0"/></net>

<net id="82674"><net_src comp="68" pin="0"/><net_sink comp="82668" pin=0"/></net>

<net id="82675"><net_src comp="764" pin="2"/><net_sink comp="82668" pin=1"/></net>

<net id="82676"><net_src comp="70" pin="0"/><net_sink comp="82668" pin=2"/></net>

<net id="82677"><net_src comp="72" pin="0"/><net_sink comp="82668" pin=3"/></net>

<net id="82684"><net_src comp="76" pin="0"/><net_sink comp="82678" pin=0"/></net>

<net id="82685"><net_src comp="730" pin="2"/><net_sink comp="82678" pin=1"/></net>

<net id="82686"><net_src comp="70" pin="0"/><net_sink comp="82678" pin=2"/></net>

<net id="82687"><net_src comp="78" pin="0"/><net_sink comp="82678" pin=3"/></net>

<net id="82691"><net_src comp="82678" pin="4"/><net_sink comp="82688" pin=0"/></net>

<net id="82698"><net_src comp="68" pin="0"/><net_sink comp="82692" pin=0"/></net>

<net id="82699"><net_src comp="770" pin="2"/><net_sink comp="82692" pin=1"/></net>

<net id="82700"><net_src comp="70" pin="0"/><net_sink comp="82692" pin=2"/></net>

<net id="82701"><net_src comp="72" pin="0"/><net_sink comp="82692" pin=3"/></net>

<net id="82707"><net_src comp="230" pin="0"/><net_sink comp="82702" pin=0"/></net>

<net id="82708"><net_src comp="522" pin="2"/><net_sink comp="82702" pin=1"/></net>

<net id="82709"><net_src comp="232" pin="0"/><net_sink comp="82702" pin=2"/></net>

<net id="82713"><net_src comp="82702" pin="3"/><net_sink comp="82710" pin=0"/></net>

<net id="82719"><net_src comp="124" pin="0"/><net_sink comp="82714" pin=0"/></net>

<net id="82720"><net_src comp="522" pin="2"/><net_sink comp="82714" pin=1"/></net>

<net id="82721"><net_src comp="126" pin="0"/><net_sink comp="82714" pin=2"/></net>

<net id="82725"><net_src comp="82714" pin="3"/><net_sink comp="82722" pin=0"/></net>

<net id="82730"><net_src comp="82710" pin="1"/><net_sink comp="82726" pin=0"/></net>

<net id="82731"><net_src comp="82722" pin="1"/><net_sink comp="82726" pin=1"/></net>

<net id="82738"><net_src comp="76" pin="0"/><net_sink comp="82732" pin=0"/></net>

<net id="82739"><net_src comp="82726" pin="2"/><net_sink comp="82732" pin=1"/></net>

<net id="82740"><net_src comp="70" pin="0"/><net_sink comp="82732" pin=2"/></net>

<net id="82741"><net_src comp="78" pin="0"/><net_sink comp="82732" pin=3"/></net>

<net id="82745"><net_src comp="82732" pin="4"/><net_sink comp="82742" pin=0"/></net>

<net id="82752"><net_src comp="82" pin="0"/><net_sink comp="82746" pin=0"/></net>

<net id="82753"><net_src comp="711" pin="2"/><net_sink comp="82746" pin=1"/></net>

<net id="82754"><net_src comp="70" pin="0"/><net_sink comp="82746" pin=2"/></net>

<net id="82755"><net_src comp="84" pin="0"/><net_sink comp="82746" pin=3"/></net>

<net id="82759"><net_src comp="82746" pin="4"/><net_sink comp="82756" pin=0"/></net>

<net id="82763"><net_src comp="516" pin="2"/><net_sink comp="82760" pin=0"/></net>

<net id="82764"><net_src comp="82760" pin="1"/><net_sink comp="721" pin=0"/></net>

<net id="82768"><net_src comp="516" pin="2"/><net_sink comp="82765" pin=0"/></net>

<net id="82769"><net_src comp="82765" pin="1"/><net_sink comp="706" pin=0"/></net>

<net id="82770"><net_src comp="82765" pin="1"/><net_sink comp="630" pin=0"/></net>

<net id="82771"><net_src comp="82765" pin="1"/><net_sink comp="694" pin=0"/></net>

<net id="82775"><net_src comp="516" pin="2"/><net_sink comp="82772" pin=0"/></net>

<net id="82776"><net_src comp="82772" pin="1"/><net_sink comp="684" pin=0"/></net>

<net id="82783"><net_src comp="68" pin="0"/><net_sink comp="82777" pin=0"/></net>

<net id="82784"><net_src comp="684" pin="2"/><net_sink comp="82777" pin=1"/></net>

<net id="82785"><net_src comp="70" pin="0"/><net_sink comp="82777" pin=2"/></net>

<net id="82786"><net_src comp="72" pin="0"/><net_sink comp="82777" pin=3"/></net>

<net id="82793"><net_src comp="76" pin="0"/><net_sink comp="82787" pin=0"/></net>

<net id="82794"><net_src comp="706" pin="2"/><net_sink comp="82787" pin=1"/></net>

<net id="82795"><net_src comp="70" pin="0"/><net_sink comp="82787" pin=2"/></net>

<net id="82796"><net_src comp="78" pin="0"/><net_sink comp="82787" pin=3"/></net>

<net id="82800"><net_src comp="82787" pin="4"/><net_sink comp="82797" pin=0"/></net>

<net id="82807"><net_src comp="76" pin="0"/><net_sink comp="82801" pin=0"/></net>

<net id="82808"><net_src comp="630" pin="2"/><net_sink comp="82801" pin=1"/></net>

<net id="82809"><net_src comp="70" pin="0"/><net_sink comp="82801" pin=2"/></net>

<net id="82810"><net_src comp="78" pin="0"/><net_sink comp="82801" pin=3"/></net>

<net id="82814"><net_src comp="82801" pin="4"/><net_sink comp="82811" pin=0"/></net>

<net id="82821"><net_src comp="76" pin="0"/><net_sink comp="82815" pin=0"/></net>

<net id="82822"><net_src comp="694" pin="2"/><net_sink comp="82815" pin=1"/></net>

<net id="82823"><net_src comp="70" pin="0"/><net_sink comp="82815" pin=2"/></net>

<net id="82824"><net_src comp="78" pin="0"/><net_sink comp="82815" pin=3"/></net>

<net id="82828"><net_src comp="82815" pin="4"/><net_sink comp="82825" pin=0"/></net>

<net id="82835"><net_src comp="82" pin="0"/><net_sink comp="82829" pin=0"/></net>

<net id="82836"><net_src comp="721" pin="2"/><net_sink comp="82829" pin=1"/></net>

<net id="82837"><net_src comp="70" pin="0"/><net_sink comp="82829" pin=2"/></net>

<net id="82838"><net_src comp="84" pin="0"/><net_sink comp="82829" pin=3"/></net>

<net id="82842"><net_src comp="82829" pin="4"/><net_sink comp="82839" pin=0"/></net>

<net id="82846"><net_src comp="510" pin="2"/><net_sink comp="82843" pin=0"/></net>

<net id="82847"><net_src comp="82843" pin="1"/><net_sink comp="660" pin=0"/></net>

<net id="82848"><net_src comp="82843" pin="1"/><net_sink comp="629" pin=0"/></net>

<net id="82852"><net_src comp="510" pin="2"/><net_sink comp="82849" pin=0"/></net>

<net id="82853"><net_src comp="82849" pin="1"/><net_sink comp="743" pin=0"/></net>

<net id="82857"><net_src comp="510" pin="2"/><net_sink comp="82854" pin=0"/></net>

<net id="82858"><net_src comp="82854" pin="1"/><net_sink comp="651" pin=0"/></net>

<net id="82864"><net_src comp="128" pin="0"/><net_sink comp="82859" pin=0"/></net>

<net id="82865"><net_src comp="510" pin="2"/><net_sink comp="82859" pin=1"/></net>

<net id="82866"><net_src comp="130" pin="0"/><net_sink comp="82859" pin=2"/></net>

<net id="82870"><net_src comp="82859" pin="3"/><net_sink comp="82867" pin=0"/></net>

<net id="82876"><net_src comp="188" pin="0"/><net_sink comp="82871" pin=0"/></net>

<net id="82877"><net_src comp="510" pin="2"/><net_sink comp="82871" pin=1"/></net>

<net id="82878"><net_src comp="190" pin="0"/><net_sink comp="82871" pin=2"/></net>

<net id="82882"><net_src comp="82871" pin="3"/><net_sink comp="82879" pin=0"/></net>

<net id="82887"><net_src comp="82879" pin="1"/><net_sink comp="82883" pin=0"/></net>

<net id="82888"><net_src comp="82867" pin="1"/><net_sink comp="82883" pin=1"/></net>

<net id="82895"><net_src comp="218" pin="0"/><net_sink comp="82889" pin=0"/></net>

<net id="82896"><net_src comp="82883" pin="2"/><net_sink comp="82889" pin=1"/></net>

<net id="82897"><net_src comp="70" pin="0"/><net_sink comp="82889" pin=2"/></net>

<net id="82898"><net_src comp="220" pin="0"/><net_sink comp="82889" pin=3"/></net>

<net id="82902"><net_src comp="82889" pin="4"/><net_sink comp="82899" pin=0"/></net>

<net id="82909"><net_src comp="76" pin="0"/><net_sink comp="82903" pin=0"/></net>

<net id="82910"><net_src comp="651" pin="2"/><net_sink comp="82903" pin=1"/></net>

<net id="82911"><net_src comp="70" pin="0"/><net_sink comp="82903" pin=2"/></net>

<net id="82912"><net_src comp="78" pin="0"/><net_sink comp="82903" pin=3"/></net>

<net id="82916"><net_src comp="82903" pin="4"/><net_sink comp="82913" pin=0"/></net>

<net id="82923"><net_src comp="82" pin="0"/><net_sink comp="82917" pin=0"/></net>

<net id="82924"><net_src comp="743" pin="2"/><net_sink comp="82917" pin=1"/></net>

<net id="82925"><net_src comp="70" pin="0"/><net_sink comp="82917" pin=2"/></net>

<net id="82926"><net_src comp="84" pin="0"/><net_sink comp="82917" pin=3"/></net>

<net id="82930"><net_src comp="82917" pin="4"/><net_sink comp="82927" pin=0"/></net>

<net id="82937"><net_src comp="68" pin="0"/><net_sink comp="82931" pin=0"/></net>

<net id="82938"><net_src comp="660" pin="2"/><net_sink comp="82931" pin=1"/></net>

<net id="82939"><net_src comp="70" pin="0"/><net_sink comp="82931" pin=2"/></net>

<net id="82940"><net_src comp="72" pin="0"/><net_sink comp="82931" pin=3"/></net>

<net id="82947"><net_src comp="68" pin="0"/><net_sink comp="82941" pin=0"/></net>

<net id="82948"><net_src comp="629" pin="2"/><net_sink comp="82941" pin=1"/></net>

<net id="82949"><net_src comp="70" pin="0"/><net_sink comp="82941" pin=2"/></net>

<net id="82950"><net_src comp="72" pin="0"/><net_sink comp="82941" pin=3"/></net>

<net id="82954"><net_src comp="504" pin="2"/><net_sink comp="82951" pin=0"/></net>

<net id="82955"><net_src comp="82951" pin="1"/><net_sink comp="732" pin=0"/></net>

<net id="82956"><net_src comp="82951" pin="1"/><net_sink comp="701" pin=0"/></net>

<net id="82957"><net_src comp="82951" pin="1"/><net_sink comp="657" pin=0"/></net>

<net id="82958"><net_src comp="82951" pin="1"/><net_sink comp="672" pin=0"/></net>

<net id="82965"><net_src comp="68" pin="0"/><net_sink comp="82959" pin=0"/></net>

<net id="82966"><net_src comp="732" pin="2"/><net_sink comp="82959" pin=1"/></net>

<net id="82967"><net_src comp="70" pin="0"/><net_sink comp="82959" pin=2"/></net>

<net id="82968"><net_src comp="72" pin="0"/><net_sink comp="82959" pin=3"/></net>

<net id="82975"><net_src comp="68" pin="0"/><net_sink comp="82969" pin=0"/></net>

<net id="82976"><net_src comp="701" pin="2"/><net_sink comp="82969" pin=1"/></net>

<net id="82977"><net_src comp="70" pin="0"/><net_sink comp="82969" pin=2"/></net>

<net id="82978"><net_src comp="72" pin="0"/><net_sink comp="82969" pin=3"/></net>

<net id="82984"><net_src comp="128" pin="0"/><net_sink comp="82979" pin=0"/></net>

<net id="82985"><net_src comp="504" pin="2"/><net_sink comp="82979" pin=1"/></net>

<net id="82986"><net_src comp="130" pin="0"/><net_sink comp="82979" pin=2"/></net>

<net id="82990"><net_src comp="82979" pin="3"/><net_sink comp="82987" pin=0"/></net>

<net id="82995"><net_src comp="216" pin="0"/><net_sink comp="82991" pin=0"/></net>

<net id="82996"><net_src comp="82987" pin="1"/><net_sink comp="82991" pin=1"/></net>

<net id="83002"><net_src comp="188" pin="0"/><net_sink comp="82997" pin=0"/></net>

<net id="83003"><net_src comp="504" pin="2"/><net_sink comp="82997" pin=1"/></net>

<net id="83004"><net_src comp="190" pin="0"/><net_sink comp="82997" pin=2"/></net>

<net id="83008"><net_src comp="82997" pin="3"/><net_sink comp="83005" pin=0"/></net>

<net id="83013"><net_src comp="82991" pin="2"/><net_sink comp="83009" pin=0"/></net>

<net id="83014"><net_src comp="83005" pin="1"/><net_sink comp="83009" pin=1"/></net>

<net id="83021"><net_src comp="218" pin="0"/><net_sink comp="83015" pin=0"/></net>

<net id="83022"><net_src comp="83009" pin="2"/><net_sink comp="83015" pin=1"/></net>

<net id="83023"><net_src comp="70" pin="0"/><net_sink comp="83015" pin=2"/></net>

<net id="83024"><net_src comp="220" pin="0"/><net_sink comp="83015" pin=3"/></net>

<net id="83028"><net_src comp="83015" pin="4"/><net_sink comp="83025" pin=0"/></net>

<net id="83035"><net_src comp="68" pin="0"/><net_sink comp="83029" pin=0"/></net>

<net id="83036"><net_src comp="657" pin="2"/><net_sink comp="83029" pin=1"/></net>

<net id="83037"><net_src comp="70" pin="0"/><net_sink comp="83029" pin=2"/></net>

<net id="83038"><net_src comp="72" pin="0"/><net_sink comp="83029" pin=3"/></net>

<net id="83045"><net_src comp="68" pin="0"/><net_sink comp="83039" pin=0"/></net>

<net id="83046"><net_src comp="672" pin="2"/><net_sink comp="83039" pin=1"/></net>

<net id="83047"><net_src comp="70" pin="0"/><net_sink comp="83039" pin=2"/></net>

<net id="83048"><net_src comp="72" pin="0"/><net_sink comp="83039" pin=3"/></net>

<net id="83052"><net_src comp="498" pin="2"/><net_sink comp="83049" pin=0"/></net>

<net id="83053"><net_src comp="83049" pin="1"/><net_sink comp="634" pin=0"/></net>

<net id="83057"><net_src comp="498" pin="2"/><net_sink comp="83054" pin=0"/></net>

<net id="83058"><net_src comp="83054" pin="1"/><net_sink comp="679" pin=0"/></net>

<net id="83059"><net_src comp="83054" pin="1"/><net_sink comp="674" pin=0"/></net>

<net id="83060"><net_src comp="83054" pin="1"/><net_sink comp="739" pin=0"/></net>

<net id="83061"><net_src comp="83054" pin="1"/><net_sink comp="670" pin=0"/></net>

<net id="83068"><net_src comp="68" pin="0"/><net_sink comp="83062" pin=0"/></net>

<net id="83069"><net_src comp="679" pin="2"/><net_sink comp="83062" pin=1"/></net>

<net id="83070"><net_src comp="70" pin="0"/><net_sink comp="83062" pin=2"/></net>

<net id="83071"><net_src comp="72" pin="0"/><net_sink comp="83062" pin=3"/></net>

<net id="83078"><net_src comp="76" pin="0"/><net_sink comp="83072" pin=0"/></net>

<net id="83079"><net_src comp="634" pin="2"/><net_sink comp="83072" pin=1"/></net>

<net id="83080"><net_src comp="70" pin="0"/><net_sink comp="83072" pin=2"/></net>

<net id="83081"><net_src comp="78" pin="0"/><net_sink comp="83072" pin=3"/></net>

<net id="83085"><net_src comp="83072" pin="4"/><net_sink comp="83082" pin=0"/></net>

<net id="83092"><net_src comp="68" pin="0"/><net_sink comp="83086" pin=0"/></net>

<net id="83093"><net_src comp="674" pin="2"/><net_sink comp="83086" pin=1"/></net>

<net id="83094"><net_src comp="70" pin="0"/><net_sink comp="83086" pin=2"/></net>

<net id="83095"><net_src comp="72" pin="0"/><net_sink comp="83086" pin=3"/></net>

<net id="83102"><net_src comp="68" pin="0"/><net_sink comp="83096" pin=0"/></net>

<net id="83103"><net_src comp="739" pin="2"/><net_sink comp="83096" pin=1"/></net>

<net id="83104"><net_src comp="70" pin="0"/><net_sink comp="83096" pin=2"/></net>

<net id="83105"><net_src comp="72" pin="0"/><net_sink comp="83096" pin=3"/></net>

<net id="83112"><net_src comp="68" pin="0"/><net_sink comp="83106" pin=0"/></net>

<net id="83113"><net_src comp="670" pin="2"/><net_sink comp="83106" pin=1"/></net>

<net id="83114"><net_src comp="70" pin="0"/><net_sink comp="83106" pin=2"/></net>

<net id="83115"><net_src comp="72" pin="0"/><net_sink comp="83106" pin=3"/></net>

<net id="83119"><net_src comp="492" pin="2"/><net_sink comp="83116" pin=0"/></net>

<net id="83120"><net_src comp="83116" pin="1"/><net_sink comp="661" pin=0"/></net>

<net id="83124"><net_src comp="492" pin="2"/><net_sink comp="83121" pin=0"/></net>

<net id="83125"><net_src comp="83121" pin="1"/><net_sink comp="748" pin=0"/></net>

<net id="83126"><net_src comp="83121" pin="1"/><net_sink comp="758" pin=0"/></net>

<net id="83132"><net_src comp="128" pin="0"/><net_sink comp="83127" pin=0"/></net>

<net id="83133"><net_src comp="492" pin="2"/><net_sink comp="83127" pin=1"/></net>

<net id="83134"><net_src comp="130" pin="0"/><net_sink comp="83127" pin=2"/></net>

<net id="83138"><net_src comp="83127" pin="3"/><net_sink comp="83135" pin=0"/></net>

<net id="83144"><net_src comp="188" pin="0"/><net_sink comp="83139" pin=0"/></net>

<net id="83145"><net_src comp="492" pin="2"/><net_sink comp="83139" pin=1"/></net>

<net id="83146"><net_src comp="190" pin="0"/><net_sink comp="83139" pin=2"/></net>

<net id="83150"><net_src comp="83139" pin="3"/><net_sink comp="83147" pin=0"/></net>

<net id="83154"><net_src comp="83139" pin="3"/><net_sink comp="83151" pin=0"/></net>

<net id="83159"><net_src comp="83135" pin="1"/><net_sink comp="83155" pin=0"/></net>

<net id="83160"><net_src comp="83151" pin="1"/><net_sink comp="83155" pin=1"/></net>

<net id="83167"><net_src comp="218" pin="0"/><net_sink comp="83161" pin=0"/></net>

<net id="83168"><net_src comp="83155" pin="2"/><net_sink comp="83161" pin=1"/></net>

<net id="83169"><net_src comp="70" pin="0"/><net_sink comp="83161" pin=2"/></net>

<net id="83170"><net_src comp="220" pin="0"/><net_sink comp="83161" pin=3"/></net>

<net id="83174"><net_src comp="83161" pin="4"/><net_sink comp="83171" pin=0"/></net>

<net id="83181"><net_src comp="68" pin="0"/><net_sink comp="83175" pin=0"/></net>

<net id="83182"><net_src comp="748" pin="2"/><net_sink comp="83175" pin=1"/></net>

<net id="83183"><net_src comp="70" pin="0"/><net_sink comp="83175" pin=2"/></net>

<net id="83184"><net_src comp="72" pin="0"/><net_sink comp="83175" pin=3"/></net>

<net id="83191"><net_src comp="68" pin="0"/><net_sink comp="83185" pin=0"/></net>

<net id="83192"><net_src comp="758" pin="2"/><net_sink comp="83185" pin=1"/></net>

<net id="83193"><net_src comp="70" pin="0"/><net_sink comp="83185" pin=2"/></net>

<net id="83194"><net_src comp="72" pin="0"/><net_sink comp="83185" pin=3"/></net>

<net id="83200"><net_src comp="154" pin="0"/><net_sink comp="83195" pin=0"/></net>

<net id="83201"><net_src comp="492" pin="2"/><net_sink comp="83195" pin=1"/></net>

<net id="83202"><net_src comp="156" pin="0"/><net_sink comp="83195" pin=2"/></net>

<net id="83206"><net_src comp="83195" pin="3"/><net_sink comp="83203" pin=0"/></net>

<net id="83211"><net_src comp="83147" pin="1"/><net_sink comp="83207" pin=0"/></net>

<net id="83212"><net_src comp="83203" pin="1"/><net_sink comp="83207" pin=1"/></net>

<net id="83219"><net_src comp="82" pin="0"/><net_sink comp="83213" pin=0"/></net>

<net id="83220"><net_src comp="83207" pin="2"/><net_sink comp="83213" pin=1"/></net>

<net id="83221"><net_src comp="70" pin="0"/><net_sink comp="83213" pin=2"/></net>

<net id="83222"><net_src comp="84" pin="0"/><net_sink comp="83213" pin=3"/></net>

<net id="83226"><net_src comp="83213" pin="4"/><net_sink comp="83223" pin=0"/></net>

<net id="83233"><net_src comp="76" pin="0"/><net_sink comp="83227" pin=0"/></net>

<net id="83234"><net_src comp="661" pin="2"/><net_sink comp="83227" pin=1"/></net>

<net id="83235"><net_src comp="70" pin="0"/><net_sink comp="83227" pin=2"/></net>

<net id="83236"><net_src comp="78" pin="0"/><net_sink comp="83227" pin=3"/></net>

<net id="83240"><net_src comp="83227" pin="4"/><net_sink comp="83237" pin=0"/></net>

<net id="83244"><net_src comp="486" pin="2"/><net_sink comp="83241" pin=0"/></net>

<net id="83245"><net_src comp="83241" pin="1"/><net_sink comp="760" pin=0"/></net>

<net id="83249"><net_src comp="486" pin="2"/><net_sink comp="83246" pin=0"/></net>

<net id="83250"><net_src comp="83246" pin="1"/><net_sink comp="766" pin=0"/></net>

<net id="83254"><net_src comp="486" pin="2"/><net_sink comp="83251" pin=0"/></net>

<net id="83255"><net_src comp="83251" pin="1"/><net_sink comp="737" pin=0"/></net>

<net id="83259"><net_src comp="486" pin="2"/><net_sink comp="83256" pin=0"/></net>

<net id="83265"><net_src comp="276" pin="0"/><net_sink comp="83260" pin=0"/></net>

<net id="83266"><net_src comp="486" pin="2"/><net_sink comp="83260" pin=1"/></net>

<net id="83267"><net_src comp="278" pin="0"/><net_sink comp="83260" pin=2"/></net>

<net id="83271"><net_src comp="83260" pin="3"/><net_sink comp="83268" pin=0"/></net>

<net id="83276"><net_src comp="280" pin="0"/><net_sink comp="83272" pin=0"/></net>

<net id="83277"><net_src comp="83268" pin="1"/><net_sink comp="83272" pin=1"/></net>

<net id="83282"><net_src comp="83272" pin="2"/><net_sink comp="83278" pin=0"/></net>

<net id="83283"><net_src comp="83256" pin="1"/><net_sink comp="83278" pin=1"/></net>

<net id="83290"><net_src comp="282" pin="0"/><net_sink comp="83284" pin=0"/></net>

<net id="83291"><net_src comp="83278" pin="2"/><net_sink comp="83284" pin=1"/></net>

<net id="83292"><net_src comp="70" pin="0"/><net_sink comp="83284" pin=2"/></net>

<net id="83293"><net_src comp="284" pin="0"/><net_sink comp="83284" pin=3"/></net>

<net id="83297"><net_src comp="83284" pin="4"/><net_sink comp="83294" pin=0"/></net>

<net id="83304"><net_src comp="82" pin="0"/><net_sink comp="83298" pin=0"/></net>

<net id="83305"><net_src comp="737" pin="2"/><net_sink comp="83298" pin=1"/></net>

<net id="83306"><net_src comp="70" pin="0"/><net_sink comp="83298" pin=2"/></net>

<net id="83307"><net_src comp="84" pin="0"/><net_sink comp="83298" pin=3"/></net>

<net id="83311"><net_src comp="83298" pin="4"/><net_sink comp="83308" pin=0"/></net>

<net id="83317"><net_src comp="124" pin="0"/><net_sink comp="83312" pin=0"/></net>

<net id="83318"><net_src comp="486" pin="2"/><net_sink comp="83312" pin=1"/></net>

<net id="83319"><net_src comp="126" pin="0"/><net_sink comp="83312" pin=2"/></net>

<net id="83323"><net_src comp="83312" pin="3"/><net_sink comp="83320" pin=0"/></net>

<net id="83329"><net_src comp="288" pin="0"/><net_sink comp="83324" pin=0"/></net>

<net id="83330"><net_src comp="486" pin="2"/><net_sink comp="83324" pin=1"/></net>

<net id="83331"><net_src comp="290" pin="0"/><net_sink comp="83324" pin=2"/></net>

<net id="83335"><net_src comp="83324" pin="3"/><net_sink comp="83332" pin=0"/></net>

<net id="83340"><net_src comp="83320" pin="1"/><net_sink comp="83336" pin=0"/></net>

<net id="83341"><net_src comp="83332" pin="1"/><net_sink comp="83336" pin=1"/></net>

<net id="83348"><net_src comp="114" pin="0"/><net_sink comp="83342" pin=0"/></net>

<net id="83349"><net_src comp="83336" pin="2"/><net_sink comp="83342" pin=1"/></net>

<net id="83350"><net_src comp="70" pin="0"/><net_sink comp="83342" pin=2"/></net>

<net id="83351"><net_src comp="116" pin="0"/><net_sink comp="83342" pin=3"/></net>

<net id="83355"><net_src comp="83342" pin="4"/><net_sink comp="83352" pin=0"/></net>

<net id="83362"><net_src comp="76" pin="0"/><net_sink comp="83356" pin=0"/></net>

<net id="83363"><net_src comp="766" pin="2"/><net_sink comp="83356" pin=1"/></net>

<net id="83364"><net_src comp="70" pin="0"/><net_sink comp="83356" pin=2"/></net>

<net id="83365"><net_src comp="78" pin="0"/><net_sink comp="83356" pin=3"/></net>

<net id="83369"><net_src comp="83356" pin="4"/><net_sink comp="83366" pin=0"/></net>

<net id="83376"><net_src comp="68" pin="0"/><net_sink comp="83370" pin=0"/></net>

<net id="83377"><net_src comp="760" pin="2"/><net_sink comp="83370" pin=1"/></net>

<net id="83378"><net_src comp="70" pin="0"/><net_sink comp="83370" pin=2"/></net>

<net id="83379"><net_src comp="72" pin="0"/><net_sink comp="83370" pin=3"/></net>

<net id="83383"><net_src comp="480" pin="2"/><net_sink comp="83380" pin=0"/></net>

<net id="83384"><net_src comp="83380" pin="1"/><net_sink comp="615" pin=0"/></net>

<net id="83388"><net_src comp="480" pin="2"/><net_sink comp="83385" pin=0"/></net>

<net id="83389"><net_src comp="83385" pin="1"/><net_sink comp="648" pin=0"/></net>

<net id="83390"><net_src comp="83385" pin="1"/><net_sink comp="614" pin=0"/></net>

<net id="83394"><net_src comp="480" pin="2"/><net_sink comp="83391" pin=0"/></net>

<net id="83395"><net_src comp="83391" pin="1"/><net_sink comp="628" pin=0"/></net>

<net id="83402"><net_src comp="298" pin="0"/><net_sink comp="83396" pin=0"/></net>

<net id="83403"><net_src comp="628" pin="2"/><net_sink comp="83396" pin=1"/></net>

<net id="83404"><net_src comp="70" pin="0"/><net_sink comp="83396" pin=2"/></net>

<net id="83405"><net_src comp="300" pin="0"/><net_sink comp="83396" pin=3"/></net>

<net id="83409"><net_src comp="83396" pin="4"/><net_sink comp="83406" pin=0"/></net>

<net id="83416"><net_src comp="68" pin="0"/><net_sink comp="83410" pin=0"/></net>

<net id="83417"><net_src comp="648" pin="2"/><net_sink comp="83410" pin=1"/></net>

<net id="83418"><net_src comp="70" pin="0"/><net_sink comp="83410" pin=2"/></net>

<net id="83419"><net_src comp="72" pin="0"/><net_sink comp="83410" pin=3"/></net>

<net id="83426"><net_src comp="68" pin="0"/><net_sink comp="83420" pin=0"/></net>

<net id="83427"><net_src comp="614" pin="2"/><net_sink comp="83420" pin=1"/></net>

<net id="83428"><net_src comp="70" pin="0"/><net_sink comp="83420" pin=2"/></net>

<net id="83429"><net_src comp="72" pin="0"/><net_sink comp="83420" pin=3"/></net>

<net id="83435"><net_src comp="306" pin="0"/><net_sink comp="83430" pin=0"/></net>

<net id="83436"><net_src comp="480" pin="2"/><net_sink comp="83430" pin=1"/></net>

<net id="83437"><net_src comp="308" pin="0"/><net_sink comp="83430" pin=2"/></net>

<net id="83441"><net_src comp="83430" pin="3"/><net_sink comp="83438" pin=0"/></net>

<net id="83446"><net_src comp="186" pin="0"/><net_sink comp="83442" pin=0"/></net>

<net id="83447"><net_src comp="83438" pin="1"/><net_sink comp="83442" pin=1"/></net>

<net id="83453"><net_src comp="154" pin="0"/><net_sink comp="83448" pin=0"/></net>

<net id="83454"><net_src comp="480" pin="2"/><net_sink comp="83448" pin=1"/></net>

<net id="83455"><net_src comp="156" pin="0"/><net_sink comp="83448" pin=2"/></net>

<net id="83459"><net_src comp="83448" pin="3"/><net_sink comp="83456" pin=0"/></net>

<net id="83464"><net_src comp="83442" pin="2"/><net_sink comp="83460" pin=0"/></net>

<net id="83465"><net_src comp="83456" pin="1"/><net_sink comp="83460" pin=1"/></net>

<net id="83472"><net_src comp="68" pin="0"/><net_sink comp="83466" pin=0"/></net>

<net id="83473"><net_src comp="83460" pin="2"/><net_sink comp="83466" pin=1"/></net>

<net id="83474"><net_src comp="70" pin="0"/><net_sink comp="83466" pin=2"/></net>

<net id="83475"><net_src comp="72" pin="0"/><net_sink comp="83466" pin=3"/></net>

<net id="83482"><net_src comp="82" pin="0"/><net_sink comp="83476" pin=0"/></net>

<net id="83483"><net_src comp="615" pin="2"/><net_sink comp="83476" pin=1"/></net>

<net id="83484"><net_src comp="70" pin="0"/><net_sink comp="83476" pin=2"/></net>

<net id="83485"><net_src comp="84" pin="0"/><net_sink comp="83476" pin=3"/></net>

<net id="83489"><net_src comp="83476" pin="4"/><net_sink comp="83486" pin=0"/></net>

<net id="83493"><net_src comp="474" pin="2"/><net_sink comp="83490" pin=0"/></net>

<net id="83494"><net_src comp="83490" pin="1"/><net_sink comp="635" pin=0"/></net>

<net id="83495"><net_src comp="83490" pin="1"/><net_sink comp="664" pin=0"/></net>

<net id="83496"><net_src comp="83490" pin="1"/><net_sink comp="641" pin=0"/></net>

<net id="83500"><net_src comp="474" pin="2"/><net_sink comp="83497" pin=0"/></net>

<net id="83501"><net_src comp="83497" pin="1"/><net_sink comp="756" pin=0"/></net>

<net id="83505"><net_src comp="474" pin="2"/><net_sink comp="83502" pin=0"/></net>

<net id="83506"><net_src comp="83502" pin="1"/><net_sink comp="762" pin=0"/></net>

<net id="83513"><net_src comp="114" pin="0"/><net_sink comp="83507" pin=0"/></net>

<net id="83514"><net_src comp="762" pin="2"/><net_sink comp="83507" pin=1"/></net>

<net id="83515"><net_src comp="70" pin="0"/><net_sink comp="83507" pin=2"/></net>

<net id="83516"><net_src comp="116" pin="0"/><net_sink comp="83507" pin=3"/></net>

<net id="83520"><net_src comp="83507" pin="4"/><net_sink comp="83517" pin=0"/></net>

<net id="83527"><net_src comp="82" pin="0"/><net_sink comp="83521" pin=0"/></net>

<net id="83528"><net_src comp="756" pin="2"/><net_sink comp="83521" pin=1"/></net>

<net id="83529"><net_src comp="70" pin="0"/><net_sink comp="83521" pin=2"/></net>

<net id="83530"><net_src comp="84" pin="0"/><net_sink comp="83521" pin=3"/></net>

<net id="83534"><net_src comp="83521" pin="4"/><net_sink comp="83531" pin=0"/></net>

<net id="83541"><net_src comp="68" pin="0"/><net_sink comp="83535" pin=0"/></net>

<net id="83542"><net_src comp="635" pin="2"/><net_sink comp="83535" pin=1"/></net>

<net id="83543"><net_src comp="70" pin="0"/><net_sink comp="83535" pin=2"/></net>

<net id="83544"><net_src comp="72" pin="0"/><net_sink comp="83535" pin=3"/></net>

<net id="83551"><net_src comp="68" pin="0"/><net_sink comp="83545" pin=0"/></net>

<net id="83552"><net_src comp="664" pin="2"/><net_sink comp="83545" pin=1"/></net>

<net id="83553"><net_src comp="70" pin="0"/><net_sink comp="83545" pin=2"/></net>

<net id="83554"><net_src comp="72" pin="0"/><net_sink comp="83545" pin=3"/></net>

<net id="83561"><net_src comp="68" pin="0"/><net_sink comp="83555" pin=0"/></net>

<net id="83562"><net_src comp="641" pin="2"/><net_sink comp="83555" pin=1"/></net>

<net id="83563"><net_src comp="70" pin="0"/><net_sink comp="83555" pin=2"/></net>

<net id="83564"><net_src comp="72" pin="0"/><net_sink comp="83555" pin=3"/></net>

<net id="83568"><net_src comp="468" pin="2"/><net_sink comp="83565" pin=0"/></net>

<net id="83569"><net_src comp="83565" pin="1"/><net_sink comp="759" pin=0"/></net>

<net id="83570"><net_src comp="83565" pin="1"/><net_sink comp="736" pin=0"/></net>

<net id="83574"><net_src comp="468" pin="2"/><net_sink comp="83571" pin=0"/></net>

<net id="83575"><net_src comp="83571" pin="1"/><net_sink comp="691" pin=0"/></net>

<net id="83579"><net_src comp="468" pin="2"/><net_sink comp="83576" pin=0"/></net>

<net id="83580"><net_src comp="83576" pin="1"/><net_sink comp="753" pin=0"/></net>

<net id="83587"><net_src comp="82" pin="0"/><net_sink comp="83581" pin=0"/></net>

<net id="83588"><net_src comp="753" pin="2"/><net_sink comp="83581" pin=1"/></net>

<net id="83589"><net_src comp="70" pin="0"/><net_sink comp="83581" pin=2"/></net>

<net id="83590"><net_src comp="84" pin="0"/><net_sink comp="83581" pin=3"/></net>

<net id="83594"><net_src comp="83581" pin="4"/><net_sink comp="83591" pin=0"/></net>

<net id="83601"><net_src comp="298" pin="0"/><net_sink comp="83595" pin=0"/></net>

<net id="83602"><net_src comp="691" pin="2"/><net_sink comp="83595" pin=1"/></net>

<net id="83603"><net_src comp="70" pin="0"/><net_sink comp="83595" pin=2"/></net>

<net id="83604"><net_src comp="300" pin="0"/><net_sink comp="83595" pin=3"/></net>

<net id="83608"><net_src comp="83595" pin="4"/><net_sink comp="83605" pin=0"/></net>

<net id="83614"><net_src comp="124" pin="0"/><net_sink comp="83609" pin=0"/></net>

<net id="83615"><net_src comp="468" pin="2"/><net_sink comp="83609" pin=1"/></net>

<net id="83616"><net_src comp="126" pin="0"/><net_sink comp="83609" pin=2"/></net>

<net id="83620"><net_src comp="83609" pin="3"/><net_sink comp="83617" pin=0"/></net>

<net id="83626"><net_src comp="288" pin="0"/><net_sink comp="83621" pin=0"/></net>

<net id="83627"><net_src comp="468" pin="2"/><net_sink comp="83621" pin=1"/></net>

<net id="83628"><net_src comp="290" pin="0"/><net_sink comp="83621" pin=2"/></net>

<net id="83632"><net_src comp="83621" pin="3"/><net_sink comp="83629" pin=0"/></net>

<net id="83637"><net_src comp="83617" pin="1"/><net_sink comp="83633" pin=0"/></net>

<net id="83638"><net_src comp="83629" pin="1"/><net_sink comp="83633" pin=1"/></net>

<net id="83645"><net_src comp="114" pin="0"/><net_sink comp="83639" pin=0"/></net>

<net id="83646"><net_src comp="83633" pin="2"/><net_sink comp="83639" pin=1"/></net>

<net id="83647"><net_src comp="70" pin="0"/><net_sink comp="83639" pin=2"/></net>

<net id="83648"><net_src comp="116" pin="0"/><net_sink comp="83639" pin=3"/></net>

<net id="83652"><net_src comp="83639" pin="4"/><net_sink comp="83649" pin=0"/></net>

<net id="83659"><net_src comp="68" pin="0"/><net_sink comp="83653" pin=0"/></net>

<net id="83660"><net_src comp="759" pin="2"/><net_sink comp="83653" pin=1"/></net>

<net id="83661"><net_src comp="70" pin="0"/><net_sink comp="83653" pin=2"/></net>

<net id="83662"><net_src comp="72" pin="0"/><net_sink comp="83653" pin=3"/></net>

<net id="83669"><net_src comp="68" pin="0"/><net_sink comp="83663" pin=0"/></net>

<net id="83670"><net_src comp="736" pin="2"/><net_sink comp="83663" pin=1"/></net>

<net id="83671"><net_src comp="70" pin="0"/><net_sink comp="83663" pin=2"/></net>

<net id="83672"><net_src comp="72" pin="0"/><net_sink comp="83663" pin=3"/></net>

<net id="83676"><net_src comp="462" pin="2"/><net_sink comp="83673" pin=0"/></net>

<net id="83677"><net_src comp="83673" pin="1"/><net_sink comp="765" pin=0"/></net>

<net id="83678"><net_src comp="83673" pin="1"/><net_sink comp="703" pin=0"/></net>

<net id="83679"><net_src comp="83673" pin="1"/><net_sink comp="620" pin=0"/></net>

<net id="83683"><net_src comp="462" pin="2"/><net_sink comp="83680" pin=0"/></net>

<net id="83684"><net_src comp="83680" pin="1"/><net_sink comp="769" pin=0"/></net>

<net id="83691"><net_src comp="68" pin="0"/><net_sink comp="83685" pin=0"/></net>

<net id="83692"><net_src comp="769" pin="2"/><net_sink comp="83685" pin=1"/></net>

<net id="83693"><net_src comp="70" pin="0"/><net_sink comp="83685" pin=2"/></net>

<net id="83694"><net_src comp="72" pin="0"/><net_sink comp="83685" pin=3"/></net>

<net id="83700"><net_src comp="124" pin="0"/><net_sink comp="83695" pin=0"/></net>

<net id="83701"><net_src comp="462" pin="2"/><net_sink comp="83695" pin=1"/></net>

<net id="83702"><net_src comp="126" pin="0"/><net_sink comp="83695" pin=2"/></net>

<net id="83706"><net_src comp="83695" pin="3"/><net_sink comp="83703" pin=0"/></net>

<net id="83712"><net_src comp="276" pin="0"/><net_sink comp="83707" pin=0"/></net>

<net id="83713"><net_src comp="462" pin="2"/><net_sink comp="83707" pin=1"/></net>

<net id="83714"><net_src comp="278" pin="0"/><net_sink comp="83707" pin=2"/></net>

<net id="83718"><net_src comp="83707" pin="3"/><net_sink comp="83715" pin=0"/></net>

<net id="83723"><net_src comp="83715" pin="1"/><net_sink comp="83719" pin=0"/></net>

<net id="83724"><net_src comp="83703" pin="1"/><net_sink comp="83719" pin=1"/></net>

<net id="83731"><net_src comp="114" pin="0"/><net_sink comp="83725" pin=0"/></net>

<net id="83732"><net_src comp="83719" pin="2"/><net_sink comp="83725" pin=1"/></net>

<net id="83733"><net_src comp="70" pin="0"/><net_sink comp="83725" pin=2"/></net>

<net id="83734"><net_src comp="116" pin="0"/><net_sink comp="83725" pin=3"/></net>

<net id="83738"><net_src comp="83725" pin="4"/><net_sink comp="83735" pin=0"/></net>

<net id="83745"><net_src comp="76" pin="0"/><net_sink comp="83739" pin=0"/></net>

<net id="83746"><net_src comp="765" pin="2"/><net_sink comp="83739" pin=1"/></net>

<net id="83747"><net_src comp="70" pin="0"/><net_sink comp="83739" pin=2"/></net>

<net id="83748"><net_src comp="78" pin="0"/><net_sink comp="83739" pin=3"/></net>

<net id="83752"><net_src comp="83739" pin="4"/><net_sink comp="83749" pin=0"/></net>

<net id="83759"><net_src comp="76" pin="0"/><net_sink comp="83753" pin=0"/></net>

<net id="83760"><net_src comp="703" pin="2"/><net_sink comp="83753" pin=1"/></net>

<net id="83761"><net_src comp="70" pin="0"/><net_sink comp="83753" pin=2"/></net>

<net id="83762"><net_src comp="78" pin="0"/><net_sink comp="83753" pin=3"/></net>

<net id="83766"><net_src comp="83753" pin="4"/><net_sink comp="83763" pin=0"/></net>

<net id="83773"><net_src comp="76" pin="0"/><net_sink comp="83767" pin=0"/></net>

<net id="83774"><net_src comp="620" pin="2"/><net_sink comp="83767" pin=1"/></net>

<net id="83775"><net_src comp="70" pin="0"/><net_sink comp="83767" pin=2"/></net>

<net id="83776"><net_src comp="78" pin="0"/><net_sink comp="83767" pin=3"/></net>

<net id="83780"><net_src comp="83767" pin="4"/><net_sink comp="83777" pin=0"/></net>

<net id="83784"><net_src comp="456" pin="2"/><net_sink comp="83781" pin=0"/></net>

<net id="83785"><net_src comp="83781" pin="1"/><net_sink comp="734" pin=0"/></net>

<net id="83786"><net_src comp="83781" pin="1"/><net_sink comp="673" pin=0"/></net>

<net id="83790"><net_src comp="456" pin="2"/><net_sink comp="83787" pin=0"/></net>

<net id="83791"><net_src comp="83787" pin="1"/><net_sink comp="666" pin=0"/></net>

<net id="83792"><net_src comp="83787" pin="1"/><net_sink comp="751" pin=0"/></net>

<net id="83796"><net_src comp="456" pin="2"/><net_sink comp="83793" pin=0"/></net>

<net id="83797"><net_src comp="83793" pin="1"/><net_sink comp="678" pin=0"/></net>

<net id="83804"><net_src comp="68" pin="0"/><net_sink comp="83798" pin=0"/></net>

<net id="83805"><net_src comp="734" pin="2"/><net_sink comp="83798" pin=1"/></net>

<net id="83806"><net_src comp="70" pin="0"/><net_sink comp="83798" pin=2"/></net>

<net id="83807"><net_src comp="72" pin="0"/><net_sink comp="83798" pin=3"/></net>

<net id="83814"><net_src comp="82" pin="0"/><net_sink comp="83808" pin=0"/></net>

<net id="83815"><net_src comp="678" pin="2"/><net_sink comp="83808" pin=1"/></net>

<net id="83816"><net_src comp="70" pin="0"/><net_sink comp="83808" pin=2"/></net>

<net id="83817"><net_src comp="84" pin="0"/><net_sink comp="83808" pin=3"/></net>

<net id="83821"><net_src comp="83808" pin="4"/><net_sink comp="83818" pin=0"/></net>

<net id="83828"><net_src comp="76" pin="0"/><net_sink comp="83822" pin=0"/></net>

<net id="83829"><net_src comp="666" pin="2"/><net_sink comp="83822" pin=1"/></net>

<net id="83830"><net_src comp="70" pin="0"/><net_sink comp="83822" pin=2"/></net>

<net id="83831"><net_src comp="78" pin="0"/><net_sink comp="83822" pin=3"/></net>

<net id="83835"><net_src comp="83822" pin="4"/><net_sink comp="83832" pin=0"/></net>

<net id="83842"><net_src comp="68" pin="0"/><net_sink comp="83836" pin=0"/></net>

<net id="83843"><net_src comp="673" pin="2"/><net_sink comp="83836" pin=1"/></net>

<net id="83844"><net_src comp="70" pin="0"/><net_sink comp="83836" pin=2"/></net>

<net id="83845"><net_src comp="72" pin="0"/><net_sink comp="83836" pin=3"/></net>

<net id="83852"><net_src comp="76" pin="0"/><net_sink comp="83846" pin=0"/></net>

<net id="83853"><net_src comp="751" pin="2"/><net_sink comp="83846" pin=1"/></net>

<net id="83854"><net_src comp="70" pin="0"/><net_sink comp="83846" pin=2"/></net>

<net id="83855"><net_src comp="78" pin="0"/><net_sink comp="83846" pin=3"/></net>

<net id="83859"><net_src comp="83846" pin="4"/><net_sink comp="83856" pin=0"/></net>

<net id="83863"><net_src comp="450" pin="2"/><net_sink comp="83860" pin=0"/></net>

<net id="83864"><net_src comp="83860" pin="1"/><net_sink comp="696" pin=0"/></net>

<net id="83865"><net_src comp="83860" pin="1"/><net_sink comp="676" pin=0"/></net>

<net id="83866"><net_src comp="83860" pin="1"/><net_sink comp="642" pin=0"/></net>

<net id="83867"><net_src comp="83860" pin="1"/><net_sink comp="669" pin=0"/></net>

<net id="83868"><net_src comp="83860" pin="1"/><net_sink comp="690" pin=0"/></net>

<net id="83875"><net_src comp="68" pin="0"/><net_sink comp="83869" pin=0"/></net>

<net id="83876"><net_src comp="696" pin="2"/><net_sink comp="83869" pin=1"/></net>

<net id="83877"><net_src comp="70" pin="0"/><net_sink comp="83869" pin=2"/></net>

<net id="83878"><net_src comp="72" pin="0"/><net_sink comp="83869" pin=3"/></net>

<net id="83885"><net_src comp="68" pin="0"/><net_sink comp="83879" pin=0"/></net>

<net id="83886"><net_src comp="676" pin="2"/><net_sink comp="83879" pin=1"/></net>

<net id="83887"><net_src comp="70" pin="0"/><net_sink comp="83879" pin=2"/></net>

<net id="83888"><net_src comp="72" pin="0"/><net_sink comp="83879" pin=3"/></net>

<net id="83895"><net_src comp="68" pin="0"/><net_sink comp="83889" pin=0"/></net>

<net id="83896"><net_src comp="642" pin="2"/><net_sink comp="83889" pin=1"/></net>

<net id="83897"><net_src comp="70" pin="0"/><net_sink comp="83889" pin=2"/></net>

<net id="83898"><net_src comp="72" pin="0"/><net_sink comp="83889" pin=3"/></net>

<net id="83905"><net_src comp="68" pin="0"/><net_sink comp="83899" pin=0"/></net>

<net id="83906"><net_src comp="669" pin="2"/><net_sink comp="83899" pin=1"/></net>

<net id="83907"><net_src comp="70" pin="0"/><net_sink comp="83899" pin=2"/></net>

<net id="83908"><net_src comp="72" pin="0"/><net_sink comp="83899" pin=3"/></net>

<net id="83915"><net_src comp="68" pin="0"/><net_sink comp="83909" pin=0"/></net>

<net id="83916"><net_src comp="690" pin="2"/><net_sink comp="83909" pin=1"/></net>

<net id="83917"><net_src comp="70" pin="0"/><net_sink comp="83909" pin=2"/></net>

<net id="83918"><net_src comp="72" pin="0"/><net_sink comp="83909" pin=3"/></net>

<net id="83922"><net_src comp="444" pin="2"/><net_sink comp="83919" pin=0"/></net>

<net id="83923"><net_src comp="83919" pin="1"/><net_sink comp="744" pin=0"/></net>

<net id="83924"><net_src comp="83919" pin="1"/><net_sink comp="658" pin=0"/></net>

<net id="83928"><net_src comp="444" pin="2"/><net_sink comp="83925" pin=0"/></net>

<net id="83929"><net_src comp="83925" pin="1"/><net_sink comp="685" pin=0"/></net>

<net id="83933"><net_src comp="444" pin="2"/><net_sink comp="83930" pin=0"/></net>

<net id="83934"><net_src comp="83930" pin="1"/><net_sink comp="705" pin=0"/></net>

<net id="83941"><net_src comp="114" pin="0"/><net_sink comp="83935" pin=0"/></net>

<net id="83942"><net_src comp="705" pin="2"/><net_sink comp="83935" pin=1"/></net>

<net id="83943"><net_src comp="70" pin="0"/><net_sink comp="83935" pin=2"/></net>

<net id="83944"><net_src comp="116" pin="0"/><net_sink comp="83935" pin=3"/></net>

<net id="83948"><net_src comp="83935" pin="4"/><net_sink comp="83945" pin=0"/></net>

<net id="83954"><net_src comp="230" pin="0"/><net_sink comp="83949" pin=0"/></net>

<net id="83955"><net_src comp="444" pin="2"/><net_sink comp="83949" pin=1"/></net>

<net id="83956"><net_src comp="232" pin="0"/><net_sink comp="83949" pin=2"/></net>

<net id="83960"><net_src comp="83949" pin="3"/><net_sink comp="83957" pin=0"/></net>

<net id="83966"><net_src comp="276" pin="0"/><net_sink comp="83961" pin=0"/></net>

<net id="83967"><net_src comp="444" pin="2"/><net_sink comp="83961" pin=1"/></net>

<net id="83968"><net_src comp="278" pin="0"/><net_sink comp="83961" pin=2"/></net>

<net id="83972"><net_src comp="83961" pin="3"/><net_sink comp="83969" pin=0"/></net>

<net id="83977"><net_src comp="83969" pin="1"/><net_sink comp="83973" pin=0"/></net>

<net id="83978"><net_src comp="83957" pin="1"/><net_sink comp="83973" pin=1"/></net>

<net id="83985"><net_src comp="76" pin="0"/><net_sink comp="83979" pin=0"/></net>

<net id="83986"><net_src comp="83973" pin="2"/><net_sink comp="83979" pin=1"/></net>

<net id="83987"><net_src comp="70" pin="0"/><net_sink comp="83979" pin=2"/></net>

<net id="83988"><net_src comp="78" pin="0"/><net_sink comp="83979" pin=3"/></net>

<net id="83992"><net_src comp="83979" pin="4"/><net_sink comp="83989" pin=0"/></net>

<net id="83999"><net_src comp="82" pin="0"/><net_sink comp="83993" pin=0"/></net>

<net id="84000"><net_src comp="685" pin="2"/><net_sink comp="83993" pin=1"/></net>

<net id="84001"><net_src comp="70" pin="0"/><net_sink comp="83993" pin=2"/></net>

<net id="84002"><net_src comp="84" pin="0"/><net_sink comp="83993" pin=3"/></net>

<net id="84006"><net_src comp="83993" pin="4"/><net_sink comp="84003" pin=0"/></net>

<net id="84013"><net_src comp="68" pin="0"/><net_sink comp="84007" pin=0"/></net>

<net id="84014"><net_src comp="744" pin="2"/><net_sink comp="84007" pin=1"/></net>

<net id="84015"><net_src comp="70" pin="0"/><net_sink comp="84007" pin=2"/></net>

<net id="84016"><net_src comp="72" pin="0"/><net_sink comp="84007" pin=3"/></net>

<net id="84023"><net_src comp="68" pin="0"/><net_sink comp="84017" pin=0"/></net>

<net id="84024"><net_src comp="658" pin="2"/><net_sink comp="84017" pin=1"/></net>

<net id="84025"><net_src comp="70" pin="0"/><net_sink comp="84017" pin=2"/></net>

<net id="84026"><net_src comp="72" pin="0"/><net_sink comp="84017" pin=3"/></net>

<net id="84030"><net_src comp="438" pin="2"/><net_sink comp="84027" pin=0"/></net>

<net id="84031"><net_src comp="84027" pin="1"/><net_sink comp="724" pin=0"/></net>

<net id="84032"><net_src comp="84027" pin="1"/><net_sink comp="742" pin=0"/></net>

<net id="84036"><net_src comp="438" pin="2"/><net_sink comp="84033" pin=0"/></net>

<net id="84037"><net_src comp="84033" pin="1"/><net_sink comp="612" pin=0"/></net>

<net id="84041"><net_src comp="438" pin="2"/><net_sink comp="84038" pin=0"/></net>

<net id="84042"><net_src comp="84038" pin="1"/><net_sink comp="618" pin=0"/></net>

<net id="84048"><net_src comp="154" pin="0"/><net_sink comp="84043" pin=0"/></net>

<net id="84049"><net_src comp="438" pin="2"/><net_sink comp="84043" pin=1"/></net>

<net id="84050"><net_src comp="156" pin="0"/><net_sink comp="84043" pin=2"/></net>

<net id="84054"><net_src comp="84043" pin="3"/><net_sink comp="84051" pin=0"/></net>

<net id="84060"><net_src comp="128" pin="0"/><net_sink comp="84055" pin=0"/></net>

<net id="84061"><net_src comp="438" pin="2"/><net_sink comp="84055" pin=1"/></net>

<net id="84062"><net_src comp="130" pin="0"/><net_sink comp="84055" pin=2"/></net>

<net id="84066"><net_src comp="84055" pin="3"/><net_sink comp="84063" pin=0"/></net>

<net id="84071"><net_src comp="84063" pin="1"/><net_sink comp="84067" pin=0"/></net>

<net id="84072"><net_src comp="84051" pin="1"/><net_sink comp="84067" pin=1"/></net>

<net id="84079"><net_src comp="82" pin="0"/><net_sink comp="84073" pin=0"/></net>

<net id="84080"><net_src comp="84067" pin="2"/><net_sink comp="84073" pin=1"/></net>

<net id="84081"><net_src comp="70" pin="0"/><net_sink comp="84073" pin=2"/></net>

<net id="84082"><net_src comp="84" pin="0"/><net_sink comp="84073" pin=3"/></net>

<net id="84086"><net_src comp="84073" pin="4"/><net_sink comp="84083" pin=0"/></net>

<net id="84093"><net_src comp="82" pin="0"/><net_sink comp="84087" pin=0"/></net>

<net id="84094"><net_src comp="618" pin="2"/><net_sink comp="84087" pin=1"/></net>

<net id="84095"><net_src comp="70" pin="0"/><net_sink comp="84087" pin=2"/></net>

<net id="84096"><net_src comp="84" pin="0"/><net_sink comp="84087" pin=3"/></net>

<net id="84100"><net_src comp="84087" pin="4"/><net_sink comp="84097" pin=0"/></net>

<net id="84107"><net_src comp="174" pin="0"/><net_sink comp="84101" pin=0"/></net>

<net id="84108"><net_src comp="612" pin="2"/><net_sink comp="84101" pin=1"/></net>

<net id="84109"><net_src comp="70" pin="0"/><net_sink comp="84101" pin=2"/></net>

<net id="84110"><net_src comp="176" pin="0"/><net_sink comp="84101" pin=3"/></net>

<net id="84114"><net_src comp="84101" pin="4"/><net_sink comp="84111" pin=0"/></net>

<net id="84121"><net_src comp="68" pin="0"/><net_sink comp="84115" pin=0"/></net>

<net id="84122"><net_src comp="724" pin="2"/><net_sink comp="84115" pin=1"/></net>

<net id="84123"><net_src comp="70" pin="0"/><net_sink comp="84115" pin=2"/></net>

<net id="84124"><net_src comp="72" pin="0"/><net_sink comp="84115" pin=3"/></net>

<net id="84131"><net_src comp="68" pin="0"/><net_sink comp="84125" pin=0"/></net>

<net id="84132"><net_src comp="742" pin="2"/><net_sink comp="84125" pin=1"/></net>

<net id="84133"><net_src comp="70" pin="0"/><net_sink comp="84125" pin=2"/></net>

<net id="84134"><net_src comp="72" pin="0"/><net_sink comp="84125" pin=3"/></net>

<net id="84138"><net_src comp="432" pin="2"/><net_sink comp="84135" pin=0"/></net>

<net id="84139"><net_src comp="84135" pin="1"/><net_sink comp="715" pin=0"/></net>

<net id="84143"><net_src comp="432" pin="2"/><net_sink comp="84140" pin=0"/></net>

<net id="84144"><net_src comp="84140" pin="1"/><net_sink comp="645" pin=0"/></net>

<net id="84145"><net_src comp="84140" pin="1"/><net_sink comp="663" pin=0"/></net>

<net id="84152"><net_src comp="76" pin="0"/><net_sink comp="84146" pin=0"/></net>

<net id="84153"><net_src comp="645" pin="2"/><net_sink comp="84146" pin=1"/></net>

<net id="84154"><net_src comp="70" pin="0"/><net_sink comp="84146" pin=2"/></net>

<net id="84155"><net_src comp="78" pin="0"/><net_sink comp="84146" pin=3"/></net>

<net id="84159"><net_src comp="84146" pin="4"/><net_sink comp="84156" pin=0"/></net>

<net id="84166"><net_src comp="76" pin="0"/><net_sink comp="84160" pin=0"/></net>

<net id="84167"><net_src comp="663" pin="2"/><net_sink comp="84160" pin=1"/></net>

<net id="84168"><net_src comp="70" pin="0"/><net_sink comp="84160" pin=2"/></net>

<net id="84169"><net_src comp="78" pin="0"/><net_sink comp="84160" pin=3"/></net>

<net id="84173"><net_src comp="84160" pin="4"/><net_sink comp="84170" pin=0"/></net>

<net id="84179"><net_src comp="158" pin="0"/><net_sink comp="84174" pin=0"/></net>

<net id="84180"><net_src comp="432" pin="2"/><net_sink comp="84174" pin=1"/></net>

<net id="84181"><net_src comp="160" pin="0"/><net_sink comp="84174" pin=2"/></net>

<net id="84185"><net_src comp="84174" pin="3"/><net_sink comp="84182" pin=0"/></net>

<net id="84190"><net_src comp="372" pin="0"/><net_sink comp="84186" pin=0"/></net>

<net id="84191"><net_src comp="84182" pin="1"/><net_sink comp="84186" pin=1"/></net>

<net id="84197"><net_src comp="128" pin="0"/><net_sink comp="84192" pin=0"/></net>

<net id="84198"><net_src comp="432" pin="2"/><net_sink comp="84192" pin=1"/></net>

<net id="84199"><net_src comp="130" pin="0"/><net_sink comp="84192" pin=2"/></net>

<net id="84203"><net_src comp="84192" pin="3"/><net_sink comp="84200" pin=0"/></net>

<net id="84208"><net_src comp="84186" pin="2"/><net_sink comp="84204" pin=0"/></net>

<net id="84209"><net_src comp="84200" pin="1"/><net_sink comp="84204" pin=1"/></net>

<net id="84216"><net_src comp="174" pin="0"/><net_sink comp="84210" pin=0"/></net>

<net id="84217"><net_src comp="84204" pin="2"/><net_sink comp="84210" pin=1"/></net>

<net id="84218"><net_src comp="70" pin="0"/><net_sink comp="84210" pin=2"/></net>

<net id="84219"><net_src comp="176" pin="0"/><net_sink comp="84210" pin=3"/></net>

<net id="84223"><net_src comp="84210" pin="4"/><net_sink comp="84220" pin=0"/></net>

<net id="84229"><net_src comp="154" pin="0"/><net_sink comp="84224" pin=0"/></net>

<net id="84230"><net_src comp="432" pin="2"/><net_sink comp="84224" pin=1"/></net>

<net id="84231"><net_src comp="156" pin="0"/><net_sink comp="84224" pin=2"/></net>

<net id="84235"><net_src comp="84224" pin="3"/><net_sink comp="84232" pin=0"/></net>

<net id="84241"><net_src comp="276" pin="0"/><net_sink comp="84236" pin=0"/></net>

<net id="84242"><net_src comp="432" pin="2"/><net_sink comp="84236" pin=1"/></net>

<net id="84243"><net_src comp="278" pin="0"/><net_sink comp="84236" pin=2"/></net>

<net id="84247"><net_src comp="84236" pin="3"/><net_sink comp="84244" pin=0"/></net>

<net id="84252"><net_src comp="84232" pin="1"/><net_sink comp="84248" pin=0"/></net>

<net id="84253"><net_src comp="84244" pin="1"/><net_sink comp="84248" pin=1"/></net>

<net id="84260"><net_src comp="82" pin="0"/><net_sink comp="84254" pin=0"/></net>

<net id="84261"><net_src comp="84248" pin="2"/><net_sink comp="84254" pin=1"/></net>

<net id="84262"><net_src comp="70" pin="0"/><net_sink comp="84254" pin=2"/></net>

<net id="84263"><net_src comp="84" pin="0"/><net_sink comp="84254" pin=3"/></net>

<net id="84267"><net_src comp="84254" pin="4"/><net_sink comp="84264" pin=0"/></net>

<net id="84274"><net_src comp="68" pin="0"/><net_sink comp="84268" pin=0"/></net>

<net id="84275"><net_src comp="715" pin="2"/><net_sink comp="84268" pin=1"/></net>

<net id="84276"><net_src comp="70" pin="0"/><net_sink comp="84268" pin=2"/></net>

<net id="84277"><net_src comp="72" pin="0"/><net_sink comp="84268" pin=3"/></net>

<net id="84281"><net_src comp="426" pin="2"/><net_sink comp="84278" pin=0"/></net>

<net id="84282"><net_src comp="84278" pin="1"/><net_sink comp="695" pin=0"/></net>

<net id="84283"><net_src comp="84278" pin="1"/><net_sink comp="700" pin=0"/></net>

<net id="84287"><net_src comp="426" pin="2"/><net_sink comp="84284" pin=0"/></net>

<net id="84288"><net_src comp="84284" pin="1"/><net_sink comp="716" pin=0"/></net>

<net id="84289"><net_src comp="84284" pin="1"/><net_sink comp="740" pin=0"/></net>

<net id="84296"><net_src comp="76" pin="0"/><net_sink comp="84290" pin=0"/></net>

<net id="84297"><net_src comp="716" pin="2"/><net_sink comp="84290" pin=1"/></net>

<net id="84298"><net_src comp="70" pin="0"/><net_sink comp="84290" pin=2"/></net>

<net id="84299"><net_src comp="78" pin="0"/><net_sink comp="84290" pin=3"/></net>

<net id="84303"><net_src comp="84290" pin="4"/><net_sink comp="84300" pin=0"/></net>

<net id="84310"><net_src comp="76" pin="0"/><net_sink comp="84304" pin=0"/></net>

<net id="84311"><net_src comp="740" pin="2"/><net_sink comp="84304" pin=1"/></net>

<net id="84312"><net_src comp="70" pin="0"/><net_sink comp="84304" pin=2"/></net>

<net id="84313"><net_src comp="78" pin="0"/><net_sink comp="84304" pin=3"/></net>

<net id="84317"><net_src comp="84304" pin="4"/><net_sink comp="84314" pin=0"/></net>

<net id="84323"><net_src comp="124" pin="0"/><net_sink comp="84318" pin=0"/></net>

<net id="84324"><net_src comp="426" pin="2"/><net_sink comp="84318" pin=1"/></net>

<net id="84325"><net_src comp="126" pin="0"/><net_sink comp="84318" pin=2"/></net>

<net id="84329"><net_src comp="84318" pin="3"/><net_sink comp="84326" pin=0"/></net>

<net id="84335"><net_src comp="128" pin="0"/><net_sink comp="84330" pin=0"/></net>

<net id="84336"><net_src comp="426" pin="2"/><net_sink comp="84330" pin=1"/></net>

<net id="84337"><net_src comp="130" pin="0"/><net_sink comp="84330" pin=2"/></net>

<net id="84341"><net_src comp="84330" pin="3"/><net_sink comp="84338" pin=0"/></net>

<net id="84346"><net_src comp="84326" pin="1"/><net_sink comp="84342" pin=0"/></net>

<net id="84347"><net_src comp="84338" pin="1"/><net_sink comp="84342" pin=1"/></net>

<net id="84354"><net_src comp="114" pin="0"/><net_sink comp="84348" pin=0"/></net>

<net id="84355"><net_src comp="84342" pin="2"/><net_sink comp="84348" pin=1"/></net>

<net id="84356"><net_src comp="70" pin="0"/><net_sink comp="84348" pin=2"/></net>

<net id="84357"><net_src comp="116" pin="0"/><net_sink comp="84348" pin=3"/></net>

<net id="84361"><net_src comp="84348" pin="4"/><net_sink comp="84358" pin=0"/></net>

<net id="84368"><net_src comp="68" pin="0"/><net_sink comp="84362" pin=0"/></net>

<net id="84369"><net_src comp="695" pin="2"/><net_sink comp="84362" pin=1"/></net>

<net id="84370"><net_src comp="70" pin="0"/><net_sink comp="84362" pin=2"/></net>

<net id="84371"><net_src comp="72" pin="0"/><net_sink comp="84362" pin=3"/></net>

<net id="84378"><net_src comp="68" pin="0"/><net_sink comp="84372" pin=0"/></net>

<net id="84379"><net_src comp="700" pin="2"/><net_sink comp="84372" pin=1"/></net>

<net id="84380"><net_src comp="70" pin="0"/><net_sink comp="84372" pin=2"/></net>

<net id="84381"><net_src comp="72" pin="0"/><net_sink comp="84372" pin=3"/></net>

<net id="84385"><net_src comp="420" pin="2"/><net_sink comp="84382" pin=0"/></net>

<net id="84386"><net_src comp="84382" pin="1"/><net_sink comp="681" pin=0"/></net>

<net id="84390"><net_src comp="420" pin="2"/><net_sink comp="84387" pin=0"/></net>

<net id="84391"><net_src comp="84387" pin="1"/><net_sink comp="749" pin=0"/></net>

<net id="84395"><net_src comp="420" pin="2"/><net_sink comp="84392" pin=0"/></net>

<net id="84396"><net_src comp="84392" pin="1"/><net_sink comp="643" pin=0"/></net>

<net id="84397"><net_src comp="84392" pin="1"/><net_sink comp="638" pin=0"/></net>

<net id="84398"><net_src comp="84392" pin="1"/><net_sink comp="619" pin=0"/></net>

<net id="84405"><net_src comp="68" pin="0"/><net_sink comp="84399" pin=0"/></net>

<net id="84406"><net_src comp="643" pin="2"/><net_sink comp="84399" pin=1"/></net>

<net id="84407"><net_src comp="70" pin="0"/><net_sink comp="84399" pin=2"/></net>

<net id="84408"><net_src comp="72" pin="0"/><net_sink comp="84399" pin=3"/></net>

<net id="84415"><net_src comp="82" pin="0"/><net_sink comp="84409" pin=0"/></net>

<net id="84416"><net_src comp="749" pin="2"/><net_sink comp="84409" pin=1"/></net>

<net id="84417"><net_src comp="70" pin="0"/><net_sink comp="84409" pin=2"/></net>

<net id="84418"><net_src comp="84" pin="0"/><net_sink comp="84409" pin=3"/></net>

<net id="84422"><net_src comp="84409" pin="4"/><net_sink comp="84419" pin=0"/></net>

<net id="84429"><net_src comp="68" pin="0"/><net_sink comp="84423" pin=0"/></net>

<net id="84430"><net_src comp="638" pin="2"/><net_sink comp="84423" pin=1"/></net>

<net id="84431"><net_src comp="70" pin="0"/><net_sink comp="84423" pin=2"/></net>

<net id="84432"><net_src comp="72" pin="0"/><net_sink comp="84423" pin=3"/></net>

<net id="84439"><net_src comp="68" pin="0"/><net_sink comp="84433" pin=0"/></net>

<net id="84440"><net_src comp="619" pin="2"/><net_sink comp="84433" pin=1"/></net>

<net id="84441"><net_src comp="70" pin="0"/><net_sink comp="84433" pin=2"/></net>

<net id="84442"><net_src comp="72" pin="0"/><net_sink comp="84433" pin=3"/></net>

<net id="84449"><net_src comp="76" pin="0"/><net_sink comp="84443" pin=0"/></net>

<net id="84450"><net_src comp="681" pin="2"/><net_sink comp="84443" pin=1"/></net>

<net id="84451"><net_src comp="70" pin="0"/><net_sink comp="84443" pin=2"/></net>

<net id="84452"><net_src comp="78" pin="0"/><net_sink comp="84443" pin=3"/></net>

<net id="84456"><net_src comp="84443" pin="4"/><net_sink comp="84453" pin=0"/></net>

<net id="84461"><net_src comp="81665" pin="4"/><net_sink comp="84457" pin=0"/></net>

<net id="84462"><net_src comp="81740" pin="4"/><net_sink comp="84457" pin=1"/></net>

<net id="84467"><net_src comp="81818" pin="1"/><net_sink comp="84463" pin=0"/></net>

<net id="84468"><net_src comp="81871" pin="4"/><net_sink comp="84463" pin=1"/></net>

<net id="84473"><net_src comp="81941" pin="4"/><net_sink comp="84469" pin=0"/></net>

<net id="84474"><net_src comp="82046" pin="4"/><net_sink comp="84469" pin=1"/></net>

<net id="84479"><net_src comp="82127" pin="1"/><net_sink comp="84475" pin=0"/></net>

<net id="84480"><net_src comp="82227" pin="1"/><net_sink comp="84475" pin=1"/></net>

<net id="84484"><net_src comp="84475" pin="2"/><net_sink comp="84481" pin=0"/></net>

<net id="84489"><net_src comp="84481" pin="1"/><net_sink comp="84485" pin=0"/></net>

<net id="84490"><net_src comp="84469" pin="2"/><net_sink comp="84485" pin=1"/></net>

<net id="84495"><net_src comp="82309" pin="1"/><net_sink comp="84491" pin=0"/></net>

<net id="84496"><net_src comp="82420" pin="1"/><net_sink comp="84491" pin=1"/></net>

<net id="84501"><net_src comp="82496" pin="1"/><net_sink comp="84497" pin=0"/></net>

<net id="84502"><net_src comp="82523" pin="1"/><net_sink comp="84497" pin=1"/></net>

<net id="84507"><net_src comp="82586" pin="4"/><net_sink comp="84503" pin=0"/></net>

<net id="84508"><net_src comp="82668" pin="4"/><net_sink comp="84503" pin=1"/></net>

<net id="84513"><net_src comp="82777" pin="4"/><net_sink comp="84509" pin=0"/></net>

<net id="84514"><net_src comp="82899" pin="1"/><net_sink comp="84509" pin=1"/></net>

<net id="84519"><net_src comp="84509" pin="2"/><net_sink comp="84515" pin=0"/></net>

<net id="84520"><net_src comp="84503" pin="2"/><net_sink comp="84515" pin=1"/></net>

<net id="84525"><net_src comp="82959" pin="4"/><net_sink comp="84521" pin=0"/></net>

<net id="84526"><net_src comp="83062" pin="4"/><net_sink comp="84521" pin=1"/></net>

<net id="84531"><net_src comp="83171" pin="1"/><net_sink comp="84527" pin=0"/></net>

<net id="84532"><net_src comp="83294" pin="1"/><net_sink comp="84527" pin=1"/></net>

<net id="84536"><net_src comp="84527" pin="2"/><net_sink comp="84533" pin=0"/></net>

<net id="84541"><net_src comp="84533" pin="1"/><net_sink comp="84537" pin=0"/></net>

<net id="84542"><net_src comp="84521" pin="2"/><net_sink comp="84537" pin=1"/></net>

<net id="84547"><net_src comp="83406" pin="1"/><net_sink comp="84543" pin=0"/></net>

<net id="84548"><net_src comp="83517" pin="1"/><net_sink comp="84543" pin=1"/></net>

<net id="84552"><net_src comp="84543" pin="2"/><net_sink comp="84549" pin=0"/></net>

<net id="84557"><net_src comp="83591" pin="1"/><net_sink comp="84553" pin=0"/></net>

<net id="84558"><net_src comp="83685" pin="4"/><net_sink comp="84553" pin=1"/></net>

<net id="84563"><net_src comp="84553" pin="2"/><net_sink comp="84559" pin=0"/></net>

<net id="84564"><net_src comp="84549" pin="1"/><net_sink comp="84559" pin=1"/></net>

<net id="84569"><net_src comp="83798" pin="4"/><net_sink comp="84565" pin=0"/></net>

<net id="84570"><net_src comp="83869" pin="4"/><net_sink comp="84565" pin=1"/></net>

<net id="84575"><net_src comp="83945" pin="1"/><net_sink comp="84571" pin=0"/></net>

<net id="84576"><net_src comp="84083" pin="1"/><net_sink comp="84571" pin=1"/></net>

<net id="84581"><net_src comp="84156" pin="1"/><net_sink comp="84577" pin=0"/></net>

<net id="84582"><net_src comp="84300" pin="1"/><net_sink comp="84577" pin=1"/></net>

<net id="84587"><net_src comp="84399" pin="4"/><net_sink comp="84583" pin=0"/></net>

<net id="84588"><net_src comp="394" pin="0"/><net_sink comp="84583" pin=1"/></net>

<net id="84593"><net_src comp="84583" pin="2"/><net_sink comp="84589" pin=0"/></net>

<net id="84594"><net_src comp="84577" pin="2"/><net_sink comp="84589" pin=1"/></net>

<net id="84599"><net_src comp="81685" pin="1"/><net_sink comp="84595" pin=0"/></net>

<net id="84600"><net_src comp="81750" pin="4"/><net_sink comp="84595" pin=1"/></net>

<net id="84605"><net_src comp="81818" pin="1"/><net_sink comp="84601" pin=0"/></net>

<net id="84606"><net_src comp="81881" pin="4"/><net_sink comp="84601" pin=1"/></net>

<net id="84611"><net_src comp="81951" pin="4"/><net_sink comp="84607" pin=0"/></net>

<net id="84612"><net_src comp="82056" pin="4"/><net_sink comp="84607" pin=1"/></net>

<net id="84617"><net_src comp="82131" pin="4"/><net_sink comp="84613" pin=0"/></net>

<net id="84618"><net_src comp="82231" pin="4"/><net_sink comp="84613" pin=1"/></net>

<net id="84623"><net_src comp="84613" pin="2"/><net_sink comp="84619" pin=0"/></net>

<net id="84624"><net_src comp="84607" pin="2"/><net_sink comp="84619" pin=1"/></net>

<net id="84629"><net_src comp="82323" pin="1"/><net_sink comp="84625" pin=0"/></net>

<net id="84630"><net_src comp="82434" pin="1"/><net_sink comp="84625" pin=1"/></net>

<net id="84635"><net_src comp="82496" pin="1"/><net_sink comp="84631" pin=0"/></net>

<net id="84636"><net_src comp="82537" pin="1"/><net_sink comp="84631" pin=1"/></net>

<net id="84641"><net_src comp="82606" pin="1"/><net_sink comp="84637" pin=0"/></net>

<net id="84642"><net_src comp="82688" pin="1"/><net_sink comp="84637" pin=1"/></net>

<net id="84647"><net_src comp="82797" pin="1"/><net_sink comp="84643" pin=0"/></net>

<net id="84648"><net_src comp="82913" pin="1"/><net_sink comp="84643" pin=1"/></net>

<net id="84653"><net_src comp="84643" pin="2"/><net_sink comp="84649" pin=0"/></net>

<net id="84654"><net_src comp="84637" pin="2"/><net_sink comp="84649" pin=1"/></net>

<net id="84659"><net_src comp="82969" pin="4"/><net_sink comp="84655" pin=0"/></net>

<net id="84660"><net_src comp="83082" pin="1"/><net_sink comp="84655" pin=1"/></net>

<net id="84665"><net_src comp="83175" pin="4"/><net_sink comp="84661" pin=0"/></net>

<net id="84666"><net_src comp="83308" pin="1"/><net_sink comp="84661" pin=1"/></net>

<net id="84671"><net_src comp="84661" pin="2"/><net_sink comp="84667" pin=0"/></net>

<net id="84672"><net_src comp="84655" pin="2"/><net_sink comp="84667" pin=1"/></net>

<net id="84677"><net_src comp="83410" pin="4"/><net_sink comp="84673" pin=0"/></net>

<net id="84678"><net_src comp="83531" pin="1"/><net_sink comp="84673" pin=1"/></net>

<net id="84683"><net_src comp="83605" pin="1"/><net_sink comp="84679" pin=0"/></net>

<net id="84684"><net_src comp="83735" pin="1"/><net_sink comp="84679" pin=1"/></net>

<net id="84688"><net_src comp="84679" pin="2"/><net_sink comp="84685" pin=0"/></net>

<net id="84693"><net_src comp="84685" pin="1"/><net_sink comp="84689" pin=0"/></net>

<net id="84694"><net_src comp="84673" pin="2"/><net_sink comp="84689" pin=1"/></net>

<net id="84699"><net_src comp="83818" pin="1"/><net_sink comp="84695" pin=0"/></net>

<net id="84700"><net_src comp="83879" pin="4"/><net_sink comp="84695" pin=1"/></net>

<net id="84705"><net_src comp="83989" pin="1"/><net_sink comp="84701" pin=0"/></net>

<net id="84706"><net_src comp="84097" pin="1"/><net_sink comp="84701" pin=1"/></net>

<net id="84711"><net_src comp="84170" pin="1"/><net_sink comp="84707" pin=0"/></net>

<net id="84712"><net_src comp="84314" pin="1"/><net_sink comp="84707" pin=1"/></net>

<net id="84717"><net_src comp="84419" pin="1"/><net_sink comp="84713" pin=0"/></net>

<net id="84718"><net_src comp="396" pin="0"/><net_sink comp="84713" pin=1"/></net>

<net id="84722"><net_src comp="84713" pin="2"/><net_sink comp="84719" pin=0"/></net>

<net id="84727"><net_src comp="84719" pin="1"/><net_sink comp="84723" pin=0"/></net>

<net id="84728"><net_src comp="84707" pin="2"/><net_sink comp="84723" pin=1"/></net>

<net id="84733"><net_src comp="81699" pin="1"/><net_sink comp="84729" pin=0"/></net>

<net id="84734"><net_src comp="81770" pin="1"/><net_sink comp="84729" pin=1"/></net>

<net id="84739"><net_src comp="81846" pin="1"/><net_sink comp="84735" pin=0"/></net>

<net id="84740"><net_src comp="81901" pin="1"/><net_sink comp="84735" pin=1"/></net>

<net id="84745"><net_src comp="82001" pin="1"/><net_sink comp="84741" pin=0"/></net>

<net id="84746"><net_src comp="82066" pin="4"/><net_sink comp="84741" pin=1"/></net>

<net id="84751"><net_src comp="82141" pin="4"/><net_sink comp="84747" pin=0"/></net>

<net id="84752"><net_src comp="82251" pin="1"/><net_sink comp="84747" pin=1"/></net>

<net id="84757"><net_src comp="84747" pin="2"/><net_sink comp="84753" pin=0"/></net>

<net id="84758"><net_src comp="84741" pin="2"/><net_sink comp="84753" pin=1"/></net>

<net id="84763"><net_src comp="82337" pin="1"/><net_sink comp="84759" pin=0"/></net>

<net id="84764"><net_src comp="82448" pin="1"/><net_sink comp="84759" pin=1"/></net>

<net id="84769"><net_src comp="82496" pin="1"/><net_sink comp="84765" pin=0"/></net>

<net id="84770"><net_src comp="82541" pin="4"/><net_sink comp="84765" pin=1"/></net>

<net id="84775"><net_src comp="82638" pin="1"/><net_sink comp="84771" pin=0"/></net>

<net id="84776"><net_src comp="82692" pin="4"/><net_sink comp="84771" pin=1"/></net>

<net id="84781"><net_src comp="82811" pin="1"/><net_sink comp="84777" pin=0"/></net>

<net id="84782"><net_src comp="82927" pin="1"/><net_sink comp="84777" pin=1"/></net>

<net id="84787"><net_src comp="84777" pin="2"/><net_sink comp="84783" pin=0"/></net>

<net id="84788"><net_src comp="84771" pin="2"/><net_sink comp="84783" pin=1"/></net>

<net id="84793"><net_src comp="83025" pin="1"/><net_sink comp="84789" pin=0"/></net>

<net id="84794"><net_src comp="83086" pin="4"/><net_sink comp="84789" pin=1"/></net>

<net id="84799"><net_src comp="83185" pin="4"/><net_sink comp="84795" pin=0"/></net>

<net id="84800"><net_src comp="83352" pin="1"/><net_sink comp="84795" pin=1"/></net>

<net id="84805"><net_src comp="84795" pin="2"/><net_sink comp="84801" pin=0"/></net>

<net id="84806"><net_src comp="84789" pin="2"/><net_sink comp="84801" pin=1"/></net>

<net id="84811"><net_src comp="83420" pin="4"/><net_sink comp="84807" pin=0"/></net>

<net id="84812"><net_src comp="83535" pin="4"/><net_sink comp="84807" pin=1"/></net>

<net id="84817"><net_src comp="83649" pin="1"/><net_sink comp="84813" pin=0"/></net>

<net id="84818"><net_src comp="83749" pin="1"/><net_sink comp="84813" pin=1"/></net>

<net id="84823"><net_src comp="84813" pin="2"/><net_sink comp="84819" pin=0"/></net>

<net id="84824"><net_src comp="84807" pin="2"/><net_sink comp="84819" pin=1"/></net>

<net id="84829"><net_src comp="83832" pin="1"/><net_sink comp="84825" pin=0"/></net>

<net id="84830"><net_src comp="83889" pin="4"/><net_sink comp="84825" pin=1"/></net>

<net id="84835"><net_src comp="84003" pin="1"/><net_sink comp="84831" pin=0"/></net>

<net id="84836"><net_src comp="84111" pin="1"/><net_sink comp="84831" pin=1"/></net>

<net id="84840"><net_src comp="84831" pin="2"/><net_sink comp="84837" pin=0"/></net>

<net id="84845"><net_src comp="84837" pin="1"/><net_sink comp="84841" pin=0"/></net>

<net id="84846"><net_src comp="84825" pin="2"/><net_sink comp="84841" pin=1"/></net>

<net id="84851"><net_src comp="84220" pin="1"/><net_sink comp="84847" pin=0"/></net>

<net id="84852"><net_src comp="84358" pin="1"/><net_sink comp="84847" pin=1"/></net>

<net id="84856"><net_src comp="84847" pin="2"/><net_sink comp="84853" pin=0"/></net>

<net id="84861"><net_src comp="84423" pin="4"/><net_sink comp="84857" pin=0"/></net>

<net id="84862"><net_src comp="398" pin="0"/><net_sink comp="84857" pin=1"/></net>

<net id="84867"><net_src comp="84857" pin="2"/><net_sink comp="84863" pin=0"/></net>

<net id="84868"><net_src comp="84853" pin="1"/><net_sink comp="84863" pin=1"/></net>

<net id="84873"><net_src comp="84863" pin="2"/><net_sink comp="84869" pin=0"/></net>

<net id="84874"><net_src comp="84841" pin="2"/><net_sink comp="84869" pin=1"/></net>

<net id="84879"><net_src comp="81703" pin="4"/><net_sink comp="84875" pin=0"/></net>

<net id="84880"><net_src comp="81784" pin="1"/><net_sink comp="84875" pin=1"/></net>

<net id="84885"><net_src comp="81822" pin="1"/><net_sink comp="84881" pin=0"/></net>

<net id="84886"><net_src comp="81850" pin="1"/><net_sink comp="84881" pin=1"/></net>

<net id="84891"><net_src comp="81915" pin="1"/><net_sink comp="84887" pin=0"/></net>

<net id="84892"><net_src comp="82005" pin="4"/><net_sink comp="84887" pin=1"/></net>

<net id="84897"><net_src comp="82086" pin="1"/><net_sink comp="84893" pin=0"/></net>

<net id="84898"><net_src comp="82161" pin="1"/><net_sink comp="84893" pin=1"/></net>

<net id="84902"><net_src comp="84893" pin="2"/><net_sink comp="84899" pin=0"/></net>

<net id="84907"><net_src comp="84899" pin="1"/><net_sink comp="84903" pin=0"/></net>

<net id="84908"><net_src comp="84887" pin="2"/><net_sink comp="84903" pin=1"/></net>

<net id="84913"><net_src comp="82265" pin="1"/><net_sink comp="84909" pin=0"/></net>

<net id="84914"><net_src comp="82341" pin="4"/><net_sink comp="84909" pin=1"/></net>

<net id="84919"><net_src comp="82452" pin="4"/><net_sink comp="84915" pin=0"/></net>

<net id="84920"><net_src comp="82496" pin="1"/><net_sink comp="84915" pin=1"/></net>

<net id="84925"><net_src comp="82561" pin="1"/><net_sink comp="84921" pin=0"/></net>

<net id="84926"><net_src comp="82642" pin="4"/><net_sink comp="84921" pin=1"/></net>

<net id="84931"><net_src comp="82742" pin="1"/><net_sink comp="84927" pin=0"/></net>

<net id="84932"><net_src comp="82825" pin="1"/><net_sink comp="84927" pin=1"/></net>

<net id="84937"><net_src comp="84927" pin="2"/><net_sink comp="84933" pin=0"/></net>

<net id="84938"><net_src comp="84921" pin="2"/><net_sink comp="84933" pin=1"/></net>

<net id="84943"><net_src comp="82931" pin="4"/><net_sink comp="84939" pin=0"/></net>

<net id="84944"><net_src comp="83029" pin="4"/><net_sink comp="84939" pin=1"/></net>

<net id="84949"><net_src comp="83096" pin="4"/><net_sink comp="84945" pin=0"/></net>

<net id="84950"><net_src comp="83223" pin="1"/><net_sink comp="84945" pin=1"/></net>

<net id="84955"><net_src comp="84945" pin="2"/><net_sink comp="84951" pin=0"/></net>

<net id="84956"><net_src comp="84939" pin="2"/><net_sink comp="84951" pin=1"/></net>

<net id="84961"><net_src comp="83366" pin="1"/><net_sink comp="84957" pin=0"/></net>

<net id="84962"><net_src comp="83466" pin="4"/><net_sink comp="84957" pin=1"/></net>

<net id="84967"><net_src comp="83545" pin="4"/><net_sink comp="84963" pin=0"/></net>

<net id="84968"><net_src comp="83653" pin="4"/><net_sink comp="84963" pin=1"/></net>

<net id="84973"><net_src comp="84963" pin="2"/><net_sink comp="84969" pin=0"/></net>

<net id="84974"><net_src comp="84957" pin="2"/><net_sink comp="84969" pin=1"/></net>

<net id="84979"><net_src comp="83763" pin="1"/><net_sink comp="84975" pin=0"/></net>

<net id="84980"><net_src comp="83836" pin="4"/><net_sink comp="84975" pin=1"/></net>

<net id="84985"><net_src comp="83899" pin="4"/><net_sink comp="84981" pin=0"/></net>

<net id="84986"><net_src comp="84007" pin="4"/><net_sink comp="84981" pin=1"/></net>

<net id="84991"><net_src comp="84115" pin="4"/><net_sink comp="84987" pin=0"/></net>

<net id="84992"><net_src comp="84264" pin="1"/><net_sink comp="84987" pin=1"/></net>

<net id="84997"><net_src comp="84433" pin="4"/><net_sink comp="84993" pin=0"/></net>

<net id="84998"><net_src comp="400" pin="0"/><net_sink comp="84993" pin=1"/></net>

<net id="85003"><net_src comp="84993" pin="2"/><net_sink comp="84999" pin=0"/></net>

<net id="85004"><net_src comp="84362" pin="4"/><net_sink comp="84999" pin=1"/></net>

<net id="85009"><net_src comp="84999" pin="2"/><net_sink comp="85005" pin=0"/></net>

<net id="85010"><net_src comp="84987" pin="2"/><net_sink comp="85005" pin=1"/></net>

<net id="85015"><net_src comp="81713" pin="4"/><net_sink comp="85011" pin=0"/></net>

<net id="85016"><net_src comp="81788" pin="4"/><net_sink comp="85011" pin=1"/></net>

<net id="85021"><net_src comp="81919" pin="4"/><net_sink comp="85017" pin=0"/></net>

<net id="85022"><net_src comp="82025" pin="1"/><net_sink comp="85017" pin=1"/></net>

<net id="85027"><net_src comp="82100" pin="1"/><net_sink comp="85023" pin=0"/></net>

<net id="85028"><net_src comp="82165" pin="4"/><net_sink comp="85023" pin=1"/></net>

<net id="85033"><net_src comp="85023" pin="2"/><net_sink comp="85029" pin=0"/></net>

<net id="85034"><net_src comp="85017" pin="2"/><net_sink comp="85029" pin=1"/></net>

<net id="85039"><net_src comp="82269" pin="4"/><net_sink comp="85035" pin=0"/></net>

<net id="85040"><net_src comp="82383" pin="4"/><net_sink comp="85035" pin=1"/></net>

<net id="85045"><net_src comp="82472" pin="1"/><net_sink comp="85041" pin=0"/></net>

<net id="85046"><net_src comp="82496" pin="1"/><net_sink comp="85041" pin=1"/></net>

<net id="85051"><net_src comp="82565" pin="4"/><net_sink comp="85047" pin=0"/></net>

<net id="85052"><net_src comp="82756" pin="1"/><net_sink comp="85047" pin=1"/></net>

<net id="85057"><net_src comp="82839" pin="1"/><net_sink comp="85053" pin=0"/></net>

<net id="85058"><net_src comp="82941" pin="4"/><net_sink comp="85053" pin=1"/></net>

<net id="85063"><net_src comp="85053" pin="2"/><net_sink comp="85059" pin=0"/></net>

<net id="85064"><net_src comp="85047" pin="2"/><net_sink comp="85059" pin=1"/></net>

<net id="85069"><net_src comp="83039" pin="4"/><net_sink comp="85065" pin=0"/></net>

<net id="85070"><net_src comp="83106" pin="4"/><net_sink comp="85065" pin=1"/></net>

<net id="85075"><net_src comp="83237" pin="1"/><net_sink comp="85071" pin=0"/></net>

<net id="85076"><net_src comp="83370" pin="4"/><net_sink comp="85071" pin=1"/></net>

<net id="85081"><net_src comp="85071" pin="2"/><net_sink comp="85077" pin=0"/></net>

<net id="85082"><net_src comp="85065" pin="2"/><net_sink comp="85077" pin=1"/></net>

<net id="85087"><net_src comp="83486" pin="1"/><net_sink comp="85083" pin=0"/></net>

<net id="85088"><net_src comp="83555" pin="4"/><net_sink comp="85083" pin=1"/></net>

<net id="85093"><net_src comp="83663" pin="4"/><net_sink comp="85089" pin=0"/></net>

<net id="85094"><net_src comp="83777" pin="1"/><net_sink comp="85089" pin=1"/></net>

<net id="85099"><net_src comp="85089" pin="2"/><net_sink comp="85095" pin=0"/></net>

<net id="85100"><net_src comp="85083" pin="2"/><net_sink comp="85095" pin=1"/></net>

<net id="85105"><net_src comp="83856" pin="1"/><net_sink comp="85101" pin=0"/></net>

<net id="85106"><net_src comp="83909" pin="4"/><net_sink comp="85101" pin=1"/></net>

<net id="85111"><net_src comp="84017" pin="4"/><net_sink comp="85107" pin=0"/></net>

<net id="85112"><net_src comp="84125" pin="4"/><net_sink comp="85107" pin=1"/></net>

<net id="85117"><net_src comp="84268" pin="4"/><net_sink comp="85113" pin=0"/></net>

<net id="85118"><net_src comp="84372" pin="4"/><net_sink comp="85113" pin=1"/></net>

<net id="85123"><net_src comp="84453" pin="1"/><net_sink comp="85119" pin=0"/></net>

<net id="85124"><net_src comp="402" pin="0"/><net_sink comp="85119" pin=1"/></net>

<net id="85129"><net_src comp="85119" pin="2"/><net_sink comp="85125" pin=0"/></net>

<net id="85130"><net_src comp="85113" pin="2"/><net_sink comp="85125" pin=1"/></net>

<net id="85139"><net_src comp="85131" pin="2"/><net_sink comp="85135" pin=1"/></net>

<net id="85148"><net_src comp="85140" pin="2"/><net_sink comp="85144" pin=1"/></net>

<net id="85153"><net_src comp="85144" pin="2"/><net_sink comp="85149" pin=0"/></net>

<net id="85154"><net_src comp="85135" pin="2"/><net_sink comp="85149" pin=1"/></net>

<net id="85166"><net_src comp="85159" pin="1"/><net_sink comp="85162" pin=0"/></net>

<net id="85171"><net_src comp="85162" pin="2"/><net_sink comp="85167" pin=1"/></net>

<net id="85176"><net_src comp="85167" pin="2"/><net_sink comp="85172" pin=0"/></net>

<net id="85177"><net_src comp="85155" pin="2"/><net_sink comp="85172" pin=1"/></net>

<net id="85182"><net_src comp="85172" pin="2"/><net_sink comp="85178" pin=0"/></net>

<net id="85183"><net_src comp="85149" pin="2"/><net_sink comp="85178" pin=1"/></net>

<net id="85192"><net_src comp="85184" pin="2"/><net_sink comp="85188" pin=1"/></net>

<net id="85200"><net_src comp="85193" pin="1"/><net_sink comp="85196" pin=1"/></net>

<net id="85205"><net_src comp="85196" pin="2"/><net_sink comp="85201" pin=1"/></net>

<net id="85210"><net_src comp="85201" pin="2"/><net_sink comp="85206" pin=0"/></net>

<net id="85211"><net_src comp="85188" pin="2"/><net_sink comp="85206" pin=1"/></net>

<net id="85224"><net_src comp="85216" pin="2"/><net_sink comp="85220" pin=1"/></net>

<net id="85229"><net_src comp="85220" pin="2"/><net_sink comp="85225" pin=0"/></net>

<net id="85230"><net_src comp="85212" pin="2"/><net_sink comp="85225" pin=1"/></net>

<net id="85235"><net_src comp="85225" pin="2"/><net_sink comp="85231" pin=0"/></net>

<net id="85236"><net_src comp="85206" pin="2"/><net_sink comp="85231" pin=1"/></net>

<net id="85245"><net_src comp="85237" pin="2"/><net_sink comp="85241" pin=1"/></net>

<net id="85253"><net_src comp="85246" pin="1"/><net_sink comp="85249" pin=1"/></net>

<net id="85258"><net_src comp="85249" pin="2"/><net_sink comp="85254" pin=1"/></net>

<net id="85263"><net_src comp="85254" pin="2"/><net_sink comp="85259" pin=0"/></net>

<net id="85264"><net_src comp="85241" pin="2"/><net_sink comp="85259" pin=1"/></net>

<net id="85273"><net_src comp="85265" pin="2"/><net_sink comp="85269" pin=1"/></net>

<net id="85278"><net_src comp="85269" pin="2"/><net_sink comp="85274" pin=0"/></net>

<net id="85279"><net_src comp="85259" pin="2"/><net_sink comp="85274" pin=1"/></net>

<net id="85287"><net_src comp="85280" pin="1"/><net_sink comp="85283" pin=0"/></net>

<net id="85292"><net_src comp="85283" pin="2"/><net_sink comp="85288" pin=1"/></net>

<net id="85301"><net_src comp="85293" pin="2"/><net_sink comp="85297" pin=1"/></net>

<net id="85306"><net_src comp="85297" pin="2"/><net_sink comp="85302" pin=0"/></net>

<net id="85307"><net_src comp="85288" pin="2"/><net_sink comp="85302" pin=1"/></net>

<net id="85320"><net_src comp="85312" pin="2"/><net_sink comp="85316" pin=1"/></net>

<net id="85325"><net_src comp="85316" pin="2"/><net_sink comp="85321" pin=0"/></net>

<net id="85326"><net_src comp="85308" pin="2"/><net_sink comp="85321" pin=1"/></net>

<net id="85331"><net_src comp="85321" pin="2"/><net_sink comp="85327" pin=0"/></net>

<net id="85332"><net_src comp="85302" pin="2"/><net_sink comp="85327" pin=1"/></net>

<net id="85337"><net_src comp="85280" pin="1"/><net_sink comp="85333" pin=0"/></net>

<net id="85342"><net_src comp="85333" pin="2"/><net_sink comp="85338" pin=1"/></net>

<net id="85351"><net_src comp="85343" pin="2"/><net_sink comp="85347" pin=1"/></net>

<net id="85356"><net_src comp="85347" pin="2"/><net_sink comp="85352" pin=0"/></net>

<net id="85357"><net_src comp="85338" pin="2"/><net_sink comp="85352" pin=1"/></net>

<net id="85370"><net_src comp="85362" pin="2"/><net_sink comp="85366" pin=1"/></net>

<net id="85375"><net_src comp="85366" pin="2"/><net_sink comp="85371" pin=0"/></net>

<net id="85376"><net_src comp="85358" pin="2"/><net_sink comp="85371" pin=1"/></net>

<net id="85381"><net_src comp="85371" pin="2"/><net_sink comp="85377" pin=0"/></net>

<net id="85382"><net_src comp="85352" pin="2"/><net_sink comp="85377" pin=1"/></net>

<net id="85387"><net_src comp="418" pin="0"/><net_sink comp="85383" pin=0"/></net>

<net id="85388"><net_src comp="85178" pin="2"/><net_sink comp="85383" pin=1"/></net>

<net id="85393"><net_src comp="85383" pin="2"/><net_sink comp="85389" pin=0"/></net>

<net id="85394"><net_src comp="85231" pin="2"/><net_sink comp="85389" pin=1"/></net>

<net id="85399"><net_src comp="85389" pin="2"/><net_sink comp="85395" pin=0"/></net>

<net id="85400"><net_src comp="85274" pin="2"/><net_sink comp="85395" pin=1"/></net>

<net id="85405"><net_src comp="85395" pin="2"/><net_sink comp="85401" pin=0"/></net>

<net id="85406"><net_src comp="85327" pin="2"/><net_sink comp="85401" pin=1"/></net>

<net id="85411"><net_src comp="85401" pin="2"/><net_sink comp="85407" pin=0"/></net>

<net id="85412"><net_src comp="85377" pin="2"/><net_sink comp="85407" pin=1"/></net>

<net id="85416"><net_src comp="84457" pin="2"/><net_sink comp="85413" pin=0"/></net>

<net id="85417"><net_src comp="85413" pin="1"/><net_sink comp="85131" pin=1"/></net>

<net id="85421"><net_src comp="84463" pin="2"/><net_sink comp="85418" pin=0"/></net>

<net id="85422"><net_src comp="85418" pin="1"/><net_sink comp="85131" pin=0"/></net>

<net id="85426"><net_src comp="84485" pin="2"/><net_sink comp="85423" pin=0"/></net>

<net id="85427"><net_src comp="85423" pin="1"/><net_sink comp="85135" pin=0"/></net>

<net id="85431"><net_src comp="84491" pin="2"/><net_sink comp="85428" pin=0"/></net>

<net id="85432"><net_src comp="85428" pin="1"/><net_sink comp="85140" pin=1"/></net>

<net id="85436"><net_src comp="84497" pin="2"/><net_sink comp="85433" pin=0"/></net>

<net id="85437"><net_src comp="85433" pin="1"/><net_sink comp="85140" pin=0"/></net>

<net id="85441"><net_src comp="84515" pin="2"/><net_sink comp="85438" pin=0"/></net>

<net id="85442"><net_src comp="85438" pin="1"/><net_sink comp="85144" pin=0"/></net>

<net id="85446"><net_src comp="84537" pin="2"/><net_sink comp="85443" pin=0"/></net>

<net id="85447"><net_src comp="85443" pin="1"/><net_sink comp="85155" pin=1"/></net>

<net id="85451"><net_src comp="84559" pin="2"/><net_sink comp="85448" pin=0"/></net>

<net id="85452"><net_src comp="85448" pin="1"/><net_sink comp="85155" pin=0"/></net>

<net id="85456"><net_src comp="84565" pin="2"/><net_sink comp="85453" pin=0"/></net>

<net id="85457"><net_src comp="85453" pin="1"/><net_sink comp="85162" pin=1"/></net>

<net id="85461"><net_src comp="84571" pin="2"/><net_sink comp="85458" pin=0"/></net>

<net id="85462"><net_src comp="85458" pin="1"/><net_sink comp="85159" pin=0"/></net>

<net id="85466"><net_src comp="84589" pin="2"/><net_sink comp="85463" pin=0"/></net>

<net id="85467"><net_src comp="85463" pin="1"/><net_sink comp="85167" pin=0"/></net>

<net id="85471"><net_src comp="84595" pin="2"/><net_sink comp="85468" pin=0"/></net>

<net id="85472"><net_src comp="85468" pin="1"/><net_sink comp="85184" pin=1"/></net>

<net id="85476"><net_src comp="84601" pin="2"/><net_sink comp="85473" pin=0"/></net>

<net id="85477"><net_src comp="85473" pin="1"/><net_sink comp="85184" pin=0"/></net>

<net id="85481"><net_src comp="84619" pin="2"/><net_sink comp="85478" pin=0"/></net>

<net id="85482"><net_src comp="85478" pin="1"/><net_sink comp="85188" pin=0"/></net>

<net id="85486"><net_src comp="84625" pin="2"/><net_sink comp="85483" pin=0"/></net>

<net id="85487"><net_src comp="85483" pin="1"/><net_sink comp="85193" pin=0"/></net>

<net id="85491"><net_src comp="84631" pin="2"/><net_sink comp="85488" pin=0"/></net>

<net id="85492"><net_src comp="85488" pin="1"/><net_sink comp="85196" pin=0"/></net>

<net id="85496"><net_src comp="84649" pin="2"/><net_sink comp="85493" pin=0"/></net>

<net id="85497"><net_src comp="85493" pin="1"/><net_sink comp="85201" pin=0"/></net>

<net id="85501"><net_src comp="84667" pin="2"/><net_sink comp="85498" pin=0"/></net>

<net id="85502"><net_src comp="85498" pin="1"/><net_sink comp="85212" pin=1"/></net>

<net id="85506"><net_src comp="84689" pin="2"/><net_sink comp="85503" pin=0"/></net>

<net id="85507"><net_src comp="85503" pin="1"/><net_sink comp="85212" pin=0"/></net>

<net id="85511"><net_src comp="84695" pin="2"/><net_sink comp="85508" pin=0"/></net>

<net id="85512"><net_src comp="85508" pin="1"/><net_sink comp="85216" pin=1"/></net>

<net id="85516"><net_src comp="84701" pin="2"/><net_sink comp="85513" pin=0"/></net>

<net id="85517"><net_src comp="85513" pin="1"/><net_sink comp="85216" pin=0"/></net>

<net id="85521"><net_src comp="84723" pin="2"/><net_sink comp="85518" pin=0"/></net>

<net id="85522"><net_src comp="85518" pin="1"/><net_sink comp="85220" pin=0"/></net>

<net id="85526"><net_src comp="84729" pin="2"/><net_sink comp="85523" pin=0"/></net>

<net id="85527"><net_src comp="85523" pin="1"/><net_sink comp="85237" pin=1"/></net>

<net id="85531"><net_src comp="84735" pin="2"/><net_sink comp="85528" pin=0"/></net>

<net id="85532"><net_src comp="85528" pin="1"/><net_sink comp="85237" pin=0"/></net>

<net id="85536"><net_src comp="84753" pin="2"/><net_sink comp="85533" pin=0"/></net>

<net id="85537"><net_src comp="85533" pin="1"/><net_sink comp="85241" pin=0"/></net>

<net id="85541"><net_src comp="84759" pin="2"/><net_sink comp="85538" pin=0"/></net>

<net id="85542"><net_src comp="85538" pin="1"/><net_sink comp="85246" pin=0"/></net>

<net id="85546"><net_src comp="84765" pin="2"/><net_sink comp="85543" pin=0"/></net>

<net id="85547"><net_src comp="85543" pin="1"/><net_sink comp="85249" pin=0"/></net>

<net id="85551"><net_src comp="84783" pin="2"/><net_sink comp="85548" pin=0"/></net>

<net id="85552"><net_src comp="85548" pin="1"/><net_sink comp="85254" pin=0"/></net>

<net id="85556"><net_src comp="84801" pin="2"/><net_sink comp="85553" pin=0"/></net>

<net id="85557"><net_src comp="85553" pin="1"/><net_sink comp="85265" pin=1"/></net>

<net id="85561"><net_src comp="84819" pin="2"/><net_sink comp="85558" pin=0"/></net>

<net id="85562"><net_src comp="85558" pin="1"/><net_sink comp="85265" pin=0"/></net>

<net id="85566"><net_src comp="84869" pin="2"/><net_sink comp="85563" pin=0"/></net>

<net id="85567"><net_src comp="85563" pin="1"/><net_sink comp="85269" pin=0"/></net>

<net id="85571"><net_src comp="84875" pin="2"/><net_sink comp="85568" pin=0"/></net>

<net id="85572"><net_src comp="85568" pin="1"/><net_sink comp="85283" pin=1"/></net>

<net id="85576"><net_src comp="84881" pin="2"/><net_sink comp="85573" pin=0"/></net>

<net id="85577"><net_src comp="85573" pin="1"/><net_sink comp="85280" pin=0"/></net>

<net id="85581"><net_src comp="84903" pin="2"/><net_sink comp="85578" pin=0"/></net>

<net id="85582"><net_src comp="85578" pin="1"/><net_sink comp="85288" pin=0"/></net>

<net id="85586"><net_src comp="84909" pin="2"/><net_sink comp="85583" pin=0"/></net>

<net id="85587"><net_src comp="85583" pin="1"/><net_sink comp="85293" pin=1"/></net>

<net id="85591"><net_src comp="84915" pin="2"/><net_sink comp="85588" pin=0"/></net>

<net id="85592"><net_src comp="85588" pin="1"/><net_sink comp="85293" pin=0"/></net>

<net id="85596"><net_src comp="84933" pin="2"/><net_sink comp="85593" pin=0"/></net>

<net id="85597"><net_src comp="85593" pin="1"/><net_sink comp="85297" pin=0"/></net>

<net id="85601"><net_src comp="84951" pin="2"/><net_sink comp="85598" pin=0"/></net>

<net id="85602"><net_src comp="85598" pin="1"/><net_sink comp="85308" pin=1"/></net>

<net id="85606"><net_src comp="84969" pin="2"/><net_sink comp="85603" pin=0"/></net>

<net id="85607"><net_src comp="85603" pin="1"/><net_sink comp="85308" pin=0"/></net>

<net id="85611"><net_src comp="84975" pin="2"/><net_sink comp="85608" pin=0"/></net>

<net id="85612"><net_src comp="85608" pin="1"/><net_sink comp="85312" pin=1"/></net>

<net id="85616"><net_src comp="84981" pin="2"/><net_sink comp="85613" pin=0"/></net>

<net id="85617"><net_src comp="85613" pin="1"/><net_sink comp="85312" pin=0"/></net>

<net id="85621"><net_src comp="85005" pin="2"/><net_sink comp="85618" pin=0"/></net>

<net id="85622"><net_src comp="85618" pin="1"/><net_sink comp="85316" pin=0"/></net>

<net id="85626"><net_src comp="85011" pin="2"/><net_sink comp="85623" pin=0"/></net>

<net id="85627"><net_src comp="85623" pin="1"/><net_sink comp="85333" pin=1"/></net>

<net id="85631"><net_src comp="85029" pin="2"/><net_sink comp="85628" pin=0"/></net>

<net id="85632"><net_src comp="85628" pin="1"/><net_sink comp="85338" pin=0"/></net>

<net id="85636"><net_src comp="85035" pin="2"/><net_sink comp="85633" pin=0"/></net>

<net id="85637"><net_src comp="85633" pin="1"/><net_sink comp="85343" pin=1"/></net>

<net id="85641"><net_src comp="85041" pin="2"/><net_sink comp="85638" pin=0"/></net>

<net id="85642"><net_src comp="85638" pin="1"/><net_sink comp="85343" pin=0"/></net>

<net id="85646"><net_src comp="85059" pin="2"/><net_sink comp="85643" pin=0"/></net>

<net id="85647"><net_src comp="85643" pin="1"/><net_sink comp="85347" pin=0"/></net>

<net id="85651"><net_src comp="85077" pin="2"/><net_sink comp="85648" pin=0"/></net>

<net id="85652"><net_src comp="85648" pin="1"/><net_sink comp="85358" pin=1"/></net>

<net id="85656"><net_src comp="85095" pin="2"/><net_sink comp="85653" pin=0"/></net>

<net id="85657"><net_src comp="85653" pin="1"/><net_sink comp="85358" pin=0"/></net>

<net id="85661"><net_src comp="85101" pin="2"/><net_sink comp="85658" pin=0"/></net>

<net id="85662"><net_src comp="85658" pin="1"/><net_sink comp="85362" pin=1"/></net>

<net id="85666"><net_src comp="85107" pin="2"/><net_sink comp="85663" pin=0"/></net>

<net id="85667"><net_src comp="85663" pin="1"/><net_sink comp="85362" pin=0"/></net>

<net id="85671"><net_src comp="85125" pin="2"/><net_sink comp="85668" pin=0"/></net>

<net id="85672"><net_src comp="85668" pin="1"/><net_sink comp="85366" pin=0"/></net>

</net_list>

</model> 
---------------- Datapath Model END ------------------

* FSMD analyzer results:
  - Output states:
 - Input state : 
	Port: dense_latency<ap_fixed<16, 6, 5, 3, 0>, ap_fixed<16, 6, 5, 3, 0>, config11> : data_0_val | {1 }
	Port: dense_latency<ap_fixed<16, 6, 5, 3, 0>, ap_fixed<16, 6, 5, 3, 0>, config11> : data_1_val | {1 }
	Port: dense_latency<ap_fixed<16, 6, 5, 3, 0>, ap_fixed<16, 6, 5, 3, 0>, config11> : data_2_val | {1 }
	Port: dense_latency<ap_fixed<16, 6, 5, 3, 0>, ap_fixed<16, 6, 5, 3, 0>, config11> : data_3_val | {1 }
	Port: dense_latency<ap_fixed<16, 6, 5, 3, 0>, ap_fixed<16, 6, 5, 3, 0>, config11> : data_4_val | {1 }
	Port: dense_latency<ap_fixed<16, 6, 5, 3, 0>, ap_fixed<16, 6, 5, 3, 0>, config11> : data_5_val | {1 }
	Port: dense_latency<ap_fixed<16, 6, 5, 3, 0>, ap_fixed<16, 6, 5, 3, 0>, config11> : data_6_val | {1 }
	Port: dense_latency<ap_fixed<16, 6, 5, 3, 0>, ap_fixed<16, 6, 5, 3, 0>, config11> : data_7_val | {1 }
	Port: dense_latency<ap_fixed<16, 6, 5, 3, 0>, ap_fixed<16, 6, 5, 3, 0>, config11> : data_8_val | {1 }
	Port: dense_latency<ap_fixed<16, 6, 5, 3, 0>, ap_fixed<16, 6, 5, 3, 0>, config11> : data_9_val | {1 }
	Port: dense_latency<ap_fixed<16, 6, 5, 3, 0>, ap_fixed<16, 6, 5, 3, 0>, config11> : data_10_val | {1 }
	Port: dense_latency<ap_fixed<16, 6, 5, 3, 0>, ap_fixed<16, 6, 5, 3, 0>, config11> : data_11_val | {1 }
	Port: dense_latency<ap_fixed<16, 6, 5, 3, 0>, ap_fixed<16, 6, 5, 3, 0>, config11> : data_12_val | {1 }
	Port: dense_latency<ap_fixed<16, 6, 5, 3, 0>, ap_fixed<16, 6, 5, 3, 0>, config11> : data_13_val | {1 }
	Port: dense_latency<ap_fixed<16, 6, 5, 3, 0>, ap_fixed<16, 6, 5, 3, 0>, config11> : data_14_val | {1 }
	Port: dense_latency<ap_fixed<16, 6, 5, 3, 0>, ap_fixed<16, 6, 5, 3, 0>, config11> : data_15_val | {1 }
	Port: dense_latency<ap_fixed<16, 6, 5, 3, 0>, ap_fixed<16, 6, 5, 3, 0>, config11> : data_16_val | {1 }
	Port: dense_latency<ap_fixed<16, 6, 5, 3, 0>, ap_fixed<16, 6, 5, 3, 0>, config11> : data_17_val | {1 }
	Port: dense_latency<ap_fixed<16, 6, 5, 3, 0>, ap_fixed<16, 6, 5, 3, 0>, config11> : data_18_val | {1 }
	Port: dense_latency<ap_fixed<16, 6, 5, 3, 0>, ap_fixed<16, 6, 5, 3, 0>, config11> : data_19_val | {1 }
	Port: dense_latency<ap_fixed<16, 6, 5, 3, 0>, ap_fixed<16, 6, 5, 3, 0>, config11> : data_20_val | {1 }
	Port: dense_latency<ap_fixed<16, 6, 5, 3, 0>, ap_fixed<16, 6, 5, 3, 0>, config11> : data_21_val | {1 }
	Port: dense_latency<ap_fixed<16, 6, 5, 3, 0>, ap_fixed<16, 6, 5, 3, 0>, config11> : data_22_val | {1 }
	Port: dense_latency<ap_fixed<16, 6, 5, 3, 0>, ap_fixed<16, 6, 5, 3, 0>, config11> : data_23_val | {1 }
	Port: dense_latency<ap_fixed<16, 6, 5, 3, 0>, ap_fixed<16, 6, 5, 3, 0>, config11> : data_24_val | {1 }
	Port: dense_latency<ap_fixed<16, 6, 5, 3, 0>, ap_fixed<16, 6, 5, 3, 0>, config11> : data_25_val | {1 }
	Port: dense_latency<ap_fixed<16, 6, 5, 3, 0>, ap_fixed<16, 6, 5, 3, 0>, config11> : data_26_val | {1 }
	Port: dense_latency<ap_fixed<16, 6, 5, 3, 0>, ap_fixed<16, 6, 5, 3, 0>, config11> : data_27_val | {1 }
	Port: dense_latency<ap_fixed<16, 6, 5, 3, 0>, ap_fixed<16, 6, 5, 3, 0>, config11> : data_28_val | {1 }
	Port: dense_latency<ap_fixed<16, 6, 5, 3, 0>, ap_fixed<16, 6, 5, 3, 0>, config11> : data_29_val | {1 }
	Port: dense_latency<ap_fixed<16, 6, 5, 3, 0>, ap_fixed<16, 6, 5, 3, 0>, config11> : data_30_val | {1 }
	Port: dense_latency<ap_fixed<16, 6, 5, 3, 0>, ap_fixed<16, 6, 5, 3, 0>, config11> : data_31_val | {1 }
  - Chain level:
	State 1
		mul_ln73 : 1
		trunc_ln : 2
		mul_ln73_2188 : 1
		trunc_ln42_s : 2
		sext_ln42_1595 : 3
		mul_ln73_2189 : 1
		trunc_ln42_1 : 2
		sext_ln42_1596 : 3
		mul_ln42 : 1
		trunc_ln42_3 : 2
		mul_ln73_2190 : 1
		trunc_ln42_4 : 2
		mul_ln73_2191 : 1
		trunc_ln42_5 : 2
		mul_ln73_2192 : 1
		trunc_ln42_6 : 2
		mul_ln73_2193 : 1
		trunc_ln42_2 : 2
		sext_ln42_1597 : 3
		mul_ln73_2194 : 1
		trunc_ln42_7 : 2
		sext_ln42_1598 : 3
		mul_ln73_2195 : 1
		trunc_ln42_9 : 2
		sub_ln73 : 1
		trunc_ln42_8 : 2
		sext_ln42_1599 : 3
		sext_ln70_842 : 3
		sub_ln73_88 : 1
		trunc_ln42_10 : 2
		sext_ln42_1600 : 3
		sext_ln70_843 : 3
		mul_ln73_2196 : 1
		trunc_ln42_11 : 2
		mul_ln73_2197 : 1
		trunc_ln42_12 : 2
		mul_ln73_2198 : 1
		trunc_ln42_13 : 2
		sext_ln42_1601 : 3
		mul_ln73_2199 : 1
		trunc_ln42_14 : 2
		sext_ln42_1602 : 3
		mul_ln73_2200 : 1
		trunc_ln42_15 : 2
		mul_ln73_2201 : 1
		trunc_ln42_16 : 2
		mul_ln42_93 : 1
		trunc_ln42_17 : 2
		sext_ln73 : 1
		sext_ln73_987 : 1
		add_ln73 : 2
		trunc_ln42_18 : 3
		sext_ln42_1604 : 4
		mul_ln73_2202 : 1
		trunc_ln42_19 : 2
		mul_ln73_2203 : 1
		trunc_ln42_20 : 2
		sext_ln42_1605 : 3
		mul_ln73_2204 : 1
		trunc_ln42_21 : 2
		mul_ln73_2205 : 1
		trunc_ln42_22 : 2
		mul_ln42_94 : 1
		trunc_ln42_23 : 2
		mul_ln73_2206 : 1
		trunc_ln42_24 : 2
		sext_ln73_988 : 3
		mul_ln73_2207 : 1
		trunc_ln42_25 : 2
		sext_ln42_1607 : 3
		mul_ln73_2208 : 1
		trunc_ln42_26 : 2
		sext_ln73_989 : 3
		mul_ln73_2209 : 1
		trunc_ln42_27 : 2
		mul_ln42_95 : 1
		trunc_ln42_28 : 2
		mul_ln73_2210 : 1
		trunc_ln42_29 : 2
		sext_ln73_990 : 3
		mul_ln73_2211 : 1
		trunc_ln42_30 : 2
		sext_ln73_991 : 1
		sext_ln73_992 : 1
		add_ln73_192 : 2
		trunc_ln42_31 : 3
		sext_ln73_993 : 4
		mul_ln73_2212 : 1
		trunc_ln42_32 : 2
		mul_ln73_2213 : 1
		trunc_ln42_33 : 2
		sext_ln42_1609 : 3
		mul_ln73_2214 : 1
		trunc_ln42_34 : 2
		sext_ln42_1610 : 3
		mul_ln73_2215 : 1
		trunc_ln42_35 : 2
		mul_ln73_2216 : 1
		trunc_ln42_36 : 2
		sext_ln42_1611 : 3
		mul_ln73_2217 : 1
		trunc_ln42_37 : 2
		sext_ln73_994 : 3
		mul_ln73_2218 : 1
		trunc_ln42_38 : 2
		sext_ln73_995 : 3
		mul_ln73_2219 : 1
		trunc_ln42_39 : 2
		sub_ln73_805 : 1
		sext_ln73_996 : 1
		sub_ln73_806 : 2
		trunc_ln42_40 : 3
		mul_ln73_2220 : 1
		trunc_ln42_41 : 2
		sext_ln42_1612 : 3
		mul_ln73_2221 : 1
		trunc_ln42_42 : 2
		sext_ln73_997 : 3
		mul_ln73_2222 : 1
		trunc_ln42_43 : 2
		sext_ln73_998 : 3
		mul_ln73_2223 : 1
		trunc_ln42_44 : 2
		mul_ln73_2224 : 1
		trunc_ln42_45 : 2
		sext_ln42_1613 : 3
		sub_ln73_89 : 1
		trunc_ln42_46 : 2
		sext_ln42_1614 : 3
		mul_ln73_2225 : 1
		trunc_ln42_47 : 2
		sext_ln42_1615 : 3
		mul_ln73_2226 : 1
		trunc_ln42_48 : 2
		sext_ln42_1616 : 3
		mul_ln42_96 : 1
		trunc_ln42_49 : 2
		mul_ln73_2227 : 1
		trunc_ln42_50 : 2
		sext_ln42_1617 : 3
		mul_ln73_2228 : 1
		trunc_ln42_51 : 2
		mul_ln73_2229 : 1
		trunc_ln42_52 : 2
		mul_ln73_2230 : 1
		trunc_ln42_53 : 2
		sext_ln42_1619 : 3
		sext_ln73_999 : 1
		sub_ln73_807 : 2
		trunc_ln42_54 : 3
		sext_ln42_1620 : 4
		mul_ln42_97 : 1
		trunc_ln42_55 : 2
		mul_ln73_2231 : 1
		trunc_ln42_56 : 2
		mul_ln73_2232 : 1
		trunc_ln42_57 : 2
		sext_ln42_1621 : 3
		mul_ln73_2233 : 1
		trunc_ln42_58 : 2
		sext_ln73_1000 : 1
		sext_ln73_1001 : 1
		sub_ln73_808 : 2
		trunc_ln42_59 : 3
		sext_ln42_1622 : 4
		mul_ln73_2234 : 1
		trunc_ln42_60 : 2
		sext_ln42_1623 : 3
		mul_ln42_98 : 1
		trunc_ln42_61 : 2
		mul_ln73_2235 : 1
		trunc_ln42_62 : 2
		sext_ln42_1625 : 3
		mul_ln73_2236 : 1
		trunc_ln42_63 : 2
		sext_ln42_1626 : 3
		mul_ln73_2237 : 1
		trunc_ln42_64 : 2
		sext_ln42_1627 : 3
		mul_ln73_2238 : 1
		trunc_ln42_65 : 2
		sext_ln42_1628 : 3
		sext_ln73_1002 : 1
		sext_ln73_1003 : 1
		sub_ln73_809 : 2
		trunc_ln42_66 : 3
		sext_ln42_1629 : 4
		mul_ln73_2239 : 1
		trunc_ln42_67 : 2
		sext_ln42_1630 : 3
		mul_ln73_2240 : 1
		trunc_ln42_68 : 2
		sext_ln42_1631 : 3
		mul_ln42_99 : 1
		trunc_ln42_69 : 2
		mul_ln73_2241 : 1
		trunc_ln42_70 : 2
		mul_ln73_2242 : 1
		trunc_ln42_71 : 2
		mul_ln42_100 : 1
		trunc_ln42_72 : 2
		sext_ln73_1004 : 1
		sub_ln73_810 : 2
		sext_ln73_1005 : 1
		sub_ln73_811 : 3
		trunc_ln42_73 : 4
		sext_ln42_1633 : 5
		mul_ln73_2243 : 1
		trunc_ln42_74 : 2
		mul_ln73_2244 : 1
		trunc_ln42_75 : 2
		mul_ln73_2245 : 1
		trunc_ln42_76 : 2
		mul_ln73_2246 : 1
		trunc_ln42_77 : 2
		sext_ln42_1634 : 3
		mul_ln73_2247 : 1
		trunc_ln42_78 : 2
		mul_ln42_101 : 1
		trunc_ln42_79 : 2
		mul_ln42_102 : 1
		trunc_ln42_80 : 2
		sext_ln73_1006 : 1
		sext_ln73_1007 : 1
		sext_ln73_1008 : 1
		add_ln73_193 : 2
		trunc_ln42_81 : 3
		sext_ln73_1009 : 4
		mul_ln73_2248 : 1
		trunc_ln42_82 : 2
		mul_ln73_2249 : 1
		trunc_ln42_83 : 2
		sext_ln73_1010 : 1
		sub_ln73_812 : 2
		trunc_ln42_84 : 3
		sext_ln42_1635 : 4
		mul_ln73_2250 : 1
		trunc_ln42_85 : 2
		sext_ln42_1636 : 3
		sext_ln73_1011 : 1
		sub_ln73_813 : 2
		sub_ln73_814 : 3
		trunc_ln42_86 : 4
		sext_ln73_1012 : 5
		mul_ln73_2251 : 1
		trunc_ln42_87 : 2
		sext_ln42_1638 : 3
		sext_ln73_1013 : 1
		sext_ln73_1014 : 1
		add_ln73_194 : 2
		trunc_ln42_88 : 3
		sext_ln42_1639 : 4
		mul_ln73_2252 : 1
		trunc_ln42_89 : 2
		sext_ln42_1640 : 3
		mul_ln42_103 : 1
		trunc_ln42_90 : 2
		mul_ln73_2253 : 1
		trunc_ln42_91 : 2
		sext_ln73_1015 : 3
		mul_ln73_2254 : 1
		trunc_ln42_92 : 2
		mul_ln42_104 : 1
		trunc_ln42_93 : 2
		sext_ln73_1016 : 1
		sub_ln73_815 : 2
		sext_ln73_1017 : 1
		sub_ln73_816 : 3
		trunc_ln42_94 : 4
		mul_ln73_2255 : 1
		trunc_ln42_95 : 2
		sext_ln42_1642 : 3
		mul_ln73_2256 : 1
		trunc_ln42_96 : 2
		sext_ln73_1018 : 3
		mul_ln73_2257 : 1
		trunc_ln42_97 : 2
		sext_ln42_1643 : 3
		mul_ln73_2258 : 1
		trunc_ln42_98 : 2
		mul_ln42_105 : 1
		trunc_ln42_99 : 2
		mul_ln42_106 : 1
		trunc_ln42_100 : 2
		mul_ln73_2259 : 1
		trunc_ln42_101 : 2
		sext_ln42_1644 : 3
		mul_ln73_2260 : 1
		trunc_ln42_102 : 2
		sext_ln73_1019 : 3
		sext_ln73_1020 : 1
		sext_ln73_1021 : 1
		sub_ln73_817 : 2
		trunc_ln42_103 : 3
		sext_ln42_1645 : 4
		mul_ln73_2261 : 1
		trunc_ln42_104 : 2
		mul_ln73_2262 : 1
		trunc_ln42_105 : 2
		mul_ln73_2263 : 1
		trunc_ln42_106 : 2
		sext_ln73_1022 : 1
		sext_ln73_1023 : 1
		sub_ln73_818 : 2
		trunc_ln42_107 : 3
		sext_ln73_1024 : 4
		mul_ln73_2264 : 1
		trunc_ln42_108 : 2
		sext_ln42_1646 : 3
		mul_ln73_2265 : 1
		trunc_ln42_109 : 2
		sext_ln42_1647 : 3
		mul_ln73_2266 : 1
		trunc_ln42_110 : 2
		sext_ln42_1648 : 3
		mul_ln73_2267 : 1
		trunc_ln42_111 : 2
		mul_ln73_2268 : 1
		trunc_ln42_112 : 2
		sext_ln42_1650 : 3
		mul_ln73_2269 : 1
		trunc_ln42_113 : 2
		sext_ln42_1651 : 3
		mul_ln42_107 : 1
		trunc_ln42_114 : 2
		mul_ln73_2270 : 1
		trunc_ln42_115 : 2
		sext_ln42_1652 : 3
		mul_ln42_108 : 1
		trunc_ln42_116 : 2
		mul_ln42_109 : 1
		trunc_ln42_117 : 2
		mul_ln42_110 : 1
		trunc_ln42_118 : 2
		mul_ln42_111 : 1
		trunc_ln42_119 : 2
		mul_ln73_2271 : 1
		trunc_ln42_120 : 2
		mul_ln73_2272 : 1
		trunc_ln42_121 : 2
		sext_ln73_1025 : 3
		sext_ln73_1026 : 1
		sext_ln73_1027 : 1
		sub_ln73_819 : 2
		trunc_ln42_122 : 3
		sext_ln42_1653 : 4
		mul_ln73_2273 : 1
		trunc_ln42_123 : 2
		sext_ln73_1028 : 3
		mul_ln73_2274 : 1
		trunc_ln42_124 : 2
		mul_ln73_2275 : 1
		trunc_ln42_125 : 2
		sext_ln73_1029 : 1
		sext_ln73_1030 : 1
		sub_ln73_820 : 2
		trunc_ln42_126 : 3
		sext_ln73_1031 : 4
		mul_ln73_2276 : 1
		trunc_ln42_127 : 2
		sext_ln42_1654 : 3
		mul_ln73_2277 : 1
		trunc_ln42_128 : 2
		sext_ln42_1655 : 3
		mul_ln42_112 : 1
		trunc_ln42_129 : 2
		mul_ln73_2278 : 1
		trunc_ln42_130 : 2
		mul_ln73_2279 : 1
		trunc_ln42_131 : 2
		sext_ln42_1656 : 3
		mul_ln73_2280 : 1
		trunc_ln42_132 : 2
		sext_ln42_1657 : 3
		sext_ln73_1032 : 1
		sub_ln73_821 : 2
		sext_ln73_1033 : 1
		sub_ln73_822 : 3
		trunc_ln42_133 : 4
		sext_ln73_1034 : 5
		sext_ln73_1035 : 1
		sext_ln73_1036 : 1
		sub_ln73_823 : 2
		trunc_ln42_134 : 3
		sext_ln42_1658 : 4
		mul_ln73_2281 : 1
		trunc_ln42_135 : 2
		mul_ln73_2282 : 1
		trunc_ln42_136 : 2
		sext_ln42_1659 : 3
		mul_ln73_2283 : 1
		trunc_ln42_137 : 2
		sext_ln42_1660 : 3
		sext_ln73_1037 : 1
		sext_ln73_1038 : 1
		add_ln73_195 : 2
		trunc_ln42_138 : 3
		sext_ln73_1039 : 4
		mul_ln73_2284 : 1
		trunc_ln42_139 : 2
		mul_ln73_2285 : 1
		trunc_ln42_140 : 2
		mul_ln73_2286 : 1
		trunc_ln42_141 : 2
		mul_ln73_2287 : 1
		trunc_ln42_142 : 2
		sext_ln73_1040 : 3
		mul_ln73_2288 : 1
		trunc_ln42_143 : 2
		mul_ln73_2289 : 1
		trunc_ln42_144 : 2
		mul_ln73_2290 : 1
		trunc_ln42_145 : 2
		sext_ln42_1661 : 3
		add_ln58 : 3
		add_ln58_3894 : 4
		add_ln58_3896 : 3
		add_ln58_3897 : 5
		sext_ln58 : 6
		add_ln58_3898 : 7
		add_ln58_3900 : 4
		add_ln58_3901 : 4
		add_ln58_3903 : 3
		add_ln58_3904 : 5
		add_ln58_3905 : 6
		add_ln58_3908 : 3
		add_ln58_3909 : 6
		sext_ln58_806 : 7
		add_ln58_3910 : 8
		add_ln58_3911 : 4
		sext_ln58_807 : 5
		add_ln58_3912 : 4
		add_ln58_3913 : 6
		add_ln58_3915 : 3
		add_ln58_3916 : 5
		add_ln58_3918 : 4
		add_ln58_3919 : 3
		add_ln58_3920 : 5
		add_ln58_3924 : 4
		add_ln58_3925 : 4
		add_ln58_3927 : 3
		add_ln58_3928 : 3
		add_ln58_3929 : 4
		add_ln58_3931 : 4
		add_ln58_3932 : 4
		add_ln58_3934 : 4
		add_ln58_3935 : 4
		add_ln58_3936 : 5
		add_ln58_3939 : 4
		add_ln58_3940 : 4
		add_ln58_3941 : 5
		add_ln58_3942 : 4
		add_ln58_3943 : 5
		sext_ln58_810 : 6
		add_ln58_3944 : 7
		add_ln58_3946 : 4
		add_ln58_3947 : 5
		add_ln58_3949 : 4
		add_ln58_3950 : 4
		sext_ln58_811 : 5
		add_ln58_3951 : 6
		add_ln58_3955 : 4
		add_ln58_3956 : 4
		add_ln58_3958 : 5
		add_ln58_3959 : 4
		add_ln58_3960 : 6
		add_ln58_3962 : 4
		add_ln58_3963 : 4
		add_ln58_3965 : 5
		add_ln58_3966 : 4
		add_ln58_3967 : 6
		add_ln58_3970 : 6
		add_ln58_3971 : 5
		add_ln58_3972 : 7
		add_ln58_3973 : 3
		add_ln58_3974 : 5
		add_ln58_3975 : 6
		add_ln58_3977 : 4
		add_ln58_3978 : 4
		sext_ln58_813 : 5
		add_ln58_3979 : 6
		add_ln58_3980 : 6
		sext_ln58_814 : 7
		add_ln58_3981 : 3
		add_ln58_3982 : 8
		add_ln58_3983 : 9
		add_ln58_3986 : 4
		add_ln58_3987 : 4
		add_ln58_3989 : 4
		add_ln58_3990 : 4
		sext_ln58_816 : 5
		add_ln58_3991 : 6
		add_ln58_3993 : 4
		add_ln58_3994 : 4
		add_ln58_3996 : 4
		add_ln58_3997 : 5
		add_ln58_3998 : 6
		add_ln58_4001 : 3
		add_ln58_4002 : 5
		add_ln58_4003 : 6
		add_ln58_4004 : 5
		add_ln58_4005 : 3
		add_ln58_4006 : 6
		add_ln58_4008 : 4
		add_ln58_4009 : 3
		add_ln58_4011 : 5
		add_ln58_4012 : 3
		add_ln58_4013 : 4
		add_ln58_4014 : 6
		add_ln58_4018 : 3
		add_ln58_4020 : 4
		add_ln58_4021 : 4
		add_ln58_4022 : 5
		add_ln58_4024 : 4
		add_ln58_4025 : 4
		add_ln58_4027 : 4
		add_ln58_4028 : 4
		add_ln58_4029 : 5
		add_ln58_4032 : 3
		add_ln58_4033 : 4
		add_ln58_4034 : 5
		add_ln58_4035 : 4
		add_ln58_4036 : 4
		add_ln58_4037 : 5
		add_ln58_4039 : 4
		add_ln58_4040 : 3
		add_ln58_4042 : 3
		add_ln58_4043 : 4
		add_ln58_4044 : 5
	State 2
		add_ln58_3899 : 1
		add_ln58_3906 : 1
		add_ln58_3907 : 2
		add_ln58_3917 : 1
		add_ln58_3921 : 2
		add_ln58_3922 : 3
		add_ln58_3923 : 4
		add_ln58_3930 : 1
		add_ln58_3933 : 1
		add_ln58_3937 : 2
		add_ln58_3938 : 3
		add_ln58_3952 : 1
		add_ln58_3953 : 2
		add_ln58_3954 : 4
		add_ln58_3961 : 1
		add_ln58_3964 : 1
		add_ln58_3968 : 2
		add_ln58_3969 : 3
		add_ln58_3984 : 1
		add_ln58_3985 : 4
		add_ln58_3988 : 1
		add_ln58_3992 : 2
		add_ln58_3999 : 1
		add_ln58_4000 : 3
		add_ln58_4015 : 1
		add_ln58_4016 : 2
		add_ln58_4017 : 4
		add_ln58_4019 : 1
		add_ln58_4023 : 2
		add_ln58_4030 : 1
		add_ln58_4031 : 3
		add_ln58_4045 : 1
		add_ln58_4046 : 2
		add_ln58_4047 : 4
		mrv : 5
		mrv_1 : 6
		mrv_2 : 7
		mrv_3 : 8
		mrv_4 : 9
		ret_ln68 : 10


============================================================
+ Verbose Summary: Datapath Resource usage 
============================================================

* Functional unit list:
|----------|------------------------------|---------|---------|---------|
| Operation|        Functional Unit       |   DSP   |    FF   |   LUT   |
|----------|------------------------------|---------|---------|---------|
|          |       add_ln73_fu_81985      |    0    |    0    |    29   |
|          |     add_ln73_192_fu_82211    |    0    |    0    |    30   |
|          |     add_ln73_193_fu_83155    |    0    |    0    |    26   |
|          |     add_ln73_194_fu_83336    |    0    |    0    |    29   |
|          |     add_ln73_195_fu_84342    |    0    |    0    |    29   |
|          |       add_ln58_fu_84457      |    0    |    0    |    23   |
|          |    add_ln58_3894_fu_84463    |    0    |    0    |    23   |
|          |    add_ln58_3896_fu_84469    |    0    |    0    |    16   |
|          |    add_ln58_3897_fu_84475    |    0    |    0    |    21   |
|          |    add_ln58_3898_fu_84485    |    0    |    0    |    16   |
|          |    add_ln58_3900_fu_84491    |    0    |    0    |    22   |
|          |    add_ln58_3901_fu_84497    |    0    |    0    |    22   |
|          |    add_ln58_3903_fu_84503    |    0    |    0    |    16   |
|          |    add_ln58_3904_fu_84509    |    0    |    0    |    23   |
|          |    add_ln58_3905_fu_84515    |    0    |    0    |    16   |
|          |    add_ln58_3908_fu_84521    |    0    |    0    |    16   |
|          |    add_ln58_3909_fu_84527    |    0    |    0    |    17   |
|          |    add_ln58_3910_fu_84537    |    0    |    0    |    16   |
|          |    add_ln58_3911_fu_84543    |    0    |    0    |    20   |
|          |    add_ln58_3912_fu_84553    |    0    |    0    |    16   |
|          |    add_ln58_3913_fu_84559    |    0    |    0    |    16   |
|          |    add_ln58_3915_fu_84565    |    0    |    0    |    23   |
|          |    add_ln58_3916_fu_84571    |    0    |    0    |    21   |
|          |    add_ln58_3918_fu_84577    |    0    |    0    |    16   |
|          |    add_ln58_3919_fu_84583    |    0    |    0    |    23   |
|          |    add_ln58_3920_fu_84589    |    0    |    0    |    16   |
|          |    add_ln58_3924_fu_84595    |    0    |    0    |    23   |
|          |    add_ln58_3925_fu_84601    |    0    |    0    |    23   |
|          |    add_ln58_3927_fu_84607    |    0    |    0    |    16   |
|          |    add_ln58_3928_fu_84613    |    0    |    0    |    23   |
|          |    add_ln58_3929_fu_84619    |    0    |    0    |    16   |
|          |    add_ln58_3931_fu_84625    |    0    |    0    |    21   |
|          |    add_ln58_3932_fu_84631    |    0    |    0    |    22   |
|          |    add_ln58_3934_fu_84637    |    0    |    0    |    16   |
|          |    add_ln58_3935_fu_84643    |    0    |    0    |    22   |
|          |    add_ln58_3936_fu_84649    |    0    |    0    |    16   |
|          |    add_ln58_3939_fu_84655    |    0    |    0    |    16   |
|          |    add_ln58_3940_fu_84661    |    0    |    0    |    23   |
|          |    add_ln58_3941_fu_84667    |    0    |    0    |    16   |
|          |    add_ln58_3942_fu_84673    |    0    |    0    |    16   |
|          |    add_ln58_3943_fu_84679    |    0    |    0    |    20   |
|          |    add_ln58_3944_fu_84689    |    0    |    0    |    16   |
|          |    add_ln58_3946_fu_84695    |    0    |    0    |    23   |
|          |    add_ln58_3947_fu_84701    |    0    |    0    |    22   |
|          |    add_ln58_3949_fu_84707    |    0    |    0    |    16   |
|          |    add_ln58_3950_fu_84713    |    0    |    0    |    21   |
|          |    add_ln58_3951_fu_84723    |    0    |    0    |    16   |
|          |    add_ln58_3955_fu_84729    |    0    |    0    |    22   |
|          |    add_ln58_3956_fu_84735    |    0    |    0    |    22   |
|          |    add_ln58_3958_fu_84741    |    0    |    0    |    16   |
|          |    add_ln58_3959_fu_84747    |    0    |    0    |    23   |
|          |    add_ln58_3960_fu_84753    |    0    |    0    |    16   |
|          |    add_ln58_3962_fu_84759    |    0    |    0    |    21   |
|          |    add_ln58_3963_fu_84765    |    0    |    0    |    23   |
|          |    add_ln58_3965_fu_84771    |    0    |    0    |    16   |
|          |    add_ln58_3966_fu_84777    |    0    |    0    |    22   |
|          |    add_ln58_3967_fu_84783    |    0    |    0    |    16   |
|          |    add_ln58_3970_fu_84789    |    0    |    0    |    16   |
|          |    add_ln58_3971_fu_84795    |    0    |    0    |    23   |
|          |    add_ln58_3972_fu_84801    |    0    |    0    |    16   |
|          |    add_ln58_3973_fu_84807    |    0    |    0    |    16   |
|          |    add_ln58_3974_fu_84813    |    0    |    0    |    22   |
|          |    add_ln58_3975_fu_84819    |    0    |    0    |    16   |
|          |    add_ln58_3977_fu_84825    |    0    |    0    |    23   |
|          |    add_ln58_3978_fu_84831    |    0    |    0    |    21   |
|          |    add_ln58_3979_fu_84841    |    0    |    0    |    16   |
|          |    add_ln58_3980_fu_84847    |    0    |    0    |    20   |
|          |    add_ln58_3981_fu_84857    |    0    |    0    |    16   |
|          |    add_ln58_3982_fu_84863    |    0    |    0    |    16   |
|          |    add_ln58_3983_fu_84869    |    0    |    0    |    16   |
|          |    add_ln58_3986_fu_84875    |    0    |    0    |    23   |
|          |    add_ln58_3987_fu_84881    |    0    |    0    |    14   |
|          |    add_ln58_3989_fu_84887    |    0    |    0    |    16   |
|          |    add_ln58_3990_fu_84893    |    0    |    0    |    21   |
|          |    add_ln58_3991_fu_84903    |    0    |    0    |    16   |
|          |    add_ln58_3993_fu_84909    |    0    |    0    |    23   |
|          |    add_ln58_3994_fu_84915    |    0    |    0    |    23   |
|          |    add_ln58_3996_fu_84921    |    0    |    0    |    16   |
|          |    add_ln58_3997_fu_84927    |    0    |    0    |    22   |
|    add   |    add_ln58_3998_fu_84933    |    0    |    0    |    16   |
|          |    add_ln58_4001_fu_84939    |    0    |    0    |    16   |
|          |    add_ln58_4002_fu_84945    |    0    |    0    |    23   |
|          |    add_ln58_4003_fu_84951    |    0    |    0    |    16   |
|          |    add_ln58_4004_fu_84957    |    0    |    0    |    16   |
|          |    add_ln58_4005_fu_84963    |    0    |    0    |    23   |
|          |    add_ln58_4006_fu_84969    |    0    |    0    |    16   |
|          |    add_ln58_4008_fu_84975    |    0    |    0    |    23   |
|          |    add_ln58_4009_fu_84981    |    0    |    0    |    23   |
|          |    add_ln58_4011_fu_84987    |    0    |    0    |    16   |
|          |    add_ln58_4012_fu_84993    |    0    |    0    |    16   |
|          |    add_ln58_4013_fu_84999    |    0    |    0    |    16   |
|          |    add_ln58_4014_fu_85005    |    0    |    0    |    16   |
|          |    add_ln58_4018_fu_85011    |    0    |    0    |    23   |
|          |    add_ln58_4020_fu_85017    |    0    |    0    |    16   |
|          |    add_ln58_4021_fu_85023    |    0    |    0    |    23   |
|          |    add_ln58_4022_fu_85029    |    0    |    0    |    16   |
|          |    add_ln58_4024_fu_85035    |    0    |    0    |    23   |
|          |    add_ln58_4025_fu_85041    |    0    |    0    |    22   |
|          |    add_ln58_4027_fu_85047    |    0    |    0    |    16   |
|          |    add_ln58_4028_fu_85053    |    0    |    0    |    23   |
|          |    add_ln58_4029_fu_85059    |    0    |    0    |    16   |
|          |    add_ln58_4032_fu_85065    |    0    |    0    |    16   |
|          |    add_ln58_4033_fu_85071    |    0    |    0    |    23   |
|          |    add_ln58_4034_fu_85077    |    0    |    0    |    16   |
|          |    add_ln58_4035_fu_85083    |    0    |    0    |    16   |
|          |    add_ln58_4036_fu_85089    |    0    |    0    |    23   |
|          |    add_ln58_4037_fu_85095    |    0    |    0    |    16   |
|          |    add_ln58_4039_fu_85101    |    0    |    0    |    23   |
|          |    add_ln58_4040_fu_85107    |    0    |    0    |    23   |
|          |    add_ln58_4042_fu_85113    |    0    |    0    |    16   |
|          |    add_ln58_4043_fu_85119    |    0    |    0    |    22   |
|          |    add_ln58_4044_fu_85125    |    0    |    0    |    16   |
|          |    add_ln58_3895_fu_85131    |    0    |    0    |    16   |
|          |    add_ln58_3899_fu_85135    |    0    |    0    |    16   |
|          |    add_ln58_3902_fu_85140    |    0    |    0    |    16   |
|          |    add_ln58_3906_fu_85144    |    0    |    0    |    16   |
|          |    add_ln58_3907_fu_85149    |    0    |    0    |    16   |
|          |    add_ln58_3914_fu_85155    |    0    |    0    |    16   |
|          |    add_ln58_3917_fu_85162    |    0    |    0    |    16   |
|          |    add_ln58_3921_fu_85167    |    0    |    0    |    16   |
|          |    add_ln58_3922_fu_85172    |    0    |    0    |    16   |
|          |    add_ln58_3923_fu_85178    |    0    |    0    |    16   |
|          |    add_ln58_3926_fu_85184    |    0    |    0    |    16   |
|          |    add_ln58_3930_fu_85188    |    0    |    0    |    16   |
|          |    add_ln58_3933_fu_85196    |    0    |    0    |    16   |
|          |    add_ln58_3937_fu_85201    |    0    |    0    |    16   |
|          |    add_ln58_3938_fu_85206    |    0    |    0    |    16   |
|          |    add_ln58_3945_fu_85212    |    0    |    0    |    16   |
|          |    add_ln58_3948_fu_85216    |    0    |    0    |    16   |
|          |    add_ln58_3952_fu_85220    |    0    |    0    |    16   |
|          |    add_ln58_3953_fu_85225    |    0    |    0    |    16   |
|          |    add_ln58_3954_fu_85231    |    0    |    0    |    16   |
|          |    add_ln58_3957_fu_85237    |    0    |    0    |    16   |
|          |    add_ln58_3961_fu_85241    |    0    |    0    |    16   |
|          |    add_ln58_3964_fu_85249    |    0    |    0    |    16   |
|          |    add_ln58_3968_fu_85254    |    0    |    0    |    16   |
|          |    add_ln58_3969_fu_85259    |    0    |    0    |    16   |
|          |    add_ln58_3976_fu_85265    |    0    |    0    |    16   |
|          |    add_ln58_3984_fu_85269    |    0    |    0    |    16   |
|          |    add_ln58_3985_fu_85274    |    0    |    0    |    16   |
|          |    add_ln58_3988_fu_85283    |    0    |    0    |    16   |
|          |    add_ln58_3992_fu_85288    |    0    |    0    |    16   |
|          |    add_ln58_3995_fu_85293    |    0    |    0    |    16   |
|          |    add_ln58_3999_fu_85297    |    0    |    0    |    16   |
|          |    add_ln58_4000_fu_85302    |    0    |    0    |    16   |
|          |    add_ln58_4007_fu_85308    |    0    |    0    |    16   |
|          |    add_ln58_4010_fu_85312    |    0    |    0    |    16   |
|          |    add_ln58_4015_fu_85316    |    0    |    0    |    16   |
|          |    add_ln58_4016_fu_85321    |    0    |    0    |    16   |
|          |    add_ln58_4017_fu_85327    |    0    |    0    |    16   |
|          |    add_ln58_4019_fu_85333    |    0    |    0    |    16   |
|          |    add_ln58_4023_fu_85338    |    0    |    0    |    16   |
|          |    add_ln58_4026_fu_85343    |    0    |    0    |    16   |
|          |    add_ln58_4030_fu_85347    |    0    |    0    |    16   |
|          |    add_ln58_4031_fu_85352    |    0    |    0    |    16   |
|          |    add_ln58_4038_fu_85358    |    0    |    0    |    16   |
|          |    add_ln58_4041_fu_85362    |    0    |    0    |    16   |
|          |    add_ln58_4045_fu_85366    |    0    |    0    |    16   |
|          |    add_ln58_4046_fu_85371    |    0    |    0    |    16   |
|          |    add_ln58_4047_fu_85377    |    0    |    0    |    16   |
|----------|------------------------------|---------|---------|---------|
|          |     mul_ln73_2277_fu_612     |    1    |    0    |    5    |
|          |     mul_ln73_2204_fu_613     |    1    |    0    |    5    |
|          |      mul_ln42_104_fu_614     |    1    |    0    |    5    |
|          |     mul_ln73_2255_fu_615     |    1    |    0    |    5    |
|          |     mul_ln73_2197_fu_616     |    1    |    0    |    5    |
|          |     mul_ln73_2276_fu_618     |    1    |    0    |    5    |
|          |     mul_ln73_2289_fu_619     |    1    |    0    |    5    |
|          |     mul_ln73_2266_fu_620     |    1    |    0    |    5    |
|          |     mul_ln73_2194_fu_621     |    1    |    0    |    5    |
|          |     mul_ln73_2195_fu_622     |    1    |    0    |    5    |
|          |     mul_ln73_2225_fu_627     |    1    |    0    |    5    |
|          |     mul_ln73_2253_fu_628     |    1    |    0    |    5    |
|          |     mul_ln73_2241_fu_629     |    1    |    0    |    5    |
|          |     mul_ln73_2236_fu_630     |    1    |    0    |    5    |
|          |     mul_ln73_2226_fu_631     |    1    |    0    |    5    |
|          |     mul_ln73_2214_fu_633     |    1    |    0    |    5    |
|          |     mul_ln73_2246_fu_634     |    1    |    0    |    5    |
|          |     mul_ln73_2258_fu_635     |    1    |    0    |    5    |
|          |     mul_ln73_2288_fu_638     |    1    |    0    |    5    |
|          |      mul_ln42_106_fu_641     |    1    |    0    |    5    |
|          |      mul_ln42_110_fu_642     |    1    |    0    |    5    |
|          |     mul_ln73_2286_fu_643     |    1    |    0    |    5    |
|          |     mul_ln73_2193_fu_644     |    1    |    0    |    5    |
|          |     mul_ln73_2279_fu_645     |    1    |    0    |    5    |
|          |     mul_ln73_2189_fu_646     |    1    |    0    |    5    |
|          |     mul_ln73_2203_fu_647     |    1    |    0    |    5    |
|          |     mul_ln73_2254_fu_648     |    1    |    0    |    5    |
|          |     mul_ln73_2213_fu_649     |    1    |    0    |    5    |
|          |     mul_ln73_2239_fu_651     |    1    |    0    |    5    |
|          |     mul_ln73_2224_fu_652     |    1    |    0    |    5    |
|          |     mul_ln73_2219_fu_654     |    1    |    0    |    5    |
|          |     mul_ln73_2206_fu_655     |    1    |    0    |    5    |
|          |     mul_ln73_2243_fu_657     |    1    |    0    |    5    |
|          |     mul_ln73_2275_fu_658     |    1    |    0    |    5    |
|          |     mul_ln73_2205_fu_659     |    1    |    0    |    5    |
|          |      mul_ln42_99_fu_660      |    1    |    0    |    5    |
|          |     mul_ln73_2250_fu_661     |    1    |    0    |    5    |
|          |        mul_ln42_fu_662       |    1    |    0    |    5    |
|          |     mul_ln73_2280_fu_663     |    1    |    0    |    5    |
|          |      mul_ln42_105_fu_664     |    1    |    0    |    5    |
|          |     mul_ln73_2269_fu_666     |    1    |    0    |    5    |
|          |      mul_ln42_111_fu_669     |    1    |    0    |    5    |
|          |      mul_ln42_102_fu_670     |    1    |    0    |    5    |
|          |     mul_ln73_2202_fu_671     |    1    |    0    |    5    |
|          |     mul_ln73_2244_fu_672     |    1    |    0    |    5    |
|          |      mul_ln42_107_fu_673     |    1    |    0    |    5    |
|          |     mul_ln73_2247_fu_674     |    1    |    0    |    5    |
|          |     mul_ln73_2211_fu_675     |    1    |    0    |    5    |
|          |      mul_ln42_109_fu_676     |    1    |    0    |    5    |
|          |     mul_ln73_2218_fu_677     |    1    |    0    |    5    |
|          |     mul_ln73_2268_fu_678     |    1    |    0    |    5    |
|          |     mul_ln73_2245_fu_679     |    1    |    0    |    5    |
|          |     mul_ln73_2228_fu_680     |    1    |    0    |    5    |
|          |     mul_ln73_2290_fu_681     |    1    |    0    |    5    |
|          |     mul_ln73_2199_fu_682     |    1    |    0    |    5    |
|          |     mul_ln73_2201_fu_683     |    1    |    0    |    5    |
|          |      mul_ln42_98_fu_684      |    1    |    0    |    5    |
|          |     mul_ln73_2273_fu_685     |    1    |    0    |    5    |
|          |     mul_ln73_2271_fu_690     |    1    |    0    |    5    |
|          |     mul_ln73_2260_fu_691     |    1    |    0    |    5    |
|          |     mul_ln73_2196_fu_692     |    1    |    0    |    5    |
|          |     mul_ln73_2209_fu_693     |    1    |    0    |    5    |
|    mul   |     mul_ln73_2237_fu_694     |    1    |    0    |    5    |
|          |     mul_ln73_2284_fu_695     |    1    |    0    |    5    |
|          |      mul_ln42_108_fu_696     |    1    |    0    |    5    |
|          |     mul_ln73_2215_fu_697     |    1    |    0    |    5    |
|          |      mul_ln42_93_fu_698      |    1    |    0    |    5    |
|          |     mul_ln73_2285_fu_700     |    1    |    0    |    5    |
|          |      mul_ln42_100_fu_701     |    1    |    0    |    5    |
|          |     mul_ln73_2220_fu_702     |    1    |    0    |    5    |
|          |     mul_ln73_2265_fu_703     |    1    |    0    |    5    |
|          |     mul_ln73_2229_fu_704     |    1    |    0    |    5    |
|          |     mul_ln73_2272_fu_705     |    1    |    0    |    5    |
|          |     mul_ln73_2235_fu_706     |    1    |    0    |    5    |
|          |     mul_ln73_2210_fu_709     |    1    |    0    |    5    |
|          |      mul_ln42_94_fu_710      |    1    |    0    |    5    |
|          |     mul_ln73_2234_fu_711     |    1    |    0    |    5    |
|          |     mul_ln73_2216_fu_712     |    1    |    0    |    5    |
|          |     mul_ln73_2281_fu_715     |    1    |    0    |    5    |
|          |     mul_ln73_2282_fu_716     |    1    |    0    |    5    |
|          |     mul_ln73_2221_fu_717     |    1    |    0    |    5    |
|          |     mul_ln73_2200_fu_719     |    1    |    0    |    5    |
|          |     mul_ln73_2230_fu_720     |    1    |    0    |    5    |
|          |     mul_ln73_2238_fu_721     |    1    |    0    |    5    |
|          |      mul_ln42_95_fu_722      |    1    |    0    |    5    |
|          |      mul_ln42_96_fu_723      |    1    |    0    |    5    |
|          |      mul_ln42_112_fu_724     |    1    |    0    |    5    |
|          |     mul_ln73_2227_fu_725     |    1    |    0    |    5    |
|          |     mul_ln73_2208_fu_726     |    1    |    0    |    5    |
|          |     mul_ln73_2223_fu_727     |    1    |    0    |    5    |
|          |      mul_ln42_97_fu_728      |    1    |    0    |    5    |
|          |     mul_ln73_2232_fu_730     |    1    |    0    |    5    |
|          |     mul_ln73_2222_fu_731     |    1    |    0    |    5    |
|          |     mul_ln73_2242_fu_732     |    1    |    0    |    5    |
|          |     mul_ln73_2217_fu_733     |    1    |    0    |    5    |
|          |     mul_ln73_2267_fu_734     |    1    |    0    |    5    |
|          |     mul_ln73_2212_fu_735     |    1    |    0    |    5    |
|          |     mul_ln73_2262_fu_736     |    1    |    0    |    5    |
|          |     mul_ln73_2251_fu_737     |    1    |    0    |    5    |
|          |     mul_ln73_2190_fu_738     |    1    |    0    |    5    |
|          |      mul_ln42_101_fu_739     |    1    |    0    |    5    |
|          |     mul_ln73_2283_fu_740     |    1    |    0    |    5    |
|          |     mul_ln73_2278_fu_742     |    1    |    0    |    5    |
|          |     mul_ln73_2240_fu_743     |    1    |    0    |    5    |
|          |     mul_ln73_2274_fu_744     |    1    |    0    |    5    |
|          |     mul_ln73_2248_fu_748     |    1    |    0    |    5    |
|          |     mul_ln73_2287_fu_749     |    1    |    0    |    5    |
|          |     mul_ln73_2270_fu_751     |    1    |    0    |    5    |
|          |     mul_ln73_2192_fu_752     |    1    |    0    |    5    |
|          |     mul_ln73_2259_fu_753     |    1    |    0    |    5    |
|          |     mul_ln73_2188_fu_754     |    1    |    0    |    5    |
|          |        mul_ln73_fu_755       |    1    |    0    |    5    |
|          |     mul_ln73_2257_fu_756     |    1    |    0    |    5    |
|          |     mul_ln73_2249_fu_758     |    1    |    0    |    5    |
|          |     mul_ln73_2261_fu_759     |    1    |    0    |    5    |
|          |      mul_ln42_103_fu_760     |    1    |    0    |    5    |
|          |     mul_ln73_2256_fu_762     |    1    |    0    |    5    |
|          |     mul_ln73_2231_fu_764     |    1    |    0    |    5    |
|          |     mul_ln73_2264_fu_765     |    1    |    0    |    5    |
|          |     mul_ln73_2252_fu_766     |    1    |    0    |    5    |
|          |     mul_ln73_2191_fu_767     |    1    |    0    |    5    |
|          |     mul_ln73_2198_fu_768     |    1    |    0    |    5    |
|          |     mul_ln73_2263_fu_769     |    1    |    0    |    5    |
|          |     mul_ln73_2233_fu_770     |    1    |    0    |    5    |
|          |     mul_ln73_2207_fu_771     |    1    |    0    |    5    |
|----------|------------------------------|---------|---------|---------|
|          |       sub_ln73_fu_81802      |    0    |    0    |    23   |
|          |     sub_ln73_88_fu_81830     |    0    |    0    |    23   |
|          |     sub_ln73_805_fu_82359    |    0    |    0    |    26   |
|          |     sub_ln73_806_fu_82377    |    0    |    0    |    26   |
|          |     sub_ln73_89_fu_82480     |    0    |    0    |    23   |
|          |     sub_ln73_807_fu_82622    |    0    |    0    |    26   |
|          |     sub_ln73_808_fu_82726    |    0    |    0    |    31   |
|          |     sub_ln73_809_fu_82883    |    0    |    0    |    26   |
|          |     sub_ln73_810_fu_82991    |    0    |    0    |    19   |
|          |     sub_ln73_811_fu_83009    |    0    |    0    |    20   |
|    sub   |     sub_ln73_812_fu_83207    |    0    |    0    |    30   |
|          |     sub_ln73_813_fu_83272    |    0    |    0    |    18   |
|          |     sub_ln73_814_fu_83278    |    0    |    0    |    19   |
|          |     sub_ln73_815_fu_83442    |    0    |    0    |    25   |
|          |     sub_ln73_816_fu_83460    |    0    |    0    |    26   |
|          |     sub_ln73_817_fu_83633    |    0    |    0    |    29   |
|          |     sub_ln73_818_fu_83719    |    0    |    0    |    29   |
|          |     sub_ln73_819_fu_83973    |    0    |    0    |    31   |
|          |     sub_ln73_820_fu_84067    |    0    |    0    |    30   |
|          |     sub_ln73_821_fu_84186    |    0    |    0    |    21   |
|          |     sub_ln73_822_fu_84204    |    0    |    0    |    22   |
|          |     sub_ln73_823_fu_84248    |    0    |    0    |    30   |
|----------|------------------------------|---------|---------|---------|
|          | data_31_val_read_read_fu_420 |    0    |    0    |    0    |
|          | data_30_val_read_read_fu_426 |    0    |    0    |    0    |
|          | data_29_val_read_read_fu_432 |    0    |    0    |    0    |
|          | data_28_val_read_read_fu_438 |    0    |    0    |    0    |
|          | data_27_val_read_read_fu_444 |    0    |    0    |    0    |
|          | data_26_val_read_read_fu_450 |    0    |    0    |    0    |
|          | data_25_val_read_read_fu_456 |    0    |    0    |    0    |
|          | data_24_val_read_read_fu_462 |    0    |    0    |    0    |
|          | data_23_val_read_read_fu_468 |    0    |    0    |    0    |
|          | data_22_val_read_read_fu_474 |    0    |    0    |    0    |
|          | data_21_val_read_read_fu_480 |    0    |    0    |    0    |
|          | data_20_val_read_read_fu_486 |    0    |    0    |    0    |
|          | data_19_val_read_read_fu_492 |    0    |    0    |    0    |
|          | data_18_val_read_read_fu_498 |    0    |    0    |    0    |
|          | data_17_val_read_read_fu_504 |    0    |    0    |    0    |
|   read   | data_16_val_read_read_fu_510 |    0    |    0    |    0    |
|          | data_15_val_read_read_fu_516 |    0    |    0    |    0    |
|          | data_14_val_read_read_fu_522 |    0    |    0    |    0    |
|          | data_13_val_read_read_fu_528 |    0    |    0    |    0    |
|          | data_12_val_read_read_fu_534 |    0    |    0    |    0    |
|          | data_11_val_read_read_fu_540 |    0    |    0    |    0    |
|          | data_10_val_read_read_fu_546 |    0    |    0    |    0    |
|          |  data_9_val_read_read_fu_552 |    0    |    0    |    0    |
|          |  data_8_val_read_read_fu_558 |    0    |    0    |    0    |
|          |  data_7_val_read_read_fu_564 |    0    |    0    |    0    |
|          |  data_6_val_read_read_fu_570 |    0    |    0    |    0    |
|          |  data_5_val_read_read_fu_576 |    0    |    0    |    0    |
|          |  data_4_val_read_read_fu_582 |    0    |    0    |    0    |
|          |  data_3_val_read_read_fu_588 |    0    |    0    |    0    |
|          |  data_2_val_read_read_fu_594 |    0    |    0    |    0    |
|          |  data_1_val_read_read_fu_600 |    0    |    0    |    0    |
|          |  data_0_val_read_read_fu_606 |    0    |    0    |    0    |
|----------|------------------------------|---------|---------|---------|
|          |      sext_ln42_fu_81648      |    0    |    0    |    0    |
|          |      sext_ln70_fu_81655      |    0    |    0    |    0    |
|          |    sext_ln70_775_fu_81660    |    0    |    0    |    0    |
|          |    sext_ln42_1595_fu_81685   |    0    |    0    |    0    |
|          |    sext_ln42_1596_fu_81699   |    0    |    0    |    0    |
|          |    sext_ln70_776_fu_81723    |    0    |    0    |    0    |
|          |    sext_ln70_777_fu_81728    |    0    |    0    |    0    |
|          |    sext_ln70_778_fu_81733    |    0    |    0    |    0    |
|          |    sext_ln42_1597_fu_81770   |    0    |    0    |    0    |
|          |    sext_ln42_1598_fu_81784   |    0    |    0    |    0    |
|          |    sext_ln70_779_fu_81798    |    0    |    0    |    0    |
|          |    sext_ln42_1599_fu_81818   |    0    |    0    |    0    |
|          |    sext_ln70_842_fu_81822    |    0    |    0    |    0    |
|          |    sext_ln70_780_fu_81826    |    0    |    0    |    0    |
|          |    sext_ln42_1600_fu_81846   |    0    |    0    |    0    |
|          |    sext_ln70_843_fu_81850    |    0    |    0    |    0    |
|          |    sext_ln70_781_fu_81854    |    0    |    0    |    0    |
|          |    sext_ln70_782_fu_81859    |    0    |    0    |    0    |
|          |    sext_ln70_783_fu_81864    |    0    |    0    |    0    |
|          |    sext_ln42_1601_fu_81901   |    0    |    0    |    0    |
|          |    sext_ln42_1602_fu_81915   |    0    |    0    |    0    |
|          |    sext_ln70_784_fu_81929    |    0    |    0    |    0    |
|          |    sext_ln42_1603_fu_81934   |    0    |    0    |    0    |
|          |      sext_ln73_fu_81969      |    0    |    0    |    0    |
|          |    sext_ln73_987_fu_81981    |    0    |    0    |    0    |
|          |    sext_ln42_1604_fu_82001   |    0    |    0    |    0    |
|          |    sext_ln42_1605_fu_82025   |    0    |    0    |    0    |
|          |    sext_ln70_785_fu_82029    |    0    |    0    |    0    |
|          |    sext_ln70_786_fu_82034    |    0    |    0    |    0    |
|          |    sext_ln42_1606_fu_82039   |    0    |    0    |    0    |
|          |    sext_ln73_988_fu_82086    |    0    |    0    |    0    |
|          |    sext_ln42_1607_fu_82100   |    0    |    0    |    0    |
|          |    sext_ln42_1608_fu_82104   |    0    |    0    |    0    |
|          |    sext_ln70_787_fu_82111    |    0    |    0    |    0    |
|          |    sext_ln73_989_fu_82127    |    0    |    0    |    0    |
|          |    sext_ln73_990_fu_82161    |    0    |    0    |    0    |
|          |    sext_ln70_788_fu_82175    |    0    |    0    |    0    |
|          |    sext_ln70_789_fu_82181    |    0    |    0    |    0    |
|          |    sext_ln73_991_fu_82195    |    0    |    0    |    0    |
|          |    sext_ln73_992_fu_82207    |    0    |    0    |    0    |
|          |    sext_ln73_993_fu_82227    |    0    |    0    |    0    |
|          |    sext_ln42_1609_fu_82251   |    0    |    0    |    0    |
|          |    sext_ln42_1610_fu_82265   |    0    |    0    |    0    |
|          |    sext_ln70_790_fu_82279    |    0    |    0    |    0    |
|          |    sext_ln70_791_fu_82284    |    0    |    0    |    0    |
|          |    sext_ln70_792_fu_82289    |    0    |    0    |    0    |
|          |    sext_ln70_793_fu_82294    |    0    |    0    |    0    |
|          |    sext_ln42_1611_fu_82309   |    0    |    0    |    0    |
|          |    sext_ln73_994_fu_82323    |    0    |    0    |    0    |
|          |    sext_ln73_995_fu_82337    |    0    |    0    |    0    |
|          |    sext_ln73_996_fu_82373    |    0    |    0    |    0    |
|          |    sext_ln70_794_fu_82393    |    0    |    0    |    0    |
|          |    sext_ln70_795_fu_82398    |    0    |    0    |    0    |
|          |    sext_ln70_796_fu_82404    |    0    |    0    |    0    |
|          |    sext_ln42_1612_fu_82420   |    0    |    0    |    0    |
|          |    sext_ln73_997_fu_82434    |    0    |    0    |    0    |
|          |    sext_ln73_998_fu_82448    |    0    |    0    |    0    |
|          |    sext_ln42_1613_fu_82472   |    0    |    0    |    0    |
|          |    sext_ln70_797_fu_82476    |    0    |    0    |    0    |
|          |    sext_ln42_1614_fu_82496   |    0    |    0    |    0    |
|          |    sext_ln70_798_fu_82500    |    0    |    0    |    0    |
|          |    sext_ln70_799_fu_82506    |    0    |    0    |    0    |
|          |    sext_ln42_1615_fu_82523   |    0    |    0    |    0    |
|          |    sext_ln42_1616_fu_82537   |    0    |    0    |    0    |
|          |    sext_ln42_1617_fu_82561   |    0    |    0    |    0    |
|          |    sext_ln42_1618_fu_82575   |    0    |    0    |    0    |
|          |    sext_ln70_800_fu_82581    |    0    |    0    |    0    |
|          |    sext_ln42_1619_fu_82606   |    0    |    0    |    0    |
|          |    sext_ln73_999_fu_82618    |    0    |    0    |    0    |
|          |    sext_ln42_1620_fu_82638   |    0    |    0    |    0    |
|          |    sext_ln70_801_fu_82652    |    0    |    0    |    0    |
|          |    sext_ln70_802_fu_82657    |    0    |    0    |    0    |
|          |    sext_ln70_803_fu_82662    |    0    |    0    |    0    |
|          |    sext_ln42_1621_fu_82688   |    0    |    0    |    0    |
|          |    sext_ln73_1000_fu_82710   |    0    |    0    |    0    |
|          |    sext_ln73_1001_fu_82722   |    0    |    0    |    0    |
|          |    sext_ln42_1622_fu_82742   |    0    |    0    |    0    |
|          |    sext_ln42_1623_fu_82756   |    0    |    0    |    0    |
|          |    sext_ln70_804_fu_82760    |    0    |    0    |    0    |
|          |    sext_ln70_805_fu_82765    |    0    |    0    |    0    |
|          |    sext_ln42_1624_fu_82772   |    0    |    0    |    0    |
|          |    sext_ln42_1625_fu_82797   |    0    |    0    |    0    |
|          |    sext_ln42_1626_fu_82811   |    0    |    0    |    0    |
|          |    sext_ln42_1627_fu_82825   |    0    |    0    |    0    |
|          |    sext_ln42_1628_fu_82839   |    0    |    0    |    0    |
|          |    sext_ln70_806_fu_82843    |    0    |    0    |    0    |
|          |    sext_ln70_807_fu_82849    |    0    |    0    |    0    |
|          |    sext_ln70_808_fu_82854    |    0    |    0    |    0    |
|          |    sext_ln73_1002_fu_82867   |    0    |    0    |    0    |
|          |    sext_ln73_1003_fu_82879   |    0    |    0    |    0    |
|          |    sext_ln42_1629_fu_82899   |    0    |    0    |    0    |
|          |    sext_ln42_1630_fu_82913   |    0    |    0    |    0    |
|          |    sext_ln42_1631_fu_82927   |    0    |    0    |    0    |
|          |    sext_ln42_1632_fu_82951   |    0    |    0    |    0    |
|          |    sext_ln73_1004_fu_82987   |    0    |    0    |    0    |
|          |    sext_ln73_1005_fu_83005   |    0    |    0    |    0    |
|          |    sext_ln42_1633_fu_83025   |    0    |    0    |    0    |
|          |    sext_ln70_809_fu_83049    |    0    |    0    |    0    |
|          |    sext_ln70_810_fu_83054    |    0    |    0    |    0    |
|          |    sext_ln42_1634_fu_83082   |    0    |    0    |    0    |
|          |    sext_ln70_811_fu_83116    |    0    |    0    |    0    |
|          |    sext_ln70_812_fu_83121    |    0    |    0    |    0    |
|   sext   |    sext_ln73_1006_fu_83135   |    0    |    0    |    0    |
|          |    sext_ln73_1007_fu_83147   |    0    |    0    |    0    |
|          |    sext_ln73_1008_fu_83151   |    0    |    0    |    0    |
|          |    sext_ln73_1009_fu_83171   |    0    |    0    |    0    |
|          |    sext_ln73_1010_fu_83203   |    0    |    0    |    0    |
|          |    sext_ln42_1635_fu_83223   |    0    |    0    |    0    |
|          |    sext_ln42_1636_fu_83237   |    0    |    0    |    0    |
|          |    sext_ln42_1637_fu_83241   |    0    |    0    |    0    |
|          |    sext_ln70_813_fu_83246    |    0    |    0    |    0    |
|          |    sext_ln70_814_fu_83251    |    0    |    0    |    0    |
|          |    sext_ln70_815_fu_83256    |    0    |    0    |    0    |
|          |    sext_ln73_1011_fu_83268   |    0    |    0    |    0    |
|          |    sext_ln73_1012_fu_83294   |    0    |    0    |    0    |
|          |    sext_ln42_1638_fu_83308   |    0    |    0    |    0    |
|          |    sext_ln73_1013_fu_83320   |    0    |    0    |    0    |
|          |    sext_ln73_1014_fu_83332   |    0    |    0    |    0    |
|          |    sext_ln42_1639_fu_83352   |    0    |    0    |    0    |
|          |    sext_ln42_1640_fu_83366   |    0    |    0    |    0    |
|          |    sext_ln70_816_fu_83380    |    0    |    0    |    0    |
|          |    sext_ln42_1641_fu_83385   |    0    |    0    |    0    |
|          |    sext_ln70_817_fu_83391    |    0    |    0    |    0    |
|          |    sext_ln73_1015_fu_83406   |    0    |    0    |    0    |
|          |    sext_ln73_1016_fu_83438   |    0    |    0    |    0    |
|          |    sext_ln73_1017_fu_83456   |    0    |    0    |    0    |
|          |    sext_ln42_1642_fu_83486   |    0    |    0    |    0    |
|          |    sext_ln70_818_fu_83490    |    0    |    0    |    0    |
|          |    sext_ln70_819_fu_83497    |    0    |    0    |    0    |
|          |    sext_ln70_820_fu_83502    |    0    |    0    |    0    |
|          |    sext_ln73_1018_fu_83517   |    0    |    0    |    0    |
|          |    sext_ln42_1643_fu_83531   |    0    |    0    |    0    |
|          |    sext_ln70_821_fu_83565    |    0    |    0    |    0    |
|          |    sext_ln70_822_fu_83571    |    0    |    0    |    0    |
|          |    sext_ln70_823_fu_83576    |    0    |    0    |    0    |
|          |    sext_ln42_1644_fu_83591   |    0    |    0    |    0    |
|          |    sext_ln73_1019_fu_83605   |    0    |    0    |    0    |
|          |    sext_ln73_1020_fu_83617   |    0    |    0    |    0    |
|          |    sext_ln73_1021_fu_83629   |    0    |    0    |    0    |
|          |    sext_ln42_1645_fu_83649   |    0    |    0    |    0    |
|          |    sext_ln70_824_fu_83673    |    0    |    0    |    0    |
|          |    sext_ln70_825_fu_83680    |    0    |    0    |    0    |
|          |    sext_ln73_1022_fu_83703   |    0    |    0    |    0    |
|          |    sext_ln73_1023_fu_83715   |    0    |    0    |    0    |
|          |    sext_ln73_1024_fu_83735   |    0    |    0    |    0    |
|          |    sext_ln42_1646_fu_83749   |    0    |    0    |    0    |
|          |    sext_ln42_1647_fu_83763   |    0    |    0    |    0    |
|          |    sext_ln42_1648_fu_83777   |    0    |    0    |    0    |
|          |    sext_ln42_1649_fu_83781   |    0    |    0    |    0    |
|          |    sext_ln70_826_fu_83787    |    0    |    0    |    0    |
|          |    sext_ln70_827_fu_83793    |    0    |    0    |    0    |
|          |    sext_ln42_1650_fu_83818   |    0    |    0    |    0    |
|          |    sext_ln42_1651_fu_83832   |    0    |    0    |    0    |
|          |    sext_ln42_1652_fu_83856   |    0    |    0    |    0    |
|          |    sext_ln70_828_fu_83860    |    0    |    0    |    0    |
|          |    sext_ln70_829_fu_83919    |    0    |    0    |    0    |
|          |    sext_ln70_830_fu_83925    |    0    |    0    |    0    |
|          |    sext_ln70_831_fu_83930    |    0    |    0    |    0    |
|          |    sext_ln73_1025_fu_83945   |    0    |    0    |    0    |
|          |    sext_ln73_1026_fu_83957   |    0    |    0    |    0    |
|          |    sext_ln73_1027_fu_83969   |    0    |    0    |    0    |
|          |    sext_ln42_1653_fu_83989   |    0    |    0    |    0    |
|          |    sext_ln73_1028_fu_84003   |    0    |    0    |    0    |
|          |    sext_ln70_832_fu_84027    |    0    |    0    |    0    |
|          |    sext_ln70_833_fu_84033    |    0    |    0    |    0    |
|          |    sext_ln70_834_fu_84038    |    0    |    0    |    0    |
|          |    sext_ln73_1029_fu_84051   |    0    |    0    |    0    |
|          |    sext_ln73_1030_fu_84063   |    0    |    0    |    0    |
|          |    sext_ln73_1031_fu_84083   |    0    |    0    |    0    |
|          |    sext_ln42_1654_fu_84097   |    0    |    0    |    0    |
|          |    sext_ln42_1655_fu_84111   |    0    |    0    |    0    |
|          |    sext_ln70_835_fu_84135    |    0    |    0    |    0    |
|          |    sext_ln70_836_fu_84140    |    0    |    0    |    0    |
|          |    sext_ln42_1656_fu_84156   |    0    |    0    |    0    |
|          |    sext_ln42_1657_fu_84170   |    0    |    0    |    0    |
|          |    sext_ln73_1032_fu_84182   |    0    |    0    |    0    |
|          |    sext_ln73_1033_fu_84200   |    0    |    0    |    0    |
|          |    sext_ln73_1034_fu_84220   |    0    |    0    |    0    |
|          |    sext_ln73_1035_fu_84232   |    0    |    0    |    0    |
|          |    sext_ln73_1036_fu_84244   |    0    |    0    |    0    |
|          |    sext_ln42_1658_fu_84264   |    0    |    0    |    0    |
|          |    sext_ln70_837_fu_84278    |    0    |    0    |    0    |
|          |    sext_ln70_838_fu_84284    |    0    |    0    |    0    |
|          |    sext_ln42_1659_fu_84300   |    0    |    0    |    0    |
|          |    sext_ln42_1660_fu_84314   |    0    |    0    |    0    |
|          |    sext_ln73_1037_fu_84326   |    0    |    0    |    0    |
|          |    sext_ln73_1038_fu_84338   |    0    |    0    |    0    |
|          |    sext_ln73_1039_fu_84358   |    0    |    0    |    0    |
|          |    sext_ln70_839_fu_84382    |    0    |    0    |    0    |
|          |    sext_ln70_840_fu_84387    |    0    |    0    |    0    |
|          |    sext_ln70_841_fu_84392    |    0    |    0    |    0    |
|          |    sext_ln73_1040_fu_84419   |    0    |    0    |    0    |
|          |    sext_ln42_1661_fu_84453   |    0    |    0    |    0    |
|          |      sext_ln58_fu_84481      |    0    |    0    |    0    |
|          |    sext_ln58_806_fu_84533    |    0    |    0    |    0    |
|          |    sext_ln58_807_fu_84549    |    0    |    0    |    0    |
|          |    sext_ln58_810_fu_84685    |    0    |    0    |    0    |
|          |    sext_ln58_811_fu_84719    |    0    |    0    |    0    |
|          |    sext_ln58_813_fu_84837    |    0    |    0    |    0    |
|          |    sext_ln58_814_fu_84853    |    0    |    0    |    0    |
|          |    sext_ln58_816_fu_84899    |    0    |    0    |    0    |
|          |    sext_ln58_808_fu_85159    |    0    |    0    |    0    |
|          |    sext_ln58_809_fu_85193    |    0    |    0    |    0    |
|          |    sext_ln58_812_fu_85246    |    0    |    0    |    0    |
|          |    sext_ln58_815_fu_85280    |    0    |    0    |    0    |
|----------|------------------------------|---------|---------|---------|
|          |       trunc_ln_fu_81665      |    0    |    0    |    0    |
|          |     trunc_ln42_s_fu_81675    |    0    |    0    |    0    |
|          |     trunc_ln42_1_fu_81689    |    0    |    0    |    0    |
|          |     trunc_ln42_3_fu_81703    |    0    |    0    |    0    |
|          |     trunc_ln42_4_fu_81713    |    0    |    0    |    0    |
|          |     trunc_ln42_5_fu_81740    |    0    |    0    |    0    |
|          |     trunc_ln42_6_fu_81750    |    0    |    0    |    0    |
|          |     trunc_ln42_2_fu_81760    |    0    |    0    |    0    |
|          |     trunc_ln42_7_fu_81774    |    0    |    0    |    0    |
|          |     trunc_ln42_9_fu_81788    |    0    |    0    |    0    |
|          |     trunc_ln42_8_fu_81808    |    0    |    0    |    0    |
|          |    trunc_ln42_10_fu_81836    |    0    |    0    |    0    |
|          |    trunc_ln42_11_fu_81871    |    0    |    0    |    0    |
|          |    trunc_ln42_12_fu_81881    |    0    |    0    |    0    |
|          |    trunc_ln42_13_fu_81891    |    0    |    0    |    0    |
|          |    trunc_ln42_14_fu_81905    |    0    |    0    |    0    |
|          |    trunc_ln42_15_fu_81919    |    0    |    0    |    0    |
|          |    trunc_ln42_16_fu_81941    |    0    |    0    |    0    |
|          |    trunc_ln42_17_fu_81951    |    0    |    0    |    0    |
|          |    trunc_ln42_18_fu_81991    |    0    |    0    |    0    |
|          |    trunc_ln42_19_fu_82005    |    0    |    0    |    0    |
|          |    trunc_ln42_20_fu_82015    |    0    |    0    |    0    |
|          |    trunc_ln42_21_fu_82046    |    0    |    0    |    0    |
|          |    trunc_ln42_22_fu_82056    |    0    |    0    |    0    |
|          |    trunc_ln42_23_fu_82066    |    0    |    0    |    0    |
|          |    trunc_ln42_24_fu_82076    |    0    |    0    |    0    |
|          |    trunc_ln42_25_fu_82090    |    0    |    0    |    0    |
|          |    trunc_ln42_26_fu_82117    |    0    |    0    |    0    |
|          |    trunc_ln42_27_fu_82131    |    0    |    0    |    0    |
|          |    trunc_ln42_28_fu_82141    |    0    |    0    |    0    |
|          |    trunc_ln42_29_fu_82151    |    0    |    0    |    0    |
|          |    trunc_ln42_30_fu_82165    |    0    |    0    |    0    |
|          |    trunc_ln42_31_fu_82217    |    0    |    0    |    0    |
|          |    trunc_ln42_32_fu_82231    |    0    |    0    |    0    |
|          |    trunc_ln42_33_fu_82241    |    0    |    0    |    0    |
|          |    trunc_ln42_34_fu_82255    |    0    |    0    |    0    |
|          |    trunc_ln42_35_fu_82269    |    0    |    0    |    0    |
|          |    trunc_ln42_36_fu_82299    |    0    |    0    |    0    |
|          |    trunc_ln42_37_fu_82313    |    0    |    0    |    0    |
|          |    trunc_ln42_38_fu_82327    |    0    |    0    |    0    |
|          |    trunc_ln42_39_fu_82341    |    0    |    0    |    0    |
|          |    trunc_ln42_40_fu_82383    |    0    |    0    |    0    |
|          |    trunc_ln42_41_fu_82410    |    0    |    0    |    0    |
|          |    trunc_ln42_42_fu_82424    |    0    |    0    |    0    |
|          |    trunc_ln42_43_fu_82438    |    0    |    0    |    0    |
|          |    trunc_ln42_44_fu_82452    |    0    |    0    |    0    |
|          |    trunc_ln42_45_fu_82462    |    0    |    0    |    0    |
|          |    trunc_ln42_46_fu_82486    |    0    |    0    |    0    |
|          |    trunc_ln42_47_fu_82513    |    0    |    0    |    0    |
|          |    trunc_ln42_48_fu_82527    |    0    |    0    |    0    |
|          |    trunc_ln42_49_fu_82541    |    0    |    0    |    0    |
|          |    trunc_ln42_50_fu_82551    |    0    |    0    |    0    |
|          |    trunc_ln42_51_fu_82565    |    0    |    0    |    0    |
|          |    trunc_ln42_52_fu_82586    |    0    |    0    |    0    |
|          |    trunc_ln42_53_fu_82596    |    0    |    0    |    0    |
|          |    trunc_ln42_54_fu_82628    |    0    |    0    |    0    |
|          |    trunc_ln42_55_fu_82642    |    0    |    0    |    0    |
|          |    trunc_ln42_56_fu_82668    |    0    |    0    |    0    |
|          |    trunc_ln42_57_fu_82678    |    0    |    0    |    0    |
|          |    trunc_ln42_58_fu_82692    |    0    |    0    |    0    |
|          |    trunc_ln42_59_fu_82732    |    0    |    0    |    0    |
|          |    trunc_ln42_60_fu_82746    |    0    |    0    |    0    |
|          |    trunc_ln42_61_fu_82777    |    0    |    0    |    0    |
|          |    trunc_ln42_62_fu_82787    |    0    |    0    |    0    |
|          |    trunc_ln42_63_fu_82801    |    0    |    0    |    0    |
|          |    trunc_ln42_64_fu_82815    |    0    |    0    |    0    |
|          |    trunc_ln42_65_fu_82829    |    0    |    0    |    0    |
|          |    trunc_ln42_66_fu_82889    |    0    |    0    |    0    |
|          |    trunc_ln42_67_fu_82903    |    0    |    0    |    0    |
|          |    trunc_ln42_68_fu_82917    |    0    |    0    |    0    |
|          |    trunc_ln42_69_fu_82931    |    0    |    0    |    0    |
|          |    trunc_ln42_70_fu_82941    |    0    |    0    |    0    |
|          |    trunc_ln42_71_fu_82959    |    0    |    0    |    0    |
|partselect|    trunc_ln42_72_fu_82969    |    0    |    0    |    0    |
|          |    trunc_ln42_73_fu_83015    |    0    |    0    |    0    |
|          |    trunc_ln42_74_fu_83029    |    0    |    0    |    0    |
|          |    trunc_ln42_75_fu_83039    |    0    |    0    |    0    |
|          |    trunc_ln42_76_fu_83062    |    0    |    0    |    0    |
|          |    trunc_ln42_77_fu_83072    |    0    |    0    |    0    |
|          |    trunc_ln42_78_fu_83086    |    0    |    0    |    0    |
|          |    trunc_ln42_79_fu_83096    |    0    |    0    |    0    |
|          |    trunc_ln42_80_fu_83106    |    0    |    0    |    0    |
|          |    trunc_ln42_81_fu_83161    |    0    |    0    |    0    |
|          |    trunc_ln42_82_fu_83175    |    0    |    0    |    0    |
|          |    trunc_ln42_83_fu_83185    |    0    |    0    |    0    |
|          |    trunc_ln42_84_fu_83213    |    0    |    0    |    0    |
|          |    trunc_ln42_85_fu_83227    |    0    |    0    |    0    |
|          |    trunc_ln42_86_fu_83284    |    0    |    0    |    0    |
|          |    trunc_ln42_87_fu_83298    |    0    |    0    |    0    |
|          |    trunc_ln42_88_fu_83342    |    0    |    0    |    0    |
|          |    trunc_ln42_89_fu_83356    |    0    |    0    |    0    |
|          |    trunc_ln42_90_fu_83370    |    0    |    0    |    0    |
|          |    trunc_ln42_91_fu_83396    |    0    |    0    |    0    |
|          |    trunc_ln42_92_fu_83410    |    0    |    0    |    0    |
|          |    trunc_ln42_93_fu_83420    |    0    |    0    |    0    |
|          |    trunc_ln42_94_fu_83466    |    0    |    0    |    0    |
|          |    trunc_ln42_95_fu_83476    |    0    |    0    |    0    |
|          |    trunc_ln42_96_fu_83507    |    0    |    0    |    0    |
|          |    trunc_ln42_97_fu_83521    |    0    |    0    |    0    |
|          |    trunc_ln42_98_fu_83535    |    0    |    0    |    0    |
|          |    trunc_ln42_99_fu_83545    |    0    |    0    |    0    |
|          |    trunc_ln42_100_fu_83555   |    0    |    0    |    0    |
|          |    trunc_ln42_101_fu_83581   |    0    |    0    |    0    |
|          |    trunc_ln42_102_fu_83595   |    0    |    0    |    0    |
|          |    trunc_ln42_103_fu_83639   |    0    |    0    |    0    |
|          |    trunc_ln42_104_fu_83653   |    0    |    0    |    0    |
|          |    trunc_ln42_105_fu_83663   |    0    |    0    |    0    |
|          |    trunc_ln42_106_fu_83685   |    0    |    0    |    0    |
|          |    trunc_ln42_107_fu_83725   |    0    |    0    |    0    |
|          |    trunc_ln42_108_fu_83739   |    0    |    0    |    0    |
|          |    trunc_ln42_109_fu_83753   |    0    |    0    |    0    |
|          |    trunc_ln42_110_fu_83767   |    0    |    0    |    0    |
|          |    trunc_ln42_111_fu_83798   |    0    |    0    |    0    |
|          |    trunc_ln42_112_fu_83808   |    0    |    0    |    0    |
|          |    trunc_ln42_113_fu_83822   |    0    |    0    |    0    |
|          |    trunc_ln42_114_fu_83836   |    0    |    0    |    0    |
|          |    trunc_ln42_115_fu_83846   |    0    |    0    |    0    |
|          |    trunc_ln42_116_fu_83869   |    0    |    0    |    0    |
|          |    trunc_ln42_117_fu_83879   |    0    |    0    |    0    |
|          |    trunc_ln42_118_fu_83889   |    0    |    0    |    0    |
|          |    trunc_ln42_119_fu_83899   |    0    |    0    |    0    |
|          |    trunc_ln42_120_fu_83909   |    0    |    0    |    0    |
|          |    trunc_ln42_121_fu_83935   |    0    |    0    |    0    |
|          |    trunc_ln42_122_fu_83979   |    0    |    0    |    0    |
|          |    trunc_ln42_123_fu_83993   |    0    |    0    |    0    |
|          |    trunc_ln42_124_fu_84007   |    0    |    0    |    0    |
|          |    trunc_ln42_125_fu_84017   |    0    |    0    |    0    |
|          |    trunc_ln42_126_fu_84073   |    0    |    0    |    0    |
|          |    trunc_ln42_127_fu_84087   |    0    |    0    |    0    |
|          |    trunc_ln42_128_fu_84101   |    0    |    0    |    0    |
|          |    trunc_ln42_129_fu_84115   |    0    |    0    |    0    |
|          |    trunc_ln42_130_fu_84125   |    0    |    0    |    0    |
|          |    trunc_ln42_131_fu_84146   |    0    |    0    |    0    |
|          |    trunc_ln42_132_fu_84160   |    0    |    0    |    0    |
|          |    trunc_ln42_133_fu_84210   |    0    |    0    |    0    |
|          |    trunc_ln42_134_fu_84254   |    0    |    0    |    0    |
|          |    trunc_ln42_135_fu_84268   |    0    |    0    |    0    |
|          |    trunc_ln42_136_fu_84290   |    0    |    0    |    0    |
|          |    trunc_ln42_137_fu_84304   |    0    |    0    |    0    |
|          |    trunc_ln42_138_fu_84348   |    0    |    0    |    0    |
|          |    trunc_ln42_139_fu_84362   |    0    |    0    |    0    |
|          |    trunc_ln42_140_fu_84372   |    0    |    0    |    0    |
|          |    trunc_ln42_141_fu_84399   |    0    |    0    |    0    |
|          |    trunc_ln42_142_fu_84409   |    0    |    0    |    0    |
|          |    trunc_ln42_143_fu_84423   |    0    |    0    |    0    |
|          |    trunc_ln42_144_fu_84433   |    0    |    0    |    0    |
|          |    trunc_ln42_145_fu_84443   |    0    |    0    |    0    |
|----------|------------------------------|---------|---------|---------|
|          |        shl_ln_fu_81961       |    0    |    0    |    0    |
|          |      shl_ln73_s_fu_81973     |    0    |    0    |    0    |
|          |     shl_ln73_586_fu_82187    |    0    |    0    |    0    |
|          |     shl_ln73_587_fu_82199    |    0    |    0    |    0    |
|          |     shl_ln73_588_fu_82351    |    0    |    0    |    0    |
|          |     shl_ln73_589_fu_82365    |    0    |    0    |    0    |
|          |     shl_ln73_590_fu_82610    |    0    |    0    |    0    |
|          |     shl_ln73_591_fu_82702    |    0    |    0    |    0    |
|          |     shl_ln73_592_fu_82714    |    0    |    0    |    0    |
|          |     shl_ln73_593_fu_82859    |    0    |    0    |    0    |
|          |     shl_ln73_594_fu_82871    |    0    |    0    |    0    |
|          |     shl_ln73_595_fu_82979    |    0    |    0    |    0    |
|          |     shl_ln73_596_fu_82997    |    0    |    0    |    0    |
|          |     shl_ln73_597_fu_83127    |    0    |    0    |    0    |
|          |     shl_ln73_598_fu_83139    |    0    |    0    |    0    |
|          |     shl_ln73_599_fu_83195    |    0    |    0    |    0    |
|          |     shl_ln73_600_fu_83260    |    0    |    0    |    0    |
|bitconcatenate|     shl_ln73_601_fu_83312    |    0    |    0    |    0    |
|          |     shl_ln73_602_fu_83324    |    0    |    0    |    0    |
|          |     shl_ln73_603_fu_83430    |    0    |    0    |    0    |
|          |     shl_ln73_604_fu_83448    |    0    |    0    |    0    |
|          |     shl_ln73_605_fu_83609    |    0    |    0    |    0    |
|          |     shl_ln73_606_fu_83621    |    0    |    0    |    0    |
|          |     shl_ln73_607_fu_83695    |    0    |    0    |    0    |
|          |     shl_ln73_608_fu_83707    |    0    |    0    |    0    |
|          |     shl_ln73_609_fu_83949    |    0    |    0    |    0    |
|          |     shl_ln73_610_fu_83961    |    0    |    0    |    0    |
|          |     shl_ln73_611_fu_84043    |    0    |    0    |    0    |
|          |     shl_ln73_612_fu_84055    |    0    |    0    |    0    |
|          |     shl_ln73_613_fu_84174    |    0    |    0    |    0    |
|          |     shl_ln73_614_fu_84192    |    0    |    0    |    0    |
|          |     shl_ln73_615_fu_84224    |    0    |    0    |    0    |
|          |     shl_ln73_616_fu_84236    |    0    |    0    |    0    |
|          |     shl_ln73_617_fu_84318    |    0    |    0    |    0    |
|          |     shl_ln73_618_fu_84330    |    0    |    0    |    0    |
|----------|------------------------------|---------|---------|---------|
|          |         mrv_fu_85383         |    0    |    0    |    0    |
|          |        mrv_1_fu_85389        |    0    |    0    |    0    |
|insertvalue|        mrv_2_fu_85395        |    0    |    0    |    0    |
|          |        mrv_3_fu_85401        |    0    |    0    |    0    |
|          |        mrv_4_fu_85407        |    0    |    0    |    0    |
|----------|------------------------------|---------|---------|---------|
|   Total  |                              |   125   |    0    |   4122  |
|----------|------------------------------|---------|---------|---------|

Memories:
N/A

* Register list:
+-----------------------+--------+
|                       |   FF   |
+-----------------------+--------+
|add_ln58_3894_reg_85418|   16   |
|add_ln58_3898_reg_85423|   16   |
|add_ln58_3900_reg_85428|   16   |
|add_ln58_3901_reg_85433|   16   |
|add_ln58_3905_reg_85438|   16   |
|add_ln58_3910_reg_85443|   16   |
|add_ln58_3913_reg_85448|   16   |
|add_ln58_3915_reg_85453|   16   |
|add_ln58_3916_reg_85458|   15   |
|add_ln58_3920_reg_85463|   16   |
|add_ln58_3924_reg_85468|   16   |
|add_ln58_3925_reg_85473|   16   |
|add_ln58_3929_reg_85478|   16   |
|add_ln58_3931_reg_85483|   15   |
|add_ln58_3932_reg_85488|   16   |
|add_ln58_3936_reg_85493|   16   |
|add_ln58_3941_reg_85498|   16   |
|add_ln58_3944_reg_85503|   16   |
|add_ln58_3946_reg_85508|   16   |
|add_ln58_3947_reg_85513|   16   |
|add_ln58_3951_reg_85518|   16   |
|add_ln58_3955_reg_85523|   16   |
|add_ln58_3956_reg_85528|   16   |
|add_ln58_3960_reg_85533|   16   |
|add_ln58_3962_reg_85538|   15   |
|add_ln58_3963_reg_85543|   16   |
|add_ln58_3967_reg_85548|   16   |
|add_ln58_3972_reg_85553|   16   |
|add_ln58_3975_reg_85558|   16   |
|add_ln58_3983_reg_85563|   16   |
|add_ln58_3986_reg_85568|   16   |
|add_ln58_3987_reg_85573|    8   |
|add_ln58_3991_reg_85578|   16   |
|add_ln58_3993_reg_85583|   16   |
|add_ln58_3994_reg_85588|   16   |
|add_ln58_3998_reg_85593|   16   |
|add_ln58_4003_reg_85598|   16   |
|add_ln58_4006_reg_85603|   16   |
|add_ln58_4008_reg_85608|   16   |
|add_ln58_4009_reg_85613|   16   |
|add_ln58_4014_reg_85618|   16   |
|add_ln58_4018_reg_85623|   16   |
|add_ln58_4022_reg_85628|   16   |
|add_ln58_4024_reg_85633|   16   |
|add_ln58_4025_reg_85638|   16   |
|add_ln58_4029_reg_85643|   16   |
|add_ln58_4034_reg_85648|   16   |
|add_ln58_4037_reg_85653|   16   |
|add_ln58_4039_reg_85658|   16   |
|add_ln58_4040_reg_85663|   16   |
|add_ln58_4044_reg_85668|   16   |
|   add_ln58_reg_85413  |   16   |
+-----------------------+--------+
|         Total         |   821  |
+-----------------------+--------+

* Multiplexer (MUX) list: 
|--------|------|------|------|--------|
|  Comp  |  Pin | Size |  BW  | S x BW |
|--------|------|------|------|--------|
|  Total |      |      |      |    0   |
|--------|------|------|------|--------|



* Summary:
+-----------+--------+--------+--------+
|           |   DSP  |   FF   |   LUT  |
+-----------+--------+--------+--------+
|  Function |   125  |    0   |  4122  |
|   Memory  |    -   |    -   |    -   |
|Multiplexer|    -   |    -   |    -   |
|  Register |    -   |   821  |    -   |
+-----------+--------+--------+--------+
|   Total   |   125  |   821  |  4122  |
+-----------+--------+--------+--------+
