

================================================================
== Vitis HLS Report for 'dense_latency_ap_fixed_16_6_5_3_0_ap_fixed_16_6_5_3_0_config18_s'
================================================================
* Date:           Fri Oct 17 12:08:07 2025

* Version:        2023.2 (Build 4023990 on Oct 11 2023)
* Project:        myproject_prj
* Solution:       solution1 (Vivado IP Flow Target)
* Product family: virtexuplus
* Target device:  xcu250-figd2104-2L-e


================================================================
== Performance Estimates
================================================================
+ Timing: 
    * Summary: 
    +--------+---------+----------+------------+
    |  Clock |  Target | Estimated| Uncertainty|
    +--------+---------+----------+------------+
    |ap_clk  |  5.00 ns|  3.464 ns|     1.35 ns|
    +--------+---------+----------+------------+

+ Latency: 
    * Summary: 
    +---------+---------+----------+----------+-----+-----+---------+
    |  Latency (cycles) |  Latency (absolute) |  Interval | Pipeline|
    |   min   |   max   |    min   |    max   | min | max |   Type  |
    +---------+---------+----------+----------+-----+-----+---------+
    |        1|        1|  5.000 ns|  5.000 ns|    1|    1|      yes|
    +---------+---------+----------+----------+-----+-----+---------+

    + Detail: 
        * Instance: 
        N/A

        * Loop: 
        N/A



================================================================
== Utilization Estimates
================================================================
* Summary: 
+---------------------+---------+-------+---------+---------+------+
|         Name        | BRAM_18K|  DSP  |    FF   |   LUT   | URAM |
+---------------------+---------+-------+---------+---------+------+
|DSP                  |        -|      -|        -|        -|     -|
|Expression           |        -|      -|        0|     2128|     -|
|FIFO                 |        -|      -|        -|        -|     -|
|Instance             |        -|      4|        0|        8|     -|
|Memory               |        -|      -|        -|        -|     -|
|Multiplexer          |        -|      -|        -|       70|     -|
|Register             |        -|      -|      281|        -|     -|
+---------------------+---------+-------+---------+---------+------+
|Total                |        0|      4|      281|     2206|     0|
+---------------------+---------+-------+---------+---------+------+
|Available SLR        |     1344|   3072|   864000|   432000|   320|
+---------------------+---------+-------+---------+---------+------+
|Utilization SLR (%)  |        0|     ~0|       ~0|       ~0|     0|
+---------------------+---------+-------+---------+---------+------+
|Available            |     5376|  12288|  3456000|  1728000|  1280|
+---------------------+---------+-------+---------+---------+------+
|Utilization (%)      |        0|     ~0|       ~0|       ~0|     0|
+---------------------+---------+-------+---------+---------+------+

+ Detail: 
    * Instance: 
    +---------------------------+----------------------+---------+----+---+----+-----+
    |          Instance         |        Module        | BRAM_18K| DSP| FF| LUT| URAM|
    +---------------------------+----------------------+---------+----+---+----+-----+
    |mul_15ns_10ns_24_1_0_U123  |mul_15ns_10ns_24_1_0  |        0|   1|  0|   2|    0|
    |mul_15ns_10s_25_1_0_U125   |mul_15ns_10s_25_1_0   |        0|   1|  0|   2|    0|
    |mul_15ns_9ns_23_1_0_U122   |mul_15ns_9ns_23_1_0   |        0|   1|  0|   2|    0|
    |mul_15ns_9s_24_1_0_U124    |mul_15ns_9s_24_1_0    |        0|   1|  0|   2|    0|
    +---------------------------+----------------------+---------+----+---+----+-----+
    |Total                      |                      |        0|   4|  0|   8|    0|
    +---------------------------+----------------------+---------+----+---+----+-----+

    * DSP: 
    N/A

    * Memory: 
    N/A

    * FIFO: 
    N/A

    * Expression: 
    +-------------------------+----------+----+---+----+------------+------------+
    |      Variable Name      | Operation| DSP| FF| LUT| Bitwidth P0| Bitwidth P1|
    +-------------------------+----------+----+---+----+------------+------------+
    |add_ln58_547_fu_3442_p2  |         +|   0|  0|  16|          16|          16|
    |add_ln58_548_fu_2765_p2  |         +|   0|  0|  22|          15|          15|
    |add_ln58_549_fu_2775_p2  |         +|   0|  0|  23|          16|          16|
    |add_ln58_550_fu_3448_p2  |         +|   0|  0|  16|          16|          16|
    |add_ln58_551_fu_2781_p2  |         +|   0|  0|  21|          14|          14|
    |add_ln58_552_fu_2791_p2  |         +|   0|  0|  16|          16|          16|
    |add_ln58_553_fu_2797_p2  |         +|   0|  0|  17|          13|          13|
    |add_ln58_554_fu_2803_p2  |         +|   0|  0|  18|          11|           9|
    |add_ln58_555_fu_2813_p2  |         +|   0|  0|  17|          13|          13|
    |add_ln58_556_fu_2823_p2  |         +|   0|  0|  16|          16|          16|
    |add_ln58_557_fu_3453_p2  |         +|   0|  0|  16|          16|          16|
    |add_ln58_558_fu_2829_p2  |         +|   0|  0|  21|          14|          14|
    |add_ln58_559_fu_2839_p2  |         +|   0|  0|  23|          16|          16|
    |add_ln58_560_fu_2845_p2  |         +|   0|  0|  21|          14|          14|
    |add_ln58_561_fu_2855_p2  |         +|   0|  0|  23|          16|          16|
    |add_ln58_562_fu_2861_p2  |         +|   0|  0|  16|          16|          16|
    |add_ln58_563_fu_2867_p2  |         +|   0|  0|  22|          15|          15|
    |add_ln58_564_fu_2873_p2  |         +|   0|  0|  16|          15|          15|
    |add_ln58_565_fu_2879_p2  |         +|   0|  0|  18|          11|          10|
    |add_ln58_566_fu_2889_p2  |         +|   0|  0|  19|          12|          12|
    |add_ln58_567_fu_2899_p2  |         +|   0|  0|  16|          15|          15|
    |add_ln58_568_fu_2909_p2  |         +|   0|  0|  16|          16|          16|
    |add_ln58_569_fu_3458_p2  |         +|   0|  0|  21|          14|          14|
    |add_ln58_570_fu_3468_p2  |         +|   0|  0|  22|          15|          15|
    |add_ln58_571_fu_2915_p2  |         +|   0|  0|  16|          15|          15|
    |add_ln58_572_fu_2921_p2  |         +|   0|  0|  16|          15|          15|
    |add_ln58_573_fu_3481_p2  |         +|   0|  0|  16|          16|          16|
    |add_ln58_574_fu_2927_p2  |         +|   0|  0|  22|          15|          15|
    |add_ln58_575_fu_2937_p2  |         +|   0|  0|  16|          16|          16|
    |add_ln58_576_fu_2943_p2  |         +|   0|  0|  16|          16|          16|
    |add_ln58_577_fu_2949_p2  |         +|   0|  0|  18|          11|          11|
    |add_ln58_578_fu_2959_p2  |         +|   0|  0|  16|          16|          16|
    |add_ln58_579_fu_2965_p2  |         +|   0|  0|  16|          16|          16|
    |add_ln58_580_fu_3487_p2  |         +|   0|  0|  16|          16|          16|
    |add_ln58_581_fu_3492_p2  |         +|   0|  0|  16|          16|          16|
    |add_ln58_582_fu_3498_p2  |         +|   0|  0|  16|          16|          16|
    |add_ln58_583_fu_2971_p2  |         +|   0|  0|  22|          15|          15|
    |add_ln58_584_fu_2981_p2  |         +|   0|  0|  22|          15|          15|
    |add_ln58_585_fu_2991_p2  |         +|   0|  0|  23|          16|          16|
    |add_ln58_586_fu_3504_p2  |         +|   0|  0|  16|          16|          16|
    |add_ln58_587_fu_2997_p2  |         +|   0|  0|  16|          15|          15|
    |add_ln58_588_fu_3003_p2  |         +|   0|  0|  16|          15|          15|
    |add_ln58_589_fu_3013_p2  |         +|   0|  0|  19|          12|          12|
    |add_ln58_590_fu_3023_p2  |         +|   0|  0|  17|          10|           9|
    |add_ln58_591_fu_3033_p2  |         +|   0|  0|  21|          14|          14|
    |add_ln58_592_fu_3043_p2  |         +|   0|  0|  23|          16|          16|
    |add_ln58_593_fu_3509_p2  |         +|   0|  0|  16|          16|          16|
    |add_ln58_594_fu_3049_p2  |         +|   0|  0|  22|          15|          15|
    |add_ln58_595_fu_3517_p2  |         +|   0|  0|  23|          16|          16|
    |add_ln58_596_fu_3055_p2  |         +|   0|  0|  22|          15|          15|
    |add_ln58_597_fu_3065_p2  |         +|   0|  0|  22|          15|          15|
    |add_ln58_598_fu_3075_p2  |         +|   0|  0|  23|          16|          16|
    |add_ln58_599_fu_3523_p2  |         +|   0|  0|  16|          16|          16|
    |add_ln58_600_fu_3081_p2  |         +|   0|  0|  16|          14|          14|
    |add_ln58_601_fu_3087_p2  |         +|   0|  0|  16|          14|          14|
    |add_ln58_602_fu_3097_p2  |         +|   0|  0|  19|          12|          12|
    |add_ln58_603_fu_3107_p2  |         +|   0|  0|  17|          10|          10|
    |add_ln58_604_fu_3117_p2  |         +|   0|  0|  21|          14|          14|
    |add_ln58_605_fu_3127_p2  |         +|   0|  0|  22|          15|          15|
    |add_ln58_606_fu_3531_p2  |         +|   0|  0|  16|          16|          16|
    |add_ln58_fu_3436_p2      |         +|   0|  0|  16|          16|          16|
    |add_ln73_11_fu_2170_p2   |         +|   0|  0|  31|          24|          24|
    |add_ln73_12_fu_2659_p2   |         +|   0|  0|  32|          25|          25|
    |add_ln73_fu_3338_p2      |         +|   0|  0|  32|          25|          25|
    |sub_ln73_181_fu_3175_p2  |         -|   0|  0|  30|           1|          23|
    |sub_ln73_182_fu_3206_p2  |         -|   0|  0|  26|           1|          19|
    |sub_ln73_183_fu_3252_p2  |         -|   0|  0|  31|          24|          24|
    |sub_ln73_184_fu_3287_p2  |         -|   0|  0|  30|           1|          23|
    |sub_ln73_185_fu_3318_p2  |         -|   0|  0|  32|          25|          25|
    |sub_ln73_186_fu_1742_p2  |         -|   0|  0|  32|          25|          25|
    |sub_ln73_187_fu_3402_p2  |         -|   0|  0|  30|          23|          23|
    |sub_ln73_188_fu_1802_p2  |         -|   0|  0|  27|           1|          20|
    |sub_ln73_189_fu_1834_p2  |         -|   0|  0|  30|           1|          23|
    |sub_ln73_190_fu_1902_p2  |         -|   0|  0|  29|           1|          22|
    |sub_ln73_191_fu_1934_p2  |         -|   0|  0|  29|           1|          22|
    |sub_ln73_192_fu_1956_p2  |         -|   0|  0|  30|          23|          23|
    |sub_ln73_193_fu_2028_p2  |         -|   0|  0|  30|          23|          23|
    |sub_ln73_194_fu_2078_p2  |         -|   0|  0|  29|           1|          22|
    |sub_ln73_195_fu_2122_p2  |         -|   0|  0|  30|          23|          23|
    |sub_ln73_196_fu_2190_p2  |         -|   0|  0|  31|          24|          24|
    |sub_ln73_197_fu_2210_p2  |         -|   0|  0|  30|          23|          23|
    |sub_ln73_198_fu_2274_p2  |         -|   0|  0|  31|           1|          24|
    |sub_ln73_199_fu_2350_p2  |         -|   0|  0|  31|          24|          24|
    |sub_ln73_200_fu_2370_p2  |         -|   0|  0|  31|           1|          24|
    |sub_ln73_201_fu_2430_p2  |         -|   0|  0|  28|           1|          21|
    |sub_ln73_202_fu_2462_p2  |         -|   0|  0|  29|           1|          22|
    |sub_ln73_203_fu_2484_p2  |         -|   0|  0|  30|          23|          23|
    |sub_ln73_204_fu_2516_p2  |         -|   0|  0|  30|          23|          23|
    |sub_ln73_205_fu_2579_p2  |         -|   0|  0|  32|          25|          25|
    |sub_ln73_206_fu_2611_p2  |         -|   0|  0|  31|           1|          24|
    |sub_ln73_207_fu_2693_p2  |         -|   0|  0|  32|          25|          25|
    |sub_ln73_208_fu_2713_p2  |         -|   0|  0|  30|           1|          23|
    |sub_ln73_209_fu_2745_p2  |         -|   0|  0|  29|           1|          22|
    |sub_ln73_fu_3144_p2      |         -|   0|  0|  29|           1|          22|
    +-------------------------+----------+----+---+----+------------+------------+
    |Total                    |          |   0|  0|2128|        1322|        1658|
    +-------------------------+----------+----+---+----+------------+------------+

    * Multiplexer: 
    +-------------+----+-----------+-----+-----------+
    |     Name    | LUT| Input Size| Bits| Total Bits|
    +-------------+----+-----------+-----+-----------+
    |ap_return_0  |  14|          3|   16|         48|
    |ap_return_1  |  14|          3|   16|         48|
    |ap_return_2  |  14|          3|   16|         48|
    |ap_return_3  |  14|          3|   16|         48|
    |ap_return_4  |  14|          3|   16|         48|
    +-------------+----+-----------+-----+-----------+
    |Total        |  70|         15|   80|        240|
    +-------------+----+-----------+-----+-----------+

    * Register: 
    +--------------------------+----+----+-----+-----------+
    |           Name           | FF | LUT| Bits| Const Bits|
    +--------------------------+----+----+-----+-----------+
    |add_ln58_549_reg_3589     |  16|   0|   16|          0|
    |add_ln58_556_reg_3594     |  16|   0|   16|          0|
    |add_ln58_568_reg_3599     |  16|   0|   16|          0|
    |add_ln58_572_reg_3604     |  15|   0|   15|          0|
    |add_ln58_579_reg_3609     |  16|   0|   16|          0|
    |add_ln58_585_reg_3614     |  16|   0|   16|          0|
    |add_ln58_592_reg_3619     |  16|   0|   16|          0|
    |add_ln58_594_reg_3624     |  15|   0|   15|          0|
    |add_ln58_598_reg_3629     |  16|   0|   16|          0|
    |add_ln58_605_reg_3634     |  15|   0|   15|          0|
    |ap_ce_reg                 |   1|   0|    1|          0|
    |ap_return_0_int_reg       |  16|   0|   16|          0|
    |ap_return_1_int_reg       |  16|   0|   16|          0|
    |ap_return_2_int_reg       |  16|   0|   16|          0|
    |ap_return_3_int_reg       |  16|   0|   16|          0|
    |ap_return_4_int_reg       |  16|   0|   16|          0|
    |data_2_val_read_reg_3582  |  13|   0|   13|          0|
    |data_3_val_read_reg_3574  |  15|   0|   15|          0|
    |data_4_val_read_reg_3566  |  15|   0|   15|          0|
    +--------------------------+----+----+-----+-----------+
    |Total                     | 281|   0|  281|          0|
    +--------------------------+----+----+-----+-----------+



================================================================
== Interface
================================================================
* Summary: 
+-------------+-----+-----+------------+-----------------------------------------------------------------------------+--------------+
|  RTL Ports  | Dir | Bits|  Protocol  |                                Source Object                                |    C Type    |
+-------------+-----+-----+------------+-----------------------------------------------------------------------------+--------------+
|ap_clk       |   in|    1|  ap_ctrl_hs|  dense_latency<ap_fixed<16, 6, 5, 3, 0>, ap_fixed<16, 6, 5, 3, 0>, config18>|  return value|
|ap_rst       |   in|    1|  ap_ctrl_hs|  dense_latency<ap_fixed<16, 6, 5, 3, 0>, ap_fixed<16, 6, 5, 3, 0>, config18>|  return value|
|ap_return_0  |  out|   16|  ap_ctrl_hs|  dense_latency<ap_fixed<16, 6, 5, 3, 0>, ap_fixed<16, 6, 5, 3, 0>, config18>|  return value|
|ap_return_1  |  out|   16|  ap_ctrl_hs|  dense_latency<ap_fixed<16, 6, 5, 3, 0>, ap_fixed<16, 6, 5, 3, 0>, config18>|  return value|
|ap_return_2  |  out|   16|  ap_ctrl_hs|  dense_latency<ap_fixed<16, 6, 5, 3, 0>, ap_fixed<16, 6, 5, 3, 0>, config18>|  return value|
|ap_return_3  |  out|   16|  ap_ctrl_hs|  dense_latency<ap_fixed<16, 6, 5, 3, 0>, ap_fixed<16, 6, 5, 3, 0>, config18>|  return value|
|ap_return_4  |  out|   16|  ap_ctrl_hs|  dense_latency<ap_fixed<16, 6, 5, 3, 0>, ap_fixed<16, 6, 5, 3, 0>, config18>|  return value|
|ap_ce        |   in|    1|  ap_ctrl_hs|  dense_latency<ap_fixed<16, 6, 5, 3, 0>, ap_fixed<16, 6, 5, 3, 0>, config18>|  return value|
|data_1_val   |   in|   13|     ap_none|                                                                   data_1_val|        scalar|
|data_2_val   |   in|   13|     ap_none|                                                                   data_2_val|        scalar|
|data_3_val   |   in|   15|     ap_none|                                                                   data_3_val|        scalar|
|data_4_val   |   in|   15|     ap_none|                                                                   data_4_val|        scalar|
|data_5_val   |   in|   14|     ap_none|                                                                   data_5_val|        scalar|
|data_7_val   |   in|   13|     ap_none|                                                                   data_7_val|        scalar|
|data_9_val   |   in|   14|     ap_none|                                                                   data_9_val|        scalar|
|data_14_val  |   in|   15|     ap_none|                                                                  data_14_val|        scalar|
|data_22_val  |   in|   14|     ap_none|                                                                  data_22_val|        scalar|
|data_24_val  |   in|   15|     ap_none|                                                                  data_24_val|        scalar|
|data_25_val  |   in|   14|     ap_none|                                                                  data_25_val|        scalar|
|data_28_val  |   in|   15|     ap_none|                                                                  data_28_val|        scalar|
|data_29_val  |   in|   16|     ap_none|                                                                  data_29_val|        scalar|
+-------------+-----+-----+------------+-----------------------------------------------------------------------------+--------------+

============================================================
+ Verbose Summary: Synthesis Manager
============================================================
InlineROM: 1
ExposeGlobal: 0
============================================================
+ Verbose Summary: CDFG Model
============================================================
IsTopModel: 0
ResetActiveHigh: 1
IsCombinational: 2
IsDatapathOnly: 1
HasWiredReturn: 1
HasMFsm: 2
HasVarLatency: 0
IsPipeline: 1
IsRtlPipelined: 1
IsInstanceOverlapped: 0
IsDontTouch: 0
HasImplIP: 0
IsGatedGlobalClock: 0

+ Individual pipeline summary: 
  * Pipeline-0: initiation interval (II) = 1, depth = 2


============================================================
+ Verbose Summary: Schedule
============================================================
* Number of FSM states : 2
* Pipeline : 1
  Pipeline-0 : II = 1, D = 2, States = { 1 2 }
* Dataflow Pipeline: 0

* FSM state transitions: 
1 --> 2 
2 --> 

* FSM state operations: 

State 1 <SV = 0> <Delay = 3.46>
ST_1 : Operation 3 [1/1] (0.00ns)   --->   "%data_29_val_read = read i16 @_ssdm_op_Read.ap_auto.i16, i16 %data_29_val" [firmware/nnet_utils/nnet_dense_latency.h:42]   --->   Operation 3 'read' 'data_29_val_read' <Predicate = true> <Delay = 0.00>
ST_1 : Operation 4 [1/1] (0.00ns)   --->   "%data_28_val_read = read i15 @_ssdm_op_Read.ap_auto.i15, i15 %data_28_val" [firmware/nnet_utils/nnet_dense_latency.h:42]   --->   Operation 4 'read' 'data_28_val_read' <Predicate = true> <Delay = 0.00>
ST_1 : Operation 5 [1/1] (0.00ns)   --->   "%data_25_val_read = read i14 @_ssdm_op_Read.ap_auto.i14, i14 %data_25_val" [firmware/nnet_utils/nnet_dense_latency.h:42]   --->   Operation 5 'read' 'data_25_val_read' <Predicate = true> <Delay = 0.00>
ST_1 : Operation 6 [1/1] (0.00ns)   --->   "%data_24_val_read = read i15 @_ssdm_op_Read.ap_auto.i15, i15 %data_24_val" [firmware/nnet_utils/nnet_dense_latency.h:42]   --->   Operation 6 'read' 'data_24_val_read' <Predicate = true> <Delay = 0.00>
ST_1 : Operation 7 [1/1] (0.00ns)   --->   "%data_22_val_read = read i14 @_ssdm_op_Read.ap_auto.i14, i14 %data_22_val" [firmware/nnet_utils/nnet_dense_latency.h:42]   --->   Operation 7 'read' 'data_22_val_read' <Predicate = true> <Delay = 0.00>
ST_1 : Operation 8 [1/1] (0.00ns)   --->   "%data_14_val_read = read i15 @_ssdm_op_Read.ap_auto.i15, i15 %data_14_val" [firmware/nnet_utils/nnet_dense_latency.h:42]   --->   Operation 8 'read' 'data_14_val_read' <Predicate = true> <Delay = 0.00>
ST_1 : Operation 9 [1/1] (0.00ns)   --->   "%data_9_val_read = read i14 @_ssdm_op_Read.ap_auto.i14, i14 %data_9_val" [firmware/nnet_utils/nnet_dense_latency.h:42]   --->   Operation 9 'read' 'data_9_val_read' <Predicate = true> <Delay = 0.00>
ST_1 : Operation 10 [1/1] (0.00ns)   --->   "%data_7_val_read = read i13 @_ssdm_op_Read.ap_auto.i13, i13 %data_7_val" [firmware/nnet_utils/nnet_dense_latency.h:42]   --->   Operation 10 'read' 'data_7_val_read' <Predicate = true> <Delay = 0.00>
ST_1 : Operation 11 [1/1] (0.00ns)   --->   "%data_5_val_read = read i14 @_ssdm_op_Read.ap_auto.i14, i14 %data_5_val" [firmware/nnet_utils/nnet_dense_latency.h:42]   --->   Operation 11 'read' 'data_5_val_read' <Predicate = true> <Delay = 0.00>
ST_1 : Operation 12 [1/1] (0.00ns)   --->   "%data_4_val_read = read i15 @_ssdm_op_Read.ap_auto.i15, i15 %data_4_val" [firmware/nnet_utils/nnet_dense_latency.h:42]   --->   Operation 12 'read' 'data_4_val_read' <Predicate = true> <Delay = 0.00>
ST_1 : Operation 13 [1/1] (0.00ns)   --->   "%data_3_val_read = read i15 @_ssdm_op_Read.ap_auto.i15, i15 %data_3_val" [firmware/nnet_utils/nnet_dense_latency.h:42]   --->   Operation 13 'read' 'data_3_val_read' <Predicate = true> <Delay = 0.00>
ST_1 : Operation 14 [1/1] (0.00ns)   --->   "%data_2_val_read = read i13 @_ssdm_op_Read.ap_auto.i13, i13 %data_2_val" [firmware/nnet_utils/nnet_dense_latency.h:42]   --->   Operation 14 'read' 'data_2_val_read' <Predicate = true> <Delay = 0.00>
ST_1 : Operation 15 [1/1] (0.00ns)   --->   "%data_1_val_read = read i13 @_ssdm_op_Read.ap_auto.i13, i13 %data_1_val" [firmware/nnet_utils/nnet_dense_latency.h:42]   --->   Operation 15 'read' 'data_1_val_read' <Predicate = true> <Delay = 0.00>
ST_1 : Operation 16 [1/1] (0.00ns)   --->   "%tmp = partselect i9 @_ssdm_op_PartSelect.i9.i13.i32.i32, i13 %data_1_val_read, i32 4, i32 12" [firmware/nnet_utils/nnet_dense_latency.h:42]   --->   Operation 16 'partselect' 'tmp' <Predicate = true> <Delay = 0.00>
ST_1 : Operation 17 [1/1] (0.00ns)   --->   "%zext_ln42 = zext i9 %tmp" [firmware/nnet_utils/nnet_dense_latency.h:42]   --->   Operation 17 'zext' 'zext_ln42' <Predicate = true> <Delay = 0.00>
ST_1 : Operation 18 [1/1] (0.00ns)   --->   "%lshr_ln42_s = partselect i11 @_ssdm_op_PartSelect.i11.i13.i32.i32, i13 %data_1_val_read, i32 2, i32 12" [firmware/nnet_utils/nnet_dense_latency.h:42]   --->   Operation 18 'partselect' 'lshr_ln42_s' <Predicate = true> <Delay = 0.00>
ST_1 : Operation 19 [1/1] (0.00ns)   --->   "%lshr_ln42_275_cast = zext i11 %lshr_ln42_s" [firmware/nnet_utils/nnet_dense_latency.h:42]   --->   Operation 19 'zext' 'lshr_ln42_275_cast' <Predicate = true> <Delay = 0.00>
ST_1 : Operation 20 [1/1] (0.00ns)   --->   "%lshr_ln42_1 = partselect i11 @_ssdm_op_PartSelect.i11.i13.i32.i32, i13 %data_2_val_read, i32 2, i32 12" [firmware/nnet_utils/nnet_dense_latency.h:42]   --->   Operation 20 'partselect' 'lshr_ln42_1' <Predicate = true> <Delay = 0.00>
ST_1 : Operation 21 [1/1] (0.00ns)   --->   "%zext_ln73_78 = zext i11 %lshr_ln42_1" [firmware/nnet_utils/nnet_mult.h:73->firmware/nnet_utils/nnet_dense_latency.h:42]   --->   Operation 21 'zext' 'zext_ln73_78' <Predicate = true> <Delay = 0.00>
ST_1 : Operation 22 [1/1] (0.00ns)   --->   "%tmp_s = partselect i9 @_ssdm_op_PartSelect.i9.i13.i32.i32, i13 %data_2_val_read, i32 4, i32 12" [firmware/nnet_utils/nnet_dense_latency.h:42]   --->   Operation 22 'partselect' 'tmp_s' <Predicate = true> <Delay = 0.00>
ST_1 : Operation 23 [1/1] (0.00ns)   --->   "%lshr_ln42_280_cast = zext i9 %tmp_s" [firmware/nnet_utils/nnet_dense_latency.h:42]   --->   Operation 23 'zext' 'lshr_ln42_280_cast' <Predicate = true> <Delay = 0.00>
ST_1 : Operation 24 [1/1] (0.00ns)   --->   "%tmp_72 = partselect i13 @_ssdm_op_PartSelect.i13.i15.i32.i32, i15 %data_3_val_read, i32 2, i32 14" [firmware/nnet_utils/nnet_mult.h:73->firmware/nnet_utils/nnet_dense_latency.h:42]   --->   Operation 24 'partselect' 'tmp_72' <Predicate = true> <Delay = 0.00>
ST_1 : Operation 25 [1/1] (0.00ns)   --->   "%zext_ln73_84 = zext i13 %tmp_72" [firmware/nnet_utils/nnet_mult.h:73->firmware/nnet_utils/nnet_dense_latency.h:42]   --->   Operation 25 'zext' 'zext_ln73_84' <Predicate = true> <Delay = 0.00>
ST_1 : Operation 26 [1/1] (0.00ns)   --->   "%zext_ln73_89 = zext i15 %data_4_val_read" [firmware/nnet_utils/nnet_mult.h:73->firmware/nnet_utils/nnet_dense_latency.h:42]   --->   Operation 26 'zext' 'zext_ln73_89' <Predicate = true> <Delay = 0.00>
ST_1 : Operation 27 [1/1] (0.00ns)   --->   "%shl_ln73_166 = bitconcatenate i24 @_ssdm_op_BitConcatenate.i24.i15.i9, i15 %data_4_val_read, i9 0" [firmware/nnet_utils/nnet_mult.h:73->firmware/nnet_utils/nnet_dense_latency.h:42]   --->   Operation 27 'bitconcatenate' 'shl_ln73_166' <Predicate = true> <Delay = 0.00>
ST_1 : Operation 28 [1/1] (0.00ns)   --->   "%zext_ln73_91 = zext i24 %shl_ln73_166" [firmware/nnet_utils/nnet_mult.h:73->firmware/nnet_utils/nnet_dense_latency.h:42]   --->   Operation 28 'zext' 'zext_ln73_91' <Predicate = true> <Delay = 0.00>
ST_1 : Operation 29 [1/1] (0.00ns)   --->   "%shl_ln73_167 = bitconcatenate i21 @_ssdm_op_BitConcatenate.i21.i15.i6, i15 %data_4_val_read, i6 0" [firmware/nnet_utils/nnet_mult.h:73->firmware/nnet_utils/nnet_dense_latency.h:42]   --->   Operation 29 'bitconcatenate' 'shl_ln73_167' <Predicate = true> <Delay = 0.00>
ST_1 : Operation 30 [1/1] (0.00ns)   --->   "%zext_ln73_92 = zext i21 %shl_ln73_167" [firmware/nnet_utils/nnet_mult.h:73->firmware/nnet_utils/nnet_dense_latency.h:42]   --->   Operation 30 'zext' 'zext_ln73_92' <Predicate = true> <Delay = 0.00>
ST_1 : Operation 31 [1/1] (0.83ns)   --->   "%sub_ln73_186 = sub i25 %zext_ln73_92, i25 %zext_ln73_91" [firmware/nnet_utils/nnet_mult.h:73->firmware/nnet_utils/nnet_dense_latency.h:42]   --->   Operation 31 'sub' 'sub_ln73_186' <Predicate = true> <Delay = 0.83> <CoreInst = "Adder">   --->   Core 1 'Adder' <Latency = 0> <II = 1> <Delay = 0.83> <FuncUnit> <Opcode : 'add' 'sub'> <InPorts = 2> <OutPorts = 1>
ST_1 : Operation 32 [1/1] (0.00ns)   --->   "%trunc_ln42_120 = partselect i15 @_ssdm_op_PartSelect.i15.i25.i32.i32, i25 %sub_ln73_186, i32 10, i32 24" [firmware/nnet_utils/nnet_dense_latency.h:42]   --->   Operation 32 'partselect' 'trunc_ln42_120' <Predicate = true> <Delay = 0.00>
ST_1 : Operation 33 [1/1] (0.00ns)   --->   "%sext_ln42_119 = sext i15 %trunc_ln42_120" [firmware/nnet_utils/nnet_dense_latency.h:42]   --->   Operation 33 'sext' 'sext_ln42_119' <Predicate = true> <Delay = 0.00>
ST_1 : Operation 34 [1/1] (1.92ns)   --->   "%mul_ln73_3 = mul i24 %zext_ln73_89, i24 16777008" [firmware/nnet_utils/nnet_mult.h:73->firmware/nnet_utils/nnet_dense_latency.h:42]   --->   Operation 34 'mul' 'mul_ln73_3' <Predicate = true> <Delay = 1.92> <CoreInst = "Multiplier">   --->   Core 3 'Multiplier' <Latency = 0> <II = 1> <Delay = 1.92> <FuncUnit> <Opcode : 'mul'> <InPorts = 2> <OutPorts = 1>
ST_1 : Operation 35 [1/1] (0.00ns)   --->   "%trunc_ln42_122 = partselect i14 @_ssdm_op_PartSelect.i14.i24.i32.i32, i24 %mul_ln73_3, i32 10, i32 23" [firmware/nnet_utils/nnet_dense_latency.h:42]   --->   Operation 35 'partselect' 'trunc_ln42_122' <Predicate = true> <Delay = 0.00>
ST_1 : Operation 36 [1/1] (0.00ns)   --->   "%sext_ln42_120 = sext i14 %trunc_ln42_122" [firmware/nnet_utils/nnet_dense_latency.h:42]   --->   Operation 36 'sext' 'sext_ln42_120' <Predicate = true> <Delay = 0.00>
ST_1 : Operation 37 [1/1] (0.00ns)   --->   "%lshr_ln42_2 = partselect i12 @_ssdm_op_PartSelect.i12.i14.i32.i32, i14 %data_5_val_read, i32 2, i32 13" [firmware/nnet_utils/nnet_dense_latency.h:42]   --->   Operation 37 'partselect' 'lshr_ln42_2' <Predicate = true> <Delay = 0.00>
ST_1 : Operation 38 [1/1] (0.00ns)   --->   "%zext_ln42_27 = zext i12 %lshr_ln42_2" [firmware/nnet_utils/nnet_dense_latency.h:42]   --->   Operation 38 'zext' 'zext_ln42_27' <Predicate = true> <Delay = 0.00>
ST_1 : Operation 39 [1/1] (0.00ns)   --->   "%shl_ln73_170 = bitconcatenate i19 @_ssdm_op_BitConcatenate.i19.i14.i5, i14 %data_5_val_read, i5 0" [firmware/nnet_utils/nnet_mult.h:73->firmware/nnet_utils/nnet_dense_latency.h:42]   --->   Operation 39 'bitconcatenate' 'shl_ln73_170' <Predicate = true> <Delay = 0.00>
ST_1 : Operation 40 [1/1] (0.00ns)   --->   "%zext_ln73_95 = zext i19 %shl_ln73_170" [firmware/nnet_utils/nnet_mult.h:73->firmware/nnet_utils/nnet_dense_latency.h:42]   --->   Operation 40 'zext' 'zext_ln73_95' <Predicate = true> <Delay = 0.00>
ST_1 : Operation 41 [1/1] (0.80ns)   --->   "%sub_ln73_188 = sub i20 0, i20 %zext_ln73_95" [firmware/nnet_utils/nnet_mult.h:73->firmware/nnet_utils/nnet_dense_latency.h:42]   --->   Operation 41 'sub' 'sub_ln73_188' <Predicate = true> <Delay = 0.80> <CoreInst = "Adder">   --->   Core 1 'Adder' <Latency = 0> <II = 1> <Delay = 0.80> <FuncUnit> <Opcode : 'add' 'sub'> <InPorts = 2> <OutPorts = 1>
ST_1 : Operation 42 [1/1] (0.00ns)   --->   "%trunc_ln42_123 = partselect i10 @_ssdm_op_PartSelect.i10.i20.i32.i32, i20 %sub_ln73_188, i32 10, i32 19" [firmware/nnet_utils/nnet_dense_latency.h:42]   --->   Operation 42 'partselect' 'trunc_ln42_123' <Predicate = true> <Delay = 0.00>
ST_1 : Operation 43 [1/1] (0.00ns)   --->   "%sext_ln73_125 = sext i10 %trunc_ln42_123" [firmware/nnet_utils/nnet_mult.h:73->firmware/nnet_utils/nnet_dense_latency.h:42]   --->   Operation 43 'sext' 'sext_ln73_125' <Predicate = true> <Delay = 0.00>
ST_1 : Operation 44 [1/1] (0.00ns)   --->   "%shl_ln73_171 = bitconcatenate i22 @_ssdm_op_BitConcatenate.i22.i14.i8, i14 %data_5_val_read, i8 0" [firmware/nnet_utils/nnet_mult.h:73->firmware/nnet_utils/nnet_dense_latency.h:42]   --->   Operation 44 'bitconcatenate' 'shl_ln73_171' <Predicate = true> <Delay = 0.00>
ST_1 : Operation 45 [1/1] (0.00ns)   --->   "%zext_ln73_96 = zext i22 %shl_ln73_171" [firmware/nnet_utils/nnet_mult.h:73->firmware/nnet_utils/nnet_dense_latency.h:42]   --->   Operation 45 'zext' 'zext_ln73_96' <Predicate = true> <Delay = 0.00>
ST_1 : Operation 46 [1/1] (0.82ns)   --->   "%sub_ln73_189 = sub i23 0, i23 %zext_ln73_96" [firmware/nnet_utils/nnet_mult.h:73->firmware/nnet_utils/nnet_dense_latency.h:42]   --->   Operation 46 'sub' 'sub_ln73_189' <Predicate = true> <Delay = 0.82> <CoreInst = "Adder">   --->   Core 1 'Adder' <Latency = 0> <II = 1> <Delay = 0.82> <FuncUnit> <Opcode : 'add' 'sub'> <InPorts = 2> <OutPorts = 1>
ST_1 : Operation 47 [1/1] (0.00ns)   --->   "%trunc_ln42_124 = partselect i13 @_ssdm_op_PartSelect.i13.i23.i32.i32, i23 %sub_ln73_189, i32 10, i32 22" [firmware/nnet_utils/nnet_dense_latency.h:42]   --->   Operation 47 'partselect' 'trunc_ln42_124' <Predicate = true> <Delay = 0.00>
ST_1 : Operation 48 [1/1] (0.00ns)   --->   "%trunc_ln42_225_cast = sext i13 %trunc_ln42_124" [firmware/nnet_utils/nnet_dense_latency.h:42]   --->   Operation 48 'sext' 'trunc_ln42_225_cast' <Predicate = true> <Delay = 0.00>
ST_1 : Operation 49 [1/1] (0.00ns)   --->   "%tmp_75 = partselect i11 @_ssdm_op_PartSelect.i11.i14.i32.i32, i14 %data_5_val_read, i32 3, i32 13" [firmware/nnet_utils/nnet_dense_latency.h:42]   --->   Operation 49 'partselect' 'tmp_75' <Predicate = true> <Delay = 0.00>
ST_1 : Operation 50 [1/1] (0.00ns)   --->   "%lshr_ln42_294_cast = zext i11 %tmp_75" [firmware/nnet_utils/nnet_dense_latency.h:42]   --->   Operation 50 'zext' 'lshr_ln42_294_cast' <Predicate = true> <Delay = 0.00>
ST_1 : Operation 51 [1/1] (0.00ns)   --->   "%lshr_ln42_3 = partselect i11 @_ssdm_op_PartSelect.i11.i13.i32.i32, i13 %data_7_val_read, i32 2, i32 12" [firmware/nnet_utils/nnet_dense_latency.h:42]   --->   Operation 51 'partselect' 'lshr_ln42_3' <Predicate = true> <Delay = 0.00>
ST_1 : Operation 52 [1/1] (0.00ns)   --->   "%zext_ln42_28 = zext i11 %lshr_ln42_3" [firmware/nnet_utils/nnet_dense_latency.h:42]   --->   Operation 52 'zext' 'zext_ln42_28' <Predicate = true> <Delay = 0.00>
ST_1 : Operation 53 [1/1] (0.00ns)   --->   "%zext_ln73_97 = zext i11 %lshr_ln42_3" [firmware/nnet_utils/nnet_mult.h:73->firmware/nnet_utils/nnet_dense_latency.h:42]   --->   Operation 53 'zext' 'zext_ln73_97' <Predicate = true> <Delay = 0.00>
ST_1 : Operation 54 [1/1] (0.00ns)   --->   "%zext_ln73_98 = zext i11 %lshr_ln42_3" [firmware/nnet_utils/nnet_mult.h:73->firmware/nnet_utils/nnet_dense_latency.h:42]   --->   Operation 54 'zext' 'zext_ln73_98' <Predicate = true> <Delay = 0.00>
ST_1 : Operation 55 [1/1] (0.00ns)   --->   "%shl_ln73_172 = bitconcatenate i21 @_ssdm_op_BitConcatenate.i21.i13.i8, i13 %data_7_val_read, i8 0" [firmware/nnet_utils/nnet_mult.h:73->firmware/nnet_utils/nnet_dense_latency.h:42]   --->   Operation 55 'bitconcatenate' 'shl_ln73_172' <Predicate = true> <Delay = 0.00>
ST_1 : Operation 56 [1/1] (0.00ns)   --->   "%zext_ln73_99 = zext i21 %shl_ln73_172" [firmware/nnet_utils/nnet_mult.h:73->firmware/nnet_utils/nnet_dense_latency.h:42]   --->   Operation 56 'zext' 'zext_ln73_99' <Predicate = true> <Delay = 0.00>
ST_1 : Operation 57 [1/1] (0.81ns)   --->   "%sub_ln73_190 = sub i22 0, i22 %zext_ln73_99" [firmware/nnet_utils/nnet_mult.h:73->firmware/nnet_utils/nnet_dense_latency.h:42]   --->   Operation 57 'sub' 'sub_ln73_190' <Predicate = true> <Delay = 0.81> <CoreInst = "Adder">   --->   Core 1 'Adder' <Latency = 0> <II = 1> <Delay = 0.82> <FuncUnit> <Opcode : 'add' 'sub'> <InPorts = 2> <OutPorts = 1>
ST_1 : Operation 58 [1/1] (0.00ns)   --->   "%trunc_ln42_125 = partselect i12 @_ssdm_op_PartSelect.i12.i22.i32.i32, i22 %sub_ln73_190, i32 10, i32 21" [firmware/nnet_utils/nnet_dense_latency.h:42]   --->   Operation 58 'partselect' 'trunc_ln42_125' <Predicate = true> <Delay = 0.00>
ST_1 : Operation 59 [1/1] (0.00ns)   --->   "%sext_ln73_126 = sext i12 %trunc_ln42_125" [firmware/nnet_utils/nnet_mult.h:73->firmware/nnet_utils/nnet_dense_latency.h:42]   --->   Operation 59 'sext' 'sext_ln73_126' <Predicate = true> <Delay = 0.00>
ST_1 : Operation 60 [1/1] (0.00ns)   --->   "%shl_ln73_173 = bitconcatenate i21 @_ssdm_op_BitConcatenate.i21.i14.i7, i14 %data_9_val_read, i7 0" [firmware/nnet_utils/nnet_mult.h:73->firmware/nnet_utils/nnet_dense_latency.h:42]   --->   Operation 60 'bitconcatenate' 'shl_ln73_173' <Predicate = true> <Delay = 0.00>
ST_1 : Operation 61 [1/1] (0.00ns)   --->   "%zext_ln73_100 = zext i21 %shl_ln73_173" [firmware/nnet_utils/nnet_mult.h:73->firmware/nnet_utils/nnet_dense_latency.h:42]   --->   Operation 61 'zext' 'zext_ln73_100' <Predicate = true> <Delay = 0.00>
ST_1 : Operation 62 [1/1] (0.81ns)   --->   "%sub_ln73_191 = sub i22 0, i22 %zext_ln73_100" [firmware/nnet_utils/nnet_mult.h:73->firmware/nnet_utils/nnet_dense_latency.h:42]   --->   Operation 62 'sub' 'sub_ln73_191' <Predicate = true> <Delay = 0.81> <CoreInst = "Adder">   --->   Core 1 'Adder' <Latency = 0> <II = 1> <Delay = 0.82> <FuncUnit> <Opcode : 'add' 'sub'> <InPorts = 2> <OutPorts = 1>
ST_1 : Operation 63 [1/1] (0.00ns)   --->   "%sext_ln73 = sext i22 %sub_ln73_191" [firmware/nnet_utils/nnet_mult.h:73->firmware/nnet_utils/nnet_dense_latency.h:42]   --->   Operation 63 'sext' 'sext_ln73' <Predicate = true> <Delay = 0.00>
ST_1 : Operation 64 [1/1] (0.00ns)   --->   "%shl_ln73_174 = bitconcatenate i19 @_ssdm_op_BitConcatenate.i19.i14.i5, i14 %data_9_val_read, i5 0" [firmware/nnet_utils/nnet_mult.h:73->firmware/nnet_utils/nnet_dense_latency.h:42]   --->   Operation 64 'bitconcatenate' 'shl_ln73_174' <Predicate = true> <Delay = 0.00>
ST_1 : Operation 65 [1/1] (0.00ns)   --->   "%zext_ln73_101 = zext i19 %shl_ln73_174" [firmware/nnet_utils/nnet_mult.h:73->firmware/nnet_utils/nnet_dense_latency.h:42]   --->   Operation 65 'zext' 'zext_ln73_101' <Predicate = true> <Delay = 0.00>
ST_1 : Operation 66 [1/1] (0.82ns)   --->   "%sub_ln73_192 = sub i23 %sext_ln73, i23 %zext_ln73_101" [firmware/nnet_utils/nnet_mult.h:73->firmware/nnet_utils/nnet_dense_latency.h:42]   --->   Operation 66 'sub' 'sub_ln73_192' <Predicate = true> <Delay = 0.82> <CoreInst = "Adder">   --->   Core 1 'Adder' <Latency = 0> <II = 1> <Delay = 0.82> <FuncUnit> <Opcode : 'add' 'sub'> <InPorts = 2> <OutPorts = 1>
ST_1 : Operation 67 [1/1] (0.00ns)   --->   "%trunc_ln42_126 = partselect i13 @_ssdm_op_PartSelect.i13.i23.i32.i32, i23 %sub_ln73_192, i32 10, i32 22" [firmware/nnet_utils/nnet_dense_latency.h:42]   --->   Operation 67 'partselect' 'trunc_ln42_126' <Predicate = true> <Delay = 0.00>
ST_1 : Operation 68 [1/1] (0.00ns)   --->   "%sext_ln42_121 = sext i13 %trunc_ln42_126" [firmware/nnet_utils/nnet_dense_latency.h:42]   --->   Operation 68 'sext' 'sext_ln42_121' <Predicate = true> <Delay = 0.00>
ST_1 : Operation 69 [1/1] (0.00ns)   --->   "%tmp_76 = partselect i10 @_ssdm_op_PartSelect.i10.i14.i32.i32, i14 %data_9_val_read, i32 4, i32 13" [firmware/nnet_utils/nnet_dense_latency.h:42]   --->   Operation 69 'partselect' 'tmp_76' <Predicate = true> <Delay = 0.00>
ST_1 : Operation 70 [1/1] (0.00ns)   --->   "%zext_ln42_29 = zext i10 %tmp_76" [firmware/nnet_utils/nnet_dense_latency.h:42]   --->   Operation 70 'zext' 'zext_ln42_29' <Predicate = true> <Delay = 0.00>
ST_1 : Operation 71 [1/1] (0.00ns)   --->   "%tmp_77 = partselect i9 @_ssdm_op_PartSelect.i9.i14.i32.i32, i14 %data_9_val_read, i32 5, i32 13" [firmware/nnet_utils/nnet_mult.h:73->firmware/nnet_utils/nnet_dense_latency.h:42]   --->   Operation 71 'partselect' 'tmp_77' <Predicate = true> <Delay = 0.00>
ST_1 : Operation 72 [1/1] (0.00ns)   --->   "%zext_ln73_102 = zext i9 %tmp_77" [firmware/nnet_utils/nnet_mult.h:73->firmware/nnet_utils/nnet_dense_latency.h:42]   --->   Operation 72 'zext' 'zext_ln73_102' <Predicate = true> <Delay = 0.00>
ST_1 : Operation 73 [1/1] (0.00ns)   --->   "%shl_ln73_175 = bitconcatenate i22 @_ssdm_op_BitConcatenate.i22.i14.i8, i14 %data_9_val_read, i8 0" [firmware/nnet_utils/nnet_mult.h:73->firmware/nnet_utils/nnet_dense_latency.h:42]   --->   Operation 73 'bitconcatenate' 'shl_ln73_175' <Predicate = true> <Delay = 0.00>
ST_1 : Operation 74 [1/1] (0.00ns)   --->   "%zext_ln73_103 = zext i22 %shl_ln73_175" [firmware/nnet_utils/nnet_mult.h:73->firmware/nnet_utils/nnet_dense_latency.h:42]   --->   Operation 74 'zext' 'zext_ln73_103' <Predicate = true> <Delay = 0.00>
ST_1 : Operation 75 [1/1] (0.00ns)   --->   "%shl_ln73_176 = bitconcatenate i20 @_ssdm_op_BitConcatenate.i20.i14.i6, i14 %data_9_val_read, i6 0" [firmware/nnet_utils/nnet_mult.h:73->firmware/nnet_utils/nnet_dense_latency.h:42]   --->   Operation 75 'bitconcatenate' 'shl_ln73_176' <Predicate = true> <Delay = 0.00>
ST_1 : Operation 76 [1/1] (0.00ns)   --->   "%zext_ln73_104 = zext i20 %shl_ln73_176" [firmware/nnet_utils/nnet_mult.h:73->firmware/nnet_utils/nnet_dense_latency.h:42]   --->   Operation 76 'zext' 'zext_ln73_104' <Predicate = true> <Delay = 0.00>
ST_1 : Operation 77 [1/1] (0.82ns)   --->   "%sub_ln73_193 = sub i23 %zext_ln73_103, i23 %zext_ln73_104" [firmware/nnet_utils/nnet_mult.h:73->firmware/nnet_utils/nnet_dense_latency.h:42]   --->   Operation 77 'sub' 'sub_ln73_193' <Predicate = true> <Delay = 0.82> <CoreInst = "Adder">   --->   Core 1 'Adder' <Latency = 0> <II = 1> <Delay = 0.82> <FuncUnit> <Opcode : 'add' 'sub'> <InPorts = 2> <OutPorts = 1>
ST_1 : Operation 78 [1/1] (0.00ns)   --->   "%trunc_ln42_127 = partselect i13 @_ssdm_op_PartSelect.i13.i23.i32.i32, i23 %sub_ln73_193, i32 10, i32 22" [firmware/nnet_utils/nnet_dense_latency.h:42]   --->   Operation 78 'partselect' 'trunc_ln42_127' <Predicate = true> <Delay = 0.00>
ST_1 : Operation 79 [1/1] (0.00ns)   --->   "%trunc_ln42_228_cast = sext i13 %trunc_ln42_127" [firmware/nnet_utils/nnet_dense_latency.h:42]   --->   Operation 79 'sext' 'trunc_ln42_228_cast' <Predicate = true> <Delay = 0.00>
ST_1 : Operation 80 [1/1] (0.00ns)   --->   "%tmp_78 = partselect i11 @_ssdm_op_PartSelect.i11.i14.i32.i32, i14 %data_9_val_read, i32 3, i32 13" [firmware/nnet_utils/nnet_dense_latency.h:42]   --->   Operation 80 'partselect' 'tmp_78' <Predicate = true> <Delay = 0.00>
ST_1 : Operation 81 [1/1] (0.00ns)   --->   "%lshr_ln42_301_cast = zext i11 %tmp_78" [firmware/nnet_utils/nnet_dense_latency.h:42]   --->   Operation 81 'zext' 'lshr_ln42_301_cast' <Predicate = true> <Delay = 0.00>
ST_1 : Operation 82 [1/1] (0.00ns)   --->   "%shl_ln73_177 = bitconcatenate i21 @_ssdm_op_BitConcatenate.i21.i15.i6, i15 %data_14_val_read, i6 0" [firmware/nnet_utils/nnet_mult.h:73->firmware/nnet_utils/nnet_dense_latency.h:42]   --->   Operation 82 'bitconcatenate' 'shl_ln73_177' <Predicate = true> <Delay = 0.00>
ST_1 : Operation 83 [1/1] (0.00ns)   --->   "%zext_ln73_105 = zext i21 %shl_ln73_177" [firmware/nnet_utils/nnet_mult.h:73->firmware/nnet_utils/nnet_dense_latency.h:42]   --->   Operation 83 'zext' 'zext_ln73_105' <Predicate = true> <Delay = 0.00>
ST_1 : Operation 84 [1/1] (0.00ns)   --->   "%zext_ln73_106 = zext i21 %shl_ln73_177" [firmware/nnet_utils/nnet_mult.h:73->firmware/nnet_utils/nnet_dense_latency.h:42]   --->   Operation 84 'zext' 'zext_ln73_106' <Predicate = true> <Delay = 0.00>
ST_1 : Operation 85 [1/1] (0.81ns)   --->   "%sub_ln73_194 = sub i22 0, i22 %zext_ln73_106" [firmware/nnet_utils/nnet_mult.h:73->firmware/nnet_utils/nnet_dense_latency.h:42]   --->   Operation 85 'sub' 'sub_ln73_194' <Predicate = true> <Delay = 0.81> <CoreInst = "Adder">   --->   Core 1 'Adder' <Latency = 0> <II = 1> <Delay = 0.82> <FuncUnit> <Opcode : 'add' 'sub'> <InPorts = 2> <OutPorts = 1>
ST_1 : Operation 86 [1/1] (0.00ns)   --->   "%trunc_ln42_128 = partselect i12 @_ssdm_op_PartSelect.i12.i22.i32.i32, i22 %sub_ln73_194, i32 10, i32 21" [firmware/nnet_utils/nnet_dense_latency.h:42]   --->   Operation 86 'partselect' 'trunc_ln42_128' <Predicate = true> <Delay = 0.00>
ST_1 : Operation 87 [1/1] (0.00ns)   --->   "%sext_ln73_127 = sext i12 %trunc_ln42_128" [firmware/nnet_utils/nnet_mult.h:73->firmware/nnet_utils/nnet_dense_latency.h:42]   --->   Operation 87 'sext' 'sext_ln73_127' <Predicate = true> <Delay = 0.00>
ST_1 : Operation 88 [1/1] (0.00ns)   --->   "%shl_ln73_178 = bitconcatenate i22 @_ssdm_op_BitConcatenate.i22.i15.i7, i15 %data_14_val_read, i7 0" [firmware/nnet_utils/nnet_mult.h:73->firmware/nnet_utils/nnet_dense_latency.h:42]   --->   Operation 88 'bitconcatenate' 'shl_ln73_178' <Predicate = true> <Delay = 0.00>
ST_1 : Operation 89 [1/1] (0.00ns)   --->   "%zext_ln73_107 = zext i22 %shl_ln73_178" [firmware/nnet_utils/nnet_mult.h:73->firmware/nnet_utils/nnet_dense_latency.h:42]   --->   Operation 89 'zext' 'zext_ln73_107' <Predicate = true> <Delay = 0.00>
ST_1 : Operation 90 [1/1] (0.00ns)   --->   "%shl_ln73_179 = bitconcatenate i19 @_ssdm_op_BitConcatenate.i19.i15.i4, i15 %data_14_val_read, i4 0" [firmware/nnet_utils/nnet_mult.h:73->firmware/nnet_utils/nnet_dense_latency.h:42]   --->   Operation 90 'bitconcatenate' 'shl_ln73_179' <Predicate = true> <Delay = 0.00>
ST_1 : Operation 91 [1/1] (0.00ns)   --->   "%zext_ln73_108 = zext i19 %shl_ln73_179" [firmware/nnet_utils/nnet_mult.h:73->firmware/nnet_utils/nnet_dense_latency.h:42]   --->   Operation 91 'zext' 'zext_ln73_108' <Predicate = true> <Delay = 0.00>
ST_1 : Operation 92 [1/1] (0.82ns)   --->   "%sub_ln73_195 = sub i23 %zext_ln73_108, i23 %zext_ln73_107" [firmware/nnet_utils/nnet_mult.h:73->firmware/nnet_utils/nnet_dense_latency.h:42]   --->   Operation 92 'sub' 'sub_ln73_195' <Predicate = true> <Delay = 0.82> <CoreInst = "Adder">   --->   Core 1 'Adder' <Latency = 0> <II = 1> <Delay = 0.82> <FuncUnit> <Opcode : 'add' 'sub'> <InPorts = 2> <OutPorts = 1>
ST_1 : Operation 93 [1/1] (0.00ns)   --->   "%trunc_ln42_129 = partselect i13 @_ssdm_op_PartSelect.i13.i23.i32.i32, i23 %sub_ln73_195, i32 10, i32 22" [firmware/nnet_utils/nnet_dense_latency.h:42]   --->   Operation 93 'partselect' 'trunc_ln42_129' <Predicate = true> <Delay = 0.00>
ST_1 : Operation 94 [1/1] (0.00ns)   --->   "%sext_ln73_128 = sext i13 %trunc_ln42_129" [firmware/nnet_utils/nnet_mult.h:73->firmware/nnet_utils/nnet_dense_latency.h:42]   --->   Operation 94 'sext' 'sext_ln73_128' <Predicate = true> <Delay = 0.00>
ST_1 : Operation 95 [1/1] (0.00ns)   --->   "%shl_ln73_180 = bitconcatenate i23 @_ssdm_op_BitConcatenate.i23.i15.i8, i15 %data_14_val_read, i8 0" [firmware/nnet_utils/nnet_mult.h:73->firmware/nnet_utils/nnet_dense_latency.h:42]   --->   Operation 95 'bitconcatenate' 'shl_ln73_180' <Predicate = true> <Delay = 0.00>
ST_1 : Operation 96 [1/1] (0.00ns)   --->   "%zext_ln73_109 = zext i23 %shl_ln73_180" [firmware/nnet_utils/nnet_mult.h:73->firmware/nnet_utils/nnet_dense_latency.h:42]   --->   Operation 96 'zext' 'zext_ln73_109' <Predicate = true> <Delay = 0.00>
ST_1 : Operation 97 [1/1] (0.00ns)   --->   "%shl_ln73_181 = bitconcatenate i20 @_ssdm_op_BitConcatenate.i20.i15.i5, i15 %data_14_val_read, i5 0" [firmware/nnet_utils/nnet_mult.h:73->firmware/nnet_utils/nnet_dense_latency.h:42]   --->   Operation 97 'bitconcatenate' 'shl_ln73_181' <Predicate = true> <Delay = 0.00>
ST_1 : Operation 98 [1/1] (0.00ns)   --->   "%zext_ln73_110 = zext i20 %shl_ln73_181" [firmware/nnet_utils/nnet_mult.h:73->firmware/nnet_utils/nnet_dense_latency.h:42]   --->   Operation 98 'zext' 'zext_ln73_110' <Predicate = true> <Delay = 0.00>
ST_1 : Operation 99 [1/1] (0.00ns)   --->   "%zext_ln73_111 = zext i20 %shl_ln73_181" [firmware/nnet_utils/nnet_mult.h:73->firmware/nnet_utils/nnet_dense_latency.h:42]   --->   Operation 99 'zext' 'zext_ln73_111' <Predicate = true> <Delay = 0.00>
ST_1 : Operation 100 [1/1] (0.82ns)   --->   "%add_ln73_11 = add i24 %zext_ln73_109, i24 %zext_ln73_111" [firmware/nnet_utils/nnet_mult.h:73->firmware/nnet_utils/nnet_dense_latency.h:42]   --->   Operation 100 'add' 'add_ln73_11' <Predicate = true> <Delay = 0.82> <CoreInst = "Adder">   --->   Core 1 'Adder' <Latency = 0> <II = 1> <Delay = 0.83> <FuncUnit> <Opcode : 'add' 'sub'> <InPorts = 2> <OutPorts = 1>
ST_1 : Operation 101 [1/1] (0.00ns)   --->   "%tmp_79 = partselect i14 @_ssdm_op_PartSelect.i14.i24.i32.i32, i24 %add_ln73_11, i32 10, i32 23" [firmware/nnet_utils/nnet_dense_latency.h:42]   --->   Operation 101 'partselect' 'tmp_79' <Predicate = true> <Delay = 0.00>
ST_1 : Operation 102 [1/1] (0.00ns)   --->   "%zext_ln73_126 = zext i14 %tmp_79" [firmware/nnet_utils/nnet_mult.h:73->firmware/nnet_utils/nnet_dense_latency.h:42]   --->   Operation 102 'zext' 'zext_ln73_126' <Predicate = true> <Delay = 0.00>
ST_1 : Operation 103 [1/1] (0.82ns)   --->   "%sub_ln73_196 = sub i24 %zext_ln73_105, i24 %zext_ln73_109" [firmware/nnet_utils/nnet_mult.h:73->firmware/nnet_utils/nnet_dense_latency.h:42]   --->   Operation 103 'sub' 'sub_ln73_196' <Predicate = true> <Delay = 0.82> <CoreInst = "Adder">   --->   Core 1 'Adder' <Latency = 0> <II = 1> <Delay = 0.83> <FuncUnit> <Opcode : 'add' 'sub'> <InPorts = 2> <OutPorts = 1>
ST_1 : Operation 104 [1/1] (0.00ns)   --->   "%trunc_ln42_130 = partselect i14 @_ssdm_op_PartSelect.i14.i24.i32.i32, i24 %sub_ln73_196, i32 10, i32 23" [firmware/nnet_utils/nnet_dense_latency.h:42]   --->   Operation 104 'partselect' 'trunc_ln42_130' <Predicate = true> <Delay = 0.00>
ST_1 : Operation 105 [1/1] (0.00ns)   --->   "%sext_ln73_129 = sext i14 %trunc_ln42_130" [firmware/nnet_utils/nnet_mult.h:73->firmware/nnet_utils/nnet_dense_latency.h:42]   --->   Operation 105 'sext' 'sext_ln73_129' <Predicate = true> <Delay = 0.00>
ST_1 : Operation 106 [1/1] (0.82ns)   --->   "%sub_ln73_197 = sub i23 %zext_ln73_110, i23 %zext_ln73_107" [firmware/nnet_utils/nnet_mult.h:73->firmware/nnet_utils/nnet_dense_latency.h:42]   --->   Operation 106 'sub' 'sub_ln73_197' <Predicate = true> <Delay = 0.82> <CoreInst = "Adder">   --->   Core 1 'Adder' <Latency = 0> <II = 1> <Delay = 0.82> <FuncUnit> <Opcode : 'add' 'sub'> <InPorts = 2> <OutPorts = 1>
ST_1 : Operation 107 [1/1] (0.00ns)   --->   "%trunc_ln42_131 = partselect i13 @_ssdm_op_PartSelect.i13.i23.i32.i32, i23 %sub_ln73_197, i32 10, i32 22" [firmware/nnet_utils/nnet_dense_latency.h:42]   --->   Operation 107 'partselect' 'trunc_ln42_131' <Predicate = true> <Delay = 0.00>
ST_1 : Operation 108 [1/1] (0.00ns)   --->   "%sext_ln42_122 = sext i13 %trunc_ln42_131" [firmware/nnet_utils/nnet_dense_latency.h:42]   --->   Operation 108 'sext' 'sext_ln42_122' <Predicate = true> <Delay = 0.00>
ST_1 : Operation 109 [1/1] (0.00ns)   --->   "%lshr_ln42_4 = partselect i13 @_ssdm_op_PartSelect.i13.i14.i32.i32, i14 %data_22_val_read, i32 1, i32 13" [firmware/nnet_utils/nnet_dense_latency.h:42]   --->   Operation 109 'partselect' 'lshr_ln42_4' <Predicate = true> <Delay = 0.00>
ST_1 : Operation 110 [1/1] (0.00ns)   --->   "%zext_ln42_30 = zext i13 %lshr_ln42_4" [firmware/nnet_utils/nnet_dense_latency.h:42]   --->   Operation 110 'zext' 'zext_ln42_30' <Predicate = true> <Delay = 0.00>
ST_1 : Operation 111 [1/1] (0.00ns)   --->   "%lshr_ln42_5 = partselect i12 @_ssdm_op_PartSelect.i12.i14.i32.i32, i14 %data_22_val_read, i32 2, i32 13" [firmware/nnet_utils/nnet_dense_latency.h:42]   --->   Operation 111 'partselect' 'lshr_ln42_5' <Predicate = true> <Delay = 0.00>
ST_1 : Operation 112 [1/1] (0.00ns)   --->   "%zext_ln42_22 = zext i12 %lshr_ln42_5" [firmware/nnet_utils/nnet_dense_latency.h:42]   --->   Operation 112 'zext' 'zext_ln42_22' <Predicate = true> <Delay = 0.00>
ST_1 : Operation 113 [1/1] (0.00ns)   --->   "%zext_ln73_112 = zext i12 %lshr_ln42_5" [firmware/nnet_utils/nnet_mult.h:73->firmware/nnet_utils/nnet_dense_latency.h:42]   --->   Operation 113 'zext' 'zext_ln73_112' <Predicate = true> <Delay = 0.00>
ST_1 : Operation 114 [1/1] (0.00ns)   --->   "%shl_ln73_182 = bitconcatenate i23 @_ssdm_op_BitConcatenate.i23.i14.i9, i14 %data_22_val_read, i9 0" [firmware/nnet_utils/nnet_mult.h:73->firmware/nnet_utils/nnet_dense_latency.h:42]   --->   Operation 114 'bitconcatenate' 'shl_ln73_182' <Predicate = true> <Delay = 0.00>
ST_1 : Operation 115 [1/1] (0.00ns)   --->   "%zext_ln73_113 = zext i23 %shl_ln73_182" [firmware/nnet_utils/nnet_mult.h:73->firmware/nnet_utils/nnet_dense_latency.h:42]   --->   Operation 115 'zext' 'zext_ln73_113' <Predicate = true> <Delay = 0.00>
ST_1 : Operation 116 [1/1] (0.82ns)   --->   "%sub_ln73_198 = sub i24 0, i24 %zext_ln73_113" [firmware/nnet_utils/nnet_mult.h:73->firmware/nnet_utils/nnet_dense_latency.h:42]   --->   Operation 116 'sub' 'sub_ln73_198' <Predicate = true> <Delay = 0.82> <CoreInst = "Adder">   --->   Core 1 'Adder' <Latency = 0> <II = 1> <Delay = 0.83> <FuncUnit> <Opcode : 'add' 'sub'> <InPorts = 2> <OutPorts = 1>
ST_1 : Operation 117 [1/1] (0.00ns)   --->   "%trunc_ln42_132 = partselect i14 @_ssdm_op_PartSelect.i14.i24.i32.i32, i24 %sub_ln73_198, i32 10, i32 23" [firmware/nnet_utils/nnet_dense_latency.h:42]   --->   Operation 117 'partselect' 'trunc_ln42_132' <Predicate = true> <Delay = 0.00>
ST_1 : Operation 118 [1/1] (0.00ns)   --->   "%sext_ln42_123 = sext i14 %trunc_ln42_132" [firmware/nnet_utils/nnet_dense_latency.h:42]   --->   Operation 118 'sext' 'sext_ln42_123' <Predicate = true> <Delay = 0.00>
ST_1 : Operation 119 [1/1] (0.00ns)   --->   "%tmp_80 = partselect i12 @_ssdm_op_PartSelect.i12.i15.i32.i32, i15 %data_24_val_read, i32 3, i32 14" [firmware/nnet_utils/nnet_dense_latency.h:42]   --->   Operation 119 'partselect' 'tmp_80' <Predicate = true> <Delay = 0.00>
ST_1 : Operation 120 [1/1] (0.00ns)   --->   "%zext_ln42_31 = zext i12 %tmp_80" [firmware/nnet_utils/nnet_dense_latency.h:42]   --->   Operation 120 'zext' 'zext_ln42_31' <Predicate = true> <Delay = 0.00>
ST_1 : Operation 121 [1/1] (0.00ns)   --->   "%lshr_ln42_6 = partselect i13 @_ssdm_op_PartSelect.i13.i15.i32.i32, i15 %data_24_val_read, i32 2, i32 14" [firmware/nnet_utils/nnet_dense_latency.h:42]   --->   Operation 121 'partselect' 'lshr_ln42_6' <Predicate = true> <Delay = 0.00>
ST_1 : Operation 122 [1/1] (0.00ns)   --->   "%zext_ln42_32 = zext i13 %lshr_ln42_6" [firmware/nnet_utils/nnet_dense_latency.h:42]   --->   Operation 122 'zext' 'zext_ln42_32' <Predicate = true> <Delay = 0.00>
ST_1 : Operation 123 [1/1] (0.00ns)   --->   "%zext_ln73_114 = zext i13 %lshr_ln42_6" [firmware/nnet_utils/nnet_mult.h:73->firmware/nnet_utils/nnet_dense_latency.h:42]   --->   Operation 123 'zext' 'zext_ln73_114' <Predicate = true> <Delay = 0.00>
ST_1 : Operation 124 [1/1] (0.00ns)   --->   "%shl_ln73_183 = bitconcatenate i23 @_ssdm_op_BitConcatenate.i23.i15.i8, i15 %data_24_val_read, i8 0" [firmware/nnet_utils/nnet_mult.h:73->firmware/nnet_utils/nnet_dense_latency.h:42]   --->   Operation 124 'bitconcatenate' 'shl_ln73_183' <Predicate = true> <Delay = 0.00>
ST_1 : Operation 125 [1/1] (0.00ns)   --->   "%zext_ln73_115 = zext i23 %shl_ln73_183" [firmware/nnet_utils/nnet_mult.h:73->firmware/nnet_utils/nnet_dense_latency.h:42]   --->   Operation 125 'zext' 'zext_ln73_115' <Predicate = true> <Delay = 0.00>
ST_1 : Operation 126 [1/1] (0.00ns)   --->   "%shl_ln73_184 = bitconcatenate i21 @_ssdm_op_BitConcatenate.i21.i15.i6, i15 %data_24_val_read, i6 0" [firmware/nnet_utils/nnet_mult.h:73->firmware/nnet_utils/nnet_dense_latency.h:42]   --->   Operation 126 'bitconcatenate' 'shl_ln73_184' <Predicate = true> <Delay = 0.00>
ST_1 : Operation 127 [1/1] (0.00ns)   --->   "%zext_ln73_116 = zext i21 %shl_ln73_184" [firmware/nnet_utils/nnet_mult.h:73->firmware/nnet_utils/nnet_dense_latency.h:42]   --->   Operation 127 'zext' 'zext_ln73_116' <Predicate = true> <Delay = 0.00>
ST_1 : Operation 128 [1/1] (0.82ns)   --->   "%sub_ln73_199 = sub i24 %zext_ln73_115, i24 %zext_ln73_116" [firmware/nnet_utils/nnet_mult.h:73->firmware/nnet_utils/nnet_dense_latency.h:42]   --->   Operation 128 'sub' 'sub_ln73_199' <Predicate = true> <Delay = 0.82> <CoreInst = "Adder">   --->   Core 1 'Adder' <Latency = 0> <II = 1> <Delay = 0.83> <FuncUnit> <Opcode : 'add' 'sub'> <InPorts = 2> <OutPorts = 1>
ST_1 : Operation 129 [1/1] (0.00ns)   --->   "%trunc_ln42_133 = partselect i14 @_ssdm_op_PartSelect.i14.i24.i32.i32, i24 %sub_ln73_199, i32 10, i32 23" [firmware/nnet_utils/nnet_dense_latency.h:42]   --->   Operation 129 'partselect' 'trunc_ln42_133' <Predicate = true> <Delay = 0.00>
ST_1 : Operation 130 [1/1] (0.00ns)   --->   "%sext_ln42_124 = sext i14 %trunc_ln42_133" [firmware/nnet_utils/nnet_dense_latency.h:42]   --->   Operation 130 'sext' 'sext_ln42_124' <Predicate = true> <Delay = 0.00>
ST_1 : Operation 131 [1/1] (0.82ns)   --->   "%sub_ln73_200 = sub i24 0, i24 %zext_ln73_115" [firmware/nnet_utils/nnet_mult.h:73->firmware/nnet_utils/nnet_dense_latency.h:42]   --->   Operation 131 'sub' 'sub_ln73_200' <Predicate = true> <Delay = 0.82> <CoreInst = "Adder">   --->   Core 1 'Adder' <Latency = 0> <II = 1> <Delay = 0.83> <FuncUnit> <Opcode : 'add' 'sub'> <InPorts = 2> <OutPorts = 1>
ST_1 : Operation 132 [1/1] (0.00ns)   --->   "%trunc_ln42_134 = partselect i14 @_ssdm_op_PartSelect.i14.i24.i32.i32, i24 %sub_ln73_200, i32 10, i32 23" [firmware/nnet_utils/nnet_dense_latency.h:42]   --->   Operation 132 'partselect' 'trunc_ln42_134' <Predicate = true> <Delay = 0.00>
ST_1 : Operation 133 [1/1] (0.00ns)   --->   "%sext_ln42_125 = sext i14 %trunc_ln42_134" [firmware/nnet_utils/nnet_dense_latency.h:42]   --->   Operation 133 'sext' 'sext_ln42_125' <Predicate = true> <Delay = 0.00>
ST_1 : Operation 134 [1/1] (0.00ns)   --->   "%tmp_81 = partselect i10 @_ssdm_op_PartSelect.i10.i14.i32.i32, i14 %data_25_val_read, i32 4, i32 13" [firmware/nnet_utils/nnet_dense_latency.h:42]   --->   Operation 134 'partselect' 'tmp_81' <Predicate = true> <Delay = 0.00>
ST_1 : Operation 135 [1/1] (0.00ns)   --->   "%zext_ln42_33 = zext i10 %tmp_81" [firmware/nnet_utils/nnet_dense_latency.h:42]   --->   Operation 135 'zext' 'zext_ln42_33' <Predicate = true> <Delay = 0.00>
ST_1 : Operation 136 [1/1] (0.00ns)   --->   "%tmp_82 = partselect i9 @_ssdm_op_PartSelect.i9.i14.i32.i32, i14 %data_25_val_read, i32 5, i32 13" [firmware/nnet_utils/nnet_mult.h:73->firmware/nnet_utils/nnet_dense_latency.h:42]   --->   Operation 136 'partselect' 'tmp_82' <Predicate = true> <Delay = 0.00>
ST_1 : Operation 137 [1/1] (0.00ns)   --->   "%zext_ln73_117 = zext i9 %tmp_82" [firmware/nnet_utils/nnet_mult.h:73->firmware/nnet_utils/nnet_dense_latency.h:42]   --->   Operation 137 'zext' 'zext_ln73_117' <Predicate = true> <Delay = 0.00>
ST_1 : Operation 138 [1/1] (0.00ns)   --->   "%shl_ln73_185 = bitconcatenate i20 @_ssdm_op_BitConcatenate.i20.i14.i6, i14 %data_25_val_read, i6 0" [firmware/nnet_utils/nnet_mult.h:73->firmware/nnet_utils/nnet_dense_latency.h:42]   --->   Operation 138 'bitconcatenate' 'shl_ln73_185' <Predicate = true> <Delay = 0.00>
ST_1 : Operation 139 [1/1] (0.00ns)   --->   "%zext_ln73_118 = zext i20 %shl_ln73_185" [firmware/nnet_utils/nnet_mult.h:73->firmware/nnet_utils/nnet_dense_latency.h:42]   --->   Operation 139 'zext' 'zext_ln73_118' <Predicate = true> <Delay = 0.00>
ST_1 : Operation 140 [1/1] (0.80ns)   --->   "%sub_ln73_201 = sub i21 0, i21 %zext_ln73_118" [firmware/nnet_utils/nnet_mult.h:73->firmware/nnet_utils/nnet_dense_latency.h:42]   --->   Operation 140 'sub' 'sub_ln73_201' <Predicate = true> <Delay = 0.80> <CoreInst = "Adder">   --->   Core 1 'Adder' <Latency = 0> <II = 1> <Delay = 0.81> <FuncUnit> <Opcode : 'add' 'sub'> <InPorts = 2> <OutPorts = 1>
ST_1 : Operation 141 [1/1] (0.00ns)   --->   "%trunc_ln42_135 = partselect i11 @_ssdm_op_PartSelect.i11.i21.i32.i32, i21 %sub_ln73_201, i32 10, i32 20" [firmware/nnet_utils/nnet_dense_latency.h:42]   --->   Operation 141 'partselect' 'trunc_ln42_135' <Predicate = true> <Delay = 0.00>
ST_1 : Operation 142 [1/1] (0.00ns)   --->   "%sext_ln73_130 = sext i11 %trunc_ln42_135" [firmware/nnet_utils/nnet_mult.h:73->firmware/nnet_utils/nnet_dense_latency.h:42]   --->   Operation 142 'sext' 'sext_ln73_130' <Predicate = true> <Delay = 0.00>
ST_1 : Operation 143 [1/1] (0.00ns)   --->   "%shl_ln73_186 = bitconcatenate i21 @_ssdm_op_BitConcatenate.i21.i14.i7, i14 %data_25_val_read, i7 0" [firmware/nnet_utils/nnet_mult.h:73->firmware/nnet_utils/nnet_dense_latency.h:42]   --->   Operation 143 'bitconcatenate' 'shl_ln73_186' <Predicate = true> <Delay = 0.00>
ST_1 : Operation 144 [1/1] (0.00ns)   --->   "%zext_ln73_119 = zext i21 %shl_ln73_186" [firmware/nnet_utils/nnet_mult.h:73->firmware/nnet_utils/nnet_dense_latency.h:42]   --->   Operation 144 'zext' 'zext_ln73_119' <Predicate = true> <Delay = 0.00>
ST_1 : Operation 145 [1/1] (0.81ns)   --->   "%sub_ln73_202 = sub i22 0, i22 %zext_ln73_119" [firmware/nnet_utils/nnet_mult.h:73->firmware/nnet_utils/nnet_dense_latency.h:42]   --->   Operation 145 'sub' 'sub_ln73_202' <Predicate = true> <Delay = 0.81> <CoreInst = "Adder">   --->   Core 1 'Adder' <Latency = 0> <II = 1> <Delay = 0.82> <FuncUnit> <Opcode : 'add' 'sub'> <InPorts = 2> <OutPorts = 1>
ST_1 : Operation 146 [1/1] (0.00ns)   --->   "%sext_ln73_94 = sext i22 %sub_ln73_202" [firmware/nnet_utils/nnet_mult.h:73->firmware/nnet_utils/nnet_dense_latency.h:42]   --->   Operation 146 'sext' 'sext_ln73_94' <Predicate = true> <Delay = 0.00>
ST_1 : Operation 147 [1/1] (0.00ns)   --->   "%shl_ln73_187 = bitconcatenate i19 @_ssdm_op_BitConcatenate.i19.i14.i5, i14 %data_25_val_read, i5 0" [firmware/nnet_utils/nnet_mult.h:73->firmware/nnet_utils/nnet_dense_latency.h:42]   --->   Operation 147 'bitconcatenate' 'shl_ln73_187' <Predicate = true> <Delay = 0.00>
ST_1 : Operation 148 [1/1] (0.00ns)   --->   "%zext_ln73_120 = zext i19 %shl_ln73_187" [firmware/nnet_utils/nnet_mult.h:73->firmware/nnet_utils/nnet_dense_latency.h:42]   --->   Operation 148 'zext' 'zext_ln73_120' <Predicate = true> <Delay = 0.00>
ST_1 : Operation 149 [1/1] (0.82ns)   --->   "%sub_ln73_203 = sub i23 %sext_ln73_94, i23 %zext_ln73_120" [firmware/nnet_utils/nnet_mult.h:73->firmware/nnet_utils/nnet_dense_latency.h:42]   --->   Operation 149 'sub' 'sub_ln73_203' <Predicate = true> <Delay = 0.82> <CoreInst = "Adder">   --->   Core 1 'Adder' <Latency = 0> <II = 1> <Delay = 0.82> <FuncUnit> <Opcode : 'add' 'sub'> <InPorts = 2> <OutPorts = 1>
ST_1 : Operation 150 [1/1] (0.00ns)   --->   "%trunc_ln42_136 = partselect i13 @_ssdm_op_PartSelect.i13.i23.i32.i32, i23 %sub_ln73_203, i32 10, i32 22" [firmware/nnet_utils/nnet_dense_latency.h:42]   --->   Operation 150 'partselect' 'trunc_ln42_136' <Predicate = true> <Delay = 0.00>
ST_1 : Operation 151 [1/1] (0.00ns)   --->   "%sext_ln73_131 = sext i13 %trunc_ln42_136" [firmware/nnet_utils/nnet_mult.h:73->firmware/nnet_utils/nnet_dense_latency.h:42]   --->   Operation 151 'sext' 'sext_ln73_131' <Predicate = true> <Delay = 0.00>
ST_1 : Operation 152 [1/1] (0.00ns)   --->   "%shl_ln73_188 = bitconcatenate i22 @_ssdm_op_BitConcatenate.i22.i14.i8, i14 %data_25_val_read, i8 0" [firmware/nnet_utils/nnet_mult.h:73->firmware/nnet_utils/nnet_dense_latency.h:42]   --->   Operation 152 'bitconcatenate' 'shl_ln73_188' <Predicate = true> <Delay = 0.00>
ST_1 : Operation 153 [1/1] (0.00ns)   --->   "%zext_ln73_121 = zext i22 %shl_ln73_188" [firmware/nnet_utils/nnet_mult.h:73->firmware/nnet_utils/nnet_dense_latency.h:42]   --->   Operation 153 'zext' 'zext_ln73_121' <Predicate = true> <Delay = 0.00>
ST_1 : Operation 154 [1/1] (0.82ns)   --->   "%sub_ln73_204 = sub i23 %zext_ln73_120, i23 %zext_ln73_121" [firmware/nnet_utils/nnet_mult.h:73->firmware/nnet_utils/nnet_dense_latency.h:42]   --->   Operation 154 'sub' 'sub_ln73_204' <Predicate = true> <Delay = 0.82> <CoreInst = "Adder">   --->   Core 1 'Adder' <Latency = 0> <II = 1> <Delay = 0.82> <FuncUnit> <Opcode : 'add' 'sub'> <InPorts = 2> <OutPorts = 1>
ST_1 : Operation 155 [1/1] (0.00ns)   --->   "%trunc_ln42_137 = partselect i13 @_ssdm_op_PartSelect.i13.i23.i32.i32, i23 %sub_ln73_204, i32 10, i32 22" [firmware/nnet_utils/nnet_dense_latency.h:42]   --->   Operation 155 'partselect' 'trunc_ln42_137' <Predicate = true> <Delay = 0.00>
ST_1 : Operation 156 [1/1] (0.00ns)   --->   "%sext_ln73_132 = sext i13 %trunc_ln42_137" [firmware/nnet_utils/nnet_mult.h:73->firmware/nnet_utils/nnet_dense_latency.h:42]   --->   Operation 156 'sext' 'sext_ln73_132' <Predicate = true> <Delay = 0.00>
ST_1 : Operation 157 [1/1] (0.00ns)   --->   "%zext_ln73_122 = zext i15 %data_28_val_read" [firmware/nnet_utils/nnet_mult.h:73->firmware/nnet_utils/nnet_dense_latency.h:42]   --->   Operation 157 'zext' 'zext_ln73_122' <Predicate = true> <Delay = 0.00>
ST_1 : Operation 158 [1/1] (1.92ns)   --->   "%mul_ln73_4 = mul i24 %zext_ln73_122, i24 352" [firmware/nnet_utils/nnet_mult.h:73->firmware/nnet_utils/nnet_dense_latency.h:42]   --->   Operation 158 'mul' 'mul_ln73_4' <Predicate = true> <Delay = 1.92> <CoreInst = "Multiplier">   --->   Core 3 'Multiplier' <Latency = 0> <II = 1> <Delay = 1.92> <FuncUnit> <Opcode : 'mul'> <InPorts = 2> <OutPorts = 1>
ST_1 : Operation 159 [1/1] (0.00ns)   --->   "%tmp_83 = partselect i14 @_ssdm_op_PartSelect.i14.i24.i32.i32, i24 %mul_ln73_4, i32 10, i32 23" [firmware/nnet_utils/nnet_dense_latency.h:42]   --->   Operation 159 'partselect' 'tmp_83' <Predicate = true> <Delay = 0.00>
ST_1 : Operation 160 [1/1] (0.00ns)   --->   "%zext_ln73_127 = zext i14 %tmp_83" [firmware/nnet_utils/nnet_mult.h:73->firmware/nnet_utils/nnet_dense_latency.h:42]   --->   Operation 160 'zext' 'zext_ln73_127' <Predicate = true> <Delay = 0.00>
ST_1 : Operation 161 [1/1] (0.00ns)   --->   "%shl_ln73_189 = bitconcatenate i24 @_ssdm_op_BitConcatenate.i24.i15.i9, i15 %data_28_val_read, i9 0" [firmware/nnet_utils/nnet_mult.h:73->firmware/nnet_utils/nnet_dense_latency.h:42]   --->   Operation 161 'bitconcatenate' 'shl_ln73_189' <Predicate = true> <Delay = 0.00>
ST_1 : Operation 162 [1/1] (0.00ns)   --->   "%zext_ln73_123 = zext i24 %shl_ln73_189" [firmware/nnet_utils/nnet_mult.h:73->firmware/nnet_utils/nnet_dense_latency.h:42]   --->   Operation 162 'zext' 'zext_ln73_123' <Predicate = true> <Delay = 0.00>
ST_1 : Operation 163 [1/1] (0.00ns)   --->   "%shl_ln73_190 = bitconcatenate i20 @_ssdm_op_BitConcatenate.i20.i15.i5, i15 %data_28_val_read, i5 0" [firmware/nnet_utils/nnet_mult.h:73->firmware/nnet_utils/nnet_dense_latency.h:42]   --->   Operation 163 'bitconcatenate' 'shl_ln73_190' <Predicate = true> <Delay = 0.00>
ST_1 : Operation 164 [1/1] (0.00ns)   --->   "%zext_ln73_124 = zext i20 %shl_ln73_190" [firmware/nnet_utils/nnet_mult.h:73->firmware/nnet_utils/nnet_dense_latency.h:42]   --->   Operation 164 'zext' 'zext_ln73_124' <Predicate = true> <Delay = 0.00>
ST_1 : Operation 165 [1/1] (0.83ns)   --->   "%sub_ln73_205 = sub i25 %zext_ln73_123, i25 %zext_ln73_124" [firmware/nnet_utils/nnet_mult.h:73->firmware/nnet_utils/nnet_dense_latency.h:42]   --->   Operation 165 'sub' 'sub_ln73_205' <Predicate = true> <Delay = 0.83> <CoreInst = "Adder">   --->   Core 1 'Adder' <Latency = 0> <II = 1> <Delay = 0.83> <FuncUnit> <Opcode : 'add' 'sub'> <InPorts = 2> <OutPorts = 1>
ST_1 : Operation 166 [1/1] (0.00ns)   --->   "%trunc_ln42_138 = partselect i15 @_ssdm_op_PartSelect.i15.i25.i32.i32, i25 %sub_ln73_205, i32 10, i32 24" [firmware/nnet_utils/nnet_dense_latency.h:42]   --->   Operation 166 'partselect' 'trunc_ln42_138' <Predicate = true> <Delay = 0.00>
ST_1 : Operation 167 [1/1] (0.00ns)   --->   "%sext_ln42_126 = sext i15 %trunc_ln42_138" [firmware/nnet_utils/nnet_dense_latency.h:42]   --->   Operation 167 'sext' 'sext_ln42_126' <Predicate = true> <Delay = 0.00>
ST_1 : Operation 168 [1/1] (0.00ns)   --->   "%shl_ln73_191 = bitconcatenate i23 @_ssdm_op_BitConcatenate.i23.i15.i8, i15 %data_28_val_read, i8 0" [firmware/nnet_utils/nnet_mult.h:73->firmware/nnet_utils/nnet_dense_latency.h:42]   --->   Operation 168 'bitconcatenate' 'shl_ln73_191' <Predicate = true> <Delay = 0.00>
ST_1 : Operation 169 [1/1] (0.00ns)   --->   "%zext_ln73_125 = zext i23 %shl_ln73_191" [firmware/nnet_utils/nnet_mult.h:73->firmware/nnet_utils/nnet_dense_latency.h:42]   --->   Operation 169 'zext' 'zext_ln73_125' <Predicate = true> <Delay = 0.00>
ST_1 : Operation 170 [1/1] (0.82ns)   --->   "%sub_ln73_206 = sub i24 0, i24 %zext_ln73_125" [firmware/nnet_utils/nnet_mult.h:73->firmware/nnet_utils/nnet_dense_latency.h:42]   --->   Operation 170 'sub' 'sub_ln73_206' <Predicate = true> <Delay = 0.82> <CoreInst = "Adder">   --->   Core 1 'Adder' <Latency = 0> <II = 1> <Delay = 0.83> <FuncUnit> <Opcode : 'add' 'sub'> <InPorts = 2> <OutPorts = 1>
ST_1 : Operation 171 [1/1] (0.00ns)   --->   "%trunc_ln42_139 = partselect i14 @_ssdm_op_PartSelect.i14.i24.i32.i32, i24 %sub_ln73_206, i32 10, i32 23" [firmware/nnet_utils/nnet_dense_latency.h:42]   --->   Operation 171 'partselect' 'trunc_ln42_139' <Predicate = true> <Delay = 0.00>
ST_1 : Operation 172 [1/1] (0.00ns)   --->   "%sext_ln73_133 = sext i14 %trunc_ln42_139" [firmware/nnet_utils/nnet_mult.h:73->firmware/nnet_utils/nnet_dense_latency.h:42]   --->   Operation 172 'sext' 'sext_ln73_133' <Predicate = true> <Delay = 0.00>
ST_1 : Operation 173 [1/1] (0.00ns)   --->   "%shl_ln73_192 = bitconcatenate i24 @_ssdm_op_BitConcatenate.i24.i16.i8, i16 %data_29_val_read, i8 0" [firmware/nnet_utils/nnet_mult.h:73->firmware/nnet_utils/nnet_dense_latency.h:42]   --->   Operation 173 'bitconcatenate' 'shl_ln73_192' <Predicate = true> <Delay = 0.00>
ST_1 : Operation 174 [1/1] (0.00ns)   --->   "%sext_ln73_95 = sext i24 %shl_ln73_192" [firmware/nnet_utils/nnet_mult.h:73->firmware/nnet_utils/nnet_dense_latency.h:42]   --->   Operation 174 'sext' 'sext_ln73_95' <Predicate = true> <Delay = 0.00>
ST_1 : Operation 175 [1/1] (0.00ns)   --->   "%shl_ln73_193 = bitconcatenate i22 @_ssdm_op_BitConcatenate.i22.i16.i6, i16 %data_29_val_read, i6 0" [firmware/nnet_utils/nnet_mult.h:73->firmware/nnet_utils/nnet_dense_latency.h:42]   --->   Operation 175 'bitconcatenate' 'shl_ln73_193' <Predicate = true> <Delay = 0.00>
ST_1 : Operation 176 [1/1] (0.00ns)   --->   "%sext_ln73_96 = sext i22 %shl_ln73_193" [firmware/nnet_utils/nnet_mult.h:73->firmware/nnet_utils/nnet_dense_latency.h:42]   --->   Operation 176 'sext' 'sext_ln73_96' <Predicate = true> <Delay = 0.00>
ST_1 : Operation 177 [1/1] (0.00ns)   --->   "%sext_ln73_97 = sext i22 %shl_ln73_193" [firmware/nnet_utils/nnet_mult.h:73->firmware/nnet_utils/nnet_dense_latency.h:42]   --->   Operation 177 'sext' 'sext_ln73_97' <Predicate = true> <Delay = 0.00>
ST_1 : Operation 178 [1/1] (0.83ns)   --->   "%add_ln73_12 = add i25 %sext_ln73_95, i25 %sext_ln73_97" [firmware/nnet_utils/nnet_mult.h:73->firmware/nnet_utils/nnet_dense_latency.h:42]   --->   Operation 178 'add' 'add_ln73_12' <Predicate = true> <Delay = 0.83> <CoreInst = "Adder">   --->   Core 1 'Adder' <Latency = 0> <II = 1> <Delay = 0.83> <FuncUnit> <Opcode : 'add' 'sub'> <InPorts = 2> <OutPorts = 1>
ST_1 : Operation 179 [1/1] (0.00ns)   --->   "%trunc_ln42_140 = partselect i15 @_ssdm_op_PartSelect.i15.i25.i32.i32, i25 %add_ln73_12, i32 10, i32 24" [firmware/nnet_utils/nnet_dense_latency.h:42]   --->   Operation 179 'partselect' 'trunc_ln42_140' <Predicate = true> <Delay = 0.00>
ST_1 : Operation 180 [1/1] (0.00ns)   --->   "%sext_ln42_127 = sext i15 %trunc_ln42_140" [firmware/nnet_utils/nnet_dense_latency.h:42]   --->   Operation 180 'sext' 'sext_ln42_127' <Predicate = true> <Delay = 0.00>
ST_1 : Operation 181 [1/1] (0.00ns)   --->   "%trunc_ln42_141 = partselect i12 @_ssdm_op_PartSelect.i12.i16.i32.i32, i16 %data_29_val_read, i32 4, i32 15" [firmware/nnet_utils/nnet_dense_latency.h:42]   --->   Operation 181 'partselect' 'trunc_ln42_141' <Predicate = true> <Delay = 0.00>
ST_1 : Operation 182 [1/1] (0.00ns)   --->   "%sext_ln73_98 = sext i12 %trunc_ln42_141" [firmware/nnet_utils/nnet_mult.h:73->firmware/nnet_utils/nnet_dense_latency.h:42]   --->   Operation 182 'sext' 'sext_ln73_98' <Predicate = true> <Delay = 0.00>
ST_1 : Operation 183 [1/1] (0.83ns)   --->   "%sub_ln73_207 = sub i25 %sext_ln73_95, i25 %sext_ln73_97" [firmware/nnet_utils/nnet_mult.h:73->firmware/nnet_utils/nnet_dense_latency.h:42]   --->   Operation 183 'sub' 'sub_ln73_207' <Predicate = true> <Delay = 0.83> <CoreInst = "Adder">   --->   Core 1 'Adder' <Latency = 0> <II = 1> <Delay = 0.83> <FuncUnit> <Opcode : 'add' 'sub'> <InPorts = 2> <OutPorts = 1>
ST_1 : Operation 184 [1/1] (0.00ns)   --->   "%trunc_ln42_142 = partselect i15 @_ssdm_op_PartSelect.i15.i25.i32.i32, i25 %sub_ln73_207, i32 10, i32 24" [firmware/nnet_utils/nnet_dense_latency.h:42]   --->   Operation 184 'partselect' 'trunc_ln42_142' <Predicate = true> <Delay = 0.00>
ST_1 : Operation 185 [1/1] (0.00ns)   --->   "%sext_ln42_128 = sext i15 %trunc_ln42_142" [firmware/nnet_utils/nnet_dense_latency.h:42]   --->   Operation 185 'sext' 'sext_ln42_128' <Predicate = true> <Delay = 0.00>
ST_1 : Operation 186 [1/1] (0.82ns)   --->   "%sub_ln73_208 = sub i23 0, i23 %sext_ln73_96" [firmware/nnet_utils/nnet_mult.h:73->firmware/nnet_utils/nnet_dense_latency.h:42]   --->   Operation 186 'sub' 'sub_ln73_208' <Predicate = true> <Delay = 0.82> <CoreInst = "Adder">   --->   Core 1 'Adder' <Latency = 0> <II = 1> <Delay = 0.82> <FuncUnit> <Opcode : 'add' 'sub'> <InPorts = 2> <OutPorts = 1>
ST_1 : Operation 187 [1/1] (0.00ns)   --->   "%trunc_ln42_143 = partselect i13 @_ssdm_op_PartSelect.i13.i23.i32.i32, i23 %sub_ln73_208, i32 10, i32 22" [firmware/nnet_utils/nnet_dense_latency.h:42]   --->   Operation 187 'partselect' 'trunc_ln42_143' <Predicate = true> <Delay = 0.00>
ST_1 : Operation 188 [1/1] (0.00ns)   --->   "%sext_ln73_134 = sext i13 %trunc_ln42_143" [firmware/nnet_utils/nnet_mult.h:73->firmware/nnet_utils/nnet_dense_latency.h:42]   --->   Operation 188 'sext' 'sext_ln73_134' <Predicate = true> <Delay = 0.00>
ST_1 : Operation 189 [1/1] (0.00ns)   --->   "%shl_ln73_194 = bitconcatenate i21 @_ssdm_op_BitConcatenate.i21.i16.i5, i16 %data_29_val_read, i5 0" [firmware/nnet_utils/nnet_mult.h:73->firmware/nnet_utils/nnet_dense_latency.h:42]   --->   Operation 189 'bitconcatenate' 'shl_ln73_194' <Predicate = true> <Delay = 0.00>
ST_1 : Operation 190 [1/1] (0.00ns)   --->   "%sext_ln73_99 = sext i21 %shl_ln73_194" [firmware/nnet_utils/nnet_mult.h:73->firmware/nnet_utils/nnet_dense_latency.h:42]   --->   Operation 190 'sext' 'sext_ln73_99' <Predicate = true> <Delay = 0.00>
ST_1 : Operation 191 [1/1] (0.81ns)   --->   "%sub_ln73_209 = sub i22 0, i22 %sext_ln73_99" [firmware/nnet_utils/nnet_mult.h:73->firmware/nnet_utils/nnet_dense_latency.h:42]   --->   Operation 191 'sub' 'sub_ln73_209' <Predicate = true> <Delay = 0.81> <CoreInst = "Adder">   --->   Core 1 'Adder' <Latency = 0> <II = 1> <Delay = 0.82> <FuncUnit> <Opcode : 'add' 'sub'> <InPorts = 2> <OutPorts = 1>
ST_1 : Operation 192 [1/1] (0.00ns)   --->   "%trunc_ln42_144 = partselect i12 @_ssdm_op_PartSelect.i12.i22.i32.i32, i22 %sub_ln73_209, i32 10, i32 21" [firmware/nnet_utils/nnet_dense_latency.h:42]   --->   Operation 192 'partselect' 'trunc_ln42_144' <Predicate = true> <Delay = 0.00>
ST_1 : Operation 193 [1/1] (0.00ns)   --->   "%sext_ln58_113 = sext i12 %trunc_ln42_144" [firmware/nnet_utils/nnet_dense_latency.h:58]   --->   Operation 193 'sext' 'sext_ln58_113' <Predicate = true> <Delay = 0.00>
ST_1 : Operation 194 [1/1] (0.76ns)   --->   "%add_ln58_548 = add i15 %sext_ln73_127, i15 %zext_ln73_127" [firmware/nnet_utils/nnet_dense_latency.h:58]   --->   Operation 194 'add' 'add_ln58_548' <Predicate = true> <Delay = 0.76> <CoreInst = "Adder">   --->   Core 1 'Adder' <Latency = 0> <II = 1> <Delay = 0.77> <FuncUnit> <Opcode : 'add' 'sub'> <InPorts = 2> <OutPorts = 1>
ST_1 : Operation 195 [1/1] (0.00ns)   --->   "%sext_ln58_114 = sext i15 %add_ln58_548" [firmware/nnet_utils/nnet_dense_latency.h:58]   --->   Operation 195 'sext' 'sext_ln58_114' <Predicate = true> <Delay = 0.00>
ST_1 : Operation 196 [1/1] (0.77ns)   --->   "%add_ln58_549 = add i16 %sext_ln58_114, i16 %sext_ln42_121" [firmware/nnet_utils/nnet_dense_latency.h:58]   --->   Operation 196 'add' 'add_ln58_549' <Predicate = true> <Delay = 0.77> <CoreInst = "Adder">   --->   Core 1 'Adder' <Latency = 0> <II = 1> <Delay = 0.78> <FuncUnit> <Opcode : 'add' 'sub'> <InPorts = 2> <OutPorts = 1>
ST_1 : Operation 197 [1/1] (0.75ns)   --->   "%add_ln58_551 = add i14 %zext_ln42_30, i14 %zext_ln42_27" [firmware/nnet_utils/nnet_dense_latency.h:58]   --->   Operation 197 'add' 'add_ln58_551' <Predicate = true> <Delay = 0.75> <CoreInst = "Adder">   --->   Core 1 'Adder' <Latency = 0> <II = 1> <Delay = 0.76> <FuncUnit> <Opcode : 'add' 'sub'> <InPorts = 2> <OutPorts = 1>
ST_1 : Operation 198 [1/1] (0.00ns)   --->   "%zext_ln58 = zext i14 %add_ln58_551" [firmware/nnet_utils/nnet_dense_latency.h:58]   --->   Operation 198 'zext' 'zext_ln58' <Predicate = true> <Delay = 0.00>
ST_1 : Operation 199 [1/1] (0.00ns) (grouped into TernaryAdder)   --->   "%add_ln58_552 = add i16 %zext_ln58, i16 %sext_ln42_127" [firmware/nnet_utils/nnet_dense_latency.h:58]   --->   Operation 199 'add' 'add_ln58_552' <Predicate = true> <Delay = 0.00> <CoreInst = "TAddSub">   --->   Core 10 'TAddSub' <Latency = 0> <II = 1> <Delay = 0.33> <IPBlock> <Opcode : '' 'add' 'sub'> <InPorts = 3> <OutPorts = 1> <Sync> <CReg>
ST_1 : Operation 200 [1/1] (0.00ns) (grouped into TernaryAdder)   --->   "%add_ln58_553 = add i13 %zext_ln42_28, i13 %zext_ln42_31" [firmware/nnet_utils/nnet_dense_latency.h:58]   --->   Operation 200 'add' 'add_ln58_553' <Predicate = true> <Delay = 0.00> <CoreInst = "TAddSub">   --->   Core 10 'TAddSub' <Latency = 0> <II = 1> <Delay = 0.33> <IPBlock> <Opcode : '' 'add' 'sub'> <InPorts = 3> <OutPorts = 1> <Sync> <CReg>
ST_1 : Operation 201 [1/1] (0.72ns)   --->   "%add_ln58_554 = add i11 %zext_ln42_33, i11 432" [firmware/nnet_utils/nnet_dense_latency.h:58]   --->   Operation 201 'add' 'add_ln58_554' <Predicate = true> <Delay = 0.72> <CoreInst = "Adder">   --->   Core 1 'Adder' <Latency = 0> <II = 1> <Delay = 0.73> <FuncUnit> <Opcode : 'add' 'sub'> <InPorts = 2> <OutPorts = 1>
ST_1 : Operation 202 [1/1] (0.00ns)   --->   "%zext_ln58_34 = zext i11 %add_ln58_554" [firmware/nnet_utils/nnet_dense_latency.h:58]   --->   Operation 202 'zext' 'zext_ln58_34' <Predicate = true> <Delay = 0.00>
ST_1 : Operation 203 [1/1] (0.73ns) (root node of TernaryAdder)   --->   "%add_ln58_555 = add i13 %zext_ln58_34, i13 %add_ln58_553" [firmware/nnet_utils/nnet_dense_latency.h:58]   --->   Operation 203 'add' 'add_ln58_555' <Predicate = true> <Delay = 0.73> <CoreInst = "TAddSub">   --->   Core 10 'TAddSub' <Latency = 0> <II = 1> <Delay = 0.33> <IPBlock> <Opcode : '' 'add' 'sub'> <InPorts = 3> <OutPorts = 1> <Sync> <CReg>
ST_1 : Operation 204 [1/1] (0.00ns)   --->   "%zext_ln58_35 = zext i13 %add_ln58_555" [firmware/nnet_utils/nnet_dense_latency.h:58]   --->   Operation 204 'zext' 'zext_ln58_35' <Predicate = true> <Delay = 0.00>
ST_1 : Operation 205 [1/1] (0.67ns) (root node of TernaryAdder)   --->   "%add_ln58_556 = add i16 %zext_ln58_35, i16 %add_ln58_552" [firmware/nnet_utils/nnet_dense_latency.h:58]   --->   Operation 205 'add' 'add_ln58_556' <Predicate = true> <Delay = 0.67> <CoreInst = "TAddSub">   --->   Core 10 'TAddSub' <Latency = 0> <II = 1> <Delay = 0.33> <IPBlock> <Opcode : '' 'add' 'sub'> <InPorts = 3> <OutPorts = 1> <Sync> <CReg>
ST_1 : Operation 206 [1/1] (0.75ns)   --->   "%add_ln58_558 = add i14 %sext_ln73_125, i14 %sext_ln73_128" [firmware/nnet_utils/nnet_dense_latency.h:58]   --->   Operation 206 'add' 'add_ln58_558' <Predicate = true> <Delay = 0.75> <CoreInst = "Adder">   --->   Core 1 'Adder' <Latency = 0> <II = 1> <Delay = 0.76> <FuncUnit> <Opcode : 'add' 'sub'> <InPorts = 2> <OutPorts = 1>
ST_1 : Operation 207 [1/1] (0.00ns)   --->   "%sext_ln58_115 = sext i14 %add_ln58_558" [firmware/nnet_utils/nnet_dense_latency.h:58]   --->   Operation 207 'sext' 'sext_ln58_115' <Predicate = true> <Delay = 0.00>
ST_1 : Operation 208 [1/1] (0.77ns)   --->   "%add_ln58_559 = add i16 %sext_ln58_115, i16 %sext_ln42_119" [firmware/nnet_utils/nnet_dense_latency.h:58]   --->   Operation 208 'add' 'add_ln58_559' <Predicate = true> <Delay = 0.77> <CoreInst = "Adder">   --->   Core 1 'Adder' <Latency = 0> <II = 1> <Delay = 0.78> <FuncUnit> <Opcode : 'add' 'sub'> <InPorts = 2> <OutPorts = 1>
ST_1 : Operation 209 [1/1] (0.75ns)   --->   "%add_ln58_560 = add i14 %zext_ln73_78, i14 %zext_ln73_84" [firmware/nnet_utils/nnet_dense_latency.h:58]   --->   Operation 209 'add' 'add_ln58_560' <Predicate = true> <Delay = 0.75> <CoreInst = "Adder">   --->   Core 1 'Adder' <Latency = 0> <II = 1> <Delay = 0.76> <FuncUnit> <Opcode : 'add' 'sub'> <InPorts = 2> <OutPorts = 1>
ST_1 : Operation 210 [1/1] (0.00ns)   --->   "%zext_ln58_36 = zext i14 %add_ln58_560" [firmware/nnet_utils/nnet_dense_latency.h:58]   --->   Operation 210 'zext' 'zext_ln58_36' <Predicate = true> <Delay = 0.00>
ST_1 : Operation 211 [1/1] (0.77ns)   --->   "%add_ln58_561 = add i16 %zext_ln58_36, i16 %sext_ln42_126" [firmware/nnet_utils/nnet_dense_latency.h:58]   --->   Operation 211 'add' 'add_ln58_561' <Predicate = true> <Delay = 0.77> <CoreInst = "Adder">   --->   Core 1 'Adder' <Latency = 0> <II = 1> <Delay = 0.78> <FuncUnit> <Opcode : 'add' 'sub'> <InPorts = 2> <OutPorts = 1>
ST_1 : Operation 212 [1/1] (0.00ns) (grouped into TernaryAdder)   --->   "%add_ln58_562 = add i16 %add_ln58_561, i16 %add_ln58_559" [firmware/nnet_utils/nnet_dense_latency.h:58]   --->   Operation 212 'add' 'add_ln58_562' <Predicate = true> <Delay = 0.00> <CoreInst = "TAddSub">   --->   Core 10 'TAddSub' <Latency = 0> <II = 1> <Delay = 0.33> <IPBlock> <Opcode : '' 'add' 'sub'> <InPorts = 3> <OutPorts = 1> <Sync> <CReg>
ST_1 : Operation 213 [1/1] (0.75ns)   --->   "%add_ln58_563 = add i15 %zext_ln42_32, i15 %sext_ln73_98" [firmware/nnet_utils/nnet_dense_latency.h:58]   --->   Operation 213 'add' 'add_ln58_563' <Predicate = true> <Delay = 0.75> <CoreInst = "Adder">   --->   Core 1 'Adder' <Latency = 0> <II = 1> <Delay = 0.77> <FuncUnit> <Opcode : 'add' 'sub'> <InPorts = 2> <OutPorts = 1>
ST_1 : Operation 214 [1/1] (0.00ns) (grouped into TernaryAdder)   --->   "%add_ln58_564 = add i15 %add_ln58_563, i15 %zext_ln73_112" [firmware/nnet_utils/nnet_dense_latency.h:58]   --->   Operation 214 'add' 'add_ln58_564' <Predicate = true> <Delay = 0.00> <CoreInst = "TAddSub">   --->   Core 10 'TAddSub' <Latency = 0> <II = 1> <Delay = 0.33> <IPBlock> <Opcode : '' 'add' 'sub'> <InPorts = 3> <OutPorts = 1> <Sync> <CReg>
ST_1 : Operation 215 [1/1] (0.73ns)   --->   "%add_ln58_565 = add i11 %zext_ln73_117, i11 584" [firmware/nnet_utils/nnet_dense_latency.h:58]   --->   Operation 215 'add' 'add_ln58_565' <Predicate = true> <Delay = 0.73> <CoreInst = "Adder">   --->   Core 1 'Adder' <Latency = 0> <II = 1> <Delay = 0.73> <FuncUnit> <Opcode : 'add' 'sub'> <InPorts = 2> <OutPorts = 1>
ST_1 : Operation 216 [1/1] (0.00ns)   --->   "%zext_ln58_37 = zext i11 %add_ln58_565" [firmware/nnet_utils/nnet_dense_latency.h:58]   --->   Operation 216 'zext' 'zext_ln58_37' <Predicate = true> <Delay = 0.00>
ST_1 : Operation 217 [1/1] (0.73ns)   --->   "%add_ln58_566 = add i12 %zext_ln58_37, i12 %zext_ln42_29" [firmware/nnet_utils/nnet_dense_latency.h:58]   --->   Operation 217 'add' 'add_ln58_566' <Predicate = true> <Delay = 0.73> <CoreInst = "Adder">   --->   Core 1 'Adder' <Latency = 0> <II = 1> <Delay = 0.74> <FuncUnit> <Opcode : 'add' 'sub'> <InPorts = 2> <OutPorts = 1>
ST_1 : Operation 218 [1/1] (0.00ns)   --->   "%zext_ln58_38 = zext i12 %add_ln58_566" [firmware/nnet_utils/nnet_dense_latency.h:58]   --->   Operation 218 'zext' 'zext_ln58_38' <Predicate = true> <Delay = 0.00>
ST_1 : Operation 219 [1/1] (0.69ns) (root node of TernaryAdder)   --->   "%add_ln58_567 = add i15 %zext_ln58_38, i15 %add_ln58_564" [firmware/nnet_utils/nnet_dense_latency.h:58]   --->   Operation 219 'add' 'add_ln58_567' <Predicate = true> <Delay = 0.69> <CoreInst = "TAddSub">   --->   Core 10 'TAddSub' <Latency = 0> <II = 1> <Delay = 0.33> <IPBlock> <Opcode : '' 'add' 'sub'> <InPorts = 3> <OutPorts = 1> <Sync> <CReg>
ST_1 : Operation 220 [1/1] (0.00ns)   --->   "%sext_ln58 = sext i15 %add_ln58_567" [firmware/nnet_utils/nnet_dense_latency.h:58]   --->   Operation 220 'sext' 'sext_ln58' <Predicate = true> <Delay = 0.00>
ST_1 : Operation 221 [1/1] (0.67ns) (root node of TernaryAdder)   --->   "%add_ln58_568 = add i16 %sext_ln58, i16 %add_ln58_562" [firmware/nnet_utils/nnet_dense_latency.h:58]   --->   Operation 221 'add' 'add_ln58_568' <Predicate = true> <Delay = 0.67> <CoreInst = "TAddSub">   --->   Core 10 'TAddSub' <Latency = 0> <II = 1> <Delay = 0.33> <IPBlock> <Opcode : '' 'add' 'sub'> <InPorts = 3> <OutPorts = 1> <Sync> <CReg>
ST_1 : Operation 222 [1/1] (0.00ns) (grouped into TernaryAdder)   --->   "%add_ln58_571 = add i15 %sext_ln73_126, i15 %zext_ln73_126" [firmware/nnet_utils/nnet_dense_latency.h:58]   --->   Operation 222 'add' 'add_ln58_571' <Predicate = true> <Delay = 0.00> <CoreInst = "TAddSub">   --->   Core 10 'TAddSub' <Latency = 0> <II = 1> <Delay = 0.33> <IPBlock> <Opcode : '' 'add' 'sub'> <InPorts = 3> <OutPorts = 1> <Sync> <CReg>
ST_1 : Operation 223 [1/1] (0.69ns) (root node of TernaryAdder)   --->   "%add_ln58_572 = add i15 %add_ln58_571, i15 %trunc_ln42_225_cast" [firmware/nnet_utils/nnet_dense_latency.h:58]   --->   Operation 223 'add' 'add_ln58_572' <Predicate = true> <Delay = 0.69> <CoreInst = "TAddSub">   --->   Core 10 'TAddSub' <Latency = 0> <II = 1> <Delay = 0.33> <IPBlock> <Opcode : '' 'add' 'sub'> <InPorts = 3> <OutPorts = 1> <Sync> <CReg>
ST_1 : Operation 224 [1/1] (0.76ns)   --->   "%add_ln58_574 = add i15 %sext_ln73_130, i15 %zext_ln73_127" [firmware/nnet_utils/nnet_dense_latency.h:58]   --->   Operation 224 'add' 'add_ln58_574' <Predicate = true> <Delay = 0.76> <CoreInst = "Adder">   --->   Core 1 'Adder' <Latency = 0> <II = 1> <Delay = 0.77> <FuncUnit> <Opcode : 'add' 'sub'> <InPorts = 2> <OutPorts = 1>
ST_1 : Operation 225 [1/1] (0.00ns)   --->   "%sext_ln58_119 = sext i15 %add_ln58_574" [firmware/nnet_utils/nnet_dense_latency.h:58]   --->   Operation 225 'sext' 'sext_ln58_119' <Predicate = true> <Delay = 0.00>
ST_1 : Operation 226 [1/1] (0.00ns) (grouped into TernaryAdder)   --->   "%add_ln58_575 = add i16 %sext_ln58_119, i16 %sext_ln42_124" [firmware/nnet_utils/nnet_dense_latency.h:58]   --->   Operation 226 'add' 'add_ln58_575' <Predicate = true> <Delay = 0.00> <CoreInst = "TAddSub">   --->   Core 10 'TAddSub' <Latency = 0> <II = 1> <Delay = 0.33> <IPBlock> <Opcode : '' 'add' 'sub'> <InPorts = 3> <OutPorts = 1> <Sync> <CReg>
ST_1 : Operation 227 [1/1] (0.00ns) (grouped into TernaryAdder)   --->   "%add_ln58_576 = add i16 %sext_ln42_128, i16 %zext_ln42_22" [firmware/nnet_utils/nnet_dense_latency.h:58]   --->   Operation 227 'add' 'add_ln58_576' <Predicate = true> <Delay = 0.00> <CoreInst = "TAddSub">   --->   Core 10 'TAddSub' <Latency = 0> <II = 1> <Delay = 0.33> <IPBlock> <Opcode : '' 'add' 'sub'> <InPorts = 3> <OutPorts = 1> <Sync> <CReg>
ST_1 : Operation 228 [1/1] (0.73ns)   --->   "%add_ln58_577 = add i11 %zext_ln73_102, i11 1168" [firmware/nnet_utils/nnet_dense_latency.h:58]   --->   Operation 228 'add' 'add_ln58_577' <Predicate = true> <Delay = 0.73> <CoreInst = "Adder">   --->   Core 1 'Adder' <Latency = 0> <II = 1> <Delay = 0.73> <FuncUnit> <Opcode : 'add' 'sub'> <InPorts = 2> <OutPorts = 1>
ST_1 : Operation 229 [1/1] (0.00ns)   --->   "%sext_ln58_34 = sext i11 %add_ln58_577" [firmware/nnet_utils/nnet_dense_latency.h:58]   --->   Operation 229 'sext' 'sext_ln58_34' <Predicate = true> <Delay = 0.00>
ST_1 : Operation 230 [1/1] (0.67ns) (root node of TernaryAdder)   --->   "%add_ln58_578 = add i16 %sext_ln58_34, i16 %add_ln58_576" [firmware/nnet_utils/nnet_dense_latency.h:58]   --->   Operation 230 'add' 'add_ln58_578' <Predicate = true> <Delay = 0.67> <CoreInst = "TAddSub">   --->   Core 10 'TAddSub' <Latency = 0> <II = 1> <Delay = 0.33> <IPBlock> <Opcode : '' 'add' 'sub'> <InPorts = 3> <OutPorts = 1> <Sync> <CReg>
ST_1 : Operation 231 [1/1] (0.67ns) (root node of TernaryAdder)   --->   "%add_ln58_579 = add i16 %add_ln58_578, i16 %add_ln58_575" [firmware/nnet_utils/nnet_dense_latency.h:58]   --->   Operation 231 'add' 'add_ln58_579' <Predicate = true> <Delay = 0.67> <CoreInst = "TAddSub">   --->   Core 10 'TAddSub' <Latency = 0> <II = 1> <Delay = 0.33> <IPBlock> <Opcode : '' 'add' 'sub'> <InPorts = 3> <OutPorts = 1> <Sync> <CReg>
ST_1 : Operation 232 [1/1] (0.76ns)   --->   "%add_ln58_583 = add i15 %trunc_ln42_228_cast, i15 %sext_ln73_129" [firmware/nnet_utils/nnet_dense_latency.h:58]   --->   Operation 232 'add' 'add_ln58_583' <Predicate = true> <Delay = 0.76> <CoreInst = "Adder">   --->   Core 1 'Adder' <Latency = 0> <II = 1> <Delay = 0.77> <FuncUnit> <Opcode : 'add' 'sub'> <InPorts = 2> <OutPorts = 1>
ST_1 : Operation 233 [1/1] (0.00ns)   --->   "%sext_ln58_120 = sext i15 %add_ln58_583" [firmware/nnet_utils/nnet_dense_latency.h:58]   --->   Operation 233 'sext' 'sext_ln58_120' <Predicate = true> <Delay = 0.00>
ST_1 : Operation 234 [1/1] (0.76ns)   --->   "%add_ln58_584 = add i15 %sext_ln42_123, i15 %sext_ln42_125" [firmware/nnet_utils/nnet_dense_latency.h:58]   --->   Operation 234 'add' 'add_ln58_584' <Predicate = true> <Delay = 0.76> <CoreInst = "Adder">   --->   Core 1 'Adder' <Latency = 0> <II = 1> <Delay = 0.77> <FuncUnit> <Opcode : 'add' 'sub'> <InPorts = 2> <OutPorts = 1>
ST_1 : Operation 235 [1/1] (0.00ns)   --->   "%sext_ln58_121 = sext i15 %add_ln58_584" [firmware/nnet_utils/nnet_dense_latency.h:58]   --->   Operation 235 'sext' 'sext_ln58_121' <Predicate = true> <Delay = 0.00>
ST_1 : Operation 236 [1/1] (0.77ns)   --->   "%add_ln58_585 = add i16 %sext_ln58_121, i16 %sext_ln58_120" [firmware/nnet_utils/nnet_dense_latency.h:58]   --->   Operation 236 'add' 'add_ln58_585' <Predicate = true> <Delay = 0.77> <CoreInst = "Adder">   --->   Core 1 'Adder' <Latency = 0> <II = 1> <Delay = 0.78> <FuncUnit> <Opcode : 'add' 'sub'> <InPorts = 2> <OutPorts = 1>
ST_1 : Operation 237 [1/1] (0.00ns) (grouped into TernaryAdder)   --->   "%add_ln58_587 = add i15 %sext_ln73_133, i15 %sext_ln73_134" [firmware/nnet_utils/nnet_dense_latency.h:58]   --->   Operation 237 'add' 'add_ln58_587' <Predicate = true> <Delay = 0.00> <CoreInst = "TAddSub">   --->   Core 10 'TAddSub' <Latency = 0> <II = 1> <Delay = 0.33> <IPBlock> <Opcode : '' 'add' 'sub'> <InPorts = 3> <OutPorts = 1> <Sync> <CReg>
ST_1 : Operation 238 [1/1] (0.69ns) (root node of TernaryAdder)   --->   "%add_ln58_588 = add i15 %add_ln58_587, i15 %sext_ln73_131" [firmware/nnet_utils/nnet_dense_latency.h:58]   --->   Operation 238 'add' 'add_ln58_588' <Predicate = true> <Delay = 0.69> <CoreInst = "TAddSub">   --->   Core 10 'TAddSub' <Latency = 0> <II = 1> <Delay = 0.33> <IPBlock> <Opcode : '' 'add' 'sub'> <InPorts = 3> <OutPorts = 1> <Sync> <CReg>
ST_1 : Operation 239 [1/1] (0.00ns)   --->   "%sext_ln58_122 = sext i15 %add_ln58_588" [firmware/nnet_utils/nnet_dense_latency.h:58]   --->   Operation 239 'sext' 'sext_ln58_122' <Predicate = true> <Delay = 0.00>
ST_1 : Operation 240 [1/1] (0.73ns)   --->   "%add_ln58_589 = add i12 %zext_ln73_98, i12 %lshr_ln42_294_cast" [firmware/nnet_utils/nnet_dense_latency.h:58]   --->   Operation 240 'add' 'add_ln58_589' <Predicate = true> <Delay = 0.73> <CoreInst = "Adder">   --->   Core 1 'Adder' <Latency = 0> <II = 1> <Delay = 0.74> <FuncUnit> <Opcode : 'add' 'sub'> <InPorts = 2> <OutPorts = 1>
ST_1 : Operation 241 [1/1] (0.00ns)   --->   "%zext_ln58_39 = zext i12 %add_ln58_589" [firmware/nnet_utils/nnet_dense_latency.h:58]   --->   Operation 241 'zext' 'zext_ln58_39' <Predicate = true> <Delay = 0.00>
ST_1 : Operation 242 [1/1] (0.71ns)   --->   "%add_ln58_590 = add i10 %zext_ln42, i10 856" [firmware/nnet_utils/nnet_dense_latency.h:58]   --->   Operation 242 'add' 'add_ln58_590' <Predicate = true> <Delay = 0.71> <CoreInst = "Adder">   --->   Core 1 'Adder' <Latency = 0> <II = 1> <Delay = 0.72> <FuncUnit> <Opcode : 'add' 'sub'> <InPorts = 2> <OutPorts = 1>
ST_1 : Operation 243 [1/1] (0.00ns)   --->   "%sext_ln58_35 = sext i10 %add_ln58_590" [firmware/nnet_utils/nnet_dense_latency.h:58]   --->   Operation 243 'sext' 'sext_ln58_35' <Predicate = true> <Delay = 0.00>
ST_1 : Operation 244 [1/1] (0.74ns)   --->   "%add_ln58_591 = add i14 %sext_ln58_35, i14 %zext_ln58_39" [firmware/nnet_utils/nnet_dense_latency.h:58]   --->   Operation 244 'add' 'add_ln58_591' <Predicate = true> <Delay = 0.74> <CoreInst = "Adder">   --->   Core 1 'Adder' <Latency = 0> <II = 1> <Delay = 0.76> <FuncUnit> <Opcode : 'add' 'sub'> <InPorts = 2> <OutPorts = 1>
ST_1 : Operation 245 [1/1] (0.00ns)   --->   "%sext_ln58_36 = sext i14 %add_ln58_591" [firmware/nnet_utils/nnet_dense_latency.h:58]   --->   Operation 245 'sext' 'sext_ln58_36' <Predicate = true> <Delay = 0.00>
ST_1 : Operation 246 [1/1] (0.77ns)   --->   "%add_ln58_592 = add i16 %sext_ln58_36, i16 %sext_ln58_122" [firmware/nnet_utils/nnet_dense_latency.h:58]   --->   Operation 246 'add' 'add_ln58_592' <Predicate = true> <Delay = 0.77> <CoreInst = "Adder">   --->   Core 1 'Adder' <Latency = 0> <II = 1> <Delay = 0.78> <FuncUnit> <Opcode : 'add' 'sub'> <InPorts = 2> <OutPorts = 1>
ST_1 : Operation 247 [1/1] (0.76ns)   --->   "%add_ln58_594 = add i15 %sext_ln42_120, i15 %sext_ln42_122" [firmware/nnet_utils/nnet_dense_latency.h:58]   --->   Operation 247 'add' 'add_ln58_594' <Predicate = true> <Delay = 0.76> <CoreInst = "Adder">   --->   Core 1 'Adder' <Latency = 0> <II = 1> <Delay = 0.77> <FuncUnit> <Opcode : 'add' 'sub'> <InPorts = 2> <OutPorts = 1>
ST_1 : Operation 248 [1/1] (0.76ns)   --->   "%add_ln58_596 = add i15 %sext_ln42_123, i15 %sext_ln73_132" [firmware/nnet_utils/nnet_dense_latency.h:58]   --->   Operation 248 'add' 'add_ln58_596' <Predicate = true> <Delay = 0.76> <CoreInst = "Adder">   --->   Core 1 'Adder' <Latency = 0> <II = 1> <Delay = 0.77> <FuncUnit> <Opcode : 'add' 'sub'> <InPorts = 2> <OutPorts = 1>
ST_1 : Operation 249 [1/1] (0.00ns)   --->   "%sext_ln58_124 = sext i15 %add_ln58_596" [firmware/nnet_utils/nnet_dense_latency.h:58]   --->   Operation 249 'sext' 'sext_ln58_124' <Predicate = true> <Delay = 0.00>
ST_1 : Operation 250 [1/1] (0.76ns)   --->   "%add_ln58_597 = add i15 %sext_ln73_133, i15 %sext_ln58_113" [firmware/nnet_utils/nnet_dense_latency.h:58]   --->   Operation 250 'add' 'add_ln58_597' <Predicate = true> <Delay = 0.76> <CoreInst = "Adder">   --->   Core 1 'Adder' <Latency = 0> <II = 1> <Delay = 0.77> <FuncUnit> <Opcode : 'add' 'sub'> <InPorts = 2> <OutPorts = 1>
ST_1 : Operation 251 [1/1] (0.00ns)   --->   "%sext_ln58_125 = sext i15 %add_ln58_597" [firmware/nnet_utils/nnet_dense_latency.h:58]   --->   Operation 251 'sext' 'sext_ln58_125' <Predicate = true> <Delay = 0.00>
ST_1 : Operation 252 [1/1] (0.77ns)   --->   "%add_ln58_598 = add i16 %sext_ln58_125, i16 %sext_ln58_124" [firmware/nnet_utils/nnet_dense_latency.h:58]   --->   Operation 252 'add' 'add_ln58_598' <Predicate = true> <Delay = 0.77> <CoreInst = "Adder">   --->   Core 1 'Adder' <Latency = 0> <II = 1> <Delay = 0.78> <FuncUnit> <Opcode : 'add' 'sub'> <InPorts = 2> <OutPorts = 1>
ST_1 : Operation 253 [1/1] (0.00ns) (grouped into TernaryAdder)   --->   "%add_ln58_600 = add i14 %zext_ln73_97, i14 %zext_ln73_114" [firmware/nnet_utils/nnet_dense_latency.h:58]   --->   Operation 253 'add' 'add_ln58_600' <Predicate = true> <Delay = 0.00> <CoreInst = "TAddSub">   --->   Core 10 'TAddSub' <Latency = 0> <II = 1> <Delay = 0.33> <IPBlock> <Opcode : '' 'add' 'sub'> <InPorts = 3> <OutPorts = 1> <Sync> <CReg>
ST_1 : Operation 254 [1/1] (0.71ns) (root node of TernaryAdder)   --->   "%add_ln58_601 = add i14 %add_ln58_600, i14 %lshr_ln42_275_cast" [firmware/nnet_utils/nnet_dense_latency.h:58]   --->   Operation 254 'add' 'add_ln58_601' <Predicate = true> <Delay = 0.71> <CoreInst = "TAddSub">   --->   Core 10 'TAddSub' <Latency = 0> <II = 1> <Delay = 0.33> <IPBlock> <Opcode : '' 'add' 'sub'> <InPorts = 3> <OutPorts = 1> <Sync> <CReg>
ST_1 : Operation 255 [1/1] (0.00ns)   --->   "%zext_ln58_40 = zext i14 %add_ln58_601" [firmware/nnet_utils/nnet_dense_latency.h:58]   --->   Operation 255 'zext' 'zext_ln58_40' <Predicate = true> <Delay = 0.00>
ST_1 : Operation 256 [1/1] (0.73ns)   --->   "%add_ln58_602 = add i12 %lshr_ln42_294_cast, i12 %lshr_ln42_301_cast" [firmware/nnet_utils/nnet_dense_latency.h:58]   --->   Operation 256 'add' 'add_ln58_602' <Predicate = true> <Delay = 0.73> <CoreInst = "Adder">   --->   Core 1 'Adder' <Latency = 0> <II = 1> <Delay = 0.74> <FuncUnit> <Opcode : 'add' 'sub'> <InPorts = 2> <OutPorts = 1>
ST_1 : Operation 257 [1/1] (0.00ns)   --->   "%zext_ln58_41 = zext i12 %add_ln58_602" [firmware/nnet_utils/nnet_dense_latency.h:58]   --->   Operation 257 'zext' 'zext_ln58_41' <Predicate = true> <Delay = 0.00>
ST_1 : Operation 258 [1/1] (0.72ns)   --->   "%add_ln58_603 = add i10 %lshr_ln42_280_cast, i10 752" [firmware/nnet_utils/nnet_dense_latency.h:58]   --->   Operation 258 'add' 'add_ln58_603' <Predicate = true> <Delay = 0.72> <CoreInst = "Adder">   --->   Core 1 'Adder' <Latency = 0> <II = 1> <Delay = 0.72> <FuncUnit> <Opcode : 'add' 'sub'> <InPorts = 2> <OutPorts = 1>
ST_1 : Operation 259 [1/1] (0.00ns)   --->   "%sext_ln58_37 = sext i10 %add_ln58_603" [firmware/nnet_utils/nnet_dense_latency.h:58]   --->   Operation 259 'sext' 'sext_ln58_37' <Predicate = true> <Delay = 0.00>
ST_1 : Operation 260 [1/1] (0.74ns)   --->   "%add_ln58_604 = add i14 %sext_ln58_37, i14 %zext_ln58_41" [firmware/nnet_utils/nnet_dense_latency.h:58]   --->   Operation 260 'add' 'add_ln58_604' <Predicate = true> <Delay = 0.74> <CoreInst = "Adder">   --->   Core 1 'Adder' <Latency = 0> <II = 1> <Delay = 0.76> <FuncUnit> <Opcode : 'add' 'sub'> <InPorts = 2> <OutPorts = 1>
ST_1 : Operation 261 [1/1] (0.00ns)   --->   "%sext_ln58_38 = sext i14 %add_ln58_604" [firmware/nnet_utils/nnet_dense_latency.h:58]   --->   Operation 261 'sext' 'sext_ln58_38' <Predicate = true> <Delay = 0.00>
ST_1 : Operation 262 [1/1] (0.76ns)   --->   "%add_ln58_605 = add i15 %sext_ln58_38, i15 %zext_ln58_40" [firmware/nnet_utils/nnet_dense_latency.h:58]   --->   Operation 262 'add' 'add_ln58_605' <Predicate = true> <Delay = 0.76> <CoreInst = "Adder">   --->   Core 1 'Adder' <Latency = 0> <II = 1> <Delay = 0.77> <FuncUnit> <Opcode : 'add' 'sub'> <InPorts = 2> <OutPorts = 1>

State 2 <SV = 1> <Delay = 3.27>
ST_2 : Operation 263 [1/1] (0.00ns)   --->   "%specpipeline_ln33 = specpipeline void @_ssdm_op_SpecPipeline, i32 1, i32 0, i32 0, i32 0, void @empty_0" [firmware/nnet_utils/nnet_dense_latency.h:33]   --->   Operation 263 'specpipeline' 'specpipeline_ln33' <Predicate = true> <Delay = 0.00>
ST_2 : Operation 264 [1/1] (0.00ns)   --->   "%specresourcelimit_ln33 = specresourcelimit void @_ssdm_op_SpecResourceLimit, i64 80, void @empty_1, void @empty_0, void @empty_0, void @empty_0" [firmware/nnet_utils/nnet_dense_latency.h:33]   --->   Operation 264 'specresourcelimit' 'specresourcelimit_ln33' <Predicate = true> <Delay = 0.00>
ST_2 : Operation 265 [1/1] (0.00ns)   --->   "%shl_ln = bitconcatenate i21 @_ssdm_op_BitConcatenate.i21.i13.i8, i13 %data_2_val_read, i8 0" [firmware/nnet_utils/nnet_mult.h:73->firmware/nnet_utils/nnet_dense_latency.h:42]   --->   Operation 265 'bitconcatenate' 'shl_ln' <Predicate = true> <Delay = 0.00>
ST_2 : Operation 266 [1/1] (0.00ns)   --->   "%zext_ln73 = zext i21 %shl_ln" [firmware/nnet_utils/nnet_mult.h:73->firmware/nnet_utils/nnet_dense_latency.h:42]   --->   Operation 266 'zext' 'zext_ln73' <Predicate = true> <Delay = 0.00>
ST_2 : Operation 267 [1/1] (0.81ns)   --->   "%sub_ln73 = sub i22 0, i22 %zext_ln73" [firmware/nnet_utils/nnet_mult.h:73->firmware/nnet_utils/nnet_dense_latency.h:42]   --->   Operation 267 'sub' 'sub_ln73' <Predicate = true> <Delay = 0.81> <CoreInst = "Adder">   --->   Core 1 'Adder' <Latency = 0> <II = 1> <Delay = 0.82> <FuncUnit> <Opcode : 'add' 'sub'> <InPorts = 2> <OutPorts = 1>
ST_2 : Operation 268 [1/1] (0.00ns)   --->   "%trunc_ln42_s = partselect i12 @_ssdm_op_PartSelect.i12.i22.i32.i32, i22 %sub_ln73, i32 10, i32 21" [firmware/nnet_utils/nnet_dense_latency.h:42]   --->   Operation 268 'partselect' 'trunc_ln42_s' <Predicate = true> <Delay = 0.00>
ST_2 : Operation 269 [1/1] (0.00ns)   --->   "%sext_ln42 = sext i12 %trunc_ln42_s" [firmware/nnet_utils/nnet_dense_latency.h:42]   --->   Operation 269 'sext' 'sext_ln42' <Predicate = true> <Delay = 0.00>
ST_2 : Operation 270 [1/1] (0.00ns)   --->   "%shl_ln73_s = bitconcatenate i22 @_ssdm_op_BitConcatenate.i22.i13.i9, i13 %data_2_val_read, i9 0" [firmware/nnet_utils/nnet_mult.h:73->firmware/nnet_utils/nnet_dense_latency.h:42]   --->   Operation 270 'bitconcatenate' 'shl_ln73_s' <Predicate = true> <Delay = 0.00>
ST_2 : Operation 271 [1/1] (0.00ns)   --->   "%zext_ln73_79 = zext i22 %shl_ln73_s" [firmware/nnet_utils/nnet_mult.h:73->firmware/nnet_utils/nnet_dense_latency.h:42]   --->   Operation 271 'zext' 'zext_ln73_79' <Predicate = true> <Delay = 0.00>
ST_2 : Operation 272 [1/1] (0.82ns)   --->   "%sub_ln73_181 = sub i23 0, i23 %zext_ln73_79" [firmware/nnet_utils/nnet_mult.h:73->firmware/nnet_utils/nnet_dense_latency.h:42]   --->   Operation 272 'sub' 'sub_ln73_181' <Predicate = true> <Delay = 0.82> <CoreInst = "Adder">   --->   Core 1 'Adder' <Latency = 0> <II = 1> <Delay = 0.82> <FuncUnit> <Opcode : 'add' 'sub'> <InPorts = 2> <OutPorts = 1>
ST_2 : Operation 273 [1/1] (0.00ns)   --->   "%trunc_ln42_114 = partselect i13 @_ssdm_op_PartSelect.i13.i23.i32.i32, i23 %sub_ln73_181, i32 10, i32 22" [firmware/nnet_utils/nnet_dense_latency.h:42]   --->   Operation 273 'partselect' 'trunc_ln42_114' <Predicate = true> <Delay = 0.00>
ST_2 : Operation 274 [1/1] (0.00ns)   --->   "%sext_ln73_122 = sext i13 %trunc_ln42_114" [firmware/nnet_utils/nnet_mult.h:73->firmware/nnet_utils/nnet_dense_latency.h:42]   --->   Operation 274 'sext' 'sext_ln73_122' <Predicate = true> <Delay = 0.00>
ST_2 : Operation 275 [1/1] (0.00ns)   --->   "%shl_ln73_161 = bitconcatenate i18 @_ssdm_op_BitConcatenate.i18.i13.i5, i13 %data_2_val_read, i5 0" [firmware/nnet_utils/nnet_mult.h:73->firmware/nnet_utils/nnet_dense_latency.h:42]   --->   Operation 275 'bitconcatenate' 'shl_ln73_161' <Predicate = true> <Delay = 0.00>
ST_2 : Operation 276 [1/1] (0.00ns)   --->   "%zext_ln73_80 = zext i18 %shl_ln73_161" [firmware/nnet_utils/nnet_mult.h:73->firmware/nnet_utils/nnet_dense_latency.h:42]   --->   Operation 276 'zext' 'zext_ln73_80' <Predicate = true> <Delay = 0.00>
ST_2 : Operation 277 [1/1] (0.79ns)   --->   "%sub_ln73_182 = sub i19 0, i19 %zext_ln73_80" [firmware/nnet_utils/nnet_mult.h:73->firmware/nnet_utils/nnet_dense_latency.h:42]   --->   Operation 277 'sub' 'sub_ln73_182' <Predicate = true> <Delay = 0.79> <CoreInst = "Adder">   --->   Core 1 'Adder' <Latency = 0> <II = 1> <Delay = 0.80> <FuncUnit> <Opcode : 'add' 'sub'> <InPorts = 2> <OutPorts = 1>
ST_2 : Operation 278 [1/1] (0.00ns)   --->   "%trunc_ln42_115 = partselect i9 @_ssdm_op_PartSelect.i9.i19.i32.i32, i19 %sub_ln73_182, i32 10, i32 18" [firmware/nnet_utils/nnet_dense_latency.h:42]   --->   Operation 278 'partselect' 'trunc_ln42_115' <Predicate = true> <Delay = 0.00>
ST_2 : Operation 279 [1/1] (0.00ns)   --->   "%sext_ln42_115 = sext i9 %trunc_ln42_115" [firmware/nnet_utils/nnet_dense_latency.h:42]   --->   Operation 279 'sext' 'sext_ln42_115' <Predicate = true> <Delay = 0.00>
ST_2 : Operation 280 [1/1] (0.00ns)   --->   "%shl_ln73_162 = bitconcatenate i23 @_ssdm_op_BitConcatenate.i23.i15.i8, i15 %data_3_val_read, i8 0" [firmware/nnet_utils/nnet_mult.h:73->firmware/nnet_utils/nnet_dense_latency.h:42]   --->   Operation 280 'bitconcatenate' 'shl_ln73_162' <Predicate = true> <Delay = 0.00>
ST_2 : Operation 281 [1/1] (0.00ns)   --->   "%zext_ln73_81 = zext i23 %shl_ln73_162" [firmware/nnet_utils/nnet_mult.h:73->firmware/nnet_utils/nnet_dense_latency.h:42]   --->   Operation 281 'zext' 'zext_ln73_81' <Predicate = true> <Delay = 0.00>
ST_2 : Operation 282 [1/1] (0.00ns)   --->   "%shl_ln73_163 = bitconcatenate i21 @_ssdm_op_BitConcatenate.i21.i15.i6, i15 %data_3_val_read, i6 0" [firmware/nnet_utils/nnet_mult.h:73->firmware/nnet_utils/nnet_dense_latency.h:42]   --->   Operation 282 'bitconcatenate' 'shl_ln73_163' <Predicate = true> <Delay = 0.00>
ST_2 : Operation 283 [1/1] (0.00ns)   --->   "%zext_ln73_82 = zext i21 %shl_ln73_163" [firmware/nnet_utils/nnet_mult.h:73->firmware/nnet_utils/nnet_dense_latency.h:42]   --->   Operation 283 'zext' 'zext_ln73_82' <Predicate = true> <Delay = 0.00>
ST_2 : Operation 284 [1/1] (0.00ns)   --->   "%zext_ln73_83 = zext i21 %shl_ln73_163" [firmware/nnet_utils/nnet_mult.h:73->firmware/nnet_utils/nnet_dense_latency.h:42]   --->   Operation 284 'zext' 'zext_ln73_83' <Predicate = true> <Delay = 0.00>
ST_2 : Operation 285 [1/1] (0.82ns)   --->   "%sub_ln73_183 = sub i24 %zext_ln73_81, i24 %zext_ln73_83" [firmware/nnet_utils/nnet_mult.h:73->firmware/nnet_utils/nnet_dense_latency.h:42]   --->   Operation 285 'sub' 'sub_ln73_183' <Predicate = true> <Delay = 0.82> <CoreInst = "Adder">   --->   Core 1 'Adder' <Latency = 0> <II = 1> <Delay = 0.83> <FuncUnit> <Opcode : 'add' 'sub'> <InPorts = 2> <OutPorts = 1>
ST_2 : Operation 286 [1/1] (0.00ns)   --->   "%trunc_ln42_116 = partselect i14 @_ssdm_op_PartSelect.i14.i24.i32.i32, i24 %sub_ln73_183, i32 10, i32 23" [firmware/nnet_utils/nnet_dense_latency.h:42]   --->   Operation 286 'partselect' 'trunc_ln42_116' <Predicate = true> <Delay = 0.00>
ST_2 : Operation 287 [1/1] (0.00ns)   --->   "%sext_ln42_116 = sext i14 %trunc_ln42_116" [firmware/nnet_utils/nnet_dense_latency.h:42]   --->   Operation 287 'sext' 'sext_ln42_116' <Predicate = true> <Delay = 0.00>
ST_2 : Operation 288 [1/1] (0.00ns)   --->   "%shl_ln73_164 = bitconcatenate i22 @_ssdm_op_BitConcatenate.i22.i15.i7, i15 %data_3_val_read, i7 0" [firmware/nnet_utils/nnet_mult.h:73->firmware/nnet_utils/nnet_dense_latency.h:42]   --->   Operation 288 'bitconcatenate' 'shl_ln73_164' <Predicate = true> <Delay = 0.00>
ST_2 : Operation 289 [1/1] (0.00ns)   --->   "%zext_ln73_85 = zext i22 %shl_ln73_164" [firmware/nnet_utils/nnet_mult.h:73->firmware/nnet_utils/nnet_dense_latency.h:42]   --->   Operation 289 'zext' 'zext_ln73_85' <Predicate = true> <Delay = 0.00>
ST_2 : Operation 290 [1/1] (0.00ns)   --->   "%zext_ln73_86 = zext i22 %shl_ln73_164" [firmware/nnet_utils/nnet_mult.h:73->firmware/nnet_utils/nnet_dense_latency.h:42]   --->   Operation 290 'zext' 'zext_ln73_86' <Predicate = true> <Delay = 0.00>
ST_2 : Operation 291 [1/1] (0.82ns)   --->   "%sub_ln73_184 = sub i23 0, i23 %zext_ln73_86" [firmware/nnet_utils/nnet_mult.h:73->firmware/nnet_utils/nnet_dense_latency.h:42]   --->   Operation 291 'sub' 'sub_ln73_184' <Predicate = true> <Delay = 0.82> <CoreInst = "Adder">   --->   Core 1 'Adder' <Latency = 0> <II = 1> <Delay = 0.82> <FuncUnit> <Opcode : 'add' 'sub'> <InPorts = 2> <OutPorts = 1>
ST_2 : Operation 292 [1/1] (0.00ns)   --->   "%trunc_ln42_117 = partselect i13 @_ssdm_op_PartSelect.i13.i23.i32.i32, i23 %sub_ln73_184, i32 10, i32 22" [firmware/nnet_utils/nnet_dense_latency.h:42]   --->   Operation 292 'partselect' 'trunc_ln42_117' <Predicate = true> <Delay = 0.00>
ST_2 : Operation 293 [1/1] (0.00ns)   --->   "%sext_ln73_123 = sext i13 %trunc_ln42_117" [firmware/nnet_utils/nnet_mult.h:73->firmware/nnet_utils/nnet_dense_latency.h:42]   --->   Operation 293 'sext' 'sext_ln73_123' <Predicate = true> <Delay = 0.00>
ST_2 : Operation 294 [1/1] (0.00ns)   --->   "%shl_ln73_165 = bitconcatenate i24 @_ssdm_op_BitConcatenate.i24.i15.i9, i15 %data_3_val_read, i9 0" [firmware/nnet_utils/nnet_mult.h:73->firmware/nnet_utils/nnet_dense_latency.h:42]   --->   Operation 294 'bitconcatenate' 'shl_ln73_165' <Predicate = true> <Delay = 0.00>
ST_2 : Operation 295 [1/1] (0.00ns)   --->   "%zext_ln73_87 = zext i24 %shl_ln73_165" [firmware/nnet_utils/nnet_mult.h:73->firmware/nnet_utils/nnet_dense_latency.h:42]   --->   Operation 295 'zext' 'zext_ln73_87' <Predicate = true> <Delay = 0.00>
ST_2 : Operation 296 [1/1] (0.83ns)   --->   "%sub_ln73_185 = sub i25 %zext_ln73_85, i25 %zext_ln73_87" [firmware/nnet_utils/nnet_mult.h:73->firmware/nnet_utils/nnet_dense_latency.h:42]   --->   Operation 296 'sub' 'sub_ln73_185' <Predicate = true> <Delay = 0.83> <CoreInst = "Adder">   --->   Core 1 'Adder' <Latency = 0> <II = 1> <Delay = 0.83> <FuncUnit> <Opcode : 'add' 'sub'> <InPorts = 2> <OutPorts = 1>
ST_2 : Operation 297 [1/1] (0.00ns)   --->   "%trunc_ln42_118 = partselect i15 @_ssdm_op_PartSelect.i15.i25.i32.i32, i25 %sub_ln73_185, i32 10, i32 24" [firmware/nnet_utils/nnet_dense_latency.h:42]   --->   Operation 297 'partselect' 'trunc_ln42_118' <Predicate = true> <Delay = 0.00>
ST_2 : Operation 298 [1/1] (0.00ns)   --->   "%sext_ln42_117 = sext i15 %trunc_ln42_118" [firmware/nnet_utils/nnet_dense_latency.h:42]   --->   Operation 298 'sext' 'sext_ln42_117' <Predicate = true> <Delay = 0.00>
ST_2 : Operation 299 [1/1] (0.83ns)   --->   "%add_ln73 = add i25 %zext_ln73_87, i25 %zext_ln73_82" [firmware/nnet_utils/nnet_mult.h:73->firmware/nnet_utils/nnet_dense_latency.h:42]   --->   Operation 299 'add' 'add_ln73' <Predicate = true> <Delay = 0.83> <CoreInst = "Adder">   --->   Core 1 'Adder' <Latency = 0> <II = 1> <Delay = 0.83> <FuncUnit> <Opcode : 'add' 'sub'> <InPorts = 2> <OutPorts = 1>
ST_2 : Operation 300 [1/1] (0.00ns)   --->   "%tmp_73 = partselect i15 @_ssdm_op_PartSelect.i15.i25.i32.i32, i25 %add_ln73, i32 10, i32 24" [firmware/nnet_utils/nnet_dense_latency.h:42]   --->   Operation 300 'partselect' 'tmp_73' <Predicate = true> <Delay = 0.00>
ST_2 : Operation 301 [1/1] (0.00ns)   --->   "%zext_ln42_25 = zext i15 %tmp_73" [firmware/nnet_utils/nnet_dense_latency.h:42]   --->   Operation 301 'zext' 'zext_ln42_25' <Predicate = true> <Delay = 0.00>
ST_2 : Operation 302 [1/1] (0.00ns)   --->   "%zext_ln73_88 = zext i15 %data_4_val_read" [firmware/nnet_utils/nnet_mult.h:73->firmware/nnet_utils/nnet_dense_latency.h:42]   --->   Operation 302 'zext' 'zext_ln73_88' <Predicate = true> <Delay = 0.00>
ST_2 : Operation 303 [1/1] (0.00ns)   --->   "%zext_ln73_90 = zext i15 %data_4_val_read" [firmware/nnet_utils/nnet_mult.h:73->firmware/nnet_utils/nnet_dense_latency.h:42]   --->   Operation 303 'zext' 'zext_ln73_90' <Predicate = true> <Delay = 0.00>
ST_2 : Operation 304 [1/1] (1.92ns)   --->   "%mul_ln73 = mul i25 %zext_ln73_90, i25 33554016" [firmware/nnet_utils/nnet_mult.h:73->firmware/nnet_utils/nnet_dense_latency.h:42]   --->   Operation 304 'mul' 'mul_ln73' <Predicate = true> <Delay = 1.92> <CoreInst = "Multiplier">   --->   Core 3 'Multiplier' <Latency = 0> <II = 1> <Delay = 1.92> <FuncUnit> <Opcode : 'mul'> <InPorts = 2> <OutPorts = 1>
ST_2 : Operation 305 [1/1] (0.00ns)   --->   "%trunc_ln42_119 = partselect i15 @_ssdm_op_PartSelect.i15.i25.i32.i32, i25 %mul_ln73, i32 10, i32 24" [firmware/nnet_utils/nnet_dense_latency.h:42]   --->   Operation 305 'partselect' 'trunc_ln42_119' <Predicate = true> <Delay = 0.00>
ST_2 : Operation 306 [1/1] (0.00ns)   --->   "%sext_ln42_118 = sext i15 %trunc_ln42_119" [firmware/nnet_utils/nnet_dense_latency.h:42]   --->   Operation 306 'sext' 'sext_ln42_118' <Predicate = true> <Delay = 0.00>
ST_2 : Operation 307 [1/1] (0.00ns)   --->   "%shl_ln73_168 = bitconcatenate i22 @_ssdm_op_BitConcatenate.i22.i15.i7, i15 %data_4_val_read, i7 0" [firmware/nnet_utils/nnet_mult.h:73->firmware/nnet_utils/nnet_dense_latency.h:42]   --->   Operation 307 'bitconcatenate' 'shl_ln73_168' <Predicate = true> <Delay = 0.00>
ST_2 : Operation 308 [1/1] (0.00ns)   --->   "%zext_ln73_93 = zext i22 %shl_ln73_168" [firmware/nnet_utils/nnet_mult.h:73->firmware/nnet_utils/nnet_dense_latency.h:42]   --->   Operation 308 'zext' 'zext_ln73_93' <Predicate = true> <Delay = 0.00>
ST_2 : Operation 309 [1/1] (0.00ns)   --->   "%shl_ln73_169 = bitconcatenate i20 @_ssdm_op_BitConcatenate.i20.i15.i5, i15 %data_4_val_read, i5 0" [firmware/nnet_utils/nnet_mult.h:73->firmware/nnet_utils/nnet_dense_latency.h:42]   --->   Operation 309 'bitconcatenate' 'shl_ln73_169' <Predicate = true> <Delay = 0.00>
ST_2 : Operation 310 [1/1] (0.00ns)   --->   "%zext_ln73_94 = zext i20 %shl_ln73_169" [firmware/nnet_utils/nnet_mult.h:73->firmware/nnet_utils/nnet_dense_latency.h:42]   --->   Operation 310 'zext' 'zext_ln73_94' <Predicate = true> <Delay = 0.00>
ST_2 : Operation 311 [1/1] (0.82ns)   --->   "%sub_ln73_187 = sub i23 %zext_ln73_94, i23 %zext_ln73_93" [firmware/nnet_utils/nnet_mult.h:73->firmware/nnet_utils/nnet_dense_latency.h:42]   --->   Operation 311 'sub' 'sub_ln73_187' <Predicate = true> <Delay = 0.82> <CoreInst = "Adder">   --->   Core 1 'Adder' <Latency = 0> <II = 1> <Delay = 0.82> <FuncUnit> <Opcode : 'add' 'sub'> <InPorts = 2> <OutPorts = 1>
ST_2 : Operation 312 [1/1] (0.00ns)   --->   "%trunc_ln42_121 = partselect i13 @_ssdm_op_PartSelect.i13.i23.i32.i32, i23 %sub_ln73_187, i32 10, i32 22" [firmware/nnet_utils/nnet_dense_latency.h:42]   --->   Operation 312 'partselect' 'trunc_ln42_121' <Predicate = true> <Delay = 0.00>
ST_2 : Operation 313 [1/1] (0.00ns)   --->   "%sext_ln73_124 = sext i13 %trunc_ln42_121" [firmware/nnet_utils/nnet_mult.h:73->firmware/nnet_utils/nnet_dense_latency.h:42]   --->   Operation 313 'sext' 'sext_ln73_124' <Predicate = true> <Delay = 0.00>
ST_2 : Operation 314 [1/1] (1.92ns)   --->   "%mul_ln73_2 = mul i23 %zext_ln73_88, i23 176" [firmware/nnet_utils/nnet_mult.h:73->firmware/nnet_utils/nnet_dense_latency.h:42]   --->   Operation 314 'mul' 'mul_ln73_2' <Predicate = true> <Delay = 1.92> <CoreInst = "Multiplier">   --->   Core 3 'Multiplier' <Latency = 0> <II = 1> <Delay = 1.92> <FuncUnit> <Opcode : 'mul'> <InPorts = 2> <OutPorts = 1>
ST_2 : Operation 315 [1/1] (0.00ns)   --->   "%tmp_74 = partselect i13 @_ssdm_op_PartSelect.i13.i23.i32.i32, i23 %mul_ln73_2, i32 10, i32 22" [firmware/nnet_utils/nnet_dense_latency.h:42]   --->   Operation 315 'partselect' 'tmp_74' <Predicate = true> <Delay = 0.00>
ST_2 : Operation 316 [1/1] (0.00ns)   --->   "%zext_ln42_26 = zext i13 %tmp_74" [firmware/nnet_utils/nnet_dense_latency.h:42]   --->   Operation 316 'zext' 'zext_ln42_26' <Predicate = true> <Delay = 0.00>
ST_2 : Operation 317 [1/1] (0.00ns) (grouped into TernaryAdder)   --->   "%add_ln58 = add i16 %sext_ln42_116, i16 %sext_ln42_118" [firmware/nnet_utils/nnet_dense_latency.h:58]   --->   Operation 317 'add' 'add_ln58' <Predicate = true> <Delay = 0.00> <CoreInst = "TAddSub">   --->   Core 10 'TAddSub' <Latency = 0> <II = 1> <Delay = 0.33> <IPBlock> <Opcode : '' 'add' 'sub'> <InPorts = 3> <OutPorts = 1> <Sync> <CReg>
ST_2 : Operation 318 [1/1] (0.67ns) (root node of TernaryAdder)   --->   "%add_ln58_547 = add i16 %add_ln58, i16 %sext_ln42" [firmware/nnet_utils/nnet_dense_latency.h:58]   --->   Operation 318 'add' 'add_ln58_547' <Predicate = true> <Delay = 0.67> <CoreInst = "TAddSub">   --->   Core 10 'TAddSub' <Latency = 0> <II = 1> <Delay = 0.33> <IPBlock> <Opcode : '' 'add' 'sub'> <InPorts = 3> <OutPorts = 1> <Sync> <CReg>
ST_2 : Operation 319 [1/1] (0.00ns) (grouped into TernaryAdder)   --->   "%add_ln58_550 = add i16 %add_ln58_549, i16 %add_ln58_547" [firmware/nnet_utils/nnet_dense_latency.h:58]   --->   Operation 319 'add' 'add_ln58_550' <Predicate = true> <Delay = 0.00> <CoreInst = "TAddSub">   --->   Core 10 'TAddSub' <Latency = 0> <II = 1> <Delay = 0.33> <IPBlock> <Opcode : '' 'add' 'sub'> <InPorts = 3> <OutPorts = 1> <Sync> <CReg>
ST_2 : Operation 320 [1/1] (0.67ns) (root node of TernaryAdder)   --->   "%add_ln58_557 = add i16 %add_ln58_556, i16 %add_ln58_550" [firmware/nnet_utils/nnet_dense_latency.h:58]   --->   Operation 320 'add' 'add_ln58_557' <Predicate = true> <Delay = 0.67> <CoreInst = "TAddSub">   --->   Core 10 'TAddSub' <Latency = 0> <II = 1> <Delay = 0.33> <IPBlock> <Opcode : '' 'add' 'sub'> <InPorts = 3> <OutPorts = 1> <Sync> <CReg>
ST_2 : Operation 321 [1/1] (0.75ns)   --->   "%add_ln58_569 = add i14 %sext_ln73_123, i14 %sext_ln73_124" [firmware/nnet_utils/nnet_dense_latency.h:58]   --->   Operation 321 'add' 'add_ln58_569' <Predicate = true> <Delay = 0.75> <CoreInst = "Adder">   --->   Core 1 'Adder' <Latency = 0> <II = 1> <Delay = 0.76> <FuncUnit> <Opcode : 'add' 'sub'> <InPorts = 2> <OutPorts = 1>
ST_2 : Operation 322 [1/1] (0.00ns)   --->   "%sext_ln58_116 = sext i14 %add_ln58_569" [firmware/nnet_utils/nnet_dense_latency.h:58]   --->   Operation 322 'sext' 'sext_ln58_116' <Predicate = true> <Delay = 0.00>
ST_2 : Operation 323 [1/1] (0.76ns)   --->   "%add_ln58_570 = add i15 %sext_ln58_116, i15 %sext_ln73_122" [firmware/nnet_utils/nnet_dense_latency.h:58]   --->   Operation 323 'add' 'add_ln58_570' <Predicate = true> <Delay = 0.76> <CoreInst = "Adder">   --->   Core 1 'Adder' <Latency = 0> <II = 1> <Delay = 0.77> <FuncUnit> <Opcode : 'add' 'sub'> <InPorts = 2> <OutPorts = 1>
ST_2 : Operation 324 [1/1] (0.00ns)   --->   "%sext_ln58_117 = sext i15 %add_ln58_570" [firmware/nnet_utils/nnet_dense_latency.h:58]   --->   Operation 324 'sext' 'sext_ln58_117' <Predicate = true> <Delay = 0.00>
ST_2 : Operation 325 [1/1] (0.00ns)   --->   "%sext_ln58_118 = sext i15 %add_ln58_572" [firmware/nnet_utils/nnet_dense_latency.h:58]   --->   Operation 325 'sext' 'sext_ln58_118' <Predicate = true> <Delay = 0.00>
ST_2 : Operation 326 [1/1] (0.00ns) (grouped into TernaryAdder)   --->   "%add_ln58_573 = add i16 %sext_ln58_118, i16 %sext_ln58_117" [firmware/nnet_utils/nnet_dense_latency.h:58]   --->   Operation 326 'add' 'add_ln58_573' <Predicate = true> <Delay = 0.00> <CoreInst = "TAddSub">   --->   Core 10 'TAddSub' <Latency = 0> <II = 1> <Delay = 0.33> <IPBlock> <Opcode : '' 'add' 'sub'> <InPorts = 3> <OutPorts = 1> <Sync> <CReg>
ST_2 : Operation 327 [1/1] (0.67ns) (root node of TernaryAdder)   --->   "%add_ln58_580 = add i16 %add_ln58_579, i16 %add_ln58_573" [firmware/nnet_utils/nnet_dense_latency.h:58]   --->   Operation 327 'add' 'add_ln58_580' <Predicate = true> <Delay = 0.67> <CoreInst = "TAddSub">   --->   Core 10 'TAddSub' <Latency = 0> <II = 1> <Delay = 0.33> <IPBlock> <Opcode : '' 'add' 'sub'> <InPorts = 3> <OutPorts = 1> <Sync> <CReg>
ST_2 : Operation 328 [1/1] (0.00ns) (grouped into TernaryAdder)   --->   "%add_ln58_581 = add i16 %sext_ln42_117, i16 %zext_ln42_26" [firmware/nnet_utils/nnet_dense_latency.h:58]   --->   Operation 328 'add' 'add_ln58_581' <Predicate = true> <Delay = 0.00> <CoreInst = "TAddSub">   --->   Core 10 'TAddSub' <Latency = 0> <II = 1> <Delay = 0.33> <IPBlock> <Opcode : '' 'add' 'sub'> <InPorts = 3> <OutPorts = 1> <Sync> <CReg>
ST_2 : Operation 329 [1/1] (0.67ns) (root node of TernaryAdder)   --->   "%add_ln58_582 = add i16 %add_ln58_581, i16 %sext_ln42_115" [firmware/nnet_utils/nnet_dense_latency.h:58]   --->   Operation 329 'add' 'add_ln58_582' <Predicate = true> <Delay = 0.67> <CoreInst = "TAddSub">   --->   Core 10 'TAddSub' <Latency = 0> <II = 1> <Delay = 0.33> <IPBlock> <Opcode : '' 'add' 'sub'> <InPorts = 3> <OutPorts = 1> <Sync> <CReg>
ST_2 : Operation 330 [1/1] (0.00ns) (grouped into TernaryAdder)   --->   "%add_ln58_586 = add i16 %add_ln58_585, i16 %add_ln58_582" [firmware/nnet_utils/nnet_dense_latency.h:58]   --->   Operation 330 'add' 'add_ln58_586' <Predicate = true> <Delay = 0.00> <CoreInst = "TAddSub">   --->   Core 10 'TAddSub' <Latency = 0> <II = 1> <Delay = 0.33> <IPBlock> <Opcode : '' 'add' 'sub'> <InPorts = 3> <OutPorts = 1> <Sync> <CReg>
ST_2 : Operation 331 [1/1] (0.67ns) (root node of TernaryAdder)   --->   "%add_ln58_593 = add i16 %add_ln58_592, i16 %add_ln58_586" [firmware/nnet_utils/nnet_dense_latency.h:58]   --->   Operation 331 'add' 'add_ln58_593' <Predicate = true> <Delay = 0.67> <CoreInst = "TAddSub">   --->   Core 10 'TAddSub' <Latency = 0> <II = 1> <Delay = 0.33> <IPBlock> <Opcode : '' 'add' 'sub'> <InPorts = 3> <OutPorts = 1> <Sync> <CReg>
ST_2 : Operation 332 [1/1] (0.00ns)   --->   "%sext_ln58_123 = sext i15 %add_ln58_594" [firmware/nnet_utils/nnet_dense_latency.h:58]   --->   Operation 332 'sext' 'sext_ln58_123' <Predicate = true> <Delay = 0.00>
ST_2 : Operation 333 [1/1] (0.77ns)   --->   "%add_ln58_595 = add i16 %sext_ln58_123, i16 %zext_ln42_25" [firmware/nnet_utils/nnet_dense_latency.h:58]   --->   Operation 333 'add' 'add_ln58_595' <Predicate = true> <Delay = 0.77> <CoreInst = "Adder">   --->   Core 1 'Adder' <Latency = 0> <II = 1> <Delay = 0.78> <FuncUnit> <Opcode : 'add' 'sub'> <InPorts = 2> <OutPorts = 1>
ST_2 : Operation 334 [1/1] (0.00ns) (grouped into TernaryAdder)   --->   "%add_ln58_599 = add i16 %add_ln58_598, i16 %add_ln58_595" [firmware/nnet_utils/nnet_dense_latency.h:58]   --->   Operation 334 'add' 'add_ln58_599' <Predicate = true> <Delay = 0.00> <CoreInst = "TAddSub">   --->   Core 10 'TAddSub' <Latency = 0> <II = 1> <Delay = 0.33> <IPBlock> <Opcode : '' 'add' 'sub'> <InPorts = 3> <OutPorts = 1> <Sync> <CReg>
ST_2 : Operation 335 [1/1] (0.00ns)   --->   "%sext_ln58_39 = sext i15 %add_ln58_605" [firmware/nnet_utils/nnet_dense_latency.h:58]   --->   Operation 335 'sext' 'sext_ln58_39' <Predicate = true> <Delay = 0.00>
ST_2 : Operation 336 [1/1] (0.67ns) (root node of TernaryAdder)   --->   "%add_ln58_606 = add i16 %sext_ln58_39, i16 %add_ln58_599" [firmware/nnet_utils/nnet_dense_latency.h:58]   --->   Operation 336 'add' 'add_ln58_606' <Predicate = true> <Delay = 0.67> <CoreInst = "TAddSub">   --->   Core 10 'TAddSub' <Latency = 0> <II = 1> <Delay = 0.33> <IPBlock> <Opcode : '' 'add' 'sub'> <InPorts = 3> <OutPorts = 1> <Sync> <CReg>
ST_2 : Operation 337 [1/1] (0.00ns)   --->   "%mrv = insertvalue i80 <undef>, i16 %add_ln58_557" [firmware/nnet_utils/nnet_dense_latency.h:68]   --->   Operation 337 'insertvalue' 'mrv' <Predicate = true> <Delay = 0.00>
ST_2 : Operation 338 [1/1] (0.00ns)   --->   "%mrv_1 = insertvalue i80 %mrv, i16 %add_ln58_568" [firmware/nnet_utils/nnet_dense_latency.h:68]   --->   Operation 338 'insertvalue' 'mrv_1' <Predicate = true> <Delay = 0.00>
ST_2 : Operation 339 [1/1] (0.00ns)   --->   "%mrv_2 = insertvalue i80 %mrv_1, i16 %add_ln58_580" [firmware/nnet_utils/nnet_dense_latency.h:68]   --->   Operation 339 'insertvalue' 'mrv_2' <Predicate = true> <Delay = 0.00>
ST_2 : Operation 340 [1/1] (0.00ns)   --->   "%mrv_3 = insertvalue i80 %mrv_2, i16 %add_ln58_593" [firmware/nnet_utils/nnet_dense_latency.h:68]   --->   Operation 340 'insertvalue' 'mrv_3' <Predicate = true> <Delay = 0.00>
ST_2 : Operation 341 [1/1] (0.00ns)   --->   "%mrv_4 = insertvalue i80 %mrv_3, i16 %add_ln58_606" [firmware/nnet_utils/nnet_dense_latency.h:68]   --->   Operation 341 'insertvalue' 'mrv_4' <Predicate = true> <Delay = 0.00>
ST_2 : Operation 342 [1/1] (0.00ns)   --->   "%ret_ln68 = ret i80 %mrv_4" [firmware/nnet_utils/nnet_dense_latency.h:68]   --->   Operation 342 'ret' 'ret_ln68' <Predicate = true> <Delay = 0.00>


============================================================
+ Verbose Summary: Binding
============================================================
STG Binding: 
---------------- STG Properties BEGIN ----------------
- Is combinational: 0
- Is one-state seq: 0
- Is datapath-only: 1
- Is pipelined: 1
- Is top level: 0
Port [ Return ] is wired: 1; IO mode=ap_ctrl_hs:ce=0
Port [ data_1_val]:  wired=1; compound=0; hidden=0; nouse=0; global=0; static=0; extern=0; dir=0; type=0; pingpong=0; private_global=0; IO mode=ap_none:ce=0
Port [ data_2_val]:  wired=1; compound=0; hidden=0; nouse=0; global=0; static=0; extern=0; dir=0; type=0; pingpong=0; private_global=0; IO mode=ap_none:ce=0
Port [ data_3_val]:  wired=1; compound=0; hidden=0; nouse=0; global=0; static=0; extern=0; dir=0; type=0; pingpong=0; private_global=0; IO mode=ap_none:ce=0
Port [ data_4_val]:  wired=1; compound=0; hidden=0; nouse=0; global=0; static=0; extern=0; dir=0; type=0; pingpong=0; private_global=0; IO mode=ap_none:ce=0
Port [ data_5_val]:  wired=1; compound=0; hidden=0; nouse=0; global=0; static=0; extern=0; dir=0; type=0; pingpong=0; private_global=0; IO mode=ap_none:ce=0
Port [ data_7_val]:  wired=1; compound=0; hidden=0; nouse=0; global=0; static=0; extern=0; dir=0; type=0; pingpong=0; private_global=0; IO mode=ap_none:ce=0
Port [ data_9_val]:  wired=1; compound=0; hidden=0; nouse=0; global=0; static=0; extern=0; dir=0; type=0; pingpong=0; private_global=0; IO mode=ap_none:ce=0
Port [ data_14_val]:  wired=1; compound=0; hidden=0; nouse=0; global=0; static=0; extern=0; dir=0; type=0; pingpong=0; private_global=0; IO mode=ap_none:ce=0
Port [ data_22_val]:  wired=1; compound=0; hidden=0; nouse=0; global=0; static=0; extern=0; dir=0; type=0; pingpong=0; private_global=0; IO mode=ap_none:ce=0
Port [ data_24_val]:  wired=1; compound=0; hidden=0; nouse=0; global=0; static=0; extern=0; dir=0; type=0; pingpong=0; private_global=0; IO mode=ap_none:ce=0
Port [ data_25_val]:  wired=1; compound=0; hidden=0; nouse=0; global=0; static=0; extern=0; dir=0; type=0; pingpong=0; private_global=0; IO mode=ap_none:ce=0
Port [ data_28_val]:  wired=1; compound=0; hidden=0; nouse=0; global=0; static=0; extern=0; dir=0; type=0; pingpong=0; private_global=0; IO mode=ap_none:ce=0
Port [ data_29_val]:  wired=1; compound=0; hidden=0; nouse=0; global=0; static=0; extern=0; dir=0; type=0; pingpong=0; private_global=0; IO mode=ap_none:ce=0
---------------- STG Properties END ------------------

---------------- Datapath Model BEGIN ----------------

<LifeTime>
<method=bitvector/>
data_29_val_read       (read             ) [ 000]
data_28_val_read       (read             ) [ 000]
data_25_val_read       (read             ) [ 000]
data_24_val_read       (read             ) [ 000]
data_22_val_read       (read             ) [ 000]
data_14_val_read       (read             ) [ 000]
data_9_val_read        (read             ) [ 000]
data_7_val_read        (read             ) [ 000]
data_5_val_read        (read             ) [ 000]
data_4_val_read        (read             ) [ 011]
data_3_val_read        (read             ) [ 011]
data_2_val_read        (read             ) [ 011]
data_1_val_read        (read             ) [ 000]
tmp                    (partselect       ) [ 000]
zext_ln42              (zext             ) [ 000]
lshr_ln42_s            (partselect       ) [ 000]
lshr_ln42_275_cast     (zext             ) [ 000]
lshr_ln42_1            (partselect       ) [ 000]
zext_ln73_78           (zext             ) [ 000]
tmp_s                  (partselect       ) [ 000]
lshr_ln42_280_cast     (zext             ) [ 000]
tmp_72                 (partselect       ) [ 000]
zext_ln73_84           (zext             ) [ 000]
zext_ln73_89           (zext             ) [ 000]
shl_ln73_166           (bitconcatenate   ) [ 000]
zext_ln73_91           (zext             ) [ 000]
shl_ln73_167           (bitconcatenate   ) [ 000]
zext_ln73_92           (zext             ) [ 000]
sub_ln73_186           (sub              ) [ 000]
trunc_ln42_120         (partselect       ) [ 000]
sext_ln42_119          (sext             ) [ 000]
mul_ln73_3             (mul              ) [ 000]
trunc_ln42_122         (partselect       ) [ 000]
sext_ln42_120          (sext             ) [ 000]
lshr_ln42_2            (partselect       ) [ 000]
zext_ln42_27           (zext             ) [ 000]
shl_ln73_170           (bitconcatenate   ) [ 000]
zext_ln73_95           (zext             ) [ 000]
sub_ln73_188           (sub              ) [ 000]
trunc_ln42_123         (partselect       ) [ 000]
sext_ln73_125          (sext             ) [ 000]
shl_ln73_171           (bitconcatenate   ) [ 000]
zext_ln73_96           (zext             ) [ 000]
sub_ln73_189           (sub              ) [ 000]
trunc_ln42_124         (partselect       ) [ 000]
trunc_ln42_225_cast    (sext             ) [ 000]
tmp_75                 (partselect       ) [ 000]
lshr_ln42_294_cast     (zext             ) [ 000]
lshr_ln42_3            (partselect       ) [ 000]
zext_ln42_28           (zext             ) [ 000]
zext_ln73_97           (zext             ) [ 000]
zext_ln73_98           (zext             ) [ 000]
shl_ln73_172           (bitconcatenate   ) [ 000]
zext_ln73_99           (zext             ) [ 000]
sub_ln73_190           (sub              ) [ 000]
trunc_ln42_125         (partselect       ) [ 000]
sext_ln73_126          (sext             ) [ 000]
shl_ln73_173           (bitconcatenate   ) [ 000]
zext_ln73_100          (zext             ) [ 000]
sub_ln73_191           (sub              ) [ 000]
sext_ln73              (sext             ) [ 000]
shl_ln73_174           (bitconcatenate   ) [ 000]
zext_ln73_101          (zext             ) [ 000]
sub_ln73_192           (sub              ) [ 000]
trunc_ln42_126         (partselect       ) [ 000]
sext_ln42_121          (sext             ) [ 000]
tmp_76                 (partselect       ) [ 000]
zext_ln42_29           (zext             ) [ 000]
tmp_77                 (partselect       ) [ 000]
zext_ln73_102          (zext             ) [ 000]
shl_ln73_175           (bitconcatenate   ) [ 000]
zext_ln73_103          (zext             ) [ 000]
shl_ln73_176           (bitconcatenate   ) [ 000]
zext_ln73_104          (zext             ) [ 000]
sub_ln73_193           (sub              ) [ 000]
trunc_ln42_127         (partselect       ) [ 000]
trunc_ln42_228_cast    (sext             ) [ 000]
tmp_78                 (partselect       ) [ 000]
lshr_ln42_301_cast     (zext             ) [ 000]
shl_ln73_177           (bitconcatenate   ) [ 000]
zext_ln73_105          (zext             ) [ 000]
zext_ln73_106          (zext             ) [ 000]
sub_ln73_194           (sub              ) [ 000]
trunc_ln42_128         (partselect       ) [ 000]
sext_ln73_127          (sext             ) [ 000]
shl_ln73_178           (bitconcatenate   ) [ 000]
zext_ln73_107          (zext             ) [ 000]
shl_ln73_179           (bitconcatenate   ) [ 000]
zext_ln73_108          (zext             ) [ 000]
sub_ln73_195           (sub              ) [ 000]
trunc_ln42_129         (partselect       ) [ 000]
sext_ln73_128          (sext             ) [ 000]
shl_ln73_180           (bitconcatenate   ) [ 000]
zext_ln73_109          (zext             ) [ 000]
shl_ln73_181           (bitconcatenate   ) [ 000]
zext_ln73_110          (zext             ) [ 000]
zext_ln73_111          (zext             ) [ 000]
add_ln73_11            (add              ) [ 000]
tmp_79                 (partselect       ) [ 000]
zext_ln73_126          (zext             ) [ 000]
sub_ln73_196           (sub              ) [ 000]
trunc_ln42_130         (partselect       ) [ 000]
sext_ln73_129          (sext             ) [ 000]
sub_ln73_197           (sub              ) [ 000]
trunc_ln42_131         (partselect       ) [ 000]
sext_ln42_122          (sext             ) [ 000]
lshr_ln42_4            (partselect       ) [ 000]
zext_ln42_30           (zext             ) [ 000]
lshr_ln42_5            (partselect       ) [ 000]
zext_ln42_22           (zext             ) [ 000]
zext_ln73_112          (zext             ) [ 000]
shl_ln73_182           (bitconcatenate   ) [ 000]
zext_ln73_113          (zext             ) [ 000]
sub_ln73_198           (sub              ) [ 000]
trunc_ln42_132         (partselect       ) [ 000]
sext_ln42_123          (sext             ) [ 000]
tmp_80                 (partselect       ) [ 000]
zext_ln42_31           (zext             ) [ 000]
lshr_ln42_6            (partselect       ) [ 000]
zext_ln42_32           (zext             ) [ 000]
zext_ln73_114          (zext             ) [ 000]
shl_ln73_183           (bitconcatenate   ) [ 000]
zext_ln73_115          (zext             ) [ 000]
shl_ln73_184           (bitconcatenate   ) [ 000]
zext_ln73_116          (zext             ) [ 000]
sub_ln73_199           (sub              ) [ 000]
trunc_ln42_133         (partselect       ) [ 000]
sext_ln42_124          (sext             ) [ 000]
sub_ln73_200           (sub              ) [ 000]
trunc_ln42_134         (partselect       ) [ 000]
sext_ln42_125          (sext             ) [ 000]
tmp_81                 (partselect       ) [ 000]
zext_ln42_33           (zext             ) [ 000]
tmp_82                 (partselect       ) [ 000]
zext_ln73_117          (zext             ) [ 000]
shl_ln73_185           (bitconcatenate   ) [ 000]
zext_ln73_118          (zext             ) [ 000]
sub_ln73_201           (sub              ) [ 000]
trunc_ln42_135         (partselect       ) [ 000]
sext_ln73_130          (sext             ) [ 000]
shl_ln73_186           (bitconcatenate   ) [ 000]
zext_ln73_119          (zext             ) [ 000]
sub_ln73_202           (sub              ) [ 000]
sext_ln73_94           (sext             ) [ 000]
shl_ln73_187           (bitconcatenate   ) [ 000]
zext_ln73_120          (zext             ) [ 000]
sub_ln73_203           (sub              ) [ 000]
trunc_ln42_136         (partselect       ) [ 000]
sext_ln73_131          (sext             ) [ 000]
shl_ln73_188           (bitconcatenate   ) [ 000]
zext_ln73_121          (zext             ) [ 000]
sub_ln73_204           (sub              ) [ 000]
trunc_ln42_137         (partselect       ) [ 000]
sext_ln73_132          (sext             ) [ 000]
zext_ln73_122          (zext             ) [ 000]
mul_ln73_4             (mul              ) [ 000]
tmp_83                 (partselect       ) [ 000]
zext_ln73_127          (zext             ) [ 000]
shl_ln73_189           (bitconcatenate   ) [ 000]
zext_ln73_123          (zext             ) [ 000]
shl_ln73_190           (bitconcatenate   ) [ 000]
zext_ln73_124          (zext             ) [ 000]
sub_ln73_205           (sub              ) [ 000]
trunc_ln42_138         (partselect       ) [ 000]
sext_ln42_126          (sext             ) [ 000]
shl_ln73_191           (bitconcatenate   ) [ 000]
zext_ln73_125          (zext             ) [ 000]
sub_ln73_206           (sub              ) [ 000]
trunc_ln42_139         (partselect       ) [ 000]
sext_ln73_133          (sext             ) [ 000]
shl_ln73_192           (bitconcatenate   ) [ 000]
sext_ln73_95           (sext             ) [ 000]
shl_ln73_193           (bitconcatenate   ) [ 000]
sext_ln73_96           (sext             ) [ 000]
sext_ln73_97           (sext             ) [ 000]
add_ln73_12            (add              ) [ 000]
trunc_ln42_140         (partselect       ) [ 000]
sext_ln42_127          (sext             ) [ 000]
trunc_ln42_141         (partselect       ) [ 000]
sext_ln73_98           (sext             ) [ 000]
sub_ln73_207           (sub              ) [ 000]
trunc_ln42_142         (partselect       ) [ 000]
sext_ln42_128          (sext             ) [ 000]
sub_ln73_208           (sub              ) [ 000]
trunc_ln42_143         (partselect       ) [ 000]
sext_ln73_134          (sext             ) [ 000]
shl_ln73_194           (bitconcatenate   ) [ 000]
sext_ln73_99           (sext             ) [ 000]
sub_ln73_209           (sub              ) [ 000]
trunc_ln42_144         (partselect       ) [ 000]
sext_ln58_113          (sext             ) [ 000]
add_ln58_548           (add              ) [ 000]
sext_ln58_114          (sext             ) [ 000]
add_ln58_549           (add              ) [ 011]
add_ln58_551           (add              ) [ 000]
zext_ln58              (zext             ) [ 000]
add_ln58_552           (add              ) [ 000]
add_ln58_553           (add              ) [ 000]
add_ln58_554           (add              ) [ 000]
zext_ln58_34           (zext             ) [ 000]
add_ln58_555           (add              ) [ 000]
zext_ln58_35           (zext             ) [ 000]
add_ln58_556           (add              ) [ 011]
add_ln58_558           (add              ) [ 000]
sext_ln58_115          (sext             ) [ 000]
add_ln58_559           (add              ) [ 000]
add_ln58_560           (add              ) [ 000]
zext_ln58_36           (zext             ) [ 000]
add_ln58_561           (add              ) [ 000]
add_ln58_562           (add              ) [ 000]
add_ln58_563           (add              ) [ 000]
add_ln58_564           (add              ) [ 000]
add_ln58_565           (add              ) [ 000]
zext_ln58_37           (zext             ) [ 000]
add_ln58_566           (add              ) [ 000]
zext_ln58_38           (zext             ) [ 000]
add_ln58_567           (add              ) [ 000]
sext_ln58              (sext             ) [ 000]
add_ln58_568           (add              ) [ 011]
add_ln58_571           (add              ) [ 000]
add_ln58_572           (add              ) [ 011]
add_ln58_574           (add              ) [ 000]
sext_ln58_119          (sext             ) [ 000]
add_ln58_575           (add              ) [ 000]
add_ln58_576           (add              ) [ 000]
add_ln58_577           (add              ) [ 000]
sext_ln58_34           (sext             ) [ 000]
add_ln58_578           (add              ) [ 000]
add_ln58_579           (add              ) [ 011]
add_ln58_583           (add              ) [ 000]
sext_ln58_120          (sext             ) [ 000]
add_ln58_584           (add              ) [ 000]
sext_ln58_121          (sext             ) [ 000]
add_ln58_585           (add              ) [ 011]
add_ln58_587           (add              ) [ 000]
add_ln58_588           (add              ) [ 000]
sext_ln58_122          (sext             ) [ 000]
add_ln58_589           (add              ) [ 000]
zext_ln58_39           (zext             ) [ 000]
add_ln58_590           (add              ) [ 000]
sext_ln58_35           (sext             ) [ 000]
add_ln58_591           (add              ) [ 000]
sext_ln58_36           (sext             ) [ 000]
add_ln58_592           (add              ) [ 011]
add_ln58_594           (add              ) [ 011]
add_ln58_596           (add              ) [ 000]
sext_ln58_124          (sext             ) [ 000]
add_ln58_597           (add              ) [ 000]
sext_ln58_125          (sext             ) [ 000]
add_ln58_598           (add              ) [ 011]
add_ln58_600           (add              ) [ 000]
add_ln58_601           (add              ) [ 000]
zext_ln58_40           (zext             ) [ 000]
add_ln58_602           (add              ) [ 000]
zext_ln58_41           (zext             ) [ 000]
add_ln58_603           (add              ) [ 000]
sext_ln58_37           (sext             ) [ 000]
add_ln58_604           (add              ) [ 000]
sext_ln58_38           (sext             ) [ 000]
add_ln58_605           (add              ) [ 011]
specpipeline_ln33      (specpipeline     ) [ 000]
specresourcelimit_ln33 (specresourcelimit) [ 000]
shl_ln                 (bitconcatenate   ) [ 000]
zext_ln73              (zext             ) [ 000]
sub_ln73               (sub              ) [ 000]
trunc_ln42_s           (partselect       ) [ 000]
sext_ln42              (sext             ) [ 000]
shl_ln73_s             (bitconcatenate   ) [ 000]
zext_ln73_79           (zext             ) [ 000]
sub_ln73_181           (sub              ) [ 000]
trunc_ln42_114         (partselect       ) [ 000]
sext_ln73_122          (sext             ) [ 000]
shl_ln73_161           (bitconcatenate   ) [ 000]
zext_ln73_80           (zext             ) [ 000]
sub_ln73_182           (sub              ) [ 000]
trunc_ln42_115         (partselect       ) [ 000]
sext_ln42_115          (sext             ) [ 000]
shl_ln73_162           (bitconcatenate   ) [ 000]
zext_ln73_81           (zext             ) [ 000]
shl_ln73_163           (bitconcatenate   ) [ 000]
zext_ln73_82           (zext             ) [ 000]
zext_ln73_83           (zext             ) [ 000]
sub_ln73_183           (sub              ) [ 000]
trunc_ln42_116         (partselect       ) [ 000]
sext_ln42_116          (sext             ) [ 000]
shl_ln73_164           (bitconcatenate   ) [ 000]
zext_ln73_85           (zext             ) [ 000]
zext_ln73_86           (zext             ) [ 000]
sub_ln73_184           (sub              ) [ 000]
trunc_ln42_117         (partselect       ) [ 000]
sext_ln73_123          (sext             ) [ 000]
shl_ln73_165           (bitconcatenate   ) [ 000]
zext_ln73_87           (zext             ) [ 000]
sub_ln73_185           (sub              ) [ 000]
trunc_ln42_118         (partselect       ) [ 000]
sext_ln42_117          (sext             ) [ 000]
add_ln73               (add              ) [ 000]
tmp_73                 (partselect       ) [ 000]
zext_ln42_25           (zext             ) [ 000]
zext_ln73_88           (zext             ) [ 000]
zext_ln73_90           (zext             ) [ 000]
mul_ln73               (mul              ) [ 000]
trunc_ln42_119         (partselect       ) [ 000]
sext_ln42_118          (sext             ) [ 000]
shl_ln73_168           (bitconcatenate   ) [ 000]
zext_ln73_93           (zext             ) [ 000]
shl_ln73_169           (bitconcatenate   ) [ 000]
zext_ln73_94           (zext             ) [ 000]
sub_ln73_187           (sub              ) [ 000]
trunc_ln42_121         (partselect       ) [ 000]
sext_ln73_124          (sext             ) [ 000]
mul_ln73_2             (mul              ) [ 000]
tmp_74                 (partselect       ) [ 000]
zext_ln42_26           (zext             ) [ 000]
add_ln58               (add              ) [ 000]
add_ln58_547           (add              ) [ 000]
add_ln58_550           (add              ) [ 000]
add_ln58_557           (add              ) [ 000]
add_ln58_569           (add              ) [ 000]
sext_ln58_116          (sext             ) [ 000]
add_ln58_570           (add              ) [ 000]
sext_ln58_117          (sext             ) [ 000]
sext_ln58_118          (sext             ) [ 000]
add_ln58_573           (add              ) [ 000]
add_ln58_580           (add              ) [ 000]
add_ln58_581           (add              ) [ 000]
add_ln58_582           (add              ) [ 000]
add_ln58_586           (add              ) [ 000]
add_ln58_593           (add              ) [ 000]
sext_ln58_123          (sext             ) [ 000]
add_ln58_595           (add              ) [ 000]
add_ln58_599           (add              ) [ 000]
sext_ln58_39           (sext             ) [ 000]
add_ln58_606           (add              ) [ 000]
mrv                    (insertvalue      ) [ 000]
mrv_1                  (insertvalue      ) [ 000]
mrv_2                  (insertvalue      ) [ 000]
mrv_3                  (insertvalue      ) [ 000]
mrv_4                  (insertvalue      ) [ 000]
ret_ln68               (ret              ) [ 000]
</LifeTime>

<model>

<comp_list>
<comp id="0" class="1000" name="data_1_val">
<pin_list>
<pin id="1" dir="1" index="0" bw="1" slack="0"/>
</pin_list>
<bind>
<StgValue><ssdm name="data_1_val"/></StgValue>
</bind>
</comp>

<comp id="2" class="1000" name="data_2_val">
<pin_list>
<pin id="3" dir="1" index="0" bw="1" slack="0"/>
</pin_list>
<bind>
<StgValue><ssdm name="data_2_val"/></StgValue>
</bind>
</comp>

<comp id="4" class="1000" name="data_3_val">
<pin_list>
<pin id="5" dir="1" index="0" bw="1" slack="0"/>
</pin_list>
<bind>
<StgValue><ssdm name="data_3_val"/></StgValue>
</bind>
</comp>

<comp id="6" class="1000" name="data_4_val">
<pin_list>
<pin id="7" dir="1" index="0" bw="1" slack="0"/>
</pin_list>
<bind>
<StgValue><ssdm name="data_4_val"/></StgValue>
</bind>
</comp>

<comp id="8" class="1000" name="data_5_val">
<pin_list>
<pin id="9" dir="1" index="0" bw="1" slack="0"/>
</pin_list>
<bind>
<StgValue><ssdm name="data_5_val"/></StgValue>
</bind>
</comp>

<comp id="10" class="1000" name="data_7_val">
<pin_list>
<pin id="11" dir="1" index="0" bw="1" slack="0"/>
</pin_list>
<bind>
<StgValue><ssdm name="data_7_val"/></StgValue>
</bind>
</comp>

<comp id="12" class="1000" name="data_9_val">
<pin_list>
<pin id="13" dir="1" index="0" bw="1" slack="0"/>
</pin_list>
<bind>
<StgValue><ssdm name="data_9_val"/></StgValue>
</bind>
</comp>

<comp id="14" class="1000" name="data_14_val">
<pin_list>
<pin id="15" dir="1" index="0" bw="1" slack="0"/>
</pin_list>
<bind>
<StgValue><ssdm name="data_14_val"/></StgValue>
</bind>
</comp>

<comp id="16" class="1000" name="data_22_val">
<pin_list>
<pin id="17" dir="1" index="0" bw="1" slack="0"/>
</pin_list>
<bind>
<StgValue><ssdm name="data_22_val"/></StgValue>
</bind>
</comp>

<comp id="18" class="1000" name="data_24_val">
<pin_list>
<pin id="19" dir="1" index="0" bw="1" slack="0"/>
</pin_list>
<bind>
<StgValue><ssdm name="data_24_val"/></StgValue>
</bind>
</comp>

<comp id="20" class="1000" name="data_25_val">
<pin_list>
<pin id="21" dir="1" index="0" bw="1" slack="0"/>
</pin_list>
<bind>
<StgValue><ssdm name="data_25_val"/></StgValue>
</bind>
</comp>

<comp id="22" class="1000" name="data_28_val">
<pin_list>
<pin id="23" dir="1" index="0" bw="1" slack="0"/>
</pin_list>
<bind>
<StgValue><ssdm name="data_28_val"/></StgValue>
</bind>
</comp>

<comp id="24" class="1000" name="data_29_val">
<pin_list>
<pin id="25" dir="1" index="0" bw="1" slack="0"/>
</pin_list>
<bind>
<StgValue><ssdm name="data_29_val"/></StgValue>
</bind>
</comp>

<comp id="26" class="1001" name="const_26">
<pin_list>
<pin id="27" dir="1" index="0" bw="1" slack="0"/>
</pin_list>
<bind>
<StgValue><ssdm name="_ssdm_op_Read.ap_auto.i16"/></StgValue>
</bind>
</comp>

<comp id="28" class="1001" name="const_28">
<pin_list>
<pin id="29" dir="1" index="0" bw="1" slack="0"/>
</pin_list>
<bind>
<StgValue><ssdm name="_ssdm_op_Read.ap_auto.i15"/></StgValue>
</bind>
</comp>

<comp id="30" class="1001" name="const_30">
<pin_list>
<pin id="31" dir="1" index="0" bw="1" slack="0"/>
</pin_list>
<bind>
<StgValue><ssdm name="_ssdm_op_Read.ap_auto.i14"/></StgValue>
</bind>
</comp>

<comp id="32" class="1001" name="const_32">
<pin_list>
<pin id="33" dir="1" index="0" bw="1" slack="0"/>
</pin_list>
<bind>
<StgValue><ssdm name="_ssdm_op_Read.ap_auto.i13"/></StgValue>
</bind>
</comp>

<comp id="34" class="1001" name="const_34">
<pin_list>
<pin id="35" dir="1" index="0" bw="1" slack="0"/>
</pin_list>
<bind>
<StgValue><ssdm name="_ssdm_op_PartSelect.i9.i13.i32.i32"/></StgValue>
</bind>
</comp>

<comp id="36" class="1001" name="const_36">
<pin_list>
<pin id="37" dir="1" index="0" bw="1" slack="0"/>
</pin_list>
<bind>
<StgValue><ssdm name=""/></StgValue>
</bind>
</comp>

<comp id="38" class="1001" name="const_38">
<pin_list>
<pin id="39" dir="1" index="0" bw="1" slack="0"/>
</pin_list>
<bind>
<StgValue><ssdm name=""/></StgValue>
</bind>
</comp>

<comp id="40" class="1001" name="const_40">
<pin_list>
<pin id="41" dir="1" index="0" bw="1" slack="0"/>
</pin_list>
<bind>
<StgValue><ssdm name="_ssdm_op_PartSelect.i11.i13.i32.i32"/></StgValue>
</bind>
</comp>

<comp id="42" class="1001" name="const_42">
<pin_list>
<pin id="43" dir="1" index="0" bw="1" slack="0"/>
</pin_list>
<bind>
<StgValue><ssdm name=""/></StgValue>
</bind>
</comp>

<comp id="44" class="1001" name="const_44">
<pin_list>
<pin id="45" dir="1" index="0" bw="1" slack="0"/>
</pin_list>
<bind>
<StgValue><ssdm name="_ssdm_op_PartSelect.i13.i15.i32.i32"/></StgValue>
</bind>
</comp>

<comp id="46" class="1001" name="const_46">
<pin_list>
<pin id="47" dir="1" index="0" bw="1" slack="0"/>
</pin_list>
<bind>
<StgValue><ssdm name=""/></StgValue>
</bind>
</comp>

<comp id="48" class="1001" name="const_48">
<pin_list>
<pin id="49" dir="1" index="0" bw="1" slack="0"/>
</pin_list>
<bind>
<StgValue><ssdm name="_ssdm_op_BitConcatenate.i24.i15.i9"/></StgValue>
</bind>
</comp>

<comp id="50" class="1001" name="const_50">
<pin_list>
<pin id="51" dir="1" index="0" bw="1" slack="0"/>
</pin_list>
<bind>
<StgValue><ssdm name=""/></StgValue>
</bind>
</comp>

<comp id="52" class="1001" name="const_52">
<pin_list>
<pin id="53" dir="1" index="0" bw="1" slack="0"/>
</pin_list>
<bind>
<StgValue><ssdm name="_ssdm_op_BitConcatenate.i21.i15.i6"/></StgValue>
</bind>
</comp>

<comp id="54" class="1001" name="const_54">
<pin_list>
<pin id="55" dir="1" index="0" bw="1" slack="0"/>
</pin_list>
<bind>
<StgValue><ssdm name=""/></StgValue>
</bind>
</comp>

<comp id="56" class="1001" name="const_56">
<pin_list>
<pin id="57" dir="1" index="0" bw="1" slack="0"/>
</pin_list>
<bind>
<StgValue><ssdm name="_ssdm_op_PartSelect.i15.i25.i32.i32"/></StgValue>
</bind>
</comp>

<comp id="58" class="1001" name="const_58">
<pin_list>
<pin id="59" dir="1" index="0" bw="1" slack="0"/>
</pin_list>
<bind>
<StgValue><ssdm name=""/></StgValue>
</bind>
</comp>

<comp id="60" class="1001" name="const_60">
<pin_list>
<pin id="61" dir="1" index="0" bw="1" slack="0"/>
</pin_list>
<bind>
<StgValue><ssdm name=""/></StgValue>
</bind>
</comp>

<comp id="62" class="1001" name="const_62">
<pin_list>
<pin id="63" dir="1" index="0" bw="1" slack="0"/>
</pin_list>
<bind>
<StgValue><ssdm name=""/></StgValue>
</bind>
</comp>

<comp id="64" class="1001" name="const_64">
<pin_list>
<pin id="65" dir="1" index="0" bw="1" slack="0"/>
</pin_list>
<bind>
<StgValue><ssdm name="_ssdm_op_PartSelect.i14.i24.i32.i32"/></StgValue>
</bind>
</comp>

<comp id="66" class="1001" name="const_66">
<pin_list>
<pin id="67" dir="1" index="0" bw="1" slack="0"/>
</pin_list>
<bind>
<StgValue><ssdm name=""/></StgValue>
</bind>
</comp>

<comp id="68" class="1001" name="const_68">
<pin_list>
<pin id="69" dir="1" index="0" bw="1" slack="0"/>
</pin_list>
<bind>
<StgValue><ssdm name="_ssdm_op_PartSelect.i12.i14.i32.i32"/></StgValue>
</bind>
</comp>

<comp id="70" class="1001" name="const_70">
<pin_list>
<pin id="71" dir="1" index="0" bw="1" slack="0"/>
</pin_list>
<bind>
<StgValue><ssdm name=""/></StgValue>
</bind>
</comp>

<comp id="72" class="1001" name="const_72">
<pin_list>
<pin id="73" dir="1" index="0" bw="1" slack="0"/>
</pin_list>
<bind>
<StgValue><ssdm name="_ssdm_op_BitConcatenate.i19.i14.i5"/></StgValue>
</bind>
</comp>

<comp id="74" class="1001" name="const_74">
<pin_list>
<pin id="75" dir="1" index="0" bw="1" slack="0"/>
</pin_list>
<bind>
<StgValue><ssdm name=""/></StgValue>
</bind>
</comp>

<comp id="76" class="1001" name="const_76">
<pin_list>
<pin id="77" dir="1" index="0" bw="1" slack="0"/>
</pin_list>
<bind>
<StgValue><ssdm name=""/></StgValue>
</bind>
</comp>

<comp id="78" class="1001" name="const_78">
<pin_list>
<pin id="79" dir="1" index="0" bw="1" slack="0"/>
</pin_list>
<bind>
<StgValue><ssdm name="_ssdm_op_PartSelect.i10.i20.i32.i32"/></StgValue>
</bind>
</comp>

<comp id="80" class="1001" name="const_80">
<pin_list>
<pin id="81" dir="1" index="0" bw="1" slack="0"/>
</pin_list>
<bind>
<StgValue><ssdm name=""/></StgValue>
</bind>
</comp>

<comp id="82" class="1001" name="const_82">
<pin_list>
<pin id="83" dir="1" index="0" bw="1" slack="0"/>
</pin_list>
<bind>
<StgValue><ssdm name="_ssdm_op_BitConcatenate.i22.i14.i8"/></StgValue>
</bind>
</comp>

<comp id="84" class="1001" name="const_84">
<pin_list>
<pin id="85" dir="1" index="0" bw="1" slack="0"/>
</pin_list>
<bind>
<StgValue><ssdm name=""/></StgValue>
</bind>
</comp>

<comp id="86" class="1001" name="const_86">
<pin_list>
<pin id="87" dir="1" index="0" bw="1" slack="0"/>
</pin_list>
<bind>
<StgValue><ssdm name=""/></StgValue>
</bind>
</comp>

<comp id="88" class="1001" name="const_88">
<pin_list>
<pin id="89" dir="1" index="0" bw="1" slack="0"/>
</pin_list>
<bind>
<StgValue><ssdm name="_ssdm_op_PartSelect.i13.i23.i32.i32"/></StgValue>
</bind>
</comp>

<comp id="90" class="1001" name="const_90">
<pin_list>
<pin id="91" dir="1" index="0" bw="1" slack="0"/>
</pin_list>
<bind>
<StgValue><ssdm name=""/></StgValue>
</bind>
</comp>

<comp id="92" class="1001" name="const_92">
<pin_list>
<pin id="93" dir="1" index="0" bw="1" slack="0"/>
</pin_list>
<bind>
<StgValue><ssdm name="_ssdm_op_PartSelect.i11.i14.i32.i32"/></StgValue>
</bind>
</comp>

<comp id="94" class="1001" name="const_94">
<pin_list>
<pin id="95" dir="1" index="0" bw="1" slack="0"/>
</pin_list>
<bind>
<StgValue><ssdm name=""/></StgValue>
</bind>
</comp>

<comp id="96" class="1001" name="const_96">
<pin_list>
<pin id="97" dir="1" index="0" bw="1" slack="0"/>
</pin_list>
<bind>
<StgValue><ssdm name="_ssdm_op_BitConcatenate.i21.i13.i8"/></StgValue>
</bind>
</comp>

<comp id="98" class="1001" name="const_98">
<pin_list>
<pin id="99" dir="1" index="0" bw="1" slack="0"/>
</pin_list>
<bind>
<StgValue><ssdm name=""/></StgValue>
</bind>
</comp>

<comp id="100" class="1001" name="const_100">
<pin_list>
<pin id="101" dir="1" index="0" bw="1" slack="0"/>
</pin_list>
<bind>
<StgValue><ssdm name="_ssdm_op_PartSelect.i12.i22.i32.i32"/></StgValue>
</bind>
</comp>

<comp id="102" class="1001" name="const_102">
<pin_list>
<pin id="103" dir="1" index="0" bw="1" slack="0"/>
</pin_list>
<bind>
<StgValue><ssdm name=""/></StgValue>
</bind>
</comp>

<comp id="104" class="1001" name="const_104">
<pin_list>
<pin id="105" dir="1" index="0" bw="1" slack="0"/>
</pin_list>
<bind>
<StgValue><ssdm name="_ssdm_op_BitConcatenate.i21.i14.i7"/></StgValue>
</bind>
</comp>

<comp id="106" class="1001" name="const_106">
<pin_list>
<pin id="107" dir="1" index="0" bw="1" slack="0"/>
</pin_list>
<bind>
<StgValue><ssdm name=""/></StgValue>
</bind>
</comp>

<comp id="108" class="1001" name="const_108">
<pin_list>
<pin id="109" dir="1" index="0" bw="1" slack="0"/>
</pin_list>
<bind>
<StgValue><ssdm name="_ssdm_op_PartSelect.i10.i14.i32.i32"/></StgValue>
</bind>
</comp>

<comp id="110" class="1001" name="const_110">
<pin_list>
<pin id="111" dir="1" index="0" bw="1" slack="0"/>
</pin_list>
<bind>
<StgValue><ssdm name="_ssdm_op_PartSelect.i9.i14.i32.i32"/></StgValue>
</bind>
</comp>

<comp id="112" class="1001" name="const_112">
<pin_list>
<pin id="113" dir="1" index="0" bw="1" slack="0"/>
</pin_list>
<bind>
<StgValue><ssdm name=""/></StgValue>
</bind>
</comp>

<comp id="114" class="1001" name="const_114">
<pin_list>
<pin id="115" dir="1" index="0" bw="1" slack="0"/>
</pin_list>
<bind>
<StgValue><ssdm name="_ssdm_op_BitConcatenate.i20.i14.i6"/></StgValue>
</bind>
</comp>

<comp id="116" class="1001" name="const_116">
<pin_list>
<pin id="117" dir="1" index="0" bw="1" slack="0"/>
</pin_list>
<bind>
<StgValue><ssdm name="_ssdm_op_BitConcatenate.i22.i15.i7"/></StgValue>
</bind>
</comp>

<comp id="118" class="1001" name="const_118">
<pin_list>
<pin id="119" dir="1" index="0" bw="1" slack="0"/>
</pin_list>
<bind>
<StgValue><ssdm name="_ssdm_op_BitConcatenate.i19.i15.i4"/></StgValue>
</bind>
</comp>

<comp id="120" class="1001" name="const_120">
<pin_list>
<pin id="121" dir="1" index="0" bw="1" slack="0"/>
</pin_list>
<bind>
<StgValue><ssdm name=""/></StgValue>
</bind>
</comp>

<comp id="122" class="1001" name="const_122">
<pin_list>
<pin id="123" dir="1" index="0" bw="1" slack="0"/>
</pin_list>
<bind>
<StgValue><ssdm name="_ssdm_op_BitConcatenate.i23.i15.i8"/></StgValue>
</bind>
</comp>

<comp id="124" class="1001" name="const_124">
<pin_list>
<pin id="125" dir="1" index="0" bw="1" slack="0"/>
</pin_list>
<bind>
<StgValue><ssdm name="_ssdm_op_BitConcatenate.i20.i15.i5"/></StgValue>
</bind>
</comp>

<comp id="126" class="1001" name="const_126">
<pin_list>
<pin id="127" dir="1" index="0" bw="1" slack="0"/>
</pin_list>
<bind>
<StgValue><ssdm name="_ssdm_op_PartSelect.i13.i14.i32.i32"/></StgValue>
</bind>
</comp>

<comp id="128" class="1001" name="const_128">
<pin_list>
<pin id="129" dir="1" index="0" bw="1" slack="0"/>
</pin_list>
<bind>
<StgValue><ssdm name=""/></StgValue>
</bind>
</comp>

<comp id="130" class="1001" name="const_130">
<pin_list>
<pin id="131" dir="1" index="0" bw="1" slack="0"/>
</pin_list>
<bind>
<StgValue><ssdm name="_ssdm_op_BitConcatenate.i23.i14.i9"/></StgValue>
</bind>
</comp>

<comp id="132" class="1001" name="const_132">
<pin_list>
<pin id="133" dir="1" index="0" bw="1" slack="0"/>
</pin_list>
<bind>
<StgValue><ssdm name=""/></StgValue>
</bind>
</comp>

<comp id="134" class="1001" name="const_134">
<pin_list>
<pin id="135" dir="1" index="0" bw="1" slack="0"/>
</pin_list>
<bind>
<StgValue><ssdm name="_ssdm_op_PartSelect.i12.i15.i32.i32"/></StgValue>
</bind>
</comp>

<comp id="136" class="1001" name="const_136">
<pin_list>
<pin id="137" dir="1" index="0" bw="1" slack="0"/>
</pin_list>
<bind>
<StgValue><ssdm name=""/></StgValue>
</bind>
</comp>

<comp id="138" class="1001" name="const_138">
<pin_list>
<pin id="139" dir="1" index="0" bw="1" slack="0"/>
</pin_list>
<bind>
<StgValue><ssdm name="_ssdm_op_PartSelect.i11.i21.i32.i32"/></StgValue>
</bind>
</comp>

<comp id="140" class="1001" name="const_140">
<pin_list>
<pin id="141" dir="1" index="0" bw="1" slack="0"/>
</pin_list>
<bind>
<StgValue><ssdm name=""/></StgValue>
</bind>
</comp>

<comp id="142" class="1001" name="const_142">
<pin_list>
<pin id="143" dir="1" index="0" bw="1" slack="0"/>
</pin_list>
<bind>
<StgValue><ssdm name=""/></StgValue>
</bind>
</comp>

<comp id="144" class="1001" name="const_144">
<pin_list>
<pin id="145" dir="1" index="0" bw="1" slack="0"/>
</pin_list>
<bind>
<StgValue><ssdm name="_ssdm_op_BitConcatenate.i24.i16.i8"/></StgValue>
</bind>
</comp>

<comp id="146" class="1001" name="const_146">
<pin_list>
<pin id="147" dir="1" index="0" bw="1" slack="0"/>
</pin_list>
<bind>
<StgValue><ssdm name="_ssdm_op_BitConcatenate.i22.i16.i6"/></StgValue>
</bind>
</comp>

<comp id="148" class="1001" name="const_148">
<pin_list>
<pin id="149" dir="1" index="0" bw="1" slack="0"/>
</pin_list>
<bind>
<StgValue><ssdm name="_ssdm_op_PartSelect.i12.i16.i32.i32"/></StgValue>
</bind>
</comp>

<comp id="150" class="1001" name="const_150">
<pin_list>
<pin id="151" dir="1" index="0" bw="1" slack="0"/>
</pin_list>
<bind>
<StgValue><ssdm name=""/></StgValue>
</bind>
</comp>

<comp id="152" class="1001" name="const_152">
<pin_list>
<pin id="153" dir="1" index="0" bw="1" slack="0"/>
</pin_list>
<bind>
<StgValue><ssdm name="_ssdm_op_BitConcatenate.i21.i16.i5"/></StgValue>
</bind>
</comp>

<comp id="154" class="1001" name="const_154">
<pin_list>
<pin id="155" dir="1" index="0" bw="1" slack="0"/>
</pin_list>
<bind>
<StgValue><ssdm name=""/></StgValue>
</bind>
</comp>

<comp id="156" class="1001" name="const_156">
<pin_list>
<pin id="157" dir="1" index="0" bw="1" slack="0"/>
</pin_list>
<bind>
<StgValue><ssdm name=""/></StgValue>
</bind>
</comp>

<comp id="158" class="1001" name="const_158">
<pin_list>
<pin id="159" dir="1" index="0" bw="1" slack="0"/>
</pin_list>
<bind>
<StgValue><ssdm name=""/></StgValue>
</bind>
</comp>

<comp id="160" class="1001" name="const_160">
<pin_list>
<pin id="161" dir="1" index="0" bw="1" slack="0"/>
</pin_list>
<bind>
<StgValue><ssdm name=""/></StgValue>
</bind>
</comp>

<comp id="162" class="1001" name="const_162">
<pin_list>
<pin id="163" dir="1" index="0" bw="1" slack="0"/>
</pin_list>
<bind>
<StgValue><ssdm name=""/></StgValue>
</bind>
</comp>

<comp id="164" class="1001" name="const_164">
<pin_list>
<pin id="165" dir="1" index="0" bw="1" slack="2147483647"/>
</pin_list>
<bind>
<StgValue><ssdm name="_ssdm_op_SpecPipeline"/></StgValue>
</bind>
</comp>

<comp id="166" class="1001" name="const_166">
<pin_list>
<pin id="167" dir="1" index="0" bw="1" slack="2147483647"/>
</pin_list>
<bind>
<StgValue><ssdm name=""/></StgValue>
</bind>
</comp>

<comp id="168" class="1001" name="const_168">
<pin_list>
<pin id="169" dir="1" index="0" bw="1" slack="2147483647"/>
</pin_list>
<bind>
<StgValue><ssdm name="empty_0"/></StgValue>
</bind>
</comp>

<comp id="170" class="1001" name="const_170">
<pin_list>
<pin id="171" dir="1" index="0" bw="1" slack="2147483647"/>
</pin_list>
<bind>
<StgValue><ssdm name="_ssdm_op_SpecResourceLimit"/></StgValue>
</bind>
</comp>

<comp id="172" class="1001" name="const_172">
<pin_list>
<pin id="173" dir="1" index="0" bw="1" slack="2147483647"/>
</pin_list>
<bind>
<StgValue><ssdm name=""/></StgValue>
</bind>
</comp>

<comp id="174" class="1001" name="const_174">
<pin_list>
<pin id="175" dir="1" index="0" bw="1" slack="2147483647"/>
</pin_list>
<bind>
<StgValue><ssdm name="empty_1"/></StgValue>
</bind>
</comp>

<comp id="176" class="1001" name="const_176">
<pin_list>
<pin id="177" dir="1" index="0" bw="1" slack="0"/>
</pin_list>
<bind>
<StgValue><ssdm name="_ssdm_op_BitConcatenate.i22.i13.i9"/></StgValue>
</bind>
</comp>

<comp id="178" class="1001" name="const_178">
<pin_list>
<pin id="179" dir="1" index="0" bw="1" slack="0"/>
</pin_list>
<bind>
<StgValue><ssdm name="_ssdm_op_BitConcatenate.i18.i13.i5"/></StgValue>
</bind>
</comp>

<comp id="180" class="1001" name="const_180">
<pin_list>
<pin id="181" dir="1" index="0" bw="1" slack="0"/>
</pin_list>
<bind>
<StgValue><ssdm name=""/></StgValue>
</bind>
</comp>

<comp id="182" class="1001" name="const_182">
<pin_list>
<pin id="183" dir="1" index="0" bw="1" slack="0"/>
</pin_list>
<bind>
<StgValue><ssdm name="_ssdm_op_PartSelect.i9.i19.i32.i32"/></StgValue>
</bind>
</comp>

<comp id="184" class="1001" name="const_184">
<pin_list>
<pin id="185" dir="1" index="0" bw="1" slack="0"/>
</pin_list>
<bind>
<StgValue><ssdm name=""/></StgValue>
</bind>
</comp>

<comp id="186" class="1001" name="const_186">
<pin_list>
<pin id="187" dir="1" index="0" bw="1" slack="0"/>
</pin_list>
<bind>
<StgValue><ssdm name=""/></StgValue>
</bind>
</comp>

<comp id="188" class="1001" name="const_188">
<pin_list>
<pin id="189" dir="1" index="0" bw="1" slack="0"/>
</pin_list>
<bind>
<StgValue><ssdm name=""/></StgValue>
</bind>
</comp>

<comp id="190" class="1001" name="const_190">
<pin_list>
<pin id="191" dir="1" index="0" bw="1" slack="0"/>
</pin_list>
<bind>
<StgValue><ssdm name=""/></StgValue>
</bind>
</comp>

<comp id="192" class="1004" name="data_29_val_read_read_fu_192">
<pin_list>
<pin id="193" dir="0" index="0" bw="16" slack="0"/>
<pin id="194" dir="0" index="1" bw="16" slack="0"/>
<pin id="195" dir="1" index="2" bw="16" slack="0"/>
</pin_list>
<bind>
<opcode="read(1150) " fcode="read"/>
<opset="data_29_val_read/1 "/>
</bind>
</comp>

<comp id="198" class="1004" name="data_28_val_read_read_fu_198">
<pin_list>
<pin id="199" dir="0" index="0" bw="15" slack="0"/>
<pin id="200" dir="0" index="1" bw="15" slack="0"/>
<pin id="201" dir="1" index="2" bw="15" slack="0"/>
</pin_list>
<bind>
<opcode="read(1150) " fcode="read"/>
<opset="data_28_val_read/1 "/>
</bind>
</comp>

<comp id="204" class="1004" name="data_25_val_read_read_fu_204">
<pin_list>
<pin id="205" dir="0" index="0" bw="14" slack="0"/>
<pin id="206" dir="0" index="1" bw="14" slack="0"/>
<pin id="207" dir="1" index="2" bw="14" slack="0"/>
</pin_list>
<bind>
<opcode="read(1150) " fcode="read"/>
<opset="data_25_val_read/1 "/>
</bind>
</comp>

<comp id="210" class="1004" name="data_24_val_read_read_fu_210">
<pin_list>
<pin id="211" dir="0" index="0" bw="15" slack="0"/>
<pin id="212" dir="0" index="1" bw="15" slack="0"/>
<pin id="213" dir="1" index="2" bw="15" slack="0"/>
</pin_list>
<bind>
<opcode="read(1150) " fcode="read"/>
<opset="data_24_val_read/1 "/>
</bind>
</comp>

<comp id="216" class="1004" name="data_22_val_read_read_fu_216">
<pin_list>
<pin id="217" dir="0" index="0" bw="14" slack="0"/>
<pin id="218" dir="0" index="1" bw="14" slack="0"/>
<pin id="219" dir="1" index="2" bw="14" slack="0"/>
</pin_list>
<bind>
<opcode="read(1150) " fcode="read"/>
<opset="data_22_val_read/1 "/>
</bind>
</comp>

<comp id="222" class="1004" name="data_14_val_read_read_fu_222">
<pin_list>
<pin id="223" dir="0" index="0" bw="15" slack="0"/>
<pin id="224" dir="0" index="1" bw="15" slack="0"/>
<pin id="225" dir="1" index="2" bw="15" slack="0"/>
</pin_list>
<bind>
<opcode="read(1150) " fcode="read"/>
<opset="data_14_val_read/1 "/>
</bind>
</comp>

<comp id="228" class="1004" name="data_9_val_read_read_fu_228">
<pin_list>
<pin id="229" dir="0" index="0" bw="14" slack="0"/>
<pin id="230" dir="0" index="1" bw="14" slack="0"/>
<pin id="231" dir="1" index="2" bw="14" slack="0"/>
</pin_list>
<bind>
<opcode="read(1150) " fcode="read"/>
<opset="data_9_val_read/1 "/>
</bind>
</comp>

<comp id="234" class="1004" name="data_7_val_read_read_fu_234">
<pin_list>
<pin id="235" dir="0" index="0" bw="13" slack="0"/>
<pin id="236" dir="0" index="1" bw="13" slack="0"/>
<pin id="237" dir="1" index="2" bw="13" slack="0"/>
</pin_list>
<bind>
<opcode="read(1150) " fcode="read"/>
<opset="data_7_val_read/1 "/>
</bind>
</comp>

<comp id="240" class="1004" name="data_5_val_read_read_fu_240">
<pin_list>
<pin id="241" dir="0" index="0" bw="14" slack="0"/>
<pin id="242" dir="0" index="1" bw="14" slack="0"/>
<pin id="243" dir="1" index="2" bw="14" slack="0"/>
</pin_list>
<bind>
<opcode="read(1150) " fcode="read"/>
<opset="data_5_val_read/1 "/>
</bind>
</comp>

<comp id="246" class="1004" name="data_4_val_read_read_fu_246">
<pin_list>
<pin id="247" dir="0" index="0" bw="15" slack="0"/>
<pin id="248" dir="0" index="1" bw="15" slack="0"/>
<pin id="249" dir="1" index="2" bw="15" slack="0"/>
</pin_list>
<bind>
<opcode="read(1150) " fcode="read"/>
<opset="data_4_val_read/1 "/>
</bind>
</comp>

<comp id="252" class="1004" name="data_3_val_read_read_fu_252">
<pin_list>
<pin id="253" dir="0" index="0" bw="15" slack="0"/>
<pin id="254" dir="0" index="1" bw="15" slack="0"/>
<pin id="255" dir="1" index="2" bw="15" slack="0"/>
</pin_list>
<bind>
<opcode="read(1150) " fcode="read"/>
<opset="data_3_val_read/1 "/>
</bind>
</comp>

<comp id="258" class="1004" name="data_2_val_read_read_fu_258">
<pin_list>
<pin id="259" dir="0" index="0" bw="13" slack="0"/>
<pin id="260" dir="0" index="1" bw="13" slack="0"/>
<pin id="261" dir="1" index="2" bw="13" slack="0"/>
</pin_list>
<bind>
<opcode="read(1150) " fcode="read"/>
<opset="data_2_val_read/1 "/>
</bind>
</comp>

<comp id="264" class="1004" name="data_1_val_read_read_fu_264">
<pin_list>
<pin id="265" dir="0" index="0" bw="13" slack="0"/>
<pin id="266" dir="0" index="1" bw="13" slack="0"/>
<pin id="267" dir="1" index="2" bw="13" slack="0"/>
</pin_list>
<bind>
<opcode="read(1150) " fcode="read"/>
<opset="data_1_val_read/1 "/>
</bind>
</comp>

<comp id="287" class="1004" name="mul_ln73_2_fu_287">
<pin_list>
<pin id="1632" dir="0" index="0" bw="15" slack="0"/>
<pin id="1633" dir="0" index="1" bw="9" slack="0"/>
<pin id="1634" dir="1" index="2" bw="23" slack="0"/>
</pin_list>
<bind>
<opcode="mul(12) " fcode="mul"/>
<opset="mul_ln73_2/2 "/>
</bind>
</comp>

<comp id="297" class="1004" name="mul_ln73_4_fu_297">
<pin_list>
<pin id="994" dir="0" index="0" bw="15" slack="0"/>
<pin id="995" dir="0" index="1" bw="10" slack="0"/>
<pin id="996" dir="1" index="2" bw="24" slack="0"/>
</pin_list>
<bind>
<opcode="mul(12) " fcode="mul"/>
<opset="mul_ln73_4/1 "/>
</bind>
</comp>

<comp id="309" class="1004" name="mul_ln73_3_fu_309">
<pin_list>
<pin id="990" dir="0" index="0" bw="15" slack="0"/>
<pin id="991" dir="0" index="1" bw="9" slack="0"/>
<pin id="992" dir="1" index="2" bw="24" slack="0"/>
</pin_list>
<bind>
<opcode="mul(12) " fcode="mul"/>
<opset="mul_ln73_3/1 "/>
</bind>
</comp>

<comp id="310" class="1004" name="mul_ln73_fu_310">
<pin_list>
<pin id="1628" dir="0" index="0" bw="15" slack="0"/>
<pin id="1629" dir="0" index="1" bw="10" slack="0"/>
<pin id="1630" dir="1" index="2" bw="25" slack="0"/>
</pin_list>
<bind>
<opcode="mul(12) " fcode="mul"/>
<opset="mul_ln73/2 "/>
</bind>
</comp>

<comp id="1643" class="1004" name="tmp_fu_1643">
<pin_list>
<pin id="1644" dir="0" index="0" bw="9" slack="0"/>
<pin id="1645" dir="0" index="1" bw="13" slack="0"/>
<pin id="1646" dir="0" index="2" bw="4" slack="0"/>
<pin id="1647" dir="0" index="3" bw="5" slack="0"/>
<pin id="1648" dir="1" index="4" bw="9" slack="0"/>
</pin_list>
<bind>
<opcode="partselect(1002) " fcode="partselect"/>
<opset="tmp/1 "/>
</bind>
</comp>

<comp id="1653" class="1004" name="zext_ln42_fu_1653">
<pin_list>
<pin id="1654" dir="0" index="0" bw="9" slack="0"/>
<pin id="1655" dir="1" index="1" bw="10" slack="0"/>
</pin_list>
<bind>
<opcode="zext(34) " fcode="zext"/>
<opset="zext_ln42/1 "/>
</bind>
</comp>

<comp id="1657" class="1004" name="lshr_ln42_s_fu_1657">
<pin_list>
<pin id="1658" dir="0" index="0" bw="11" slack="0"/>
<pin id="1659" dir="0" index="1" bw="13" slack="0"/>
<pin id="1660" dir="0" index="2" bw="3" slack="0"/>
<pin id="1661" dir="0" index="3" bw="5" slack="0"/>
<pin id="1662" dir="1" index="4" bw="11" slack="0"/>
</pin_list>
<bind>
<opcode="partselect(1002) " fcode="partselect"/>
<opset="lshr_ln42_s/1 "/>
</bind>
</comp>

<comp id="1667" class="1004" name="lshr_ln42_275_cast_fu_1667">
<pin_list>
<pin id="1668" dir="0" index="0" bw="11" slack="0"/>
<pin id="1669" dir="1" index="1" bw="14" slack="0"/>
</pin_list>
<bind>
<opcode="zext(34) " fcode="zext"/>
<opset="lshr_ln42_275_cast/1 "/>
</bind>
</comp>

<comp id="1671" class="1004" name="lshr_ln42_1_fu_1671">
<pin_list>
<pin id="1672" dir="0" index="0" bw="11" slack="0"/>
<pin id="1673" dir="0" index="1" bw="13" slack="0"/>
<pin id="1674" dir="0" index="2" bw="3" slack="0"/>
<pin id="1675" dir="0" index="3" bw="5" slack="0"/>
<pin id="1676" dir="1" index="4" bw="11" slack="0"/>
</pin_list>
<bind>
<opcode="partselect(1002) " fcode="partselect"/>
<opset="lshr_ln42_1/1 "/>
</bind>
</comp>

<comp id="1681" class="1004" name="zext_ln73_78_fu_1681">
<pin_list>
<pin id="1682" dir="0" index="0" bw="11" slack="0"/>
<pin id="1683" dir="1" index="1" bw="14" slack="0"/>
</pin_list>
<bind>
<opcode="zext(34) " fcode="zext"/>
<opset="zext_ln73_78/1 "/>
</bind>
</comp>

<comp id="1685" class="1004" name="tmp_s_fu_1685">
<pin_list>
<pin id="1686" dir="0" index="0" bw="9" slack="0"/>
<pin id="1687" dir="0" index="1" bw="13" slack="0"/>
<pin id="1688" dir="0" index="2" bw="4" slack="0"/>
<pin id="1689" dir="0" index="3" bw="5" slack="0"/>
<pin id="1690" dir="1" index="4" bw="9" slack="0"/>
</pin_list>
<bind>
<opcode="partselect(1002) " fcode="partselect"/>
<opset="tmp_s/1 "/>
</bind>
</comp>

<comp id="1695" class="1004" name="lshr_ln42_280_cast_fu_1695">
<pin_list>
<pin id="1696" dir="0" index="0" bw="9" slack="0"/>
<pin id="1697" dir="1" index="1" bw="10" slack="0"/>
</pin_list>
<bind>
<opcode="zext(34) " fcode="zext"/>
<opset="lshr_ln42_280_cast/1 "/>
</bind>
</comp>

<comp id="1699" class="1004" name="tmp_72_fu_1699">
<pin_list>
<pin id="1700" dir="0" index="0" bw="13" slack="0"/>
<pin id="1701" dir="0" index="1" bw="15" slack="0"/>
<pin id="1702" dir="0" index="2" bw="3" slack="0"/>
<pin id="1703" dir="0" index="3" bw="5" slack="0"/>
<pin id="1704" dir="1" index="4" bw="13" slack="0"/>
</pin_list>
<bind>
<opcode="partselect(1002) " fcode="partselect"/>
<opset="tmp_72/1 "/>
</bind>
</comp>

<comp id="1709" class="1004" name="zext_ln73_84_fu_1709">
<pin_list>
<pin id="1710" dir="0" index="0" bw="13" slack="0"/>
<pin id="1711" dir="1" index="1" bw="14" slack="0"/>
</pin_list>
<bind>
<opcode="zext(34) " fcode="zext"/>
<opset="zext_ln73_84/1 "/>
</bind>
</comp>

<comp id="1713" class="1004" name="zext_ln73_89_fu_1713">
<pin_list>
<pin id="1714" dir="0" index="0" bw="15" slack="0"/>
<pin id="1715" dir="1" index="1" bw="24" slack="0"/>
</pin_list>
<bind>
<opcode="zext(34) " fcode="zext"/>
<opset="zext_ln73_89/1 "/>
</bind>
</comp>

<comp id="1718" class="1004" name="shl_ln73_166_fu_1718">
<pin_list>
<pin id="1719" dir="0" index="0" bw="24" slack="0"/>
<pin id="1720" dir="0" index="1" bw="15" slack="0"/>
<pin id="1721" dir="0" index="2" bw="1" slack="0"/>
<pin id="1722" dir="1" index="3" bw="24" slack="0"/>
</pin_list>
<bind>
<opcode="bitconcatenate(1004) " fcode="bitconcatenate"/>
<opset="shl_ln73_166/1 "/>
</bind>
</comp>

<comp id="1726" class="1004" name="zext_ln73_91_fu_1726">
<pin_list>
<pin id="1727" dir="0" index="0" bw="24" slack="0"/>
<pin id="1728" dir="1" index="1" bw="25" slack="0"/>
</pin_list>
<bind>
<opcode="zext(34) " fcode="zext"/>
<opset="zext_ln73_91/1 "/>
</bind>
</comp>

<comp id="1730" class="1004" name="shl_ln73_167_fu_1730">
<pin_list>
<pin id="1731" dir="0" index="0" bw="21" slack="0"/>
<pin id="1732" dir="0" index="1" bw="15" slack="0"/>
<pin id="1733" dir="0" index="2" bw="1" slack="0"/>
<pin id="1734" dir="1" index="3" bw="21" slack="0"/>
</pin_list>
<bind>
<opcode="bitconcatenate(1004) " fcode="bitconcatenate"/>
<opset="shl_ln73_167/1 "/>
</bind>
</comp>

<comp id="1738" class="1004" name="zext_ln73_92_fu_1738">
<pin_list>
<pin id="1739" dir="0" index="0" bw="21" slack="0"/>
<pin id="1740" dir="1" index="1" bw="25" slack="0"/>
</pin_list>
<bind>
<opcode="zext(34) " fcode="zext"/>
<opset="zext_ln73_92/1 "/>
</bind>
</comp>

<comp id="1742" class="1004" name="sub_ln73_186_fu_1742">
<pin_list>
<pin id="1743" dir="0" index="0" bw="21" slack="0"/>
<pin id="1744" dir="0" index="1" bw="24" slack="0"/>
<pin id="1745" dir="1" index="2" bw="25" slack="0"/>
</pin_list>
<bind>
<opcode="sub(10) " fcode="sub"/>
<opset="sub_ln73_186/1 "/>
</bind>
</comp>

<comp id="1748" class="1004" name="trunc_ln42_120_fu_1748">
<pin_list>
<pin id="1749" dir="0" index="0" bw="15" slack="0"/>
<pin id="1750" dir="0" index="1" bw="25" slack="0"/>
<pin id="1751" dir="0" index="2" bw="5" slack="0"/>
<pin id="1752" dir="0" index="3" bw="6" slack="0"/>
<pin id="1753" dir="1" index="4" bw="15" slack="0"/>
</pin_list>
<bind>
<opcode="partselect(1002) " fcode="partselect"/>
<opset="trunc_ln42_120/1 "/>
</bind>
</comp>

<comp id="1758" class="1004" name="sext_ln42_119_fu_1758">
<pin_list>
<pin id="1759" dir="0" index="0" bw="15" slack="0"/>
<pin id="1760" dir="1" index="1" bw="16" slack="0"/>
</pin_list>
<bind>
<opcode="sext(35) " fcode="sext"/>
<opset="sext_ln42_119/1 "/>
</bind>
</comp>

<comp id="1762" class="1004" name="trunc_ln42_122_fu_1762">
<pin_list>
<pin id="1763" dir="0" index="0" bw="14" slack="0"/>
<pin id="1764" dir="0" index="1" bw="24" slack="0"/>
<pin id="1765" dir="0" index="2" bw="5" slack="0"/>
<pin id="1766" dir="0" index="3" bw="6" slack="0"/>
<pin id="1767" dir="1" index="4" bw="14" slack="0"/>
</pin_list>
<bind>
<opcode="partselect(1002) " fcode="partselect"/>
<opset="trunc_ln42_122/1 "/>
</bind>
</comp>

<comp id="1772" class="1004" name="sext_ln42_120_fu_1772">
<pin_list>
<pin id="1773" dir="0" index="0" bw="14" slack="0"/>
<pin id="1774" dir="1" index="1" bw="15" slack="0"/>
</pin_list>
<bind>
<opcode="sext(35) " fcode="sext"/>
<opset="sext_ln42_120/1 "/>
</bind>
</comp>

<comp id="1776" class="1004" name="lshr_ln42_2_fu_1776">
<pin_list>
<pin id="1777" dir="0" index="0" bw="12" slack="0"/>
<pin id="1778" dir="0" index="1" bw="14" slack="0"/>
<pin id="1779" dir="0" index="2" bw="3" slack="0"/>
<pin id="1780" dir="0" index="3" bw="5" slack="0"/>
<pin id="1781" dir="1" index="4" bw="12" slack="0"/>
</pin_list>
<bind>
<opcode="partselect(1002) " fcode="partselect"/>
<opset="lshr_ln42_2/1 "/>
</bind>
</comp>

<comp id="1786" class="1004" name="zext_ln42_27_fu_1786">
<pin_list>
<pin id="1787" dir="0" index="0" bw="12" slack="0"/>
<pin id="1788" dir="1" index="1" bw="14" slack="0"/>
</pin_list>
<bind>
<opcode="zext(34) " fcode="zext"/>
<opset="zext_ln42_27/1 "/>
</bind>
</comp>

<comp id="1790" class="1004" name="shl_ln73_170_fu_1790">
<pin_list>
<pin id="1791" dir="0" index="0" bw="19" slack="0"/>
<pin id="1792" dir="0" index="1" bw="14" slack="0"/>
<pin id="1793" dir="0" index="2" bw="1" slack="0"/>
<pin id="1794" dir="1" index="3" bw="19" slack="0"/>
</pin_list>
<bind>
<opcode="bitconcatenate(1004) " fcode="bitconcatenate"/>
<opset="shl_ln73_170/1 "/>
</bind>
</comp>

<comp id="1798" class="1004" name="zext_ln73_95_fu_1798">
<pin_list>
<pin id="1799" dir="0" index="0" bw="19" slack="0"/>
<pin id="1800" dir="1" index="1" bw="20" slack="0"/>
</pin_list>
<bind>
<opcode="zext(34) " fcode="zext"/>
<opset="zext_ln73_95/1 "/>
</bind>
</comp>

<comp id="1802" class="1004" name="sub_ln73_188_fu_1802">
<pin_list>
<pin id="1803" dir="0" index="0" bw="1" slack="0"/>
<pin id="1804" dir="0" index="1" bw="19" slack="0"/>
<pin id="1805" dir="1" index="2" bw="20" slack="0"/>
</pin_list>
<bind>
<opcode="sub(10) " fcode="sub"/>
<opset="sub_ln73_188/1 "/>
</bind>
</comp>

<comp id="1808" class="1004" name="trunc_ln42_123_fu_1808">
<pin_list>
<pin id="1809" dir="0" index="0" bw="10" slack="0"/>
<pin id="1810" dir="0" index="1" bw="20" slack="0"/>
<pin id="1811" dir="0" index="2" bw="5" slack="0"/>
<pin id="1812" dir="0" index="3" bw="6" slack="0"/>
<pin id="1813" dir="1" index="4" bw="10" slack="0"/>
</pin_list>
<bind>
<opcode="partselect(1002) " fcode="partselect"/>
<opset="trunc_ln42_123/1 "/>
</bind>
</comp>

<comp id="1818" class="1004" name="sext_ln73_125_fu_1818">
<pin_list>
<pin id="1819" dir="0" index="0" bw="10" slack="0"/>
<pin id="1820" dir="1" index="1" bw="14" slack="0"/>
</pin_list>
<bind>
<opcode="sext(35) " fcode="sext"/>
<opset="sext_ln73_125/1 "/>
</bind>
</comp>

<comp id="1822" class="1004" name="shl_ln73_171_fu_1822">
<pin_list>
<pin id="1823" dir="0" index="0" bw="22" slack="0"/>
<pin id="1824" dir="0" index="1" bw="14" slack="0"/>
<pin id="1825" dir="0" index="2" bw="1" slack="0"/>
<pin id="1826" dir="1" index="3" bw="22" slack="0"/>
</pin_list>
<bind>
<opcode="bitconcatenate(1004) " fcode="bitconcatenate"/>
<opset="shl_ln73_171/1 "/>
</bind>
</comp>

<comp id="1830" class="1004" name="zext_ln73_96_fu_1830">
<pin_list>
<pin id="1831" dir="0" index="0" bw="22" slack="0"/>
<pin id="1832" dir="1" index="1" bw="23" slack="0"/>
</pin_list>
<bind>
<opcode="zext(34) " fcode="zext"/>
<opset="zext_ln73_96/1 "/>
</bind>
</comp>

<comp id="1834" class="1004" name="sub_ln73_189_fu_1834">
<pin_list>
<pin id="1835" dir="0" index="0" bw="1" slack="0"/>
<pin id="1836" dir="0" index="1" bw="22" slack="0"/>
<pin id="1837" dir="1" index="2" bw="23" slack="0"/>
</pin_list>
<bind>
<opcode="sub(10) " fcode="sub"/>
<opset="sub_ln73_189/1 "/>
</bind>
</comp>

<comp id="1840" class="1004" name="trunc_ln42_124_fu_1840">
<pin_list>
<pin id="1841" dir="0" index="0" bw="13" slack="0"/>
<pin id="1842" dir="0" index="1" bw="23" slack="0"/>
<pin id="1843" dir="0" index="2" bw="5" slack="0"/>
<pin id="1844" dir="0" index="3" bw="6" slack="0"/>
<pin id="1845" dir="1" index="4" bw="13" slack="0"/>
</pin_list>
<bind>
<opcode="partselect(1002) " fcode="partselect"/>
<opset="trunc_ln42_124/1 "/>
</bind>
</comp>

<comp id="1850" class="1004" name="trunc_ln42_225_cast_fu_1850">
<pin_list>
<pin id="1851" dir="0" index="0" bw="13" slack="0"/>
<pin id="1852" dir="1" index="1" bw="15" slack="0"/>
</pin_list>
<bind>
<opcode="sext(35) " fcode="sext"/>
<opset="trunc_ln42_225_cast/1 "/>
</bind>
</comp>

<comp id="1854" class="1004" name="tmp_75_fu_1854">
<pin_list>
<pin id="1855" dir="0" index="0" bw="11" slack="0"/>
<pin id="1856" dir="0" index="1" bw="14" slack="0"/>
<pin id="1857" dir="0" index="2" bw="3" slack="0"/>
<pin id="1858" dir="0" index="3" bw="5" slack="0"/>
<pin id="1859" dir="1" index="4" bw="11" slack="0"/>
</pin_list>
<bind>
<opcode="partselect(1002) " fcode="partselect"/>
<opset="tmp_75/1 "/>
</bind>
</comp>

<comp id="1864" class="1004" name="lshr_ln42_294_cast_fu_1864">
<pin_list>
<pin id="1865" dir="0" index="0" bw="11" slack="0"/>
<pin id="1866" dir="1" index="1" bw="12" slack="0"/>
</pin_list>
<bind>
<opcode="zext(34) " fcode="zext"/>
<opset="lshr_ln42_294_cast/1 "/>
</bind>
</comp>

<comp id="1868" class="1004" name="lshr_ln42_3_fu_1868">
<pin_list>
<pin id="1869" dir="0" index="0" bw="11" slack="0"/>
<pin id="1870" dir="0" index="1" bw="13" slack="0"/>
<pin id="1871" dir="0" index="2" bw="3" slack="0"/>
<pin id="1872" dir="0" index="3" bw="5" slack="0"/>
<pin id="1873" dir="1" index="4" bw="11" slack="0"/>
</pin_list>
<bind>
<opcode="partselect(1002) " fcode="partselect"/>
<opset="lshr_ln42_3/1 "/>
</bind>
</comp>

<comp id="1878" class="1004" name="zext_ln42_28_fu_1878">
<pin_list>
<pin id="1879" dir="0" index="0" bw="11" slack="0"/>
<pin id="1880" dir="1" index="1" bw="13" slack="0"/>
</pin_list>
<bind>
<opcode="zext(34) " fcode="zext"/>
<opset="zext_ln42_28/1 "/>
</bind>
</comp>

<comp id="1882" class="1004" name="zext_ln73_97_fu_1882">
<pin_list>
<pin id="1883" dir="0" index="0" bw="11" slack="0"/>
<pin id="1884" dir="1" index="1" bw="14" slack="0"/>
</pin_list>
<bind>
<opcode="zext(34) " fcode="zext"/>
<opset="zext_ln73_97/1 "/>
</bind>
</comp>

<comp id="1886" class="1004" name="zext_ln73_98_fu_1886">
<pin_list>
<pin id="1887" dir="0" index="0" bw="11" slack="0"/>
<pin id="1888" dir="1" index="1" bw="12" slack="0"/>
</pin_list>
<bind>
<opcode="zext(34) " fcode="zext"/>
<opset="zext_ln73_98/1 "/>
</bind>
</comp>

<comp id="1890" class="1004" name="shl_ln73_172_fu_1890">
<pin_list>
<pin id="1891" dir="0" index="0" bw="21" slack="0"/>
<pin id="1892" dir="0" index="1" bw="13" slack="0"/>
<pin id="1893" dir="0" index="2" bw="1" slack="0"/>
<pin id="1894" dir="1" index="3" bw="21" slack="0"/>
</pin_list>
<bind>
<opcode="bitconcatenate(1004) " fcode="bitconcatenate"/>
<opset="shl_ln73_172/1 "/>
</bind>
</comp>

<comp id="1898" class="1004" name="zext_ln73_99_fu_1898">
<pin_list>
<pin id="1899" dir="0" index="0" bw="21" slack="0"/>
<pin id="1900" dir="1" index="1" bw="22" slack="0"/>
</pin_list>
<bind>
<opcode="zext(34) " fcode="zext"/>
<opset="zext_ln73_99/1 "/>
</bind>
</comp>

<comp id="1902" class="1004" name="sub_ln73_190_fu_1902">
<pin_list>
<pin id="1903" dir="0" index="0" bw="1" slack="0"/>
<pin id="1904" dir="0" index="1" bw="21" slack="0"/>
<pin id="1905" dir="1" index="2" bw="22" slack="0"/>
</pin_list>
<bind>
<opcode="sub(10) " fcode="sub"/>
<opset="sub_ln73_190/1 "/>
</bind>
</comp>

<comp id="1908" class="1004" name="trunc_ln42_125_fu_1908">
<pin_list>
<pin id="1909" dir="0" index="0" bw="12" slack="0"/>
<pin id="1910" dir="0" index="1" bw="22" slack="0"/>
<pin id="1911" dir="0" index="2" bw="5" slack="0"/>
<pin id="1912" dir="0" index="3" bw="6" slack="0"/>
<pin id="1913" dir="1" index="4" bw="12" slack="0"/>
</pin_list>
<bind>
<opcode="partselect(1002) " fcode="partselect"/>
<opset="trunc_ln42_125/1 "/>
</bind>
</comp>

<comp id="1918" class="1004" name="sext_ln73_126_fu_1918">
<pin_list>
<pin id="1919" dir="0" index="0" bw="12" slack="0"/>
<pin id="1920" dir="1" index="1" bw="15" slack="0"/>
</pin_list>
<bind>
<opcode="sext(35) " fcode="sext"/>
<opset="sext_ln73_126/1 "/>
</bind>
</comp>

<comp id="1922" class="1004" name="shl_ln73_173_fu_1922">
<pin_list>
<pin id="1923" dir="0" index="0" bw="21" slack="0"/>
<pin id="1924" dir="0" index="1" bw="14" slack="0"/>
<pin id="1925" dir="0" index="2" bw="1" slack="0"/>
<pin id="1926" dir="1" index="3" bw="21" slack="0"/>
</pin_list>
<bind>
<opcode="bitconcatenate(1004) " fcode="bitconcatenate"/>
<opset="shl_ln73_173/1 "/>
</bind>
</comp>

<comp id="1930" class="1004" name="zext_ln73_100_fu_1930">
<pin_list>
<pin id="1931" dir="0" index="0" bw="21" slack="0"/>
<pin id="1932" dir="1" index="1" bw="22" slack="0"/>
</pin_list>
<bind>
<opcode="zext(34) " fcode="zext"/>
<opset="zext_ln73_100/1 "/>
</bind>
</comp>

<comp id="1934" class="1004" name="sub_ln73_191_fu_1934">
<pin_list>
<pin id="1935" dir="0" index="0" bw="1" slack="0"/>
<pin id="1936" dir="0" index="1" bw="21" slack="0"/>
<pin id="1937" dir="1" index="2" bw="22" slack="0"/>
</pin_list>
<bind>
<opcode="sub(10) " fcode="sub"/>
<opset="sub_ln73_191/1 "/>
</bind>
</comp>

<comp id="1940" class="1004" name="sext_ln73_fu_1940">
<pin_list>
<pin id="1941" dir="0" index="0" bw="22" slack="0"/>
<pin id="1942" dir="1" index="1" bw="23" slack="0"/>
</pin_list>
<bind>
<opcode="sext(35) " fcode="sext"/>
<opset="sext_ln73/1 "/>
</bind>
</comp>

<comp id="1944" class="1004" name="shl_ln73_174_fu_1944">
<pin_list>
<pin id="1945" dir="0" index="0" bw="19" slack="0"/>
<pin id="1946" dir="0" index="1" bw="14" slack="0"/>
<pin id="1947" dir="0" index="2" bw="1" slack="0"/>
<pin id="1948" dir="1" index="3" bw="19" slack="0"/>
</pin_list>
<bind>
<opcode="bitconcatenate(1004) " fcode="bitconcatenate"/>
<opset="shl_ln73_174/1 "/>
</bind>
</comp>

<comp id="1952" class="1004" name="zext_ln73_101_fu_1952">
<pin_list>
<pin id="1953" dir="0" index="0" bw="19" slack="0"/>
<pin id="1954" dir="1" index="1" bw="23" slack="0"/>
</pin_list>
<bind>
<opcode="zext(34) " fcode="zext"/>
<opset="zext_ln73_101/1 "/>
</bind>
</comp>

<comp id="1956" class="1004" name="sub_ln73_192_fu_1956">
<pin_list>
<pin id="1957" dir="0" index="0" bw="22" slack="0"/>
<pin id="1958" dir="0" index="1" bw="19" slack="0"/>
<pin id="1959" dir="1" index="2" bw="23" slack="0"/>
</pin_list>
<bind>
<opcode="sub(10) " fcode="sub"/>
<opset="sub_ln73_192/1 "/>
</bind>
</comp>

<comp id="1962" class="1004" name="trunc_ln42_126_fu_1962">
<pin_list>
<pin id="1963" dir="0" index="0" bw="13" slack="0"/>
<pin id="1964" dir="0" index="1" bw="23" slack="0"/>
<pin id="1965" dir="0" index="2" bw="5" slack="0"/>
<pin id="1966" dir="0" index="3" bw="6" slack="0"/>
<pin id="1967" dir="1" index="4" bw="13" slack="0"/>
</pin_list>
<bind>
<opcode="partselect(1002) " fcode="partselect"/>
<opset="trunc_ln42_126/1 "/>
</bind>
</comp>

<comp id="1972" class="1004" name="sext_ln42_121_fu_1972">
<pin_list>
<pin id="1973" dir="0" index="0" bw="13" slack="0"/>
<pin id="1974" dir="1" index="1" bw="16" slack="0"/>
</pin_list>
<bind>
<opcode="sext(35) " fcode="sext"/>
<opset="sext_ln42_121/1 "/>
</bind>
</comp>

<comp id="1976" class="1004" name="tmp_76_fu_1976">
<pin_list>
<pin id="1977" dir="0" index="0" bw="10" slack="0"/>
<pin id="1978" dir="0" index="1" bw="14" slack="0"/>
<pin id="1979" dir="0" index="2" bw="4" slack="0"/>
<pin id="1980" dir="0" index="3" bw="5" slack="0"/>
<pin id="1981" dir="1" index="4" bw="10" slack="0"/>
</pin_list>
<bind>
<opcode="partselect(1002) " fcode="partselect"/>
<opset="tmp_76/1 "/>
</bind>
</comp>

<comp id="1986" class="1004" name="zext_ln42_29_fu_1986">
<pin_list>
<pin id="1987" dir="0" index="0" bw="10" slack="0"/>
<pin id="1988" dir="1" index="1" bw="12" slack="0"/>
</pin_list>
<bind>
<opcode="zext(34) " fcode="zext"/>
<opset="zext_ln42_29/1 "/>
</bind>
</comp>

<comp id="1990" class="1004" name="tmp_77_fu_1990">
<pin_list>
<pin id="1991" dir="0" index="0" bw="9" slack="0"/>
<pin id="1992" dir="0" index="1" bw="14" slack="0"/>
<pin id="1993" dir="0" index="2" bw="4" slack="0"/>
<pin id="1994" dir="0" index="3" bw="5" slack="0"/>
<pin id="1995" dir="1" index="4" bw="9" slack="0"/>
</pin_list>
<bind>
<opcode="partselect(1002) " fcode="partselect"/>
<opset="tmp_77/1 "/>
</bind>
</comp>

<comp id="2000" class="1004" name="zext_ln73_102_fu_2000">
<pin_list>
<pin id="2001" dir="0" index="0" bw="9" slack="0"/>
<pin id="2002" dir="1" index="1" bw="11" slack="0"/>
</pin_list>
<bind>
<opcode="zext(34) " fcode="zext"/>
<opset="zext_ln73_102/1 "/>
</bind>
</comp>

<comp id="2004" class="1004" name="shl_ln73_175_fu_2004">
<pin_list>
<pin id="2005" dir="0" index="0" bw="22" slack="0"/>
<pin id="2006" dir="0" index="1" bw="14" slack="0"/>
<pin id="2007" dir="0" index="2" bw="1" slack="0"/>
<pin id="2008" dir="1" index="3" bw="22" slack="0"/>
</pin_list>
<bind>
<opcode="bitconcatenate(1004) " fcode="bitconcatenate"/>
<opset="shl_ln73_175/1 "/>
</bind>
</comp>

<comp id="2012" class="1004" name="zext_ln73_103_fu_2012">
<pin_list>
<pin id="2013" dir="0" index="0" bw="22" slack="0"/>
<pin id="2014" dir="1" index="1" bw="23" slack="0"/>
</pin_list>
<bind>
<opcode="zext(34) " fcode="zext"/>
<opset="zext_ln73_103/1 "/>
</bind>
</comp>

<comp id="2016" class="1004" name="shl_ln73_176_fu_2016">
<pin_list>
<pin id="2017" dir="0" index="0" bw="20" slack="0"/>
<pin id="2018" dir="0" index="1" bw="14" slack="0"/>
<pin id="2019" dir="0" index="2" bw="1" slack="0"/>
<pin id="2020" dir="1" index="3" bw="20" slack="0"/>
</pin_list>
<bind>
<opcode="bitconcatenate(1004) " fcode="bitconcatenate"/>
<opset="shl_ln73_176/1 "/>
</bind>
</comp>

<comp id="2024" class="1004" name="zext_ln73_104_fu_2024">
<pin_list>
<pin id="2025" dir="0" index="0" bw="20" slack="0"/>
<pin id="2026" dir="1" index="1" bw="23" slack="0"/>
</pin_list>
<bind>
<opcode="zext(34) " fcode="zext"/>
<opset="zext_ln73_104/1 "/>
</bind>
</comp>

<comp id="2028" class="1004" name="sub_ln73_193_fu_2028">
<pin_list>
<pin id="2029" dir="0" index="0" bw="22" slack="0"/>
<pin id="2030" dir="0" index="1" bw="20" slack="0"/>
<pin id="2031" dir="1" index="2" bw="23" slack="0"/>
</pin_list>
<bind>
<opcode="sub(10) " fcode="sub"/>
<opset="sub_ln73_193/1 "/>
</bind>
</comp>

<comp id="2034" class="1004" name="trunc_ln42_127_fu_2034">
<pin_list>
<pin id="2035" dir="0" index="0" bw="13" slack="0"/>
<pin id="2036" dir="0" index="1" bw="23" slack="0"/>
<pin id="2037" dir="0" index="2" bw="5" slack="0"/>
<pin id="2038" dir="0" index="3" bw="6" slack="0"/>
<pin id="2039" dir="1" index="4" bw="13" slack="0"/>
</pin_list>
<bind>
<opcode="partselect(1002) " fcode="partselect"/>
<opset="trunc_ln42_127/1 "/>
</bind>
</comp>

<comp id="2044" class="1004" name="trunc_ln42_228_cast_fu_2044">
<pin_list>
<pin id="2045" dir="0" index="0" bw="13" slack="0"/>
<pin id="2046" dir="1" index="1" bw="15" slack="0"/>
</pin_list>
<bind>
<opcode="sext(35) " fcode="sext"/>
<opset="trunc_ln42_228_cast/1 "/>
</bind>
</comp>

<comp id="2048" class="1004" name="tmp_78_fu_2048">
<pin_list>
<pin id="2049" dir="0" index="0" bw="11" slack="0"/>
<pin id="2050" dir="0" index="1" bw="14" slack="0"/>
<pin id="2051" dir="0" index="2" bw="3" slack="0"/>
<pin id="2052" dir="0" index="3" bw="5" slack="0"/>
<pin id="2053" dir="1" index="4" bw="11" slack="0"/>
</pin_list>
<bind>
<opcode="partselect(1002) " fcode="partselect"/>
<opset="tmp_78/1 "/>
</bind>
</comp>

<comp id="2058" class="1004" name="lshr_ln42_301_cast_fu_2058">
<pin_list>
<pin id="2059" dir="0" index="0" bw="11" slack="0"/>
<pin id="2060" dir="1" index="1" bw="12" slack="0"/>
</pin_list>
<bind>
<opcode="zext(34) " fcode="zext"/>
<opset="lshr_ln42_301_cast/1 "/>
</bind>
</comp>

<comp id="2062" class="1004" name="shl_ln73_177_fu_2062">
<pin_list>
<pin id="2063" dir="0" index="0" bw="21" slack="0"/>
<pin id="2064" dir="0" index="1" bw="15" slack="0"/>
<pin id="2065" dir="0" index="2" bw="1" slack="0"/>
<pin id="2066" dir="1" index="3" bw="21" slack="0"/>
</pin_list>
<bind>
<opcode="bitconcatenate(1004) " fcode="bitconcatenate"/>
<opset="shl_ln73_177/1 "/>
</bind>
</comp>

<comp id="2070" class="1004" name="zext_ln73_105_fu_2070">
<pin_list>
<pin id="2071" dir="0" index="0" bw="21" slack="0"/>
<pin id="2072" dir="1" index="1" bw="24" slack="0"/>
</pin_list>
<bind>
<opcode="zext(34) " fcode="zext"/>
<opset="zext_ln73_105/1 "/>
</bind>
</comp>

<comp id="2074" class="1004" name="zext_ln73_106_fu_2074">
<pin_list>
<pin id="2075" dir="0" index="0" bw="21" slack="0"/>
<pin id="2076" dir="1" index="1" bw="22" slack="0"/>
</pin_list>
<bind>
<opcode="zext(34) " fcode="zext"/>
<opset="zext_ln73_106/1 "/>
</bind>
</comp>

<comp id="2078" class="1004" name="sub_ln73_194_fu_2078">
<pin_list>
<pin id="2079" dir="0" index="0" bw="1" slack="0"/>
<pin id="2080" dir="0" index="1" bw="21" slack="0"/>
<pin id="2081" dir="1" index="2" bw="22" slack="0"/>
</pin_list>
<bind>
<opcode="sub(10) " fcode="sub"/>
<opset="sub_ln73_194/1 "/>
</bind>
</comp>

<comp id="2084" class="1004" name="trunc_ln42_128_fu_2084">
<pin_list>
<pin id="2085" dir="0" index="0" bw="12" slack="0"/>
<pin id="2086" dir="0" index="1" bw="22" slack="0"/>
<pin id="2087" dir="0" index="2" bw="5" slack="0"/>
<pin id="2088" dir="0" index="3" bw="6" slack="0"/>
<pin id="2089" dir="1" index="4" bw="12" slack="0"/>
</pin_list>
<bind>
<opcode="partselect(1002) " fcode="partselect"/>
<opset="trunc_ln42_128/1 "/>
</bind>
</comp>

<comp id="2094" class="1004" name="sext_ln73_127_fu_2094">
<pin_list>
<pin id="2095" dir="0" index="0" bw="12" slack="0"/>
<pin id="2096" dir="1" index="1" bw="15" slack="0"/>
</pin_list>
<bind>
<opcode="sext(35) " fcode="sext"/>
<opset="sext_ln73_127/1 "/>
</bind>
</comp>

<comp id="2098" class="1004" name="shl_ln73_178_fu_2098">
<pin_list>
<pin id="2099" dir="0" index="0" bw="22" slack="0"/>
<pin id="2100" dir="0" index="1" bw="15" slack="0"/>
<pin id="2101" dir="0" index="2" bw="1" slack="0"/>
<pin id="2102" dir="1" index="3" bw="22" slack="0"/>
</pin_list>
<bind>
<opcode="bitconcatenate(1004) " fcode="bitconcatenate"/>
<opset="shl_ln73_178/1 "/>
</bind>
</comp>

<comp id="2106" class="1004" name="zext_ln73_107_fu_2106">
<pin_list>
<pin id="2107" dir="0" index="0" bw="22" slack="0"/>
<pin id="2108" dir="1" index="1" bw="23" slack="0"/>
</pin_list>
<bind>
<opcode="zext(34) " fcode="zext"/>
<opset="zext_ln73_107/1 "/>
</bind>
</comp>

<comp id="2110" class="1004" name="shl_ln73_179_fu_2110">
<pin_list>
<pin id="2111" dir="0" index="0" bw="19" slack="0"/>
<pin id="2112" dir="0" index="1" bw="15" slack="0"/>
<pin id="2113" dir="0" index="2" bw="1" slack="0"/>
<pin id="2114" dir="1" index="3" bw="19" slack="0"/>
</pin_list>
<bind>
<opcode="bitconcatenate(1004) " fcode="bitconcatenate"/>
<opset="shl_ln73_179/1 "/>
</bind>
</comp>

<comp id="2118" class="1004" name="zext_ln73_108_fu_2118">
<pin_list>
<pin id="2119" dir="0" index="0" bw="19" slack="0"/>
<pin id="2120" dir="1" index="1" bw="23" slack="0"/>
</pin_list>
<bind>
<opcode="zext(34) " fcode="zext"/>
<opset="zext_ln73_108/1 "/>
</bind>
</comp>

<comp id="2122" class="1004" name="sub_ln73_195_fu_2122">
<pin_list>
<pin id="2123" dir="0" index="0" bw="19" slack="0"/>
<pin id="2124" dir="0" index="1" bw="22" slack="0"/>
<pin id="2125" dir="1" index="2" bw="23" slack="0"/>
</pin_list>
<bind>
<opcode="sub(10) " fcode="sub"/>
<opset="sub_ln73_195/1 "/>
</bind>
</comp>

<comp id="2128" class="1004" name="trunc_ln42_129_fu_2128">
<pin_list>
<pin id="2129" dir="0" index="0" bw="13" slack="0"/>
<pin id="2130" dir="0" index="1" bw="23" slack="0"/>
<pin id="2131" dir="0" index="2" bw="5" slack="0"/>
<pin id="2132" dir="0" index="3" bw="6" slack="0"/>
<pin id="2133" dir="1" index="4" bw="13" slack="0"/>
</pin_list>
<bind>
<opcode="partselect(1002) " fcode="partselect"/>
<opset="trunc_ln42_129/1 "/>
</bind>
</comp>

<comp id="2138" class="1004" name="sext_ln73_128_fu_2138">
<pin_list>
<pin id="2139" dir="0" index="0" bw="13" slack="0"/>
<pin id="2140" dir="1" index="1" bw="14" slack="0"/>
</pin_list>
<bind>
<opcode="sext(35) " fcode="sext"/>
<opset="sext_ln73_128/1 "/>
</bind>
</comp>

<comp id="2142" class="1004" name="shl_ln73_180_fu_2142">
<pin_list>
<pin id="2143" dir="0" index="0" bw="23" slack="0"/>
<pin id="2144" dir="0" index="1" bw="15" slack="0"/>
<pin id="2145" dir="0" index="2" bw="1" slack="0"/>
<pin id="2146" dir="1" index="3" bw="23" slack="0"/>
</pin_list>
<bind>
<opcode="bitconcatenate(1004) " fcode="bitconcatenate"/>
<opset="shl_ln73_180/1 "/>
</bind>
</comp>

<comp id="2150" class="1004" name="zext_ln73_109_fu_2150">
<pin_list>
<pin id="2151" dir="0" index="0" bw="23" slack="0"/>
<pin id="2152" dir="1" index="1" bw="24" slack="0"/>
</pin_list>
<bind>
<opcode="zext(34) " fcode="zext"/>
<opset="zext_ln73_109/1 "/>
</bind>
</comp>

<comp id="2154" class="1004" name="shl_ln73_181_fu_2154">
<pin_list>
<pin id="2155" dir="0" index="0" bw="20" slack="0"/>
<pin id="2156" dir="0" index="1" bw="15" slack="0"/>
<pin id="2157" dir="0" index="2" bw="1" slack="0"/>
<pin id="2158" dir="1" index="3" bw="20" slack="0"/>
</pin_list>
<bind>
<opcode="bitconcatenate(1004) " fcode="bitconcatenate"/>
<opset="shl_ln73_181/1 "/>
</bind>
</comp>

<comp id="2162" class="1004" name="zext_ln73_110_fu_2162">
<pin_list>
<pin id="2163" dir="0" index="0" bw="20" slack="0"/>
<pin id="2164" dir="1" index="1" bw="23" slack="0"/>
</pin_list>
<bind>
<opcode="zext(34) " fcode="zext"/>
<opset="zext_ln73_110/1 "/>
</bind>
</comp>

<comp id="2166" class="1004" name="zext_ln73_111_fu_2166">
<pin_list>
<pin id="2167" dir="0" index="0" bw="20" slack="0"/>
<pin id="2168" dir="1" index="1" bw="24" slack="0"/>
</pin_list>
<bind>
<opcode="zext(34) " fcode="zext"/>
<opset="zext_ln73_111/1 "/>
</bind>
</comp>

<comp id="2170" class="1004" name="add_ln73_11_fu_2170">
<pin_list>
<pin id="2171" dir="0" index="0" bw="23" slack="0"/>
<pin id="2172" dir="0" index="1" bw="20" slack="0"/>
<pin id="2173" dir="1" index="2" bw="24" slack="0"/>
</pin_list>
<bind>
<opcode="add(8) " fcode="add"/>
<opset="add_ln73_11/1 "/>
</bind>
</comp>

<comp id="2176" class="1004" name="tmp_79_fu_2176">
<pin_list>
<pin id="2177" dir="0" index="0" bw="14" slack="0"/>
<pin id="2178" dir="0" index="1" bw="24" slack="0"/>
<pin id="2179" dir="0" index="2" bw="5" slack="0"/>
<pin id="2180" dir="0" index="3" bw="6" slack="0"/>
<pin id="2181" dir="1" index="4" bw="14" slack="0"/>
</pin_list>
<bind>
<opcode="partselect(1002) " fcode="partselect"/>
<opset="tmp_79/1 "/>
</bind>
</comp>

<comp id="2186" class="1004" name="zext_ln73_126_fu_2186">
<pin_list>
<pin id="2187" dir="0" index="0" bw="14" slack="0"/>
<pin id="2188" dir="1" index="1" bw="15" slack="0"/>
</pin_list>
<bind>
<opcode="zext(34) " fcode="zext"/>
<opset="zext_ln73_126/1 "/>
</bind>
</comp>

<comp id="2190" class="1004" name="sub_ln73_196_fu_2190">
<pin_list>
<pin id="2191" dir="0" index="0" bw="21" slack="0"/>
<pin id="2192" dir="0" index="1" bw="23" slack="0"/>
<pin id="2193" dir="1" index="2" bw="24" slack="0"/>
</pin_list>
<bind>
<opcode="sub(10) " fcode="sub"/>
<opset="sub_ln73_196/1 "/>
</bind>
</comp>

<comp id="2196" class="1004" name="trunc_ln42_130_fu_2196">
<pin_list>
<pin id="2197" dir="0" index="0" bw="14" slack="0"/>
<pin id="2198" dir="0" index="1" bw="24" slack="0"/>
<pin id="2199" dir="0" index="2" bw="5" slack="0"/>
<pin id="2200" dir="0" index="3" bw="6" slack="0"/>
<pin id="2201" dir="1" index="4" bw="14" slack="0"/>
</pin_list>
<bind>
<opcode="partselect(1002) " fcode="partselect"/>
<opset="trunc_ln42_130/1 "/>
</bind>
</comp>

<comp id="2206" class="1004" name="sext_ln73_129_fu_2206">
<pin_list>
<pin id="2207" dir="0" index="0" bw="14" slack="0"/>
<pin id="2208" dir="1" index="1" bw="15" slack="0"/>
</pin_list>
<bind>
<opcode="sext(35) " fcode="sext"/>
<opset="sext_ln73_129/1 "/>
</bind>
</comp>

<comp id="2210" class="1004" name="sub_ln73_197_fu_2210">
<pin_list>
<pin id="2211" dir="0" index="0" bw="20" slack="0"/>
<pin id="2212" dir="0" index="1" bw="22" slack="0"/>
<pin id="2213" dir="1" index="2" bw="23" slack="0"/>
</pin_list>
<bind>
<opcode="sub(10) " fcode="sub"/>
<opset="sub_ln73_197/1 "/>
</bind>
</comp>

<comp id="2216" class="1004" name="trunc_ln42_131_fu_2216">
<pin_list>
<pin id="2217" dir="0" index="0" bw="13" slack="0"/>
<pin id="2218" dir="0" index="1" bw="23" slack="0"/>
<pin id="2219" dir="0" index="2" bw="5" slack="0"/>
<pin id="2220" dir="0" index="3" bw="6" slack="0"/>
<pin id="2221" dir="1" index="4" bw="13" slack="0"/>
</pin_list>
<bind>
<opcode="partselect(1002) " fcode="partselect"/>
<opset="trunc_ln42_131/1 "/>
</bind>
</comp>

<comp id="2226" class="1004" name="sext_ln42_122_fu_2226">
<pin_list>
<pin id="2227" dir="0" index="0" bw="13" slack="0"/>
<pin id="2228" dir="1" index="1" bw="15" slack="0"/>
</pin_list>
<bind>
<opcode="sext(35) " fcode="sext"/>
<opset="sext_ln42_122/1 "/>
</bind>
</comp>

<comp id="2230" class="1004" name="lshr_ln42_4_fu_2230">
<pin_list>
<pin id="2231" dir="0" index="0" bw="13" slack="0"/>
<pin id="2232" dir="0" index="1" bw="14" slack="0"/>
<pin id="2233" dir="0" index="2" bw="1" slack="0"/>
<pin id="2234" dir="0" index="3" bw="5" slack="0"/>
<pin id="2235" dir="1" index="4" bw="13" slack="0"/>
</pin_list>
<bind>
<opcode="partselect(1002) " fcode="partselect"/>
<opset="lshr_ln42_4/1 "/>
</bind>
</comp>

<comp id="2240" class="1004" name="zext_ln42_30_fu_2240">
<pin_list>
<pin id="2241" dir="0" index="0" bw="13" slack="0"/>
<pin id="2242" dir="1" index="1" bw="14" slack="0"/>
</pin_list>
<bind>
<opcode="zext(34) " fcode="zext"/>
<opset="zext_ln42_30/1 "/>
</bind>
</comp>

<comp id="2244" class="1004" name="lshr_ln42_5_fu_2244">
<pin_list>
<pin id="2245" dir="0" index="0" bw="12" slack="0"/>
<pin id="2246" dir="0" index="1" bw="14" slack="0"/>
<pin id="2247" dir="0" index="2" bw="3" slack="0"/>
<pin id="2248" dir="0" index="3" bw="5" slack="0"/>
<pin id="2249" dir="1" index="4" bw="12" slack="0"/>
</pin_list>
<bind>
<opcode="partselect(1002) " fcode="partselect"/>
<opset="lshr_ln42_5/1 "/>
</bind>
</comp>

<comp id="2254" class="1004" name="zext_ln42_22_fu_2254">
<pin_list>
<pin id="2255" dir="0" index="0" bw="12" slack="0"/>
<pin id="2256" dir="1" index="1" bw="16" slack="0"/>
</pin_list>
<bind>
<opcode="zext(34) " fcode="zext"/>
<opset="zext_ln42_22/1 "/>
</bind>
</comp>

<comp id="2258" class="1004" name="zext_ln73_112_fu_2258">
<pin_list>
<pin id="2259" dir="0" index="0" bw="12" slack="0"/>
<pin id="2260" dir="1" index="1" bw="15" slack="0"/>
</pin_list>
<bind>
<opcode="zext(34) " fcode="zext"/>
<opset="zext_ln73_112/1 "/>
</bind>
</comp>

<comp id="2262" class="1004" name="shl_ln73_182_fu_2262">
<pin_list>
<pin id="2263" dir="0" index="0" bw="23" slack="0"/>
<pin id="2264" dir="0" index="1" bw="14" slack="0"/>
<pin id="2265" dir="0" index="2" bw="1" slack="0"/>
<pin id="2266" dir="1" index="3" bw="23" slack="0"/>
</pin_list>
<bind>
<opcode="bitconcatenate(1004) " fcode="bitconcatenate"/>
<opset="shl_ln73_182/1 "/>
</bind>
</comp>

<comp id="2270" class="1004" name="zext_ln73_113_fu_2270">
<pin_list>
<pin id="2271" dir="0" index="0" bw="23" slack="0"/>
<pin id="2272" dir="1" index="1" bw="24" slack="0"/>
</pin_list>
<bind>
<opcode="zext(34) " fcode="zext"/>
<opset="zext_ln73_113/1 "/>
</bind>
</comp>

<comp id="2274" class="1004" name="sub_ln73_198_fu_2274">
<pin_list>
<pin id="2275" dir="0" index="0" bw="1" slack="0"/>
<pin id="2276" dir="0" index="1" bw="23" slack="0"/>
<pin id="2277" dir="1" index="2" bw="24" slack="0"/>
</pin_list>
<bind>
<opcode="sub(10) " fcode="sub"/>
<opset="sub_ln73_198/1 "/>
</bind>
</comp>

<comp id="2280" class="1004" name="trunc_ln42_132_fu_2280">
<pin_list>
<pin id="2281" dir="0" index="0" bw="14" slack="0"/>
<pin id="2282" dir="0" index="1" bw="24" slack="0"/>
<pin id="2283" dir="0" index="2" bw="5" slack="0"/>
<pin id="2284" dir="0" index="3" bw="6" slack="0"/>
<pin id="2285" dir="1" index="4" bw="14" slack="0"/>
</pin_list>
<bind>
<opcode="partselect(1002) " fcode="partselect"/>
<opset="trunc_ln42_132/1 "/>
</bind>
</comp>

<comp id="2290" class="1004" name="sext_ln42_123_fu_2290">
<pin_list>
<pin id="2291" dir="0" index="0" bw="14" slack="0"/>
<pin id="2292" dir="1" index="1" bw="15" slack="0"/>
</pin_list>
<bind>
<opcode="sext(35) " fcode="sext"/>
<opset="sext_ln42_123/1 "/>
</bind>
</comp>

<comp id="2294" class="1004" name="tmp_80_fu_2294">
<pin_list>
<pin id="2295" dir="0" index="0" bw="12" slack="0"/>
<pin id="2296" dir="0" index="1" bw="15" slack="0"/>
<pin id="2297" dir="0" index="2" bw="3" slack="0"/>
<pin id="2298" dir="0" index="3" bw="5" slack="0"/>
<pin id="2299" dir="1" index="4" bw="12" slack="0"/>
</pin_list>
<bind>
<opcode="partselect(1002) " fcode="partselect"/>
<opset="tmp_80/1 "/>
</bind>
</comp>

<comp id="2304" class="1004" name="zext_ln42_31_fu_2304">
<pin_list>
<pin id="2305" dir="0" index="0" bw="12" slack="0"/>
<pin id="2306" dir="1" index="1" bw="13" slack="0"/>
</pin_list>
<bind>
<opcode="zext(34) " fcode="zext"/>
<opset="zext_ln42_31/1 "/>
</bind>
</comp>

<comp id="2308" class="1004" name="lshr_ln42_6_fu_2308">
<pin_list>
<pin id="2309" dir="0" index="0" bw="13" slack="0"/>
<pin id="2310" dir="0" index="1" bw="15" slack="0"/>
<pin id="2311" dir="0" index="2" bw="3" slack="0"/>
<pin id="2312" dir="0" index="3" bw="5" slack="0"/>
<pin id="2313" dir="1" index="4" bw="13" slack="0"/>
</pin_list>
<bind>
<opcode="partselect(1002) " fcode="partselect"/>
<opset="lshr_ln42_6/1 "/>
</bind>
</comp>

<comp id="2318" class="1004" name="zext_ln42_32_fu_2318">
<pin_list>
<pin id="2319" dir="0" index="0" bw="13" slack="0"/>
<pin id="2320" dir="1" index="1" bw="15" slack="0"/>
</pin_list>
<bind>
<opcode="zext(34) " fcode="zext"/>
<opset="zext_ln42_32/1 "/>
</bind>
</comp>

<comp id="2322" class="1004" name="zext_ln73_114_fu_2322">
<pin_list>
<pin id="2323" dir="0" index="0" bw="13" slack="0"/>
<pin id="2324" dir="1" index="1" bw="14" slack="0"/>
</pin_list>
<bind>
<opcode="zext(34) " fcode="zext"/>
<opset="zext_ln73_114/1 "/>
</bind>
</comp>

<comp id="2326" class="1004" name="shl_ln73_183_fu_2326">
<pin_list>
<pin id="2327" dir="0" index="0" bw="23" slack="0"/>
<pin id="2328" dir="0" index="1" bw="15" slack="0"/>
<pin id="2329" dir="0" index="2" bw="1" slack="0"/>
<pin id="2330" dir="1" index="3" bw="23" slack="0"/>
</pin_list>
<bind>
<opcode="bitconcatenate(1004) " fcode="bitconcatenate"/>
<opset="shl_ln73_183/1 "/>
</bind>
</comp>

<comp id="2334" class="1004" name="zext_ln73_115_fu_2334">
<pin_list>
<pin id="2335" dir="0" index="0" bw="23" slack="0"/>
<pin id="2336" dir="1" index="1" bw="24" slack="0"/>
</pin_list>
<bind>
<opcode="zext(34) " fcode="zext"/>
<opset="zext_ln73_115/1 "/>
</bind>
</comp>

<comp id="2338" class="1004" name="shl_ln73_184_fu_2338">
<pin_list>
<pin id="2339" dir="0" index="0" bw="21" slack="0"/>
<pin id="2340" dir="0" index="1" bw="15" slack="0"/>
<pin id="2341" dir="0" index="2" bw="1" slack="0"/>
<pin id="2342" dir="1" index="3" bw="21" slack="0"/>
</pin_list>
<bind>
<opcode="bitconcatenate(1004) " fcode="bitconcatenate"/>
<opset="shl_ln73_184/1 "/>
</bind>
</comp>

<comp id="2346" class="1004" name="zext_ln73_116_fu_2346">
<pin_list>
<pin id="2347" dir="0" index="0" bw="21" slack="0"/>
<pin id="2348" dir="1" index="1" bw="24" slack="0"/>
</pin_list>
<bind>
<opcode="zext(34) " fcode="zext"/>
<opset="zext_ln73_116/1 "/>
</bind>
</comp>

<comp id="2350" class="1004" name="sub_ln73_199_fu_2350">
<pin_list>
<pin id="2351" dir="0" index="0" bw="23" slack="0"/>
<pin id="2352" dir="0" index="1" bw="21" slack="0"/>
<pin id="2353" dir="1" index="2" bw="24" slack="0"/>
</pin_list>
<bind>
<opcode="sub(10) " fcode="sub"/>
<opset="sub_ln73_199/1 "/>
</bind>
</comp>

<comp id="2356" class="1004" name="trunc_ln42_133_fu_2356">
<pin_list>
<pin id="2357" dir="0" index="0" bw="14" slack="0"/>
<pin id="2358" dir="0" index="1" bw="24" slack="0"/>
<pin id="2359" dir="0" index="2" bw="5" slack="0"/>
<pin id="2360" dir="0" index="3" bw="6" slack="0"/>
<pin id="2361" dir="1" index="4" bw="14" slack="0"/>
</pin_list>
<bind>
<opcode="partselect(1002) " fcode="partselect"/>
<opset="trunc_ln42_133/1 "/>
</bind>
</comp>

<comp id="2366" class="1004" name="sext_ln42_124_fu_2366">
<pin_list>
<pin id="2367" dir="0" index="0" bw="14" slack="0"/>
<pin id="2368" dir="1" index="1" bw="16" slack="0"/>
</pin_list>
<bind>
<opcode="sext(35) " fcode="sext"/>
<opset="sext_ln42_124/1 "/>
</bind>
</comp>

<comp id="2370" class="1004" name="sub_ln73_200_fu_2370">
<pin_list>
<pin id="2371" dir="0" index="0" bw="1" slack="0"/>
<pin id="2372" dir="0" index="1" bw="23" slack="0"/>
<pin id="2373" dir="1" index="2" bw="24" slack="0"/>
</pin_list>
<bind>
<opcode="sub(10) " fcode="sub"/>
<opset="sub_ln73_200/1 "/>
</bind>
</comp>

<comp id="2376" class="1004" name="trunc_ln42_134_fu_2376">
<pin_list>
<pin id="2377" dir="0" index="0" bw="14" slack="0"/>
<pin id="2378" dir="0" index="1" bw="24" slack="0"/>
<pin id="2379" dir="0" index="2" bw="5" slack="0"/>
<pin id="2380" dir="0" index="3" bw="6" slack="0"/>
<pin id="2381" dir="1" index="4" bw="14" slack="0"/>
</pin_list>
<bind>
<opcode="partselect(1002) " fcode="partselect"/>
<opset="trunc_ln42_134/1 "/>
</bind>
</comp>

<comp id="2386" class="1004" name="sext_ln42_125_fu_2386">
<pin_list>
<pin id="2387" dir="0" index="0" bw="14" slack="0"/>
<pin id="2388" dir="1" index="1" bw="15" slack="0"/>
</pin_list>
<bind>
<opcode="sext(35) " fcode="sext"/>
<opset="sext_ln42_125/1 "/>
</bind>
</comp>

<comp id="2390" class="1004" name="tmp_81_fu_2390">
<pin_list>
<pin id="2391" dir="0" index="0" bw="10" slack="0"/>
<pin id="2392" dir="0" index="1" bw="14" slack="0"/>
<pin id="2393" dir="0" index="2" bw="4" slack="0"/>
<pin id="2394" dir="0" index="3" bw="5" slack="0"/>
<pin id="2395" dir="1" index="4" bw="10" slack="0"/>
</pin_list>
<bind>
<opcode="partselect(1002) " fcode="partselect"/>
<opset="tmp_81/1 "/>
</bind>
</comp>

<comp id="2400" class="1004" name="zext_ln42_33_fu_2400">
<pin_list>
<pin id="2401" dir="0" index="0" bw="10" slack="0"/>
<pin id="2402" dir="1" index="1" bw="11" slack="0"/>
</pin_list>
<bind>
<opcode="zext(34) " fcode="zext"/>
<opset="zext_ln42_33/1 "/>
</bind>
</comp>

<comp id="2404" class="1004" name="tmp_82_fu_2404">
<pin_list>
<pin id="2405" dir="0" index="0" bw="9" slack="0"/>
<pin id="2406" dir="0" index="1" bw="14" slack="0"/>
<pin id="2407" dir="0" index="2" bw="4" slack="0"/>
<pin id="2408" dir="0" index="3" bw="5" slack="0"/>
<pin id="2409" dir="1" index="4" bw="9" slack="0"/>
</pin_list>
<bind>
<opcode="partselect(1002) " fcode="partselect"/>
<opset="tmp_82/1 "/>
</bind>
</comp>

<comp id="2414" class="1004" name="zext_ln73_117_fu_2414">
<pin_list>
<pin id="2415" dir="0" index="0" bw="9" slack="0"/>
<pin id="2416" dir="1" index="1" bw="11" slack="0"/>
</pin_list>
<bind>
<opcode="zext(34) " fcode="zext"/>
<opset="zext_ln73_117/1 "/>
</bind>
</comp>

<comp id="2418" class="1004" name="shl_ln73_185_fu_2418">
<pin_list>
<pin id="2419" dir="0" index="0" bw="20" slack="0"/>
<pin id="2420" dir="0" index="1" bw="14" slack="0"/>
<pin id="2421" dir="0" index="2" bw="1" slack="0"/>
<pin id="2422" dir="1" index="3" bw="20" slack="0"/>
</pin_list>
<bind>
<opcode="bitconcatenate(1004) " fcode="bitconcatenate"/>
<opset="shl_ln73_185/1 "/>
</bind>
</comp>

<comp id="2426" class="1004" name="zext_ln73_118_fu_2426">
<pin_list>
<pin id="2427" dir="0" index="0" bw="20" slack="0"/>
<pin id="2428" dir="1" index="1" bw="21" slack="0"/>
</pin_list>
<bind>
<opcode="zext(34) " fcode="zext"/>
<opset="zext_ln73_118/1 "/>
</bind>
</comp>

<comp id="2430" class="1004" name="sub_ln73_201_fu_2430">
<pin_list>
<pin id="2431" dir="0" index="0" bw="1" slack="0"/>
<pin id="2432" dir="0" index="1" bw="20" slack="0"/>
<pin id="2433" dir="1" index="2" bw="21" slack="0"/>
</pin_list>
<bind>
<opcode="sub(10) " fcode="sub"/>
<opset="sub_ln73_201/1 "/>
</bind>
</comp>

<comp id="2436" class="1004" name="trunc_ln42_135_fu_2436">
<pin_list>
<pin id="2437" dir="0" index="0" bw="11" slack="0"/>
<pin id="2438" dir="0" index="1" bw="21" slack="0"/>
<pin id="2439" dir="0" index="2" bw="5" slack="0"/>
<pin id="2440" dir="0" index="3" bw="6" slack="0"/>
<pin id="2441" dir="1" index="4" bw="11" slack="0"/>
</pin_list>
<bind>
<opcode="partselect(1002) " fcode="partselect"/>
<opset="trunc_ln42_135/1 "/>
</bind>
</comp>

<comp id="2446" class="1004" name="sext_ln73_130_fu_2446">
<pin_list>
<pin id="2447" dir="0" index="0" bw="11" slack="0"/>
<pin id="2448" dir="1" index="1" bw="15" slack="0"/>
</pin_list>
<bind>
<opcode="sext(35) " fcode="sext"/>
<opset="sext_ln73_130/1 "/>
</bind>
</comp>

<comp id="2450" class="1004" name="shl_ln73_186_fu_2450">
<pin_list>
<pin id="2451" dir="0" index="0" bw="21" slack="0"/>
<pin id="2452" dir="0" index="1" bw="14" slack="0"/>
<pin id="2453" dir="0" index="2" bw="1" slack="0"/>
<pin id="2454" dir="1" index="3" bw="21" slack="0"/>
</pin_list>
<bind>
<opcode="bitconcatenate(1004) " fcode="bitconcatenate"/>
<opset="shl_ln73_186/1 "/>
</bind>
</comp>

<comp id="2458" class="1004" name="zext_ln73_119_fu_2458">
<pin_list>
<pin id="2459" dir="0" index="0" bw="21" slack="0"/>
<pin id="2460" dir="1" index="1" bw="22" slack="0"/>
</pin_list>
<bind>
<opcode="zext(34) " fcode="zext"/>
<opset="zext_ln73_119/1 "/>
</bind>
</comp>

<comp id="2462" class="1004" name="sub_ln73_202_fu_2462">
<pin_list>
<pin id="2463" dir="0" index="0" bw="1" slack="0"/>
<pin id="2464" dir="0" index="1" bw="21" slack="0"/>
<pin id="2465" dir="1" index="2" bw="22" slack="0"/>
</pin_list>
<bind>
<opcode="sub(10) " fcode="sub"/>
<opset="sub_ln73_202/1 "/>
</bind>
</comp>

<comp id="2468" class="1004" name="sext_ln73_94_fu_2468">
<pin_list>
<pin id="2469" dir="0" index="0" bw="22" slack="0"/>
<pin id="2470" dir="1" index="1" bw="23" slack="0"/>
</pin_list>
<bind>
<opcode="sext(35) " fcode="sext"/>
<opset="sext_ln73_94/1 "/>
</bind>
</comp>

<comp id="2472" class="1004" name="shl_ln73_187_fu_2472">
<pin_list>
<pin id="2473" dir="0" index="0" bw="19" slack="0"/>
<pin id="2474" dir="0" index="1" bw="14" slack="0"/>
<pin id="2475" dir="0" index="2" bw="1" slack="0"/>
<pin id="2476" dir="1" index="3" bw="19" slack="0"/>
</pin_list>
<bind>
<opcode="bitconcatenate(1004) " fcode="bitconcatenate"/>
<opset="shl_ln73_187/1 "/>
</bind>
</comp>

<comp id="2480" class="1004" name="zext_ln73_120_fu_2480">
<pin_list>
<pin id="2481" dir="0" index="0" bw="19" slack="0"/>
<pin id="2482" dir="1" index="1" bw="23" slack="0"/>
</pin_list>
<bind>
<opcode="zext(34) " fcode="zext"/>
<opset="zext_ln73_120/1 "/>
</bind>
</comp>

<comp id="2484" class="1004" name="sub_ln73_203_fu_2484">
<pin_list>
<pin id="2485" dir="0" index="0" bw="22" slack="0"/>
<pin id="2486" dir="0" index="1" bw="19" slack="0"/>
<pin id="2487" dir="1" index="2" bw="23" slack="0"/>
</pin_list>
<bind>
<opcode="sub(10) " fcode="sub"/>
<opset="sub_ln73_203/1 "/>
</bind>
</comp>

<comp id="2490" class="1004" name="trunc_ln42_136_fu_2490">
<pin_list>
<pin id="2491" dir="0" index="0" bw="13" slack="0"/>
<pin id="2492" dir="0" index="1" bw="23" slack="0"/>
<pin id="2493" dir="0" index="2" bw="5" slack="0"/>
<pin id="2494" dir="0" index="3" bw="6" slack="0"/>
<pin id="2495" dir="1" index="4" bw="13" slack="0"/>
</pin_list>
<bind>
<opcode="partselect(1002) " fcode="partselect"/>
<opset="trunc_ln42_136/1 "/>
</bind>
</comp>

<comp id="2500" class="1004" name="sext_ln73_131_fu_2500">
<pin_list>
<pin id="2501" dir="0" index="0" bw="13" slack="0"/>
<pin id="2502" dir="1" index="1" bw="15" slack="0"/>
</pin_list>
<bind>
<opcode="sext(35) " fcode="sext"/>
<opset="sext_ln73_131/1 "/>
</bind>
</comp>

<comp id="2504" class="1004" name="shl_ln73_188_fu_2504">
<pin_list>
<pin id="2505" dir="0" index="0" bw="22" slack="0"/>
<pin id="2506" dir="0" index="1" bw="14" slack="0"/>
<pin id="2507" dir="0" index="2" bw="1" slack="0"/>
<pin id="2508" dir="1" index="3" bw="22" slack="0"/>
</pin_list>
<bind>
<opcode="bitconcatenate(1004) " fcode="bitconcatenate"/>
<opset="shl_ln73_188/1 "/>
</bind>
</comp>

<comp id="2512" class="1004" name="zext_ln73_121_fu_2512">
<pin_list>
<pin id="2513" dir="0" index="0" bw="22" slack="0"/>
<pin id="2514" dir="1" index="1" bw="23" slack="0"/>
</pin_list>
<bind>
<opcode="zext(34) " fcode="zext"/>
<opset="zext_ln73_121/1 "/>
</bind>
</comp>

<comp id="2516" class="1004" name="sub_ln73_204_fu_2516">
<pin_list>
<pin id="2517" dir="0" index="0" bw="19" slack="0"/>
<pin id="2518" dir="0" index="1" bw="22" slack="0"/>
<pin id="2519" dir="1" index="2" bw="23" slack="0"/>
</pin_list>
<bind>
<opcode="sub(10) " fcode="sub"/>
<opset="sub_ln73_204/1 "/>
</bind>
</comp>

<comp id="2522" class="1004" name="trunc_ln42_137_fu_2522">
<pin_list>
<pin id="2523" dir="0" index="0" bw="13" slack="0"/>
<pin id="2524" dir="0" index="1" bw="23" slack="0"/>
<pin id="2525" dir="0" index="2" bw="5" slack="0"/>
<pin id="2526" dir="0" index="3" bw="6" slack="0"/>
<pin id="2527" dir="1" index="4" bw="13" slack="0"/>
</pin_list>
<bind>
<opcode="partselect(1002) " fcode="partselect"/>
<opset="trunc_ln42_137/1 "/>
</bind>
</comp>

<comp id="2532" class="1004" name="sext_ln73_132_fu_2532">
<pin_list>
<pin id="2533" dir="0" index="0" bw="13" slack="0"/>
<pin id="2534" dir="1" index="1" bw="15" slack="0"/>
</pin_list>
<bind>
<opcode="sext(35) " fcode="sext"/>
<opset="sext_ln73_132/1 "/>
</bind>
</comp>

<comp id="2536" class="1004" name="zext_ln73_122_fu_2536">
<pin_list>
<pin id="2537" dir="0" index="0" bw="15" slack="0"/>
<pin id="2538" dir="1" index="1" bw="24" slack="0"/>
</pin_list>
<bind>
<opcode="zext(34) " fcode="zext"/>
<opset="zext_ln73_122/1 "/>
</bind>
</comp>

<comp id="2541" class="1004" name="tmp_83_fu_2541">
<pin_list>
<pin id="2542" dir="0" index="0" bw="14" slack="0"/>
<pin id="2543" dir="0" index="1" bw="24" slack="0"/>
<pin id="2544" dir="0" index="2" bw="5" slack="0"/>
<pin id="2545" dir="0" index="3" bw="6" slack="0"/>
<pin id="2546" dir="1" index="4" bw="14" slack="0"/>
</pin_list>
<bind>
<opcode="partselect(1002) " fcode="partselect"/>
<opset="tmp_83/1 "/>
</bind>
</comp>

<comp id="2551" class="1004" name="zext_ln73_127_fu_2551">
<pin_list>
<pin id="2552" dir="0" index="0" bw="14" slack="0"/>
<pin id="2553" dir="1" index="1" bw="15" slack="0"/>
</pin_list>
<bind>
<opcode="zext(34) " fcode="zext"/>
<opset="zext_ln73_127/1 "/>
</bind>
</comp>

<comp id="2555" class="1004" name="shl_ln73_189_fu_2555">
<pin_list>
<pin id="2556" dir="0" index="0" bw="24" slack="0"/>
<pin id="2557" dir="0" index="1" bw="15" slack="0"/>
<pin id="2558" dir="0" index="2" bw="1" slack="0"/>
<pin id="2559" dir="1" index="3" bw="24" slack="0"/>
</pin_list>
<bind>
<opcode="bitconcatenate(1004) " fcode="bitconcatenate"/>
<opset="shl_ln73_189/1 "/>
</bind>
</comp>

<comp id="2563" class="1004" name="zext_ln73_123_fu_2563">
<pin_list>
<pin id="2564" dir="0" index="0" bw="24" slack="0"/>
<pin id="2565" dir="1" index="1" bw="25" slack="0"/>
</pin_list>
<bind>
<opcode="zext(34) " fcode="zext"/>
<opset="zext_ln73_123/1 "/>
</bind>
</comp>

<comp id="2567" class="1004" name="shl_ln73_190_fu_2567">
<pin_list>
<pin id="2568" dir="0" index="0" bw="20" slack="0"/>
<pin id="2569" dir="0" index="1" bw="15" slack="0"/>
<pin id="2570" dir="0" index="2" bw="1" slack="0"/>
<pin id="2571" dir="1" index="3" bw="20" slack="0"/>
</pin_list>
<bind>
<opcode="bitconcatenate(1004) " fcode="bitconcatenate"/>
<opset="shl_ln73_190/1 "/>
</bind>
</comp>

<comp id="2575" class="1004" name="zext_ln73_124_fu_2575">
<pin_list>
<pin id="2576" dir="0" index="0" bw="20" slack="0"/>
<pin id="2577" dir="1" index="1" bw="25" slack="0"/>
</pin_list>
<bind>
<opcode="zext(34) " fcode="zext"/>
<opset="zext_ln73_124/1 "/>
</bind>
</comp>

<comp id="2579" class="1004" name="sub_ln73_205_fu_2579">
<pin_list>
<pin id="2580" dir="0" index="0" bw="24" slack="0"/>
<pin id="2581" dir="0" index="1" bw="20" slack="0"/>
<pin id="2582" dir="1" index="2" bw="25" slack="0"/>
</pin_list>
<bind>
<opcode="sub(10) " fcode="sub"/>
<opset="sub_ln73_205/1 "/>
</bind>
</comp>

<comp id="2585" class="1004" name="trunc_ln42_138_fu_2585">
<pin_list>
<pin id="2586" dir="0" index="0" bw="15" slack="0"/>
<pin id="2587" dir="0" index="1" bw="25" slack="0"/>
<pin id="2588" dir="0" index="2" bw="5" slack="0"/>
<pin id="2589" dir="0" index="3" bw="6" slack="0"/>
<pin id="2590" dir="1" index="4" bw="15" slack="0"/>
</pin_list>
<bind>
<opcode="partselect(1002) " fcode="partselect"/>
<opset="trunc_ln42_138/1 "/>
</bind>
</comp>

<comp id="2595" class="1004" name="sext_ln42_126_fu_2595">
<pin_list>
<pin id="2596" dir="0" index="0" bw="15" slack="0"/>
<pin id="2597" dir="1" index="1" bw="16" slack="0"/>
</pin_list>
<bind>
<opcode="sext(35) " fcode="sext"/>
<opset="sext_ln42_126/1 "/>
</bind>
</comp>

<comp id="2599" class="1004" name="shl_ln73_191_fu_2599">
<pin_list>
<pin id="2600" dir="0" index="0" bw="23" slack="0"/>
<pin id="2601" dir="0" index="1" bw="15" slack="0"/>
<pin id="2602" dir="0" index="2" bw="1" slack="0"/>
<pin id="2603" dir="1" index="3" bw="23" slack="0"/>
</pin_list>
<bind>
<opcode="bitconcatenate(1004) " fcode="bitconcatenate"/>
<opset="shl_ln73_191/1 "/>
</bind>
</comp>

<comp id="2607" class="1004" name="zext_ln73_125_fu_2607">
<pin_list>
<pin id="2608" dir="0" index="0" bw="23" slack="0"/>
<pin id="2609" dir="1" index="1" bw="24" slack="0"/>
</pin_list>
<bind>
<opcode="zext(34) " fcode="zext"/>
<opset="zext_ln73_125/1 "/>
</bind>
</comp>

<comp id="2611" class="1004" name="sub_ln73_206_fu_2611">
<pin_list>
<pin id="2612" dir="0" index="0" bw="1" slack="0"/>
<pin id="2613" dir="0" index="1" bw="23" slack="0"/>
<pin id="2614" dir="1" index="2" bw="24" slack="0"/>
</pin_list>
<bind>
<opcode="sub(10) " fcode="sub"/>
<opset="sub_ln73_206/1 "/>
</bind>
</comp>

<comp id="2617" class="1004" name="trunc_ln42_139_fu_2617">
<pin_list>
<pin id="2618" dir="0" index="0" bw="14" slack="0"/>
<pin id="2619" dir="0" index="1" bw="24" slack="0"/>
<pin id="2620" dir="0" index="2" bw="5" slack="0"/>
<pin id="2621" dir="0" index="3" bw="6" slack="0"/>
<pin id="2622" dir="1" index="4" bw="14" slack="0"/>
</pin_list>
<bind>
<opcode="partselect(1002) " fcode="partselect"/>
<opset="trunc_ln42_139/1 "/>
</bind>
</comp>

<comp id="2627" class="1004" name="sext_ln73_133_fu_2627">
<pin_list>
<pin id="2628" dir="0" index="0" bw="14" slack="0"/>
<pin id="2629" dir="1" index="1" bw="15" slack="0"/>
</pin_list>
<bind>
<opcode="sext(35) " fcode="sext"/>
<opset="sext_ln73_133/1 "/>
</bind>
</comp>

<comp id="2631" class="1004" name="shl_ln73_192_fu_2631">
<pin_list>
<pin id="2632" dir="0" index="0" bw="24" slack="0"/>
<pin id="2633" dir="0" index="1" bw="16" slack="0"/>
<pin id="2634" dir="0" index="2" bw="1" slack="0"/>
<pin id="2635" dir="1" index="3" bw="24" slack="0"/>
</pin_list>
<bind>
<opcode="bitconcatenate(1004) " fcode="bitconcatenate"/>
<opset="shl_ln73_192/1 "/>
</bind>
</comp>

<comp id="2639" class="1004" name="sext_ln73_95_fu_2639">
<pin_list>
<pin id="2640" dir="0" index="0" bw="24" slack="0"/>
<pin id="2641" dir="1" index="1" bw="25" slack="0"/>
</pin_list>
<bind>
<opcode="sext(35) " fcode="sext"/>
<opset="sext_ln73_95/1 "/>
</bind>
</comp>

<comp id="2643" class="1004" name="shl_ln73_193_fu_2643">
<pin_list>
<pin id="2644" dir="0" index="0" bw="22" slack="0"/>
<pin id="2645" dir="0" index="1" bw="16" slack="0"/>
<pin id="2646" dir="0" index="2" bw="1" slack="0"/>
<pin id="2647" dir="1" index="3" bw="22" slack="0"/>
</pin_list>
<bind>
<opcode="bitconcatenate(1004) " fcode="bitconcatenate"/>
<opset="shl_ln73_193/1 "/>
</bind>
</comp>

<comp id="2651" class="1004" name="sext_ln73_96_fu_2651">
<pin_list>
<pin id="2652" dir="0" index="0" bw="22" slack="0"/>
<pin id="2653" dir="1" index="1" bw="23" slack="0"/>
</pin_list>
<bind>
<opcode="sext(35) " fcode="sext"/>
<opset="sext_ln73_96/1 "/>
</bind>
</comp>

<comp id="2655" class="1004" name="sext_ln73_97_fu_2655">
<pin_list>
<pin id="2656" dir="0" index="0" bw="22" slack="0"/>
<pin id="2657" dir="1" index="1" bw="25" slack="0"/>
</pin_list>
<bind>
<opcode="sext(35) " fcode="sext"/>
<opset="sext_ln73_97/1 "/>
</bind>
</comp>

<comp id="2659" class="1004" name="add_ln73_12_fu_2659">
<pin_list>
<pin id="2660" dir="0" index="0" bw="24" slack="0"/>
<pin id="2661" dir="0" index="1" bw="22" slack="0"/>
<pin id="2662" dir="1" index="2" bw="25" slack="0"/>
</pin_list>
<bind>
<opcode="add(8) " fcode="add"/>
<opset="add_ln73_12/1 "/>
</bind>
</comp>

<comp id="2665" class="1004" name="trunc_ln42_140_fu_2665">
<pin_list>
<pin id="2666" dir="0" index="0" bw="15" slack="0"/>
<pin id="2667" dir="0" index="1" bw="25" slack="0"/>
<pin id="2668" dir="0" index="2" bw="5" slack="0"/>
<pin id="2669" dir="0" index="3" bw="6" slack="0"/>
<pin id="2670" dir="1" index="4" bw="15" slack="0"/>
</pin_list>
<bind>
<opcode="partselect(1002) " fcode="partselect"/>
<opset="trunc_ln42_140/1 "/>
</bind>
</comp>

<comp id="2675" class="1004" name="sext_ln42_127_fu_2675">
<pin_list>
<pin id="2676" dir="0" index="0" bw="15" slack="0"/>
<pin id="2677" dir="1" index="1" bw="16" slack="0"/>
</pin_list>
<bind>
<opcode="sext(35) " fcode="sext"/>
<opset="sext_ln42_127/1 "/>
</bind>
</comp>

<comp id="2679" class="1004" name="trunc_ln42_141_fu_2679">
<pin_list>
<pin id="2680" dir="0" index="0" bw="12" slack="0"/>
<pin id="2681" dir="0" index="1" bw="16" slack="0"/>
<pin id="2682" dir="0" index="2" bw="4" slack="0"/>
<pin id="2683" dir="0" index="3" bw="5" slack="0"/>
<pin id="2684" dir="1" index="4" bw="12" slack="0"/>
</pin_list>
<bind>
<opcode="partselect(1002) " fcode="partselect"/>
<opset="trunc_ln42_141/1 "/>
</bind>
</comp>

<comp id="2689" class="1004" name="sext_ln73_98_fu_2689">
<pin_list>
<pin id="2690" dir="0" index="0" bw="12" slack="0"/>
<pin id="2691" dir="1" index="1" bw="15" slack="0"/>
</pin_list>
<bind>
<opcode="sext(35) " fcode="sext"/>
<opset="sext_ln73_98/1 "/>
</bind>
</comp>

<comp id="2693" class="1004" name="sub_ln73_207_fu_2693">
<pin_list>
<pin id="2694" dir="0" index="0" bw="24" slack="0"/>
<pin id="2695" dir="0" index="1" bw="22" slack="0"/>
<pin id="2696" dir="1" index="2" bw="25" slack="0"/>
</pin_list>
<bind>
<opcode="sub(10) " fcode="sub"/>
<opset="sub_ln73_207/1 "/>
</bind>
</comp>

<comp id="2699" class="1004" name="trunc_ln42_142_fu_2699">
<pin_list>
<pin id="2700" dir="0" index="0" bw="15" slack="0"/>
<pin id="2701" dir="0" index="1" bw="25" slack="0"/>
<pin id="2702" dir="0" index="2" bw="5" slack="0"/>
<pin id="2703" dir="0" index="3" bw="6" slack="0"/>
<pin id="2704" dir="1" index="4" bw="15" slack="0"/>
</pin_list>
<bind>
<opcode="partselect(1002) " fcode="partselect"/>
<opset="trunc_ln42_142/1 "/>
</bind>
</comp>

<comp id="2709" class="1004" name="sext_ln42_128_fu_2709">
<pin_list>
<pin id="2710" dir="0" index="0" bw="15" slack="0"/>
<pin id="2711" dir="1" index="1" bw="16" slack="0"/>
</pin_list>
<bind>
<opcode="sext(35) " fcode="sext"/>
<opset="sext_ln42_128/1 "/>
</bind>
</comp>

<comp id="2713" class="1004" name="sub_ln73_208_fu_2713">
<pin_list>
<pin id="2714" dir="0" index="0" bw="1" slack="0"/>
<pin id="2715" dir="0" index="1" bw="22" slack="0"/>
<pin id="2716" dir="1" index="2" bw="23" slack="0"/>
</pin_list>
<bind>
<opcode="sub(10) " fcode="sub"/>
<opset="sub_ln73_208/1 "/>
</bind>
</comp>

<comp id="2719" class="1004" name="trunc_ln42_143_fu_2719">
<pin_list>
<pin id="2720" dir="0" index="0" bw="13" slack="0"/>
<pin id="2721" dir="0" index="1" bw="23" slack="0"/>
<pin id="2722" dir="0" index="2" bw="5" slack="0"/>
<pin id="2723" dir="0" index="3" bw="6" slack="0"/>
<pin id="2724" dir="1" index="4" bw="13" slack="0"/>
</pin_list>
<bind>
<opcode="partselect(1002) " fcode="partselect"/>
<opset="trunc_ln42_143/1 "/>
</bind>
</comp>

<comp id="2729" class="1004" name="sext_ln73_134_fu_2729">
<pin_list>
<pin id="2730" dir="0" index="0" bw="13" slack="0"/>
<pin id="2731" dir="1" index="1" bw="15" slack="0"/>
</pin_list>
<bind>
<opcode="sext(35) " fcode="sext"/>
<opset="sext_ln73_134/1 "/>
</bind>
</comp>

<comp id="2733" class="1004" name="shl_ln73_194_fu_2733">
<pin_list>
<pin id="2734" dir="0" index="0" bw="21" slack="0"/>
<pin id="2735" dir="0" index="1" bw="16" slack="0"/>
<pin id="2736" dir="0" index="2" bw="1" slack="0"/>
<pin id="2737" dir="1" index="3" bw="21" slack="0"/>
</pin_list>
<bind>
<opcode="bitconcatenate(1004) " fcode="bitconcatenate"/>
<opset="shl_ln73_194/1 "/>
</bind>
</comp>

<comp id="2741" class="1004" name="sext_ln73_99_fu_2741">
<pin_list>
<pin id="2742" dir="0" index="0" bw="21" slack="0"/>
<pin id="2743" dir="1" index="1" bw="22" slack="0"/>
</pin_list>
<bind>
<opcode="sext(35) " fcode="sext"/>
<opset="sext_ln73_99/1 "/>
</bind>
</comp>

<comp id="2745" class="1004" name="sub_ln73_209_fu_2745">
<pin_list>
<pin id="2746" dir="0" index="0" bw="1" slack="0"/>
<pin id="2747" dir="0" index="1" bw="21" slack="0"/>
<pin id="2748" dir="1" index="2" bw="22" slack="0"/>
</pin_list>
<bind>
<opcode="sub(10) " fcode="sub"/>
<opset="sub_ln73_209/1 "/>
</bind>
</comp>

<comp id="2751" class="1004" name="trunc_ln42_144_fu_2751">
<pin_list>
<pin id="2752" dir="0" index="0" bw="12" slack="0"/>
<pin id="2753" dir="0" index="1" bw="22" slack="0"/>
<pin id="2754" dir="0" index="2" bw="5" slack="0"/>
<pin id="2755" dir="0" index="3" bw="6" slack="0"/>
<pin id="2756" dir="1" index="4" bw="12" slack="0"/>
</pin_list>
<bind>
<opcode="partselect(1002) " fcode="partselect"/>
<opset="trunc_ln42_144/1 "/>
</bind>
</comp>

<comp id="2761" class="1004" name="sext_ln58_113_fu_2761">
<pin_list>
<pin id="2762" dir="0" index="0" bw="12" slack="0"/>
<pin id="2763" dir="1" index="1" bw="15" slack="0"/>
</pin_list>
<bind>
<opcode="sext(35) " fcode="sext"/>
<opset="sext_ln58_113/1 "/>
</bind>
</comp>

<comp id="2765" class="1004" name="add_ln58_548_fu_2765">
<pin_list>
<pin id="2766" dir="0" index="0" bw="12" slack="0"/>
<pin id="2767" dir="0" index="1" bw="14" slack="0"/>
<pin id="2768" dir="1" index="2" bw="15" slack="0"/>
</pin_list>
<bind>
<opcode="add(8) " fcode="add"/>
<opset="add_ln58_548/1 "/>
</bind>
</comp>

<comp id="2771" class="1004" name="sext_ln58_114_fu_2771">
<pin_list>
<pin id="2772" dir="0" index="0" bw="15" slack="0"/>
<pin id="2773" dir="1" index="1" bw="16" slack="0"/>
</pin_list>
<bind>
<opcode="sext(35) " fcode="sext"/>
<opset="sext_ln58_114/1 "/>
</bind>
</comp>

<comp id="2775" class="1004" name="add_ln58_549_fu_2775">
<pin_list>
<pin id="2776" dir="0" index="0" bw="15" slack="0"/>
<pin id="2777" dir="0" index="1" bw="13" slack="0"/>
<pin id="2778" dir="1" index="2" bw="16" slack="1"/>
</pin_list>
<bind>
<opcode="add(8) " fcode="add"/>
<opset="add_ln58_549/1 "/>
</bind>
</comp>

<comp id="2781" class="1004" name="add_ln58_551_fu_2781">
<pin_list>
<pin id="2782" dir="0" index="0" bw="13" slack="0"/>
<pin id="2783" dir="0" index="1" bw="12" slack="0"/>
<pin id="2784" dir="1" index="2" bw="14" slack="0"/>
</pin_list>
<bind>
<opcode="add(8) " fcode="add"/>
<opset="add_ln58_551/1 "/>
</bind>
</comp>

<comp id="2787" class="1004" name="zext_ln58_fu_2787">
<pin_list>
<pin id="2788" dir="0" index="0" bw="14" slack="0"/>
<pin id="2789" dir="1" index="1" bw="16" slack="0"/>
</pin_list>
<bind>
<opcode="zext(34) " fcode="zext"/>
<opset="zext_ln58/1 "/>
</bind>
</comp>

<comp id="2791" class="1004" name="add_ln58_552_fu_2791">
<pin_list>
<pin id="2792" dir="0" index="0" bw="14" slack="0"/>
<pin id="2793" dir="0" index="1" bw="15" slack="0"/>
<pin id="2794" dir="1" index="2" bw="16" slack="0"/>
</pin_list>
<bind>
<opcode="add(8) " fcode="add"/>
<opset="add_ln58_552/1 "/>
</bind>
</comp>

<comp id="2797" class="1004" name="add_ln58_553_fu_2797">
<pin_list>
<pin id="2798" dir="0" index="0" bw="11" slack="0"/>
<pin id="2799" dir="0" index="1" bw="12" slack="0"/>
<pin id="2800" dir="1" index="2" bw="13" slack="0"/>
</pin_list>
<bind>
<opcode="add(8) " fcode="add"/>
<opset="add_ln58_553/1 "/>
</bind>
</comp>

<comp id="2803" class="1004" name="add_ln58_554_fu_2803">
<pin_list>
<pin id="2804" dir="0" index="0" bw="10" slack="0"/>
<pin id="2805" dir="0" index="1" bw="10" slack="0"/>
<pin id="2806" dir="1" index="2" bw="11" slack="0"/>
</pin_list>
<bind>
<opcode="add(8) " fcode="add"/>
<opset="add_ln58_554/1 "/>
</bind>
</comp>

<comp id="2809" class="1004" name="zext_ln58_34_fu_2809">
<pin_list>
<pin id="2810" dir="0" index="0" bw="11" slack="0"/>
<pin id="2811" dir="1" index="1" bw="13" slack="0"/>
</pin_list>
<bind>
<opcode="zext(34) " fcode="zext"/>
<opset="zext_ln58_34/1 "/>
</bind>
</comp>

<comp id="2813" class="1004" name="add_ln58_555_fu_2813">
<pin_list>
<pin id="2814" dir="0" index="0" bw="11" slack="0"/>
<pin id="2815" dir="0" index="1" bw="13" slack="0"/>
<pin id="2816" dir="1" index="2" bw="13" slack="0"/>
</pin_list>
<bind>
<opcode="add(8) " fcode="add"/>
<opset="add_ln58_555/1 "/>
</bind>
</comp>

<comp id="2819" class="1004" name="zext_ln58_35_fu_2819">
<pin_list>
<pin id="2820" dir="0" index="0" bw="13" slack="0"/>
<pin id="2821" dir="1" index="1" bw="16" slack="0"/>
</pin_list>
<bind>
<opcode="zext(34) " fcode="zext"/>
<opset="zext_ln58_35/1 "/>
</bind>
</comp>

<comp id="2823" class="1004" name="add_ln58_556_fu_2823">
<pin_list>
<pin id="2824" dir="0" index="0" bw="13" slack="0"/>
<pin id="2825" dir="0" index="1" bw="16" slack="0"/>
<pin id="2826" dir="1" index="2" bw="16" slack="1"/>
</pin_list>
<bind>
<opcode="add(8) " fcode="add"/>
<opset="add_ln58_556/1 "/>
</bind>
</comp>

<comp id="2829" class="1004" name="add_ln58_558_fu_2829">
<pin_list>
<pin id="2830" dir="0" index="0" bw="10" slack="0"/>
<pin id="2831" dir="0" index="1" bw="13" slack="0"/>
<pin id="2832" dir="1" index="2" bw="14" slack="0"/>
</pin_list>
<bind>
<opcode="add(8) " fcode="add"/>
<opset="add_ln58_558/1 "/>
</bind>
</comp>

<comp id="2835" class="1004" name="sext_ln58_115_fu_2835">
<pin_list>
<pin id="2836" dir="0" index="0" bw="14" slack="0"/>
<pin id="2837" dir="1" index="1" bw="16" slack="0"/>
</pin_list>
<bind>
<opcode="sext(35) " fcode="sext"/>
<opset="sext_ln58_115/1 "/>
</bind>
</comp>

<comp id="2839" class="1004" name="add_ln58_559_fu_2839">
<pin_list>
<pin id="2840" dir="0" index="0" bw="14" slack="0"/>
<pin id="2841" dir="0" index="1" bw="15" slack="0"/>
<pin id="2842" dir="1" index="2" bw="16" slack="0"/>
</pin_list>
<bind>
<opcode="add(8) " fcode="add"/>
<opset="add_ln58_559/1 "/>
</bind>
</comp>

<comp id="2845" class="1004" name="add_ln58_560_fu_2845">
<pin_list>
<pin id="2846" dir="0" index="0" bw="11" slack="0"/>
<pin id="2847" dir="0" index="1" bw="13" slack="0"/>
<pin id="2848" dir="1" index="2" bw="14" slack="0"/>
</pin_list>
<bind>
<opcode="add(8) " fcode="add"/>
<opset="add_ln58_560/1 "/>
</bind>
</comp>

<comp id="2851" class="1004" name="zext_ln58_36_fu_2851">
<pin_list>
<pin id="2852" dir="0" index="0" bw="14" slack="0"/>
<pin id="2853" dir="1" index="1" bw="16" slack="0"/>
</pin_list>
<bind>
<opcode="zext(34) " fcode="zext"/>
<opset="zext_ln58_36/1 "/>
</bind>
</comp>

<comp id="2855" class="1004" name="add_ln58_561_fu_2855">
<pin_list>
<pin id="2856" dir="0" index="0" bw="14" slack="0"/>
<pin id="2857" dir="0" index="1" bw="15" slack="0"/>
<pin id="2858" dir="1" index="2" bw="16" slack="0"/>
</pin_list>
<bind>
<opcode="add(8) " fcode="add"/>
<opset="add_ln58_561/1 "/>
</bind>
</comp>

<comp id="2861" class="1004" name="add_ln58_562_fu_2861">
<pin_list>
<pin id="2862" dir="0" index="0" bw="16" slack="0"/>
<pin id="2863" dir="0" index="1" bw="16" slack="0"/>
<pin id="2864" dir="1" index="2" bw="16" slack="0"/>
</pin_list>
<bind>
<opcode="add(8) " fcode="add"/>
<opset="add_ln58_562/1 "/>
</bind>
</comp>

<comp id="2867" class="1004" name="add_ln58_563_fu_2867">
<pin_list>
<pin id="2868" dir="0" index="0" bw="13" slack="0"/>
<pin id="2869" dir="0" index="1" bw="12" slack="0"/>
<pin id="2870" dir="1" index="2" bw="15" slack="0"/>
</pin_list>
<bind>
<opcode="add(8) " fcode="add"/>
<opset="add_ln58_563/1 "/>
</bind>
</comp>

<comp id="2873" class="1004" name="add_ln58_564_fu_2873">
<pin_list>
<pin id="2874" dir="0" index="0" bw="15" slack="0"/>
<pin id="2875" dir="0" index="1" bw="12" slack="0"/>
<pin id="2876" dir="1" index="2" bw="15" slack="0"/>
</pin_list>
<bind>
<opcode="add(8) " fcode="add"/>
<opset="add_ln58_564/1 "/>
</bind>
</comp>

<comp id="2879" class="1004" name="add_ln58_565_fu_2879">
<pin_list>
<pin id="2880" dir="0" index="0" bw="9" slack="0"/>
<pin id="2881" dir="0" index="1" bw="11" slack="0"/>
<pin id="2882" dir="1" index="2" bw="11" slack="0"/>
</pin_list>
<bind>
<opcode="add(8) " fcode="add"/>
<opset="add_ln58_565/1 "/>
</bind>
</comp>

<comp id="2885" class="1004" name="zext_ln58_37_fu_2885">
<pin_list>
<pin id="2886" dir="0" index="0" bw="11" slack="0"/>
<pin id="2887" dir="1" index="1" bw="12" slack="0"/>
</pin_list>
<bind>
<opcode="zext(34) " fcode="zext"/>
<opset="zext_ln58_37/1 "/>
</bind>
</comp>

<comp id="2889" class="1004" name="add_ln58_566_fu_2889">
<pin_list>
<pin id="2890" dir="0" index="0" bw="11" slack="0"/>
<pin id="2891" dir="0" index="1" bw="10" slack="0"/>
<pin id="2892" dir="1" index="2" bw="12" slack="0"/>
</pin_list>
<bind>
<opcode="add(8) " fcode="add"/>
<opset="add_ln58_566/1 "/>
</bind>
</comp>

<comp id="2895" class="1004" name="zext_ln58_38_fu_2895">
<pin_list>
<pin id="2896" dir="0" index="0" bw="12" slack="0"/>
<pin id="2897" dir="1" index="1" bw="15" slack="0"/>
</pin_list>
<bind>
<opcode="zext(34) " fcode="zext"/>
<opset="zext_ln58_38/1 "/>
</bind>
</comp>

<comp id="2899" class="1004" name="add_ln58_567_fu_2899">
<pin_list>
<pin id="2900" dir="0" index="0" bw="12" slack="0"/>
<pin id="2901" dir="0" index="1" bw="15" slack="0"/>
<pin id="2902" dir="1" index="2" bw="15" slack="0"/>
</pin_list>
<bind>
<opcode="add(8) " fcode="add"/>
<opset="add_ln58_567/1 "/>
</bind>
</comp>

<comp id="2905" class="1004" name="sext_ln58_fu_2905">
<pin_list>
<pin id="2906" dir="0" index="0" bw="15" slack="0"/>
<pin id="2907" dir="1" index="1" bw="16" slack="0"/>
</pin_list>
<bind>
<opcode="sext(35) " fcode="sext"/>
<opset="sext_ln58/1 "/>
</bind>
</comp>

<comp id="2909" class="1004" name="add_ln58_568_fu_2909">
<pin_list>
<pin id="2910" dir="0" index="0" bw="15" slack="0"/>
<pin id="2911" dir="0" index="1" bw="16" slack="0"/>
<pin id="2912" dir="1" index="2" bw="16" slack="1"/>
</pin_list>
<bind>
<opcode="add(8) " fcode="add"/>
<opset="add_ln58_568/1 "/>
</bind>
</comp>

<comp id="2915" class="1004" name="add_ln58_571_fu_2915">
<pin_list>
<pin id="2916" dir="0" index="0" bw="12" slack="0"/>
<pin id="2917" dir="0" index="1" bw="14" slack="0"/>
<pin id="2918" dir="1" index="2" bw="15" slack="0"/>
</pin_list>
<bind>
<opcode="add(8) " fcode="add"/>
<opset="add_ln58_571/1 "/>
</bind>
</comp>

<comp id="2921" class="1004" name="add_ln58_572_fu_2921">
<pin_list>
<pin id="2922" dir="0" index="0" bw="15" slack="0"/>
<pin id="2923" dir="0" index="1" bw="13" slack="0"/>
<pin id="2924" dir="1" index="2" bw="15" slack="1"/>
</pin_list>
<bind>
<opcode="add(8) " fcode="add"/>
<opset="add_ln58_572/1 "/>
</bind>
</comp>

<comp id="2927" class="1004" name="add_ln58_574_fu_2927">
<pin_list>
<pin id="2928" dir="0" index="0" bw="11" slack="0"/>
<pin id="2929" dir="0" index="1" bw="14" slack="0"/>
<pin id="2930" dir="1" index="2" bw="15" slack="0"/>
</pin_list>
<bind>
<opcode="add(8) " fcode="add"/>
<opset="add_ln58_574/1 "/>
</bind>
</comp>

<comp id="2933" class="1004" name="sext_ln58_119_fu_2933">
<pin_list>
<pin id="2934" dir="0" index="0" bw="15" slack="0"/>
<pin id="2935" dir="1" index="1" bw="16" slack="0"/>
</pin_list>
<bind>
<opcode="sext(35) " fcode="sext"/>
<opset="sext_ln58_119/1 "/>
</bind>
</comp>

<comp id="2937" class="1004" name="add_ln58_575_fu_2937">
<pin_list>
<pin id="2938" dir="0" index="0" bw="15" slack="0"/>
<pin id="2939" dir="0" index="1" bw="14" slack="0"/>
<pin id="2940" dir="1" index="2" bw="16" slack="0"/>
</pin_list>
<bind>
<opcode="add(8) " fcode="add"/>
<opset="add_ln58_575/1 "/>
</bind>
</comp>

<comp id="2943" class="1004" name="add_ln58_576_fu_2943">
<pin_list>
<pin id="2944" dir="0" index="0" bw="15" slack="0"/>
<pin id="2945" dir="0" index="1" bw="12" slack="0"/>
<pin id="2946" dir="1" index="2" bw="16" slack="0"/>
</pin_list>
<bind>
<opcode="add(8) " fcode="add"/>
<opset="add_ln58_576/1 "/>
</bind>
</comp>

<comp id="2949" class="1004" name="add_ln58_577_fu_2949">
<pin_list>
<pin id="2950" dir="0" index="0" bw="9" slack="0"/>
<pin id="2951" dir="0" index="1" bw="11" slack="0"/>
<pin id="2952" dir="1" index="2" bw="11" slack="0"/>
</pin_list>
<bind>
<opcode="add(8) " fcode="add"/>
<opset="add_ln58_577/1 "/>
</bind>
</comp>

<comp id="2955" class="1004" name="sext_ln58_34_fu_2955">
<pin_list>
<pin id="2956" dir="0" index="0" bw="11" slack="0"/>
<pin id="2957" dir="1" index="1" bw="16" slack="0"/>
</pin_list>
<bind>
<opcode="sext(35) " fcode="sext"/>
<opset="sext_ln58_34/1 "/>
</bind>
</comp>

<comp id="2959" class="1004" name="add_ln58_578_fu_2959">
<pin_list>
<pin id="2960" dir="0" index="0" bw="11" slack="0"/>
<pin id="2961" dir="0" index="1" bw="16" slack="0"/>
<pin id="2962" dir="1" index="2" bw="16" slack="0"/>
</pin_list>
<bind>
<opcode="add(8) " fcode="add"/>
<opset="add_ln58_578/1 "/>
</bind>
</comp>

<comp id="2965" class="1004" name="add_ln58_579_fu_2965">
<pin_list>
<pin id="2966" dir="0" index="0" bw="16" slack="0"/>
<pin id="2967" dir="0" index="1" bw="16" slack="0"/>
<pin id="2968" dir="1" index="2" bw="16" slack="1"/>
</pin_list>
<bind>
<opcode="add(8) " fcode="add"/>
<opset="add_ln58_579/1 "/>
</bind>
</comp>

<comp id="2971" class="1004" name="add_ln58_583_fu_2971">
<pin_list>
<pin id="2972" dir="0" index="0" bw="13" slack="0"/>
<pin id="2973" dir="0" index="1" bw="14" slack="0"/>
<pin id="2974" dir="1" index="2" bw="15" slack="0"/>
</pin_list>
<bind>
<opcode="add(8) " fcode="add"/>
<opset="add_ln58_583/1 "/>
</bind>
</comp>

<comp id="2977" class="1004" name="sext_ln58_120_fu_2977">
<pin_list>
<pin id="2978" dir="0" index="0" bw="15" slack="0"/>
<pin id="2979" dir="1" index="1" bw="16" slack="0"/>
</pin_list>
<bind>
<opcode="sext(35) " fcode="sext"/>
<opset="sext_ln58_120/1 "/>
</bind>
</comp>

<comp id="2981" class="1004" name="add_ln58_584_fu_2981">
<pin_list>
<pin id="2982" dir="0" index="0" bw="14" slack="0"/>
<pin id="2983" dir="0" index="1" bw="14" slack="0"/>
<pin id="2984" dir="1" index="2" bw="15" slack="0"/>
</pin_list>
<bind>
<opcode="add(8) " fcode="add"/>
<opset="add_ln58_584/1 "/>
</bind>
</comp>

<comp id="2987" class="1004" name="sext_ln58_121_fu_2987">
<pin_list>
<pin id="2988" dir="0" index="0" bw="15" slack="0"/>
<pin id="2989" dir="1" index="1" bw="16" slack="0"/>
</pin_list>
<bind>
<opcode="sext(35) " fcode="sext"/>
<opset="sext_ln58_121/1 "/>
</bind>
</comp>

<comp id="2991" class="1004" name="add_ln58_585_fu_2991">
<pin_list>
<pin id="2992" dir="0" index="0" bw="15" slack="0"/>
<pin id="2993" dir="0" index="1" bw="15" slack="0"/>
<pin id="2994" dir="1" index="2" bw="16" slack="1"/>
</pin_list>
<bind>
<opcode="add(8) " fcode="add"/>
<opset="add_ln58_585/1 "/>
</bind>
</comp>

<comp id="2997" class="1004" name="add_ln58_587_fu_2997">
<pin_list>
<pin id="2998" dir="0" index="0" bw="14" slack="0"/>
<pin id="2999" dir="0" index="1" bw="13" slack="0"/>
<pin id="3000" dir="1" index="2" bw="15" slack="0"/>
</pin_list>
<bind>
<opcode="add(8) " fcode="add"/>
<opset="add_ln58_587/1 "/>
</bind>
</comp>

<comp id="3003" class="1004" name="add_ln58_588_fu_3003">
<pin_list>
<pin id="3004" dir="0" index="0" bw="15" slack="0"/>
<pin id="3005" dir="0" index="1" bw="13" slack="0"/>
<pin id="3006" dir="1" index="2" bw="15" slack="0"/>
</pin_list>
<bind>
<opcode="add(8) " fcode="add"/>
<opset="add_ln58_588/1 "/>
</bind>
</comp>

<comp id="3009" class="1004" name="sext_ln58_122_fu_3009">
<pin_list>
<pin id="3010" dir="0" index="0" bw="15" slack="0"/>
<pin id="3011" dir="1" index="1" bw="16" slack="0"/>
</pin_list>
<bind>
<opcode="sext(35) " fcode="sext"/>
<opset="sext_ln58_122/1 "/>
</bind>
</comp>

<comp id="3013" class="1004" name="add_ln58_589_fu_3013">
<pin_list>
<pin id="3014" dir="0" index="0" bw="11" slack="0"/>
<pin id="3015" dir="0" index="1" bw="11" slack="0"/>
<pin id="3016" dir="1" index="2" bw="12" slack="0"/>
</pin_list>
<bind>
<opcode="add(8) " fcode="add"/>
<opset="add_ln58_589/1 "/>
</bind>
</comp>

<comp id="3019" class="1004" name="zext_ln58_39_fu_3019">
<pin_list>
<pin id="3020" dir="0" index="0" bw="12" slack="0"/>
<pin id="3021" dir="1" index="1" bw="14" slack="0"/>
</pin_list>
<bind>
<opcode="zext(34) " fcode="zext"/>
<opset="zext_ln58_39/1 "/>
</bind>
</comp>

<comp id="3023" class="1004" name="add_ln58_590_fu_3023">
<pin_list>
<pin id="3024" dir="0" index="0" bw="9" slack="0"/>
<pin id="3025" dir="0" index="1" bw="9" slack="0"/>
<pin id="3026" dir="1" index="2" bw="10" slack="0"/>
</pin_list>
<bind>
<opcode="add(8) " fcode="add"/>
<opset="add_ln58_590/1 "/>
</bind>
</comp>

<comp id="3029" class="1004" name="sext_ln58_35_fu_3029">
<pin_list>
<pin id="3030" dir="0" index="0" bw="10" slack="0"/>
<pin id="3031" dir="1" index="1" bw="14" slack="0"/>
</pin_list>
<bind>
<opcode="sext(35) " fcode="sext"/>
<opset="sext_ln58_35/1 "/>
</bind>
</comp>

<comp id="3033" class="1004" name="add_ln58_591_fu_3033">
<pin_list>
<pin id="3034" dir="0" index="0" bw="10" slack="0"/>
<pin id="3035" dir="0" index="1" bw="12" slack="0"/>
<pin id="3036" dir="1" index="2" bw="14" slack="0"/>
</pin_list>
<bind>
<opcode="add(8) " fcode="add"/>
<opset="add_ln58_591/1 "/>
</bind>
</comp>

<comp id="3039" class="1004" name="sext_ln58_36_fu_3039">
<pin_list>
<pin id="3040" dir="0" index="0" bw="14" slack="0"/>
<pin id="3041" dir="1" index="1" bw="16" slack="0"/>
</pin_list>
<bind>
<opcode="sext(35) " fcode="sext"/>
<opset="sext_ln58_36/1 "/>
</bind>
</comp>

<comp id="3043" class="1004" name="add_ln58_592_fu_3043">
<pin_list>
<pin id="3044" dir="0" index="0" bw="14" slack="0"/>
<pin id="3045" dir="0" index="1" bw="15" slack="0"/>
<pin id="3046" dir="1" index="2" bw="16" slack="1"/>
</pin_list>
<bind>
<opcode="add(8) " fcode="add"/>
<opset="add_ln58_592/1 "/>
</bind>
</comp>

<comp id="3049" class="1004" name="add_ln58_594_fu_3049">
<pin_list>
<pin id="3050" dir="0" index="0" bw="14" slack="0"/>
<pin id="3051" dir="0" index="1" bw="13" slack="0"/>
<pin id="3052" dir="1" index="2" bw="15" slack="1"/>
</pin_list>
<bind>
<opcode="add(8) " fcode="add"/>
<opset="add_ln58_594/1 "/>
</bind>
</comp>

<comp id="3055" class="1004" name="add_ln58_596_fu_3055">
<pin_list>
<pin id="3056" dir="0" index="0" bw="14" slack="0"/>
<pin id="3057" dir="0" index="1" bw="13" slack="0"/>
<pin id="3058" dir="1" index="2" bw="15" slack="0"/>
</pin_list>
<bind>
<opcode="add(8) " fcode="add"/>
<opset="add_ln58_596/1 "/>
</bind>
</comp>

<comp id="3061" class="1004" name="sext_ln58_124_fu_3061">
<pin_list>
<pin id="3062" dir="0" index="0" bw="15" slack="0"/>
<pin id="3063" dir="1" index="1" bw="16" slack="0"/>
</pin_list>
<bind>
<opcode="sext(35) " fcode="sext"/>
<opset="sext_ln58_124/1 "/>
</bind>
</comp>

<comp id="3065" class="1004" name="add_ln58_597_fu_3065">
<pin_list>
<pin id="3066" dir="0" index="0" bw="14" slack="0"/>
<pin id="3067" dir="0" index="1" bw="12" slack="0"/>
<pin id="3068" dir="1" index="2" bw="15" slack="0"/>
</pin_list>
<bind>
<opcode="add(8) " fcode="add"/>
<opset="add_ln58_597/1 "/>
</bind>
</comp>

<comp id="3071" class="1004" name="sext_ln58_125_fu_3071">
<pin_list>
<pin id="3072" dir="0" index="0" bw="15" slack="0"/>
<pin id="3073" dir="1" index="1" bw="16" slack="0"/>
</pin_list>
<bind>
<opcode="sext(35) " fcode="sext"/>
<opset="sext_ln58_125/1 "/>
</bind>
</comp>

<comp id="3075" class="1004" name="add_ln58_598_fu_3075">
<pin_list>
<pin id="3076" dir="0" index="0" bw="15" slack="0"/>
<pin id="3077" dir="0" index="1" bw="15" slack="0"/>
<pin id="3078" dir="1" index="2" bw="16" slack="1"/>
</pin_list>
<bind>
<opcode="add(8) " fcode="add"/>
<opset="add_ln58_598/1 "/>
</bind>
</comp>

<comp id="3081" class="1004" name="add_ln58_600_fu_3081">
<pin_list>
<pin id="3082" dir="0" index="0" bw="11" slack="0"/>
<pin id="3083" dir="0" index="1" bw="13" slack="0"/>
<pin id="3084" dir="1" index="2" bw="14" slack="0"/>
</pin_list>
<bind>
<opcode="add(8) " fcode="add"/>
<opset="add_ln58_600/1 "/>
</bind>
</comp>

<comp id="3087" class="1004" name="add_ln58_601_fu_3087">
<pin_list>
<pin id="3088" dir="0" index="0" bw="14" slack="0"/>
<pin id="3089" dir="0" index="1" bw="11" slack="0"/>
<pin id="3090" dir="1" index="2" bw="14" slack="0"/>
</pin_list>
<bind>
<opcode="add(8) " fcode="add"/>
<opset="add_ln58_601/1 "/>
</bind>
</comp>

<comp id="3093" class="1004" name="zext_ln58_40_fu_3093">
<pin_list>
<pin id="3094" dir="0" index="0" bw="14" slack="0"/>
<pin id="3095" dir="1" index="1" bw="15" slack="0"/>
</pin_list>
<bind>
<opcode="zext(34) " fcode="zext"/>
<opset="zext_ln58_40/1 "/>
</bind>
</comp>

<comp id="3097" class="1004" name="add_ln58_602_fu_3097">
<pin_list>
<pin id="3098" dir="0" index="0" bw="11" slack="0"/>
<pin id="3099" dir="0" index="1" bw="11" slack="0"/>
<pin id="3100" dir="1" index="2" bw="12" slack="0"/>
</pin_list>
<bind>
<opcode="add(8) " fcode="add"/>
<opset="add_ln58_602/1 "/>
</bind>
</comp>

<comp id="3103" class="1004" name="zext_ln58_41_fu_3103">
<pin_list>
<pin id="3104" dir="0" index="0" bw="12" slack="0"/>
<pin id="3105" dir="1" index="1" bw="14" slack="0"/>
</pin_list>
<bind>
<opcode="zext(34) " fcode="zext"/>
<opset="zext_ln58_41/1 "/>
</bind>
</comp>

<comp id="3107" class="1004" name="add_ln58_603_fu_3107">
<pin_list>
<pin id="3108" dir="0" index="0" bw="9" slack="0"/>
<pin id="3109" dir="0" index="1" bw="10" slack="0"/>
<pin id="3110" dir="1" index="2" bw="10" slack="0"/>
</pin_list>
<bind>
<opcode="add(8) " fcode="add"/>
<opset="add_ln58_603/1 "/>
</bind>
</comp>

<comp id="3113" class="1004" name="sext_ln58_37_fu_3113">
<pin_list>
<pin id="3114" dir="0" index="0" bw="10" slack="0"/>
<pin id="3115" dir="1" index="1" bw="14" slack="0"/>
</pin_list>
<bind>
<opcode="sext(35) " fcode="sext"/>
<opset="sext_ln58_37/1 "/>
</bind>
</comp>

<comp id="3117" class="1004" name="add_ln58_604_fu_3117">
<pin_list>
<pin id="3118" dir="0" index="0" bw="10" slack="0"/>
<pin id="3119" dir="0" index="1" bw="12" slack="0"/>
<pin id="3120" dir="1" index="2" bw="14" slack="0"/>
</pin_list>
<bind>
<opcode="add(8) " fcode="add"/>
<opset="add_ln58_604/1 "/>
</bind>
</comp>

<comp id="3123" class="1004" name="sext_ln58_38_fu_3123">
<pin_list>
<pin id="3124" dir="0" index="0" bw="14" slack="0"/>
<pin id="3125" dir="1" index="1" bw="15" slack="0"/>
</pin_list>
<bind>
<opcode="sext(35) " fcode="sext"/>
<opset="sext_ln58_38/1 "/>
</bind>
</comp>

<comp id="3127" class="1004" name="add_ln58_605_fu_3127">
<pin_list>
<pin id="3128" dir="0" index="0" bw="14" slack="0"/>
<pin id="3129" dir="0" index="1" bw="14" slack="0"/>
<pin id="3130" dir="1" index="2" bw="15" slack="1"/>
</pin_list>
<bind>
<opcode="add(8) " fcode="add"/>
<opset="add_ln58_605/1 "/>
</bind>
</comp>

<comp id="3133" class="1004" name="shl_ln_fu_3133">
<pin_list>
<pin id="3134" dir="0" index="0" bw="21" slack="0"/>
<pin id="3135" dir="0" index="1" bw="13" slack="1"/>
<pin id="3136" dir="0" index="2" bw="1" slack="0"/>
<pin id="3137" dir="1" index="3" bw="21" slack="0"/>
</pin_list>
<bind>
<opcode="bitconcatenate(1004) " fcode="bitconcatenate"/>
<opset="shl_ln/2 "/>
</bind>
</comp>

<comp id="3140" class="1004" name="zext_ln73_fu_3140">
<pin_list>
<pin id="3141" dir="0" index="0" bw="21" slack="0"/>
<pin id="3142" dir="1" index="1" bw="22" slack="0"/>
</pin_list>
<bind>
<opcode="zext(34) " fcode="zext"/>
<opset="zext_ln73/2 "/>
</bind>
</comp>

<comp id="3144" class="1004" name="sub_ln73_fu_3144">
<pin_list>
<pin id="3145" dir="0" index="0" bw="1" slack="0"/>
<pin id="3146" dir="0" index="1" bw="21" slack="0"/>
<pin id="3147" dir="1" index="2" bw="22" slack="0"/>
</pin_list>
<bind>
<opcode="sub(10) " fcode="sub"/>
<opset="sub_ln73/2 "/>
</bind>
</comp>

<comp id="3150" class="1004" name="trunc_ln42_s_fu_3150">
<pin_list>
<pin id="3151" dir="0" index="0" bw="12" slack="0"/>
<pin id="3152" dir="0" index="1" bw="22" slack="0"/>
<pin id="3153" dir="0" index="2" bw="5" slack="0"/>
<pin id="3154" dir="0" index="3" bw="6" slack="0"/>
<pin id="3155" dir="1" index="4" bw="12" slack="0"/>
</pin_list>
<bind>
<opcode="partselect(1002) " fcode="partselect"/>
<opset="trunc_ln42_s/2 "/>
</bind>
</comp>

<comp id="3160" class="1004" name="sext_ln42_fu_3160">
<pin_list>
<pin id="3161" dir="0" index="0" bw="12" slack="0"/>
<pin id="3162" dir="1" index="1" bw="16" slack="0"/>
</pin_list>
<bind>
<opcode="sext(35) " fcode="sext"/>
<opset="sext_ln42/2 "/>
</bind>
</comp>

<comp id="3164" class="1004" name="shl_ln73_s_fu_3164">
<pin_list>
<pin id="3165" dir="0" index="0" bw="22" slack="0"/>
<pin id="3166" dir="0" index="1" bw="13" slack="1"/>
<pin id="3167" dir="0" index="2" bw="1" slack="0"/>
<pin id="3168" dir="1" index="3" bw="22" slack="0"/>
</pin_list>
<bind>
<opcode="bitconcatenate(1004) " fcode="bitconcatenate"/>
<opset="shl_ln73_s/2 "/>
</bind>
</comp>

<comp id="3171" class="1004" name="zext_ln73_79_fu_3171">
<pin_list>
<pin id="3172" dir="0" index="0" bw="22" slack="0"/>
<pin id="3173" dir="1" index="1" bw="23" slack="0"/>
</pin_list>
<bind>
<opcode="zext(34) " fcode="zext"/>
<opset="zext_ln73_79/2 "/>
</bind>
</comp>

<comp id="3175" class="1004" name="sub_ln73_181_fu_3175">
<pin_list>
<pin id="3176" dir="0" index="0" bw="1" slack="0"/>
<pin id="3177" dir="0" index="1" bw="22" slack="0"/>
<pin id="3178" dir="1" index="2" bw="23" slack="0"/>
</pin_list>
<bind>
<opcode="sub(10) " fcode="sub"/>
<opset="sub_ln73_181/2 "/>
</bind>
</comp>

<comp id="3181" class="1004" name="trunc_ln42_114_fu_3181">
<pin_list>
<pin id="3182" dir="0" index="0" bw="13" slack="0"/>
<pin id="3183" dir="0" index="1" bw="23" slack="0"/>
<pin id="3184" dir="0" index="2" bw="5" slack="0"/>
<pin id="3185" dir="0" index="3" bw="6" slack="0"/>
<pin id="3186" dir="1" index="4" bw="13" slack="0"/>
</pin_list>
<bind>
<opcode="partselect(1002) " fcode="partselect"/>
<opset="trunc_ln42_114/2 "/>
</bind>
</comp>

<comp id="3191" class="1004" name="sext_ln73_122_fu_3191">
<pin_list>
<pin id="3192" dir="0" index="0" bw="13" slack="0"/>
<pin id="3193" dir="1" index="1" bw="15" slack="0"/>
</pin_list>
<bind>
<opcode="sext(35) " fcode="sext"/>
<opset="sext_ln73_122/2 "/>
</bind>
</comp>

<comp id="3195" class="1004" name="shl_ln73_161_fu_3195">
<pin_list>
<pin id="3196" dir="0" index="0" bw="18" slack="0"/>
<pin id="3197" dir="0" index="1" bw="13" slack="1"/>
<pin id="3198" dir="0" index="2" bw="1" slack="0"/>
<pin id="3199" dir="1" index="3" bw="18" slack="0"/>
</pin_list>
<bind>
<opcode="bitconcatenate(1004) " fcode="bitconcatenate"/>
<opset="shl_ln73_161/2 "/>
</bind>
</comp>

<comp id="3202" class="1004" name="zext_ln73_80_fu_3202">
<pin_list>
<pin id="3203" dir="0" index="0" bw="18" slack="0"/>
<pin id="3204" dir="1" index="1" bw="19" slack="0"/>
</pin_list>
<bind>
<opcode="zext(34) " fcode="zext"/>
<opset="zext_ln73_80/2 "/>
</bind>
</comp>

<comp id="3206" class="1004" name="sub_ln73_182_fu_3206">
<pin_list>
<pin id="3207" dir="0" index="0" bw="1" slack="0"/>
<pin id="3208" dir="0" index="1" bw="18" slack="0"/>
<pin id="3209" dir="1" index="2" bw="19" slack="0"/>
</pin_list>
<bind>
<opcode="sub(10) " fcode="sub"/>
<opset="sub_ln73_182/2 "/>
</bind>
</comp>

<comp id="3212" class="1004" name="trunc_ln42_115_fu_3212">
<pin_list>
<pin id="3213" dir="0" index="0" bw="9" slack="0"/>
<pin id="3214" dir="0" index="1" bw="19" slack="0"/>
<pin id="3215" dir="0" index="2" bw="5" slack="0"/>
<pin id="3216" dir="0" index="3" bw="6" slack="0"/>
<pin id="3217" dir="1" index="4" bw="9" slack="0"/>
</pin_list>
<bind>
<opcode="partselect(1002) " fcode="partselect"/>
<opset="trunc_ln42_115/2 "/>
</bind>
</comp>

<comp id="3222" class="1004" name="sext_ln42_115_fu_3222">
<pin_list>
<pin id="3223" dir="0" index="0" bw="9" slack="0"/>
<pin id="3224" dir="1" index="1" bw="16" slack="0"/>
</pin_list>
<bind>
<opcode="sext(35) " fcode="sext"/>
<opset="sext_ln42_115/2 "/>
</bind>
</comp>

<comp id="3226" class="1004" name="shl_ln73_162_fu_3226">
<pin_list>
<pin id="3227" dir="0" index="0" bw="23" slack="0"/>
<pin id="3228" dir="0" index="1" bw="15" slack="1"/>
<pin id="3229" dir="0" index="2" bw="1" slack="0"/>
<pin id="3230" dir="1" index="3" bw="23" slack="0"/>
</pin_list>
<bind>
<opcode="bitconcatenate(1004) " fcode="bitconcatenate"/>
<opset="shl_ln73_162/2 "/>
</bind>
</comp>

<comp id="3233" class="1004" name="zext_ln73_81_fu_3233">
<pin_list>
<pin id="3234" dir="0" index="0" bw="23" slack="0"/>
<pin id="3235" dir="1" index="1" bw="24" slack="0"/>
</pin_list>
<bind>
<opcode="zext(34) " fcode="zext"/>
<opset="zext_ln73_81/2 "/>
</bind>
</comp>

<comp id="3237" class="1004" name="shl_ln73_163_fu_3237">
<pin_list>
<pin id="3238" dir="0" index="0" bw="21" slack="0"/>
<pin id="3239" dir="0" index="1" bw="15" slack="1"/>
<pin id="3240" dir="0" index="2" bw="1" slack="0"/>
<pin id="3241" dir="1" index="3" bw="21" slack="0"/>
</pin_list>
<bind>
<opcode="bitconcatenate(1004) " fcode="bitconcatenate"/>
<opset="shl_ln73_163/2 "/>
</bind>
</comp>

<comp id="3244" class="1004" name="zext_ln73_82_fu_3244">
<pin_list>
<pin id="3245" dir="0" index="0" bw="21" slack="0"/>
<pin id="3246" dir="1" index="1" bw="25" slack="0"/>
</pin_list>
<bind>
<opcode="zext(34) " fcode="zext"/>
<opset="zext_ln73_82/2 "/>
</bind>
</comp>

<comp id="3248" class="1004" name="zext_ln73_83_fu_3248">
<pin_list>
<pin id="3249" dir="0" index="0" bw="21" slack="0"/>
<pin id="3250" dir="1" index="1" bw="24" slack="0"/>
</pin_list>
<bind>
<opcode="zext(34) " fcode="zext"/>
<opset="zext_ln73_83/2 "/>
</bind>
</comp>

<comp id="3252" class="1004" name="sub_ln73_183_fu_3252">
<pin_list>
<pin id="3253" dir="0" index="0" bw="23" slack="0"/>
<pin id="3254" dir="0" index="1" bw="21" slack="0"/>
<pin id="3255" dir="1" index="2" bw="24" slack="0"/>
</pin_list>
<bind>
<opcode="sub(10) " fcode="sub"/>
<opset="sub_ln73_183/2 "/>
</bind>
</comp>

<comp id="3258" class="1004" name="trunc_ln42_116_fu_3258">
<pin_list>
<pin id="3259" dir="0" index="0" bw="14" slack="0"/>
<pin id="3260" dir="0" index="1" bw="24" slack="0"/>
<pin id="3261" dir="0" index="2" bw="5" slack="0"/>
<pin id="3262" dir="0" index="3" bw="6" slack="0"/>
<pin id="3263" dir="1" index="4" bw="14" slack="0"/>
</pin_list>
<bind>
<opcode="partselect(1002) " fcode="partselect"/>
<opset="trunc_ln42_116/2 "/>
</bind>
</comp>

<comp id="3268" class="1004" name="sext_ln42_116_fu_3268">
<pin_list>
<pin id="3269" dir="0" index="0" bw="14" slack="0"/>
<pin id="3270" dir="1" index="1" bw="16" slack="0"/>
</pin_list>
<bind>
<opcode="sext(35) " fcode="sext"/>
<opset="sext_ln42_116/2 "/>
</bind>
</comp>

<comp id="3272" class="1004" name="shl_ln73_164_fu_3272">
<pin_list>
<pin id="3273" dir="0" index="0" bw="22" slack="0"/>
<pin id="3274" dir="0" index="1" bw="15" slack="1"/>
<pin id="3275" dir="0" index="2" bw="1" slack="0"/>
<pin id="3276" dir="1" index="3" bw="22" slack="0"/>
</pin_list>
<bind>
<opcode="bitconcatenate(1004) " fcode="bitconcatenate"/>
<opset="shl_ln73_164/2 "/>
</bind>
</comp>

<comp id="3279" class="1004" name="zext_ln73_85_fu_3279">
<pin_list>
<pin id="3280" dir="0" index="0" bw="22" slack="0"/>
<pin id="3281" dir="1" index="1" bw="25" slack="0"/>
</pin_list>
<bind>
<opcode="zext(34) " fcode="zext"/>
<opset="zext_ln73_85/2 "/>
</bind>
</comp>

<comp id="3283" class="1004" name="zext_ln73_86_fu_3283">
<pin_list>
<pin id="3284" dir="0" index="0" bw="22" slack="0"/>
<pin id="3285" dir="1" index="1" bw="23" slack="0"/>
</pin_list>
<bind>
<opcode="zext(34) " fcode="zext"/>
<opset="zext_ln73_86/2 "/>
</bind>
</comp>

<comp id="3287" class="1004" name="sub_ln73_184_fu_3287">
<pin_list>
<pin id="3288" dir="0" index="0" bw="1" slack="0"/>
<pin id="3289" dir="0" index="1" bw="22" slack="0"/>
<pin id="3290" dir="1" index="2" bw="23" slack="0"/>
</pin_list>
<bind>
<opcode="sub(10) " fcode="sub"/>
<opset="sub_ln73_184/2 "/>
</bind>
</comp>

<comp id="3293" class="1004" name="trunc_ln42_117_fu_3293">
<pin_list>
<pin id="3294" dir="0" index="0" bw="13" slack="0"/>
<pin id="3295" dir="0" index="1" bw="23" slack="0"/>
<pin id="3296" dir="0" index="2" bw="5" slack="0"/>
<pin id="3297" dir="0" index="3" bw="6" slack="0"/>
<pin id="3298" dir="1" index="4" bw="13" slack="0"/>
</pin_list>
<bind>
<opcode="partselect(1002) " fcode="partselect"/>
<opset="trunc_ln42_117/2 "/>
</bind>
</comp>

<comp id="3303" class="1004" name="sext_ln73_123_fu_3303">
<pin_list>
<pin id="3304" dir="0" index="0" bw="13" slack="0"/>
<pin id="3305" dir="1" index="1" bw="14" slack="0"/>
</pin_list>
<bind>
<opcode="sext(35) " fcode="sext"/>
<opset="sext_ln73_123/2 "/>
</bind>
</comp>

<comp id="3307" class="1004" name="shl_ln73_165_fu_3307">
<pin_list>
<pin id="3308" dir="0" index="0" bw="24" slack="0"/>
<pin id="3309" dir="0" index="1" bw="15" slack="1"/>
<pin id="3310" dir="0" index="2" bw="1" slack="0"/>
<pin id="3311" dir="1" index="3" bw="24" slack="0"/>
</pin_list>
<bind>
<opcode="bitconcatenate(1004) " fcode="bitconcatenate"/>
<opset="shl_ln73_165/2 "/>
</bind>
</comp>

<comp id="3314" class="1004" name="zext_ln73_87_fu_3314">
<pin_list>
<pin id="3315" dir="0" index="0" bw="24" slack="0"/>
<pin id="3316" dir="1" index="1" bw="25" slack="0"/>
</pin_list>
<bind>
<opcode="zext(34) " fcode="zext"/>
<opset="zext_ln73_87/2 "/>
</bind>
</comp>

<comp id="3318" class="1004" name="sub_ln73_185_fu_3318">
<pin_list>
<pin id="3319" dir="0" index="0" bw="22" slack="0"/>
<pin id="3320" dir="0" index="1" bw="24" slack="0"/>
<pin id="3321" dir="1" index="2" bw="25" slack="0"/>
</pin_list>
<bind>
<opcode="sub(10) " fcode="sub"/>
<opset="sub_ln73_185/2 "/>
</bind>
</comp>

<comp id="3324" class="1004" name="trunc_ln42_118_fu_3324">
<pin_list>
<pin id="3325" dir="0" index="0" bw="15" slack="0"/>
<pin id="3326" dir="0" index="1" bw="25" slack="0"/>
<pin id="3327" dir="0" index="2" bw="5" slack="0"/>
<pin id="3328" dir="0" index="3" bw="6" slack="0"/>
<pin id="3329" dir="1" index="4" bw="15" slack="0"/>
</pin_list>
<bind>
<opcode="partselect(1002) " fcode="partselect"/>
<opset="trunc_ln42_118/2 "/>
</bind>
</comp>

<comp id="3334" class="1004" name="sext_ln42_117_fu_3334">
<pin_list>
<pin id="3335" dir="0" index="0" bw="15" slack="0"/>
<pin id="3336" dir="1" index="1" bw="16" slack="0"/>
</pin_list>
<bind>
<opcode="sext(35) " fcode="sext"/>
<opset="sext_ln42_117/2 "/>
</bind>
</comp>

<comp id="3338" class="1004" name="add_ln73_fu_3338">
<pin_list>
<pin id="3339" dir="0" index="0" bw="24" slack="0"/>
<pin id="3340" dir="0" index="1" bw="21" slack="0"/>
<pin id="3341" dir="1" index="2" bw="25" slack="0"/>
</pin_list>
<bind>
<opcode="add(8) " fcode="add"/>
<opset="add_ln73/2 "/>
</bind>
</comp>

<comp id="3344" class="1004" name="tmp_73_fu_3344">
<pin_list>
<pin id="3345" dir="0" index="0" bw="15" slack="0"/>
<pin id="3346" dir="0" index="1" bw="25" slack="0"/>
<pin id="3347" dir="0" index="2" bw="5" slack="0"/>
<pin id="3348" dir="0" index="3" bw="6" slack="0"/>
<pin id="3349" dir="1" index="4" bw="15" slack="0"/>
</pin_list>
<bind>
<opcode="partselect(1002) " fcode="partselect"/>
<opset="tmp_73/2 "/>
</bind>
</comp>

<comp id="3354" class="1004" name="zext_ln42_25_fu_3354">
<pin_list>
<pin id="3355" dir="0" index="0" bw="15" slack="0"/>
<pin id="3356" dir="1" index="1" bw="16" slack="0"/>
</pin_list>
<bind>
<opcode="zext(34) " fcode="zext"/>
<opset="zext_ln42_25/2 "/>
</bind>
</comp>

<comp id="3358" class="1004" name="zext_ln73_88_fu_3358">
<pin_list>
<pin id="3359" dir="0" index="0" bw="15" slack="1"/>
<pin id="3360" dir="1" index="1" bw="23" slack="0"/>
</pin_list>
<bind>
<opcode="zext(34) " fcode="zext"/>
<opset="zext_ln73_88/2 "/>
</bind>
</comp>

<comp id="3362" class="1004" name="zext_ln73_90_fu_3362">
<pin_list>
<pin id="3363" dir="0" index="0" bw="15" slack="1"/>
<pin id="3364" dir="1" index="1" bw="25" slack="0"/>
</pin_list>
<bind>
<opcode="zext(34) " fcode="zext"/>
<opset="zext_ln73_90/2 "/>
</bind>
</comp>

<comp id="3366" class="1004" name="trunc_ln42_119_fu_3366">
<pin_list>
<pin id="3367" dir="0" index="0" bw="15" slack="0"/>
<pin id="3368" dir="0" index="1" bw="25" slack="0"/>
<pin id="3369" dir="0" index="2" bw="5" slack="0"/>
<pin id="3370" dir="0" index="3" bw="6" slack="0"/>
<pin id="3371" dir="1" index="4" bw="15" slack="0"/>
</pin_list>
<bind>
<opcode="partselect(1002) " fcode="partselect"/>
<opset="trunc_ln42_119/2 "/>
</bind>
</comp>

<comp id="3376" class="1004" name="sext_ln42_118_fu_3376">
<pin_list>
<pin id="3377" dir="0" index="0" bw="15" slack="0"/>
<pin id="3378" dir="1" index="1" bw="16" slack="0"/>
</pin_list>
<bind>
<opcode="sext(35) " fcode="sext"/>
<opset="sext_ln42_118/2 "/>
</bind>
</comp>

<comp id="3380" class="1004" name="shl_ln73_168_fu_3380">
<pin_list>
<pin id="3381" dir="0" index="0" bw="22" slack="0"/>
<pin id="3382" dir="0" index="1" bw="15" slack="1"/>
<pin id="3383" dir="0" index="2" bw="1" slack="0"/>
<pin id="3384" dir="1" index="3" bw="22" slack="0"/>
</pin_list>
<bind>
<opcode="bitconcatenate(1004) " fcode="bitconcatenate"/>
<opset="shl_ln73_168/2 "/>
</bind>
</comp>

<comp id="3387" class="1004" name="zext_ln73_93_fu_3387">
<pin_list>
<pin id="3388" dir="0" index="0" bw="22" slack="0"/>
<pin id="3389" dir="1" index="1" bw="23" slack="0"/>
</pin_list>
<bind>
<opcode="zext(34) " fcode="zext"/>
<opset="zext_ln73_93/2 "/>
</bind>
</comp>

<comp id="3391" class="1004" name="shl_ln73_169_fu_3391">
<pin_list>
<pin id="3392" dir="0" index="0" bw="20" slack="0"/>
<pin id="3393" dir="0" index="1" bw="15" slack="1"/>
<pin id="3394" dir="0" index="2" bw="1" slack="0"/>
<pin id="3395" dir="1" index="3" bw="20" slack="0"/>
</pin_list>
<bind>
<opcode="bitconcatenate(1004) " fcode="bitconcatenate"/>
<opset="shl_ln73_169/2 "/>
</bind>
</comp>

<comp id="3398" class="1004" name="zext_ln73_94_fu_3398">
<pin_list>
<pin id="3399" dir="0" index="0" bw="20" slack="0"/>
<pin id="3400" dir="1" index="1" bw="23" slack="0"/>
</pin_list>
<bind>
<opcode="zext(34) " fcode="zext"/>
<opset="zext_ln73_94/2 "/>
</bind>
</comp>

<comp id="3402" class="1004" name="sub_ln73_187_fu_3402">
<pin_list>
<pin id="3403" dir="0" index="0" bw="20" slack="0"/>
<pin id="3404" dir="0" index="1" bw="22" slack="0"/>
<pin id="3405" dir="1" index="2" bw="23" slack="0"/>
</pin_list>
<bind>
<opcode="sub(10) " fcode="sub"/>
<opset="sub_ln73_187/2 "/>
</bind>
</comp>

<comp id="3408" class="1004" name="trunc_ln42_121_fu_3408">
<pin_list>
<pin id="3409" dir="0" index="0" bw="13" slack="0"/>
<pin id="3410" dir="0" index="1" bw="23" slack="0"/>
<pin id="3411" dir="0" index="2" bw="5" slack="0"/>
<pin id="3412" dir="0" index="3" bw="6" slack="0"/>
<pin id="3413" dir="1" index="4" bw="13" slack="0"/>
</pin_list>
<bind>
<opcode="partselect(1002) " fcode="partselect"/>
<opset="trunc_ln42_121/2 "/>
</bind>
</comp>

<comp id="3418" class="1004" name="sext_ln73_124_fu_3418">
<pin_list>
<pin id="3419" dir="0" index="0" bw="13" slack="0"/>
<pin id="3420" dir="1" index="1" bw="14" slack="0"/>
</pin_list>
<bind>
<opcode="sext(35) " fcode="sext"/>
<opset="sext_ln73_124/2 "/>
</bind>
</comp>

<comp id="3422" class="1004" name="tmp_74_fu_3422">
<pin_list>
<pin id="3423" dir="0" index="0" bw="13" slack="0"/>
<pin id="3424" dir="0" index="1" bw="23" slack="0"/>
<pin id="3425" dir="0" index="2" bw="5" slack="0"/>
<pin id="3426" dir="0" index="3" bw="6" slack="0"/>
<pin id="3427" dir="1" index="4" bw="13" slack="0"/>
</pin_list>
<bind>
<opcode="partselect(1002) " fcode="partselect"/>
<opset="tmp_74/2 "/>
</bind>
</comp>

<comp id="3432" class="1004" name="zext_ln42_26_fu_3432">
<pin_list>
<pin id="3433" dir="0" index="0" bw="13" slack="0"/>
<pin id="3434" dir="1" index="1" bw="16" slack="0"/>
</pin_list>
<bind>
<opcode="zext(34) " fcode="zext"/>
<opset="zext_ln42_26/2 "/>
</bind>
</comp>

<comp id="3436" class="1004" name="add_ln58_fu_3436">
<pin_list>
<pin id="3437" dir="0" index="0" bw="14" slack="0"/>
<pin id="3438" dir="0" index="1" bw="15" slack="0"/>
<pin id="3439" dir="1" index="2" bw="16" slack="0"/>
</pin_list>
<bind>
<opcode="add(8) " fcode="add"/>
<opset="add_ln58/2 "/>
</bind>
</comp>

<comp id="3442" class="1004" name="add_ln58_547_fu_3442">
<pin_list>
<pin id="3443" dir="0" index="0" bw="16" slack="0"/>
<pin id="3444" dir="0" index="1" bw="12" slack="0"/>
<pin id="3445" dir="1" index="2" bw="16" slack="0"/>
</pin_list>
<bind>
<opcode="add(8) " fcode="add"/>
<opset="add_ln58_547/2 "/>
</bind>
</comp>

<comp id="3448" class="1004" name="add_ln58_550_fu_3448">
<pin_list>
<pin id="3449" dir="0" index="0" bw="16" slack="1"/>
<pin id="3450" dir="0" index="1" bw="16" slack="0"/>
<pin id="3451" dir="1" index="2" bw="16" slack="0"/>
</pin_list>
<bind>
<opcode="add(8) " fcode="add"/>
<opset="add_ln58_550/2 "/>
</bind>
</comp>

<comp id="3453" class="1004" name="add_ln58_557_fu_3453">
<pin_list>
<pin id="3454" dir="0" index="0" bw="16" slack="1"/>
<pin id="3455" dir="0" index="1" bw="16" slack="0"/>
<pin id="3456" dir="1" index="2" bw="16" slack="0"/>
</pin_list>
<bind>
<opcode="add(8) " fcode="add"/>
<opset="add_ln58_557/2 "/>
</bind>
</comp>

<comp id="3458" class="1004" name="add_ln58_569_fu_3458">
<pin_list>
<pin id="3459" dir="0" index="0" bw="13" slack="0"/>
<pin id="3460" dir="0" index="1" bw="13" slack="0"/>
<pin id="3461" dir="1" index="2" bw="14" slack="0"/>
</pin_list>
<bind>
<opcode="add(8) " fcode="add"/>
<opset="add_ln58_569/2 "/>
</bind>
</comp>

<comp id="3464" class="1004" name="sext_ln58_116_fu_3464">
<pin_list>
<pin id="3465" dir="0" index="0" bw="14" slack="0"/>
<pin id="3466" dir="1" index="1" bw="15" slack="0"/>
</pin_list>
<bind>
<opcode="sext(35) " fcode="sext"/>
<opset="sext_ln58_116/2 "/>
</bind>
</comp>

<comp id="3468" class="1004" name="add_ln58_570_fu_3468">
<pin_list>
<pin id="3469" dir="0" index="0" bw="14" slack="0"/>
<pin id="3470" dir="0" index="1" bw="13" slack="0"/>
<pin id="3471" dir="1" index="2" bw="15" slack="0"/>
</pin_list>
<bind>
<opcode="add(8) " fcode="add"/>
<opset="add_ln58_570/2 "/>
</bind>
</comp>

<comp id="3474" class="1004" name="sext_ln58_117_fu_3474">
<pin_list>
<pin id="3475" dir="0" index="0" bw="15" slack="0"/>
<pin id="3476" dir="1" index="1" bw="16" slack="0"/>
</pin_list>
<bind>
<opcode="sext(35) " fcode="sext"/>
<opset="sext_ln58_117/2 "/>
</bind>
</comp>

<comp id="3478" class="1004" name="sext_ln58_118_fu_3478">
<pin_list>
<pin id="3479" dir="0" index="0" bw="15" slack="1"/>
<pin id="3480" dir="1" index="1" bw="16" slack="0"/>
</pin_list>
<bind>
<opcode="sext(35) " fcode="sext"/>
<opset="sext_ln58_118/2 "/>
</bind>
</comp>

<comp id="3481" class="1004" name="add_ln58_573_fu_3481">
<pin_list>
<pin id="3482" dir="0" index="0" bw="15" slack="0"/>
<pin id="3483" dir="0" index="1" bw="15" slack="0"/>
<pin id="3484" dir="1" index="2" bw="16" slack="0"/>
</pin_list>
<bind>
<opcode="add(8) " fcode="add"/>
<opset="add_ln58_573/2 "/>
</bind>
</comp>

<comp id="3487" class="1004" name="add_ln58_580_fu_3487">
<pin_list>
<pin id="3488" dir="0" index="0" bw="16" slack="1"/>
<pin id="3489" dir="0" index="1" bw="16" slack="0"/>
<pin id="3490" dir="1" index="2" bw="16" slack="0"/>
</pin_list>
<bind>
<opcode="add(8) " fcode="add"/>
<opset="add_ln58_580/2 "/>
</bind>
</comp>

<comp id="3492" class="1004" name="add_ln58_581_fu_3492">
<pin_list>
<pin id="3493" dir="0" index="0" bw="15" slack="0"/>
<pin id="3494" dir="0" index="1" bw="13" slack="0"/>
<pin id="3495" dir="1" index="2" bw="16" slack="0"/>
</pin_list>
<bind>
<opcode="add(8) " fcode="add"/>
<opset="add_ln58_581/2 "/>
</bind>
</comp>

<comp id="3498" class="1004" name="add_ln58_582_fu_3498">
<pin_list>
<pin id="3499" dir="0" index="0" bw="16" slack="0"/>
<pin id="3500" dir="0" index="1" bw="9" slack="0"/>
<pin id="3501" dir="1" index="2" bw="16" slack="0"/>
</pin_list>
<bind>
<opcode="add(8) " fcode="add"/>
<opset="add_ln58_582/2 "/>
</bind>
</comp>

<comp id="3504" class="1004" name="add_ln58_586_fu_3504">
<pin_list>
<pin id="3505" dir="0" index="0" bw="16" slack="1"/>
<pin id="3506" dir="0" index="1" bw="16" slack="0"/>
<pin id="3507" dir="1" index="2" bw="16" slack="0"/>
</pin_list>
<bind>
<opcode="add(8) " fcode="add"/>
<opset="add_ln58_586/2 "/>
</bind>
</comp>

<comp id="3509" class="1004" name="add_ln58_593_fu_3509">
<pin_list>
<pin id="3510" dir="0" index="0" bw="16" slack="1"/>
<pin id="3511" dir="0" index="1" bw="16" slack="0"/>
<pin id="3512" dir="1" index="2" bw="16" slack="0"/>
</pin_list>
<bind>
<opcode="add(8) " fcode="add"/>
<opset="add_ln58_593/2 "/>
</bind>
</comp>

<comp id="3514" class="1004" name="sext_ln58_123_fu_3514">
<pin_list>
<pin id="3515" dir="0" index="0" bw="15" slack="1"/>
<pin id="3516" dir="1" index="1" bw="16" slack="0"/>
</pin_list>
<bind>
<opcode="sext(35) " fcode="sext"/>
<opset="sext_ln58_123/2 "/>
</bind>
</comp>

<comp id="3517" class="1004" name="add_ln58_595_fu_3517">
<pin_list>
<pin id="3518" dir="0" index="0" bw="15" slack="0"/>
<pin id="3519" dir="0" index="1" bw="15" slack="0"/>
<pin id="3520" dir="1" index="2" bw="16" slack="0"/>
</pin_list>
<bind>
<opcode="add(8) " fcode="add"/>
<opset="add_ln58_595/2 "/>
</bind>
</comp>

<comp id="3523" class="1004" name="add_ln58_599_fu_3523">
<pin_list>
<pin id="3524" dir="0" index="0" bw="16" slack="1"/>
<pin id="3525" dir="0" index="1" bw="16" slack="0"/>
<pin id="3526" dir="1" index="2" bw="16" slack="0"/>
</pin_list>
<bind>
<opcode="add(8) " fcode="add"/>
<opset="add_ln58_599/2 "/>
</bind>
</comp>

<comp id="3528" class="1004" name="sext_ln58_39_fu_3528">
<pin_list>
<pin id="3529" dir="0" index="0" bw="15" slack="1"/>
<pin id="3530" dir="1" index="1" bw="16" slack="0"/>
</pin_list>
<bind>
<opcode="sext(35) " fcode="sext"/>
<opset="sext_ln58_39/2 "/>
</bind>
</comp>

<comp id="3531" class="1004" name="add_ln58_606_fu_3531">
<pin_list>
<pin id="3532" dir="0" index="0" bw="15" slack="0"/>
<pin id="3533" dir="0" index="1" bw="16" slack="0"/>
<pin id="3534" dir="1" index="2" bw="16" slack="0"/>
</pin_list>
<bind>
<opcode="add(8) " fcode="add"/>
<opset="add_ln58_606/2 "/>
</bind>
</comp>

<comp id="3537" class="1004" name="mrv_fu_3537">
<pin_list>
<pin id="3538" dir="0" index="0" bw="80" slack="0"/>
<pin id="3539" dir="0" index="1" bw="16" slack="0"/>
<pin id="3540" dir="1" index="2" bw="80" slack="0"/>
</pin_list>
<bind>
<opcode="insertvalue(57) " fcode="insertvalue"/>
<opset="mrv/2 "/>
</bind>
</comp>

<comp id="3543" class="1004" name="mrv_1_fu_3543">
<pin_list>
<pin id="3544" dir="0" index="0" bw="80" slack="0"/>
<pin id="3545" dir="0" index="1" bw="16" slack="1"/>
<pin id="3546" dir="1" index="2" bw="80" slack="0"/>
</pin_list>
<bind>
<opcode="insertvalue(57) " fcode="insertvalue"/>
<opset="mrv_1/2 "/>
</bind>
</comp>

<comp id="3548" class="1004" name="mrv_2_fu_3548">
<pin_list>
<pin id="3549" dir="0" index="0" bw="80" slack="0"/>
<pin id="3550" dir="0" index="1" bw="16" slack="0"/>
<pin id="3551" dir="1" index="2" bw="80" slack="0"/>
</pin_list>
<bind>
<opcode="insertvalue(57) " fcode="insertvalue"/>
<opset="mrv_2/2 "/>
</bind>
</comp>

<comp id="3554" class="1004" name="mrv_3_fu_3554">
<pin_list>
<pin id="3555" dir="0" index="0" bw="80" slack="0"/>
<pin id="3556" dir="0" index="1" bw="16" slack="0"/>
<pin id="3557" dir="1" index="2" bw="80" slack="0"/>
</pin_list>
<bind>
<opcode="insertvalue(57) " fcode="insertvalue"/>
<opset="mrv_3/2 "/>
</bind>
</comp>

<comp id="3560" class="1004" name="mrv_4_fu_3560">
<pin_list>
<pin id="3561" dir="0" index="0" bw="80" slack="0"/>
<pin id="3562" dir="0" index="1" bw="16" slack="0"/>
<pin id="3563" dir="1" index="2" bw="80" slack="2147483647"/>
</pin_list>
<bind>
<opcode="insertvalue(57) " fcode="insertvalue"/>
<opset="mrv_4/2 "/>
</bind>
</comp>

<comp id="3566" class="1005" name="data_4_val_read_reg_3566">
<pin_list>
<pin id="3567" dir="0" index="0" bw="15" slack="1"/>
<pin id="3568" dir="1" index="1" bw="15" slack="1"/>
</pin_list>
<bind>
<opset="data_4_val_read "/>
</bind>
</comp>

<comp id="3574" class="1005" name="data_3_val_read_reg_3574">
<pin_list>
<pin id="3575" dir="0" index="0" bw="15" slack="1"/>
<pin id="3576" dir="1" index="1" bw="15" slack="1"/>
</pin_list>
<bind>
<opset="data_3_val_read "/>
</bind>
</comp>

<comp id="3582" class="1005" name="data_2_val_read_reg_3582">
<pin_list>
<pin id="3583" dir="0" index="0" bw="13" slack="1"/>
<pin id="3584" dir="1" index="1" bw="13" slack="1"/>
</pin_list>
<bind>
<opset="data_2_val_read "/>
</bind>
</comp>

<comp id="3589" class="1005" name="add_ln58_549_reg_3589">
<pin_list>
<pin id="3590" dir="0" index="0" bw="16" slack="1"/>
<pin id="3591" dir="1" index="1" bw="16" slack="1"/>
</pin_list>
<bind>
<opset="add_ln58_549 "/>
</bind>
</comp>

<comp id="3594" class="1005" name="add_ln58_556_reg_3594">
<pin_list>
<pin id="3595" dir="0" index="0" bw="16" slack="1"/>
<pin id="3596" dir="1" index="1" bw="16" slack="1"/>
</pin_list>
<bind>
<opset="add_ln58_556 "/>
</bind>
</comp>

<comp id="3599" class="1005" name="add_ln58_568_reg_3599">
<pin_list>
<pin id="3600" dir="0" index="0" bw="16" slack="1"/>
<pin id="3601" dir="1" index="1" bw="16" slack="1"/>
</pin_list>
<bind>
<opset="add_ln58_568 "/>
</bind>
</comp>

<comp id="3604" class="1005" name="add_ln58_572_reg_3604">
<pin_list>
<pin id="3605" dir="0" index="0" bw="15" slack="1"/>
<pin id="3606" dir="1" index="1" bw="15" slack="1"/>
</pin_list>
<bind>
<opset="add_ln58_572 "/>
</bind>
</comp>

<comp id="3609" class="1005" name="add_ln58_579_reg_3609">
<pin_list>
<pin id="3610" dir="0" index="0" bw="16" slack="1"/>
<pin id="3611" dir="1" index="1" bw="16" slack="1"/>
</pin_list>
<bind>
<opset="add_ln58_579 "/>
</bind>
</comp>

<comp id="3614" class="1005" name="add_ln58_585_reg_3614">
<pin_list>
<pin id="3615" dir="0" index="0" bw="16" slack="1"/>
<pin id="3616" dir="1" index="1" bw="16" slack="1"/>
</pin_list>
<bind>
<opset="add_ln58_585 "/>
</bind>
</comp>

<comp id="3619" class="1005" name="add_ln58_592_reg_3619">
<pin_list>
<pin id="3620" dir="0" index="0" bw="16" slack="1"/>
<pin id="3621" dir="1" index="1" bw="16" slack="1"/>
</pin_list>
<bind>
<opset="add_ln58_592 "/>
</bind>
</comp>

<comp id="3624" class="1005" name="add_ln58_594_reg_3624">
<pin_list>
<pin id="3625" dir="0" index="0" bw="15" slack="1"/>
<pin id="3626" dir="1" index="1" bw="15" slack="1"/>
</pin_list>
<bind>
<opset="add_ln58_594 "/>
</bind>
</comp>

<comp id="3629" class="1005" name="add_ln58_598_reg_3629">
<pin_list>
<pin id="3630" dir="0" index="0" bw="16" slack="1"/>
<pin id="3631" dir="1" index="1" bw="16" slack="1"/>
</pin_list>
<bind>
<opset="add_ln58_598 "/>
</bind>
</comp>

<comp id="3634" class="1005" name="add_ln58_605_reg_3634">
<pin_list>
<pin id="3635" dir="0" index="0" bw="15" slack="1"/>
<pin id="3636" dir="1" index="1" bw="15" slack="1"/>
</pin_list>
<bind>
<opset="add_ln58_605 "/>
</bind>
</comp>

</comp_list>

<net_list>
<net id="196"><net_src comp="26" pin="0"/><net_sink comp="192" pin=0"/></net>

<net id="197"><net_src comp="24" pin="0"/><net_sink comp="192" pin=1"/></net>

<net id="202"><net_src comp="28" pin="0"/><net_sink comp="198" pin=0"/></net>

<net id="203"><net_src comp="22" pin="0"/><net_sink comp="198" pin=1"/></net>

<net id="208"><net_src comp="30" pin="0"/><net_sink comp="204" pin=0"/></net>

<net id="209"><net_src comp="20" pin="0"/><net_sink comp="204" pin=1"/></net>

<net id="214"><net_src comp="28" pin="0"/><net_sink comp="210" pin=0"/></net>

<net id="215"><net_src comp="18" pin="0"/><net_sink comp="210" pin=1"/></net>

<net id="220"><net_src comp="30" pin="0"/><net_sink comp="216" pin=0"/></net>

<net id="221"><net_src comp="16" pin="0"/><net_sink comp="216" pin=1"/></net>

<net id="226"><net_src comp="28" pin="0"/><net_sink comp="222" pin=0"/></net>

<net id="227"><net_src comp="14" pin="0"/><net_sink comp="222" pin=1"/></net>

<net id="232"><net_src comp="30" pin="0"/><net_sink comp="228" pin=0"/></net>

<net id="233"><net_src comp="12" pin="0"/><net_sink comp="228" pin=1"/></net>

<net id="238"><net_src comp="32" pin="0"/><net_sink comp="234" pin=0"/></net>

<net id="239"><net_src comp="10" pin="0"/><net_sink comp="234" pin=1"/></net>

<net id="244"><net_src comp="30" pin="0"/><net_sink comp="240" pin=0"/></net>

<net id="245"><net_src comp="8" pin="0"/><net_sink comp="240" pin=1"/></net>

<net id="250"><net_src comp="28" pin="0"/><net_sink comp="246" pin=0"/></net>

<net id="251"><net_src comp="6" pin="0"/><net_sink comp="246" pin=1"/></net>

<net id="256"><net_src comp="28" pin="0"/><net_sink comp="252" pin=0"/></net>

<net id="257"><net_src comp="4" pin="0"/><net_sink comp="252" pin=1"/></net>

<net id="262"><net_src comp="32" pin="0"/><net_sink comp="258" pin=0"/></net>

<net id="263"><net_src comp="2" pin="0"/><net_sink comp="258" pin=1"/></net>

<net id="268"><net_src comp="32" pin="0"/><net_sink comp="264" pin=0"/></net>

<net id="269"><net_src comp="0" pin="0"/><net_sink comp="264" pin=1"/></net>

<net id="993"><net_src comp="62" pin="0"/><net_sink comp="309" pin=1"/></net>

<net id="997"><net_src comp="142" pin="0"/><net_sink comp="297" pin=1"/></net>

<net id="1631"><net_src comp="186" pin="0"/><net_sink comp="310" pin=1"/></net>

<net id="1635"><net_src comp="188" pin="0"/><net_sink comp="287" pin=1"/></net>

<net id="1649"><net_src comp="34" pin="0"/><net_sink comp="1643" pin=0"/></net>

<net id="1650"><net_src comp="264" pin="2"/><net_sink comp="1643" pin=1"/></net>

<net id="1651"><net_src comp="36" pin="0"/><net_sink comp="1643" pin=2"/></net>

<net id="1652"><net_src comp="38" pin="0"/><net_sink comp="1643" pin=3"/></net>

<net id="1656"><net_src comp="1643" pin="4"/><net_sink comp="1653" pin=0"/></net>

<net id="1663"><net_src comp="40" pin="0"/><net_sink comp="1657" pin=0"/></net>

<net id="1664"><net_src comp="264" pin="2"/><net_sink comp="1657" pin=1"/></net>

<net id="1665"><net_src comp="42" pin="0"/><net_sink comp="1657" pin=2"/></net>

<net id="1666"><net_src comp="38" pin="0"/><net_sink comp="1657" pin=3"/></net>

<net id="1670"><net_src comp="1657" pin="4"/><net_sink comp="1667" pin=0"/></net>

<net id="1677"><net_src comp="40" pin="0"/><net_sink comp="1671" pin=0"/></net>

<net id="1678"><net_src comp="258" pin="2"/><net_sink comp="1671" pin=1"/></net>

<net id="1679"><net_src comp="42" pin="0"/><net_sink comp="1671" pin=2"/></net>

<net id="1680"><net_src comp="38" pin="0"/><net_sink comp="1671" pin=3"/></net>

<net id="1684"><net_src comp="1671" pin="4"/><net_sink comp="1681" pin=0"/></net>

<net id="1691"><net_src comp="34" pin="0"/><net_sink comp="1685" pin=0"/></net>

<net id="1692"><net_src comp="258" pin="2"/><net_sink comp="1685" pin=1"/></net>

<net id="1693"><net_src comp="36" pin="0"/><net_sink comp="1685" pin=2"/></net>

<net id="1694"><net_src comp="38" pin="0"/><net_sink comp="1685" pin=3"/></net>

<net id="1698"><net_src comp="1685" pin="4"/><net_sink comp="1695" pin=0"/></net>

<net id="1705"><net_src comp="44" pin="0"/><net_sink comp="1699" pin=0"/></net>

<net id="1706"><net_src comp="252" pin="2"/><net_sink comp="1699" pin=1"/></net>

<net id="1707"><net_src comp="42" pin="0"/><net_sink comp="1699" pin=2"/></net>

<net id="1708"><net_src comp="46" pin="0"/><net_sink comp="1699" pin=3"/></net>

<net id="1712"><net_src comp="1699" pin="4"/><net_sink comp="1709" pin=0"/></net>

<net id="1716"><net_src comp="246" pin="2"/><net_sink comp="1713" pin=0"/></net>

<net id="1717"><net_src comp="1713" pin="1"/><net_sink comp="309" pin=0"/></net>

<net id="1723"><net_src comp="48" pin="0"/><net_sink comp="1718" pin=0"/></net>

<net id="1724"><net_src comp="246" pin="2"/><net_sink comp="1718" pin=1"/></net>

<net id="1725"><net_src comp="50" pin="0"/><net_sink comp="1718" pin=2"/></net>

<net id="1729"><net_src comp="1718" pin="3"/><net_sink comp="1726" pin=0"/></net>

<net id="1735"><net_src comp="52" pin="0"/><net_sink comp="1730" pin=0"/></net>

<net id="1736"><net_src comp="246" pin="2"/><net_sink comp="1730" pin=1"/></net>

<net id="1737"><net_src comp="54" pin="0"/><net_sink comp="1730" pin=2"/></net>

<net id="1741"><net_src comp="1730" pin="3"/><net_sink comp="1738" pin=0"/></net>

<net id="1746"><net_src comp="1738" pin="1"/><net_sink comp="1742" pin=0"/></net>

<net id="1747"><net_src comp="1726" pin="1"/><net_sink comp="1742" pin=1"/></net>

<net id="1754"><net_src comp="56" pin="0"/><net_sink comp="1748" pin=0"/></net>

<net id="1755"><net_src comp="1742" pin="2"/><net_sink comp="1748" pin=1"/></net>

<net id="1756"><net_src comp="58" pin="0"/><net_sink comp="1748" pin=2"/></net>

<net id="1757"><net_src comp="60" pin="0"/><net_sink comp="1748" pin=3"/></net>

<net id="1761"><net_src comp="1748" pin="4"/><net_sink comp="1758" pin=0"/></net>

<net id="1768"><net_src comp="64" pin="0"/><net_sink comp="1762" pin=0"/></net>

<net id="1769"><net_src comp="309" pin="2"/><net_sink comp="1762" pin=1"/></net>

<net id="1770"><net_src comp="58" pin="0"/><net_sink comp="1762" pin=2"/></net>

<net id="1771"><net_src comp="66" pin="0"/><net_sink comp="1762" pin=3"/></net>

<net id="1775"><net_src comp="1762" pin="4"/><net_sink comp="1772" pin=0"/></net>

<net id="1782"><net_src comp="68" pin="0"/><net_sink comp="1776" pin=0"/></net>

<net id="1783"><net_src comp="240" pin="2"/><net_sink comp="1776" pin=1"/></net>

<net id="1784"><net_src comp="42" pin="0"/><net_sink comp="1776" pin=2"/></net>

<net id="1785"><net_src comp="70" pin="0"/><net_sink comp="1776" pin=3"/></net>

<net id="1789"><net_src comp="1776" pin="4"/><net_sink comp="1786" pin=0"/></net>

<net id="1795"><net_src comp="72" pin="0"/><net_sink comp="1790" pin=0"/></net>

<net id="1796"><net_src comp="240" pin="2"/><net_sink comp="1790" pin=1"/></net>

<net id="1797"><net_src comp="74" pin="0"/><net_sink comp="1790" pin=2"/></net>

<net id="1801"><net_src comp="1790" pin="3"/><net_sink comp="1798" pin=0"/></net>

<net id="1806"><net_src comp="76" pin="0"/><net_sink comp="1802" pin=0"/></net>

<net id="1807"><net_src comp="1798" pin="1"/><net_sink comp="1802" pin=1"/></net>

<net id="1814"><net_src comp="78" pin="0"/><net_sink comp="1808" pin=0"/></net>

<net id="1815"><net_src comp="1802" pin="2"/><net_sink comp="1808" pin=1"/></net>

<net id="1816"><net_src comp="58" pin="0"/><net_sink comp="1808" pin=2"/></net>

<net id="1817"><net_src comp="80" pin="0"/><net_sink comp="1808" pin=3"/></net>

<net id="1821"><net_src comp="1808" pin="4"/><net_sink comp="1818" pin=0"/></net>

<net id="1827"><net_src comp="82" pin="0"/><net_sink comp="1822" pin=0"/></net>

<net id="1828"><net_src comp="240" pin="2"/><net_sink comp="1822" pin=1"/></net>

<net id="1829"><net_src comp="84" pin="0"/><net_sink comp="1822" pin=2"/></net>

<net id="1833"><net_src comp="1822" pin="3"/><net_sink comp="1830" pin=0"/></net>

<net id="1838"><net_src comp="86" pin="0"/><net_sink comp="1834" pin=0"/></net>

<net id="1839"><net_src comp="1830" pin="1"/><net_sink comp="1834" pin=1"/></net>

<net id="1846"><net_src comp="88" pin="0"/><net_sink comp="1840" pin=0"/></net>

<net id="1847"><net_src comp="1834" pin="2"/><net_sink comp="1840" pin=1"/></net>

<net id="1848"><net_src comp="58" pin="0"/><net_sink comp="1840" pin=2"/></net>

<net id="1849"><net_src comp="90" pin="0"/><net_sink comp="1840" pin=3"/></net>

<net id="1853"><net_src comp="1840" pin="4"/><net_sink comp="1850" pin=0"/></net>

<net id="1860"><net_src comp="92" pin="0"/><net_sink comp="1854" pin=0"/></net>

<net id="1861"><net_src comp="240" pin="2"/><net_sink comp="1854" pin=1"/></net>

<net id="1862"><net_src comp="94" pin="0"/><net_sink comp="1854" pin=2"/></net>

<net id="1863"><net_src comp="70" pin="0"/><net_sink comp="1854" pin=3"/></net>

<net id="1867"><net_src comp="1854" pin="4"/><net_sink comp="1864" pin=0"/></net>

<net id="1874"><net_src comp="40" pin="0"/><net_sink comp="1868" pin=0"/></net>

<net id="1875"><net_src comp="234" pin="2"/><net_sink comp="1868" pin=1"/></net>

<net id="1876"><net_src comp="42" pin="0"/><net_sink comp="1868" pin=2"/></net>

<net id="1877"><net_src comp="38" pin="0"/><net_sink comp="1868" pin=3"/></net>

<net id="1881"><net_src comp="1868" pin="4"/><net_sink comp="1878" pin=0"/></net>

<net id="1885"><net_src comp="1868" pin="4"/><net_sink comp="1882" pin=0"/></net>

<net id="1889"><net_src comp="1868" pin="4"/><net_sink comp="1886" pin=0"/></net>

<net id="1895"><net_src comp="96" pin="0"/><net_sink comp="1890" pin=0"/></net>

<net id="1896"><net_src comp="234" pin="2"/><net_sink comp="1890" pin=1"/></net>

<net id="1897"><net_src comp="84" pin="0"/><net_sink comp="1890" pin=2"/></net>

<net id="1901"><net_src comp="1890" pin="3"/><net_sink comp="1898" pin=0"/></net>

<net id="1906"><net_src comp="98" pin="0"/><net_sink comp="1902" pin=0"/></net>

<net id="1907"><net_src comp="1898" pin="1"/><net_sink comp="1902" pin=1"/></net>

<net id="1914"><net_src comp="100" pin="0"/><net_sink comp="1908" pin=0"/></net>

<net id="1915"><net_src comp="1902" pin="2"/><net_sink comp="1908" pin=1"/></net>

<net id="1916"><net_src comp="58" pin="0"/><net_sink comp="1908" pin=2"/></net>

<net id="1917"><net_src comp="102" pin="0"/><net_sink comp="1908" pin=3"/></net>

<net id="1921"><net_src comp="1908" pin="4"/><net_sink comp="1918" pin=0"/></net>

<net id="1927"><net_src comp="104" pin="0"/><net_sink comp="1922" pin=0"/></net>

<net id="1928"><net_src comp="228" pin="2"/><net_sink comp="1922" pin=1"/></net>

<net id="1929"><net_src comp="106" pin="0"/><net_sink comp="1922" pin=2"/></net>

<net id="1933"><net_src comp="1922" pin="3"/><net_sink comp="1930" pin=0"/></net>

<net id="1938"><net_src comp="98" pin="0"/><net_sink comp="1934" pin=0"/></net>

<net id="1939"><net_src comp="1930" pin="1"/><net_sink comp="1934" pin=1"/></net>

<net id="1943"><net_src comp="1934" pin="2"/><net_sink comp="1940" pin=0"/></net>

<net id="1949"><net_src comp="72" pin="0"/><net_sink comp="1944" pin=0"/></net>

<net id="1950"><net_src comp="228" pin="2"/><net_sink comp="1944" pin=1"/></net>

<net id="1951"><net_src comp="74" pin="0"/><net_sink comp="1944" pin=2"/></net>

<net id="1955"><net_src comp="1944" pin="3"/><net_sink comp="1952" pin=0"/></net>

<net id="1960"><net_src comp="1940" pin="1"/><net_sink comp="1956" pin=0"/></net>

<net id="1961"><net_src comp="1952" pin="1"/><net_sink comp="1956" pin=1"/></net>

<net id="1968"><net_src comp="88" pin="0"/><net_sink comp="1962" pin=0"/></net>

<net id="1969"><net_src comp="1956" pin="2"/><net_sink comp="1962" pin=1"/></net>

<net id="1970"><net_src comp="58" pin="0"/><net_sink comp="1962" pin=2"/></net>

<net id="1971"><net_src comp="90" pin="0"/><net_sink comp="1962" pin=3"/></net>

<net id="1975"><net_src comp="1962" pin="4"/><net_sink comp="1972" pin=0"/></net>

<net id="1982"><net_src comp="108" pin="0"/><net_sink comp="1976" pin=0"/></net>

<net id="1983"><net_src comp="228" pin="2"/><net_sink comp="1976" pin=1"/></net>

<net id="1984"><net_src comp="36" pin="0"/><net_sink comp="1976" pin=2"/></net>

<net id="1985"><net_src comp="70" pin="0"/><net_sink comp="1976" pin=3"/></net>

<net id="1989"><net_src comp="1976" pin="4"/><net_sink comp="1986" pin=0"/></net>

<net id="1996"><net_src comp="110" pin="0"/><net_sink comp="1990" pin=0"/></net>

<net id="1997"><net_src comp="228" pin="2"/><net_sink comp="1990" pin=1"/></net>

<net id="1998"><net_src comp="112" pin="0"/><net_sink comp="1990" pin=2"/></net>

<net id="1999"><net_src comp="70" pin="0"/><net_sink comp="1990" pin=3"/></net>

<net id="2003"><net_src comp="1990" pin="4"/><net_sink comp="2000" pin=0"/></net>

<net id="2009"><net_src comp="82" pin="0"/><net_sink comp="2004" pin=0"/></net>

<net id="2010"><net_src comp="228" pin="2"/><net_sink comp="2004" pin=1"/></net>

<net id="2011"><net_src comp="84" pin="0"/><net_sink comp="2004" pin=2"/></net>

<net id="2015"><net_src comp="2004" pin="3"/><net_sink comp="2012" pin=0"/></net>

<net id="2021"><net_src comp="114" pin="0"/><net_sink comp="2016" pin=0"/></net>

<net id="2022"><net_src comp="228" pin="2"/><net_sink comp="2016" pin=1"/></net>

<net id="2023"><net_src comp="54" pin="0"/><net_sink comp="2016" pin=2"/></net>

<net id="2027"><net_src comp="2016" pin="3"/><net_sink comp="2024" pin=0"/></net>

<net id="2032"><net_src comp="2012" pin="1"/><net_sink comp="2028" pin=0"/></net>

<net id="2033"><net_src comp="2024" pin="1"/><net_sink comp="2028" pin=1"/></net>

<net id="2040"><net_src comp="88" pin="0"/><net_sink comp="2034" pin=0"/></net>

<net id="2041"><net_src comp="2028" pin="2"/><net_sink comp="2034" pin=1"/></net>

<net id="2042"><net_src comp="58" pin="0"/><net_sink comp="2034" pin=2"/></net>

<net id="2043"><net_src comp="90" pin="0"/><net_sink comp="2034" pin=3"/></net>

<net id="2047"><net_src comp="2034" pin="4"/><net_sink comp="2044" pin=0"/></net>

<net id="2054"><net_src comp="92" pin="0"/><net_sink comp="2048" pin=0"/></net>

<net id="2055"><net_src comp="228" pin="2"/><net_sink comp="2048" pin=1"/></net>

<net id="2056"><net_src comp="94" pin="0"/><net_sink comp="2048" pin=2"/></net>

<net id="2057"><net_src comp="70" pin="0"/><net_sink comp="2048" pin=3"/></net>

<net id="2061"><net_src comp="2048" pin="4"/><net_sink comp="2058" pin=0"/></net>

<net id="2067"><net_src comp="52" pin="0"/><net_sink comp="2062" pin=0"/></net>

<net id="2068"><net_src comp="222" pin="2"/><net_sink comp="2062" pin=1"/></net>

<net id="2069"><net_src comp="54" pin="0"/><net_sink comp="2062" pin=2"/></net>

<net id="2073"><net_src comp="2062" pin="3"/><net_sink comp="2070" pin=0"/></net>

<net id="2077"><net_src comp="2062" pin="3"/><net_sink comp="2074" pin=0"/></net>

<net id="2082"><net_src comp="98" pin="0"/><net_sink comp="2078" pin=0"/></net>

<net id="2083"><net_src comp="2074" pin="1"/><net_sink comp="2078" pin=1"/></net>

<net id="2090"><net_src comp="100" pin="0"/><net_sink comp="2084" pin=0"/></net>

<net id="2091"><net_src comp="2078" pin="2"/><net_sink comp="2084" pin=1"/></net>

<net id="2092"><net_src comp="58" pin="0"/><net_sink comp="2084" pin=2"/></net>

<net id="2093"><net_src comp="102" pin="0"/><net_sink comp="2084" pin=3"/></net>

<net id="2097"><net_src comp="2084" pin="4"/><net_sink comp="2094" pin=0"/></net>

<net id="2103"><net_src comp="116" pin="0"/><net_sink comp="2098" pin=0"/></net>

<net id="2104"><net_src comp="222" pin="2"/><net_sink comp="2098" pin=1"/></net>

<net id="2105"><net_src comp="106" pin="0"/><net_sink comp="2098" pin=2"/></net>

<net id="2109"><net_src comp="2098" pin="3"/><net_sink comp="2106" pin=0"/></net>

<net id="2115"><net_src comp="118" pin="0"/><net_sink comp="2110" pin=0"/></net>

<net id="2116"><net_src comp="222" pin="2"/><net_sink comp="2110" pin=1"/></net>

<net id="2117"><net_src comp="120" pin="0"/><net_sink comp="2110" pin=2"/></net>

<net id="2121"><net_src comp="2110" pin="3"/><net_sink comp="2118" pin=0"/></net>

<net id="2126"><net_src comp="2118" pin="1"/><net_sink comp="2122" pin=0"/></net>

<net id="2127"><net_src comp="2106" pin="1"/><net_sink comp="2122" pin=1"/></net>

<net id="2134"><net_src comp="88" pin="0"/><net_sink comp="2128" pin=0"/></net>

<net id="2135"><net_src comp="2122" pin="2"/><net_sink comp="2128" pin=1"/></net>

<net id="2136"><net_src comp="58" pin="0"/><net_sink comp="2128" pin=2"/></net>

<net id="2137"><net_src comp="90" pin="0"/><net_sink comp="2128" pin=3"/></net>

<net id="2141"><net_src comp="2128" pin="4"/><net_sink comp="2138" pin=0"/></net>

<net id="2147"><net_src comp="122" pin="0"/><net_sink comp="2142" pin=0"/></net>

<net id="2148"><net_src comp="222" pin="2"/><net_sink comp="2142" pin=1"/></net>

<net id="2149"><net_src comp="84" pin="0"/><net_sink comp="2142" pin=2"/></net>

<net id="2153"><net_src comp="2142" pin="3"/><net_sink comp="2150" pin=0"/></net>

<net id="2159"><net_src comp="124" pin="0"/><net_sink comp="2154" pin=0"/></net>

<net id="2160"><net_src comp="222" pin="2"/><net_sink comp="2154" pin=1"/></net>

<net id="2161"><net_src comp="74" pin="0"/><net_sink comp="2154" pin=2"/></net>

<net id="2165"><net_src comp="2154" pin="3"/><net_sink comp="2162" pin=0"/></net>

<net id="2169"><net_src comp="2154" pin="3"/><net_sink comp="2166" pin=0"/></net>

<net id="2174"><net_src comp="2150" pin="1"/><net_sink comp="2170" pin=0"/></net>

<net id="2175"><net_src comp="2166" pin="1"/><net_sink comp="2170" pin=1"/></net>

<net id="2182"><net_src comp="64" pin="0"/><net_sink comp="2176" pin=0"/></net>

<net id="2183"><net_src comp="2170" pin="2"/><net_sink comp="2176" pin=1"/></net>

<net id="2184"><net_src comp="58" pin="0"/><net_sink comp="2176" pin=2"/></net>

<net id="2185"><net_src comp="66" pin="0"/><net_sink comp="2176" pin=3"/></net>

<net id="2189"><net_src comp="2176" pin="4"/><net_sink comp="2186" pin=0"/></net>

<net id="2194"><net_src comp="2070" pin="1"/><net_sink comp="2190" pin=0"/></net>

<net id="2195"><net_src comp="2150" pin="1"/><net_sink comp="2190" pin=1"/></net>

<net id="2202"><net_src comp="64" pin="0"/><net_sink comp="2196" pin=0"/></net>

<net id="2203"><net_src comp="2190" pin="2"/><net_sink comp="2196" pin=1"/></net>

<net id="2204"><net_src comp="58" pin="0"/><net_sink comp="2196" pin=2"/></net>

<net id="2205"><net_src comp="66" pin="0"/><net_sink comp="2196" pin=3"/></net>

<net id="2209"><net_src comp="2196" pin="4"/><net_sink comp="2206" pin=0"/></net>

<net id="2214"><net_src comp="2162" pin="1"/><net_sink comp="2210" pin=0"/></net>

<net id="2215"><net_src comp="2106" pin="1"/><net_sink comp="2210" pin=1"/></net>

<net id="2222"><net_src comp="88" pin="0"/><net_sink comp="2216" pin=0"/></net>

<net id="2223"><net_src comp="2210" pin="2"/><net_sink comp="2216" pin=1"/></net>

<net id="2224"><net_src comp="58" pin="0"/><net_sink comp="2216" pin=2"/></net>

<net id="2225"><net_src comp="90" pin="0"/><net_sink comp="2216" pin=3"/></net>

<net id="2229"><net_src comp="2216" pin="4"/><net_sink comp="2226" pin=0"/></net>

<net id="2236"><net_src comp="126" pin="0"/><net_sink comp="2230" pin=0"/></net>

<net id="2237"><net_src comp="216" pin="2"/><net_sink comp="2230" pin=1"/></net>

<net id="2238"><net_src comp="128" pin="0"/><net_sink comp="2230" pin=2"/></net>

<net id="2239"><net_src comp="70" pin="0"/><net_sink comp="2230" pin=3"/></net>

<net id="2243"><net_src comp="2230" pin="4"/><net_sink comp="2240" pin=0"/></net>

<net id="2250"><net_src comp="68" pin="0"/><net_sink comp="2244" pin=0"/></net>

<net id="2251"><net_src comp="216" pin="2"/><net_sink comp="2244" pin=1"/></net>

<net id="2252"><net_src comp="42" pin="0"/><net_sink comp="2244" pin=2"/></net>

<net id="2253"><net_src comp="70" pin="0"/><net_sink comp="2244" pin=3"/></net>

<net id="2257"><net_src comp="2244" pin="4"/><net_sink comp="2254" pin=0"/></net>

<net id="2261"><net_src comp="2244" pin="4"/><net_sink comp="2258" pin=0"/></net>

<net id="2267"><net_src comp="130" pin="0"/><net_sink comp="2262" pin=0"/></net>

<net id="2268"><net_src comp="216" pin="2"/><net_sink comp="2262" pin=1"/></net>

<net id="2269"><net_src comp="50" pin="0"/><net_sink comp="2262" pin=2"/></net>

<net id="2273"><net_src comp="2262" pin="3"/><net_sink comp="2270" pin=0"/></net>

<net id="2278"><net_src comp="132" pin="0"/><net_sink comp="2274" pin=0"/></net>

<net id="2279"><net_src comp="2270" pin="1"/><net_sink comp="2274" pin=1"/></net>

<net id="2286"><net_src comp="64" pin="0"/><net_sink comp="2280" pin=0"/></net>

<net id="2287"><net_src comp="2274" pin="2"/><net_sink comp="2280" pin=1"/></net>

<net id="2288"><net_src comp="58" pin="0"/><net_sink comp="2280" pin=2"/></net>

<net id="2289"><net_src comp="66" pin="0"/><net_sink comp="2280" pin=3"/></net>

<net id="2293"><net_src comp="2280" pin="4"/><net_sink comp="2290" pin=0"/></net>

<net id="2300"><net_src comp="134" pin="0"/><net_sink comp="2294" pin=0"/></net>

<net id="2301"><net_src comp="210" pin="2"/><net_sink comp="2294" pin=1"/></net>

<net id="2302"><net_src comp="94" pin="0"/><net_sink comp="2294" pin=2"/></net>

<net id="2303"><net_src comp="46" pin="0"/><net_sink comp="2294" pin=3"/></net>

<net id="2307"><net_src comp="2294" pin="4"/><net_sink comp="2304" pin=0"/></net>

<net id="2314"><net_src comp="44" pin="0"/><net_sink comp="2308" pin=0"/></net>

<net id="2315"><net_src comp="210" pin="2"/><net_sink comp="2308" pin=1"/></net>

<net id="2316"><net_src comp="42" pin="0"/><net_sink comp="2308" pin=2"/></net>

<net id="2317"><net_src comp="46" pin="0"/><net_sink comp="2308" pin=3"/></net>

<net id="2321"><net_src comp="2308" pin="4"/><net_sink comp="2318" pin=0"/></net>

<net id="2325"><net_src comp="2308" pin="4"/><net_sink comp="2322" pin=0"/></net>

<net id="2331"><net_src comp="122" pin="0"/><net_sink comp="2326" pin=0"/></net>

<net id="2332"><net_src comp="210" pin="2"/><net_sink comp="2326" pin=1"/></net>

<net id="2333"><net_src comp="84" pin="0"/><net_sink comp="2326" pin=2"/></net>

<net id="2337"><net_src comp="2326" pin="3"/><net_sink comp="2334" pin=0"/></net>

<net id="2343"><net_src comp="52" pin="0"/><net_sink comp="2338" pin=0"/></net>

<net id="2344"><net_src comp="210" pin="2"/><net_sink comp="2338" pin=1"/></net>

<net id="2345"><net_src comp="54" pin="0"/><net_sink comp="2338" pin=2"/></net>

<net id="2349"><net_src comp="2338" pin="3"/><net_sink comp="2346" pin=0"/></net>

<net id="2354"><net_src comp="2334" pin="1"/><net_sink comp="2350" pin=0"/></net>

<net id="2355"><net_src comp="2346" pin="1"/><net_sink comp="2350" pin=1"/></net>

<net id="2362"><net_src comp="64" pin="0"/><net_sink comp="2356" pin=0"/></net>

<net id="2363"><net_src comp="2350" pin="2"/><net_sink comp="2356" pin=1"/></net>

<net id="2364"><net_src comp="58" pin="0"/><net_sink comp="2356" pin=2"/></net>

<net id="2365"><net_src comp="66" pin="0"/><net_sink comp="2356" pin=3"/></net>

<net id="2369"><net_src comp="2356" pin="4"/><net_sink comp="2366" pin=0"/></net>

<net id="2374"><net_src comp="132" pin="0"/><net_sink comp="2370" pin=0"/></net>

<net id="2375"><net_src comp="2334" pin="1"/><net_sink comp="2370" pin=1"/></net>

<net id="2382"><net_src comp="64" pin="0"/><net_sink comp="2376" pin=0"/></net>

<net id="2383"><net_src comp="2370" pin="2"/><net_sink comp="2376" pin=1"/></net>

<net id="2384"><net_src comp="58" pin="0"/><net_sink comp="2376" pin=2"/></net>

<net id="2385"><net_src comp="66" pin="0"/><net_sink comp="2376" pin=3"/></net>

<net id="2389"><net_src comp="2376" pin="4"/><net_sink comp="2386" pin=0"/></net>

<net id="2396"><net_src comp="108" pin="0"/><net_sink comp="2390" pin=0"/></net>

<net id="2397"><net_src comp="204" pin="2"/><net_sink comp="2390" pin=1"/></net>

<net id="2398"><net_src comp="36" pin="0"/><net_sink comp="2390" pin=2"/></net>

<net id="2399"><net_src comp="70" pin="0"/><net_sink comp="2390" pin=3"/></net>

<net id="2403"><net_src comp="2390" pin="4"/><net_sink comp="2400" pin=0"/></net>

<net id="2410"><net_src comp="110" pin="0"/><net_sink comp="2404" pin=0"/></net>

<net id="2411"><net_src comp="204" pin="2"/><net_sink comp="2404" pin=1"/></net>

<net id="2412"><net_src comp="112" pin="0"/><net_sink comp="2404" pin=2"/></net>

<net id="2413"><net_src comp="70" pin="0"/><net_sink comp="2404" pin=3"/></net>

<net id="2417"><net_src comp="2404" pin="4"/><net_sink comp="2414" pin=0"/></net>

<net id="2423"><net_src comp="114" pin="0"/><net_sink comp="2418" pin=0"/></net>

<net id="2424"><net_src comp="204" pin="2"/><net_sink comp="2418" pin=1"/></net>

<net id="2425"><net_src comp="54" pin="0"/><net_sink comp="2418" pin=2"/></net>

<net id="2429"><net_src comp="2418" pin="3"/><net_sink comp="2426" pin=0"/></net>

<net id="2434"><net_src comp="136" pin="0"/><net_sink comp="2430" pin=0"/></net>

<net id="2435"><net_src comp="2426" pin="1"/><net_sink comp="2430" pin=1"/></net>

<net id="2442"><net_src comp="138" pin="0"/><net_sink comp="2436" pin=0"/></net>

<net id="2443"><net_src comp="2430" pin="2"/><net_sink comp="2436" pin=1"/></net>

<net id="2444"><net_src comp="58" pin="0"/><net_sink comp="2436" pin=2"/></net>

<net id="2445"><net_src comp="140" pin="0"/><net_sink comp="2436" pin=3"/></net>

<net id="2449"><net_src comp="2436" pin="4"/><net_sink comp="2446" pin=0"/></net>

<net id="2455"><net_src comp="104" pin="0"/><net_sink comp="2450" pin=0"/></net>

<net id="2456"><net_src comp="204" pin="2"/><net_sink comp="2450" pin=1"/></net>

<net id="2457"><net_src comp="106" pin="0"/><net_sink comp="2450" pin=2"/></net>

<net id="2461"><net_src comp="2450" pin="3"/><net_sink comp="2458" pin=0"/></net>

<net id="2466"><net_src comp="98" pin="0"/><net_sink comp="2462" pin=0"/></net>

<net id="2467"><net_src comp="2458" pin="1"/><net_sink comp="2462" pin=1"/></net>

<net id="2471"><net_src comp="2462" pin="2"/><net_sink comp="2468" pin=0"/></net>

<net id="2477"><net_src comp="72" pin="0"/><net_sink comp="2472" pin=0"/></net>

<net id="2478"><net_src comp="204" pin="2"/><net_sink comp="2472" pin=1"/></net>

<net id="2479"><net_src comp="74" pin="0"/><net_sink comp="2472" pin=2"/></net>

<net id="2483"><net_src comp="2472" pin="3"/><net_sink comp="2480" pin=0"/></net>

<net id="2488"><net_src comp="2468" pin="1"/><net_sink comp="2484" pin=0"/></net>

<net id="2489"><net_src comp="2480" pin="1"/><net_sink comp="2484" pin=1"/></net>

<net id="2496"><net_src comp="88" pin="0"/><net_sink comp="2490" pin=0"/></net>

<net id="2497"><net_src comp="2484" pin="2"/><net_sink comp="2490" pin=1"/></net>

<net id="2498"><net_src comp="58" pin="0"/><net_sink comp="2490" pin=2"/></net>

<net id="2499"><net_src comp="90" pin="0"/><net_sink comp="2490" pin=3"/></net>

<net id="2503"><net_src comp="2490" pin="4"/><net_sink comp="2500" pin=0"/></net>

<net id="2509"><net_src comp="82" pin="0"/><net_sink comp="2504" pin=0"/></net>

<net id="2510"><net_src comp="204" pin="2"/><net_sink comp="2504" pin=1"/></net>

<net id="2511"><net_src comp="84" pin="0"/><net_sink comp="2504" pin=2"/></net>

<net id="2515"><net_src comp="2504" pin="3"/><net_sink comp="2512" pin=0"/></net>

<net id="2520"><net_src comp="2480" pin="1"/><net_sink comp="2516" pin=0"/></net>

<net id="2521"><net_src comp="2512" pin="1"/><net_sink comp="2516" pin=1"/></net>

<net id="2528"><net_src comp="88" pin="0"/><net_sink comp="2522" pin=0"/></net>

<net id="2529"><net_src comp="2516" pin="2"/><net_sink comp="2522" pin=1"/></net>

<net id="2530"><net_src comp="58" pin="0"/><net_sink comp="2522" pin=2"/></net>

<net id="2531"><net_src comp="90" pin="0"/><net_sink comp="2522" pin=3"/></net>

<net id="2535"><net_src comp="2522" pin="4"/><net_sink comp="2532" pin=0"/></net>

<net id="2539"><net_src comp="198" pin="2"/><net_sink comp="2536" pin=0"/></net>

<net id="2540"><net_src comp="2536" pin="1"/><net_sink comp="297" pin=0"/></net>

<net id="2547"><net_src comp="64" pin="0"/><net_sink comp="2541" pin=0"/></net>

<net id="2548"><net_src comp="297" pin="2"/><net_sink comp="2541" pin=1"/></net>

<net id="2549"><net_src comp="58" pin="0"/><net_sink comp="2541" pin=2"/></net>

<net id="2550"><net_src comp="66" pin="0"/><net_sink comp="2541" pin=3"/></net>

<net id="2554"><net_src comp="2541" pin="4"/><net_sink comp="2551" pin=0"/></net>

<net id="2560"><net_src comp="48" pin="0"/><net_sink comp="2555" pin=0"/></net>

<net id="2561"><net_src comp="198" pin="2"/><net_sink comp="2555" pin=1"/></net>

<net id="2562"><net_src comp="50" pin="0"/><net_sink comp="2555" pin=2"/></net>

<net id="2566"><net_src comp="2555" pin="3"/><net_sink comp="2563" pin=0"/></net>

<net id="2572"><net_src comp="124" pin="0"/><net_sink comp="2567" pin=0"/></net>

<net id="2573"><net_src comp="198" pin="2"/><net_sink comp="2567" pin=1"/></net>

<net id="2574"><net_src comp="74" pin="0"/><net_sink comp="2567" pin=2"/></net>

<net id="2578"><net_src comp="2567" pin="3"/><net_sink comp="2575" pin=0"/></net>

<net id="2583"><net_src comp="2563" pin="1"/><net_sink comp="2579" pin=0"/></net>

<net id="2584"><net_src comp="2575" pin="1"/><net_sink comp="2579" pin=1"/></net>

<net id="2591"><net_src comp="56" pin="0"/><net_sink comp="2585" pin=0"/></net>

<net id="2592"><net_src comp="2579" pin="2"/><net_sink comp="2585" pin=1"/></net>

<net id="2593"><net_src comp="58" pin="0"/><net_sink comp="2585" pin=2"/></net>

<net id="2594"><net_src comp="60" pin="0"/><net_sink comp="2585" pin=3"/></net>

<net id="2598"><net_src comp="2585" pin="4"/><net_sink comp="2595" pin=0"/></net>

<net id="2604"><net_src comp="122" pin="0"/><net_sink comp="2599" pin=0"/></net>

<net id="2605"><net_src comp="198" pin="2"/><net_sink comp="2599" pin=1"/></net>

<net id="2606"><net_src comp="84" pin="0"/><net_sink comp="2599" pin=2"/></net>

<net id="2610"><net_src comp="2599" pin="3"/><net_sink comp="2607" pin=0"/></net>

<net id="2615"><net_src comp="132" pin="0"/><net_sink comp="2611" pin=0"/></net>

<net id="2616"><net_src comp="2607" pin="1"/><net_sink comp="2611" pin=1"/></net>

<net id="2623"><net_src comp="64" pin="0"/><net_sink comp="2617" pin=0"/></net>

<net id="2624"><net_src comp="2611" pin="2"/><net_sink comp="2617" pin=1"/></net>

<net id="2625"><net_src comp="58" pin="0"/><net_sink comp="2617" pin=2"/></net>

<net id="2626"><net_src comp="66" pin="0"/><net_sink comp="2617" pin=3"/></net>

<net id="2630"><net_src comp="2617" pin="4"/><net_sink comp="2627" pin=0"/></net>

<net id="2636"><net_src comp="144" pin="0"/><net_sink comp="2631" pin=0"/></net>

<net id="2637"><net_src comp="192" pin="2"/><net_sink comp="2631" pin=1"/></net>

<net id="2638"><net_src comp="84" pin="0"/><net_sink comp="2631" pin=2"/></net>

<net id="2642"><net_src comp="2631" pin="3"/><net_sink comp="2639" pin=0"/></net>

<net id="2648"><net_src comp="146" pin="0"/><net_sink comp="2643" pin=0"/></net>

<net id="2649"><net_src comp="192" pin="2"/><net_sink comp="2643" pin=1"/></net>

<net id="2650"><net_src comp="54" pin="0"/><net_sink comp="2643" pin=2"/></net>

<net id="2654"><net_src comp="2643" pin="3"/><net_sink comp="2651" pin=0"/></net>

<net id="2658"><net_src comp="2643" pin="3"/><net_sink comp="2655" pin=0"/></net>

<net id="2663"><net_src comp="2639" pin="1"/><net_sink comp="2659" pin=0"/></net>

<net id="2664"><net_src comp="2655" pin="1"/><net_sink comp="2659" pin=1"/></net>

<net id="2671"><net_src comp="56" pin="0"/><net_sink comp="2665" pin=0"/></net>

<net id="2672"><net_src comp="2659" pin="2"/><net_sink comp="2665" pin=1"/></net>

<net id="2673"><net_src comp="58" pin="0"/><net_sink comp="2665" pin=2"/></net>

<net id="2674"><net_src comp="60" pin="0"/><net_sink comp="2665" pin=3"/></net>

<net id="2678"><net_src comp="2665" pin="4"/><net_sink comp="2675" pin=0"/></net>

<net id="2685"><net_src comp="148" pin="0"/><net_sink comp="2679" pin=0"/></net>

<net id="2686"><net_src comp="192" pin="2"/><net_sink comp="2679" pin=1"/></net>

<net id="2687"><net_src comp="36" pin="0"/><net_sink comp="2679" pin=2"/></net>

<net id="2688"><net_src comp="150" pin="0"/><net_sink comp="2679" pin=3"/></net>

<net id="2692"><net_src comp="2679" pin="4"/><net_sink comp="2689" pin=0"/></net>

<net id="2697"><net_src comp="2639" pin="1"/><net_sink comp="2693" pin=0"/></net>

<net id="2698"><net_src comp="2655" pin="1"/><net_sink comp="2693" pin=1"/></net>

<net id="2705"><net_src comp="56" pin="0"/><net_sink comp="2699" pin=0"/></net>

<net id="2706"><net_src comp="2693" pin="2"/><net_sink comp="2699" pin=1"/></net>

<net id="2707"><net_src comp="58" pin="0"/><net_sink comp="2699" pin=2"/></net>

<net id="2708"><net_src comp="60" pin="0"/><net_sink comp="2699" pin=3"/></net>

<net id="2712"><net_src comp="2699" pin="4"/><net_sink comp="2709" pin=0"/></net>

<net id="2717"><net_src comp="86" pin="0"/><net_sink comp="2713" pin=0"/></net>

<net id="2718"><net_src comp="2651" pin="1"/><net_sink comp="2713" pin=1"/></net>

<net id="2725"><net_src comp="88" pin="0"/><net_sink comp="2719" pin=0"/></net>

<net id="2726"><net_src comp="2713" pin="2"/><net_sink comp="2719" pin=1"/></net>

<net id="2727"><net_src comp="58" pin="0"/><net_sink comp="2719" pin=2"/></net>

<net id="2728"><net_src comp="90" pin="0"/><net_sink comp="2719" pin=3"/></net>

<net id="2732"><net_src comp="2719" pin="4"/><net_sink comp="2729" pin=0"/></net>

<net id="2738"><net_src comp="152" pin="0"/><net_sink comp="2733" pin=0"/></net>

<net id="2739"><net_src comp="192" pin="2"/><net_sink comp="2733" pin=1"/></net>

<net id="2740"><net_src comp="74" pin="0"/><net_sink comp="2733" pin=2"/></net>

<net id="2744"><net_src comp="2733" pin="3"/><net_sink comp="2741" pin=0"/></net>

<net id="2749"><net_src comp="98" pin="0"/><net_sink comp="2745" pin=0"/></net>

<net id="2750"><net_src comp="2741" pin="1"/><net_sink comp="2745" pin=1"/></net>

<net id="2757"><net_src comp="100" pin="0"/><net_sink comp="2751" pin=0"/></net>

<net id="2758"><net_src comp="2745" pin="2"/><net_sink comp="2751" pin=1"/></net>

<net id="2759"><net_src comp="58" pin="0"/><net_sink comp="2751" pin=2"/></net>

<net id="2760"><net_src comp="102" pin="0"/><net_sink comp="2751" pin=3"/></net>

<net id="2764"><net_src comp="2751" pin="4"/><net_sink comp="2761" pin=0"/></net>

<net id="2769"><net_src comp="2094" pin="1"/><net_sink comp="2765" pin=0"/></net>

<net id="2770"><net_src comp="2551" pin="1"/><net_sink comp="2765" pin=1"/></net>

<net id="2774"><net_src comp="2765" pin="2"/><net_sink comp="2771" pin=0"/></net>

<net id="2779"><net_src comp="2771" pin="1"/><net_sink comp="2775" pin=0"/></net>

<net id="2780"><net_src comp="1972" pin="1"/><net_sink comp="2775" pin=1"/></net>

<net id="2785"><net_src comp="2240" pin="1"/><net_sink comp="2781" pin=0"/></net>

<net id="2786"><net_src comp="1786" pin="1"/><net_sink comp="2781" pin=1"/></net>

<net id="2790"><net_src comp="2781" pin="2"/><net_sink comp="2787" pin=0"/></net>

<net id="2795"><net_src comp="2787" pin="1"/><net_sink comp="2791" pin=0"/></net>

<net id="2796"><net_src comp="2675" pin="1"/><net_sink comp="2791" pin=1"/></net>

<net id="2801"><net_src comp="1878" pin="1"/><net_sink comp="2797" pin=0"/></net>

<net id="2802"><net_src comp="2304" pin="1"/><net_sink comp="2797" pin=1"/></net>

<net id="2807"><net_src comp="2400" pin="1"/><net_sink comp="2803" pin=0"/></net>

<net id="2808"><net_src comp="154" pin="0"/><net_sink comp="2803" pin=1"/></net>

<net id="2812"><net_src comp="2803" pin="2"/><net_sink comp="2809" pin=0"/></net>

<net id="2817"><net_src comp="2809" pin="1"/><net_sink comp="2813" pin=0"/></net>

<net id="2818"><net_src comp="2797" pin="2"/><net_sink comp="2813" pin=1"/></net>

<net id="2822"><net_src comp="2813" pin="2"/><net_sink comp="2819" pin=0"/></net>

<net id="2827"><net_src comp="2819" pin="1"/><net_sink comp="2823" pin=0"/></net>

<net id="2828"><net_src comp="2791" pin="2"/><net_sink comp="2823" pin=1"/></net>

<net id="2833"><net_src comp="1818" pin="1"/><net_sink comp="2829" pin=0"/></net>

<net id="2834"><net_src comp="2138" pin="1"/><net_sink comp="2829" pin=1"/></net>

<net id="2838"><net_src comp="2829" pin="2"/><net_sink comp="2835" pin=0"/></net>

<net id="2843"><net_src comp="2835" pin="1"/><net_sink comp="2839" pin=0"/></net>

<net id="2844"><net_src comp="1758" pin="1"/><net_sink comp="2839" pin=1"/></net>

<net id="2849"><net_src comp="1681" pin="1"/><net_sink comp="2845" pin=0"/></net>

<net id="2850"><net_src comp="1709" pin="1"/><net_sink comp="2845" pin=1"/></net>

<net id="2854"><net_src comp="2845" pin="2"/><net_sink comp="2851" pin=0"/></net>

<net id="2859"><net_src comp="2851" pin="1"/><net_sink comp="2855" pin=0"/></net>

<net id="2860"><net_src comp="2595" pin="1"/><net_sink comp="2855" pin=1"/></net>

<net id="2865"><net_src comp="2855" pin="2"/><net_sink comp="2861" pin=0"/></net>

<net id="2866"><net_src comp="2839" pin="2"/><net_sink comp="2861" pin=1"/></net>

<net id="2871"><net_src comp="2318" pin="1"/><net_sink comp="2867" pin=0"/></net>

<net id="2872"><net_src comp="2689" pin="1"/><net_sink comp="2867" pin=1"/></net>

<net id="2877"><net_src comp="2867" pin="2"/><net_sink comp="2873" pin=0"/></net>

<net id="2878"><net_src comp="2258" pin="1"/><net_sink comp="2873" pin=1"/></net>

<net id="2883"><net_src comp="2414" pin="1"/><net_sink comp="2879" pin=0"/></net>

<net id="2884"><net_src comp="156" pin="0"/><net_sink comp="2879" pin=1"/></net>

<net id="2888"><net_src comp="2879" pin="2"/><net_sink comp="2885" pin=0"/></net>

<net id="2893"><net_src comp="2885" pin="1"/><net_sink comp="2889" pin=0"/></net>

<net id="2894"><net_src comp="1986" pin="1"/><net_sink comp="2889" pin=1"/></net>

<net id="2898"><net_src comp="2889" pin="2"/><net_sink comp="2895" pin=0"/></net>

<net id="2903"><net_src comp="2895" pin="1"/><net_sink comp="2899" pin=0"/></net>

<net id="2904"><net_src comp="2873" pin="2"/><net_sink comp="2899" pin=1"/></net>

<net id="2908"><net_src comp="2899" pin="2"/><net_sink comp="2905" pin=0"/></net>

<net id="2913"><net_src comp="2905" pin="1"/><net_sink comp="2909" pin=0"/></net>

<net id="2914"><net_src comp="2861" pin="2"/><net_sink comp="2909" pin=1"/></net>

<net id="2919"><net_src comp="1918" pin="1"/><net_sink comp="2915" pin=0"/></net>

<net id="2920"><net_src comp="2186" pin="1"/><net_sink comp="2915" pin=1"/></net>

<net id="2925"><net_src comp="2915" pin="2"/><net_sink comp="2921" pin=0"/></net>

<net id="2926"><net_src comp="1850" pin="1"/><net_sink comp="2921" pin=1"/></net>

<net id="2931"><net_src comp="2446" pin="1"/><net_sink comp="2927" pin=0"/></net>

<net id="2932"><net_src comp="2551" pin="1"/><net_sink comp="2927" pin=1"/></net>

<net id="2936"><net_src comp="2927" pin="2"/><net_sink comp="2933" pin=0"/></net>

<net id="2941"><net_src comp="2933" pin="1"/><net_sink comp="2937" pin=0"/></net>

<net id="2942"><net_src comp="2366" pin="1"/><net_sink comp="2937" pin=1"/></net>

<net id="2947"><net_src comp="2709" pin="1"/><net_sink comp="2943" pin=0"/></net>

<net id="2948"><net_src comp="2254" pin="1"/><net_sink comp="2943" pin=1"/></net>

<net id="2953"><net_src comp="2000" pin="1"/><net_sink comp="2949" pin=0"/></net>

<net id="2954"><net_src comp="158" pin="0"/><net_sink comp="2949" pin=1"/></net>

<net id="2958"><net_src comp="2949" pin="2"/><net_sink comp="2955" pin=0"/></net>

<net id="2963"><net_src comp="2955" pin="1"/><net_sink comp="2959" pin=0"/></net>

<net id="2964"><net_src comp="2943" pin="2"/><net_sink comp="2959" pin=1"/></net>

<net id="2969"><net_src comp="2959" pin="2"/><net_sink comp="2965" pin=0"/></net>

<net id="2970"><net_src comp="2937" pin="2"/><net_sink comp="2965" pin=1"/></net>

<net id="2975"><net_src comp="2044" pin="1"/><net_sink comp="2971" pin=0"/></net>

<net id="2976"><net_src comp="2206" pin="1"/><net_sink comp="2971" pin=1"/></net>

<net id="2980"><net_src comp="2971" pin="2"/><net_sink comp="2977" pin=0"/></net>

<net id="2985"><net_src comp="2290" pin="1"/><net_sink comp="2981" pin=0"/></net>

<net id="2986"><net_src comp="2386" pin="1"/><net_sink comp="2981" pin=1"/></net>

<net id="2990"><net_src comp="2981" pin="2"/><net_sink comp="2987" pin=0"/></net>

<net id="2995"><net_src comp="2987" pin="1"/><net_sink comp="2991" pin=0"/></net>

<net id="2996"><net_src comp="2977" pin="1"/><net_sink comp="2991" pin=1"/></net>

<net id="3001"><net_src comp="2627" pin="1"/><net_sink comp="2997" pin=0"/></net>

<net id="3002"><net_src comp="2729" pin="1"/><net_sink comp="2997" pin=1"/></net>

<net id="3007"><net_src comp="2997" pin="2"/><net_sink comp="3003" pin=0"/></net>

<net id="3008"><net_src comp="2500" pin="1"/><net_sink comp="3003" pin=1"/></net>

<net id="3012"><net_src comp="3003" pin="2"/><net_sink comp="3009" pin=0"/></net>

<net id="3017"><net_src comp="1886" pin="1"/><net_sink comp="3013" pin=0"/></net>

<net id="3018"><net_src comp="1864" pin="1"/><net_sink comp="3013" pin=1"/></net>

<net id="3022"><net_src comp="3013" pin="2"/><net_sink comp="3019" pin=0"/></net>

<net id="3027"><net_src comp="1653" pin="1"/><net_sink comp="3023" pin=0"/></net>

<net id="3028"><net_src comp="160" pin="0"/><net_sink comp="3023" pin=1"/></net>

<net id="3032"><net_src comp="3023" pin="2"/><net_sink comp="3029" pin=0"/></net>

<net id="3037"><net_src comp="3029" pin="1"/><net_sink comp="3033" pin=0"/></net>

<net id="3038"><net_src comp="3019" pin="1"/><net_sink comp="3033" pin=1"/></net>

<net id="3042"><net_src comp="3033" pin="2"/><net_sink comp="3039" pin=0"/></net>

<net id="3047"><net_src comp="3039" pin="1"/><net_sink comp="3043" pin=0"/></net>

<net id="3048"><net_src comp="3009" pin="1"/><net_sink comp="3043" pin=1"/></net>

<net id="3053"><net_src comp="1772" pin="1"/><net_sink comp="3049" pin=0"/></net>

<net id="3054"><net_src comp="2226" pin="1"/><net_sink comp="3049" pin=1"/></net>

<net id="3059"><net_src comp="2290" pin="1"/><net_sink comp="3055" pin=0"/></net>

<net id="3060"><net_src comp="2532" pin="1"/><net_sink comp="3055" pin=1"/></net>

<net id="3064"><net_src comp="3055" pin="2"/><net_sink comp="3061" pin=0"/></net>

<net id="3069"><net_src comp="2627" pin="1"/><net_sink comp="3065" pin=0"/></net>

<net id="3070"><net_src comp="2761" pin="1"/><net_sink comp="3065" pin=1"/></net>

<net id="3074"><net_src comp="3065" pin="2"/><net_sink comp="3071" pin=0"/></net>

<net id="3079"><net_src comp="3071" pin="1"/><net_sink comp="3075" pin=0"/></net>

<net id="3080"><net_src comp="3061" pin="1"/><net_sink comp="3075" pin=1"/></net>

<net id="3085"><net_src comp="1882" pin="1"/><net_sink comp="3081" pin=0"/></net>

<net id="3086"><net_src comp="2322" pin="1"/><net_sink comp="3081" pin=1"/></net>

<net id="3091"><net_src comp="3081" pin="2"/><net_sink comp="3087" pin=0"/></net>

<net id="3092"><net_src comp="1667" pin="1"/><net_sink comp="3087" pin=1"/></net>

<net id="3096"><net_src comp="3087" pin="2"/><net_sink comp="3093" pin=0"/></net>

<net id="3101"><net_src comp="1864" pin="1"/><net_sink comp="3097" pin=0"/></net>

<net id="3102"><net_src comp="2058" pin="1"/><net_sink comp="3097" pin=1"/></net>

<net id="3106"><net_src comp="3097" pin="2"/><net_sink comp="3103" pin=0"/></net>

<net id="3111"><net_src comp="1695" pin="1"/><net_sink comp="3107" pin=0"/></net>

<net id="3112"><net_src comp="162" pin="0"/><net_sink comp="3107" pin=1"/></net>

<net id="3116"><net_src comp="3107" pin="2"/><net_sink comp="3113" pin=0"/></net>

<net id="3121"><net_src comp="3113" pin="1"/><net_sink comp="3117" pin=0"/></net>

<net id="3122"><net_src comp="3103" pin="1"/><net_sink comp="3117" pin=1"/></net>

<net id="3126"><net_src comp="3117" pin="2"/><net_sink comp="3123" pin=0"/></net>

<net id="3131"><net_src comp="3123" pin="1"/><net_sink comp="3127" pin=0"/></net>

<net id="3132"><net_src comp="3093" pin="1"/><net_sink comp="3127" pin=1"/></net>

<net id="3138"><net_src comp="96" pin="0"/><net_sink comp="3133" pin=0"/></net>

<net id="3139"><net_src comp="84" pin="0"/><net_sink comp="3133" pin=2"/></net>

<net id="3143"><net_src comp="3133" pin="3"/><net_sink comp="3140" pin=0"/></net>

<net id="3148"><net_src comp="98" pin="0"/><net_sink comp="3144" pin=0"/></net>

<net id="3149"><net_src comp="3140" pin="1"/><net_sink comp="3144" pin=1"/></net>

<net id="3156"><net_src comp="100" pin="0"/><net_sink comp="3150" pin=0"/></net>

<net id="3157"><net_src comp="3144" pin="2"/><net_sink comp="3150" pin=1"/></net>

<net id="3158"><net_src comp="58" pin="0"/><net_sink comp="3150" pin=2"/></net>

<net id="3159"><net_src comp="102" pin="0"/><net_sink comp="3150" pin=3"/></net>

<net id="3163"><net_src comp="3150" pin="4"/><net_sink comp="3160" pin=0"/></net>

<net id="3169"><net_src comp="176" pin="0"/><net_sink comp="3164" pin=0"/></net>

<net id="3170"><net_src comp="50" pin="0"/><net_sink comp="3164" pin=2"/></net>

<net id="3174"><net_src comp="3164" pin="3"/><net_sink comp="3171" pin=0"/></net>

<net id="3179"><net_src comp="86" pin="0"/><net_sink comp="3175" pin=0"/></net>

<net id="3180"><net_src comp="3171" pin="1"/><net_sink comp="3175" pin=1"/></net>

<net id="3187"><net_src comp="88" pin="0"/><net_sink comp="3181" pin=0"/></net>

<net id="3188"><net_src comp="3175" pin="2"/><net_sink comp="3181" pin=1"/></net>

<net id="3189"><net_src comp="58" pin="0"/><net_sink comp="3181" pin=2"/></net>

<net id="3190"><net_src comp="90" pin="0"/><net_sink comp="3181" pin=3"/></net>

<net id="3194"><net_src comp="3181" pin="4"/><net_sink comp="3191" pin=0"/></net>

<net id="3200"><net_src comp="178" pin="0"/><net_sink comp="3195" pin=0"/></net>

<net id="3201"><net_src comp="74" pin="0"/><net_sink comp="3195" pin=2"/></net>

<net id="3205"><net_src comp="3195" pin="3"/><net_sink comp="3202" pin=0"/></net>

<net id="3210"><net_src comp="180" pin="0"/><net_sink comp="3206" pin=0"/></net>

<net id="3211"><net_src comp="3202" pin="1"/><net_sink comp="3206" pin=1"/></net>

<net id="3218"><net_src comp="182" pin="0"/><net_sink comp="3212" pin=0"/></net>

<net id="3219"><net_src comp="3206" pin="2"/><net_sink comp="3212" pin=1"/></net>

<net id="3220"><net_src comp="58" pin="0"/><net_sink comp="3212" pin=2"/></net>

<net id="3221"><net_src comp="184" pin="0"/><net_sink comp="3212" pin=3"/></net>

<net id="3225"><net_src comp="3212" pin="4"/><net_sink comp="3222" pin=0"/></net>

<net id="3231"><net_src comp="122" pin="0"/><net_sink comp="3226" pin=0"/></net>

<net id="3232"><net_src comp="84" pin="0"/><net_sink comp="3226" pin=2"/></net>

<net id="3236"><net_src comp="3226" pin="3"/><net_sink comp="3233" pin=0"/></net>

<net id="3242"><net_src comp="52" pin="0"/><net_sink comp="3237" pin=0"/></net>

<net id="3243"><net_src comp="54" pin="0"/><net_sink comp="3237" pin=2"/></net>

<net id="3247"><net_src comp="3237" pin="3"/><net_sink comp="3244" pin=0"/></net>

<net id="3251"><net_src comp="3237" pin="3"/><net_sink comp="3248" pin=0"/></net>

<net id="3256"><net_src comp="3233" pin="1"/><net_sink comp="3252" pin=0"/></net>

<net id="3257"><net_src comp="3248" pin="1"/><net_sink comp="3252" pin=1"/></net>

<net id="3264"><net_src comp="64" pin="0"/><net_sink comp="3258" pin=0"/></net>

<net id="3265"><net_src comp="3252" pin="2"/><net_sink comp="3258" pin=1"/></net>

<net id="3266"><net_src comp="58" pin="0"/><net_sink comp="3258" pin=2"/></net>

<net id="3267"><net_src comp="66" pin="0"/><net_sink comp="3258" pin=3"/></net>

<net id="3271"><net_src comp="3258" pin="4"/><net_sink comp="3268" pin=0"/></net>

<net id="3277"><net_src comp="116" pin="0"/><net_sink comp="3272" pin=0"/></net>

<net id="3278"><net_src comp="106" pin="0"/><net_sink comp="3272" pin=2"/></net>

<net id="3282"><net_src comp="3272" pin="3"/><net_sink comp="3279" pin=0"/></net>

<net id="3286"><net_src comp="3272" pin="3"/><net_sink comp="3283" pin=0"/></net>

<net id="3291"><net_src comp="86" pin="0"/><net_sink comp="3287" pin=0"/></net>

<net id="3292"><net_src comp="3283" pin="1"/><net_sink comp="3287" pin=1"/></net>

<net id="3299"><net_src comp="88" pin="0"/><net_sink comp="3293" pin=0"/></net>

<net id="3300"><net_src comp="3287" pin="2"/><net_sink comp="3293" pin=1"/></net>

<net id="3301"><net_src comp="58" pin="0"/><net_sink comp="3293" pin=2"/></net>

<net id="3302"><net_src comp="90" pin="0"/><net_sink comp="3293" pin=3"/></net>

<net id="3306"><net_src comp="3293" pin="4"/><net_sink comp="3303" pin=0"/></net>

<net id="3312"><net_src comp="48" pin="0"/><net_sink comp="3307" pin=0"/></net>

<net id="3313"><net_src comp="50" pin="0"/><net_sink comp="3307" pin=2"/></net>

<net id="3317"><net_src comp="3307" pin="3"/><net_sink comp="3314" pin=0"/></net>

<net id="3322"><net_src comp="3279" pin="1"/><net_sink comp="3318" pin=0"/></net>

<net id="3323"><net_src comp="3314" pin="1"/><net_sink comp="3318" pin=1"/></net>

<net id="3330"><net_src comp="56" pin="0"/><net_sink comp="3324" pin=0"/></net>

<net id="3331"><net_src comp="3318" pin="2"/><net_sink comp="3324" pin=1"/></net>

<net id="3332"><net_src comp="58" pin="0"/><net_sink comp="3324" pin=2"/></net>

<net id="3333"><net_src comp="60" pin="0"/><net_sink comp="3324" pin=3"/></net>

<net id="3337"><net_src comp="3324" pin="4"/><net_sink comp="3334" pin=0"/></net>

<net id="3342"><net_src comp="3314" pin="1"/><net_sink comp="3338" pin=0"/></net>

<net id="3343"><net_src comp="3244" pin="1"/><net_sink comp="3338" pin=1"/></net>

<net id="3350"><net_src comp="56" pin="0"/><net_sink comp="3344" pin=0"/></net>

<net id="3351"><net_src comp="3338" pin="2"/><net_sink comp="3344" pin=1"/></net>

<net id="3352"><net_src comp="58" pin="0"/><net_sink comp="3344" pin=2"/></net>

<net id="3353"><net_src comp="60" pin="0"/><net_sink comp="3344" pin=3"/></net>

<net id="3357"><net_src comp="3344" pin="4"/><net_sink comp="3354" pin=0"/></net>

<net id="3361"><net_src comp="3358" pin="1"/><net_sink comp="287" pin=0"/></net>

<net id="3365"><net_src comp="3362" pin="1"/><net_sink comp="310" pin=0"/></net>

<net id="3372"><net_src comp="56" pin="0"/><net_sink comp="3366" pin=0"/></net>

<net id="3373"><net_src comp="310" pin="2"/><net_sink comp="3366" pin=1"/></net>

<net id="3374"><net_src comp="58" pin="0"/><net_sink comp="3366" pin=2"/></net>

<net id="3375"><net_src comp="60" pin="0"/><net_sink comp="3366" pin=3"/></net>

<net id="3379"><net_src comp="3366" pin="4"/><net_sink comp="3376" pin=0"/></net>

<net id="3385"><net_src comp="116" pin="0"/><net_sink comp="3380" pin=0"/></net>

<net id="3386"><net_src comp="106" pin="0"/><net_sink comp="3380" pin=2"/></net>

<net id="3390"><net_src comp="3380" pin="3"/><net_sink comp="3387" pin=0"/></net>

<net id="3396"><net_src comp="124" pin="0"/><net_sink comp="3391" pin=0"/></net>

<net id="3397"><net_src comp="74" pin="0"/><net_sink comp="3391" pin=2"/></net>

<net id="3401"><net_src comp="3391" pin="3"/><net_sink comp="3398" pin=0"/></net>

<net id="3406"><net_src comp="3398" pin="1"/><net_sink comp="3402" pin=0"/></net>

<net id="3407"><net_src comp="3387" pin="1"/><net_sink comp="3402" pin=1"/></net>

<net id="3414"><net_src comp="88" pin="0"/><net_sink comp="3408" pin=0"/></net>

<net id="3415"><net_src comp="3402" pin="2"/><net_sink comp="3408" pin=1"/></net>

<net id="3416"><net_src comp="58" pin="0"/><net_sink comp="3408" pin=2"/></net>

<net id="3417"><net_src comp="90" pin="0"/><net_sink comp="3408" pin=3"/></net>

<net id="3421"><net_src comp="3408" pin="4"/><net_sink comp="3418" pin=0"/></net>

<net id="3428"><net_src comp="88" pin="0"/><net_sink comp="3422" pin=0"/></net>

<net id="3429"><net_src comp="287" pin="2"/><net_sink comp="3422" pin=1"/></net>

<net id="3430"><net_src comp="58" pin="0"/><net_sink comp="3422" pin=2"/></net>

<net id="3431"><net_src comp="90" pin="0"/><net_sink comp="3422" pin=3"/></net>

<net id="3435"><net_src comp="3422" pin="4"/><net_sink comp="3432" pin=0"/></net>

<net id="3440"><net_src comp="3268" pin="1"/><net_sink comp="3436" pin=0"/></net>

<net id="3441"><net_src comp="3376" pin="1"/><net_sink comp="3436" pin=1"/></net>

<net id="3446"><net_src comp="3436" pin="2"/><net_sink comp="3442" pin=0"/></net>

<net id="3447"><net_src comp="3160" pin="1"/><net_sink comp="3442" pin=1"/></net>

<net id="3452"><net_src comp="3442" pin="2"/><net_sink comp="3448" pin=1"/></net>

<net id="3457"><net_src comp="3448" pin="2"/><net_sink comp="3453" pin=1"/></net>

<net id="3462"><net_src comp="3303" pin="1"/><net_sink comp="3458" pin=0"/></net>

<net id="3463"><net_src comp="3418" pin="1"/><net_sink comp="3458" pin=1"/></net>

<net id="3467"><net_src comp="3458" pin="2"/><net_sink comp="3464" pin=0"/></net>

<net id="3472"><net_src comp="3464" pin="1"/><net_sink comp="3468" pin=0"/></net>

<net id="3473"><net_src comp="3191" pin="1"/><net_sink comp="3468" pin=1"/></net>

<net id="3477"><net_src comp="3468" pin="2"/><net_sink comp="3474" pin=0"/></net>

<net id="3485"><net_src comp="3478" pin="1"/><net_sink comp="3481" pin=0"/></net>

<net id="3486"><net_src comp="3474" pin="1"/><net_sink comp="3481" pin=1"/></net>

<net id="3491"><net_src comp="3481" pin="2"/><net_sink comp="3487" pin=1"/></net>

<net id="3496"><net_src comp="3334" pin="1"/><net_sink comp="3492" pin=0"/></net>

<net id="3497"><net_src comp="3432" pin="1"/><net_sink comp="3492" pin=1"/></net>

<net id="3502"><net_src comp="3492" pin="2"/><net_sink comp="3498" pin=0"/></net>

<net id="3503"><net_src comp="3222" pin="1"/><net_sink comp="3498" pin=1"/></net>

<net id="3508"><net_src comp="3498" pin="2"/><net_sink comp="3504" pin=1"/></net>

<net id="3513"><net_src comp="3504" pin="2"/><net_sink comp="3509" pin=1"/></net>

<net id="3521"><net_src comp="3514" pin="1"/><net_sink comp="3517" pin=0"/></net>

<net id="3522"><net_src comp="3354" pin="1"/><net_sink comp="3517" pin=1"/></net>

<net id="3527"><net_src comp="3517" pin="2"/><net_sink comp="3523" pin=1"/></net>

<net id="3535"><net_src comp="3528" pin="1"/><net_sink comp="3531" pin=0"/></net>

<net id="3536"><net_src comp="3523" pin="2"/><net_sink comp="3531" pin=1"/></net>

<net id="3541"><net_src comp="190" pin="0"/><net_sink comp="3537" pin=0"/></net>

<net id="3542"><net_src comp="3453" pin="2"/><net_sink comp="3537" pin=1"/></net>

<net id="3547"><net_src comp="3537" pin="2"/><net_sink comp="3543" pin=0"/></net>

<net id="3552"><net_src comp="3543" pin="2"/><net_sink comp="3548" pin=0"/></net>

<net id="3553"><net_src comp="3487" pin="2"/><net_sink comp="3548" pin=1"/></net>

<net id="3558"><net_src comp="3548" pin="2"/><net_sink comp="3554" pin=0"/></net>

<net id="3559"><net_src comp="3509" pin="2"/><net_sink comp="3554" pin=1"/></net>

<net id="3564"><net_src comp="3554" pin="2"/><net_sink comp="3560" pin=0"/></net>

<net id="3565"><net_src comp="3531" pin="2"/><net_sink comp="3560" pin=1"/></net>

<net id="3569"><net_src comp="246" pin="2"/><net_sink comp="3566" pin=0"/></net>

<net id="3570"><net_src comp="3566" pin="1"/><net_sink comp="3358" pin=0"/></net>

<net id="3571"><net_src comp="3566" pin="1"/><net_sink comp="3362" pin=0"/></net>

<net id="3572"><net_src comp="3566" pin="1"/><net_sink comp="3380" pin=1"/></net>

<net id="3573"><net_src comp="3566" pin="1"/><net_sink comp="3391" pin=1"/></net>

<net id="3577"><net_src comp="252" pin="2"/><net_sink comp="3574" pin=0"/></net>

<net id="3578"><net_src comp="3574" pin="1"/><net_sink comp="3226" pin=1"/></net>

<net id="3579"><net_src comp="3574" pin="1"/><net_sink comp="3237" pin=1"/></net>

<net id="3580"><net_src comp="3574" pin="1"/><net_sink comp="3272" pin=1"/></net>

<net id="3581"><net_src comp="3574" pin="1"/><net_sink comp="3307" pin=1"/></net>

<net id="3585"><net_src comp="258" pin="2"/><net_sink comp="3582" pin=0"/></net>

<net id="3586"><net_src comp="3582" pin="1"/><net_sink comp="3133" pin=1"/></net>

<net id="3587"><net_src comp="3582" pin="1"/><net_sink comp="3164" pin=1"/></net>

<net id="3588"><net_src comp="3582" pin="1"/><net_sink comp="3195" pin=1"/></net>

<net id="3592"><net_src comp="2775" pin="2"/><net_sink comp="3589" pin=0"/></net>

<net id="3593"><net_src comp="3589" pin="1"/><net_sink comp="3448" pin=0"/></net>

<net id="3597"><net_src comp="2823" pin="2"/><net_sink comp="3594" pin=0"/></net>

<net id="3598"><net_src comp="3594" pin="1"/><net_sink comp="3453" pin=0"/></net>

<net id="3602"><net_src comp="2909" pin="2"/><net_sink comp="3599" pin=0"/></net>

<net id="3603"><net_src comp="3599" pin="1"/><net_sink comp="3543" pin=1"/></net>

<net id="3607"><net_src comp="2921" pin="2"/><net_sink comp="3604" pin=0"/></net>

<net id="3608"><net_src comp="3604" pin="1"/><net_sink comp="3478" pin=0"/></net>

<net id="3612"><net_src comp="2965" pin="2"/><net_sink comp="3609" pin=0"/></net>

<net id="3613"><net_src comp="3609" pin="1"/><net_sink comp="3487" pin=0"/></net>

<net id="3617"><net_src comp="2991" pin="2"/><net_sink comp="3614" pin=0"/></net>

<net id="3618"><net_src comp="3614" pin="1"/><net_sink comp="3504" pin=0"/></net>

<net id="3622"><net_src comp="3043" pin="2"/><net_sink comp="3619" pin=0"/></net>

<net id="3623"><net_src comp="3619" pin="1"/><net_sink comp="3509" pin=0"/></net>

<net id="3627"><net_src comp="3049" pin="2"/><net_sink comp="3624" pin=0"/></net>

<net id="3628"><net_src comp="3624" pin="1"/><net_sink comp="3514" pin=0"/></net>

<net id="3632"><net_src comp="3075" pin="2"/><net_sink comp="3629" pin=0"/></net>

<net id="3633"><net_src comp="3629" pin="1"/><net_sink comp="3523" pin=0"/></net>

<net id="3637"><net_src comp="3127" pin="2"/><net_sink comp="3634" pin=0"/></net>

<net id="3638"><net_src comp="3634" pin="1"/><net_sink comp="3528" pin=0"/></net>

</net_list>

</model> 
---------------- Datapath Model END ------------------

* FSMD analyzer results:
  - Output states:
	Port: data_1_val | {}
	Port: data_2_val | {}
	Port: data_3_val | {}
	Port: data_4_val | {}
	Port: data_5_val | {}
	Port: data_7_val | {}
	Port: data_9_val | {}
	Port: data_14_val | {}
	Port: data_22_val | {}
	Port: data_24_val | {}
	Port: data_25_val | {}
	Port: data_28_val | {}
	Port: data_29_val | {}
 - Input state : 
	Port: dense_latency<ap_fixed<16, 6, 5, 3, 0>, ap_fixed<16, 6, 5, 3, 0>, config18> : data_1_val | {1 }
	Port: dense_latency<ap_fixed<16, 6, 5, 3, 0>, ap_fixed<16, 6, 5, 3, 0>, config18> : data_2_val | {1 }
	Port: dense_latency<ap_fixed<16, 6, 5, 3, 0>, ap_fixed<16, 6, 5, 3, 0>, config18> : data_3_val | {1 }
	Port: dense_latency<ap_fixed<16, 6, 5, 3, 0>, ap_fixed<16, 6, 5, 3, 0>, config18> : data_4_val | {1 }
	Port: dense_latency<ap_fixed<16, 6, 5, 3, 0>, ap_fixed<16, 6, 5, 3, 0>, config18> : data_5_val | {1 }
	Port: dense_latency<ap_fixed<16, 6, 5, 3, 0>, ap_fixed<16, 6, 5, 3, 0>, config18> : data_7_val | {1 }
	Port: dense_latency<ap_fixed<16, 6, 5, 3, 0>, ap_fixed<16, 6, 5, 3, 0>, config18> : data_9_val | {1 }
	Port: dense_latency<ap_fixed<16, 6, 5, 3, 0>, ap_fixed<16, 6, 5, 3, 0>, config18> : data_14_val | {1 }
	Port: dense_latency<ap_fixed<16, 6, 5, 3, 0>, ap_fixed<16, 6, 5, 3, 0>, config18> : data_22_val | {1 }
	Port: dense_latency<ap_fixed<16, 6, 5, 3, 0>, ap_fixed<16, 6, 5, 3, 0>, config18> : data_24_val | {1 }
	Port: dense_latency<ap_fixed<16, 6, 5, 3, 0>, ap_fixed<16, 6, 5, 3, 0>, config18> : data_25_val | {1 }
	Port: dense_latency<ap_fixed<16, 6, 5, 3, 0>, ap_fixed<16, 6, 5, 3, 0>, config18> : data_28_val | {1 }
	Port: dense_latency<ap_fixed<16, 6, 5, 3, 0>, ap_fixed<16, 6, 5, 3, 0>, config18> : data_29_val | {1 }
  - Chain level:
	State 1
		zext_ln42 : 1
		lshr_ln42_275_cast : 1
		zext_ln73_78 : 1
		lshr_ln42_280_cast : 1
		zext_ln73_84 : 1
		zext_ln73_91 : 1
		zext_ln73_92 : 1
		sub_ln73_186 : 2
		trunc_ln42_120 : 3
		sext_ln42_119 : 4
		mul_ln73_3 : 1
		trunc_ln42_122 : 2
		sext_ln42_120 : 3
		zext_ln42_27 : 1
		zext_ln73_95 : 1
		sub_ln73_188 : 2
		trunc_ln42_123 : 3
		sext_ln73_125 : 4
		zext_ln73_96 : 1
		sub_ln73_189 : 2
		trunc_ln42_124 : 3
		trunc_ln42_225_cast : 4
		lshr_ln42_294_cast : 1
		zext_ln42_28 : 1
		zext_ln73_97 : 1
		zext_ln73_98 : 1
		zext_ln73_99 : 1
		sub_ln73_190 : 2
		trunc_ln42_125 : 3
		sext_ln73_126 : 4
		zext_ln73_100 : 1
		sub_ln73_191 : 2
		sext_ln73 : 3
		zext_ln73_101 : 1
		sub_ln73_192 : 4
		trunc_ln42_126 : 5
		sext_ln42_121 : 6
		zext_ln42_29 : 1
		zext_ln73_102 : 1
		zext_ln73_103 : 1
		zext_ln73_104 : 1
		sub_ln73_193 : 2
		trunc_ln42_127 : 3
		trunc_ln42_228_cast : 4
		lshr_ln42_301_cast : 1
		zext_ln73_105 : 1
		zext_ln73_106 : 1
		sub_ln73_194 : 2
		trunc_ln42_128 : 3
		sext_ln73_127 : 4
		zext_ln73_107 : 1
		zext_ln73_108 : 1
		sub_ln73_195 : 2
		trunc_ln42_129 : 3
		sext_ln73_128 : 4
		zext_ln73_109 : 1
		zext_ln73_110 : 1
		zext_ln73_111 : 1
		add_ln73_11 : 2
		tmp_79 : 3
		zext_ln73_126 : 4
		sub_ln73_196 : 2
		trunc_ln42_130 : 3
		sext_ln73_129 : 4
		sub_ln73_197 : 2
		trunc_ln42_131 : 3
		sext_ln42_122 : 4
		zext_ln42_30 : 1
		zext_ln42_22 : 1
		zext_ln73_112 : 1
		zext_ln73_113 : 1
		sub_ln73_198 : 2
		trunc_ln42_132 : 3
		sext_ln42_123 : 4
		zext_ln42_31 : 1
		zext_ln42_32 : 1
		zext_ln73_114 : 1
		zext_ln73_115 : 1
		zext_ln73_116 : 1
		sub_ln73_199 : 2
		trunc_ln42_133 : 3
		sext_ln42_124 : 4
		sub_ln73_200 : 2
		trunc_ln42_134 : 3
		sext_ln42_125 : 4
		zext_ln42_33 : 1
		zext_ln73_117 : 1
		zext_ln73_118 : 1
		sub_ln73_201 : 2
		trunc_ln42_135 : 3
		sext_ln73_130 : 4
		zext_ln73_119 : 1
		sub_ln73_202 : 2
		sext_ln73_94 : 3
		zext_ln73_120 : 1
		sub_ln73_203 : 4
		trunc_ln42_136 : 5
		sext_ln73_131 : 6
		zext_ln73_121 : 1
		sub_ln73_204 : 2
		trunc_ln42_137 : 3
		sext_ln73_132 : 4
		mul_ln73_4 : 1
		tmp_83 : 2
		zext_ln73_127 : 3
		zext_ln73_123 : 1
		zext_ln73_124 : 1
		sub_ln73_205 : 2
		trunc_ln42_138 : 3
		sext_ln42_126 : 4
		zext_ln73_125 : 1
		sub_ln73_206 : 2
		trunc_ln42_139 : 3
		sext_ln73_133 : 4
		sext_ln73_95 : 1
		sext_ln73_96 : 1
		sext_ln73_97 : 1
		add_ln73_12 : 2
		trunc_ln42_140 : 3
		sext_ln42_127 : 4
		sext_ln73_98 : 1
		sub_ln73_207 : 2
		trunc_ln42_142 : 3
		sext_ln42_128 : 4
		sub_ln73_208 : 2
		trunc_ln42_143 : 3
		sext_ln73_134 : 4
		sext_ln73_99 : 1
		sub_ln73_209 : 2
		trunc_ln42_144 : 3
		sext_ln58_113 : 4
		add_ln58_548 : 5
		sext_ln58_114 : 6
		add_ln58_549 : 7
		add_ln58_551 : 2
		zext_ln58 : 3
		add_ln58_552 : 5
		add_ln58_553 : 2
		add_ln58_554 : 2
		zext_ln58_34 : 3
		add_ln58_555 : 4
		zext_ln58_35 : 5
		add_ln58_556 : 6
		add_ln58_558 : 5
		sext_ln58_115 : 6
		add_ln58_559 : 7
		add_ln58_560 : 2
		zext_ln58_36 : 3
		add_ln58_561 : 5
		add_ln58_562 : 8
		add_ln58_563 : 2
		add_ln58_564 : 3
		add_ln58_565 : 2
		zext_ln58_37 : 3
		add_ln58_566 : 4
		zext_ln58_38 : 5
		add_ln58_567 : 6
		sext_ln58 : 7
		add_ln58_568 : 9
		add_ln58_571 : 5
		add_ln58_572 : 6
		add_ln58_574 : 5
		sext_ln58_119 : 6
		add_ln58_575 : 7
		add_ln58_576 : 5
		add_ln58_577 : 2
		sext_ln58_34 : 3
		add_ln58_578 : 6
		add_ln58_579 : 8
		add_ln58_583 : 5
		sext_ln58_120 : 6
		add_ln58_584 : 5
		sext_ln58_121 : 6
		add_ln58_585 : 7
		add_ln58_587 : 5
		add_ln58_588 : 7
		sext_ln58_122 : 8
		add_ln58_589 : 2
		zext_ln58_39 : 3
		add_ln58_590 : 2
		sext_ln58_35 : 3
		add_ln58_591 : 4
		sext_ln58_36 : 5
		add_ln58_592 : 9
		add_ln58_594 : 5
		add_ln58_596 : 5
		sext_ln58_124 : 6
		add_ln58_597 : 5
		sext_ln58_125 : 6
		add_ln58_598 : 7
		add_ln58_600 : 2
		add_ln58_601 : 3
		zext_ln58_40 : 4
		add_ln58_602 : 2
		zext_ln58_41 : 3
		add_ln58_603 : 2
		sext_ln58_37 : 3
		add_ln58_604 : 4
		sext_ln58_38 : 5
		add_ln58_605 : 6
	State 2
		zext_ln73 : 1
		sub_ln73 : 2
		trunc_ln42_s : 3
		sext_ln42 : 4
		zext_ln73_79 : 1
		sub_ln73_181 : 2
		trunc_ln42_114 : 3
		sext_ln73_122 : 4
		zext_ln73_80 : 1
		sub_ln73_182 : 2
		trunc_ln42_115 : 3
		sext_ln42_115 : 4
		zext_ln73_81 : 1
		zext_ln73_82 : 1
		zext_ln73_83 : 1
		sub_ln73_183 : 2
		trunc_ln42_116 : 3
		sext_ln42_116 : 4
		zext_ln73_85 : 1
		zext_ln73_86 : 1
		sub_ln73_184 : 2
		trunc_ln42_117 : 3
		sext_ln73_123 : 4
		zext_ln73_87 : 1
		sub_ln73_185 : 2
		trunc_ln42_118 : 3
		sext_ln42_117 : 4
		add_ln73 : 2
		tmp_73 : 3
		zext_ln42_25 : 4
		mul_ln73 : 1
		trunc_ln42_119 : 2
		sext_ln42_118 : 3
		zext_ln73_93 : 1
		zext_ln73_94 : 1
		sub_ln73_187 : 2
		trunc_ln42_121 : 3
		sext_ln73_124 : 4
		mul_ln73_2 : 1
		tmp_74 : 2
		zext_ln42_26 : 3
		add_ln58 : 5
		add_ln58_547 : 6
		add_ln58_550 : 7
		add_ln58_557 : 8
		add_ln58_569 : 5
		sext_ln58_116 : 6
		add_ln58_570 : 7
		sext_ln58_117 : 8
		add_ln58_573 : 9
		add_ln58_580 : 10
		add_ln58_581 : 5
		add_ln58_582 : 6
		add_ln58_586 : 7
		add_ln58_593 : 8
		add_ln58_595 : 5
		add_ln58_599 : 6
		add_ln58_606 : 7
		mrv : 9
		mrv_1 : 10
		mrv_2 : 11
		mrv_3 : 12
		mrv_4 : 13
		ret_ln68 : 14


============================================================
+ Verbose Summary: Datapath Resource usage 
============================================================

* Functional unit list:
|----------|------------------------------|---------|---------|---------|
| Operation|        Functional Unit       |   DSP   |    FF   |   LUT   |
|----------|------------------------------|---------|---------|---------|
|          |      add_ln73_11_fu_2170     |    0    |    0    |    30   |
|          |      add_ln73_12_fu_2659     |    0    |    0    |    31   |
|          |     add_ln58_548_fu_2765     |    0    |    0    |    21   |
|          |     add_ln58_549_fu_2775     |    0    |    0    |    22   |
|          |     add_ln58_551_fu_2781     |    0    |    0    |    20   |
|          |     add_ln58_552_fu_2791     |    0    |    0    |    16   |
|          |     add_ln58_553_fu_2797     |    0    |    0    |    17   |
|          |     add_ln58_554_fu_2803     |    0    |    0    |    17   |
|          |     add_ln58_555_fu_2813     |    0    |    0    |    17   |
|          |     add_ln58_556_fu_2823     |    0    |    0    |    16   |
|          |     add_ln58_558_fu_2829     |    0    |    0    |    20   |
|          |     add_ln58_559_fu_2839     |    0    |    0    |    22   |
|          |     add_ln58_560_fu_2845     |    0    |    0    |    20   |
|          |     add_ln58_561_fu_2855     |    0    |    0    |    22   |
|          |     add_ln58_562_fu_2861     |    0    |    0    |    16   |
|          |     add_ln58_563_fu_2867     |    0    |    0    |    20   |
|          |     add_ln58_564_fu_2873     |    0    |    0    |    16   |
|          |     add_ln58_565_fu_2879     |    0    |    0    |    18   |
|          |     add_ln58_566_fu_2889     |    0    |    0    |    18   |
|          |     add_ln58_567_fu_2899     |    0    |    0    |    16   |
|          |     add_ln58_568_fu_2909     |    0    |    0    |    16   |
|          |     add_ln58_571_fu_2915     |    0    |    0    |    16   |
|          |     add_ln58_572_fu_2921     |    0    |    0    |    16   |
|          |     add_ln58_574_fu_2927     |    0    |    0    |    21   |
|          |     add_ln58_575_fu_2937     |    0    |    0    |    16   |
|          |     add_ln58_576_fu_2943     |    0    |    0    |    16   |
|          |     add_ln58_577_fu_2949     |    0    |    0    |    18   |
|          |     add_ln58_578_fu_2959     |    0    |    0    |    16   |
|          |     add_ln58_579_fu_2965     |    0    |    0    |    16   |
|          |     add_ln58_583_fu_2971     |    0    |    0    |    21   |
|          |     add_ln58_584_fu_2981     |    0    |    0    |    21   |
|    add   |     add_ln58_585_fu_2991     |    0    |    0    |    22   |
|          |     add_ln58_587_fu_2997     |    0    |    0    |    16   |
|          |     add_ln58_588_fu_3003     |    0    |    0    |    16   |
|          |     add_ln58_589_fu_3013     |    0    |    0    |    18   |
|          |     add_ln58_590_fu_3023     |    0    |    0    |    16   |
|          |     add_ln58_591_fu_3033     |    0    |    0    |    19   |
|          |     add_ln58_592_fu_3043     |    0    |    0    |    22   |
|          |     add_ln58_594_fu_3049     |    0    |    0    |    21   |
|          |     add_ln58_596_fu_3055     |    0    |    0    |    21   |
|          |     add_ln58_597_fu_3065     |    0    |    0    |    21   |
|          |     add_ln58_598_fu_3075     |    0    |    0    |    22   |
|          |     add_ln58_600_fu_3081     |    0    |    0    |    17   |
|          |     add_ln58_601_fu_3087     |    0    |    0    |    16   |
|          |     add_ln58_602_fu_3097     |    0    |    0    |    18   |
|          |     add_ln58_603_fu_3107     |    0    |    0    |    17   |
|          |     add_ln58_604_fu_3117     |    0    |    0    |    19   |
|          |     add_ln58_605_fu_3127     |    0    |    0    |    21   |
|          |       add_ln73_fu_3338       |    0    |    0    |    31   |
|          |       add_ln58_fu_3436       |    0    |    0    |    16   |
|          |     add_ln58_547_fu_3442     |    0    |    0    |    16   |
|          |     add_ln58_550_fu_3448     |    0    |    0    |    16   |
|          |     add_ln58_557_fu_3453     |    0    |    0    |    16   |
|          |     add_ln58_569_fu_3458     |    0    |    0    |    20   |
|          |     add_ln58_570_fu_3468     |    0    |    0    |    21   |
|          |     add_ln58_573_fu_3481     |    0    |    0    |    16   |
|          |     add_ln58_580_fu_3487     |    0    |    0    |    16   |
|          |     add_ln58_581_fu_3492     |    0    |    0    |    16   |
|          |     add_ln58_582_fu_3498     |    0    |    0    |    16   |
|          |     add_ln58_586_fu_3504     |    0    |    0    |    16   |
|          |     add_ln58_593_fu_3509     |    0    |    0    |    16   |
|          |     add_ln58_595_fu_3517     |    0    |    0    |    22   |
|          |     add_ln58_599_fu_3523     |    0    |    0    |    16   |
|          |     add_ln58_606_fu_3531     |    0    |    0    |    16   |
|----------|------------------------------|---------|---------|---------|
|          |     sub_ln73_186_fu_1742     |    0    |    0    |    31   |
|          |     sub_ln73_188_fu_1802     |    0    |    0    |    26   |
|          |     sub_ln73_189_fu_1834     |    0    |    0    |    29   |
|          |     sub_ln73_190_fu_1902     |    0    |    0    |    28   |
|          |     sub_ln73_191_fu_1934     |    0    |    0    |    28   |
|          |     sub_ln73_192_fu_1956     |    0    |    0    |    29   |
|          |     sub_ln73_193_fu_2028     |    0    |    0    |    29   |
|          |     sub_ln73_194_fu_2078     |    0    |    0    |    28   |
|          |     sub_ln73_195_fu_2122     |    0    |    0    |    29   |
|          |     sub_ln73_196_fu_2190     |    0    |    0    |    30   |
|          |     sub_ln73_197_fu_2210     |    0    |    0    |    29   |
|          |     sub_ln73_198_fu_2274     |    0    |    0    |    30   |
|          |     sub_ln73_199_fu_2350     |    0    |    0    |    30   |
|          |     sub_ln73_200_fu_2370     |    0    |    0    |    30   |
|    sub   |     sub_ln73_201_fu_2430     |    0    |    0    |    27   |
|          |     sub_ln73_202_fu_2462     |    0    |    0    |    28   |
|          |     sub_ln73_203_fu_2484     |    0    |    0    |    29   |
|          |     sub_ln73_204_fu_2516     |    0    |    0    |    29   |
|          |     sub_ln73_205_fu_2579     |    0    |    0    |    31   |
|          |     sub_ln73_206_fu_2611     |    0    |    0    |    30   |
|          |     sub_ln73_207_fu_2693     |    0    |    0    |    31   |
|          |     sub_ln73_208_fu_2713     |    0    |    0    |    29   |
|          |     sub_ln73_209_fu_2745     |    0    |    0    |    28   |
|          |       sub_ln73_fu_3144       |    0    |    0    |    28   |
|          |     sub_ln73_181_fu_3175     |    0    |    0    |    29   |
|          |     sub_ln73_182_fu_3206     |    0    |    0    |    25   |
|          |     sub_ln73_183_fu_3252     |    0    |    0    |    30   |
|          |     sub_ln73_184_fu_3287     |    0    |    0    |    29   |
|          |     sub_ln73_185_fu_3318     |    0    |    0    |    31   |
|          |     sub_ln73_187_fu_3402     |    0    |    0    |    29   |
|----------|------------------------------|---------|---------|---------|
|          |       mul_ln73_2_fu_287      |    1    |    0    |    2    |
|    mul   |       mul_ln73_4_fu_297      |    1    |    0    |    2    |
|          |       mul_ln73_3_fu_309      |    1    |    0    |    2    |
|          |        mul_ln73_fu_310       |    1    |    0    |    2    |
|----------|------------------------------|---------|---------|---------|
|          | data_29_val_read_read_fu_192 |    0    |    0    |    0    |
|          | data_28_val_read_read_fu_198 |    0    |    0    |    0    |
|          | data_25_val_read_read_fu_204 |    0    |    0    |    0    |
|          | data_24_val_read_read_fu_210 |    0    |    0    |    0    |
|          | data_22_val_read_read_fu_216 |    0    |    0    |    0    |
|          | data_14_val_read_read_fu_222 |    0    |    0    |    0    |
|   read   |  data_9_val_read_read_fu_228 |    0    |    0    |    0    |
|          |  data_7_val_read_read_fu_234 |    0    |    0    |    0    |
|          |  data_5_val_read_read_fu_240 |    0    |    0    |    0    |
|          |  data_4_val_read_read_fu_246 |    0    |    0    |    0    |
|          |  data_3_val_read_read_fu_252 |    0    |    0    |    0    |
|          |  data_2_val_read_read_fu_258 |    0    |    0    |    0    |
|          |  data_1_val_read_read_fu_264 |    0    |    0    |    0    |
|----------|------------------------------|---------|---------|---------|
|          |          tmp_fu_1643         |    0    |    0    |    0    |
|          |      lshr_ln42_s_fu_1657     |    0    |    0    |    0    |
|          |      lshr_ln42_1_fu_1671     |    0    |    0    |    0    |
|          |         tmp_s_fu_1685        |    0    |    0    |    0    |
|          |        tmp_72_fu_1699        |    0    |    0    |    0    |
|          |    trunc_ln42_120_fu_1748    |    0    |    0    |    0    |
|          |    trunc_ln42_122_fu_1762    |    0    |    0    |    0    |
|          |      lshr_ln42_2_fu_1776     |    0    |    0    |    0    |
|          |    trunc_ln42_123_fu_1808    |    0    |    0    |    0    |
|          |    trunc_ln42_124_fu_1840    |    0    |    0    |    0    |
|          |        tmp_75_fu_1854        |    0    |    0    |    0    |
|          |      lshr_ln42_3_fu_1868     |    0    |    0    |    0    |
|          |    trunc_ln42_125_fu_1908    |    0    |    0    |    0    |
|          |    trunc_ln42_126_fu_1962    |    0    |    0    |    0    |
|          |        tmp_76_fu_1976        |    0    |    0    |    0    |
|          |        tmp_77_fu_1990        |    0    |    0    |    0    |
|          |    trunc_ln42_127_fu_2034    |    0    |    0    |    0    |
|          |        tmp_78_fu_2048        |    0    |    0    |    0    |
|          |    trunc_ln42_128_fu_2084    |    0    |    0    |    0    |
|          |    trunc_ln42_129_fu_2128    |    0    |    0    |    0    |
|          |        tmp_79_fu_2176        |    0    |    0    |    0    |
|          |    trunc_ln42_130_fu_2196    |    0    |    0    |    0    |
|          |    trunc_ln42_131_fu_2216    |    0    |    0    |    0    |
|          |      lshr_ln42_4_fu_2230     |    0    |    0    |    0    |
|          |      lshr_ln42_5_fu_2244     |    0    |    0    |    0    |
|          |    trunc_ln42_132_fu_2280    |    0    |    0    |    0    |
|partselect|        tmp_80_fu_2294        |    0    |    0    |    0    |
|          |      lshr_ln42_6_fu_2308     |    0    |    0    |    0    |
|          |    trunc_ln42_133_fu_2356    |    0    |    0    |    0    |
|          |    trunc_ln42_134_fu_2376    |    0    |    0    |    0    |
|          |        tmp_81_fu_2390        |    0    |    0    |    0    |
|          |        tmp_82_fu_2404        |    0    |    0    |    0    |
|          |    trunc_ln42_135_fu_2436    |    0    |    0    |    0    |
|          |    trunc_ln42_136_fu_2490    |    0    |    0    |    0    |
|          |    trunc_ln42_137_fu_2522    |    0    |    0    |    0    |
|          |        tmp_83_fu_2541        |    0    |    0    |    0    |
|          |    trunc_ln42_138_fu_2585    |    0    |    0    |    0    |
|          |    trunc_ln42_139_fu_2617    |    0    |    0    |    0    |
|          |    trunc_ln42_140_fu_2665    |    0    |    0    |    0    |
|          |    trunc_ln42_141_fu_2679    |    0    |    0    |    0    |
|          |    trunc_ln42_142_fu_2699    |    0    |    0    |    0    |
|          |    trunc_ln42_143_fu_2719    |    0    |    0    |    0    |
|          |    trunc_ln42_144_fu_2751    |    0    |    0    |    0    |
|          |     trunc_ln42_s_fu_3150     |    0    |    0    |    0    |
|          |    trunc_ln42_114_fu_3181    |    0    |    0    |    0    |
|          |    trunc_ln42_115_fu_3212    |    0    |    0    |    0    |
|          |    trunc_ln42_116_fu_3258    |    0    |    0    |    0    |
|          |    trunc_ln42_117_fu_3293    |    0    |    0    |    0    |
|          |    trunc_ln42_118_fu_3324    |    0    |    0    |    0    |
|          |        tmp_73_fu_3344        |    0    |    0    |    0    |
|          |    trunc_ln42_119_fu_3366    |    0    |    0    |    0    |
|          |    trunc_ln42_121_fu_3408    |    0    |    0    |    0    |
|          |        tmp_74_fu_3422        |    0    |    0    |    0    |
|----------|------------------------------|---------|---------|---------|
|          |       zext_ln42_fu_1653      |    0    |    0    |    0    |
|          |  lshr_ln42_275_cast_fu_1667  |    0    |    0    |    0    |
|          |     zext_ln73_78_fu_1681     |    0    |    0    |    0    |
|          |  lshr_ln42_280_cast_fu_1695  |    0    |    0    |    0    |
|          |     zext_ln73_84_fu_1709     |    0    |    0    |    0    |
|          |     zext_ln73_89_fu_1713     |    0    |    0    |    0    |
|          |     zext_ln73_91_fu_1726     |    0    |    0    |    0    |
|          |     zext_ln73_92_fu_1738     |    0    |    0    |    0    |
|          |     zext_ln42_27_fu_1786     |    0    |    0    |    0    |
|          |     zext_ln73_95_fu_1798     |    0    |    0    |    0    |
|          |     zext_ln73_96_fu_1830     |    0    |    0    |    0    |
|          |  lshr_ln42_294_cast_fu_1864  |    0    |    0    |    0    |
|          |     zext_ln42_28_fu_1878     |    0    |    0    |    0    |
|          |     zext_ln73_97_fu_1882     |    0    |    0    |    0    |
|          |     zext_ln73_98_fu_1886     |    0    |    0    |    0    |
|          |     zext_ln73_99_fu_1898     |    0    |    0    |    0    |
|          |     zext_ln73_100_fu_1930    |    0    |    0    |    0    |
|          |     zext_ln73_101_fu_1952    |    0    |    0    |    0    |
|          |     zext_ln42_29_fu_1986     |    0    |    0    |    0    |
|          |     zext_ln73_102_fu_2000    |    0    |    0    |    0    |
|          |     zext_ln73_103_fu_2012    |    0    |    0    |    0    |
|          |     zext_ln73_104_fu_2024    |    0    |    0    |    0    |
|          |  lshr_ln42_301_cast_fu_2058  |    0    |    0    |    0    |
|          |     zext_ln73_105_fu_2070    |    0    |    0    |    0    |
|          |     zext_ln73_106_fu_2074    |    0    |    0    |    0    |
|          |     zext_ln73_107_fu_2106    |    0    |    0    |    0    |
|          |     zext_ln73_108_fu_2118    |    0    |    0    |    0    |
|          |     zext_ln73_109_fu_2150    |    0    |    0    |    0    |
|          |     zext_ln73_110_fu_2162    |    0    |    0    |    0    |
|          |     zext_ln73_111_fu_2166    |    0    |    0    |    0    |
|          |     zext_ln73_126_fu_2186    |    0    |    0    |    0    |
|          |     zext_ln42_30_fu_2240     |    0    |    0    |    0    |
|          |     zext_ln42_22_fu_2254     |    0    |    0    |    0    |
|          |     zext_ln73_112_fu_2258    |    0    |    0    |    0    |
|          |     zext_ln73_113_fu_2270    |    0    |    0    |    0    |
|          |     zext_ln42_31_fu_2304     |    0    |    0    |    0    |
|          |     zext_ln42_32_fu_2318     |    0    |    0    |    0    |
|   zext   |     zext_ln73_114_fu_2322    |    0    |    0    |    0    |
|          |     zext_ln73_115_fu_2334    |    0    |    0    |    0    |
|          |     zext_ln73_116_fu_2346    |    0    |    0    |    0    |
|          |     zext_ln42_33_fu_2400     |    0    |    0    |    0    |
|          |     zext_ln73_117_fu_2414    |    0    |    0    |    0    |
|          |     zext_ln73_118_fu_2426    |    0    |    0    |    0    |
|          |     zext_ln73_119_fu_2458    |    0    |    0    |    0    |
|          |     zext_ln73_120_fu_2480    |    0    |    0    |    0    |
|          |     zext_ln73_121_fu_2512    |    0    |    0    |    0    |
|          |     zext_ln73_122_fu_2536    |    0    |    0    |    0    |
|          |     zext_ln73_127_fu_2551    |    0    |    0    |    0    |
|          |     zext_ln73_123_fu_2563    |    0    |    0    |    0    |
|          |     zext_ln73_124_fu_2575    |    0    |    0    |    0    |
|          |     zext_ln73_125_fu_2607    |    0    |    0    |    0    |
|          |       zext_ln58_fu_2787      |    0    |    0    |    0    |
|          |     zext_ln58_34_fu_2809     |    0    |    0    |    0    |
|          |     zext_ln58_35_fu_2819     |    0    |    0    |    0    |
|          |     zext_ln58_36_fu_2851     |    0    |    0    |    0    |
|          |     zext_ln58_37_fu_2885     |    0    |    0    |    0    |
|          |     zext_ln58_38_fu_2895     |    0    |    0    |    0    |
|          |     zext_ln58_39_fu_3019     |    0    |    0    |    0    |
|          |     zext_ln58_40_fu_3093     |    0    |    0    |    0    |
|          |     zext_ln58_41_fu_3103     |    0    |    0    |    0    |
|          |       zext_ln73_fu_3140      |    0    |    0    |    0    |
|          |     zext_ln73_79_fu_3171     |    0    |    0    |    0    |
|          |     zext_ln73_80_fu_3202     |    0    |    0    |    0    |
|          |     zext_ln73_81_fu_3233     |    0    |    0    |    0    |
|          |     zext_ln73_82_fu_3244     |    0    |    0    |    0    |
|          |     zext_ln73_83_fu_3248     |    0    |    0    |    0    |
|          |     zext_ln73_85_fu_3279     |    0    |    0    |    0    |
|          |     zext_ln73_86_fu_3283     |    0    |    0    |    0    |
|          |     zext_ln73_87_fu_3314     |    0    |    0    |    0    |
|          |     zext_ln42_25_fu_3354     |    0    |    0    |    0    |
|          |     zext_ln73_88_fu_3358     |    0    |    0    |    0    |
|          |     zext_ln73_90_fu_3362     |    0    |    0    |    0    |
|          |     zext_ln73_93_fu_3387     |    0    |    0    |    0    |
|          |     zext_ln73_94_fu_3398     |    0    |    0    |    0    |
|          |     zext_ln42_26_fu_3432     |    0    |    0    |    0    |
|----------|------------------------------|---------|---------|---------|
|          |     shl_ln73_166_fu_1718     |    0    |    0    |    0    |
|          |     shl_ln73_167_fu_1730     |    0    |    0    |    0    |
|          |     shl_ln73_170_fu_1790     |    0    |    0    |    0    |
|          |     shl_ln73_171_fu_1822     |    0    |    0    |    0    |
|          |     shl_ln73_172_fu_1890     |    0    |    0    |    0    |
|          |     shl_ln73_173_fu_1922     |    0    |    0    |    0    |
|          |     shl_ln73_174_fu_1944     |    0    |    0    |    0    |
|          |     shl_ln73_175_fu_2004     |    0    |    0    |    0    |
|          |     shl_ln73_176_fu_2016     |    0    |    0    |    0    |
|          |     shl_ln73_177_fu_2062     |    0    |    0    |    0    |
|          |     shl_ln73_178_fu_2098     |    0    |    0    |    0    |
|          |     shl_ln73_179_fu_2110     |    0    |    0    |    0    |
|          |     shl_ln73_180_fu_2142     |    0    |    0    |    0    |
|          |     shl_ln73_181_fu_2154     |    0    |    0    |    0    |
|          |     shl_ln73_182_fu_2262     |    0    |    0    |    0    |
|          |     shl_ln73_183_fu_2326     |    0    |    0    |    0    |
|          |     shl_ln73_184_fu_2338     |    0    |    0    |    0    |
|bitconcatenate|     shl_ln73_185_fu_2418     |    0    |    0    |    0    |
|          |     shl_ln73_186_fu_2450     |    0    |    0    |    0    |
|          |     shl_ln73_187_fu_2472     |    0    |    0    |    0    |
|          |     shl_ln73_188_fu_2504     |    0    |    0    |    0    |
|          |     shl_ln73_189_fu_2555     |    0    |    0    |    0    |
|          |     shl_ln73_190_fu_2567     |    0    |    0    |    0    |
|          |     shl_ln73_191_fu_2599     |    0    |    0    |    0    |
|          |     shl_ln73_192_fu_2631     |    0    |    0    |    0    |
|          |     shl_ln73_193_fu_2643     |    0    |    0    |    0    |
|          |     shl_ln73_194_fu_2733     |    0    |    0    |    0    |
|          |        shl_ln_fu_3133        |    0    |    0    |    0    |
|          |      shl_ln73_s_fu_3164      |    0    |    0    |    0    |
|          |     shl_ln73_161_fu_3195     |    0    |    0    |    0    |
|          |     shl_ln73_162_fu_3226     |    0    |    0    |    0    |
|          |     shl_ln73_163_fu_3237     |    0    |    0    |    0    |
|          |     shl_ln73_164_fu_3272     |    0    |    0    |    0    |
|          |     shl_ln73_165_fu_3307     |    0    |    0    |    0    |
|          |     shl_ln73_168_fu_3380     |    0    |    0    |    0    |
|          |     shl_ln73_169_fu_3391     |    0    |    0    |    0    |
|----------|------------------------------|---------|---------|---------|
|          |     sext_ln42_119_fu_1758    |    0    |    0    |    0    |
|          |     sext_ln42_120_fu_1772    |    0    |    0    |    0    |
|          |     sext_ln73_125_fu_1818    |    0    |    0    |    0    |
|          |  trunc_ln42_225_cast_fu_1850 |    0    |    0    |    0    |
|          |     sext_ln73_126_fu_1918    |    0    |    0    |    0    |
|          |       sext_ln73_fu_1940      |    0    |    0    |    0    |
|          |     sext_ln42_121_fu_1972    |    0    |    0    |    0    |
|          |  trunc_ln42_228_cast_fu_2044 |    0    |    0    |    0    |
|          |     sext_ln73_127_fu_2094    |    0    |    0    |    0    |
|          |     sext_ln73_128_fu_2138    |    0    |    0    |    0    |
|          |     sext_ln73_129_fu_2206    |    0    |    0    |    0    |
|          |     sext_ln42_122_fu_2226    |    0    |    0    |    0    |
|          |     sext_ln42_123_fu_2290    |    0    |    0    |    0    |
|          |     sext_ln42_124_fu_2366    |    0    |    0    |    0    |
|          |     sext_ln42_125_fu_2386    |    0    |    0    |    0    |
|          |     sext_ln73_130_fu_2446    |    0    |    0    |    0    |
|          |     sext_ln73_94_fu_2468     |    0    |    0    |    0    |
|          |     sext_ln73_131_fu_2500    |    0    |    0    |    0    |
|          |     sext_ln73_132_fu_2532    |    0    |    0    |    0    |
|          |     sext_ln42_126_fu_2595    |    0    |    0    |    0    |
|          |     sext_ln73_133_fu_2627    |    0    |    0    |    0    |
|          |     sext_ln73_95_fu_2639     |    0    |    0    |    0    |
|          |     sext_ln73_96_fu_2651     |    0    |    0    |    0    |
|          |     sext_ln73_97_fu_2655     |    0    |    0    |    0    |
|          |     sext_ln42_127_fu_2675    |    0    |    0    |    0    |
|          |     sext_ln73_98_fu_2689     |    0    |    0    |    0    |
|          |     sext_ln42_128_fu_2709    |    0    |    0    |    0    |
|          |     sext_ln73_134_fu_2729    |    0    |    0    |    0    |
|   sext   |     sext_ln73_99_fu_2741     |    0    |    0    |    0    |
|          |     sext_ln58_113_fu_2761    |    0    |    0    |    0    |
|          |     sext_ln58_114_fu_2771    |    0    |    0    |    0    |
|          |     sext_ln58_115_fu_2835    |    0    |    0    |    0    |
|          |       sext_ln58_fu_2905      |    0    |    0    |    0    |
|          |     sext_ln58_119_fu_2933    |    0    |    0    |    0    |
|          |     sext_ln58_34_fu_2955     |    0    |    0    |    0    |
|          |     sext_ln58_120_fu_2977    |    0    |    0    |    0    |
|          |     sext_ln58_121_fu_2987    |    0    |    0    |    0    |
|          |     sext_ln58_122_fu_3009    |    0    |    0    |    0    |
|          |     sext_ln58_35_fu_3029     |    0    |    0    |    0    |
|          |     sext_ln58_36_fu_3039     |    0    |    0    |    0    |
|          |     sext_ln58_124_fu_3061    |    0    |    0    |    0    |
|          |     sext_ln58_125_fu_3071    |    0    |    0    |    0    |
|          |     sext_ln58_37_fu_3113     |    0    |    0    |    0    |
|          |     sext_ln58_38_fu_3123     |    0    |    0    |    0    |
|          |       sext_ln42_fu_3160      |    0    |    0    |    0    |
|          |     sext_ln73_122_fu_3191    |    0    |    0    |    0    |
|          |     sext_ln42_115_fu_3222    |    0    |    0    |    0    |
|          |     sext_ln42_116_fu_3268    |    0    |    0    |    0    |
|          |     sext_ln73_123_fu_3303    |    0    |    0    |    0    |
|          |     sext_ln42_117_fu_3334    |    0    |    0    |    0    |
|          |     sext_ln42_118_fu_3376    |    0    |    0    |    0    |
|          |     sext_ln73_124_fu_3418    |    0    |    0    |    0    |
|          |     sext_ln58_116_fu_3464    |    0    |    0    |    0    |
|          |     sext_ln58_117_fu_3474    |    0    |    0    |    0    |
|          |     sext_ln58_118_fu_3478    |    0    |    0    |    0    |
|          |     sext_ln58_123_fu_3514    |    0    |    0    |    0    |
|          |     sext_ln58_39_fu_3528     |    0    |    0    |    0    |
|----------|------------------------------|---------|---------|---------|
|          |          mrv_fu_3537         |    0    |    0    |    0    |
|          |         mrv_1_fu_3543        |    0    |    0    |    0    |
|insertvalue|         mrv_2_fu_3548        |    0    |    0    |    0    |
|          |         mrv_3_fu_3554        |    0    |    0    |    0    |
|          |         mrv_4_fu_3560        |    0    |    0    |    0    |
|----------|------------------------------|---------|---------|---------|
|   Total  |                              |    4    |    0    |   2073  |
|----------|------------------------------|---------|---------|---------|

Memories:
N/A

* Register list:
+------------------------+--------+
|                        |   FF   |
+------------------------+--------+
|  add_ln58_549_reg_3589 |   16   |
|  add_ln58_556_reg_3594 |   16   |
|  add_ln58_568_reg_3599 |   16   |
|  add_ln58_572_reg_3604 |   15   |
|  add_ln58_579_reg_3609 |   16   |
|  add_ln58_585_reg_3614 |   16   |
|  add_ln58_592_reg_3619 |   16   |
|  add_ln58_594_reg_3624 |   15   |
|  add_ln58_598_reg_3629 |   16   |
|  add_ln58_605_reg_3634 |   15   |
|data_2_val_read_reg_3582|   13   |
|data_3_val_read_reg_3574|   15   |
|data_4_val_read_reg_3566|   15   |
+------------------------+--------+
|          Total         |   200  |
+------------------------+--------+

* Multiplexer (MUX) list: 
|--------|------|------|------|--------|
|  Comp  |  Pin | Size |  BW  | S x BW |
|--------|------|------|------|--------|
|  Total |      |      |      |    0   |
|--------|------|------|------|--------|



* Summary:
+-----------+--------+--------+--------+
|           |   DSP  |   FF   |   LUT  |
+-----------+--------+--------+--------+
|  Function |    4   |    0   |  2073  |
|   Memory  |    -   |    -   |    -   |
|Multiplexer|    -   |    -   |    -   |
|  Register |    -   |   200  |    -   |
+-----------+--------+--------+--------+
|   Total   |    4   |   200  |  2073  |
+-----------+--------+--------+--------+
