

================================================================
== Vitis HLS Report for 'dense_latency_ap_fixed_16_6_5_3_0_ap_fixed_16_6_5_3_0_config13_s'
================================================================
* Date:           Fri Oct 17 12:08:05 2025

* Version:        2023.2 (Build 4023990 on Oct 11 2023)
* Project:        myproject_prj
* Solution:       solution1 (Vivado IP Flow Target)
* Product family: virtexuplus
* Target device:  xcu250-figd2104-2L-e


================================================================
== Performance Estimates
================================================================
+ Timing: 
    * Summary: 
    +--------+---------+----------+------------+
    |  Clock |  Target | Estimated| Uncertainty|
    +--------+---------+----------+------------+
    |ap_clk  |  5.00 ns|  3.149 ns|     1.35 ns|
    +--------+---------+----------+------------+

+ Latency: 
    * Summary: 
    +---------+---------+----------+----------+-----+-----+---------+
    |  Latency (cycles) |  Latency (absolute) |  Interval | Pipeline|
    |   min   |   max   |    min   |    max   | min | max |   Type  |
    +---------+---------+----------+----------+-----+-----+---------+
    |        1|        1|  5.000 ns|  5.000 ns|    1|    1|      yes|
    +---------+---------+----------+----------+-----+-----+---------+

    + Detail: 
        * Instance: 
        N/A

        * Loop: 
        N/A

============================================================
+ Verbose Summary: Synthesis Manager
============================================================
InlineROM: 1
ExposeGlobal: 0
============================================================
+ Verbose Summary: CDFG Model
============================================================
IsTopModel: 0
ResetActiveHigh: 1
IsCombinational: 0
IsDatapathOnly: 0
HasWiredReturn: 1
HasMFsm: 2
HasVarLatency: 0
IsPipeline: 1
IsRtlPipelined: 1
IsInstanceOverlapped: 0
IsDontTouch: 0
HasImplIP: 0
IsGatedGlobalClock: 0

+ Individual pipeline summary: 
  * Pipeline-0: initiation interval (II) = 1, depth = 2


============================================================
+ Verbose Summary: Schedule
============================================================
* Number of FSM states : 2
* Pipeline : 1
  Pipeline-0 : II = 1, D = 2, States = { 1 2 }
* Dataflow Pipeline: 0

* FSM state transitions: 
1 --> 2 
2 --> 

* FSM state operations: 

State 1 <SV = 0> <Delay = 3.14>
ST_1 : Operation 3 [1/1] (0.00ns)   --->   "%data_31_val_read = read i15 @_ssdm_op_Read.ap_auto.i15, i15 %data_31_val"   --->   Operation 3 'read' 'data_31_val_read' <Predicate = true> <Delay = 0.00>
ST_1 : Operation 4 [1/1] (0.00ns)   --->   "%data_26_val_read = read i15 @_ssdm_op_Read.ap_auto.i15, i15 %data_26_val"   --->   Operation 4 'read' 'data_26_val_read' <Predicate = true> <Delay = 0.00>
ST_1 : Operation 5 [1/1] (0.00ns)   --->   "%data_21_val_read = read i16 @_ssdm_op_Read.ap_auto.i16, i16 %data_21_val"   --->   Operation 5 'read' 'data_21_val_read' <Predicate = true> <Delay = 0.00>
ST_1 : Operation 6 [1/1] (0.00ns)   --->   "%data_20_val_read = read i15 @_ssdm_op_Read.ap_auto.i15, i15 %data_20_val"   --->   Operation 6 'read' 'data_20_val_read' <Predicate = true> <Delay = 0.00>
ST_1 : Operation 7 [1/1] (0.00ns)   --->   "%data_19_val_read = read i14 @_ssdm_op_Read.ap_auto.i14, i14 %data_19_val"   --->   Operation 7 'read' 'data_19_val_read' <Predicate = true> <Delay = 0.00>
ST_1 : Operation 8 [1/1] (0.00ns)   --->   "%data_13_val_read = read i16 @_ssdm_op_Read.ap_auto.i16, i16 %data_13_val"   --->   Operation 8 'read' 'data_13_val_read' <Predicate = true> <Delay = 0.00>
ST_1 : Operation 9 [1/1] (0.00ns)   --->   "%data_11_val_read = read i16 @_ssdm_op_Read.ap_auto.i16, i16 %data_11_val"   --->   Operation 9 'read' 'data_11_val_read' <Predicate = true> <Delay = 0.00>
ST_1 : Operation 10 [1/1] (0.00ns)   --->   "%data_8_val_read = read i16 @_ssdm_op_Read.ap_auto.i16, i16 %data_8_val"   --->   Operation 10 'read' 'data_8_val_read' <Predicate = true> <Delay = 0.00>
ST_1 : Operation 11 [1/1] (0.00ns)   --->   "%data_7_val_read = read i14 @_ssdm_op_Read.ap_auto.i14, i14 %data_7_val"   --->   Operation 11 'read' 'data_7_val_read' <Predicate = true> <Delay = 0.00>
ST_1 : Operation 12 [1/1] (0.00ns)   --->   "%data_6_val_read = read i16 @_ssdm_op_Read.ap_auto.i16, i16 %data_6_val"   --->   Operation 12 'read' 'data_6_val_read' <Predicate = true> <Delay = 0.00>
ST_1 : Operation 13 [1/1] (0.00ns)   --->   "%data_5_val_read = read i16 @_ssdm_op_Read.ap_auto.i16, i16 %data_5_val"   --->   Operation 13 'read' 'data_5_val_read' <Predicate = true> <Delay = 0.00>
ST_1 : Operation 14 [1/1] (0.00ns)   --->   "%data_4_val_read = read i14 @_ssdm_op_Read.ap_auto.i14, i14 %data_4_val"   --->   Operation 14 'read' 'data_4_val_read' <Predicate = true> <Delay = 0.00>
ST_1 : Operation 15 [1/1] (0.00ns)   --->   "%data_2_val_read = read i14 @_ssdm_op_Read.ap_auto.i14, i14 %data_2_val"   --->   Operation 15 'read' 'data_2_val_read' <Predicate = true> <Delay = 0.00>
ST_1 : Operation 16 [1/1] (0.00ns)   --->   "%data_1_val_read = read i16 @_ssdm_op_Read.ap_auto.i16, i16 %data_1_val"   --->   Operation 16 'read' 'data_1_val_read' <Predicate = true> <Delay = 0.00>
ST_1 : Operation 17 [1/1] (0.00ns)   --->   "%data_20_val_cast54 = zext i15 %data_20_val_read"   --->   Operation 17 'zext' 'data_20_val_cast54' <Predicate = true> <Delay = 0.00>
ST_1 : Operation 18 [1/1] (0.00ns)   --->   "%mult = partselect i14 @_ssdm_op_PartSelect.i14.i16.i32.i32, i16 %data_1_val_read, i32 2, i32 15" [firmware/nnet_utils/nnet_dense_latency.h:42]   --->   Operation 18 'partselect' 'mult' <Predicate = true> <Delay = 0.00>
ST_1 : Operation 19 [1/1] (0.00ns)   --->   "%sext_ln17 = sext i14 %mult" [firmware/nnet_utils/nnet_dense_latency.h:17]   --->   Operation 19 'sext' 'sext_ln17' <Predicate = true> <Delay = 0.00>
ST_1 : Operation 20 [1/1] (0.00ns)   --->   "%shl_ln = bitconcatenate i24 @_ssdm_op_BitConcatenate.i24.i16.i8, i16 %data_1_val_read, i8 0" [firmware/nnet_utils/nnet_mult.h:73->firmware/nnet_utils/nnet_dense_latency.h:42]   --->   Operation 20 'bitconcatenate' 'shl_ln' <Predicate = true> <Delay = 0.00>
ST_1 : Operation 21 [1/1] (0.00ns)   --->   "%sext_ln73 = sext i24 %shl_ln" [firmware/nnet_utils/nnet_mult.h:73->firmware/nnet_utils/nnet_dense_latency.h:42]   --->   Operation 21 'sext' 'sext_ln73' <Predicate = true> <Delay = 0.00>
ST_1 : Operation 22 [1/1] (0.00ns)   --->   "%shl_ln73_s = bitconcatenate i22 @_ssdm_op_BitConcatenate.i22.i16.i6, i16 %data_1_val_read, i6 0" [firmware/nnet_utils/nnet_mult.h:73->firmware/nnet_utils/nnet_dense_latency.h:42]   --->   Operation 22 'bitconcatenate' 'shl_ln73_s' <Predicate = true> <Delay = 0.00>
ST_1 : Operation 23 [1/1] (0.00ns)   --->   "%sext_ln73_100 = sext i22 %shl_ln73_s" [firmware/nnet_utils/nnet_mult.h:73->firmware/nnet_utils/nnet_dense_latency.h:42]   --->   Operation 23 'sext' 'sext_ln73_100' <Predicate = true> <Delay = 0.00>
ST_1 : Operation 24 [1/1] (0.83ns)   --->   "%add_ln73 = add i25 %sext_ln73, i25 %sext_ln73_100" [firmware/nnet_utils/nnet_mult.h:73->firmware/nnet_utils/nnet_dense_latency.h:42]   --->   Operation 24 'add' 'add_ln73' <Predicate = true> <Delay = 0.83> <CoreInst = "Adder">   --->   Core 1 'Adder' <Latency = 0> <II = 1> <Delay = 0.83> <FuncUnit> <Opcode : 'add' 'sub'> <InPorts = 2> <OutPorts = 1>
ST_1 : Operation 25 [1/1] (0.00ns)   --->   "%mult_245 = partselect i15 @_ssdm_op_PartSelect.i15.i25.i32.i32, i25 %add_ln73, i32 10, i32 24" [firmware/nnet_utils/nnet_dense_latency.h:42]   --->   Operation 25 'partselect' 'mult_245' <Predicate = true> <Delay = 0.00>
ST_1 : Operation 26 [1/1] (0.00ns)   --->   "%sext_ln42 = sext i15 %mult_245" [firmware/nnet_utils/nnet_dense_latency.h:42]   --->   Operation 26 'sext' 'sext_ln42' <Predicate = true> <Delay = 0.00>
ST_1 : Operation 27 [1/1] (0.83ns)   --->   "%sub_ln73 = sub i25 0, i25 %sext_ln73" [firmware/nnet_utils/nnet_mult.h:73->firmware/nnet_utils/nnet_dense_latency.h:42]   --->   Operation 27 'sub' 'sub_ln73' <Predicate = true> <Delay = 0.83> <CoreInst = "Adder">   --->   Core 1 'Adder' <Latency = 0> <II = 1> <Delay = 0.83> <FuncUnit> <Opcode : 'add' 'sub'> <InPorts = 2> <OutPorts = 1>
ST_1 : Operation 28 [1/1] (0.00ns)   --->   "%mult_246 = partselect i15 @_ssdm_op_PartSelect.i15.i25.i32.i32, i25 %sub_ln73, i32 10, i32 24" [firmware/nnet_utils/nnet_dense_latency.h:42]   --->   Operation 28 'partselect' 'mult_246' <Predicate = true> <Delay = 0.00>
ST_1 : Operation 29 [1/1] (0.00ns)   --->   "%sext_ln42_129 = sext i15 %mult_246" [firmware/nnet_utils/nnet_dense_latency.h:42]   --->   Operation 29 'sext' 'sext_ln42_129' <Predicate = true> <Delay = 0.00>
ST_1 : Operation 30 [1/1] (0.00ns)   --->   "%shl_ln73_195 = bitconcatenate i23 @_ssdm_op_BitConcatenate.i23.i16.i7, i16 %data_1_val_read, i7 0" [firmware/nnet_utils/nnet_mult.h:73->firmware/nnet_utils/nnet_dense_latency.h:42]   --->   Operation 30 'bitconcatenate' 'shl_ln73_195' <Predicate = true> <Delay = 0.00>
ST_1 : Operation 31 [1/1] (0.00ns)   --->   "%sext_ln73_101 = sext i23 %shl_ln73_195" [firmware/nnet_utils/nnet_mult.h:73->firmware/nnet_utils/nnet_dense_latency.h:42]   --->   Operation 31 'sext' 'sext_ln73_101' <Predicate = true> <Delay = 0.00>
ST_1 : Operation 32 [1/1] (0.82ns)   --->   "%sub_ln73_210 = sub i24 0, i24 %sext_ln73_101" [firmware/nnet_utils/nnet_mult.h:73->firmware/nnet_utils/nnet_dense_latency.h:42]   --->   Operation 32 'sub' 'sub_ln73_210' <Predicate = true> <Delay = 0.82> <CoreInst = "Adder">   --->   Core 1 'Adder' <Latency = 0> <II = 1> <Delay = 0.82> <FuncUnit> <Opcode : 'add' 'sub'> <InPorts = 2> <OutPorts = 1>
ST_1 : Operation 33 [1/1] (0.00ns)   --->   "%mult_247 = partselect i14 @_ssdm_op_PartSelect.i14.i24.i32.i32, i24 %sub_ln73_210, i32 10, i32 23" [firmware/nnet_utils/nnet_dense_latency.h:42]   --->   Operation 33 'partselect' 'mult_247' <Predicate = true> <Delay = 0.00>
ST_1 : Operation 34 [1/1] (0.00ns)   --->   "%sext_ln42_130 = sext i14 %mult_247" [firmware/nnet_utils/nnet_dense_latency.h:42]   --->   Operation 34 'sext' 'sext_ln42_130' <Predicate = true> <Delay = 0.00>
ST_1 : Operation 35 [1/1] (0.00ns)   --->   "%shl_ln73_196 = bitconcatenate i23 @_ssdm_op_BitConcatenate.i23.i14.i9, i14 %data_2_val_read, i9 0" [firmware/nnet_utils/nnet_mult.h:73->firmware/nnet_utils/nnet_dense_latency.h:42]   --->   Operation 35 'bitconcatenate' 'shl_ln73_196' <Predicate = true> <Delay = 0.00>
ST_1 : Operation 36 [1/1] (0.00ns)   --->   "%zext_ln73 = zext i23 %shl_ln73_196" [firmware/nnet_utils/nnet_mult.h:73->firmware/nnet_utils/nnet_dense_latency.h:42]   --->   Operation 36 'zext' 'zext_ln73' <Predicate = true> <Delay = 0.00>
ST_1 : Operation 37 [1/1] (0.82ns)   --->   "%sub_ln73_211 = sub i24 0, i24 %zext_ln73" [firmware/nnet_utils/nnet_mult.h:73->firmware/nnet_utils/nnet_dense_latency.h:42]   --->   Operation 37 'sub' 'sub_ln73_211' <Predicate = true> <Delay = 0.82> <CoreInst = "Adder">   --->   Core 1 'Adder' <Latency = 0> <II = 1> <Delay = 0.82> <FuncUnit> <Opcode : 'add' 'sub'> <InPorts = 2> <OutPorts = 1>
ST_1 : Operation 38 [1/1] (0.00ns)   --->   "%mult_248 = partselect i14 @_ssdm_op_PartSelect.i14.i24.i32.i32, i24 %sub_ln73_211, i32 10, i32 23" [firmware/nnet_utils/nnet_dense_latency.h:42]   --->   Operation 38 'partselect' 'mult_248' <Predicate = true> <Delay = 0.00>
ST_1 : Operation 39 [1/1] (0.00ns)   --->   "%sext_ln42_131 = sext i14 %mult_248" [firmware/nnet_utils/nnet_dense_latency.h:42]   --->   Operation 39 'sext' 'sext_ln42_131' <Predicate = true> <Delay = 0.00>
ST_1 : Operation 40 [1/1] (0.00ns)   --->   "%shl_ln73_197 = bitconcatenate i22 @_ssdm_op_BitConcatenate.i22.i14.i8, i14 %data_2_val_read, i8 0" [firmware/nnet_utils/nnet_mult.h:73->firmware/nnet_utils/nnet_dense_latency.h:42]   --->   Operation 40 'bitconcatenate' 'shl_ln73_197' <Predicate = true> <Delay = 0.00>
ST_1 : Operation 41 [1/1] (0.00ns)   --->   "%zext_ln73_126 = zext i22 %shl_ln73_197" [firmware/nnet_utils/nnet_mult.h:73->firmware/nnet_utils/nnet_dense_latency.h:42]   --->   Operation 41 'zext' 'zext_ln73_126' <Predicate = true> <Delay = 0.00>
ST_1 : Operation 42 [1/1] (0.00ns)   --->   "%shl_ln73_198 = bitconcatenate i20 @_ssdm_op_BitConcatenate.i20.i14.i6, i14 %data_2_val_read, i6 0" [firmware/nnet_utils/nnet_mult.h:73->firmware/nnet_utils/nnet_dense_latency.h:42]   --->   Operation 42 'bitconcatenate' 'shl_ln73_198' <Predicate = true> <Delay = 0.00>
ST_1 : Operation 43 [1/1] (0.00ns)   --->   "%zext_ln73_127 = zext i20 %shl_ln73_198" [firmware/nnet_utils/nnet_mult.h:73->firmware/nnet_utils/nnet_dense_latency.h:42]   --->   Operation 43 'zext' 'zext_ln73_127' <Predicate = true> <Delay = 0.00>
ST_1 : Operation 44 [1/1] (0.82ns)   --->   "%add_ln73_13 = add i23 %zext_ln73_126, i23 %zext_ln73_127" [firmware/nnet_utils/nnet_mult.h:73->firmware/nnet_utils/nnet_dense_latency.h:42]   --->   Operation 44 'add' 'add_ln73_13' <Predicate = true> <Delay = 0.82> <CoreInst = "Adder">   --->   Core 1 'Adder' <Latency = 0> <II = 1> <Delay = 0.82> <FuncUnit> <Opcode : 'add' 'sub'> <InPorts = 2> <OutPorts = 1>
ST_1 : Operation 45 [1/1] (0.00ns)   --->   "%tmp = partselect i13 @_ssdm_op_PartSelect.i13.i23.i32.i32, i23 %add_ln73_13, i32 10, i32 22" [firmware/nnet_utils/nnet_dense_latency.h:42]   --->   Operation 45 'partselect' 'tmp' <Predicate = true> <Delay = 0.00>
ST_1 : Operation 46 [1/1] (0.00ns)   --->   "%zext_ln42 = zext i13 %tmp" [firmware/nnet_utils/nnet_dense_latency.h:42]   --->   Operation 46 'zext' 'zext_ln42' <Predicate = true> <Delay = 0.00>
ST_1 : Operation 47 [1/1] (0.00ns)   --->   "%tmp_s = partselect i10 @_ssdm_op_PartSelect.i10.i14.i32.i32, i14 %data_2_val_read, i32 4, i32 13" [firmware/nnet_utils/nnet_dense_latency.h:17]   --->   Operation 47 'partselect' 'tmp_s' <Predicate = true> <Delay = 0.00>
ST_1 : Operation 48 [1/1] (0.00ns)   --->   "%zext_ln17_23 = zext i10 %tmp_s" [firmware/nnet_utils/nnet_dense_latency.h:17]   --->   Operation 48 'zext' 'zext_ln17_23' <Predicate = true> <Delay = 0.00>
ST_1 : Operation 49 [1/1] (0.00ns)   --->   "%shl_ln73_199 = bitconcatenate i21 @_ssdm_op_BitConcatenate.i21.i14.i7, i14 %data_2_val_read, i7 0" [firmware/nnet_utils/nnet_mult.h:73->firmware/nnet_utils/nnet_dense_latency.h:42]   --->   Operation 49 'bitconcatenate' 'shl_ln73_199' <Predicate = true> <Delay = 0.00>
ST_1 : Operation 50 [1/1] (0.00ns)   --->   "%zext_ln73_128 = zext i21 %shl_ln73_199" [firmware/nnet_utils/nnet_mult.h:73->firmware/nnet_utils/nnet_dense_latency.h:42]   --->   Operation 50 'zext' 'zext_ln73_128' <Predicate = true> <Delay = 0.00>
ST_1 : Operation 51 [1/1] (0.82ns)   --->   "%sub_ln73_212 = sub i24 %zext_ln73, i24 %zext_ln73_128" [firmware/nnet_utils/nnet_mult.h:73->firmware/nnet_utils/nnet_dense_latency.h:42]   --->   Operation 51 'sub' 'sub_ln73_212' <Predicate = true> <Delay = 0.82> <CoreInst = "Adder">   --->   Core 1 'Adder' <Latency = 0> <II = 1> <Delay = 0.82> <FuncUnit> <Opcode : 'add' 'sub'> <InPorts = 2> <OutPorts = 1>
ST_1 : Operation 52 [1/1] (0.00ns)   --->   "%mult_249 = partselect i14 @_ssdm_op_PartSelect.i14.i24.i32.i32, i24 %sub_ln73_212, i32 10, i32 23" [firmware/nnet_utils/nnet_dense_latency.h:42]   --->   Operation 52 'partselect' 'mult_249' <Predicate = true> <Delay = 0.00>
ST_1 : Operation 53 [1/1] (0.00ns)   --->   "%sext_ln42_132 = sext i14 %mult_249" [firmware/nnet_utils/nnet_dense_latency.h:42]   --->   Operation 53 'sext' 'sext_ln42_132' <Predicate = true> <Delay = 0.00>
ST_1 : Operation 54 [1/1] (0.00ns)   --->   "%tmp_84 = partselect i12 @_ssdm_op_PartSelect.i12.i14.i32.i32, i14 %data_2_val_read, i32 2, i32 13" [firmware/nnet_utils/nnet_dense_latency.h:17]   --->   Operation 54 'partselect' 'tmp_84' <Predicate = true> <Delay = 0.00>
ST_1 : Operation 55 [1/1] (0.00ns)   --->   "%zext_ln17_25 = zext i12 %tmp_84" [firmware/nnet_utils/nnet_dense_latency.h:17]   --->   Operation 55 'zext' 'zext_ln17_25' <Predicate = true> <Delay = 0.00>
ST_1 : Operation 56 [1/1] (0.00ns)   --->   "%shl_ln73_200 = bitconcatenate i24 @_ssdm_op_BitConcatenate.i24.i14.i10, i14 %data_2_val_read, i10 0" [firmware/nnet_utils/nnet_mult.h:73->firmware/nnet_utils/nnet_dense_latency.h:42]   --->   Operation 56 'bitconcatenate' 'shl_ln73_200' <Predicate = true> <Delay = 0.00>
ST_1 : Operation 57 [1/1] (0.00ns)   --->   "%zext_ln73_129 = zext i24 %shl_ln73_200" [firmware/nnet_utils/nnet_mult.h:73->firmware/nnet_utils/nnet_dense_latency.h:42]   --->   Operation 57 'zext' 'zext_ln73_129' <Predicate = true> <Delay = 0.00>
ST_1 : Operation 58 [1/1] (0.83ns)   --->   "%sub_ln73_213 = sub i25 0, i25 %zext_ln73_129" [firmware/nnet_utils/nnet_mult.h:73->firmware/nnet_utils/nnet_dense_latency.h:42]   --->   Operation 58 'sub' 'sub_ln73_213' <Predicate = true> <Delay = 0.83> <CoreInst = "Adder">   --->   Core 1 'Adder' <Latency = 0> <II = 1> <Delay = 0.83> <FuncUnit> <Opcode : 'add' 'sub'> <InPorts = 2> <OutPorts = 1>
ST_1 : Operation 59 [1/1] (0.00ns)   --->   "%mult_250 = partselect i15 @_ssdm_op_PartSelect.i15.i25.i32.i32, i25 %sub_ln73_213, i32 10, i32 24" [firmware/nnet_utils/nnet_dense_latency.h:42]   --->   Operation 59 'partselect' 'mult_250' <Predicate = true> <Delay = 0.00>
ST_1 : Operation 60 [1/1] (0.00ns)   --->   "%sext_ln42_133 = sext i15 %mult_250" [firmware/nnet_utils/nnet_dense_latency.h:42]   --->   Operation 60 'sext' 'sext_ln42_133' <Predicate = true> <Delay = 0.00>
ST_1 : Operation 61 [1/1] (0.82ns)   --->   "%sub_ln73_214 = sub i23 %zext_ln73_126, i23 %zext_ln73_127" [firmware/nnet_utils/nnet_mult.h:73->firmware/nnet_utils/nnet_dense_latency.h:42]   --->   Operation 61 'sub' 'sub_ln73_214' <Predicate = true> <Delay = 0.82> <CoreInst = "Adder">   --->   Core 1 'Adder' <Latency = 0> <II = 1> <Delay = 0.82> <FuncUnit> <Opcode : 'add' 'sub'> <InPorts = 2> <OutPorts = 1>
ST_1 : Operation 62 [1/1] (0.00ns)   --->   "%mult_251 = partselect i13 @_ssdm_op_PartSelect.i13.i23.i32.i32, i23 %sub_ln73_214, i32 10, i32 22" [firmware/nnet_utils/nnet_dense_latency.h:42]   --->   Operation 62 'partselect' 'mult_251' <Predicate = true> <Delay = 0.00>
ST_1 : Operation 63 [1/1] (0.00ns)   --->   "%sext_ln17_67 = sext i13 %mult_251" [firmware/nnet_utils/nnet_dense_latency.h:17]   --->   Operation 63 'sext' 'sext_ln17_67' <Predicate = true> <Delay = 0.00>
ST_1 : Operation 64 [1/1] (0.00ns)   --->   "%shl_ln73_201 = bitconcatenate i25 @_ssdm_op_BitConcatenate.i25.i14.i11, i14 %data_2_val_read, i11 0" [firmware/nnet_utils/nnet_mult.h:73->firmware/nnet_utils/nnet_dense_latency.h:42]   --->   Operation 64 'bitconcatenate' 'shl_ln73_201' <Predicate = true> <Delay = 0.00>
ST_1 : Operation 65 [1/1] (0.00ns)   --->   "%zext_ln73_130 = zext i25 %shl_ln73_201" [firmware/nnet_utils/nnet_mult.h:73->firmware/nnet_utils/nnet_dense_latency.h:42]   --->   Operation 65 'zext' 'zext_ln73_130' <Predicate = true> <Delay = 0.00>
ST_1 : Operation 66 [1/1] (0.83ns)   --->   "%sub_ln73_215 = sub i26 0, i26 %zext_ln73_130" [firmware/nnet_utils/nnet_mult.h:73->firmware/nnet_utils/nnet_dense_latency.h:42]   --->   Operation 66 'sub' 'sub_ln73_215' <Predicate = true> <Delay = 0.83> <CoreInst = "Adder">   --->   Core 1 'Adder' <Latency = 0> <II = 1> <Delay = 0.83> <FuncUnit> <Opcode : 'add' 'sub'> <InPorts = 2> <OutPorts = 1>
ST_1 : Operation 67 [1/1] (0.00ns)   --->   "%mult_64 = partselect i16 @_ssdm_op_PartSelect.i16.i26.i32.i32, i26 %sub_ln73_215, i32 10, i32 25" [firmware/nnet_utils/nnet_dense_latency.h:42]   --->   Operation 67 'partselect' 'mult_64' <Predicate = true> <Delay = 0.00>
ST_1 : Operation 68 [1/1] (0.00ns)   --->   "%tmp_85 = partselect i12 @_ssdm_op_PartSelect.i12.i14.i32.i32, i14 %data_4_val_read, i32 2, i32 13" [firmware/nnet_utils/nnet_dense_latency.h:17]   --->   Operation 68 'partselect' 'tmp_85' <Predicate = true> <Delay = 0.00>
ST_1 : Operation 69 [1/1] (0.00ns)   --->   "%zext_ln17_26 = zext i12 %tmp_85" [firmware/nnet_utils/nnet_dense_latency.h:17]   --->   Operation 69 'zext' 'zext_ln17_26' <Predicate = true> <Delay = 0.00>
ST_1 : Operation 70 [1/1] (0.00ns)   --->   "%shl_ln73_202 = bitconcatenate i24 @_ssdm_op_BitConcatenate.i24.i14.i10, i14 %data_4_val_read, i10 0" [firmware/nnet_utils/nnet_mult.h:73->firmware/nnet_utils/nnet_dense_latency.h:42]   --->   Operation 70 'bitconcatenate' 'shl_ln73_202' <Predicate = true> <Delay = 0.00>
ST_1 : Operation 71 [1/1] (0.00ns)   --->   "%zext_ln73_131 = zext i24 %shl_ln73_202" [firmware/nnet_utils/nnet_mult.h:73->firmware/nnet_utils/nnet_dense_latency.h:42]   --->   Operation 71 'zext' 'zext_ln73_131' <Predicate = true> <Delay = 0.00>
ST_1 : Operation 72 [1/1] (0.00ns)   --->   "%shl_ln73_203 = bitconcatenate i22 @_ssdm_op_BitConcatenate.i22.i14.i8, i14 %data_4_val_read, i8 0" [firmware/nnet_utils/nnet_mult.h:73->firmware/nnet_utils/nnet_dense_latency.h:42]   --->   Operation 72 'bitconcatenate' 'shl_ln73_203' <Predicate = true> <Delay = 0.00>
ST_1 : Operation 73 [1/1] (0.00ns)   --->   "%zext_ln73_132 = zext i22 %shl_ln73_203" [firmware/nnet_utils/nnet_mult.h:73->firmware/nnet_utils/nnet_dense_latency.h:42]   --->   Operation 73 'zext' 'zext_ln73_132' <Predicate = true> <Delay = 0.00>
ST_1 : Operation 74 [1/1] (0.00ns)   --->   "%zext_ln73_133 = zext i22 %shl_ln73_203" [firmware/nnet_utils/nnet_mult.h:73->firmware/nnet_utils/nnet_dense_latency.h:42]   --->   Operation 74 'zext' 'zext_ln73_133' <Predicate = true> <Delay = 0.00>
ST_1 : Operation 75 [1/1] (0.83ns)   --->   "%sub_ln73_216 = sub i25 %zext_ln73_133, i25 %zext_ln73_131" [firmware/nnet_utils/nnet_mult.h:73->firmware/nnet_utils/nnet_dense_latency.h:42]   --->   Operation 75 'sub' 'sub_ln73_216' <Predicate = true> <Delay = 0.83> <CoreInst = "Adder">   --->   Core 1 'Adder' <Latency = 0> <II = 1> <Delay = 0.83> <FuncUnit> <Opcode : 'add' 'sub'> <InPorts = 2> <OutPorts = 1>
ST_1 : Operation 76 [1/1] (0.00ns)   --->   "%mult_252 = partselect i15 @_ssdm_op_PartSelect.i15.i25.i32.i32, i25 %sub_ln73_216, i32 10, i32 24" [firmware/nnet_utils/nnet_dense_latency.h:42]   --->   Operation 76 'partselect' 'mult_252' <Predicate = true> <Delay = 0.00>
ST_1 : Operation 77 [1/1] (0.00ns)   --->   "%sext_ln42_134 = sext i15 %mult_252" [firmware/nnet_utils/nnet_dense_latency.h:42]   --->   Operation 77 'sext' 'sext_ln42_134' <Predicate = true> <Delay = 0.00>
ST_1 : Operation 78 [1/1] (0.00ns)   --->   "%shl_ln73_204 = bitconcatenate i20 @_ssdm_op_BitConcatenate.i20.i14.i6, i14 %data_4_val_read, i6 0" [firmware/nnet_utils/nnet_mult.h:73->firmware/nnet_utils/nnet_dense_latency.h:42]   --->   Operation 78 'bitconcatenate' 'shl_ln73_204' <Predicate = true> <Delay = 0.00>
ST_1 : Operation 79 [1/1] (0.00ns)   --->   "%zext_ln73_134 = zext i20 %shl_ln73_204" [firmware/nnet_utils/nnet_mult.h:73->firmware/nnet_utils/nnet_dense_latency.h:42]   --->   Operation 79 'zext' 'zext_ln73_134' <Predicate = true> <Delay = 0.00>
ST_1 : Operation 80 [1/1] (0.82ns)   --->   "%sub_ln73_217 = sub i23 %zext_ln73_132, i23 %zext_ln73_134" [firmware/nnet_utils/nnet_mult.h:73->firmware/nnet_utils/nnet_dense_latency.h:42]   --->   Operation 80 'sub' 'sub_ln73_217' <Predicate = true> <Delay = 0.82> <CoreInst = "Adder">   --->   Core 1 'Adder' <Latency = 0> <II = 1> <Delay = 0.82> <FuncUnit> <Opcode : 'add' 'sub'> <InPorts = 2> <OutPorts = 1>
ST_1 : Operation 81 [1/1] (0.00ns)   --->   "%mult_253 = partselect i13 @_ssdm_op_PartSelect.i13.i23.i32.i32, i23 %sub_ln73_217, i32 10, i32 22" [firmware/nnet_utils/nnet_dense_latency.h:42]   --->   Operation 81 'partselect' 'mult_253' <Predicate = true> <Delay = 0.00>
ST_1 : Operation 82 [1/1] (0.00ns)   --->   "%sext_ln42_135 = sext i13 %mult_253" [firmware/nnet_utils/nnet_dense_latency.h:42]   --->   Operation 82 'sext' 'sext_ln42_135' <Predicate = true> <Delay = 0.00>
ST_1 : Operation 83 [1/1] (0.83ns)   --->   "%sub_ln73_218 = sub i25 %zext_ln73_131, i25 %zext_ln73_133" [firmware/nnet_utils/nnet_mult.h:73->firmware/nnet_utils/nnet_dense_latency.h:42]   --->   Operation 83 'sub' 'sub_ln73_218' <Predicate = true> <Delay = 0.83> <CoreInst = "Adder">   --->   Core 1 'Adder' <Latency = 0> <II = 1> <Delay = 0.83> <FuncUnit> <Opcode : 'add' 'sub'> <InPorts = 2> <OutPorts = 1>
ST_1 : Operation 84 [1/1] (0.00ns)   --->   "%mult_254 = partselect i15 @_ssdm_op_PartSelect.i15.i25.i32.i32, i25 %sub_ln73_218, i32 10, i32 24" [firmware/nnet_utils/nnet_dense_latency.h:42]   --->   Operation 84 'partselect' 'mult_254' <Predicate = true> <Delay = 0.00>
ST_1 : Operation 85 [1/1] (0.00ns)   --->   "%sext_ln42_136 = sext i15 %mult_254" [firmware/nnet_utils/nnet_dense_latency.h:42]   --->   Operation 85 'sext' 'sext_ln42_136' <Predicate = true> <Delay = 0.00>
ST_1 : Operation 86 [1/1] (0.83ns)   --->   "%sub_ln73_219 = sub i25 0, i25 %zext_ln73_131" [firmware/nnet_utils/nnet_mult.h:73->firmware/nnet_utils/nnet_dense_latency.h:42]   --->   Operation 86 'sub' 'sub_ln73_219' <Predicate = true> <Delay = 0.83> <CoreInst = "Adder">   --->   Core 1 'Adder' <Latency = 0> <II = 1> <Delay = 0.83> <FuncUnit> <Opcode : 'add' 'sub'> <InPorts = 2> <OutPorts = 1>
ST_1 : Operation 87 [1/1] (0.00ns)   --->   "%mult_255 = partselect i15 @_ssdm_op_PartSelect.i15.i25.i32.i32, i25 %sub_ln73_219, i32 10, i32 24" [firmware/nnet_utils/nnet_dense_latency.h:42]   --->   Operation 87 'partselect' 'mult_255' <Predicate = true> <Delay = 0.00>
ST_1 : Operation 88 [1/1] (0.00ns)   --->   "%sext_ln42_137 = sext i15 %mult_255" [firmware/nnet_utils/nnet_dense_latency.h:42]   --->   Operation 88 'sext' 'sext_ln42_137' <Predicate = true> <Delay = 0.00>
ST_1 : Operation 89 [1/1] (0.00ns)   --->   "%shl_ln73_205 = bitconcatenate i25 @_ssdm_op_BitConcatenate.i25.i14.i11, i14 %data_4_val_read, i11 0" [firmware/nnet_utils/nnet_mult.h:73->firmware/nnet_utils/nnet_dense_latency.h:42]   --->   Operation 89 'bitconcatenate' 'shl_ln73_205' <Predicate = true> <Delay = 0.00>
ST_1 : Operation 90 [1/1] (0.00ns)   --->   "%zext_ln73_135 = zext i25 %shl_ln73_205" [firmware/nnet_utils/nnet_mult.h:73->firmware/nnet_utils/nnet_dense_latency.h:42]   --->   Operation 90 'zext' 'zext_ln73_135' <Predicate = true> <Delay = 0.00>
ST_1 : Operation 91 [1/1] (0.00ns)   --->   "%shl_ln73_206 = bitconcatenate i23 @_ssdm_op_BitConcatenate.i23.i14.i9, i14 %data_4_val_read, i9 0" [firmware/nnet_utils/nnet_mult.h:73->firmware/nnet_utils/nnet_dense_latency.h:42]   --->   Operation 91 'bitconcatenate' 'shl_ln73_206' <Predicate = true> <Delay = 0.00>
ST_1 : Operation 92 [1/1] (0.00ns)   --->   "%zext_ln73_136 = zext i23 %shl_ln73_206" [firmware/nnet_utils/nnet_mult.h:73->firmware/nnet_utils/nnet_dense_latency.h:42]   --->   Operation 92 'zext' 'zext_ln73_136' <Predicate = true> <Delay = 0.00>
ST_1 : Operation 93 [1/1] (0.00ns)   --->   "%zext_ln73_137 = zext i23 %shl_ln73_206" [firmware/nnet_utils/nnet_mult.h:73->firmware/nnet_utils/nnet_dense_latency.h:42]   --->   Operation 93 'zext' 'zext_ln73_137' <Predicate = true> <Delay = 0.00>
ST_1 : Operation 94 [1/1] (0.00ns)   --->   "%shl_ln73_207 = bitconcatenate i21 @_ssdm_op_BitConcatenate.i21.i14.i7, i14 %data_4_val_read, i7 0" [firmware/nnet_utils/nnet_mult.h:73->firmware/nnet_utils/nnet_dense_latency.h:42]   --->   Operation 94 'bitconcatenate' 'shl_ln73_207' <Predicate = true> <Delay = 0.00>
ST_1 : Operation 95 [1/1] (0.00ns)   --->   "%zext_ln73_138 = zext i21 %shl_ln73_207" [firmware/nnet_utils/nnet_mult.h:73->firmware/nnet_utils/nnet_dense_latency.h:42]   --->   Operation 95 'zext' 'zext_ln73_138' <Predicate = true> <Delay = 0.00>
ST_1 : Operation 96 [1/1] (0.82ns)   --->   "%sub_ln73_220 = sub i24 %zext_ln73_137, i24 %zext_ln73_138" [firmware/nnet_utils/nnet_mult.h:73->firmware/nnet_utils/nnet_dense_latency.h:42]   --->   Operation 96 'sub' 'sub_ln73_220' <Predicate = true> <Delay = 0.82> <CoreInst = "Adder">   --->   Core 1 'Adder' <Latency = 0> <II = 1> <Delay = 0.82> <FuncUnit> <Opcode : 'add' 'sub'> <InPorts = 2> <OutPorts = 1>
ST_1 : Operation 97 [1/1] (0.00ns)   --->   "%mult_256 = partselect i14 @_ssdm_op_PartSelect.i14.i24.i32.i32, i24 %sub_ln73_220, i32 10, i32 23" [firmware/nnet_utils/nnet_dense_latency.h:42]   --->   Operation 97 'partselect' 'mult_256' <Predicate = true> <Delay = 0.00>
ST_1 : Operation 98 [1/1] (0.00ns)   --->   "%sext_ln42_138 = sext i14 %mult_256" [firmware/nnet_utils/nnet_dense_latency.h:42]   --->   Operation 98 'sext' 'sext_ln42_138' <Predicate = true> <Delay = 0.00>
ST_1 : Operation 99 [1/1] (0.83ns)   --->   "%sub_ln73_221 = sub i26 %zext_ln73_136, i26 %zext_ln73_135" [firmware/nnet_utils/nnet_mult.h:73->firmware/nnet_utils/nnet_dense_latency.h:42]   --->   Operation 99 'sub' 'sub_ln73_221' <Predicate = true> <Delay = 0.83> <CoreInst = "Adder">   --->   Core 1 'Adder' <Latency = 0> <II = 1> <Delay = 0.83> <FuncUnit> <Opcode : 'add' 'sub'> <InPorts = 2> <OutPorts = 1>
ST_1 : Operation 100 [1/1] (0.00ns)   --->   "%mult_65 = partselect i16 @_ssdm_op_PartSelect.i16.i26.i32.i32, i26 %sub_ln73_221, i32 10, i32 25" [firmware/nnet_utils/nnet_dense_latency.h:42]   --->   Operation 100 'partselect' 'mult_65' <Predicate = true> <Delay = 0.00>
ST_1 : Operation 101 [1/1] (0.00ns)   --->   "%shl_ln73_208 = bitconcatenate i26 @_ssdm_op_BitConcatenate.i26.i14.i12, i14 %data_4_val_read, i12 0" [firmware/nnet_utils/nnet_mult.h:73->firmware/nnet_utils/nnet_dense_latency.h:42]   --->   Operation 101 'bitconcatenate' 'shl_ln73_208' <Predicate = true> <Delay = 0.00>
ST_1 : Operation 102 [1/1] (0.84ns)   --->   "%sub_ln73_222 = sub i26 0, i26 %shl_ln73_208" [firmware/nnet_utils/nnet_mult.h:73->firmware/nnet_utils/nnet_dense_latency.h:42]   --->   Operation 102 'sub' 'sub_ln73_222' <Predicate = true> <Delay = 0.84> <CoreInst = "Adder">   --->   Core 1 'Adder' <Latency = 0> <II = 1> <Delay = 0.84> <FuncUnit> <Opcode : 'add' 'sub'> <InPorts = 2> <OutPorts = 1>
ST_1 : Operation 103 [1/1] (0.00ns)   --->   "%mult_66 = partselect i16 @_ssdm_op_PartSelect.i16.i26.i32.i32, i26 %sub_ln73_222, i32 10, i32 25" [firmware/nnet_utils/nnet_dense_latency.h:42]   --->   Operation 103 'partselect' 'mult_66' <Predicate = true> <Delay = 0.00>
ST_1 : Operation 104 [1/1] (0.82ns)   --->   "%sub_ln73_223 = sub i24 %zext_ln73_138, i24 %zext_ln73_137" [firmware/nnet_utils/nnet_mult.h:73->firmware/nnet_utils/nnet_dense_latency.h:42]   --->   Operation 104 'sub' 'sub_ln73_223' <Predicate = true> <Delay = 0.82> <CoreInst = "Adder">   --->   Core 1 'Adder' <Latency = 0> <II = 1> <Delay = 0.82> <FuncUnit> <Opcode : 'add' 'sub'> <InPorts = 2> <OutPorts = 1>
ST_1 : Operation 105 [1/1] (0.00ns)   --->   "%mult_257 = partselect i14 @_ssdm_op_PartSelect.i14.i24.i32.i32, i24 %sub_ln73_223, i32 10, i32 23" [firmware/nnet_utils/nnet_dense_latency.h:42]   --->   Operation 105 'partselect' 'mult_257' <Predicate = true> <Delay = 0.00>
ST_1 : Operation 106 [1/1] (0.00ns)   --->   "%sext_ln42_139 = sext i14 %mult_257" [firmware/nnet_utils/nnet_dense_latency.h:42]   --->   Operation 106 'sext' 'sext_ln42_139' <Predicate = true> <Delay = 0.00>
ST_1 : Operation 107 [1/1] (0.00ns)   --->   "%shl_ln73_209 = bitconcatenate i24 @_ssdm_op_BitConcatenate.i24.i16.i8, i16 %data_5_val_read, i8 0" [firmware/nnet_utils/nnet_mult.h:73->firmware/nnet_utils/nnet_dense_latency.h:42]   --->   Operation 107 'bitconcatenate' 'shl_ln73_209' <Predicate = true> <Delay = 0.00>
ST_1 : Operation 108 [1/1] (0.00ns)   --->   "%sext_ln73_102 = sext i24 %shl_ln73_209" [firmware/nnet_utils/nnet_mult.h:73->firmware/nnet_utils/nnet_dense_latency.h:42]   --->   Operation 108 'sext' 'sext_ln73_102' <Predicate = true> <Delay = 0.00>
ST_1 : Operation 109 [1/1] (0.00ns)   --->   "%shl_ln73_210 = bitconcatenate i22 @_ssdm_op_BitConcatenate.i22.i16.i6, i16 %data_5_val_read, i6 0" [firmware/nnet_utils/nnet_mult.h:73->firmware/nnet_utils/nnet_dense_latency.h:42]   --->   Operation 109 'bitconcatenate' 'shl_ln73_210' <Predicate = true> <Delay = 0.00>
ST_1 : Operation 110 [1/1] (0.00ns)   --->   "%sext_ln73_103 = sext i22 %shl_ln73_210" [firmware/nnet_utils/nnet_mult.h:73->firmware/nnet_utils/nnet_dense_latency.h:42]   --->   Operation 110 'sext' 'sext_ln73_103' <Predicate = true> <Delay = 0.00>
ST_1 : Operation 111 [1/1] (0.83ns)   --->   "%sub_ln73_224 = sub i25 %sext_ln73_103, i25 %sext_ln73_102" [firmware/nnet_utils/nnet_mult.h:73->firmware/nnet_utils/nnet_dense_latency.h:42]   --->   Operation 111 'sub' 'sub_ln73_224' <Predicate = true> <Delay = 0.83> <CoreInst = "Adder">   --->   Core 1 'Adder' <Latency = 0> <II = 1> <Delay = 0.83> <FuncUnit> <Opcode : 'add' 'sub'> <InPorts = 2> <OutPorts = 1>
ST_1 : Operation 112 [1/1] (0.00ns)   --->   "%mult_258 = partselect i15 @_ssdm_op_PartSelect.i15.i25.i32.i32, i25 %sub_ln73_224, i32 10, i32 24" [firmware/nnet_utils/nnet_dense_latency.h:42]   --->   Operation 112 'partselect' 'mult_258' <Predicate = true> <Delay = 0.00>
ST_1 : Operation 113 [1/1] (0.00ns)   --->   "%sext_ln42_140 = sext i15 %mult_258" [firmware/nnet_utils/nnet_dense_latency.h:42]   --->   Operation 113 'sext' 'sext_ln42_140' <Predicate = true> <Delay = 0.00>
ST_1 : Operation 114 [1/1] (0.00ns)   --->   "%shl_ln73_211 = bitconcatenate i23 @_ssdm_op_BitConcatenate.i23.i16.i7, i16 %data_5_val_read, i7 0" [firmware/nnet_utils/nnet_mult.h:73->firmware/nnet_utils/nnet_dense_latency.h:42]   --->   Operation 114 'bitconcatenate' 'shl_ln73_211' <Predicate = true> <Delay = 0.00>
ST_1 : Operation 115 [1/1] (0.00ns)   --->   "%sext_ln73_104 = sext i23 %shl_ln73_211" [firmware/nnet_utils/nnet_mult.h:73->firmware/nnet_utils/nnet_dense_latency.h:42]   --->   Operation 115 'sext' 'sext_ln73_104' <Predicate = true> <Delay = 0.00>
ST_1 : Operation 116 [1/1] (0.00ns)   --->   "%sext_ln73_105 = sext i23 %shl_ln73_211" [firmware/nnet_utils/nnet_mult.h:73->firmware/nnet_utils/nnet_dense_latency.h:42]   --->   Operation 116 'sext' 'sext_ln73_105' <Predicate = true> <Delay = 0.00>
ST_1 : Operation 117 [1/1] (0.82ns)   --->   "%sub_ln73_225 = sub i24 0, i24 %sext_ln73_105" [firmware/nnet_utils/nnet_mult.h:73->firmware/nnet_utils/nnet_dense_latency.h:42]   --->   Operation 117 'sub' 'sub_ln73_225' <Predicate = true> <Delay = 0.82> <CoreInst = "Adder">   --->   Core 1 'Adder' <Latency = 0> <II = 1> <Delay = 0.82> <FuncUnit> <Opcode : 'add' 'sub'> <InPorts = 2> <OutPorts = 1>
ST_1 : Operation 118 [1/1] (0.00ns)   --->   "%mult_259 = partselect i14 @_ssdm_op_PartSelect.i14.i24.i32.i32, i24 %sub_ln73_225, i32 10, i32 23" [firmware/nnet_utils/nnet_dense_latency.h:42]   --->   Operation 118 'partselect' 'mult_259' <Predicate = true> <Delay = 0.00>
ST_1 : Operation 119 [1/1] (0.00ns)   --->   "%sext_ln42_141 = sext i14 %mult_259" [firmware/nnet_utils/nnet_dense_latency.h:42]   --->   Operation 119 'sext' 'sext_ln42_141' <Predicate = true> <Delay = 0.00>
ST_1 : Operation 120 [1/1] (0.00ns)   --->   "%mult_67 = partselect i12 @_ssdm_op_PartSelect.i12.i16.i32.i32, i16 %data_5_val_read, i32 4, i32 15" [firmware/nnet_utils/nnet_dense_latency.h:42]   --->   Operation 120 'partselect' 'mult_67' <Predicate = true> <Delay = 0.00>
ST_1 : Operation 121 [1/1] (0.00ns)   --->   "%sext_ln17_35 = sext i12 %mult_67" [firmware/nnet_utils/nnet_dense_latency.h:17]   --->   Operation 121 'sext' 'sext_ln17_35' <Predicate = true> <Delay = 0.00>
ST_1 : Operation 122 [1/1] (0.00ns)   --->   "%trunc_ln73 = trunc i16 %data_5_val_read" [firmware/nnet_utils/nnet_mult.h:73->firmware/nnet_utils/nnet_dense_latency.h:42]   --->   Operation 122 'trunc' 'trunc_ln73' <Predicate = true> <Delay = 0.00>
ST_1 : Operation 123 [1/1] (0.00ns)   --->   "%shl_ln73_212 = bitconcatenate i26 @_ssdm_op_BitConcatenate.i26.i15.i11, i15 %trunc_ln73, i11 0" [firmware/nnet_utils/nnet_mult.h:73->firmware/nnet_utils/nnet_dense_latency.h:42]   --->   Operation 123 'bitconcatenate' 'shl_ln73_212' <Predicate = true> <Delay = 0.00>
ST_1 : Operation 124 [1/1] (0.84ns)   --->   "%sub_ln73_226 = sub i26 0, i26 %shl_ln73_212" [firmware/nnet_utils/nnet_mult.h:73->firmware/nnet_utils/nnet_dense_latency.h:42]   --->   Operation 124 'sub' 'sub_ln73_226' <Predicate = true> <Delay = 0.84> <CoreInst = "Adder">   --->   Core 1 'Adder' <Latency = 0> <II = 1> <Delay = 0.84> <FuncUnit> <Opcode : 'add' 'sub'> <InPorts = 2> <OutPorts = 1>
ST_1 : Operation 125 [1/1] (0.00ns)   --->   "%mult_68 = partselect i16 @_ssdm_op_PartSelect.i16.i26.i32.i32, i26 %sub_ln73_226, i32 10, i32 25" [firmware/nnet_utils/nnet_dense_latency.h:42]   --->   Operation 125 'partselect' 'mult_68' <Predicate = true> <Delay = 0.00>
ST_1 : Operation 126 [1/1] (0.00ns)   --->   "%shl_ln73_213 = bitconcatenate i26 @_ssdm_op_BitConcatenate.i26.i16.i10, i16 %data_5_val_read, i10 0" [firmware/nnet_utils/nnet_mult.h:73->firmware/nnet_utils/nnet_dense_latency.h:42]   --->   Operation 126 'bitconcatenate' 'shl_ln73_213' <Predicate = true> <Delay = 0.00>
ST_1 : Operation 127 [1/1] (0.84ns)   --->   "%sub_ln73_227 = sub i26 0, i26 %shl_ln73_213" [firmware/nnet_utils/nnet_mult.h:73->firmware/nnet_utils/nnet_dense_latency.h:42]   --->   Operation 127 'sub' 'sub_ln73_227' <Predicate = true> <Delay = 0.84> <CoreInst = "Adder">   --->   Core 1 'Adder' <Latency = 0> <II = 1> <Delay = 0.84> <FuncUnit> <Opcode : 'add' 'sub'> <InPorts = 2> <OutPorts = 1>
ST_1 : Operation 128 [1/1] (0.00ns)   --->   "%mult_69 = partselect i16 @_ssdm_op_PartSelect.i16.i26.i32.i32, i26 %sub_ln73_227, i32 10, i32 25" [firmware/nnet_utils/nnet_dense_latency.h:42]   --->   Operation 128 'partselect' 'mult_69' <Predicate = true> <Delay = 0.00>
ST_1 : Operation 129 [1/1] (0.83ns)   --->   "%sub_ln73_228 = sub i25 0, i25 %sext_ln73_102" [firmware/nnet_utils/nnet_mult.h:73->firmware/nnet_utils/nnet_dense_latency.h:42]   --->   Operation 129 'sub' 'sub_ln73_228' <Predicate = true> <Delay = 0.83> <CoreInst = "Adder">   --->   Core 1 'Adder' <Latency = 0> <II = 1> <Delay = 0.83> <FuncUnit> <Opcode : 'add' 'sub'> <InPorts = 2> <OutPorts = 1>
ST_1 : Operation 130 [1/1] (0.00ns)   --->   "%mult_260 = partselect i15 @_ssdm_op_PartSelect.i15.i25.i32.i32, i25 %sub_ln73_228, i32 10, i32 24" [firmware/nnet_utils/nnet_dense_latency.h:42]   --->   Operation 130 'partselect' 'mult_260' <Predicate = true> <Delay = 0.00>
ST_1 : Operation 131 [1/1] (0.00ns)   --->   "%sext_ln42_142 = sext i15 %mult_260" [firmware/nnet_utils/nnet_dense_latency.h:42]   --->   Operation 131 'sext' 'sext_ln42_142' <Predicate = true> <Delay = 0.00>
ST_1 : Operation 132 [1/1] (0.00ns)   --->   "%shl_ln73_214 = bitconcatenate i25 @_ssdm_op_BitConcatenate.i25.i16.i9, i16 %data_5_val_read, i9 0" [firmware/nnet_utils/nnet_mult.h:73->firmware/nnet_utils/nnet_dense_latency.h:42]   --->   Operation 132 'bitconcatenate' 'shl_ln73_214' <Predicate = true> <Delay = 0.00>
ST_1 : Operation 133 [1/1] (0.00ns)   --->   "%sext_ln73_106 = sext i25 %shl_ln73_214" [firmware/nnet_utils/nnet_mult.h:73->firmware/nnet_utils/nnet_dense_latency.h:42]   --->   Operation 133 'sext' 'sext_ln73_106' <Predicate = true> <Delay = 0.00>
ST_1 : Operation 134 [1/1] (0.83ns)   --->   "%add_ln73_14 = add i26 %sext_ln73_106, i26 %sext_ln73_104" [firmware/nnet_utils/nnet_mult.h:73->firmware/nnet_utils/nnet_dense_latency.h:42]   --->   Operation 134 'add' 'add_ln73_14' <Predicate = true> <Delay = 0.83> <CoreInst = "Adder">   --->   Core 1 'Adder' <Latency = 0> <II = 1> <Delay = 0.83> <FuncUnit> <Opcode : 'add' 'sub'> <InPorts = 2> <OutPorts = 1>
ST_1 : Operation 135 [1/1] (0.00ns)   --->   "%mult_70 = partselect i16 @_ssdm_op_PartSelect.i16.i26.i32.i32, i26 %add_ln73_14, i32 10, i32 25" [firmware/nnet_utils/nnet_dense_latency.h:42]   --->   Operation 135 'partselect' 'mult_70' <Predicate = true> <Delay = 0.00>
ST_1 : Operation 136 [1/1] (0.00ns)   --->   "%shl_ln73_215 = bitconcatenate i26 @_ssdm_op_BitConcatenate.i26.i16.i10, i16 %data_6_val_read, i10 0" [firmware/nnet_utils/nnet_mult.h:73->firmware/nnet_utils/nnet_dense_latency.h:42]   --->   Operation 136 'bitconcatenate' 'shl_ln73_215' <Predicate = true> <Delay = 0.00>
ST_1 : Operation 137 [1/1] (0.84ns)   --->   "%sub_ln73_229 = sub i26 0, i26 %shl_ln73_215" [firmware/nnet_utils/nnet_mult.h:73->firmware/nnet_utils/nnet_dense_latency.h:42]   --->   Operation 137 'sub' 'sub_ln73_229' <Predicate = true> <Delay = 0.84> <CoreInst = "Adder">   --->   Core 1 'Adder' <Latency = 0> <II = 1> <Delay = 0.84> <FuncUnit> <Opcode : 'add' 'sub'> <InPorts = 2> <OutPorts = 1>
ST_1 : Operation 138 [1/1] (0.00ns)   --->   "%mult_71 = partselect i16 @_ssdm_op_PartSelect.i16.i26.i32.i32, i26 %sub_ln73_229, i32 10, i32 25" [firmware/nnet_utils/nnet_dense_latency.h:42]   --->   Operation 138 'partselect' 'mult_71' <Predicate = true> <Delay = 0.00>
ST_1 : Operation 139 [1/1] (0.00ns)   --->   "%shl_ln73_216 = bitconcatenate i24 @_ssdm_op_BitConcatenate.i24.i16.i8, i16 %data_6_val_read, i8 0" [firmware/nnet_utils/nnet_mult.h:73->firmware/nnet_utils/nnet_dense_latency.h:42]   --->   Operation 139 'bitconcatenate' 'shl_ln73_216' <Predicate = true> <Delay = 0.00>
ST_1 : Operation 140 [1/1] (0.00ns)   --->   "%sext_ln73_107 = sext i24 %shl_ln73_216" [firmware/nnet_utils/nnet_mult.h:73->firmware/nnet_utils/nnet_dense_latency.h:42]   --->   Operation 140 'sext' 'sext_ln73_107' <Predicate = true> <Delay = 0.00>
ST_1 : Operation 141 [1/1] (0.84ns)   --->   "%sub_ln73_230 = sub i26 %sext_ln73_107, i26 %shl_ln73_215" [firmware/nnet_utils/nnet_mult.h:73->firmware/nnet_utils/nnet_dense_latency.h:42]   --->   Operation 141 'sub' 'sub_ln73_230' <Predicate = true> <Delay = 0.84> <CoreInst = "Adder">   --->   Core 1 'Adder' <Latency = 0> <II = 1> <Delay = 0.84> <FuncUnit> <Opcode : 'add' 'sub'> <InPorts = 2> <OutPorts = 1>
ST_1 : Operation 142 [1/1] (0.00ns)   --->   "%mult_72 = partselect i16 @_ssdm_op_PartSelect.i16.i26.i32.i32, i26 %sub_ln73_230, i32 10, i32 25" [firmware/nnet_utils/nnet_dense_latency.h:42]   --->   Operation 142 'partselect' 'mult_72' <Predicate = true> <Delay = 0.00>
ST_1 : Operation 143 [1/1] (0.00ns)   --->   "%trunc_ln73_4 = trunc i16 %data_6_val_read" [firmware/nnet_utils/nnet_mult.h:73->firmware/nnet_utils/nnet_dense_latency.h:42]   --->   Operation 143 'trunc' 'trunc_ln73_4' <Predicate = true> <Delay = 0.00>
ST_1 : Operation 144 [1/1] (0.00ns)   --->   "%shl_ln73_217 = bitconcatenate i26 @_ssdm_op_BitConcatenate.i26.i15.i11, i15 %trunc_ln73_4, i11 0" [firmware/nnet_utils/nnet_mult.h:73->firmware/nnet_utils/nnet_dense_latency.h:42]   --->   Operation 144 'bitconcatenate' 'shl_ln73_217' <Predicate = true> <Delay = 0.00>
ST_1 : Operation 145 [1/1] (0.84ns)   --->   "%sub_ln73_231 = sub i26 0, i26 %shl_ln73_217" [firmware/nnet_utils/nnet_mult.h:73->firmware/nnet_utils/nnet_dense_latency.h:42]   --->   Operation 145 'sub' 'sub_ln73_231' <Predicate = true> <Delay = 0.84> <CoreInst = "Adder">   --->   Core 1 'Adder' <Latency = 0> <II = 1> <Delay = 0.84> <FuncUnit> <Opcode : 'add' 'sub'> <InPorts = 2> <OutPorts = 1>
ST_1 : Operation 146 [1/1] (0.00ns)   --->   "%mult_73 = partselect i16 @_ssdm_op_PartSelect.i16.i26.i32.i32, i26 %sub_ln73_231, i32 10, i32 25" [firmware/nnet_utils/nnet_dense_latency.h:42]   --->   Operation 146 'partselect' 'mult_73' <Predicate = true> <Delay = 0.00>
ST_1 : Operation 147 [1/1] (0.00ns)   --->   "%mult_74 = partselect i13 @_ssdm_op_PartSelect.i13.i16.i32.i32, i16 %data_6_val_read, i32 3, i32 15" [firmware/nnet_utils/nnet_dense_latency.h:42]   --->   Operation 147 'partselect' 'mult_74' <Predicate = true> <Delay = 0.00>
ST_1 : Operation 148 [1/1] (0.00ns)   --->   "%sext_ln17_36 = sext i13 %mult_74" [firmware/nnet_utils/nnet_dense_latency.h:17]   --->   Operation 148 'sext' 'sext_ln17_36' <Predicate = true> <Delay = 0.00>
ST_1 : Operation 149 [1/1] (0.00ns)   --->   "%shl_ln73_218 = bitconcatenate i24 @_ssdm_op_BitConcatenate.i24.i14.i10, i14 %data_7_val_read, i10 0" [firmware/nnet_utils/nnet_mult.h:73->firmware/nnet_utils/nnet_dense_latency.h:42]   --->   Operation 149 'bitconcatenate' 'shl_ln73_218' <Predicate = true> <Delay = 0.00>
ST_1 : Operation 150 [1/1] (0.00ns)   --->   "%zext_ln73_139 = zext i24 %shl_ln73_218" [firmware/nnet_utils/nnet_mult.h:73->firmware/nnet_utils/nnet_dense_latency.h:42]   --->   Operation 150 'zext' 'zext_ln73_139' <Predicate = true> <Delay = 0.00>
ST_1 : Operation 151 [1/1] (0.00ns)   --->   "%shl_ln73_219 = bitconcatenate i22 @_ssdm_op_BitConcatenate.i22.i14.i8, i14 %data_7_val_read, i8 0" [firmware/nnet_utils/nnet_mult.h:73->firmware/nnet_utils/nnet_dense_latency.h:42]   --->   Operation 151 'bitconcatenate' 'shl_ln73_219' <Predicate = true> <Delay = 0.00>
ST_1 : Operation 152 [1/1] (0.00ns)   --->   "%zext_ln73_140 = zext i22 %shl_ln73_219" [firmware/nnet_utils/nnet_mult.h:73->firmware/nnet_utils/nnet_dense_latency.h:42]   --->   Operation 152 'zext' 'zext_ln73_140' <Predicate = true> <Delay = 0.00>
ST_1 : Operation 153 [1/1] (0.00ns)   --->   "%zext_ln73_141 = zext i22 %shl_ln73_219" [firmware/nnet_utils/nnet_mult.h:73->firmware/nnet_utils/nnet_dense_latency.h:42]   --->   Operation 153 'zext' 'zext_ln73_141' <Predicate = true> <Delay = 0.00>
ST_1 : Operation 154 [1/1] (0.83ns)   --->   "%sub_ln73_232 = sub i25 %zext_ln73_139, i25 %zext_ln73_141" [firmware/nnet_utils/nnet_mult.h:73->firmware/nnet_utils/nnet_dense_latency.h:42]   --->   Operation 154 'sub' 'sub_ln73_232' <Predicate = true> <Delay = 0.83> <CoreInst = "Adder">   --->   Core 1 'Adder' <Latency = 0> <II = 1> <Delay = 0.83> <FuncUnit> <Opcode : 'add' 'sub'> <InPorts = 2> <OutPorts = 1>
ST_1 : Operation 155 [1/1] (0.00ns)   --->   "%mult_261 = partselect i15 @_ssdm_op_PartSelect.i15.i25.i32.i32, i25 %sub_ln73_232, i32 10, i32 24" [firmware/nnet_utils/nnet_dense_latency.h:42]   --->   Operation 155 'partselect' 'mult_261' <Predicate = true> <Delay = 0.00>
ST_1 : Operation 156 [1/1] (0.00ns)   --->   "%sext_ln42_143 = sext i15 %mult_261" [firmware/nnet_utils/nnet_dense_latency.h:42]   --->   Operation 156 'sext' 'sext_ln42_143' <Predicate = true> <Delay = 0.00>
ST_1 : Operation 157 [1/1] (0.82ns)   --->   "%sub_ln73_233 = sub i23 0, i23 %zext_ln73_140" [firmware/nnet_utils/nnet_mult.h:73->firmware/nnet_utils/nnet_dense_latency.h:42]   --->   Operation 157 'sub' 'sub_ln73_233' <Predicate = true> <Delay = 0.82> <CoreInst = "Adder">   --->   Core 1 'Adder' <Latency = 0> <II = 1> <Delay = 0.82> <FuncUnit> <Opcode : 'add' 'sub'> <InPorts = 2> <OutPorts = 1>
ST_1 : Operation 158 [1/1] (0.00ns)   --->   "%mult_262 = partselect i13 @_ssdm_op_PartSelect.i13.i23.i32.i32, i23 %sub_ln73_233, i32 10, i32 22" [firmware/nnet_utils/nnet_dense_latency.h:42]   --->   Operation 158 'partselect' 'mult_262' <Predicate = true> <Delay = 0.00>
ST_1 : Operation 159 [1/1] (0.00ns)   --->   "%sext_ln42_144 = sext i13 %mult_262" [firmware/nnet_utils/nnet_dense_latency.h:42]   --->   Operation 159 'sext' 'sext_ln42_144' <Predicate = true> <Delay = 0.00>
ST_1 : Operation 160 [1/1] (0.00ns)   --->   "%sext_ln17_68 = sext i13 %mult_262" [firmware/nnet_utils/nnet_dense_latency.h:17]   --->   Operation 160 'sext' 'sext_ln17_68' <Predicate = true> <Delay = 0.00>
ST_1 : Operation 161 [1/1] (0.00ns)   --->   "%mult_s = partselect i11 @_ssdm_op_PartSelect.i11.i14.i32.i32, i14 %data_7_val_read, i32 3, i32 13" [firmware/nnet_utils/nnet_dense_latency.h:42]   --->   Operation 161 'partselect' 'mult_s' <Predicate = true> <Delay = 0.00>
ST_1 : Operation 162 [1/1] (0.00ns)   --->   "%zext_ln17 = zext i11 %mult_s" [firmware/nnet_utils/nnet_dense_latency.h:17]   --->   Operation 162 'zext' 'zext_ln17' <Predicate = true> <Delay = 0.00>
ST_1 : Operation 163 [1/1] (0.00ns)   --->   "%shl_ln73_220 = bitconcatenate i23 @_ssdm_op_BitConcatenate.i23.i14.i9, i14 %data_7_val_read, i9 0" [firmware/nnet_utils/nnet_mult.h:73->firmware/nnet_utils/nnet_dense_latency.h:42]   --->   Operation 163 'bitconcatenate' 'shl_ln73_220' <Predicate = true> <Delay = 0.00>
ST_1 : Operation 164 [1/1] (0.00ns)   --->   "%zext_ln73_142 = zext i23 %shl_ln73_220" [firmware/nnet_utils/nnet_mult.h:73->firmware/nnet_utils/nnet_dense_latency.h:42]   --->   Operation 164 'zext' 'zext_ln73_142' <Predicate = true> <Delay = 0.00>
ST_1 : Operation 165 [1/1] (0.00ns)   --->   "%shl_ln73_221 = bitconcatenate i21 @_ssdm_op_BitConcatenate.i21.i14.i7, i14 %data_7_val_read, i7 0" [firmware/nnet_utils/nnet_mult.h:73->firmware/nnet_utils/nnet_dense_latency.h:42]   --->   Operation 165 'bitconcatenate' 'shl_ln73_221' <Predicate = true> <Delay = 0.00>
ST_1 : Operation 166 [1/1] (0.00ns)   --->   "%zext_ln73_143 = zext i21 %shl_ln73_221" [firmware/nnet_utils/nnet_mult.h:73->firmware/nnet_utils/nnet_dense_latency.h:42]   --->   Operation 166 'zext' 'zext_ln73_143' <Predicate = true> <Delay = 0.00>
ST_1 : Operation 167 [1/1] (0.82ns)   --->   "%add_ln73_15 = add i24 %zext_ln73_142, i24 %zext_ln73_143" [firmware/nnet_utils/nnet_mult.h:73->firmware/nnet_utils/nnet_dense_latency.h:42]   --->   Operation 167 'add' 'add_ln73_15' <Predicate = true> <Delay = 0.82> <CoreInst = "Adder">   --->   Core 1 'Adder' <Latency = 0> <II = 1> <Delay = 0.82> <FuncUnit> <Opcode : 'add' 'sub'> <InPorts = 2> <OutPorts = 1>
ST_1 : Operation 168 [1/1] (0.00ns)   --->   "%tmp_86 = partselect i14 @_ssdm_op_PartSelect.i14.i24.i32.i32, i24 %add_ln73_15, i32 10, i32 23" [firmware/nnet_utils/nnet_dense_latency.h:42]   --->   Operation 168 'partselect' 'tmp_86' <Predicate = true> <Delay = 0.00>
ST_1 : Operation 169 [1/1] (0.00ns)   --->   "%zext_ln42_34 = zext i14 %tmp_86" [firmware/nnet_utils/nnet_dense_latency.h:42]   --->   Operation 169 'zext' 'zext_ln42_34' <Predicate = true> <Delay = 0.00>
ST_1 : Operation 170 [1/1] (0.83ns)   --->   "%sub_ln73_234 = sub i25 %zext_ln73_141, i25 %zext_ln73_139" [firmware/nnet_utils/nnet_mult.h:73->firmware/nnet_utils/nnet_dense_latency.h:42]   --->   Operation 170 'sub' 'sub_ln73_234' <Predicate = true> <Delay = 0.83> <CoreInst = "Adder">   --->   Core 1 'Adder' <Latency = 0> <II = 1> <Delay = 0.83> <FuncUnit> <Opcode : 'add' 'sub'> <InPorts = 2> <OutPorts = 1>
ST_1 : Operation 171 [1/1] (0.00ns)   --->   "%mult_263 = partselect i15 @_ssdm_op_PartSelect.i15.i25.i32.i32, i25 %sub_ln73_234, i32 10, i32 24" [firmware/nnet_utils/nnet_dense_latency.h:42]   --->   Operation 171 'partselect' 'mult_263' <Predicate = true> <Delay = 0.00>
ST_1 : Operation 172 [1/1] (0.00ns)   --->   "%sext_ln42_145 = sext i15 %mult_263" [firmware/nnet_utils/nnet_dense_latency.h:42]   --->   Operation 172 'sext' 'sext_ln42_145' <Predicate = true> <Delay = 0.00>
ST_1 : Operation 173 [1/1] (0.00ns)   --->   "%mult_75 = partselect i12 @_ssdm_op_PartSelect.i12.i14.i32.i32, i14 %data_7_val_read, i32 2, i32 13" [firmware/nnet_utils/nnet_dense_latency.h:42]   --->   Operation 173 'partselect' 'mult_75' <Predicate = true> <Delay = 0.00>
ST_1 : Operation 174 [1/1] (0.00ns)   --->   "%zext_ln17_24 = zext i12 %mult_75" [firmware/nnet_utils/nnet_dense_latency.h:17]   --->   Operation 174 'zext' 'zext_ln17_24' <Predicate = true> <Delay = 0.00>
ST_1 : Operation 175 [1/1] (0.00ns)   --->   "%shl_ln73_222 = bitconcatenate i20 @_ssdm_op_BitConcatenate.i20.i14.i6, i14 %data_7_val_read, i6 0" [firmware/nnet_utils/nnet_mult.h:73->firmware/nnet_utils/nnet_dense_latency.h:42]   --->   Operation 175 'bitconcatenate' 'shl_ln73_222' <Predicate = true> <Delay = 0.00>
ST_1 : Operation 176 [1/1] (0.00ns)   --->   "%zext_ln73_144 = zext i20 %shl_ln73_222" [firmware/nnet_utils/nnet_mult.h:73->firmware/nnet_utils/nnet_dense_latency.h:42]   --->   Operation 176 'zext' 'zext_ln73_144' <Predicate = true> <Delay = 0.00>
ST_1 : Operation 177 [1/1] (0.83ns)   --->   "%add_ln73_16 = add i25 %zext_ln73_139, i25 %zext_ln73_144" [firmware/nnet_utils/nnet_mult.h:73->firmware/nnet_utils/nnet_dense_latency.h:42]   --->   Operation 177 'add' 'add_ln73_16' <Predicate = true> <Delay = 0.83> <CoreInst = "Adder">   --->   Core 1 'Adder' <Latency = 0> <II = 1> <Delay = 0.83> <FuncUnit> <Opcode : 'add' 'sub'> <InPorts = 2> <OutPorts = 1>
ST_1 : Operation 178 [1/1] (0.00ns)   --->   "%tmp_87 = partselect i15 @_ssdm_op_PartSelect.i15.i25.i32.i32, i25 %add_ln73_16, i32 10, i32 24" [firmware/nnet_utils/nnet_dense_latency.h:42]   --->   Operation 178 'partselect' 'tmp_87' <Predicate = true> <Delay = 0.00>
ST_1 : Operation 179 [1/1] (0.00ns)   --->   "%zext_ln42_35 = zext i15 %tmp_87" [firmware/nnet_utils/nnet_dense_latency.h:42]   --->   Operation 179 'zext' 'zext_ln42_35' <Predicate = true> <Delay = 0.00>
ST_1 : Operation 180 [1/1] (0.82ns)   --->   "%sub_ln73_235 = sub i24 0, i24 %zext_ln73_142" [firmware/nnet_utils/nnet_mult.h:73->firmware/nnet_utils/nnet_dense_latency.h:42]   --->   Operation 180 'sub' 'sub_ln73_235' <Predicate = true> <Delay = 0.82> <CoreInst = "Adder">   --->   Core 1 'Adder' <Latency = 0> <II = 1> <Delay = 0.82> <FuncUnit> <Opcode : 'add' 'sub'> <InPorts = 2> <OutPorts = 1>
ST_1 : Operation 181 [1/1] (0.00ns)   --->   "%mult_264 = partselect i14 @_ssdm_op_PartSelect.i14.i24.i32.i32, i24 %sub_ln73_235, i32 10, i32 23" [firmware/nnet_utils/nnet_dense_latency.h:42]   --->   Operation 181 'partselect' 'mult_264' <Predicate = true> <Delay = 0.00>
ST_1 : Operation 182 [1/1] (0.00ns)   --->   "%sext_ln42_146 = sext i14 %mult_264" [firmware/nnet_utils/nnet_dense_latency.h:42]   --->   Operation 182 'sext' 'sext_ln42_146' <Predicate = true> <Delay = 0.00>
ST_1 : Operation 183 [1/1] (0.00ns)   --->   "%trunc_ln73_5 = trunc i16 %data_8_val_read" [firmware/nnet_utils/nnet_mult.h:73->firmware/nnet_utils/nnet_dense_latency.h:42]   --->   Operation 183 'trunc' 'trunc_ln73_5' <Predicate = true> <Delay = 0.00>
ST_1 : Operation 184 [1/1] (0.00ns)   --->   "%shl_ln73_223 = bitconcatenate i26 @_ssdm_op_BitConcatenate.i26.i15.i11, i15 %trunc_ln73_5, i11 0" [firmware/nnet_utils/nnet_mult.h:73->firmware/nnet_utils/nnet_dense_latency.h:42]   --->   Operation 184 'bitconcatenate' 'shl_ln73_223' <Predicate = true> <Delay = 0.00>
ST_1 : Operation 185 [1/1] (0.84ns)   --->   "%sub_ln73_236 = sub i26 0, i26 %shl_ln73_223" [firmware/nnet_utils/nnet_mult.h:73->firmware/nnet_utils/nnet_dense_latency.h:42]   --->   Operation 185 'sub' 'sub_ln73_236' <Predicate = true> <Delay = 0.84> <CoreInst = "Adder">   --->   Core 1 'Adder' <Latency = 0> <II = 1> <Delay = 0.84> <FuncUnit> <Opcode : 'add' 'sub'> <InPorts = 2> <OutPorts = 1>
ST_1 : Operation 186 [1/1] (0.00ns)   --->   "%mult_76 = partselect i16 @_ssdm_op_PartSelect.i16.i26.i32.i32, i26 %sub_ln73_236, i32 10, i32 25" [firmware/nnet_utils/nnet_dense_latency.h:42]   --->   Operation 186 'partselect' 'mult_76' <Predicate = true> <Delay = 0.00>
ST_1 : Operation 187 [1/1] (0.00ns)   --->   "%shl_ln73_224 = bitconcatenate i26 @_ssdm_op_BitConcatenate.i26.i16.i10, i16 %data_8_val_read, i10 0" [firmware/nnet_utils/nnet_mult.h:73->firmware/nnet_utils/nnet_dense_latency.h:42]   --->   Operation 187 'bitconcatenate' 'shl_ln73_224' <Predicate = true> <Delay = 0.00>
ST_1 : Operation 188 [1/1] (0.84ns)   --->   "%sub_ln73_237 = sub i26 0, i26 %shl_ln73_224" [firmware/nnet_utils/nnet_mult.h:73->firmware/nnet_utils/nnet_dense_latency.h:42]   --->   Operation 188 'sub' 'sub_ln73_237' <Predicate = true> <Delay = 0.84> <CoreInst = "Adder">   --->   Core 1 'Adder' <Latency = 0> <II = 1> <Delay = 0.84> <FuncUnit> <Opcode : 'add' 'sub'> <InPorts = 2> <OutPorts = 1>
ST_1 : Operation 189 [1/1] (0.00ns)   --->   "%mult_77 = partselect i16 @_ssdm_op_PartSelect.i16.i26.i32.i32, i26 %sub_ln73_237, i32 10, i32 25" [firmware/nnet_utils/nnet_dense_latency.h:42]   --->   Operation 189 'partselect' 'mult_77' <Predicate = true> <Delay = 0.00>
ST_1 : Operation 190 [1/1] (0.00ns)   --->   "%shl_ln73_225 = bitconcatenate i25 @_ssdm_op_BitConcatenate.i25.i16.i9, i16 %data_8_val_read, i9 0" [firmware/nnet_utils/nnet_mult.h:73->firmware/nnet_utils/nnet_dense_latency.h:42]   --->   Operation 190 'bitconcatenate' 'shl_ln73_225' <Predicate = true> <Delay = 0.00>
ST_1 : Operation 191 [1/1] (0.00ns)   --->   "%sext_ln73_108 = sext i25 %shl_ln73_225" [firmware/nnet_utils/nnet_mult.h:73->firmware/nnet_utils/nnet_dense_latency.h:42]   --->   Operation 191 'sext' 'sext_ln73_108' <Predicate = true> <Delay = 0.00>
ST_1 : Operation 192 [1/1] (0.83ns)   --->   "%sub_ln73_238 = sub i26 0, i26 %sext_ln73_108" [firmware/nnet_utils/nnet_mult.h:73->firmware/nnet_utils/nnet_dense_latency.h:42]   --->   Operation 192 'sub' 'sub_ln73_238' <Predicate = true> <Delay = 0.83> <CoreInst = "Adder">   --->   Core 1 'Adder' <Latency = 0> <II = 1> <Delay = 0.83> <FuncUnit> <Opcode : 'add' 'sub'> <InPorts = 2> <OutPorts = 1>
ST_1 : Operation 193 [1/1] (0.00ns)   --->   "%mult_78 = partselect i16 @_ssdm_op_PartSelect.i16.i26.i32.i32, i26 %sub_ln73_238, i32 10, i32 25" [firmware/nnet_utils/nnet_dense_latency.h:42]   --->   Operation 193 'partselect' 'mult_78' <Predicate = true> <Delay = 0.00>
ST_1 : Operation 194 [1/1] (0.00ns)   --->   "%mult_79 = partselect i13 @_ssdm_op_PartSelect.i13.i16.i32.i32, i16 %data_8_val_read, i32 3, i32 15" [firmware/nnet_utils/nnet_dense_latency.h:42]   --->   Operation 194 'partselect' 'mult_79' <Predicate = true> <Delay = 0.00>
ST_1 : Operation 195 [1/1] (0.00ns)   --->   "%sext_ln17_37 = sext i13 %mult_79" [firmware/nnet_utils/nnet_dense_latency.h:17]   --->   Operation 195 'sext' 'sext_ln17_37' <Predicate = true> <Delay = 0.00>
ST_1 : Operation 196 [1/1] (0.00ns)   --->   "%trunc_ln73_6 = trunc i16 %data_11_val_read" [firmware/nnet_utils/nnet_mult.h:73->firmware/nnet_utils/nnet_dense_latency.h:42]   --->   Operation 196 'trunc' 'trunc_ln73_6' <Predicate = true> <Delay = 0.00>
ST_1 : Operation 197 [1/1] (0.00ns)   --->   "%shl_ln73_226 = bitconcatenate i26 @_ssdm_op_BitConcatenate.i26.i14.i12, i14 %trunc_ln73_6, i12 0" [firmware/nnet_utils/nnet_mult.h:73->firmware/nnet_utils/nnet_dense_latency.h:42]   --->   Operation 197 'bitconcatenate' 'shl_ln73_226' <Predicate = true> <Delay = 0.00>
ST_1 : Operation 198 [1/1] (0.84ns)   --->   "%sub_ln73_239 = sub i26 0, i26 %shl_ln73_226" [firmware/nnet_utils/nnet_mult.h:73->firmware/nnet_utils/nnet_dense_latency.h:42]   --->   Operation 198 'sub' 'sub_ln73_239' <Predicate = true> <Delay = 0.84> <CoreInst = "Adder">   --->   Core 1 'Adder' <Latency = 0> <II = 1> <Delay = 0.84> <FuncUnit> <Opcode : 'add' 'sub'> <InPorts = 2> <OutPorts = 1>
ST_1 : Operation 199 [1/1] (0.00ns)   --->   "%mult_80 = partselect i16 @_ssdm_op_PartSelect.i16.i26.i32.i32, i26 %sub_ln73_239, i32 10, i32 25" [firmware/nnet_utils/nnet_dense_latency.h:42]   --->   Operation 199 'partselect' 'mult_80' <Predicate = true> <Delay = 0.00>
ST_1 : Operation 200 [1/1] (0.00ns)   --->   "%shl_ln73_227 = bitconcatenate i25 @_ssdm_op_BitConcatenate.i25.i16.i9, i16 %data_11_val_read, i9 0" [firmware/nnet_utils/nnet_mult.h:73->firmware/nnet_utils/nnet_dense_latency.h:42]   --->   Operation 200 'bitconcatenate' 'shl_ln73_227' <Predicate = true> <Delay = 0.00>
ST_1 : Operation 201 [1/1] (0.00ns)   --->   "%sext_ln73_109 = sext i25 %shl_ln73_227" [firmware/nnet_utils/nnet_mult.h:73->firmware/nnet_utils/nnet_dense_latency.h:42]   --->   Operation 201 'sext' 'sext_ln73_109' <Predicate = true> <Delay = 0.00>
ST_1 : Operation 202 [1/1] (0.83ns)   --->   "%sub_ln73_240 = sub i26 0, i26 %sext_ln73_109" [firmware/nnet_utils/nnet_mult.h:73->firmware/nnet_utils/nnet_dense_latency.h:42]   --->   Operation 202 'sub' 'sub_ln73_240' <Predicate = true> <Delay = 0.83> <CoreInst = "Adder">   --->   Core 1 'Adder' <Latency = 0> <II = 1> <Delay = 0.83> <FuncUnit> <Opcode : 'add' 'sub'> <InPorts = 2> <OutPorts = 1>
ST_1 : Operation 203 [1/1] (0.00ns)   --->   "%mult_81 = partselect i16 @_ssdm_op_PartSelect.i16.i26.i32.i32, i26 %sub_ln73_240, i32 10, i32 25" [firmware/nnet_utils/nnet_dense_latency.h:42]   --->   Operation 203 'partselect' 'mult_81' <Predicate = true> <Delay = 0.00>
ST_1 : Operation 204 [1/1] (0.00ns)   --->   "%shl_ln73_228 = bitconcatenate i26 @_ssdm_op_BitConcatenate.i26.i16.i10, i16 %data_11_val_read, i10 0" [firmware/nnet_utils/nnet_mult.h:73->firmware/nnet_utils/nnet_dense_latency.h:42]   --->   Operation 204 'bitconcatenate' 'shl_ln73_228' <Predicate = true> <Delay = 0.00>
ST_1 : Operation 205 [1/1] (0.00ns)   --->   "%shl_ln73_229 = bitconcatenate i24 @_ssdm_op_BitConcatenate.i24.i16.i8, i16 %data_11_val_read, i8 0" [firmware/nnet_utils/nnet_mult.h:73->firmware/nnet_utils/nnet_dense_latency.h:42]   --->   Operation 205 'bitconcatenate' 'shl_ln73_229' <Predicate = true> <Delay = 0.00>
ST_1 : Operation 206 [1/1] (0.00ns)   --->   "%sext_ln73_110 = sext i24 %shl_ln73_229" [firmware/nnet_utils/nnet_mult.h:73->firmware/nnet_utils/nnet_dense_latency.h:42]   --->   Operation 206 'sext' 'sext_ln73_110' <Predicate = true> <Delay = 0.00>
ST_1 : Operation 207 [1/1] (0.00ns)   --->   "%sext_ln73_111 = sext i24 %shl_ln73_229" [firmware/nnet_utils/nnet_mult.h:73->firmware/nnet_utils/nnet_dense_latency.h:42]   --->   Operation 207 'sext' 'sext_ln73_111' <Predicate = true> <Delay = 0.00>
ST_1 : Operation 208 [1/1] (0.84ns)   --->   "%add_ln73_17 = add i26 %shl_ln73_228, i26 %sext_ln73_111" [firmware/nnet_utils/nnet_mult.h:73->firmware/nnet_utils/nnet_dense_latency.h:42]   --->   Operation 208 'add' 'add_ln73_17' <Predicate = true> <Delay = 0.84> <CoreInst = "Adder">   --->   Core 1 'Adder' <Latency = 0> <II = 1> <Delay = 0.84> <FuncUnit> <Opcode : 'add' 'sub'> <InPorts = 2> <OutPorts = 1>
ST_1 : Operation 209 [1/1] (0.00ns)   --->   "%mult_82 = partselect i16 @_ssdm_op_PartSelect.i16.i26.i32.i32, i26 %add_ln73_17, i32 10, i32 25" [firmware/nnet_utils/nnet_dense_latency.h:42]   --->   Operation 209 'partselect' 'mult_82' <Predicate = true> <Delay = 0.00>
ST_1 : Operation 210 [1/1] (0.83ns)   --->   "%sub_ln73_241 = sub i25 0, i25 %sext_ln73_110" [firmware/nnet_utils/nnet_mult.h:73->firmware/nnet_utils/nnet_dense_latency.h:42]   --->   Operation 210 'sub' 'sub_ln73_241' <Predicate = true> <Delay = 0.83> <CoreInst = "Adder">   --->   Core 1 'Adder' <Latency = 0> <II = 1> <Delay = 0.83> <FuncUnit> <Opcode : 'add' 'sub'> <InPorts = 2> <OutPorts = 1>
ST_1 : Operation 211 [1/1] (0.00ns)   --->   "%mult_265 = partselect i15 @_ssdm_op_PartSelect.i15.i25.i32.i32, i25 %sub_ln73_241, i32 10, i32 24" [firmware/nnet_utils/nnet_dense_latency.h:42]   --->   Operation 211 'partselect' 'mult_265' <Predicate = true> <Delay = 0.00>
ST_1 : Operation 212 [1/1] (0.00ns)   --->   "%sext_ln42_147 = sext i15 %mult_265" [firmware/nnet_utils/nnet_dense_latency.h:42]   --->   Operation 212 'sext' 'sext_ln42_147' <Predicate = true> <Delay = 0.00>
ST_1 : Operation 213 [1/1] (0.00ns)   --->   "%mult_83 = partselect i15 @_ssdm_op_PartSelect.i15.i16.i32.i32, i16 %data_11_val_read, i32 1, i32 15" [firmware/nnet_utils/nnet_dense_latency.h:42]   --->   Operation 213 'partselect' 'mult_83' <Predicate = true> <Delay = 0.00>
ST_1 : Operation 214 [1/1] (0.00ns)   --->   "%sext_ln42_148 = sext i15 %mult_83" [firmware/nnet_utils/nnet_dense_latency.h:42]   --->   Operation 214 'sext' 'sext_ln42_148' <Predicate = true> <Delay = 0.00>
ST_1 : Operation 215 [1/1] (0.00ns)   --->   "%shl_ln73_230 = bitconcatenate i23 @_ssdm_op_BitConcatenate.i23.i16.i7, i16 %data_11_val_read, i7 0" [firmware/nnet_utils/nnet_mult.h:73->firmware/nnet_utils/nnet_dense_latency.h:42]   --->   Operation 215 'bitconcatenate' 'shl_ln73_230' <Predicate = true> <Delay = 0.00>
ST_1 : Operation 216 [1/1] (0.00ns)   --->   "%sext_ln73_112 = sext i23 %shl_ln73_230" [firmware/nnet_utils/nnet_mult.h:73->firmware/nnet_utils/nnet_dense_latency.h:42]   --->   Operation 216 'sext' 'sext_ln73_112' <Predicate = true> <Delay = 0.00>
ST_1 : Operation 217 [1/1] (0.83ns)   --->   "%sub_ln73_242 = sub i26 %sext_ln73_109, i26 %sext_ln73_112" [firmware/nnet_utils/nnet_mult.h:73->firmware/nnet_utils/nnet_dense_latency.h:42]   --->   Operation 217 'sub' 'sub_ln73_242' <Predicate = true> <Delay = 0.83> <CoreInst = "Adder">   --->   Core 1 'Adder' <Latency = 0> <II = 1> <Delay = 0.83> <FuncUnit> <Opcode : 'add' 'sub'> <InPorts = 2> <OutPorts = 1>
ST_1 : Operation 218 [1/1] (0.00ns)   --->   "%mult_84 = partselect i16 @_ssdm_op_PartSelect.i16.i26.i32.i32, i26 %sub_ln73_242, i32 10, i32 25" [firmware/nnet_utils/nnet_dense_latency.h:42]   --->   Operation 218 'partselect' 'mult_84' <Predicate = true> <Delay = 0.00>
ST_1 : Operation 219 [1/1] (0.00ns)   --->   "%shl_ln73_231 = bitconcatenate i22 @_ssdm_op_BitConcatenate.i22.i16.i6, i16 %data_11_val_read, i6 0" [firmware/nnet_utils/nnet_mult.h:73->firmware/nnet_utils/nnet_dense_latency.h:42]   --->   Operation 219 'bitconcatenate' 'shl_ln73_231' <Predicate = true> <Delay = 0.00>
ST_1 : Operation 220 [1/1] (0.00ns)   --->   "%sext_ln73_113 = sext i22 %shl_ln73_231" [firmware/nnet_utils/nnet_mult.h:73->firmware/nnet_utils/nnet_dense_latency.h:42]   --->   Operation 220 'sext' 'sext_ln73_113' <Predicate = true> <Delay = 0.00>
ST_1 : Operation 221 [1/1] (0.00ns)   --->   "%sext_ln73_114 = sext i22 %shl_ln73_231" [firmware/nnet_utils/nnet_mult.h:73->firmware/nnet_utils/nnet_dense_latency.h:42]   --->   Operation 221 'sext' 'sext_ln73_114' <Predicate = true> <Delay = 0.00>
ST_1 : Operation 222 [1/1] (0.84ns)   --->   "%sub_ln73_243 = sub i26 %sub_ln73_240, i26 %sext_ln73_114" [firmware/nnet_utils/nnet_mult.h:73->firmware/nnet_utils/nnet_dense_latency.h:42]   --->   Operation 222 'sub' 'sub_ln73_243' <Predicate = true> <Delay = 0.84> <CoreInst = "Adder">   --->   Core 1 'Adder' <Latency = 0> <II = 1> <Delay = 0.84> <FuncUnit> <Opcode : 'add' 'sub'> <InPorts = 2> <OutPorts = 1>
ST_1 : Operation 223 [1/1] (0.00ns)   --->   "%mult_85 = partselect i16 @_ssdm_op_PartSelect.i16.i26.i32.i32, i26 %sub_ln73_243, i32 10, i32 25" [firmware/nnet_utils/nnet_dense_latency.h:42]   --->   Operation 223 'partselect' 'mult_85' <Predicate = true> <Delay = 0.00>
ST_1 : Operation 224 [1/1] (0.00ns)   --->   "%trunc_ln73_7 = trunc i16 %data_11_val_read" [firmware/nnet_utils/nnet_mult.h:73->firmware/nnet_utils/nnet_dense_latency.h:42]   --->   Operation 224 'trunc' 'trunc_ln73_7' <Predicate = true> <Delay = 0.00>
ST_1 : Operation 225 [1/1] (0.00ns)   --->   "%shl_ln73_232 = bitconcatenate i26 @_ssdm_op_BitConcatenate.i26.i15.i11, i15 %trunc_ln73_7, i11 0" [firmware/nnet_utils/nnet_mult.h:73->firmware/nnet_utils/nnet_dense_latency.h:42]   --->   Operation 225 'bitconcatenate' 'shl_ln73_232' <Predicate = true> <Delay = 0.00>
ST_1 : Operation 226 [1/1] (0.84ns)   --->   "%sub_ln73_244 = sub i26 0, i26 %shl_ln73_232" [firmware/nnet_utils/nnet_mult.h:73->firmware/nnet_utils/nnet_dense_latency.h:42]   --->   Operation 226 'sub' 'sub_ln73_244' <Predicate = true> <Delay = 0.84> <CoreInst = "Adder">   --->   Core 1 'Adder' <Latency = 0> <II = 1> <Delay = 0.84> <FuncUnit> <Opcode : 'add' 'sub'> <InPorts = 2> <OutPorts = 1>
ST_1 : Operation 227 [1/1] (0.00ns)   --->   "%mult_86 = partselect i16 @_ssdm_op_PartSelect.i16.i26.i32.i32, i26 %sub_ln73_244, i32 10, i32 25" [firmware/nnet_utils/nnet_dense_latency.h:42]   --->   Operation 227 'partselect' 'mult_86' <Predicate = true> <Delay = 0.00>
ST_1 : Operation 228 [1/1] (0.83ns)   --->   "%add_ln73_18 = add i26 %sext_ln73_109, i26 %sext_ln73_112" [firmware/nnet_utils/nnet_mult.h:73->firmware/nnet_utils/nnet_dense_latency.h:42]   --->   Operation 228 'add' 'add_ln73_18' <Predicate = true> <Delay = 0.83> <CoreInst = "Adder">   --->   Core 1 'Adder' <Latency = 0> <II = 1> <Delay = 0.83> <FuncUnit> <Opcode : 'add' 'sub'> <InPorts = 2> <OutPorts = 1>
ST_1 : Operation 229 [1/1] (0.00ns)   --->   "%mult_87 = partselect i16 @_ssdm_op_PartSelect.i16.i26.i32.i32, i26 %add_ln73_18, i32 10, i32 25" [firmware/nnet_utils/nnet_dense_latency.h:42]   --->   Operation 229 'partselect' 'mult_87' <Predicate = true> <Delay = 0.00>
ST_1 : Operation 230 [1/1] (0.82ns)   --->   "%sub_ln73_245 = sub i23 0, i23 %sext_ln73_113" [firmware/nnet_utils/nnet_mult.h:73->firmware/nnet_utils/nnet_dense_latency.h:42]   --->   Operation 230 'sub' 'sub_ln73_245' <Predicate = true> <Delay = 0.82> <CoreInst = "Adder">   --->   Core 1 'Adder' <Latency = 0> <II = 1> <Delay = 0.82> <FuncUnit> <Opcode : 'add' 'sub'> <InPorts = 2> <OutPorts = 1>
ST_1 : Operation 231 [1/1] (0.00ns)   --->   "%mult_266 = partselect i13 @_ssdm_op_PartSelect.i13.i23.i32.i32, i23 %sub_ln73_245, i32 10, i32 22" [firmware/nnet_utils/nnet_dense_latency.h:42]   --->   Operation 231 'partselect' 'mult_266' <Predicate = true> <Delay = 0.00>
ST_1 : Operation 232 [1/1] (0.00ns)   --->   "%sext_ln42_149 = sext i13 %mult_266" [firmware/nnet_utils/nnet_dense_latency.h:42]   --->   Operation 232 'sext' 'sext_ln42_149' <Predicate = true> <Delay = 0.00>
ST_1 : Operation 233 [1/1] (0.00ns)   --->   "%sext_ln73_115 = sext i16 %data_13_val_read" [firmware/nnet_utils/nnet_mult.h:73->firmware/nnet_utils/nnet_dense_latency.h:42]   --->   Operation 233 'sext' 'sext_ln73_115' <Predicate = true> <Delay = 0.00>
ST_1 : Operation 234 [1/1] (0.00ns)   --->   "%trunc_ln73_8 = trunc i16 %data_13_val_read" [firmware/nnet_utils/nnet_mult.h:73->firmware/nnet_utils/nnet_dense_latency.h:42]   --->   Operation 234 'trunc' 'trunc_ln73_8' <Predicate = true> <Delay = 0.00>
ST_1 : Operation 235 [1/1] (0.00ns)   --->   "%shl_ln73_233 = bitconcatenate i26 @_ssdm_op_BitConcatenate.i26.i15.i11, i15 %trunc_ln73_8, i11 0" [firmware/nnet_utils/nnet_mult.h:73->firmware/nnet_utils/nnet_dense_latency.h:42]   --->   Operation 235 'bitconcatenate' 'shl_ln73_233' <Predicate = true> <Delay = 0.00>
ST_1 : Operation 236 [1/1] (0.84ns)   --->   "%sub_ln73_246 = sub i26 0, i26 %shl_ln73_233" [firmware/nnet_utils/nnet_mult.h:73->firmware/nnet_utils/nnet_dense_latency.h:42]   --->   Operation 236 'sub' 'sub_ln73_246' <Predicate = true> <Delay = 0.84> <CoreInst = "Adder">   --->   Core 1 'Adder' <Latency = 0> <II = 1> <Delay = 0.84> <FuncUnit> <Opcode : 'add' 'sub'> <InPorts = 2> <OutPorts = 1>
ST_1 : Operation 237 [1/1] (0.00ns)   --->   "%mult_88 = partselect i16 @_ssdm_op_PartSelect.i16.i26.i32.i32, i26 %sub_ln73_246, i32 10, i32 25" [firmware/nnet_utils/nnet_dense_latency.h:42]   --->   Operation 237 'partselect' 'mult_88' <Predicate = true> <Delay = 0.00>
ST_1 : Operation 238 [1/1] (0.00ns)   --->   "%shl_ln73_234 = bitconcatenate i25 @_ssdm_op_BitConcatenate.i25.i16.i9, i16 %data_13_val_read, i9 0" [firmware/nnet_utils/nnet_mult.h:73->firmware/nnet_utils/nnet_dense_latency.h:42]   --->   Operation 238 'bitconcatenate' 'shl_ln73_234' <Predicate = true> <Delay = 0.00>
ST_1 : Operation 239 [1/1] (0.00ns)   --->   "%sext_ln73_116 = sext i25 %shl_ln73_234" [firmware/nnet_utils/nnet_mult.h:73->firmware/nnet_utils/nnet_dense_latency.h:42]   --->   Operation 239 'sext' 'sext_ln73_116' <Predicate = true> <Delay = 0.00>
ST_1 : Operation 240 [1/1] (0.84ns)   --->   "%sub_ln73_247 = sub i26 %sub_ln73_246, i26 %sext_ln73_116" [firmware/nnet_utils/nnet_mult.h:73->firmware/nnet_utils/nnet_dense_latency.h:42]   --->   Operation 240 'sub' 'sub_ln73_247' <Predicate = true> <Delay = 0.84> <CoreInst = "Adder">   --->   Core 1 'Adder' <Latency = 0> <II = 1> <Delay = 0.84> <FuncUnit> <Opcode : 'add' 'sub'> <InPorts = 2> <OutPorts = 1>
ST_1 : Operation 241 [1/1] (0.00ns)   --->   "%mult_89 = partselect i16 @_ssdm_op_PartSelect.i16.i26.i32.i32, i26 %sub_ln73_247, i32 10, i32 25" [firmware/nnet_utils/nnet_dense_latency.h:42]   --->   Operation 241 'partselect' 'mult_89' <Predicate = true> <Delay = 0.00>
ST_1 : Operation 242 [1/1] (1.94ns)   --->   "%mul_ln73 = mul i26 %sext_ln73_115, i26 416" [firmware/nnet_utils/nnet_mult.h:73->firmware/nnet_utils/nnet_dense_latency.h:42]   --->   Operation 242 'mul' 'mul_ln73' <Predicate = true> <Delay = 1.94> <CoreInst = "Multiplier">   --->   Core 3 'Multiplier' <Latency = 0> <II = 1> <Delay = 1.94> <FuncUnit> <Opcode : 'mul'> <InPorts = 2> <OutPorts = 1>
ST_1 : Operation 243 [1/1] (0.00ns)   --->   "%mult_90 = partselect i16 @_ssdm_op_PartSelect.i16.i26.i32.i32, i26 %mul_ln73, i32 10, i32 25" [firmware/nnet_utils/nnet_dense_latency.h:42]   --->   Operation 243 'partselect' 'mult_90' <Predicate = true> <Delay = 0.00>
ST_1 : Operation 244 [1/1] (0.83ns)   --->   "%sub_ln73_248 = sub i26 0, i26 %sext_ln73_116" [firmware/nnet_utils/nnet_mult.h:73->firmware/nnet_utils/nnet_dense_latency.h:42]   --->   Operation 244 'sub' 'sub_ln73_248' <Predicate = true> <Delay = 0.83> <CoreInst = "Adder">   --->   Core 1 'Adder' <Latency = 0> <II = 1> <Delay = 0.83> <FuncUnit> <Opcode : 'add' 'sub'> <InPorts = 2> <OutPorts = 1>
ST_1 : Operation 245 [1/1] (0.00ns)   --->   "%mult_91 = partselect i16 @_ssdm_op_PartSelect.i16.i26.i32.i32, i26 %sub_ln73_248, i32 10, i32 25" [firmware/nnet_utils/nnet_dense_latency.h:42]   --->   Operation 245 'partselect' 'mult_91' <Predicate = true> <Delay = 0.00>
ST_1 : Operation 246 [1/1] (0.00ns)   --->   "%shl_ln73_235 = bitconcatenate i26 @_ssdm_op_BitConcatenate.i26.i16.i10, i16 %data_13_val_read, i10 0" [firmware/nnet_utils/nnet_mult.h:73->firmware/nnet_utils/nnet_dense_latency.h:42]   --->   Operation 246 'bitconcatenate' 'shl_ln73_235' <Predicate = true> <Delay = 0.00>
ST_1 : Operation 247 [1/1] (0.84ns)   --->   "%sub_ln73_249 = sub i26 0, i26 %shl_ln73_235" [firmware/nnet_utils/nnet_mult.h:73->firmware/nnet_utils/nnet_dense_latency.h:42]   --->   Operation 247 'sub' 'sub_ln73_249' <Predicate = true> <Delay = 0.84> <CoreInst = "Adder">   --->   Core 1 'Adder' <Latency = 0> <II = 1> <Delay = 0.84> <FuncUnit> <Opcode : 'add' 'sub'> <InPorts = 2> <OutPorts = 1>
ST_1 : Operation 248 [1/1] (0.00ns)   --->   "%mult_92 = partselect i16 @_ssdm_op_PartSelect.i16.i26.i32.i32, i26 %sub_ln73_249, i32 10, i32 25" [firmware/nnet_utils/nnet_dense_latency.h:42]   --->   Operation 248 'partselect' 'mult_92' <Predicate = true> <Delay = 0.00>
ST_1 : Operation 249 [1/1] (0.00ns)   --->   "%shl_ln73_236 = bitconcatenate i24 @_ssdm_op_BitConcatenate.i24.i16.i8, i16 %data_13_val_read, i8 0" [firmware/nnet_utils/nnet_mult.h:73->firmware/nnet_utils/nnet_dense_latency.h:42]   --->   Operation 249 'bitconcatenate' 'shl_ln73_236' <Predicate = true> <Delay = 0.00>
ST_1 : Operation 250 [1/1] (0.00ns)   --->   "%sext_ln73_117 = sext i24 %shl_ln73_236" [firmware/nnet_utils/nnet_mult.h:73->firmware/nnet_utils/nnet_dense_latency.h:42]   --->   Operation 250 'sext' 'sext_ln73_117' <Predicate = true> <Delay = 0.00>
ST_1 : Operation 251 [1/1] (0.83ns)   --->   "%sub_ln73_250 = sub i25 0, i25 %sext_ln73_117" [firmware/nnet_utils/nnet_mult.h:73->firmware/nnet_utils/nnet_dense_latency.h:42]   --->   Operation 251 'sub' 'sub_ln73_250' <Predicate = true> <Delay = 0.83> <CoreInst = "Adder">   --->   Core 1 'Adder' <Latency = 0> <II = 1> <Delay = 0.83> <FuncUnit> <Opcode : 'add' 'sub'> <InPorts = 2> <OutPorts = 1>
ST_1 : Operation 252 [1/1] (0.00ns)   --->   "%mult_267 = partselect i15 @_ssdm_op_PartSelect.i15.i25.i32.i32, i25 %sub_ln73_250, i32 10, i32 24" [firmware/nnet_utils/nnet_dense_latency.h:42]   --->   Operation 252 'partselect' 'mult_267' <Predicate = true> <Delay = 0.00>
ST_1 : Operation 253 [1/1] (0.00ns)   --->   "%sext_ln42_150 = sext i15 %mult_267" [firmware/nnet_utils/nnet_dense_latency.h:42]   --->   Operation 253 'sext' 'sext_ln42_150' <Predicate = true> <Delay = 0.00>
ST_1 : Operation 254 [1/1] (0.00ns)   --->   "%mult_93 = partselect i12 @_ssdm_op_PartSelect.i12.i14.i32.i32, i14 %data_19_val_read, i32 2, i32 13" [firmware/nnet_utils/nnet_dense_latency.h:42]   --->   Operation 254 'partselect' 'mult_93' <Predicate = true> <Delay = 0.00>
ST_1 : Operation 255 [1/1] (0.00ns)   --->   "%zext_ln42_36 = zext i12 %mult_93" [firmware/nnet_utils/nnet_dense_latency.h:42]   --->   Operation 255 'zext' 'zext_ln42_36' <Predicate = true> <Delay = 0.00>
ST_1 : Operation 256 [1/1] (0.00ns)   --->   "%zext_ln17_27 = zext i12 %mult_93" [firmware/nnet_utils/nnet_dense_latency.h:17]   --->   Operation 256 'zext' 'zext_ln17_27' <Predicate = true> <Delay = 0.00>
ST_1 : Operation 257 [1/1] (0.00ns)   --->   "%tmp_88 = partselect i10 @_ssdm_op_PartSelect.i10.i14.i32.i32, i14 %data_19_val_read, i32 4, i32 13" [firmware/nnet_utils/nnet_dense_latency.h:17]   --->   Operation 257 'partselect' 'tmp_88' <Predicate = true> <Delay = 0.00>
ST_1 : Operation 258 [1/1] (0.00ns)   --->   "%zext_ln17_28 = zext i10 %tmp_88" [firmware/nnet_utils/nnet_dense_latency.h:17]   --->   Operation 258 'zext' 'zext_ln17_28' <Predicate = true> <Delay = 0.00>
ST_1 : Operation 259 [1/1] (0.00ns)   --->   "%shl_ln73_237 = bitconcatenate i24 @_ssdm_op_BitConcatenate.i24.i14.i10, i14 %data_19_val_read, i10 0" [firmware/nnet_utils/nnet_mult.h:73->firmware/nnet_utils/nnet_dense_latency.h:42]   --->   Operation 259 'bitconcatenate' 'shl_ln73_237' <Predicate = true> <Delay = 0.00>
ST_1 : Operation 260 [1/1] (0.00ns)   --->   "%zext_ln73_145 = zext i24 %shl_ln73_237" [firmware/nnet_utils/nnet_mult.h:73->firmware/nnet_utils/nnet_dense_latency.h:42]   --->   Operation 260 'zext' 'zext_ln73_145' <Predicate = true> <Delay = 0.00>
ST_1 : Operation 261 [1/1] (0.83ns)   --->   "%sub_ln73_251 = sub i25 0, i25 %zext_ln73_145" [firmware/nnet_utils/nnet_mult.h:73->firmware/nnet_utils/nnet_dense_latency.h:42]   --->   Operation 261 'sub' 'sub_ln73_251' <Predicate = true> <Delay = 0.83> <CoreInst = "Adder">   --->   Core 1 'Adder' <Latency = 0> <II = 1> <Delay = 0.83> <FuncUnit> <Opcode : 'add' 'sub'> <InPorts = 2> <OutPorts = 1>
ST_1 : Operation 262 [1/1] (0.00ns)   --->   "%mult_268 = partselect i15 @_ssdm_op_PartSelect.i15.i25.i32.i32, i25 %sub_ln73_251, i32 10, i32 24" [firmware/nnet_utils/nnet_dense_latency.h:42]   --->   Operation 262 'partselect' 'mult_268' <Predicate = true> <Delay = 0.00>
ST_1 : Operation 263 [1/1] (0.00ns)   --->   "%sext_ln42_151 = sext i15 %mult_268" [firmware/nnet_utils/nnet_dense_latency.h:42]   --->   Operation 263 'sext' 'sext_ln42_151' <Predicate = true> <Delay = 0.00>
ST_1 : Operation 264 [1/1] (0.00ns)   --->   "%shl_ln73_238 = bitconcatenate i22 @_ssdm_op_BitConcatenate.i22.i14.i8, i14 %data_19_val_read, i8 0" [firmware/nnet_utils/nnet_mult.h:73->firmware/nnet_utils/nnet_dense_latency.h:42]   --->   Operation 264 'bitconcatenate' 'shl_ln73_238' <Predicate = true> <Delay = 0.00>
ST_1 : Operation 265 [1/1] (0.00ns)   --->   "%zext_ln73_146 = zext i22 %shl_ln73_238" [firmware/nnet_utils/nnet_mult.h:73->firmware/nnet_utils/nnet_dense_latency.h:42]   --->   Operation 265 'zext' 'zext_ln73_146' <Predicate = true> <Delay = 0.00>
ST_1 : Operation 266 [1/1] (0.82ns)   --->   "%sub_ln73_252 = sub i23 0, i23 %zext_ln73_146" [firmware/nnet_utils/nnet_mult.h:73->firmware/nnet_utils/nnet_dense_latency.h:42]   --->   Operation 266 'sub' 'sub_ln73_252' <Predicate = true> <Delay = 0.82> <CoreInst = "Adder">   --->   Core 1 'Adder' <Latency = 0> <II = 1> <Delay = 0.82> <FuncUnit> <Opcode : 'add' 'sub'> <InPorts = 2> <OutPorts = 1>
ST_1 : Operation 267 [1/1] (0.00ns)   --->   "%mult_269 = partselect i13 @_ssdm_op_PartSelect.i13.i23.i32.i32, i23 %sub_ln73_252, i32 10, i32 22" [firmware/nnet_utils/nnet_dense_latency.h:42]   --->   Operation 267 'partselect' 'mult_269' <Predicate = true> <Delay = 0.00>
ST_1 : Operation 268 [1/1] (0.00ns)   --->   "%sext_ln42_152 = sext i13 %mult_269" [firmware/nnet_utils/nnet_dense_latency.h:42]   --->   Operation 268 'sext' 'sext_ln42_152' <Predicate = true> <Delay = 0.00>
ST_1 : Operation 269 [1/1] (0.00ns)   --->   "%shl_ln73_239 = bitconcatenate i23 @_ssdm_op_BitConcatenate.i23.i14.i9, i14 %data_19_val_read, i9 0" [firmware/nnet_utils/nnet_mult.h:73->firmware/nnet_utils/nnet_dense_latency.h:42]   --->   Operation 269 'bitconcatenate' 'shl_ln73_239' <Predicate = true> <Delay = 0.00>
ST_1 : Operation 270 [1/1] (0.00ns)   --->   "%zext_ln73_147 = zext i23 %shl_ln73_239" [firmware/nnet_utils/nnet_mult.h:73->firmware/nnet_utils/nnet_dense_latency.h:42]   --->   Operation 270 'zext' 'zext_ln73_147' <Predicate = true> <Delay = 0.00>
ST_1 : Operation 271 [1/1] (0.82ns)   --->   "%sub_ln73_253 = sub i24 0, i24 %zext_ln73_147" [firmware/nnet_utils/nnet_mult.h:73->firmware/nnet_utils/nnet_dense_latency.h:42]   --->   Operation 271 'sub' 'sub_ln73_253' <Predicate = true> <Delay = 0.82> <CoreInst = "Adder">   --->   Core 1 'Adder' <Latency = 0> <II = 1> <Delay = 0.82> <FuncUnit> <Opcode : 'add' 'sub'> <InPorts = 2> <OutPorts = 1>
ST_1 : Operation 272 [1/1] (0.00ns)   --->   "%mult_270 = partselect i14 @_ssdm_op_PartSelect.i14.i24.i32.i32, i24 %sub_ln73_253, i32 10, i32 23" [firmware/nnet_utils/nnet_dense_latency.h:42]   --->   Operation 272 'partselect' 'mult_270' <Predicate = true> <Delay = 0.00>
ST_1 : Operation 273 [1/1] (0.00ns)   --->   "%sext_ln42_153 = sext i14 %mult_270" [firmware/nnet_utils/nnet_dense_latency.h:42]   --->   Operation 273 'sext' 'sext_ln42_153' <Predicate = true> <Delay = 0.00>
ST_1 : Operation 274 [1/1] (0.00ns)   --->   "%shl_ln73_240 = bitconcatenate i25 @_ssdm_op_BitConcatenate.i25.i15.i10, i15 %data_20_val_read, i10 0" [firmware/nnet_utils/nnet_mult.h:73->firmware/nnet_utils/nnet_dense_latency.h:42]   --->   Operation 274 'bitconcatenate' 'shl_ln73_240' <Predicate = true> <Delay = 0.00>
ST_1 : Operation 275 [1/1] (0.00ns)   --->   "%zext_ln73_148 = zext i25 %shl_ln73_240" [firmware/nnet_utils/nnet_mult.h:73->firmware/nnet_utils/nnet_dense_latency.h:42]   --->   Operation 275 'zext' 'zext_ln73_148' <Predicate = true> <Delay = 0.00>
ST_1 : Operation 276 [1/1] (0.83ns)   --->   "%sub_ln73_254 = sub i26 0, i26 %zext_ln73_148" [firmware/nnet_utils/nnet_mult.h:73->firmware/nnet_utils/nnet_dense_latency.h:42]   --->   Operation 276 'sub' 'sub_ln73_254' <Predicate = true> <Delay = 0.83> <CoreInst = "Adder">   --->   Core 1 'Adder' <Latency = 0> <II = 1> <Delay = 0.83> <FuncUnit> <Opcode : 'add' 'sub'> <InPorts = 2> <OutPorts = 1>
ST_1 : Operation 277 [1/1] (0.00ns)   --->   "%mult_94 = partselect i16 @_ssdm_op_PartSelect.i16.i26.i32.i32, i26 %sub_ln73_254, i32 10, i32 25" [firmware/nnet_utils/nnet_dense_latency.h:42]   --->   Operation 277 'partselect' 'mult_94' <Predicate = true> <Delay = 0.00>
ST_1 : Operation 278 [1/1] (0.00ns)   --->   "%shl_ln73_241 = bitconcatenate i23 @_ssdm_op_BitConcatenate.i23.i15.i8, i15 %data_20_val_read, i8 0" [firmware/nnet_utils/nnet_mult.h:73->firmware/nnet_utils/nnet_dense_latency.h:42]   --->   Operation 278 'bitconcatenate' 'shl_ln73_241' <Predicate = true> <Delay = 0.00>
ST_1 : Operation 279 [1/1] (0.00ns)   --->   "%zext_ln73_149 = zext i23 %shl_ln73_241" [firmware/nnet_utils/nnet_mult.h:73->firmware/nnet_utils/nnet_dense_latency.h:42]   --->   Operation 279 'zext' 'zext_ln73_149' <Predicate = true> <Delay = 0.00>
ST_1 : Operation 280 [1/1] (0.00ns)   --->   "%zext_ln73_150 = zext i23 %shl_ln73_241" [firmware/nnet_utils/nnet_mult.h:73->firmware/nnet_utils/nnet_dense_latency.h:42]   --->   Operation 280 'zext' 'zext_ln73_150' <Predicate = true> <Delay = 0.00>
ST_1 : Operation 281 [1/1] (0.82ns)   --->   "%sub_ln73_255 = sub i24 0, i24 %zext_ln73_150" [firmware/nnet_utils/nnet_mult.h:73->firmware/nnet_utils/nnet_dense_latency.h:42]   --->   Operation 281 'sub' 'sub_ln73_255' <Predicate = true> <Delay = 0.82> <CoreInst = "Adder">   --->   Core 1 'Adder' <Latency = 0> <II = 1> <Delay = 0.82> <FuncUnit> <Opcode : 'add' 'sub'> <InPorts = 2> <OutPorts = 1>
ST_1 : Operation 282 [1/1] (0.00ns)   --->   "%mult_271 = partselect i14 @_ssdm_op_PartSelect.i14.i24.i32.i32, i24 %sub_ln73_255, i32 10, i32 23" [firmware/nnet_utils/nnet_dense_latency.h:42]   --->   Operation 282 'partselect' 'mult_271' <Predicate = true> <Delay = 0.00>
ST_1 : Operation 283 [1/1] (0.00ns)   --->   "%sext_ln42_154 = sext i14 %mult_271" [firmware/nnet_utils/nnet_dense_latency.h:42]   --->   Operation 283 'sext' 'sext_ln42_154' <Predicate = true> <Delay = 0.00>
ST_1 : Operation 284 [1/1] (0.00ns)   --->   "%tmp_89 = partselect i11 @_ssdm_op_PartSelect.i11.i15.i32.i32, i15 %data_20_val_read, i32 4, i32 14" [firmware/nnet_utils/nnet_dense_latency.h:17]   --->   Operation 284 'partselect' 'tmp_89' <Predicate = true> <Delay = 0.00>
ST_1 : Operation 285 [1/1] (0.00ns)   --->   "%zext_ln17_29 = zext i11 %tmp_89" [firmware/nnet_utils/nnet_dense_latency.h:17]   --->   Operation 285 'zext' 'zext_ln17_29' <Predicate = true> <Delay = 0.00>
ST_1 : Operation 286 [1/1] (0.00ns)   --->   "%shl_ln73_242 = bitconcatenate i22 @_ssdm_op_BitConcatenate.i22.i15.i7, i15 %data_20_val_read, i7 0" [firmware/nnet_utils/nnet_mult.h:73->firmware/nnet_utils/nnet_dense_latency.h:42]   --->   Operation 286 'bitconcatenate' 'shl_ln73_242' <Predicate = true> <Delay = 0.00>
ST_1 : Operation 287 [1/1] (0.00ns)   --->   "%zext_ln73_151 = zext i22 %shl_ln73_242" [firmware/nnet_utils/nnet_mult.h:73->firmware/nnet_utils/nnet_dense_latency.h:42]   --->   Operation 287 'zext' 'zext_ln73_151' <Predicate = true> <Delay = 0.00>
ST_1 : Operation 288 [1/1] (0.82ns)   --->   "%sub_ln73_256 = sub i23 0, i23 %zext_ln73_151" [firmware/nnet_utils/nnet_mult.h:73->firmware/nnet_utils/nnet_dense_latency.h:42]   --->   Operation 288 'sub' 'sub_ln73_256' <Predicate = true> <Delay = 0.82> <CoreInst = "Adder">   --->   Core 1 'Adder' <Latency = 0> <II = 1> <Delay = 0.82> <FuncUnit> <Opcode : 'add' 'sub'> <InPorts = 2> <OutPorts = 1>
ST_1 : Operation 289 [1/1] (0.00ns)   --->   "%mult_272 = partselect i13 @_ssdm_op_PartSelect.i13.i23.i32.i32, i23 %sub_ln73_256, i32 10, i32 22" [firmware/nnet_utils/nnet_dense_latency.h:42]   --->   Operation 289 'partselect' 'mult_272' <Predicate = true> <Delay = 0.00>
ST_1 : Operation 290 [1/1] (0.00ns)   --->   "%sext_ln42_155 = sext i13 %mult_272" [firmware/nnet_utils/nnet_dense_latency.h:42]   --->   Operation 290 'sext' 'sext_ln42_155' <Predicate = true> <Delay = 0.00>
ST_1 : Operation 291 [1/1] (0.00ns)   --->   "%mult_95 = partselect i14 @_ssdm_op_PartSelect.i14.i15.i32.i32, i15 %data_20_val_read, i32 1, i32 14" [firmware/nnet_utils/nnet_dense_latency.h:42]   --->   Operation 291 'partselect' 'mult_95' <Predicate = true> <Delay = 0.00>
ST_1 : Operation 292 [1/1] (0.00ns)   --->   "%zext_ln42_37 = zext i14 %mult_95" [firmware/nnet_utils/nnet_dense_latency.h:42]   --->   Operation 292 'zext' 'zext_ln42_37' <Predicate = true> <Delay = 0.00>
ST_1 : Operation 293 [1/1] (0.00ns)   --->   "%shl_ln73_243 = bitconcatenate i26 @_ssdm_op_BitConcatenate.i26.i15.i11, i15 %data_20_val_read, i11 0" [firmware/nnet_utils/nnet_mult.h:73->firmware/nnet_utils/nnet_dense_latency.h:42]   --->   Operation 293 'bitconcatenate' 'shl_ln73_243' <Predicate = true> <Delay = 0.00>
ST_1 : Operation 294 [1/1] (0.84ns)   --->   "%sub_ln73_257 = sub i26 0, i26 %shl_ln73_243" [firmware/nnet_utils/nnet_mult.h:73->firmware/nnet_utils/nnet_dense_latency.h:42]   --->   Operation 294 'sub' 'sub_ln73_257' <Predicate = true> <Delay = 0.84> <CoreInst = "Adder">   --->   Core 1 'Adder' <Latency = 0> <II = 1> <Delay = 0.84> <FuncUnit> <Opcode : 'add' 'sub'> <InPorts = 2> <OutPorts = 1>
ST_1 : Operation 295 [1/1] (0.00ns)   --->   "%mult_96 = partselect i16 @_ssdm_op_PartSelect.i16.i26.i32.i32, i26 %sub_ln73_257, i32 10, i32 25" [firmware/nnet_utils/nnet_dense_latency.h:42]   --->   Operation 295 'partselect' 'mult_96' <Predicate = true> <Delay = 0.00>
ST_1 : Operation 296 [1/1] (0.00ns)   --->   "%trunc_ln73_9 = trunc i15 %data_20_val_read" [firmware/nnet_utils/nnet_mult.h:73->firmware/nnet_utils/nnet_dense_latency.h:42]   --->   Operation 296 'trunc' 'trunc_ln73_9' <Predicate = true> <Delay = 0.00>
ST_1 : Operation 297 [1/1] (0.00ns)   --->   "%shl_ln73_244 = bitconcatenate i26 @_ssdm_op_BitConcatenate.i26.i14.i12, i14 %trunc_ln73_9, i12 0" [firmware/nnet_utils/nnet_mult.h:73->firmware/nnet_utils/nnet_dense_latency.h:42]   --->   Operation 297 'bitconcatenate' 'shl_ln73_244' <Predicate = true> <Delay = 0.00>
ST_1 : Operation 298 [1/1] (0.84ns)   --->   "%sub_ln73_258 = sub i26 0, i26 %shl_ln73_244" [firmware/nnet_utils/nnet_mult.h:73->firmware/nnet_utils/nnet_dense_latency.h:42]   --->   Operation 298 'sub' 'sub_ln73_258' <Predicate = true> <Delay = 0.84> <CoreInst = "Adder">   --->   Core 1 'Adder' <Latency = 0> <II = 1> <Delay = 0.84> <FuncUnit> <Opcode : 'add' 'sub'> <InPorts = 2> <OutPorts = 1>
ST_1 : Operation 299 [1/1] (0.00ns)   --->   "%mult_97 = partselect i16 @_ssdm_op_PartSelect.i16.i26.i32.i32, i26 %sub_ln73_258, i32 10, i32 25" [firmware/nnet_utils/nnet_dense_latency.h:42]   --->   Operation 299 'partselect' 'mult_97' <Predicate = true> <Delay = 0.00>
ST_1 : Operation 300 [1/1] (0.83ns)   --->   "%sub_ln73_259 = sub i26 %zext_ln73_148, i26 %zext_ln73_149" [firmware/nnet_utils/nnet_mult.h:73->firmware/nnet_utils/nnet_dense_latency.h:42]   --->   Operation 300 'sub' 'sub_ln73_259' <Predicate = true> <Delay = 0.83> <CoreInst = "Adder">   --->   Core 1 'Adder' <Latency = 0> <II = 1> <Delay = 0.83> <FuncUnit> <Opcode : 'add' 'sub'> <InPorts = 2> <OutPorts = 1>
ST_1 : Operation 301 [1/1] (0.00ns)   --->   "%mult_98 = partselect i16 @_ssdm_op_PartSelect.i16.i26.i32.i32, i26 %sub_ln73_259, i32 10, i32 25" [firmware/nnet_utils/nnet_dense_latency.h:42]   --->   Operation 301 'partselect' 'mult_98' <Predicate = true> <Delay = 0.00>
ST_1 : Operation 302 [1/1] (0.00ns)   --->   "%shl_ln73_245 = bitconcatenate i24 @_ssdm_op_BitConcatenate.i24.i15.i9, i15 %data_20_val_read, i9 0" [firmware/nnet_utils/nnet_mult.h:73->firmware/nnet_utils/nnet_dense_latency.h:42]   --->   Operation 302 'bitconcatenate' 'shl_ln73_245' <Predicate = true> <Delay = 0.00>
ST_1 : Operation 303 [1/1] (0.00ns)   --->   "%zext_ln73_152 = zext i24 %shl_ln73_245" [firmware/nnet_utils/nnet_mult.h:73->firmware/nnet_utils/nnet_dense_latency.h:42]   --->   Operation 303 'zext' 'zext_ln73_152' <Predicate = true> <Delay = 0.00>
ST_1 : Operation 304 [1/1] (0.83ns)   --->   "%sub_ln73_260 = sub i25 0, i25 %zext_ln73_152" [firmware/nnet_utils/nnet_mult.h:73->firmware/nnet_utils/nnet_dense_latency.h:42]   --->   Operation 304 'sub' 'sub_ln73_260' <Predicate = true> <Delay = 0.83> <CoreInst = "Adder">   --->   Core 1 'Adder' <Latency = 0> <II = 1> <Delay = 0.83> <FuncUnit> <Opcode : 'add' 'sub'> <InPorts = 2> <OutPorts = 1>
ST_1 : Operation 305 [1/1] (0.00ns)   --->   "%mult_273 = partselect i15 @_ssdm_op_PartSelect.i15.i25.i32.i32, i25 %sub_ln73_260, i32 10, i32 24" [firmware/nnet_utils/nnet_dense_latency.h:42]   --->   Operation 305 'partselect' 'mult_273' <Predicate = true> <Delay = 0.00>
ST_1 : Operation 306 [1/1] (0.00ns)   --->   "%sext_ln42_156 = sext i15 %mult_273" [firmware/nnet_utils/nnet_dense_latency.h:42]   --->   Operation 306 'sext' 'sext_ln42_156' <Predicate = true> <Delay = 0.00>
ST_1 : Operation 307 [1/1] (0.00ns)   --->   "%trunc_ln73_10 = trunc i16 %data_21_val_read" [firmware/nnet_utils/nnet_mult.h:73->firmware/nnet_utils/nnet_dense_latency.h:42]   --->   Operation 307 'trunc' 'trunc_ln73_10' <Predicate = true> <Delay = 0.00>
ST_1 : Operation 308 [1/1] (0.00ns)   --->   "%shl_ln73_246 = bitconcatenate i26 @_ssdm_op_BitConcatenate.i26.i14.i12, i14 %trunc_ln73_10, i12 0" [firmware/nnet_utils/nnet_mult.h:73->firmware/nnet_utils/nnet_dense_latency.h:42]   --->   Operation 308 'bitconcatenate' 'shl_ln73_246' <Predicate = true> <Delay = 0.00>
ST_1 : Operation 309 [1/1] (0.84ns)   --->   "%sub_ln73_261 = sub i26 0, i26 %shl_ln73_246" [firmware/nnet_utils/nnet_mult.h:73->firmware/nnet_utils/nnet_dense_latency.h:42]   --->   Operation 309 'sub' 'sub_ln73_261' <Predicate = true> <Delay = 0.84> <CoreInst = "Adder">   --->   Core 1 'Adder' <Latency = 0> <II = 1> <Delay = 0.84> <FuncUnit> <Opcode : 'add' 'sub'> <InPorts = 2> <OutPorts = 1>
ST_1 : Operation 310 [1/1] (0.00ns)   --->   "%mult_99 = partselect i16 @_ssdm_op_PartSelect.i16.i26.i32.i32, i26 %sub_ln73_261, i32 10, i32 25" [firmware/nnet_utils/nnet_dense_latency.h:42]   --->   Operation 310 'partselect' 'mult_99' <Predicate = true> <Delay = 0.00>
ST_1 : Operation 311 [1/1] (0.00ns)   --->   "%trunc_ln73_11 = trunc i16 %data_21_val_read" [firmware/nnet_utils/nnet_mult.h:73->firmware/nnet_utils/nnet_dense_latency.h:42]   --->   Operation 311 'trunc' 'trunc_ln73_11' <Predicate = true> <Delay = 0.00>
ST_1 : Operation 312 [1/1] (0.00ns)   --->   "%shl_ln73_247 = bitconcatenate i26 @_ssdm_op_BitConcatenate.i26.i15.i11, i15 %trunc_ln73_11, i11 0" [firmware/nnet_utils/nnet_mult.h:73->firmware/nnet_utils/nnet_dense_latency.h:42]   --->   Operation 312 'bitconcatenate' 'shl_ln73_247' <Predicate = true> <Delay = 0.00>
ST_1 : Operation 313 [1/1] (0.84ns)   --->   "%sub_ln73_262 = sub i26 0, i26 %shl_ln73_247" [firmware/nnet_utils/nnet_mult.h:73->firmware/nnet_utils/nnet_dense_latency.h:42]   --->   Operation 313 'sub' 'sub_ln73_262' <Predicate = true> <Delay = 0.84> <CoreInst = "Adder">   --->   Core 1 'Adder' <Latency = 0> <II = 1> <Delay = 0.84> <FuncUnit> <Opcode : 'add' 'sub'> <InPorts = 2> <OutPorts = 1>
ST_1 : Operation 314 [1/1] (0.00ns)   --->   "%mult_100 = partselect i16 @_ssdm_op_PartSelect.i16.i26.i32.i32, i26 %sub_ln73_262, i32 10, i32 25" [firmware/nnet_utils/nnet_dense_latency.h:42]   --->   Operation 314 'partselect' 'mult_100' <Predicate = true> <Delay = 0.00>
ST_1 : Operation 315 [1/1] (0.00ns)   --->   "%shl_ln73_248 = bitconcatenate i25 @_ssdm_op_BitConcatenate.i25.i16.i9, i16 %data_21_val_read, i9 0" [firmware/nnet_utils/nnet_mult.h:73->firmware/nnet_utils/nnet_dense_latency.h:42]   --->   Operation 315 'bitconcatenate' 'shl_ln73_248' <Predicate = true> <Delay = 0.00>
ST_1 : Operation 316 [1/1] (0.00ns)   --->   "%sext_ln73_118 = sext i25 %shl_ln73_248" [firmware/nnet_utils/nnet_mult.h:73->firmware/nnet_utils/nnet_dense_latency.h:42]   --->   Operation 316 'sext' 'sext_ln73_118' <Predicate = true> <Delay = 0.00>
ST_1 : Operation 317 [1/1] (0.83ns)   --->   "%sub_ln73_263 = sub i26 0, i26 %sext_ln73_118" [firmware/nnet_utils/nnet_mult.h:73->firmware/nnet_utils/nnet_dense_latency.h:42]   --->   Operation 317 'sub' 'sub_ln73_263' <Predicate = true> <Delay = 0.83> <CoreInst = "Adder">   --->   Core 1 'Adder' <Latency = 0> <II = 1> <Delay = 0.83> <FuncUnit> <Opcode : 'add' 'sub'> <InPorts = 2> <OutPorts = 1>
ST_1 : Operation 318 [1/1] (0.00ns)   --->   "%mult_101 = partselect i16 @_ssdm_op_PartSelect.i16.i26.i32.i32, i26 %sub_ln73_263, i32 10, i32 25" [firmware/nnet_utils/nnet_dense_latency.h:42]   --->   Operation 318 'partselect' 'mult_101' <Predicate = true> <Delay = 0.00>
ST_1 : Operation 319 [1/1] (0.00ns)   --->   "%mult_102 = partselect i14 @_ssdm_op_PartSelect.i14.i16.i32.i32, i16 %data_21_val_read, i32 2, i32 15" [firmware/nnet_utils/nnet_dense_latency.h:42]   --->   Operation 319 'partselect' 'mult_102' <Predicate = true> <Delay = 0.00>
ST_1 : Operation 320 [1/1] (0.00ns)   --->   "%sext_ln17_38 = sext i14 %mult_102" [firmware/nnet_utils/nnet_dense_latency.h:17]   --->   Operation 320 'sext' 'sext_ln17_38' <Predicate = true> <Delay = 0.00>
ST_1 : Operation 321 [1/1] (0.00ns)   --->   "%shl_ln73_249 = bitconcatenate i23 @_ssdm_op_BitConcatenate.i23.i16.i7, i16 %data_21_val_read, i7 0" [firmware/nnet_utils/nnet_mult.h:73->firmware/nnet_utils/nnet_dense_latency.h:42]   --->   Operation 321 'bitconcatenate' 'shl_ln73_249' <Predicate = true> <Delay = 0.00>
ST_1 : Operation 322 [1/1] (0.00ns)   --->   "%sext_ln73_119 = sext i23 %shl_ln73_249" [firmware/nnet_utils/nnet_mult.h:73->firmware/nnet_utils/nnet_dense_latency.h:42]   --->   Operation 322 'sext' 'sext_ln73_119' <Predicate = true> <Delay = 0.00>
ST_1 : Operation 323 [1/1] (0.83ns)   --->   "%sub_ln73_264 = sub i26 %sext_ln73_118, i26 %sext_ln73_119" [firmware/nnet_utils/nnet_mult.h:73->firmware/nnet_utils/nnet_dense_latency.h:42]   --->   Operation 323 'sub' 'sub_ln73_264' <Predicate = true> <Delay = 0.83> <CoreInst = "Adder">   --->   Core 1 'Adder' <Latency = 0> <II = 1> <Delay = 0.83> <FuncUnit> <Opcode : 'add' 'sub'> <InPorts = 2> <OutPorts = 1>
ST_1 : Operation 324 [1/1] (0.00ns)   --->   "%mult_103 = partselect i16 @_ssdm_op_PartSelect.i16.i26.i32.i32, i26 %sub_ln73_264, i32 10, i32 25" [firmware/nnet_utils/nnet_dense_latency.h:42]   --->   Operation 324 'partselect' 'mult_103' <Predicate = true> <Delay = 0.00>
ST_1 : Operation 325 [1/1] (0.00ns)   --->   "%mult_104 = partselect i15 @_ssdm_op_PartSelect.i15.i16.i32.i32, i16 %data_21_val_read, i32 1, i32 15" [firmware/nnet_utils/nnet_dense_latency.h:42]   --->   Operation 325 'partselect' 'mult_104' <Predicate = true> <Delay = 0.00>
ST_1 : Operation 326 [1/1] (0.00ns)   --->   "%sext_ln42_157 = sext i15 %mult_104" [firmware/nnet_utils/nnet_dense_latency.h:42]   --->   Operation 326 'sext' 'sext_ln42_157' <Predicate = true> <Delay = 0.00>
ST_1 : Operation 327 [1/1] (0.00ns)   --->   "%tmp_90 = partselect i12 @_ssdm_op_PartSelect.i12.i15.i32.i32, i15 %data_26_val_read, i32 3, i32 14" [firmware/nnet_utils/nnet_dense_latency.h:17]   --->   Operation 327 'partselect' 'tmp_90' <Predicate = true> <Delay = 0.00>
ST_1 : Operation 328 [1/1] (0.00ns)   --->   "%zext_ln17_30 = zext i12 %tmp_90" [firmware/nnet_utils/nnet_dense_latency.h:17]   --->   Operation 328 'zext' 'zext_ln17_30' <Predicate = true> <Delay = 0.00>
ST_1 : Operation 329 [1/1] (0.00ns)   --->   "%shl_ln73_250 = bitconcatenate i23 @_ssdm_op_BitConcatenate.i23.i15.i8, i15 %data_26_val_read, i8 0" [firmware/nnet_utils/nnet_mult.h:73->firmware/nnet_utils/nnet_dense_latency.h:42]   --->   Operation 329 'bitconcatenate' 'shl_ln73_250' <Predicate = true> <Delay = 0.00>
ST_1 : Operation 330 [1/1] (0.00ns)   --->   "%zext_ln73_153 = zext i23 %shl_ln73_250" [firmware/nnet_utils/nnet_mult.h:73->firmware/nnet_utils/nnet_dense_latency.h:42]   --->   Operation 330 'zext' 'zext_ln73_153' <Predicate = true> <Delay = 0.00>
ST_1 : Operation 331 [1/1] (0.82ns)   --->   "%sub_ln73_265 = sub i24 0, i24 %zext_ln73_153" [firmware/nnet_utils/nnet_mult.h:73->firmware/nnet_utils/nnet_dense_latency.h:42]   --->   Operation 331 'sub' 'sub_ln73_265' <Predicate = true> <Delay = 0.82> <CoreInst = "Adder">   --->   Core 1 'Adder' <Latency = 0> <II = 1> <Delay = 0.82> <FuncUnit> <Opcode : 'add' 'sub'> <InPorts = 2> <OutPorts = 1>
ST_1 : Operation 332 [1/1] (0.00ns)   --->   "%mult_274 = partselect i14 @_ssdm_op_PartSelect.i14.i24.i32.i32, i24 %sub_ln73_265, i32 10, i32 23" [firmware/nnet_utils/nnet_dense_latency.h:42]   --->   Operation 332 'partselect' 'mult_274' <Predicate = true> <Delay = 0.00>
ST_1 : Operation 333 [1/1] (0.00ns)   --->   "%sext_ln42_158 = sext i14 %mult_274" [firmware/nnet_utils/nnet_dense_latency.h:42]   --->   Operation 333 'sext' 'sext_ln42_158' <Predicate = true> <Delay = 0.00>
ST_1 : Operation 334 [1/1] (0.00ns)   --->   "%shl_ln73_251 = bitconcatenate i25 @_ssdm_op_BitConcatenate.i25.i15.i10, i15 %data_26_val_read, i10 0" [firmware/nnet_utils/nnet_mult.h:73->firmware/nnet_utils/nnet_dense_latency.h:42]   --->   Operation 334 'bitconcatenate' 'shl_ln73_251' <Predicate = true> <Delay = 0.00>
ST_1 : Operation 335 [1/1] (0.00ns)   --->   "%zext_ln73_154 = zext i25 %shl_ln73_251" [firmware/nnet_utils/nnet_mult.h:73->firmware/nnet_utils/nnet_dense_latency.h:42]   --->   Operation 335 'zext' 'zext_ln73_154' <Predicate = true> <Delay = 0.00>
ST_1 : Operation 336 [1/1] (0.83ns)   --->   "%sub_ln73_266 = sub i26 0, i26 %zext_ln73_154" [firmware/nnet_utils/nnet_mult.h:73->firmware/nnet_utils/nnet_dense_latency.h:42]   --->   Operation 336 'sub' 'sub_ln73_266' <Predicate = true> <Delay = 0.83> <CoreInst = "Adder">   --->   Core 1 'Adder' <Latency = 0> <II = 1> <Delay = 0.83> <FuncUnit> <Opcode : 'add' 'sub'> <InPorts = 2> <OutPorts = 1>
ST_1 : Operation 337 [1/1] (0.00ns)   --->   "%mult_105 = partselect i16 @_ssdm_op_PartSelect.i16.i26.i32.i32, i26 %sub_ln73_266, i32 10, i32 25" [firmware/nnet_utils/nnet_dense_latency.h:42]   --->   Operation 337 'partselect' 'mult_105' <Predicate = true> <Delay = 0.00>
ST_1 : Operation 338 [1/1] (0.00ns)   --->   "%tmp_91 = partselect i13 @_ssdm_op_PartSelect.i13.i15.i32.i32, i15 %data_26_val_read, i32 2, i32 14" [firmware/nnet_utils/nnet_dense_latency.h:17]   --->   Operation 338 'partselect' 'tmp_91' <Predicate = true> <Delay = 0.00>
ST_1 : Operation 339 [1/1] (0.00ns)   --->   "%zext_ln17_31 = zext i13 %tmp_91" [firmware/nnet_utils/nnet_dense_latency.h:17]   --->   Operation 339 'zext' 'zext_ln17_31' <Predicate = true> <Delay = 0.00>
ST_1 : Operation 340 [1/1] (0.00ns)   --->   "%shl_ln73_252 = bitconcatenate i24 @_ssdm_op_BitConcatenate.i24.i15.i9, i15 %data_26_val_read, i9 0" [firmware/nnet_utils/nnet_mult.h:73->firmware/nnet_utils/nnet_dense_latency.h:42]   --->   Operation 340 'bitconcatenate' 'shl_ln73_252' <Predicate = true> <Delay = 0.00>
ST_1 : Operation 341 [1/1] (0.00ns)   --->   "%zext_ln73_155 = zext i24 %shl_ln73_252" [firmware/nnet_utils/nnet_mult.h:73->firmware/nnet_utils/nnet_dense_latency.h:42]   --->   Operation 341 'zext' 'zext_ln73_155' <Predicate = true> <Delay = 0.00>
ST_1 : Operation 342 [1/1] (0.83ns)   --->   "%sub_ln73_267 = sub i25 0, i25 %zext_ln73_155" [firmware/nnet_utils/nnet_mult.h:73->firmware/nnet_utils/nnet_dense_latency.h:42]   --->   Operation 342 'sub' 'sub_ln73_267' <Predicate = true> <Delay = 0.83> <CoreInst = "Adder">   --->   Core 1 'Adder' <Latency = 0> <II = 1> <Delay = 0.83> <FuncUnit> <Opcode : 'add' 'sub'> <InPorts = 2> <OutPorts = 1>
ST_1 : Operation 343 [1/1] (0.00ns)   --->   "%mult_275 = partselect i15 @_ssdm_op_PartSelect.i15.i25.i32.i32, i25 %sub_ln73_267, i32 10, i32 24" [firmware/nnet_utils/nnet_dense_latency.h:42]   --->   Operation 343 'partselect' 'mult_275' <Predicate = true> <Delay = 0.00>
ST_1 : Operation 344 [1/1] (0.00ns)   --->   "%sext_ln42_159 = sext i15 %mult_275" [firmware/nnet_utils/nnet_dense_latency.h:42]   --->   Operation 344 'sext' 'sext_ln42_159' <Predicate = true> <Delay = 0.00>
ST_1 : Operation 345 [1/1] (0.00ns)   --->   "%mult_106 = partselect i14 @_ssdm_op_PartSelect.i14.i15.i32.i32, i15 %data_26_val_read, i32 1, i32 14" [firmware/nnet_utils/nnet_dense_latency.h:42]   --->   Operation 345 'partselect' 'mult_106' <Predicate = true> <Delay = 0.00>
ST_1 : Operation 346 [1/1] (0.00ns)   --->   "%zext_ln42_38 = zext i14 %mult_106" [firmware/nnet_utils/nnet_dense_latency.h:42]   --->   Operation 346 'zext' 'zext_ln42_38' <Predicate = true> <Delay = 0.00>
ST_1 : Operation 347 [1/1] (0.00ns)   --->   "%shl_ln73_253 = bitconcatenate i24 @_ssdm_op_BitConcatenate.i24.i15.i9, i15 %data_31_val_read, i9 0" [firmware/nnet_utils/nnet_mult.h:73->firmware/nnet_utils/nnet_dense_latency.h:42]   --->   Operation 347 'bitconcatenate' 'shl_ln73_253' <Predicate = true> <Delay = 0.00>
ST_1 : Operation 348 [1/1] (0.00ns)   --->   "%zext_ln73_156 = zext i24 %shl_ln73_253" [firmware/nnet_utils/nnet_mult.h:73->firmware/nnet_utils/nnet_dense_latency.h:42]   --->   Operation 348 'zext' 'zext_ln73_156' <Predicate = true> <Delay = 0.00>
ST_1 : Operation 349 [1/1] (0.83ns)   --->   "%sub_ln73_268 = sub i25 0, i25 %zext_ln73_156" [firmware/nnet_utils/nnet_mult.h:73->firmware/nnet_utils/nnet_dense_latency.h:42]   --->   Operation 349 'sub' 'sub_ln73_268' <Predicate = true> <Delay = 0.83> <CoreInst = "Adder">   --->   Core 1 'Adder' <Latency = 0> <II = 1> <Delay = 0.83> <FuncUnit> <Opcode : 'add' 'sub'> <InPorts = 2> <OutPorts = 1>
ST_1 : Operation 350 [1/1] (0.00ns)   --->   "%sext_ln42_160 = sext i25 %sub_ln73_268" [firmware/nnet_utils/nnet_dense_latency.h:42]   --->   Operation 350 'sext' 'sext_ln42_160' <Predicate = true> <Delay = 0.00>
ST_1 : Operation 351 [1/1] (0.00ns)   --->   "%mult_276 = partselect i15 @_ssdm_op_PartSelect.i15.i25.i32.i32, i25 %sub_ln73_268, i32 10, i32 24" [firmware/nnet_utils/nnet_dense_latency.h:42]   --->   Operation 351 'partselect' 'mult_276' <Predicate = true> <Delay = 0.00>
ST_1 : Operation 352 [1/1] (0.00ns)   --->   "%sext_ln42_161 = sext i15 %mult_276" [firmware/nnet_utils/nnet_dense_latency.h:42]   --->   Operation 352 'sext' 'sext_ln42_161' <Predicate = true> <Delay = 0.00>
ST_1 : Operation 353 [1/1] (0.00ns)   --->   "%shl_ln73_254 = bitconcatenate i23 @_ssdm_op_BitConcatenate.i23.i15.i8, i15 %data_31_val_read, i8 0" [firmware/nnet_utils/nnet_mult.h:73->firmware/nnet_utils/nnet_dense_latency.h:42]   --->   Operation 353 'bitconcatenate' 'shl_ln73_254' <Predicate = true> <Delay = 0.00>
ST_1 : Operation 354 [1/1] (0.00ns)   --->   "%zext_ln73_157 = zext i23 %shl_ln73_254" [firmware/nnet_utils/nnet_mult.h:73->firmware/nnet_utils/nnet_dense_latency.h:42]   --->   Operation 354 'zext' 'zext_ln73_157' <Predicate = true> <Delay = 0.00>
ST_1 : Operation 355 [1/1] (0.00ns)   --->   "%shl_ln73_255 = bitconcatenate i21 @_ssdm_op_BitConcatenate.i21.i15.i6, i15 %data_31_val_read, i6 0" [firmware/nnet_utils/nnet_mult.h:73->firmware/nnet_utils/nnet_dense_latency.h:42]   --->   Operation 355 'bitconcatenate' 'shl_ln73_255' <Predicate = true> <Delay = 0.00>
ST_1 : Operation 356 [1/1] (0.00ns)   --->   "%zext_ln73_158 = zext i21 %shl_ln73_255" [firmware/nnet_utils/nnet_mult.h:73->firmware/nnet_utils/nnet_dense_latency.h:42]   --->   Operation 356 'zext' 'zext_ln73_158' <Predicate = true> <Delay = 0.00>
ST_1 : Operation 357 [1/1] (0.00ns)   --->   "%zext_ln73_159 = zext i21 %shl_ln73_255" [firmware/nnet_utils/nnet_mult.h:73->firmware/nnet_utils/nnet_dense_latency.h:42]   --->   Operation 357 'zext' 'zext_ln73_159' <Predicate = true> <Delay = 0.00>
ST_1 : Operation 358 [1/1] (0.82ns)   --->   "%sub_ln73_269 = sub i24 %zext_ln73_157, i24 %zext_ln73_159" [firmware/nnet_utils/nnet_mult.h:73->firmware/nnet_utils/nnet_dense_latency.h:42]   --->   Operation 358 'sub' 'sub_ln73_269' <Predicate = true> <Delay = 0.82> <CoreInst = "Adder">   --->   Core 1 'Adder' <Latency = 0> <II = 1> <Delay = 0.82> <FuncUnit> <Opcode : 'add' 'sub'> <InPorts = 2> <OutPorts = 1>
ST_1 : Operation 359 [1/1] (0.00ns)   --->   "%mult_277 = partselect i14 @_ssdm_op_PartSelect.i14.i24.i32.i32, i24 %sub_ln73_269, i32 10, i32 23" [firmware/nnet_utils/nnet_dense_latency.h:42]   --->   Operation 359 'partselect' 'mult_277' <Predicate = true> <Delay = 0.00>
ST_1 : Operation 360 [1/1] (0.00ns)   --->   "%sext_ln42_162 = sext i14 %mult_277" [firmware/nnet_utils/nnet_dense_latency.h:42]   --->   Operation 360 'sext' 'sext_ln42_162' <Predicate = true> <Delay = 0.00>
ST_1 : Operation 361 [1/1] (0.00ns)   --->   "%shl_ln73_256 = bitconcatenate i22 @_ssdm_op_BitConcatenate.i22.i15.i7, i15 %data_31_val_read, i7 0" [firmware/nnet_utils/nnet_mult.h:73->firmware/nnet_utils/nnet_dense_latency.h:42]   --->   Operation 361 'bitconcatenate' 'shl_ln73_256' <Predicate = true> <Delay = 0.00>
ST_1 : Operation 362 [1/1] (0.00ns)   --->   "%zext_ln73_160 = zext i22 %shl_ln73_256" [firmware/nnet_utils/nnet_mult.h:73->firmware/nnet_utils/nnet_dense_latency.h:42]   --->   Operation 362 'zext' 'zext_ln73_160' <Predicate = true> <Delay = 0.00>
ST_1 : Operation 363 [1/1] (0.00ns)   --->   "%zext_ln73_161 = zext i22 %shl_ln73_256" [firmware/nnet_utils/nnet_mult.h:73->firmware/nnet_utils/nnet_dense_latency.h:42]   --->   Operation 363 'zext' 'zext_ln73_161' <Predicate = true> <Delay = 0.00>
ST_1 : Operation 364 [1/1] (0.83ns)   --->   "%sub_ln73_270 = sub i26 %sext_ln42_160, i26 %zext_ln73_161" [firmware/nnet_utils/nnet_mult.h:73->firmware/nnet_utils/nnet_dense_latency.h:42]   --->   Operation 364 'sub' 'sub_ln73_270' <Predicate = true> <Delay = 0.83> <CoreInst = "Adder">   --->   Core 1 'Adder' <Latency = 0> <II = 1> <Delay = 0.83> <FuncUnit> <Opcode : 'add' 'sub'> <InPorts = 2> <OutPorts = 1>
ST_1 : Operation 365 [1/1] (0.00ns)   --->   "%mult_107 = partselect i16 @_ssdm_op_PartSelect.i16.i26.i32.i32, i26 %sub_ln73_270, i32 10, i32 25" [firmware/nnet_utils/nnet_dense_latency.h:42]   --->   Operation 365 'partselect' 'mult_107' <Predicate = true> <Delay = 0.00>
ST_1 : Operation 366 [1/1] (0.82ns)   --->   "%sub_ln73_271 = sub i24 0, i24 %zext_ln73_157" [firmware/nnet_utils/nnet_mult.h:73->firmware/nnet_utils/nnet_dense_latency.h:42]   --->   Operation 366 'sub' 'sub_ln73_271' <Predicate = true> <Delay = 0.82> <CoreInst = "Adder">   --->   Core 1 'Adder' <Latency = 0> <II = 1> <Delay = 0.82> <FuncUnit> <Opcode : 'add' 'sub'> <InPorts = 2> <OutPorts = 1>
ST_1 : Operation 367 [1/1] (0.00ns)   --->   "%mult_278 = partselect i14 @_ssdm_op_PartSelect.i14.i24.i32.i32, i24 %sub_ln73_271, i32 10, i32 23" [firmware/nnet_utils/nnet_dense_latency.h:42]   --->   Operation 367 'partselect' 'mult_278' <Predicate = true> <Delay = 0.00>
ST_1 : Operation 368 [1/1] (0.00ns)   --->   "%sext_ln42_163 = sext i14 %mult_278" [firmware/nnet_utils/nnet_dense_latency.h:42]   --->   Operation 368 'sext' 'sext_ln42_163' <Predicate = true> <Delay = 0.00>
ST_1 : Operation 369 [1/1] (0.00ns)   --->   "%sext_ln17_69 = sext i14 %mult_278" [firmware/nnet_utils/nnet_dense_latency.h:17]   --->   Operation 369 'sext' 'sext_ln17_69' <Predicate = true> <Delay = 0.00>
ST_1 : Operation 370 [1/1] (0.00ns)   --->   "%shl_ln73_257 = bitconcatenate i25 @_ssdm_op_BitConcatenate.i25.i15.i10, i15 %data_31_val_read, i10 0" [firmware/nnet_utils/nnet_mult.h:73->firmware/nnet_utils/nnet_dense_latency.h:42]   --->   Operation 370 'bitconcatenate' 'shl_ln73_257' <Predicate = true> <Delay = 0.00>
ST_1 : Operation 371 [1/1] (0.00ns)   --->   "%zext_ln73_162 = zext i25 %shl_ln73_257" [firmware/nnet_utils/nnet_mult.h:73->firmware/nnet_utils/nnet_dense_latency.h:42]   --->   Operation 371 'zext' 'zext_ln73_162' <Predicate = true> <Delay = 0.00>
ST_1 : Operation 372 [1/1] (0.83ns)   --->   "%sub_ln73_272 = sub i26 0, i26 %zext_ln73_162" [firmware/nnet_utils/nnet_mult.h:73->firmware/nnet_utils/nnet_dense_latency.h:42]   --->   Operation 372 'sub' 'sub_ln73_272' <Predicate = true> <Delay = 0.83> <CoreInst = "Adder">   --->   Core 1 'Adder' <Latency = 0> <II = 1> <Delay = 0.83> <FuncUnit> <Opcode : 'add' 'sub'> <InPorts = 2> <OutPorts = 1>
ST_1 : Operation 373 [1/1] (0.00ns)   --->   "%mult_108 = partselect i16 @_ssdm_op_PartSelect.i16.i26.i32.i32, i26 %sub_ln73_272, i32 10, i32 25" [firmware/nnet_utils/nnet_dense_latency.h:42]   --->   Operation 373 'partselect' 'mult_108' <Predicate = true> <Delay = 0.00>
ST_1 : Operation 374 [1/1] (0.81ns)   --->   "%sub_ln73_273 = sub i22 0, i22 %zext_ln73_158" [firmware/nnet_utils/nnet_mult.h:73->firmware/nnet_utils/nnet_dense_latency.h:42]   --->   Operation 374 'sub' 'sub_ln73_273' <Predicate = true> <Delay = 0.81> <CoreInst = "Adder">   --->   Core 1 'Adder' <Latency = 0> <II = 1> <Delay = 0.81> <FuncUnit> <Opcode : 'add' 'sub'> <InPorts = 2> <OutPorts = 1>
ST_1 : Operation 375 [1/1] (0.00ns)   --->   "%mult_279 = partselect i12 @_ssdm_op_PartSelect.i12.i22.i32.i32, i22 %sub_ln73_273, i32 10, i32 21" [firmware/nnet_utils/nnet_dense_latency.h:42]   --->   Operation 375 'partselect' 'mult_279' <Predicate = true> <Delay = 0.00>
ST_1 : Operation 376 [1/1] (0.00ns)   --->   "%sext_ln42_164 = sext i12 %mult_279" [firmware/nnet_utils/nnet_dense_latency.h:42]   --->   Operation 376 'sext' 'sext_ln42_164' <Predicate = true> <Delay = 0.00>
ST_1 : Operation 377 [1/1] (0.83ns)   --->   "%sub_ln73_274 = sub i25 %zext_ln73_156, i25 %zext_ln73_160" [firmware/nnet_utils/nnet_mult.h:73->firmware/nnet_utils/nnet_dense_latency.h:42]   --->   Operation 377 'sub' 'sub_ln73_274' <Predicate = true> <Delay = 0.83> <CoreInst = "Adder">   --->   Core 1 'Adder' <Latency = 0> <II = 1> <Delay = 0.83> <FuncUnit> <Opcode : 'add' 'sub'> <InPorts = 2> <OutPorts = 1>
ST_1 : Operation 378 [1/1] (0.00ns)   --->   "%mult_280 = partselect i15 @_ssdm_op_PartSelect.i15.i25.i32.i32, i25 %sub_ln73_274, i32 10, i32 24" [firmware/nnet_utils/nnet_dense_latency.h:42]   --->   Operation 378 'partselect' 'mult_280' <Predicate = true> <Delay = 0.00>
ST_1 : Operation 379 [1/1] (0.00ns)   --->   "%sext_ln42_165 = sext i15 %mult_280" [firmware/nnet_utils/nnet_dense_latency.h:42]   --->   Operation 379 'sext' 'sext_ln42_165' <Predicate = true> <Delay = 0.00>
ST_1 : Operation 380 [1/1] (0.00ns)   --->   "%mult_109 = partselect i14 @_ssdm_op_PartSelect.i14.i15.i32.i32, i15 %data_31_val_read, i32 1, i32 14" [firmware/nnet_utils/nnet_dense_latency.h:42]   --->   Operation 380 'partselect' 'mult_109' <Predicate = true> <Delay = 0.00>
ST_1 : Operation 381 [1/1] (0.00ns)   --->   "%zext_ln42_39 = zext i14 %mult_109" [firmware/nnet_utils/nnet_dense_latency.h:42]   --->   Operation 381 'zext' 'zext_ln42_39' <Predicate = true> <Delay = 0.00>
ST_1 : Operation 382 [1/1] (0.00ns)   --->   "%zext_ln42_40 = zext i14 %mult_109" [firmware/nnet_utils/nnet_dense_latency.h:42]   --->   Operation 382 'zext' 'zext_ln42_40' <Predicate = true> <Delay = 0.00>
ST_1 : Operation 383 [1/1] (0.00ns)   --->   "%trunc_ln73_12 = trunc i15 %data_31_val_read" [firmware/nnet_utils/nnet_mult.h:73->firmware/nnet_utils/nnet_dense_latency.h:42]   --->   Operation 383 'trunc' 'trunc_ln73_12' <Predicate = true> <Delay = 0.00>
ST_1 : Operation 384 [1/1] (0.00ns)   --->   "%shl_ln73_258 = bitconcatenate i26 @_ssdm_op_BitConcatenate.i26.i14.i12, i14 %trunc_ln73_12, i12 0" [firmware/nnet_utils/nnet_mult.h:73->firmware/nnet_utils/nnet_dense_latency.h:42]   --->   Operation 384 'bitconcatenate' 'shl_ln73_258' <Predicate = true> <Delay = 0.00>
ST_1 : Operation 385 [1/1] (0.84ns)   --->   "%sub_ln73_275 = sub i26 0, i26 %shl_ln73_258" [firmware/nnet_utils/nnet_mult.h:73->firmware/nnet_utils/nnet_dense_latency.h:42]   --->   Operation 385 'sub' 'sub_ln73_275' <Predicate = true> <Delay = 0.84> <CoreInst = "Adder">   --->   Core 1 'Adder' <Latency = 0> <II = 1> <Delay = 0.84> <FuncUnit> <Opcode : 'add' 'sub'> <InPorts = 2> <OutPorts = 1>
ST_1 : Operation 386 [1/1] (0.00ns)   --->   "%mult_110 = partselect i16 @_ssdm_op_PartSelect.i16.i26.i32.i32, i26 %sub_ln73_275, i32 10, i32 25" [firmware/nnet_utils/nnet_dense_latency.h:42]   --->   Operation 386 'partselect' 'mult_110' <Predicate = true> <Delay = 0.00>
ST_1 : Operation 387 [1/1] (0.78ns)   --->   "%add_ln58 = add i16 %sext_ln42_130, i16 %mult_64" [firmware/nnet_utils/nnet_dense_latency.h:58]   --->   Operation 387 'add' 'add_ln58' <Predicate = true> <Delay = 0.78> <CoreInst = "Adder">   --->   Core 1 'Adder' <Latency = 0> <II = 1> <Delay = 0.78> <FuncUnit> <Opcode : 'add' 'sub'> <InPorts = 2> <OutPorts = 1>
ST_1 : Operation 388 [1/1] (0.00ns) (grouped into TernaryAdder)   --->   "%add_ln58_607 = add i16 %mult_70, i16 %data_20_val_cast54" [firmware/nnet_utils/nnet_dense_latency.h:58]   --->   Operation 388 'add' 'add_ln58_607' <Predicate = true> <Delay = 0.00> <CoreInst = "TAddSub">   --->   Core 10 'TAddSub' <Latency = 0> <II = 1> <Delay = 0.33> <IPBlock> <Opcode : '' 'add' 'sub'> <InPorts = 3> <OutPorts = 1> <Sync> <CReg>
ST_1 : Operation 389 [1/1] (0.67ns) (root node of TernaryAdder)   --->   "%add_ln58_608 = add i16 %add_ln58_607, i16 %sext_ln42_139" [firmware/nnet_utils/nnet_dense_latency.h:58]   --->   Operation 389 'add' 'add_ln58_608' <Predicate = true> <Delay = 0.67> <CoreInst = "TAddSub">   --->   Core 10 'TAddSub' <Latency = 0> <II = 1> <Delay = 0.33> <IPBlock> <Opcode : '' 'add' 'sub'> <InPorts = 3> <OutPorts = 1> <Sync> <CReg>
ST_1 : Operation 390 [1/1] (0.00ns) (grouped into TernaryAdder)   --->   "%add_ln58_609 = add i16 %add_ln58_608, i16 %add_ln58" [firmware/nnet_utils/nnet_dense_latency.h:58]   --->   Operation 390 'add' 'add_ln58_609' <Predicate = true> <Delay = 0.00> <CoreInst = "TAddSub">   --->   Core 10 'TAddSub' <Latency = 0> <II = 1> <Delay = 0.33> <IPBlock> <Opcode : '' 'add' 'sub'> <InPorts = 3> <OutPorts = 1> <Sync> <CReg>
ST_1 : Operation 391 [1/1] (0.76ns)   --->   "%add_ln58_610 = add i16 %sext_ln42_153, i16 %zext_ln42_38" [firmware/nnet_utils/nnet_dense_latency.h:58]   --->   Operation 391 'add' 'add_ln58_610' <Predicate = true> <Delay = 0.76> <CoreInst = "Adder">   --->   Core 1 'Adder' <Latency = 0> <II = 1> <Delay = 0.76> <FuncUnit> <Opcode : 'add' 'sub'> <InPorts = 2> <OutPorts = 1>
ST_1 : Operation 392 [1/1] (0.00ns) (grouped into TernaryAdder)   --->   "%add_ln58_611 = add i16 %add_ln58_610, i16 %sext_ln42_149" [firmware/nnet_utils/nnet_dense_latency.h:58]   --->   Operation 392 'add' 'add_ln58_611' <Predicate = true> <Delay = 0.00> <CoreInst = "TAddSub">   --->   Core 10 'TAddSub' <Latency = 0> <II = 1> <Delay = 0.33> <IPBlock> <Opcode : '' 'add' 'sub'> <InPorts = 3> <OutPorts = 1> <Sync> <CReg>
ST_1 : Operation 393 [1/1] (0.75ns)   --->   "%add_ln58_612 = add i14 %sext_ln17_37, i14 256" [firmware/nnet_utils/nnet_dense_latency.h:58]   --->   Operation 393 'add' 'add_ln58_612' <Predicate = true> <Delay = 0.75> <CoreInst = "Adder">   --->   Core 1 'Adder' <Latency = 0> <II = 1> <Delay = 0.75> <FuncUnit> <Opcode : 'add' 'sub'> <InPorts = 2> <OutPorts = 1>
ST_1 : Operation 394 [1/1] (0.00ns)   --->   "%sext_ln58 = sext i14 %add_ln58_612" [firmware/nnet_utils/nnet_dense_latency.h:58]   --->   Operation 394 'sext' 'sext_ln58' <Predicate = true> <Delay = 0.00>
ST_1 : Operation 395 [1/1] (0.76ns)   --->   "%add_ln58_613 = add i15 %sext_ln58, i15 %sext_ln17_36" [firmware/nnet_utils/nnet_dense_latency.h:58]   --->   Operation 395 'add' 'add_ln58_613' <Predicate = true> <Delay = 0.76> <CoreInst = "Adder">   --->   Core 1 'Adder' <Latency = 0> <II = 1> <Delay = 0.76> <FuncUnit> <Opcode : 'add' 'sub'> <InPorts = 2> <OutPorts = 1>
ST_1 : Operation 396 [1/1] (0.00ns)   --->   "%sext_ln58_40 = sext i15 %add_ln58_613" [firmware/nnet_utils/nnet_dense_latency.h:58]   --->   Operation 396 'sext' 'sext_ln58_40' <Predicate = true> <Delay = 0.00>
ST_1 : Operation 397 [1/1] (0.67ns) (root node of TernaryAdder)   --->   "%add_ln58_614 = add i16 %sext_ln58_40, i16 %add_ln58_611" [firmware/nnet_utils/nnet_dense_latency.h:58]   --->   Operation 397 'add' 'add_ln58_614' <Predicate = true> <Delay = 0.67> <CoreInst = "TAddSub">   --->   Core 10 'TAddSub' <Latency = 0> <II = 1> <Delay = 0.33> <IPBlock> <Opcode : '' 'add' 'sub'> <InPorts = 3> <OutPorts = 1> <Sync> <CReg>
ST_1 : Operation 398 [1/1] (0.67ns) (root node of TernaryAdder)   --->   "%add_ln58_615 = add i16 %add_ln58_614, i16 %add_ln58_609" [firmware/nnet_utils/nnet_dense_latency.h:58]   --->   Operation 398 'add' 'add_ln58_615' <Predicate = true> <Delay = 0.67> <CoreInst = "TAddSub">   --->   Core 10 'TAddSub' <Latency = 0> <II = 1> <Delay = 0.33> <IPBlock> <Opcode : '' 'add' 'sub'> <InPorts = 3> <OutPorts = 1> <Sync> <CReg>
ST_1 : Operation 399 [1/1] (0.77ns)   --->   "%add_ln58_616 = add i16 %sext_ln42_131, i16 %sext_ln42_143" [firmware/nnet_utils/nnet_dense_latency.h:58]   --->   Operation 399 'add' 'add_ln58_616' <Predicate = true> <Delay = 0.77> <CoreInst = "Adder">   --->   Core 1 'Adder' <Latency = 0> <II = 1> <Delay = 0.77> <FuncUnit> <Opcode : 'add' 'sub'> <InPorts = 2> <OutPorts = 1>
ST_1 : Operation 400 [1/1] (0.78ns)   --->   "%add_ln58_617 = add i16 %mult_76, i16 %mult_80" [firmware/nnet_utils/nnet_dense_latency.h:58]   --->   Operation 400 'add' 'add_ln58_617' <Predicate = true> <Delay = 0.78> <CoreInst = "Adder">   --->   Core 1 'Adder' <Latency = 0> <II = 1> <Delay = 0.78> <FuncUnit> <Opcode : 'add' 'sub'> <InPorts = 2> <OutPorts = 1>
ST_1 : Operation 401 [1/1] (0.00ns) (grouped into TernaryAdder)   --->   "%add_ln58_618 = add i16 %add_ln58_617, i16 %add_ln58_616" [firmware/nnet_utils/nnet_dense_latency.h:58]   --->   Operation 401 'add' 'add_ln58_618' <Predicate = true> <Delay = 0.00> <CoreInst = "TAddSub">   --->   Core 10 'TAddSub' <Latency = 0> <II = 1> <Delay = 0.33> <IPBlock> <Opcode : '' 'add' 'sub'> <InPorts = 3> <OutPorts = 1> <Sync> <CReg>
ST_1 : Operation 402 [1/1] (0.00ns) (grouped into TernaryAdder)   --->   "%add_ln58_619 = add i16 %mult_94, i16 %mult_99" [firmware/nnet_utils/nnet_dense_latency.h:58]   --->   Operation 402 'add' 'add_ln58_619' <Predicate = true> <Delay = 0.00> <CoreInst = "TAddSub">   --->   Core 10 'TAddSub' <Latency = 0> <II = 1> <Delay = 0.33> <IPBlock> <Opcode : '' 'add' 'sub'> <InPorts = 3> <OutPorts = 1> <Sync> <CReg>
ST_1 : Operation 403 [1/1] (0.74ns)   --->   "%add_ln58_620 = add i13 %zext_ln17_27, i13 768" [firmware/nnet_utils/nnet_dense_latency.h:58]   --->   Operation 403 'add' 'add_ln58_620' <Predicate = true> <Delay = 0.74> <CoreInst = "Adder">   --->   Core 1 'Adder' <Latency = 0> <II = 1> <Delay = 0.74> <FuncUnit> <Opcode : 'add' 'sub'> <InPorts = 2> <OutPorts = 1>
ST_1 : Operation 404 [1/1] (0.00ns)   --->   "%zext_ln58 = zext i13 %add_ln58_620" [firmware/nnet_utils/nnet_dense_latency.h:58]   --->   Operation 404 'zext' 'zext_ln58' <Predicate = true> <Delay = 0.00>
ST_1 : Operation 405 [1/1] (0.77ns)   --->   "%add_ln58_621 = add i16 %zext_ln58, i16 %sext_ln42_161" [firmware/nnet_utils/nnet_dense_latency.h:58]   --->   Operation 405 'add' 'add_ln58_621' <Predicate = true> <Delay = 0.77> <CoreInst = "Adder">   --->   Core 1 'Adder' <Latency = 0> <II = 1> <Delay = 0.77> <FuncUnit> <Opcode : 'add' 'sub'> <InPorts = 2> <OutPorts = 1>
ST_1 : Operation 406 [1/1] (0.67ns) (root node of TernaryAdder)   --->   "%add_ln58_622 = add i16 %add_ln58_621, i16 %add_ln58_619" [firmware/nnet_utils/nnet_dense_latency.h:58]   --->   Operation 406 'add' 'add_ln58_622' <Predicate = true> <Delay = 0.67> <CoreInst = "TAddSub">   --->   Core 10 'TAddSub' <Latency = 0> <II = 1> <Delay = 0.33> <IPBlock> <Opcode : '' 'add' 'sub'> <InPorts = 3> <OutPorts = 1> <Sync> <CReg>
ST_1 : Operation 407 [1/1] (0.67ns) (root node of TernaryAdder)   --->   "%add_ln58_623 = add i16 %add_ln58_622, i16 %add_ln58_618" [firmware/nnet_utils/nnet_dense_latency.h:58]   --->   Operation 407 'add' 'add_ln58_623' <Predicate = true> <Delay = 0.67> <CoreInst = "TAddSub">   --->   Core 10 'TAddSub' <Latency = 0> <II = 1> <Delay = 0.33> <IPBlock> <Opcode : '' 'add' 'sub'> <InPorts = 3> <OutPorts = 1> <Sync> <CReg>
ST_1 : Operation 408 [1/1] (0.77ns)   --->   "%add_ln58_624 = add i16 %zext_ln42, i16 %sext_ln42_140" [firmware/nnet_utils/nnet_dense_latency.h:58]   --->   Operation 408 'add' 'add_ln58_624' <Predicate = true> <Delay = 0.77> <CoreInst = "Adder">   --->   Core 1 'Adder' <Latency = 0> <II = 1> <Delay = 0.77> <FuncUnit> <Opcode : 'add' 'sub'> <InPorts = 2> <OutPorts = 1>
ST_1 : Operation 409 [1/1] (0.00ns) (grouped into TernaryAdder)   --->   "%add_ln58_625 = add i16 %mult_81, i16 %mult_88" [firmware/nnet_utils/nnet_dense_latency.h:58]   --->   Operation 409 'add' 'add_ln58_625' <Predicate = true> <Delay = 0.00> <CoreInst = "TAddSub">   --->   Core 10 'TAddSub' <Latency = 0> <II = 1> <Delay = 0.33> <IPBlock> <Opcode : '' 'add' 'sub'> <InPorts = 3> <OutPorts = 1> <Sync> <CReg>
ST_1 : Operation 410 [1/1] (0.67ns) (root node of TernaryAdder)   --->   "%add_ln58_626 = add i16 %add_ln58_625, i16 %sext_ln42_144" [firmware/nnet_utils/nnet_dense_latency.h:58]   --->   Operation 410 'add' 'add_ln58_626' <Predicate = true> <Delay = 0.67> <CoreInst = "TAddSub">   --->   Core 10 'TAddSub' <Latency = 0> <II = 1> <Delay = 0.33> <IPBlock> <Opcode : '' 'add' 'sub'> <InPorts = 3> <OutPorts = 1> <Sync> <CReg>
ST_1 : Operation 411 [1/1] (0.00ns) (grouped into TernaryAdder)   --->   "%add_ln58_627 = add i16 %add_ln58_626, i16 %add_ln58_624" [firmware/nnet_utils/nnet_dense_latency.h:58]   --->   Operation 411 'add' 'add_ln58_627' <Predicate = true> <Delay = 0.00> <CoreInst = "TAddSub">   --->   Core 10 'TAddSub' <Latency = 0> <II = 1> <Delay = 0.33> <IPBlock> <Opcode : '' 'add' 'sub'> <InPorts = 3> <OutPorts = 1> <Sync> <CReg>
ST_1 : Operation 412 [1/1] (0.78ns)   --->   "%add_ln58_628 = add i16 %mult_100, i16 %sext_ln42_162" [firmware/nnet_utils/nnet_dense_latency.h:58]   --->   Operation 412 'add' 'add_ln58_628' <Predicate = true> <Delay = 0.78> <CoreInst = "Adder">   --->   Core 1 'Adder' <Latency = 0> <II = 1> <Delay = 0.78> <FuncUnit> <Opcode : 'add' 'sub'> <InPorts = 2> <OutPorts = 1>
ST_1 : Operation 413 [1/1] (0.00ns) (grouped into TernaryAdder)   --->   "%add_ln58_629 = add i16 %add_ln58_628, i16 %sext_ln42_154" [firmware/nnet_utils/nnet_dense_latency.h:58]   --->   Operation 413 'add' 'add_ln58_629' <Predicate = true> <Delay = 0.00> <CoreInst = "TAddSub">   --->   Core 10 'TAddSub' <Latency = 0> <II = 1> <Delay = 0.33> <IPBlock> <Opcode : '' 'add' 'sub'> <InPorts = 3> <OutPorts = 1> <Sync> <CReg>
ST_1 : Operation 414 [1/1] (0.72ns)   --->   "%add_ln58_630 = add i11 %zext_ln17_28, i11 384" [firmware/nnet_utils/nnet_dense_latency.h:58]   --->   Operation 414 'add' 'add_ln58_630' <Predicate = true> <Delay = 0.72> <CoreInst = "Adder">   --->   Core 1 'Adder' <Latency = 0> <II = 1> <Delay = 0.72> <FuncUnit> <Opcode : 'add' 'sub'> <InPorts = 2> <OutPorts = 1>
ST_1 : Operation 415 [1/1] (0.00ns)   --->   "%zext_ln58_42 = zext i11 %add_ln58_630" [firmware/nnet_utils/nnet_dense_latency.h:58]   --->   Operation 415 'zext' 'zext_ln58_42' <Predicate = true> <Delay = 0.00>
ST_1 : Operation 416 [1/1] (0.74ns)   --->   "%add_ln58_631 = add i13 %zext_ln58_42, i13 %zext_ln17_26" [firmware/nnet_utils/nnet_dense_latency.h:58]   --->   Operation 416 'add' 'add_ln58_631' <Predicate = true> <Delay = 0.74> <CoreInst = "Adder">   --->   Core 1 'Adder' <Latency = 0> <II = 1> <Delay = 0.74> <FuncUnit> <Opcode : 'add' 'sub'> <InPorts = 2> <OutPorts = 1>
ST_1 : Operation 417 [1/1] (0.00ns)   --->   "%zext_ln58_43 = zext i13 %add_ln58_631" [firmware/nnet_utils/nnet_dense_latency.h:58]   --->   Operation 417 'zext' 'zext_ln58_43' <Predicate = true> <Delay = 0.00>
ST_1 : Operation 418 [1/1] (0.67ns) (root node of TernaryAdder)   --->   "%add_ln58_632 = add i16 %zext_ln58_43, i16 %add_ln58_629" [firmware/nnet_utils/nnet_dense_latency.h:58]   --->   Operation 418 'add' 'add_ln58_632' <Predicate = true> <Delay = 0.67> <CoreInst = "TAddSub">   --->   Core 10 'TAddSub' <Latency = 0> <II = 1> <Delay = 0.33> <IPBlock> <Opcode : '' 'add' 'sub'> <InPorts = 3> <OutPorts = 1> <Sync> <CReg>
ST_1 : Operation 419 [1/1] (0.67ns) (root node of TernaryAdder)   --->   "%add_ln58_633 = add i16 %add_ln58_632, i16 %add_ln58_627" [firmware/nnet_utils/nnet_dense_latency.h:58]   --->   Operation 419 'add' 'add_ln58_633' <Predicate = true> <Delay = 0.67> <CoreInst = "TAddSub">   --->   Core 10 'TAddSub' <Latency = 0> <II = 1> <Delay = 0.33> <IPBlock> <Opcode : '' 'add' 'sub'> <InPorts = 3> <OutPorts = 1> <Sync> <CReg>
ST_1 : Operation 420 [1/1] (0.00ns) (grouped into TernaryAdder)   --->   "%add_ln58_634 = add i16 %sext_ln42_141, i16 %mult_82" [firmware/nnet_utils/nnet_dense_latency.h:58]   --->   Operation 420 'add' 'add_ln58_634' <Predicate = true> <Delay = 0.00> <CoreInst = "TAddSub">   --->   Core 10 'TAddSub' <Latency = 0> <II = 1> <Delay = 0.33> <IPBlock> <Opcode : '' 'add' 'sub'> <InPorts = 3> <OutPorts = 1> <Sync> <CReg>
ST_1 : Operation 421 [1/1] (0.67ns) (root node of TernaryAdder)   --->   "%add_ln58_635 = add i16 %add_ln58_634, i16 %sext_ln42_134" [firmware/nnet_utils/nnet_dense_latency.h:58]   --->   Operation 421 'add' 'add_ln58_635' <Predicate = true> <Delay = 0.67> <CoreInst = "TAddSub">   --->   Core 10 'TAddSub' <Latency = 0> <II = 1> <Delay = 0.33> <IPBlock> <Opcode : '' 'add' 'sub'> <InPorts = 3> <OutPorts = 1> <Sync> <CReg>
ST_1 : Operation 422 [1/1] (0.00ns) (grouped into TernaryAdder)   --->   "%add_ln58_636 = add i16 %sext_ln42_151, i16 %mult_101" [firmware/nnet_utils/nnet_dense_latency.h:58]   --->   Operation 422 'add' 'add_ln58_636' <Predicate = true> <Delay = 0.00> <CoreInst = "TAddSub">   --->   Core 10 'TAddSub' <Latency = 0> <II = 1> <Delay = 0.33> <IPBlock> <Opcode : '' 'add' 'sub'> <InPorts = 3> <OutPorts = 1> <Sync> <CReg>
ST_1 : Operation 423 [1/1] (0.67ns) (root node of TernaryAdder)   --->   "%add_ln58_637 = add i16 %add_ln58_636, i16 %mult_88" [firmware/nnet_utils/nnet_dense_latency.h:58]   --->   Operation 423 'add' 'add_ln58_637' <Predicate = true> <Delay = 0.67> <CoreInst = "TAddSub">   --->   Core 10 'TAddSub' <Latency = 0> <II = 1> <Delay = 0.33> <IPBlock> <Opcode : '' 'add' 'sub'> <InPorts = 3> <OutPorts = 1> <Sync> <CReg>
ST_1 : Operation 424 [1/1] (0.00ns) (grouped into TernaryAdder)   --->   "%add_ln58_638 = add i16 %add_ln58_637, i16 %add_ln58_635" [firmware/nnet_utils/nnet_dense_latency.h:58]   --->   Operation 424 'add' 'add_ln58_638' <Predicate = true> <Delay = 0.00> <CoreInst = "TAddSub">   --->   Core 10 'TAddSub' <Latency = 0> <II = 1> <Delay = 0.33> <IPBlock> <Opcode : '' 'add' 'sub'> <InPorts = 3> <OutPorts = 1> <Sync> <CReg>
ST_1 : Operation 425 [1/1] (0.76ns)   --->   "%add_ln58_639 = add i15 %sext_ln17, i15 %zext_ln17" [firmware/nnet_utils/nnet_dense_latency.h:58]   --->   Operation 425 'add' 'add_ln58_639' <Predicate = true> <Delay = 0.76> <CoreInst = "Adder">   --->   Core 1 'Adder' <Latency = 0> <II = 1> <Delay = 0.76> <FuncUnit> <Opcode : 'add' 'sub'> <InPorts = 2> <OutPorts = 1>
ST_1 : Operation 426 [1/1] (0.00ns)   --->   "%sext_ln58_41 = sext i15 %add_ln58_639" [firmware/nnet_utils/nnet_dense_latency.h:58]   --->   Operation 426 'sext' 'sext_ln58_41' <Predicate = true> <Delay = 0.00>
ST_1 : Operation 427 [1/1] (0.00ns) (grouped into TernaryAdder)   --->   "%add_ln58_640 = add i16 %sext_ln58_41, i16 %mult_107" [firmware/nnet_utils/nnet_dense_latency.h:58]   --->   Operation 427 'add' 'add_ln58_640' <Predicate = true> <Delay = 0.00> <CoreInst = "TAddSub">   --->   Core 10 'TAddSub' <Latency = 0> <II = 1> <Delay = 0.33> <IPBlock> <Opcode : '' 'add' 'sub'> <InPorts = 3> <OutPorts = 1> <Sync> <CReg>
ST_1 : Operation 428 [1/1] (0.73ns)   --->   "%add_ln58_641 = add i12 %zext_ln17_29, i12 384" [firmware/nnet_utils/nnet_dense_latency.h:58]   --->   Operation 428 'add' 'add_ln58_641' <Predicate = true> <Delay = 0.73> <CoreInst = "Adder">   --->   Core 1 'Adder' <Latency = 0> <II = 1> <Delay = 0.73> <FuncUnit> <Opcode : 'add' 'sub'> <InPorts = 2> <OutPorts = 1>
ST_1 : Operation 429 [1/1] (0.00ns)   --->   "%zext_ln58_44 = zext i12 %add_ln58_641" [firmware/nnet_utils/nnet_dense_latency.h:58]   --->   Operation 429 'zext' 'zext_ln58_44' <Predicate = true> <Delay = 0.00>
ST_1 : Operation 430 [1/1] (0.74ns)   --->   "%add_ln58_642 = add i13 %zext_ln58_44, i13 %zext_ln17_30" [firmware/nnet_utils/nnet_dense_latency.h:58]   --->   Operation 430 'add' 'add_ln58_642' <Predicate = true> <Delay = 0.74> <CoreInst = "Adder">   --->   Core 1 'Adder' <Latency = 0> <II = 1> <Delay = 0.74> <FuncUnit> <Opcode : 'add' 'sub'> <InPorts = 2> <OutPorts = 1>
ST_1 : Operation 431 [1/1] (0.00ns)   --->   "%zext_ln58_45 = zext i13 %add_ln58_642" [firmware/nnet_utils/nnet_dense_latency.h:58]   --->   Operation 431 'zext' 'zext_ln58_45' <Predicate = true> <Delay = 0.00>
ST_1 : Operation 432 [1/1] (0.67ns) (root node of TernaryAdder)   --->   "%add_ln58_643 = add i16 %zext_ln58_45, i16 %add_ln58_640" [firmware/nnet_utils/nnet_dense_latency.h:58]   --->   Operation 432 'add' 'add_ln58_643' <Predicate = true> <Delay = 0.67> <CoreInst = "TAddSub">   --->   Core 10 'TAddSub' <Latency = 0> <II = 1> <Delay = 0.33> <IPBlock> <Opcode : '' 'add' 'sub'> <InPorts = 3> <OutPorts = 1> <Sync> <CReg>
ST_1 : Operation 433 [1/1] (0.67ns) (root node of TernaryAdder)   --->   "%add_ln58_644 = add i16 %add_ln58_643, i16 %add_ln58_638" [firmware/nnet_utils/nnet_dense_latency.h:58]   --->   Operation 433 'add' 'add_ln58_644' <Predicate = true> <Delay = 0.67> <CoreInst = "TAddSub">   --->   Core 10 'TAddSub' <Latency = 0> <II = 1> <Delay = 0.33> <IPBlock> <Opcode : '' 'add' 'sub'> <InPorts = 3> <OutPorts = 1> <Sync> <CReg>
ST_1 : Operation 434 [1/1] (0.00ns) (grouped into TernaryAdder)   --->   "%add_ln58_645 = add i16 %sext_ln42_141, i16 %zext_ln42_34" [firmware/nnet_utils/nnet_dense_latency.h:58]   --->   Operation 434 'add' 'add_ln58_645' <Predicate = true> <Delay = 0.00> <CoreInst = "TAddSub">   --->   Core 10 'TAddSub' <Latency = 0> <II = 1> <Delay = 0.33> <IPBlock> <Opcode : '' 'add' 'sub'> <InPorts = 3> <OutPorts = 1> <Sync> <CReg>
ST_1 : Operation 435 [1/1] (0.67ns) (root node of TernaryAdder)   --->   "%add_ln58_646 = add i16 %add_ln58_645, i16 %sext_ln42_135" [firmware/nnet_utils/nnet_dense_latency.h:58]   --->   Operation 435 'add' 'add_ln58_646' <Predicate = true> <Delay = 0.67> <CoreInst = "TAddSub">   --->   Core 10 'TAddSub' <Latency = 0> <II = 1> <Delay = 0.33> <IPBlock> <Opcode : '' 'add' 'sub'> <InPorts = 3> <OutPorts = 1> <Sync> <CReg>
ST_1 : Operation 436 [1/1] (0.00ns) (grouped into TernaryAdder)   --->   "%add_ln58_647 = add i16 %mult_77, i16 %mult_82" [firmware/nnet_utils/nnet_dense_latency.h:58]   --->   Operation 436 'add' 'add_ln58_647' <Predicate = true> <Delay = 0.00> <CoreInst = "TAddSub">   --->   Core 10 'TAddSub' <Latency = 0> <II = 1> <Delay = 0.33> <IPBlock> <Opcode : '' 'add' 'sub'> <InPorts = 3> <OutPorts = 1> <Sync> <CReg>
ST_1 : Operation 437 [1/1] (0.78ns)   --->   "%add_ln58_648 = add i16 %mult_89, i16 %sext_ln42_152" [firmware/nnet_utils/nnet_dense_latency.h:58]   --->   Operation 437 'add' 'add_ln58_648' <Predicate = true> <Delay = 0.78> <CoreInst = "Adder">   --->   Core 1 'Adder' <Latency = 0> <II = 1> <Delay = 0.78> <FuncUnit> <Opcode : 'add' 'sub'> <InPorts = 2> <OutPorts = 1>
ST_1 : Operation 438 [1/1] (0.67ns) (root node of TernaryAdder)   --->   "%add_ln58_649 = add i16 %add_ln58_648, i16 %add_ln58_647" [firmware/nnet_utils/nnet_dense_latency.h:58]   --->   Operation 438 'add' 'add_ln58_649' <Predicate = true> <Delay = 0.67> <CoreInst = "TAddSub">   --->   Core 10 'TAddSub' <Latency = 0> <II = 1> <Delay = 0.33> <IPBlock> <Opcode : '' 'add' 'sub'> <InPorts = 3> <OutPorts = 1> <Sync> <CReg>
ST_1 : Operation 439 [1/1] (0.78ns)   --->   "%add_ln58_651 = add i16 %mult_101, i16 %sext_ln42_158" [firmware/nnet_utils/nnet_dense_latency.h:58]   --->   Operation 439 'add' 'add_ln58_651' <Predicate = true> <Delay = 0.78> <CoreInst = "Adder">   --->   Core 1 'Adder' <Latency = 0> <II = 1> <Delay = 0.78> <FuncUnit> <Opcode : 'add' 'sub'> <InPorts = 2> <OutPorts = 1>
ST_1 : Operation 440 [1/1] (0.00ns) (grouped into TernaryAdder)   --->   "%add_ln58_652 = add i16 %add_ln58_651, i16 %sext_ln42_155" [firmware/nnet_utils/nnet_dense_latency.h:58]   --->   Operation 440 'add' 'add_ln58_652' <Predicate = true> <Delay = 0.00> <CoreInst = "TAddSub">   --->   Core 10 'TAddSub' <Latency = 0> <II = 1> <Delay = 0.33> <IPBlock> <Opcode : '' 'add' 'sub'> <InPorts = 3> <OutPorts = 1> <Sync> <CReg>
ST_1 : Operation 441 [1/1] (0.76ns)   --->   "%add_ln58_653 = add i15 %sext_ln17_69, i15 %sext_ln17" [firmware/nnet_utils/nnet_dense_latency.h:58]   --->   Operation 441 'add' 'add_ln58_653' <Predicate = true> <Delay = 0.76> <CoreInst = "Adder">   --->   Core 1 'Adder' <Latency = 0> <II = 1> <Delay = 0.76> <FuncUnit> <Opcode : 'add' 'sub'> <InPorts = 2> <OutPorts = 1>
ST_1 : Operation 442 [1/1] (0.00ns)   --->   "%sext_ln58_126 = sext i15 %add_ln58_653" [firmware/nnet_utils/nnet_dense_latency.h:58]   --->   Operation 442 'sext' 'sext_ln58_126' <Predicate = true> <Delay = 0.00>
ST_1 : Operation 443 [1/1] (0.73ns)   --->   "%add_ln58_654 = add i11 %zext_ln17_23, i11 768" [firmware/nnet_utils/nnet_dense_latency.h:58]   --->   Operation 443 'add' 'add_ln58_654' <Predicate = true> <Delay = 0.73> <CoreInst = "Adder">   --->   Core 1 'Adder' <Latency = 0> <II = 1> <Delay = 0.73> <FuncUnit> <Opcode : 'add' 'sub'> <InPorts = 2> <OutPorts = 1>
ST_1 : Operation 444 [1/1] (0.00ns)   --->   "%zext_ln58_46 = zext i11 %add_ln58_654" [firmware/nnet_utils/nnet_dense_latency.h:58]   --->   Operation 444 'zext' 'zext_ln58_46' <Predicate = true> <Delay = 0.00>
ST_1 : Operation 445 [1/1] (0.77ns)   --->   "%add_ln58_655 = add i16 %zext_ln58_46, i16 %sext_ln58_126" [firmware/nnet_utils/nnet_dense_latency.h:58]   --->   Operation 445 'add' 'add_ln58_655' <Predicate = true> <Delay = 0.77> <CoreInst = "Adder">   --->   Core 1 'Adder' <Latency = 0> <II = 1> <Delay = 0.77> <FuncUnit> <Opcode : 'add' 'sub'> <InPorts = 2> <OutPorts = 1>
ST_1 : Operation 446 [1/1] (0.67ns) (root node of TernaryAdder)   --->   "%add_ln58_656 = add i16 %add_ln58_655, i16 %add_ln58_652" [firmware/nnet_utils/nnet_dense_latency.h:58]   --->   Operation 446 'add' 'add_ln58_656' <Predicate = true> <Delay = 0.67> <CoreInst = "TAddSub">   --->   Core 10 'TAddSub' <Latency = 0> <II = 1> <Delay = 0.33> <IPBlock> <Opcode : '' 'add' 'sub'> <InPorts = 3> <OutPorts = 1> <Sync> <CReg>
ST_1 : Operation 447 [1/1] (0.77ns)   --->   "%add_ln58_658 = add i16 %sext_ln42_131, i16 %sext_ln42_136" [firmware/nnet_utils/nnet_dense_latency.h:58]   --->   Operation 447 'add' 'add_ln58_658' <Predicate = true> <Delay = 0.77> <CoreInst = "Adder">   --->   Core 1 'Adder' <Latency = 0> <II = 1> <Delay = 0.77> <FuncUnit> <Opcode : 'add' 'sub'> <InPorts = 2> <OutPorts = 1>
ST_1 : Operation 448 [1/1] (0.77ns)   --->   "%add_ln58_659 = add i16 %sext_ln42_145, i16 %sext_ln42_147" [firmware/nnet_utils/nnet_dense_latency.h:58]   --->   Operation 448 'add' 'add_ln58_659' <Predicate = true> <Delay = 0.77> <CoreInst = "Adder">   --->   Core 1 'Adder' <Latency = 0> <II = 1> <Delay = 0.77> <FuncUnit> <Opcode : 'add' 'sub'> <InPorts = 2> <OutPorts = 1>
ST_1 : Operation 449 [1/1] (0.00ns) (grouped into TernaryAdder)   --->   "%add_ln58_660 = add i16 %add_ln58_659, i16 %add_ln58_658" [firmware/nnet_utils/nnet_dense_latency.h:58]   --->   Operation 449 'add' 'add_ln58_660' <Predicate = true> <Delay = 0.00> <CoreInst = "TAddSub">   --->   Core 10 'TAddSub' <Latency = 0> <II = 1> <Delay = 0.33> <IPBlock> <Opcode : '' 'add' 'sub'> <InPorts = 3> <OutPorts = 1> <Sync> <CReg>
ST_1 : Operation 450 [1/1] (0.00ns) (grouped into TernaryAdder)   --->   "%add_ln58_661 = add i16 %mult_88, i16 %sext_ln42_163" [firmware/nnet_utils/nnet_dense_latency.h:58]   --->   Operation 450 'add' 'add_ln58_661' <Predicate = true> <Delay = 0.00> <CoreInst = "TAddSub">   --->   Core 10 'TAddSub' <Latency = 0> <II = 1> <Delay = 0.33> <IPBlock> <Opcode : '' 'add' 'sub'> <InPorts = 3> <OutPorts = 1> <Sync> <CReg>
ST_1 : Operation 451 [1/1] (0.74ns)   --->   "%add_ln58_662 = add i13 %sext_ln17_35, i13 128" [firmware/nnet_utils/nnet_dense_latency.h:58]   --->   Operation 451 'add' 'add_ln58_662' <Predicate = true> <Delay = 0.74> <CoreInst = "Adder">   --->   Core 1 'Adder' <Latency = 0> <II = 1> <Delay = 0.74> <FuncUnit> <Opcode : 'add' 'sub'> <InPorts = 2> <OutPorts = 1>
ST_1 : Operation 452 [1/1] (0.00ns)   --->   "%sext_ln58_42 = sext i13 %add_ln58_662" [firmware/nnet_utils/nnet_dense_latency.h:58]   --->   Operation 452 'sext' 'sext_ln58_42' <Predicate = true> <Delay = 0.00>
ST_1 : Operation 453 [1/1] (0.76ns)   --->   "%add_ln58_663 = add i16 %sext_ln58_42, i16 %zext_ln42_37" [firmware/nnet_utils/nnet_dense_latency.h:58]   --->   Operation 453 'add' 'add_ln58_663' <Predicate = true> <Delay = 0.76> <CoreInst = "Adder">   --->   Core 1 'Adder' <Latency = 0> <II = 1> <Delay = 0.76> <FuncUnit> <Opcode : 'add' 'sub'> <InPorts = 2> <OutPorts = 1>
ST_1 : Operation 454 [1/1] (0.67ns) (root node of TernaryAdder)   --->   "%add_ln58_664 = add i16 %add_ln58_663, i16 %add_ln58_661" [firmware/nnet_utils/nnet_dense_latency.h:58]   --->   Operation 454 'add' 'add_ln58_664' <Predicate = true> <Delay = 0.67> <CoreInst = "TAddSub">   --->   Core 10 'TAddSub' <Latency = 0> <II = 1> <Delay = 0.33> <IPBlock> <Opcode : '' 'add' 'sub'> <InPorts = 3> <OutPorts = 1> <Sync> <CReg>
ST_1 : Operation 455 [1/1] (0.67ns) (root node of TernaryAdder)   --->   "%add_ln58_665 = add i16 %add_ln58_664, i16 %add_ln58_660" [firmware/nnet_utils/nnet_dense_latency.h:58]   --->   Operation 455 'add' 'add_ln58_665' <Predicate = true> <Delay = 0.67> <CoreInst = "TAddSub">   --->   Core 10 'TAddSub' <Latency = 0> <II = 1> <Delay = 0.33> <IPBlock> <Opcode : '' 'add' 'sub'> <InPorts = 3> <OutPorts = 1> <Sync> <CReg>
ST_1 : Operation 456 [1/1] (0.78ns)   --->   "%add_ln58_666 = add i16 %mult_68, i16 %mult_88" [firmware/nnet_utils/nnet_dense_latency.h:58]   --->   Operation 456 'add' 'add_ln58_666' <Predicate = true> <Delay = 0.78> <CoreInst = "Adder">   --->   Core 1 'Adder' <Latency = 0> <II = 1> <Delay = 0.78> <FuncUnit> <Opcode : 'add' 'sub'> <InPorts = 2> <OutPorts = 1>
ST_1 : Operation 457 [1/1] (0.00ns) (grouped into TernaryAdder)   --->   "%add_ln58_667 = add i16 %add_ln58_666, i16 %sext_ln42_137" [firmware/nnet_utils/nnet_dense_latency.h:58]   --->   Operation 457 'add' 'add_ln58_667' <Predicate = true> <Delay = 0.00> <CoreInst = "TAddSub">   --->   Core 10 'TAddSub' <Latency = 0> <II = 1> <Delay = 0.33> <IPBlock> <Opcode : '' 'add' 'sub'> <InPorts = 3> <OutPorts = 1> <Sync> <CReg>
ST_1 : Operation 458 [1/1] (0.00ns) (grouped into TernaryAdder)   --->   "%add_ln58_668 = add i16 %mult_101, i16 %mult_108" [firmware/nnet_utils/nnet_dense_latency.h:58]   --->   Operation 458 'add' 'add_ln58_668' <Predicate = true> <Delay = 0.00> <CoreInst = "TAddSub">   --->   Core 10 'TAddSub' <Latency = 0> <II = 1> <Delay = 0.33> <IPBlock> <Opcode : '' 'add' 'sub'> <InPorts = 3> <OutPorts = 1> <Sync> <CReg>
ST_1 : Operation 459 [1/1] (0.77ns)   --->   "%add_ln58_669 = add i16 %sext_ln42_148, i16 64256" [firmware/nnet_utils/nnet_dense_latency.h:58]   --->   Operation 459 'add' 'add_ln58_669' <Predicate = true> <Delay = 0.77> <CoreInst = "Adder">   --->   Core 1 'Adder' <Latency = 0> <II = 1> <Delay = 0.77> <FuncUnit> <Opcode : 'add' 'sub'> <InPorts = 2> <OutPorts = 1>
ST_1 : Operation 460 [1/1] (0.67ns) (root node of TernaryAdder)   --->   "%add_ln58_670 = add i16 %add_ln58_669, i16 %add_ln58_668" [firmware/nnet_utils/nnet_dense_latency.h:58]   --->   Operation 460 'add' 'add_ln58_670' <Predicate = true> <Delay = 0.67> <CoreInst = "TAddSub">   --->   Core 10 'TAddSub' <Latency = 0> <II = 1> <Delay = 0.33> <IPBlock> <Opcode : '' 'add' 'sub'> <InPorts = 3> <OutPorts = 1> <Sync> <CReg>
ST_1 : Operation 461 [1/1] (0.67ns) (root node of TernaryAdder)   --->   "%add_ln58_671 = add i16 %add_ln58_670, i16 %add_ln58_667" [firmware/nnet_utils/nnet_dense_latency.h:58]   --->   Operation 461 'add' 'add_ln58_671' <Predicate = true> <Delay = 0.67> <CoreInst = "TAddSub">   --->   Core 10 'TAddSub' <Latency = 0> <II = 1> <Delay = 0.33> <IPBlock> <Opcode : '' 'add' 'sub'> <InPorts = 3> <OutPorts = 1> <Sync> <CReg>
ST_1 : Operation 462 [1/1] (0.00ns) (grouped into TernaryAdder)   --->   "%add_ln58_672 = add i16 %sext_ln42_138, i16 %mult_69" [firmware/nnet_utils/nnet_dense_latency.h:58]   --->   Operation 462 'add' 'add_ln58_672' <Predicate = true> <Delay = 0.00> <CoreInst = "TAddSub">   --->   Core 10 'TAddSub' <Latency = 0> <II = 1> <Delay = 0.33> <IPBlock> <Opcode : '' 'add' 'sub'> <InPorts = 3> <OutPorts = 1> <Sync> <CReg>
ST_1 : Operation 463 [1/1] (0.67ns) (root node of TernaryAdder)   --->   "%add_ln58_673 = add i16 %add_ln58_672, i16 %sext_ln42_132" [firmware/nnet_utils/nnet_dense_latency.h:58]   --->   Operation 463 'add' 'add_ln58_673' <Predicate = true> <Delay = 0.67> <CoreInst = "TAddSub">   --->   Core 10 'TAddSub' <Latency = 0> <II = 1> <Delay = 0.33> <IPBlock> <Opcode : '' 'add' 'sub'> <InPorts = 3> <OutPorts = 1> <Sync> <CReg>
ST_1 : Operation 464 [1/1] (0.00ns) (grouped into TernaryAdder)   --->   "%add_ln58_674 = add i16 %mult_76, i16 %mult_84" [firmware/nnet_utils/nnet_dense_latency.h:58]   --->   Operation 464 'add' 'add_ln58_674' <Predicate = true> <Delay = 0.00> <CoreInst = "TAddSub">   --->   Core 10 'TAddSub' <Latency = 0> <II = 1> <Delay = 0.33> <IPBlock> <Opcode : '' 'add' 'sub'> <InPorts = 3> <OutPorts = 1> <Sync> <CReg>
ST_1 : Operation 465 [1/1] (0.67ns) (root node of TernaryAdder)   --->   "%add_ln58_675 = add i16 %add_ln58_674, i16 %mult_71" [firmware/nnet_utils/nnet_dense_latency.h:58]   --->   Operation 465 'add' 'add_ln58_675' <Predicate = true> <Delay = 0.67> <CoreInst = "TAddSub">   --->   Core 10 'TAddSub' <Latency = 0> <II = 1> <Delay = 0.33> <IPBlock> <Opcode : '' 'add' 'sub'> <InPorts = 3> <OutPorts = 1> <Sync> <CReg>
ST_1 : Operation 466 [1/1] (0.00ns) (grouped into TernaryAdder)   --->   "%add_ln58_676 = add i16 %add_ln58_675, i16 %add_ln58_673" [firmware/nnet_utils/nnet_dense_latency.h:58]   --->   Operation 466 'add' 'add_ln58_676' <Predicate = true> <Delay = 0.00> <CoreInst = "TAddSub">   --->   Core 10 'TAddSub' <Latency = 0> <II = 1> <Delay = 0.33> <IPBlock> <Opcode : '' 'add' 'sub'> <InPorts = 3> <OutPorts = 1> <Sync> <CReg>
ST_1 : Operation 467 [1/1] (0.78ns)   --->   "%add_ln58_677 = add i16 %mult_105, i16 %sext_ln42_164" [firmware/nnet_utils/nnet_dense_latency.h:58]   --->   Operation 467 'add' 'add_ln58_677' <Predicate = true> <Delay = 0.78> <CoreInst = "Adder">   --->   Core 1 'Adder' <Latency = 0> <II = 1> <Delay = 0.78> <FuncUnit> <Opcode : 'add' 'sub'> <InPorts = 2> <OutPorts = 1>
ST_1 : Operation 468 [1/1] (0.00ns) (grouped into TernaryAdder)   --->   "%add_ln58_678 = add i16 %add_ln58_677, i16 %mult_96" [firmware/nnet_utils/nnet_dense_latency.h:58]   --->   Operation 468 'add' 'add_ln58_678' <Predicate = true> <Delay = 0.00> <CoreInst = "TAddSub">   --->   Core 10 'TAddSub' <Latency = 0> <II = 1> <Delay = 0.33> <IPBlock> <Opcode : '' 'add' 'sub'> <InPorts = 3> <OutPorts = 1> <Sync> <CReg>
ST_1 : Operation 469 [1/1] (0.76ns)   --->   "%add_ln58_679 = add i15 %sext_ln17_38, i15 %zext_ln17_24" [firmware/nnet_utils/nnet_dense_latency.h:58]   --->   Operation 469 'add' 'add_ln58_679' <Predicate = true> <Delay = 0.76> <CoreInst = "Adder">   --->   Core 1 'Adder' <Latency = 0> <II = 1> <Delay = 0.76> <FuncUnit> <Opcode : 'add' 'sub'> <InPorts = 2> <OutPorts = 1>
ST_1 : Operation 470 [1/1] (0.00ns)   --->   "%sext_ln58_43 = sext i15 %add_ln58_679" [firmware/nnet_utils/nnet_dense_latency.h:58]   --->   Operation 470 'sext' 'sext_ln58_43' <Predicate = true> <Delay = 0.00>
ST_1 : Operation 471 [1/1] (0.74ns)   --->   "%add_ln58_680 = add i13 %zext_ln17_27, i13 1280" [firmware/nnet_utils/nnet_dense_latency.h:58]   --->   Operation 471 'add' 'add_ln58_680' <Predicate = true> <Delay = 0.74> <CoreInst = "Adder">   --->   Core 1 'Adder' <Latency = 0> <II = 1> <Delay = 0.74> <FuncUnit> <Opcode : 'add' 'sub'> <InPorts = 2> <OutPorts = 1>
ST_1 : Operation 472 [1/1] (0.00ns)   --->   "%zext_ln58_47 = zext i13 %add_ln58_680" [firmware/nnet_utils/nnet_dense_latency.h:58]   --->   Operation 472 'zext' 'zext_ln58_47' <Predicate = true> <Delay = 0.00>
ST_1 : Operation 473 [1/1] (0.77ns)   --->   "%add_ln58_681 = add i16 %zext_ln58_47, i16 %sext_ln58_43" [firmware/nnet_utils/nnet_dense_latency.h:58]   --->   Operation 473 'add' 'add_ln58_681' <Predicate = true> <Delay = 0.77> <CoreInst = "Adder">   --->   Core 1 'Adder' <Latency = 0> <II = 1> <Delay = 0.77> <FuncUnit> <Opcode : 'add' 'sub'> <InPorts = 2> <OutPorts = 1>
ST_1 : Operation 474 [1/1] (0.67ns) (root node of TernaryAdder)   --->   "%add_ln58_682 = add i16 %add_ln58_681, i16 %add_ln58_678" [firmware/nnet_utils/nnet_dense_latency.h:58]   --->   Operation 474 'add' 'add_ln58_682' <Predicate = true> <Delay = 0.67> <CoreInst = "TAddSub">   --->   Core 10 'TAddSub' <Latency = 0> <II = 1> <Delay = 0.33> <IPBlock> <Opcode : '' 'add' 'sub'> <InPorts = 3> <OutPorts = 1> <Sync> <CReg>
ST_1 : Operation 475 [1/1] (0.67ns) (root node of TernaryAdder)   --->   "%add_ln58_683 = add i16 %add_ln58_682, i16 %add_ln58_676" [firmware/nnet_utils/nnet_dense_latency.h:58]   --->   Operation 475 'add' 'add_ln58_683' <Predicate = true> <Delay = 0.67> <CoreInst = "TAddSub">   --->   Core 10 'TAddSub' <Latency = 0> <II = 1> <Delay = 0.33> <IPBlock> <Opcode : '' 'add' 'sub'> <InPorts = 3> <OutPorts = 1> <Sync> <CReg>
ST_1 : Operation 476 [1/1] (0.00ns) (grouped into TernaryAdder)   --->   "%add_ln58_684 = add i16 %mult_65, i16 %sext_ln42_142" [firmware/nnet_utils/nnet_dense_latency.h:58]   --->   Operation 476 'add' 'add_ln58_684' <Predicate = true> <Delay = 0.00> <CoreInst = "TAddSub">   --->   Core 10 'TAddSub' <Latency = 0> <II = 1> <Delay = 0.33> <IPBlock> <Opcode : '' 'add' 'sub'> <InPorts = 3> <OutPorts = 1> <Sync> <CReg>
ST_1 : Operation 477 [1/1] (0.67ns) (root node of TernaryAdder)   --->   "%add_ln58_685 = add i16 %add_ln58_684, i16 %sext_ln42" [firmware/nnet_utils/nnet_dense_latency.h:58]   --->   Operation 477 'add' 'add_ln58_685' <Predicate = true> <Delay = 0.67> <CoreInst = "TAddSub">   --->   Core 10 'TAddSub' <Latency = 0> <II = 1> <Delay = 0.33> <IPBlock> <Opcode : '' 'add' 'sub'> <InPorts = 3> <OutPorts = 1> <Sync> <CReg>
ST_1 : Operation 478 [1/1] (0.00ns) (grouped into TernaryAdder)   --->   "%add_ln58_686 = add i16 %mult_72, i16 %zext_ln42_35" [firmware/nnet_utils/nnet_dense_latency.h:58]   --->   Operation 478 'add' 'add_ln58_686' <Predicate = true> <Delay = 0.00> <CoreInst = "TAddSub">   --->   Core 10 'TAddSub' <Latency = 0> <II = 1> <Delay = 0.33> <IPBlock> <Opcode : '' 'add' 'sub'> <InPorts = 3> <OutPorts = 1> <Sync> <CReg>
ST_1 : Operation 479 [1/1] (0.78ns)   --->   "%add_ln58_687 = add i16 %mult_78, i16 %mult_85" [firmware/nnet_utils/nnet_dense_latency.h:58]   --->   Operation 479 'add' 'add_ln58_687' <Predicate = true> <Delay = 0.78> <CoreInst = "Adder">   --->   Core 1 'Adder' <Latency = 0> <II = 1> <Delay = 0.78> <FuncUnit> <Opcode : 'add' 'sub'> <InPorts = 2> <OutPorts = 1>
ST_1 : Operation 480 [1/1] (0.67ns) (root node of TernaryAdder)   --->   "%add_ln58_688 = add i16 %add_ln58_687, i16 %add_ln58_686" [firmware/nnet_utils/nnet_dense_latency.h:58]   --->   Operation 480 'add' 'add_ln58_688' <Predicate = true> <Delay = 0.67> <CoreInst = "TAddSub">   --->   Core 10 'TAddSub' <Latency = 0> <II = 1> <Delay = 0.33> <IPBlock> <Opcode : '' 'add' 'sub'> <InPorts = 3> <OutPorts = 1> <Sync> <CReg>
ST_1 : Operation 481 [1/1] (0.78ns)   --->   "%add_ln58_690 = add i16 %sext_ln42_153, i16 %mult_103" [firmware/nnet_utils/nnet_dense_latency.h:58]   --->   Operation 481 'add' 'add_ln58_690' <Predicate = true> <Delay = 0.78> <CoreInst = "Adder">   --->   Core 1 'Adder' <Latency = 0> <II = 1> <Delay = 0.78> <FuncUnit> <Opcode : 'add' 'sub'> <InPorts = 2> <OutPorts = 1>
ST_1 : Operation 482 [1/1] (0.00ns) (grouped into TernaryAdder)   --->   "%add_ln58_691 = add i16 %add_ln58_690, i16 %mult_90" [firmware/nnet_utils/nnet_dense_latency.h:58]   --->   Operation 482 'add' 'add_ln58_691' <Predicate = true> <Delay = 0.00> <CoreInst = "TAddSub">   --->   Core 10 'TAddSub' <Latency = 0> <II = 1> <Delay = 0.33> <IPBlock> <Opcode : '' 'add' 'sub'> <InPorts = 3> <OutPorts = 1> <Sync> <CReg>
ST_1 : Operation 483 [1/1] (0.00ns) (grouped into TernaryAdder)   --->   "%add_ln58_692 = add i16 %sext_ln42_165, i16 %zext_ln42_37" [firmware/nnet_utils/nnet_dense_latency.h:58]   --->   Operation 483 'add' 'add_ln58_692' <Predicate = true> <Delay = 0.00> <CoreInst = "TAddSub">   --->   Core 10 'TAddSub' <Latency = 0> <II = 1> <Delay = 0.33> <IPBlock> <Opcode : '' 'add' 'sub'> <InPorts = 3> <OutPorts = 1> <Sync> <CReg>
ST_1 : Operation 484 [1/1] (0.74ns)   --->   "%add_ln58_693 = add i13 %zext_ln17_25, i13 1408" [firmware/nnet_utils/nnet_dense_latency.h:58]   --->   Operation 484 'add' 'add_ln58_693' <Predicate = true> <Delay = 0.74> <CoreInst = "Adder">   --->   Core 1 'Adder' <Latency = 0> <II = 1> <Delay = 0.74> <FuncUnit> <Opcode : 'add' 'sub'> <InPorts = 2> <OutPorts = 1>
ST_1 : Operation 485 [1/1] (0.00ns)   --->   "%zext_ln58_48 = zext i13 %add_ln58_693" [firmware/nnet_utils/nnet_dense_latency.h:58]   --->   Operation 485 'zext' 'zext_ln58_48' <Predicate = true> <Delay = 0.00>
ST_1 : Operation 486 [1/1] (0.67ns) (root node of TernaryAdder)   --->   "%add_ln58_694 = add i16 %zext_ln58_48, i16 %add_ln58_692" [firmware/nnet_utils/nnet_dense_latency.h:58]   --->   Operation 486 'add' 'add_ln58_694' <Predicate = true> <Delay = 0.67> <CoreInst = "TAddSub">   --->   Core 10 'TAddSub' <Latency = 0> <II = 1> <Delay = 0.33> <IPBlock> <Opcode : '' 'add' 'sub'> <InPorts = 3> <OutPorts = 1> <Sync> <CReg>
ST_1 : Operation 487 [1/1] (0.67ns) (root node of TernaryAdder)   --->   "%add_ln58_695 = add i16 %add_ln58_694, i16 %add_ln58_691" [firmware/nnet_utils/nnet_dense_latency.h:58]   --->   Operation 487 'add' 'add_ln58_695' <Predicate = true> <Delay = 0.67> <CoreInst = "TAddSub">   --->   Core 10 'TAddSub' <Latency = 0> <II = 1> <Delay = 0.33> <IPBlock> <Opcode : '' 'add' 'sub'> <InPorts = 3> <OutPorts = 1> <Sync> <CReg>
ST_1 : Operation 488 [1/1] (0.00ns) (grouped into TernaryAdder)   --->   "%add_ln58_697 = add i16 %mult_66, i16 %sext_ln42_142" [firmware/nnet_utils/nnet_dense_latency.h:58]   --->   Operation 488 'add' 'add_ln58_697' <Predicate = true> <Delay = 0.00> <CoreInst = "TAddSub">   --->   Core 10 'TAddSub' <Latency = 0> <II = 1> <Delay = 0.33> <IPBlock> <Opcode : '' 'add' 'sub'> <InPorts = 3> <OutPorts = 1> <Sync> <CReg>
ST_1 : Operation 489 [1/1] (0.67ns) (root node of TernaryAdder)   --->   "%add_ln58_698 = add i16 %add_ln58_697, i16 %sext_ln42_133" [firmware/nnet_utils/nnet_dense_latency.h:58]   --->   Operation 489 'add' 'add_ln58_698' <Predicate = true> <Delay = 0.67> <CoreInst = "TAddSub">   --->   Core 10 'TAddSub' <Latency = 0> <II = 1> <Delay = 0.33> <IPBlock> <Opcode : '' 'add' 'sub'> <InPorts = 3> <OutPorts = 1> <Sync> <CReg>
ST_1 : Operation 490 [1/1] (0.00ns) (grouped into TernaryAdder)   --->   "%add_ln58_699 = add i16 %sext_ln42_144, i16 %mult_86" [firmware/nnet_utils/nnet_dense_latency.h:58]   --->   Operation 490 'add' 'add_ln58_699' <Predicate = true> <Delay = 0.00> <CoreInst = "TAddSub">   --->   Core 10 'TAddSub' <Latency = 0> <II = 1> <Delay = 0.33> <IPBlock> <Opcode : '' 'add' 'sub'> <InPorts = 3> <OutPorts = 1> <Sync> <CReg>
ST_1 : Operation 491 [1/1] (0.67ns) (root node of TernaryAdder)   --->   "%add_ln58_700 = add i16 %add_ln58_699, i16 %mult_73" [firmware/nnet_utils/nnet_dense_latency.h:58]   --->   Operation 491 'add' 'add_ln58_700' <Predicate = true> <Delay = 0.67> <CoreInst = "TAddSub">   --->   Core 10 'TAddSub' <Latency = 0> <II = 1> <Delay = 0.33> <IPBlock> <Opcode : '' 'add' 'sub'> <InPorts = 3> <OutPorts = 1> <Sync> <CReg>
ST_1 : Operation 492 [1/1] (0.00ns) (grouped into TernaryAdder)   --->   "%add_ln58_701 = add i16 %add_ln58_700, i16 %add_ln58_698" [firmware/nnet_utils/nnet_dense_latency.h:58]   --->   Operation 492 'add' 'add_ln58_701' <Predicate = true> <Delay = 0.00> <CoreInst = "TAddSub">   --->   Core 10 'TAddSub' <Latency = 0> <II = 1> <Delay = 0.33> <IPBlock> <Opcode : '' 'add' 'sub'> <InPorts = 3> <OutPorts = 1> <Sync> <CReg>
ST_1 : Operation 493 [1/1] (0.78ns)   --->   "%add_ln58_702 = add i16 %mult_97, i16 %zext_ln42_40" [firmware/nnet_utils/nnet_dense_latency.h:58]   --->   Operation 493 'add' 'add_ln58_702' <Predicate = true> <Delay = 0.78> <CoreInst = "Adder">   --->   Core 1 'Adder' <Latency = 0> <II = 1> <Delay = 0.78> <FuncUnit> <Opcode : 'add' 'sub'> <InPorts = 2> <OutPorts = 1>
ST_1 : Operation 494 [1/1] (0.00ns) (grouped into TernaryAdder)   --->   "%add_ln58_703 = add i16 %add_ln58_702, i16 %mult_91" [firmware/nnet_utils/nnet_dense_latency.h:58]   --->   Operation 494 'add' 'add_ln58_703' <Predicate = true> <Delay = 0.00> <CoreInst = "TAddSub">   --->   Core 10 'TAddSub' <Latency = 0> <II = 1> <Delay = 0.33> <IPBlock> <Opcode : '' 'add' 'sub'> <InPorts = 3> <OutPorts = 1> <Sync> <CReg>
ST_1 : Operation 495 [1/1] (0.00ns) (grouped into TernaryAdder)   --->   "%add_ln58_704 = add i14 %zext_ln17_31, i14 2560" [firmware/nnet_utils/nnet_dense_latency.h:58]   --->   Operation 495 'add' 'add_ln58_704' <Predicate = true> <Delay = 0.00> <CoreInst = "TAddSub">   --->   Core 10 'TAddSub' <Latency = 0> <II = 1> <Delay = 0.33> <IPBlock> <Opcode : '' 'add' 'sub'> <InPorts = 3> <OutPorts = 1> <Sync> <CReg>
ST_1 : Operation 496 [1/1] (0.71ns) (root node of TernaryAdder)   --->   "%add_ln58_705 = add i14 %add_ln58_704, i14 %zext_ln42_36" [firmware/nnet_utils/nnet_dense_latency.h:58]   --->   Operation 496 'add' 'add_ln58_705' <Predicate = true> <Delay = 0.71> <CoreInst = "TAddSub">   --->   Core 10 'TAddSub' <Latency = 0> <II = 1> <Delay = 0.33> <IPBlock> <Opcode : '' 'add' 'sub'> <InPorts = 3> <OutPorts = 1> <Sync> <CReg>
ST_1 : Operation 497 [1/1] (0.00ns)   --->   "%zext_ln58_49 = zext i14 %add_ln58_705" [firmware/nnet_utils/nnet_dense_latency.h:58]   --->   Operation 497 'zext' 'zext_ln58_49' <Predicate = true> <Delay = 0.00>
ST_1 : Operation 498 [1/1] (0.67ns) (root node of TernaryAdder)   --->   "%add_ln58_706 = add i16 %zext_ln58_49, i16 %add_ln58_703" [firmware/nnet_utils/nnet_dense_latency.h:58]   --->   Operation 498 'add' 'add_ln58_706' <Predicate = true> <Delay = 0.67> <CoreInst = "TAddSub">   --->   Core 10 'TAddSub' <Latency = 0> <II = 1> <Delay = 0.33> <IPBlock> <Opcode : '' 'add' 'sub'> <InPorts = 3> <OutPorts = 1> <Sync> <CReg>
ST_1 : Operation 499 [1/1] (0.67ns) (root node of TernaryAdder)   --->   "%add_ln58_707 = add i16 %add_ln58_706, i16 %add_ln58_701" [firmware/nnet_utils/nnet_dense_latency.h:58]   --->   Operation 499 'add' 'add_ln58_707' <Predicate = true> <Delay = 0.67> <CoreInst = "TAddSub">   --->   Core 10 'TAddSub' <Latency = 0> <II = 1> <Delay = 0.33> <IPBlock> <Opcode : '' 'add' 'sub'> <InPorts = 3> <OutPorts = 1> <Sync> <CReg>
ST_1 : Operation 500 [1/1] (0.77ns)   --->   "%add_ln58_708 = add i16 %sext_ln42_131, i16 %sext_ln42_137" [firmware/nnet_utils/nnet_dense_latency.h:58]   --->   Operation 500 'add' 'add_ln58_708' <Predicate = true> <Delay = 0.77> <CoreInst = "Adder">   --->   Core 1 'Adder' <Latency = 0> <II = 1> <Delay = 0.77> <FuncUnit> <Opcode : 'add' 'sub'> <InPorts = 2> <OutPorts = 1>
ST_1 : Operation 501 [1/1] (0.78ns)   --->   "%add_ln58_709 = add i16 %mult_87, i16 %mult_92" [firmware/nnet_utils/nnet_dense_latency.h:58]   --->   Operation 501 'add' 'add_ln58_709' <Predicate = true> <Delay = 0.78> <CoreInst = "Adder">   --->   Core 1 'Adder' <Latency = 0> <II = 1> <Delay = 0.78> <FuncUnit> <Opcode : 'add' 'sub'> <InPorts = 2> <OutPorts = 1>
ST_1 : Operation 502 [1/1] (0.00ns) (grouped into TernaryAdder)   --->   "%add_ln58_710 = add i16 %add_ln58_709, i16 %add_ln58_708" [firmware/nnet_utils/nnet_dense_latency.h:58]   --->   Operation 502 'add' 'add_ln58_710' <Predicate = true> <Delay = 0.00> <CoreInst = "TAddSub">   --->   Core 10 'TAddSub' <Latency = 0> <II = 1> <Delay = 0.33> <IPBlock> <Opcode : '' 'add' 'sub'> <InPorts = 3> <OutPorts = 1> <Sync> <CReg>
ST_1 : Operation 503 [1/1] (0.00ns) (grouped into TernaryAdder)   --->   "%add_ln58_711 = add i16 %mult_96, i16 %sext_ln42_158" [firmware/nnet_utils/nnet_dense_latency.h:58]   --->   Operation 503 'add' 'add_ln58_711' <Predicate = true> <Delay = 0.00> <CoreInst = "TAddSub">   --->   Core 10 'TAddSub' <Latency = 0> <II = 1> <Delay = 0.33> <IPBlock> <Opcode : '' 'add' 'sub'> <InPorts = 3> <OutPorts = 1> <Sync> <CReg>
ST_1 : Operation 504 [1/1] (0.00ns) (grouped into TernaryAdder)   --->   "%add_ln58_712 = add i16 %sext_ln42_157, i16 1536" [firmware/nnet_utils/nnet_dense_latency.h:58]   --->   Operation 504 'add' 'add_ln58_712' <Predicate = true> <Delay = 0.00> <CoreInst = "TAddSub">   --->   Core 10 'TAddSub' <Latency = 0> <II = 1> <Delay = 0.33> <IPBlock> <Opcode : '' 'add' 'sub'> <InPorts = 3> <OutPorts = 1> <Sync> <CReg>
ST_1 : Operation 505 [1/1] (0.67ns) (root node of TernaryAdder)   --->   "%add_ln58_713 = add i16 %add_ln58_712, i16 %sext_ln42_161" [firmware/nnet_utils/nnet_dense_latency.h:58]   --->   Operation 505 'add' 'add_ln58_713' <Predicate = true> <Delay = 0.67> <CoreInst = "TAddSub">   --->   Core 10 'TAddSub' <Latency = 0> <II = 1> <Delay = 0.33> <IPBlock> <Opcode : '' 'add' 'sub'> <InPorts = 3> <OutPorts = 1> <Sync> <CReg>
ST_1 : Operation 506 [1/1] (0.67ns) (root node of TernaryAdder)   --->   "%add_ln58_714 = add i16 %add_ln58_713, i16 %add_ln58_711" [firmware/nnet_utils/nnet_dense_latency.h:58]   --->   Operation 506 'add' 'add_ln58_714' <Predicate = true> <Delay = 0.67> <CoreInst = "TAddSub">   --->   Core 10 'TAddSub' <Latency = 0> <II = 1> <Delay = 0.33> <IPBlock> <Opcode : '' 'add' 'sub'> <InPorts = 3> <OutPorts = 1> <Sync> <CReg>
ST_1 : Operation 507 [1/1] (0.67ns) (root node of TernaryAdder)   --->   "%add_ln58_715 = add i16 %add_ln58_714, i16 %add_ln58_710" [firmware/nnet_utils/nnet_dense_latency.h:58]   --->   Operation 507 'add' 'add_ln58_715' <Predicate = true> <Delay = 0.67> <CoreInst = "TAddSub">   --->   Core 10 'TAddSub' <Latency = 0> <II = 1> <Delay = 0.33> <IPBlock> <Opcode : '' 'add' 'sub'> <InPorts = 3> <OutPorts = 1> <Sync> <CReg>
ST_1 : Operation 508 [1/1] (0.75ns)   --->   "%add_ln58_716 = add i14 %sext_ln17_67, i14 %sext_ln17_68" [firmware/nnet_utils/nnet_dense_latency.h:58]   --->   Operation 508 'add' 'add_ln58_716' <Predicate = true> <Delay = 0.75> <CoreInst = "Adder">   --->   Core 1 'Adder' <Latency = 0> <II = 1> <Delay = 0.75> <FuncUnit> <Opcode : 'add' 'sub'> <InPorts = 2> <OutPorts = 1>
ST_1 : Operation 509 [1/1] (0.00ns)   --->   "%sext_ln58_127 = sext i14 %add_ln58_716" [firmware/nnet_utils/nnet_dense_latency.h:58]   --->   Operation 509 'sext' 'sext_ln58_127' <Predicate = true> <Delay = 0.00>
ST_1 : Operation 510 [1/1] (0.00ns) (grouped into TernaryAdder)   --->   "%add_ln58_717 = add i16 %sext_ln42_152, i16 %mult_98" [firmware/nnet_utils/nnet_dense_latency.h:58]   --->   Operation 510 'add' 'add_ln58_717' <Predicate = true> <Delay = 0.00> <CoreInst = "TAddSub">   --->   Core 10 'TAddSub' <Latency = 0> <II = 1> <Delay = 0.33> <IPBlock> <Opcode : '' 'add' 'sub'> <InPorts = 3> <OutPorts = 1> <Sync> <CReg>
ST_1 : Operation 511 [1/1] (0.67ns) (root node of TernaryAdder)   --->   "%add_ln58_718 = add i16 %add_ln58_717, i16 %mult_92" [firmware/nnet_utils/nnet_dense_latency.h:58]   --->   Operation 511 'add' 'add_ln58_718' <Predicate = true> <Delay = 0.67> <CoreInst = "TAddSub">   --->   Core 10 'TAddSub' <Latency = 0> <II = 1> <Delay = 0.33> <IPBlock> <Opcode : '' 'add' 'sub'> <InPorts = 3> <OutPorts = 1> <Sync> <CReg>
ST_1 : Operation 512 [1/1] (0.00ns) (grouped into TernaryAdder)   --->   "%add_ln58_719 = add i16 %add_ln58_718, i16 %sext_ln58_127" [firmware/nnet_utils/nnet_dense_latency.h:58]   --->   Operation 512 'add' 'add_ln58_719' <Predicate = true> <Delay = 0.00> <CoreInst = "TAddSub">   --->   Core 10 'TAddSub' <Latency = 0> <II = 1> <Delay = 0.33> <IPBlock> <Opcode : '' 'add' 'sub'> <InPorts = 3> <OutPorts = 1> <Sync> <CReg>
ST_1 : Operation 513 [1/1] (0.00ns) (grouped into TernaryAdder)   --->   "%add_ln58_720 = add i16 %mult_99, i16 %sext_ln42_159" [firmware/nnet_utils/nnet_dense_latency.h:58]   --->   Operation 513 'add' 'add_ln58_720' <Predicate = true> <Delay = 0.00> <CoreInst = "TAddSub">   --->   Core 10 'TAddSub' <Latency = 0> <II = 1> <Delay = 0.33> <IPBlock> <Opcode : '' 'add' 'sub'> <InPorts = 3> <OutPorts = 1> <Sync> <CReg>
ST_1 : Operation 514 [1/1] (0.76ns)   --->   "%add_ln58_721 = add i15 %zext_ln42_39, i15 128" [firmware/nnet_utils/nnet_dense_latency.h:58]   --->   Operation 514 'add' 'add_ln58_721' <Predicate = true> <Delay = 0.76> <CoreInst = "Adder">   --->   Core 1 'Adder' <Latency = 0> <II = 1> <Delay = 0.76> <FuncUnit> <Opcode : 'add' 'sub'> <InPorts = 2> <OutPorts = 1>
ST_1 : Operation 515 [1/1] (0.00ns)   --->   "%zext_ln58_50 = zext i15 %add_ln58_721" [firmware/nnet_utils/nnet_dense_latency.h:58]   --->   Operation 515 'zext' 'zext_ln58_50' <Predicate = true> <Delay = 0.00>
ST_1 : Operation 516 [1/1] (0.77ns)   --->   "%add_ln58_722 = add i16 %zext_ln58_50, i16 %sext_ln42_148" [firmware/nnet_utils/nnet_dense_latency.h:58]   --->   Operation 516 'add' 'add_ln58_722' <Predicate = true> <Delay = 0.77> <CoreInst = "Adder">   --->   Core 1 'Adder' <Latency = 0> <II = 1> <Delay = 0.77> <FuncUnit> <Opcode : 'add' 'sub'> <InPorts = 2> <OutPorts = 1>
ST_1 : Operation 517 [1/1] (0.67ns) (root node of TernaryAdder)   --->   "%add_ln58_723 = add i16 %add_ln58_722, i16 %add_ln58_720" [firmware/nnet_utils/nnet_dense_latency.h:58]   --->   Operation 517 'add' 'add_ln58_723' <Predicate = true> <Delay = 0.67> <CoreInst = "TAddSub">   --->   Core 10 'TAddSub' <Latency = 0> <II = 1> <Delay = 0.33> <IPBlock> <Opcode : '' 'add' 'sub'> <InPorts = 3> <OutPorts = 1> <Sync> <CReg>
ST_1 : Operation 518 [1/1] (0.67ns) (root node of TernaryAdder)   --->   "%add_ln58_724 = add i16 %add_ln58_723, i16 %add_ln58_719" [firmware/nnet_utils/nnet_dense_latency.h:58]   --->   Operation 518 'add' 'add_ln58_724' <Predicate = true> <Delay = 0.67> <CoreInst = "TAddSub">   --->   Core 10 'TAddSub' <Latency = 0> <II = 1> <Delay = 0.33> <IPBlock> <Opcode : '' 'add' 'sub'> <InPorts = 3> <OutPorts = 1> <Sync> <CReg>
ST_1 : Operation 519 [1/1] (0.00ns) (grouped into TernaryAdder)   --->   "%add_ln58_725 = add i16 %sext_ln42_137, i16 %sext_ln42_142" [firmware/nnet_utils/nnet_dense_latency.h:58]   --->   Operation 519 'add' 'add_ln58_725' <Predicate = true> <Delay = 0.00> <CoreInst = "TAddSub">   --->   Core 10 'TAddSub' <Latency = 0> <II = 1> <Delay = 0.33> <IPBlock> <Opcode : '' 'add' 'sub'> <InPorts = 3> <OutPorts = 1> <Sync> <CReg>
ST_1 : Operation 520 [1/1] (0.67ns) (root node of TernaryAdder)   --->   "%add_ln58_726 = add i16 %add_ln58_725, i16 %sext_ln42_129" [firmware/nnet_utils/nnet_dense_latency.h:58]   --->   Operation 520 'add' 'add_ln58_726' <Predicate = true> <Delay = 0.67> <CoreInst = "TAddSub">   --->   Core 10 'TAddSub' <Latency = 0> <II = 1> <Delay = 0.33> <IPBlock> <Opcode : '' 'add' 'sub'> <InPorts = 3> <OutPorts = 1> <Sync> <CReg>
ST_1 : Operation 521 [1/1] (0.00ns) (grouped into TernaryAdder)   --->   "%add_ln58_727 = add i16 %mult_77, i16 %mult_84" [firmware/nnet_utils/nnet_dense_latency.h:58]   --->   Operation 521 'add' 'add_ln58_727' <Predicate = true> <Delay = 0.00> <CoreInst = "TAddSub">   --->   Core 10 'TAddSub' <Latency = 0> <II = 1> <Delay = 0.33> <IPBlock> <Opcode : '' 'add' 'sub'> <InPorts = 3> <OutPorts = 1> <Sync> <CReg>
ST_1 : Operation 522 [1/1] (0.67ns) (root node of TernaryAdder)   --->   "%add_ln58_728 = add i16 %add_ln58_727, i16 %sext_ln42_146" [firmware/nnet_utils/nnet_dense_latency.h:58]   --->   Operation 522 'add' 'add_ln58_728' <Predicate = true> <Delay = 0.67> <CoreInst = "TAddSub">   --->   Core 10 'TAddSub' <Latency = 0> <II = 1> <Delay = 0.33> <IPBlock> <Opcode : '' 'add' 'sub'> <InPorts = 3> <OutPorts = 1> <Sync> <CReg>
ST_1 : Operation 523 [1/1] (0.00ns) (grouped into TernaryAdder)   --->   "%add_ln58_729 = add i16 %add_ln58_728, i16 %add_ln58_726" [firmware/nnet_utils/nnet_dense_latency.h:58]   --->   Operation 523 'add' 'add_ln58_729' <Predicate = true> <Delay = 0.00> <CoreInst = "TAddSub">   --->   Core 10 'TAddSub' <Latency = 0> <II = 1> <Delay = 0.33> <IPBlock> <Opcode : '' 'add' 'sub'> <InPorts = 3> <OutPorts = 1> <Sync> <CReg>
ST_1 : Operation 524 [1/1] (0.77ns)   --->   "%add_ln58_730 = add i16 %sext_ln42_150, i16 %sext_ln42_156" [firmware/nnet_utils/nnet_dense_latency.h:58]   --->   Operation 524 'add' 'add_ln58_730' <Predicate = true> <Delay = 0.77> <CoreInst = "Adder">   --->   Core 1 'Adder' <Latency = 0> <II = 1> <Delay = 0.77> <FuncUnit> <Opcode : 'add' 'sub'> <InPorts = 2> <OutPorts = 1>
ST_1 : Operation 525 [1/1] (0.00ns) (grouped into TernaryAdder)   --->   "%add_ln58_731 = add i16 %add_ln58_730, i16 %data_21_val_read" [firmware/nnet_utils/nnet_dense_latency.h:58]   --->   Operation 525 'add' 'add_ln58_731' <Predicate = true> <Delay = 0.00> <CoreInst = "TAddSub">   --->   Core 10 'TAddSub' <Latency = 0> <II = 1> <Delay = 0.33> <IPBlock> <Opcode : '' 'add' 'sub'> <InPorts = 3> <OutPorts = 1> <Sync> <CReg>
ST_1 : Operation 526 [1/1] (0.75ns)   --->   "%add_ln58_732 = add i14 %zext_ln17_31, i14 15616" [firmware/nnet_utils/nnet_dense_latency.h:58]   --->   Operation 526 'add' 'add_ln58_732' <Predicate = true> <Delay = 0.75> <CoreInst = "Adder">   --->   Core 1 'Adder' <Latency = 0> <II = 1> <Delay = 0.75> <FuncUnit> <Opcode : 'add' 'sub'> <InPorts = 2> <OutPorts = 1>
ST_1 : Operation 527 [1/1] (0.00ns)   --->   "%sext_ln58_44 = sext i14 %add_ln58_732" [firmware/nnet_utils/nnet_dense_latency.h:58]   --->   Operation 527 'sext' 'sext_ln58_44' <Predicate = true> <Delay = 0.00>
ST_1 : Operation 528 [1/1] (0.78ns)   --->   "%add_ln58_733 = add i16 %sext_ln58_44, i16 %mult_110" [firmware/nnet_utils/nnet_dense_latency.h:58]   --->   Operation 528 'add' 'add_ln58_733' <Predicate = true> <Delay = 0.78> <CoreInst = "Adder">   --->   Core 1 'Adder' <Latency = 0> <II = 1> <Delay = 0.78> <FuncUnit> <Opcode : 'add' 'sub'> <InPorts = 2> <OutPorts = 1>
ST_1 : Operation 529 [1/1] (0.67ns) (root node of TernaryAdder)   --->   "%add_ln58_734 = add i16 %add_ln58_733, i16 %add_ln58_731" [firmware/nnet_utils/nnet_dense_latency.h:58]   --->   Operation 529 'add' 'add_ln58_734' <Predicate = true> <Delay = 0.67> <CoreInst = "TAddSub">   --->   Core 10 'TAddSub' <Latency = 0> <II = 1> <Delay = 0.33> <IPBlock> <Opcode : '' 'add' 'sub'> <InPorts = 3> <OutPorts = 1> <Sync> <CReg>
ST_1 : Operation 530 [1/1] (0.67ns) (root node of TernaryAdder)   --->   "%add_ln58_735 = add i16 %add_ln58_734, i16 %add_ln58_729" [firmware/nnet_utils/nnet_dense_latency.h:58]   --->   Operation 530 'add' 'add_ln58_735' <Predicate = true> <Delay = 0.67> <CoreInst = "TAddSub">   --->   Core 10 'TAddSub' <Latency = 0> <II = 1> <Delay = 0.33> <IPBlock> <Opcode : '' 'add' 'sub'> <InPorts = 3> <OutPorts = 1> <Sync> <CReg>

State 2 <SV = 1> <Delay = 0.67>
ST_2 : Operation 531 [1/1] (0.00ns)   --->   "%specpipeline_ln33 = specpipeline void @_ssdm_op_SpecPipeline, i32 1, i32 0, i32 0, i32 0, void @empty_0" [firmware/nnet_utils/nnet_dense_latency.h:33]   --->   Operation 531 'specpipeline' 'specpipeline_ln33' <Predicate = true> <Delay = 0.00>
ST_2 : Operation 532 [1/1] (0.00ns)   --->   "%specresourcelimit_ln33 = specresourcelimit void @_ssdm_op_SpecResourceLimit, i64 143, void @empty_1, void @empty_0, void @empty_0, void @empty_0" [firmware/nnet_utils/nnet_dense_latency.h:33]   --->   Operation 532 'specresourcelimit' 'specresourcelimit_ln33' <Predicate = true> <Delay = 0.00>
ST_2 : Operation 533 [1/1] (0.00ns) (grouped into TernaryAdder)   --->   "%add_ln58_650 = add i16 %add_ln58_649, i16 %add_ln58_646" [firmware/nnet_utils/nnet_dense_latency.h:58]   --->   Operation 533 'add' 'add_ln58_650' <Predicate = true> <Delay = 0.00> <CoreInst = "TAddSub">   --->   Core 10 'TAddSub' <Latency = 0> <II = 1> <Delay = 0.33> <IPBlock> <Opcode : '' 'add' 'sub'> <InPorts = 3> <OutPorts = 1> <Sync> <CReg>
ST_2 : Operation 534 [1/1] (0.67ns) (root node of TernaryAdder)   --->   "%add_ln58_657 = add i16 %add_ln58_656, i16 %add_ln58_650" [firmware/nnet_utils/nnet_dense_latency.h:58]   --->   Operation 534 'add' 'add_ln58_657' <Predicate = true> <Delay = 0.67> <CoreInst = "TAddSub">   --->   Core 10 'TAddSub' <Latency = 0> <II = 1> <Delay = 0.33> <IPBlock> <Opcode : '' 'add' 'sub'> <InPorts = 3> <OutPorts = 1> <Sync> <CReg>
ST_2 : Operation 535 [1/1] (0.00ns) (grouped into TernaryAdder)   --->   "%add_ln58_689 = add i16 %add_ln58_688, i16 %add_ln58_685" [firmware/nnet_utils/nnet_dense_latency.h:58]   --->   Operation 535 'add' 'add_ln58_689' <Predicate = true> <Delay = 0.00> <CoreInst = "TAddSub">   --->   Core 10 'TAddSub' <Latency = 0> <II = 1> <Delay = 0.33> <IPBlock> <Opcode : '' 'add' 'sub'> <InPorts = 3> <OutPorts = 1> <Sync> <CReg>
ST_2 : Operation 536 [1/1] (0.67ns) (root node of TernaryAdder)   --->   "%add_ln58_696 = add i16 %add_ln58_695, i16 %add_ln58_689" [firmware/nnet_utils/nnet_dense_latency.h:58]   --->   Operation 536 'add' 'add_ln58_696' <Predicate = true> <Delay = 0.67> <CoreInst = "TAddSub">   --->   Core 10 'TAddSub' <Latency = 0> <II = 1> <Delay = 0.33> <IPBlock> <Opcode : '' 'add' 'sub'> <InPorts = 3> <OutPorts = 1> <Sync> <CReg>
ST_2 : Operation 537 [1/1] (0.00ns)   --->   "%newret = insertvalue i208 <undef>, i16 %add_ln58_623" [firmware/nnet_utils/nnet_dense_latency.h:58]   --->   Operation 537 'insertvalue' 'newret' <Predicate = true> <Delay = 0.00>
ST_2 : Operation 538 [1/1] (0.00ns)   --->   "%newret2 = insertvalue i208 %newret, i16 %add_ln58_633" [firmware/nnet_utils/nnet_dense_latency.h:58]   --->   Operation 538 'insertvalue' 'newret2' <Predicate = true> <Delay = 0.00>
ST_2 : Operation 539 [1/1] (0.00ns)   --->   "%newret4 = insertvalue i208 %newret2, i16 %add_ln58_644" [firmware/nnet_utils/nnet_dense_latency.h:58]   --->   Operation 539 'insertvalue' 'newret4' <Predicate = true> <Delay = 0.00>
ST_2 : Operation 540 [1/1] (0.00ns)   --->   "%newret6 = insertvalue i208 %newret4, i16 %add_ln58_657" [firmware/nnet_utils/nnet_dense_latency.h:58]   --->   Operation 540 'insertvalue' 'newret6' <Predicate = true> <Delay = 0.00>
ST_2 : Operation 541 [1/1] (0.00ns)   --->   "%newret8 = insertvalue i208 %newret6, i16 %add_ln58_665" [firmware/nnet_utils/nnet_dense_latency.h:58]   --->   Operation 541 'insertvalue' 'newret8' <Predicate = true> <Delay = 0.00>
ST_2 : Operation 542 [1/1] (0.00ns)   --->   "%newret10 = insertvalue i208 %newret8, i16 %add_ln58_671" [firmware/nnet_utils/nnet_dense_latency.h:58]   --->   Operation 542 'insertvalue' 'newret10' <Predicate = true> <Delay = 0.00>
ST_2 : Operation 543 [1/1] (0.00ns)   --->   "%newret12 = insertvalue i208 %newret10, i16 %add_ln58_683" [firmware/nnet_utils/nnet_dense_latency.h:58]   --->   Operation 543 'insertvalue' 'newret12' <Predicate = true> <Delay = 0.00>
ST_2 : Operation 544 [1/1] (0.00ns)   --->   "%newret14 = insertvalue i208 %newret12, i16 %add_ln58_696" [firmware/nnet_utils/nnet_dense_latency.h:58]   --->   Operation 544 'insertvalue' 'newret14' <Predicate = true> <Delay = 0.00>
ST_2 : Operation 545 [1/1] (0.00ns)   --->   "%newret16 = insertvalue i208 %newret14, i16 %add_ln58_707" [firmware/nnet_utils/nnet_dense_latency.h:58]   --->   Operation 545 'insertvalue' 'newret16' <Predicate = true> <Delay = 0.00>
ST_2 : Operation 546 [1/1] (0.00ns)   --->   "%newret18 = insertvalue i208 %newret16, i16 %add_ln58_715" [firmware/nnet_utils/nnet_dense_latency.h:58]   --->   Operation 546 'insertvalue' 'newret18' <Predicate = true> <Delay = 0.00>
ST_2 : Operation 547 [1/1] (0.00ns)   --->   "%newret20 = insertvalue i208 %newret18, i16 %add_ln58_724" [firmware/nnet_utils/nnet_dense_latency.h:58]   --->   Operation 547 'insertvalue' 'newret20' <Predicate = true> <Delay = 0.00>
ST_2 : Operation 548 [1/1] (0.00ns)   --->   "%newret22 = insertvalue i208 %newret20, i16 %add_ln58_735" [firmware/nnet_utils/nnet_dense_latency.h:58]   --->   Operation 548 'insertvalue' 'newret22' <Predicate = true> <Delay = 0.00>
ST_2 : Operation 549 [1/1] (0.00ns)   --->   "%newret24 = insertvalue i208 %newret22, i16 %add_ln58_615" [firmware/nnet_utils/nnet_dense_latency.h:58]   --->   Operation 549 'insertvalue' 'newret24' <Predicate = true> <Delay = 0.00>
ST_2 : Operation 550 [1/1] (0.00ns)   --->   "%ret_ln58 = ret i208 %newret24" [firmware/nnet_utils/nnet_dense_latency.h:58]   --->   Operation 550 'ret' 'ret_ln58' <Predicate = true> <Delay = 0.00>


============================================================
+ Verbose Summary: Timing violations
============================================================
Target clock period: 5.000ns, clock uncertainty: 1.350ns.

 <State 1>: 3.149ns
The critical path consists of the following:
	wire read operation ('data_13_val_read') on port 'data_13_val' [20]  (0.000 ns)
	'sub' operation 26 bit ('sub_ln73_246', firmware/nnet_utils/nnet_mult.h:73->firmware/nnet_utils/nnet_dense_latency.h:42) [250]  (0.844 ns)
	'sub' operation 26 bit ('sub_ln73_247', firmware/nnet_utils/nnet_mult.h:73->firmware/nnet_utils/nnet_dense_latency.h:42) [254]  (0.844 ns)
	'add' operation 16 bit ('add_ln58_648', firmware/nnet_utils/nnet_dense_latency.h:58) [451]  (0.785 ns)
	'add' operation 16 bit ('add_ln58_649', firmware/nnet_utils/nnet_dense_latency.h:58) [452]  (0.675 ns)

 <State 2>: 0.675ns
The critical path consists of the following:
	'add' operation 16 bit ('add_ln58_650', firmware/nnet_utils/nnet_dense_latency.h:58) [453]  (0.000 ns)
	'add' operation 16 bit ('add_ln58_657', firmware/nnet_utils/nnet_dense_latency.h:58) [462]  (0.675 ns)


============================================================
+ Verbose Summary: Binding
============================================================
N/A
* FSMD analyzer results:
  - Output states:
 - Input state : 
  - Chain level:
	State 1
	State 2


============================================================
+ Verbose Summary: Datapath Resource usage 
============================================================
N/A
