

================================================================
== Vitis HLS Report for 'myproject'
================================================================
* Date:           Fri Oct 17 12:08:08 2025

* Version:        2023.2 (Build 4023990 on Oct 11 2023)
* Project:        myproject_prj
* Solution:       solution1 (Vivado IP Flow Target)
* Product family: virtexuplus
* Target device:  xcu250-figd2104-2L-e


================================================================
== Performance Estimates
================================================================
+ Timing: 
    * Summary: 
    +--------+---------+----------+------------+
    |  Clock |  Target | Estimated| Uncertainty|
    +--------+---------+----------+------------+
    |ap_clk  |  5.00 ns|  3.615 ns|     1.35 ns|
    +--------+---------+----------+------------+

+ Latency: 
    * Summary: 
    +---------+---------+-----------+-----------+-----+-----+---------+
    |  Latency (cycles) |   Latency (absolute)  |  Interval | Pipeline|
    |   min   |   max   |    min    |    max    | min | max |   Type  |
    +---------+---------+-----------+-----------+-----+-----+---------+
    |        8|        8|  40.000 ns|  40.000 ns|    1|    1|      yes|
    +---------+---------+-----------+-----------+-----+-----+---------+

    + Detail: 
        * Instance: 
        +-------------------------------------------------------------------------------+------------------------------------------------------------------+---------+---------+----------+----------+-----+-----+---------+
        |                                                                               |                                                                  |  Latency (cycles) |  Latency (absolute) |  Interval | Pipeline|
        |                                    Instance                                   |                              Module                              |   min   |   max   |    min   |    max   | min | max |   Type  |
        +-------------------------------------------------------------------------------+------------------------------------------------------------------+---------+---------+----------+----------+-----+-----+---------+
        |grp_dense_latency_ap_fixed_16_6_5_3_0_ap_fixed_16_6_5_3_0_config3_s_fu_303     |dense_latency_ap_fixed_16_6_5_3_0_ap_fixed_16_6_5_3_0_config3_s   |        1|        1|  5.000 ns|  5.000 ns|    1|    1|      yes|
        |call_ret_relu_ap_fixed_16_6_5_3_0_ap_fixed_16_6_5_3_0_ReLU_config6_s_fu_323    |relu_ap_fixed_16_6_5_3_0_ap_fixed_16_6_5_3_0_ReLU_config6_s       |        0|        0|      0 ns|      0 ns|    1|    1|      yes|
        |grp_dense_latency_ap_fixed_16_6_5_3_0_ap_fixed_16_6_5_3_0_config8_s_fu_355     |dense_latency_ap_fixed_16_6_5_3_0_ap_fixed_16_6_5_3_0_config8_s   |        1|        1|  5.000 ns|  5.000 ns|    1|    1|      yes|
        |call_ret3_relu_ap_fixed_16_6_5_3_0_ap_fixed_16_6_5_3_0_ReLU_config11_s_fu_387  |relu_ap_fixed_16_6_5_3_0_ap_fixed_16_6_5_3_0_ReLU_config11_s      |        0|        0|      0 ns|      0 ns|    1|    1|      yes|
        |grp_dense_latency_ap_fixed_16_6_5_3_0_ap_fixed_16_6_5_3_0_config13_s_fu_405    |dense_latency_ap_fixed_16_6_5_3_0_ap_fixed_16_6_5_3_0_config13_s  |        1|        1|  5.000 ns|  5.000 ns|    1|    1|      yes|
        |call_ret5_relu_ap_fixed_16_6_5_3_0_ap_fixed_16_6_5_3_0_ReLU_config16_s_fu_423  |relu_ap_fixed_16_6_5_3_0_ap_fixed_16_6_5_3_0_ReLU_config16_s      |        0|        0|      0 ns|      0 ns|    1|    1|      yes|
        |grp_dense_latency_ap_fixed_16_6_5_3_0_ap_fixed_16_6_5_3_0_config18_s_fu_440    |dense_latency_ap_fixed_16_6_5_3_0_ap_fixed_16_6_5_3_0_config18_s  |        1|        1|  5.000 ns|  5.000 ns|    1|    1|      yes|
        +-------------------------------------------------------------------------------+------------------------------------------------------------------+---------+---------+----------+----------+-----+-----+---------+

        * Loop: 
        N/A



================================================================
== Utilization Estimates
================================================================
* Summary: 
+---------------------+---------+-------+---------+---------+------+
|         Name        | BRAM_18K|  DSP  |    FF   |   LUT   | URAM |
+---------------------+---------+-------+---------+---------+------+
|DSP                  |        -|      -|        -|        -|     -|
|Expression           |        -|      -|        0|      248|     -|
|FIFO                 |        -|      -|        -|        -|     -|
|Instance             |        -|      8|     2329|    25808|     -|
|Memory               |        -|      -|        -|        -|     -|
|Multiplexer          |        -|      -|        -|       36|     -|
|Register             |        -|      -|      726|        -|     -|
+---------------------+---------+-------+---------+---------+------+
|Total                |        0|      8|     3055|    26092|     0|
+---------------------+---------+-------+---------+---------+------+
|Available SLR        |     1344|   3072|   864000|   432000|   320|
+---------------------+---------+-------+---------+---------+------+
|Utilization SLR (%)  |        0|     ~0|       ~0|        6|     0|
+---------------------+---------+-------+---------+---------+------+
|Available            |     5376|  12288|  3456000|  1728000|  1280|
+---------------------+---------+-------+---------+---------+------+
|Utilization (%)      |        0|     ~0|       ~0|        1|     0|
+---------------------+---------+-------+---------+---------+------+

+ Detail: 
    * Instance: 
    +-------------------------------------------------------------------------------+------------------------------------------------------------------+---------+----+-----+------+-----+
    |                                    Instance                                   |                              Module                              | BRAM_18K| DSP|  FF |  LUT | URAM|
    +-------------------------------------------------------------------------------+------------------------------------------------------------------+---------+----+-----+------+-----+
    |grp_dense_latency_ap_fixed_16_6_5_3_0_ap_fixed_16_6_5_3_0_config13_s_fu_405    |dense_latency_ap_fixed_16_6_5_3_0_ap_fixed_16_6_5_3_0_config13_s  |        0|   1|  481|  4891|    0|
    |grp_dense_latency_ap_fixed_16_6_5_3_0_ap_fixed_16_6_5_3_0_config18_s_fu_440    |dense_latency_ap_fixed_16_6_5_3_0_ap_fixed_16_6_5_3_0_config18_s  |        0|   4|  281|  2206|    0|
    |grp_dense_latency_ap_fixed_16_6_5_3_0_ap_fixed_16_6_5_3_0_config3_s_fu_303     |dense_latency_ap_fixed_16_6_5_3_0_ap_fixed_16_6_5_3_0_config3_s   |        0|   3|  990|  9093|    0|
    |grp_dense_latency_ap_fixed_16_6_5_3_0_ap_fixed_16_6_5_3_0_config8_s_fu_355     |dense_latency_ap_fixed_16_6_5_3_0_ap_fixed_16_6_5_3_0_config8_s   |        0|   0|  577|  7528|    0|
    |call_ret3_relu_ap_fixed_16_6_5_3_0_ap_fixed_16_6_5_3_0_ReLU_config11_s_fu_387  |relu_ap_fixed_16_6_5_3_0_ap_fixed_16_6_5_3_0_ReLU_config11_s      |        0|   0|    0|   532|    0|
    |call_ret5_relu_ap_fixed_16_6_5_3_0_ap_fixed_16_6_5_3_0_ReLU_config16_s_fu_423  |relu_ap_fixed_16_6_5_3_0_ap_fixed_16_6_5_3_0_ReLU_config16_s      |        0|   0|    0|   494|    0|
    |call_ret_relu_ap_fixed_16_6_5_3_0_ap_fixed_16_6_5_3_0_ReLU_config6_s_fu_323    |relu_ap_fixed_16_6_5_3_0_ap_fixed_16_6_5_3_0_ReLU_config6_s       |        0|   0|    0|  1064|    0|
    +-------------------------------------------------------------------------------+------------------------------------------------------------------+---------+----+-----+------+-----+
    |Total                                                                          |                                                                  |        0|   8| 2329| 25808|    0|
    +-------------------------------------------------------------------------------+------------------------------------------------------------------+---------+----+-----+------+-----+

    * DSP: 
    N/A

    * Memory: 
    N/A

    * FIFO: 
    N/A

    * Expression: 
    +-------------------------------------------+----------+----+---+----+------------+------------+
    |               Variable Name               | Operation| DSP| FF| LUT| Bitwidth P0| Bitwidth P1|
    +-------------------------------------------+----------+----+---+----+------------+------------+
    |add_ln30_fu_479_p2                         |         +|   0|  0|  15|           8|           8|
    |add_ln31_fu_507_p2                         |         +|   0|  0|  15|           8|           8|
    |add_ln32_fu_535_p2                         |         +|   0|  0|  17|          10|          10|
    |add_ln33_fu_563_p2                         |         +|   0|  0|  17|          10|          10|
    |add_ln34_fu_591_p2                         |         +|   0|  0|  17|          10|          10|
    |add_ln35_fu_619_p2                         |         +|   0|  0|  16|           9|           9|
    |add_ln36_fu_647_p2                         |         +|   0|  0|  12|           5|           5|
    |add_ln37_fu_675_p2                         |         +|   0|  0|  14|           7|           7|
    |add_ln38_fu_703_p2                         |         +|   0|  0|  12|           5|           5|
    |add_ln39_fu_731_p2                         |         +|   0|  0|  14|           7|           7|
    |add_ln40_fu_759_p2                         |         +|   0|  0|  13|           6|           6|
    |add_ln41_fu_787_p2                         |         +|   0|  0|  14|           7|           7|
    |add_ln42_fu_815_p2                         |         +|   0|  0|  14|           7|           7|
    |add_ln43_fu_843_p2                         |         +|   0|  0|  12|           5|           5|
    |add_ln44_fu_871_p2                         |         +|   0|  0|  19|          12|          12|
    |add_ln45_fu_899_p2                         |         +|   0|  0|  15|           8|           8|
    |ap_block_pp0_stage0_01001                  |       and|   0|  0|   2|           1|           1|
    |ap_block_pp0_stage0_11001_ignoreCallOp206  |       and|   0|  0|   2|           1|           1|
    |ap_block_pp0_stage0_11001_ignoreCallOp265  |       and|   0|  0|   2|           1|           1|
    |ap_block_pp0_stage0_11001_ignoreCallOp320  |       and|   0|  0|   2|           1|           1|
    |ap_block_pp0_stage0_11001_ignoreCallOp91   |       and|   0|  0|   2|           1|           1|
    |ap_enable_pp0                              |       xor|   0|  0|   2|           1|           2|
    +-------------------------------------------+----------+----+---+----+------------+------------+
    |Total                                      |          |   0|  0| 248|         130|         131|
    +-------------------------------------------+----------+----+---+----+------------+------------+

    * Multiplexer: 
    +-----------------------+----+-----------+-----+-----------+
    |          Name         | LUT| Input Size| Bits| Total Bits|
    +-----------------------+----+-----------+-----+-----------+
    |input_1_ap_vld_in_sig  |   9|          2|    1|          2|
    |input_1_ap_vld_preg    |   9|          2|    1|          2|
    |input_1_blk_n          |   9|          2|    1|          2|
    |input_1_in_sig         |   9|          2|  256|        512|
    +-----------------------+----+-----------+-----+-----------+
    |Total                  |  36|          8|  259|        518|
    +-----------------------+----+-----------+-----+-----------+

    * Register: 
    +-------------------------+-----+----+-----+-----------+
    |           Name          |  FF | LUT| Bits| Const Bits|
    +-------------------------+-----+----+-----+-----------+
    |add_ln30_reg_2653        |    8|   0|    8|          0|
    |add_ln31_reg_2658        |    8|   0|    8|          0|
    |add_ln32_reg_2663        |   10|   0|   10|          0|
    |add_ln33_reg_2668        |   10|   0|   10|          0|
    |add_ln34_reg_2673        |   10|   0|   10|          0|
    |add_ln35_reg_2678        |    9|   0|    9|          0|
    |add_ln36_reg_2683        |    5|   0|    5|          0|
    |add_ln37_reg_2688        |    7|   0|    7|          0|
    |add_ln38_reg_2693        |    5|   0|    5|          0|
    |add_ln39_reg_2698        |    7|   0|    7|          0|
    |add_ln40_reg_2703        |    6|   0|    6|          0|
    |add_ln41_reg_2708        |    7|   0|    7|          0|
    |add_ln42_reg_2713        |    7|   0|    7|          0|
    |add_ln43_reg_2718        |    5|   0|    5|          0|
    |add_ln44_reg_2723        |   12|   0|   12|          0|
    |add_ln45_reg_2728        |    8|   0|    8|          0|
    |ap_CS_fsm                |    1|   0|    1|          0|
    |ap_enable_reg_pp0_iter1  |    1|   0|    1|          0|
    |ap_enable_reg_pp0_iter2  |    1|   0|    1|          0|
    |ap_enable_reg_pp0_iter3  |    1|   0|    1|          0|
    |ap_enable_reg_pp0_iter4  |    1|   0|    1|          0|
    |ap_enable_reg_pp0_iter5  |    1|   0|    1|          0|
    |ap_enable_reg_pp0_iter6  |    1|   0|    1|          0|
    |ap_enable_reg_pp0_iter7  |    1|   0|    1|          0|
    |ap_enable_reg_pp0_iter8  |    1|   0|    1|          0|
    |input_1_ap_vld_preg      |    1|   0|    1|          0|
    |input_1_preg             |  256|   0|  256|          0|
    |tmp_10_reg_2788          |    6|   0|    6|          0|
    |tmp_11_reg_2793          |    7|   0|    7|          0|
    |tmp_12_reg_2798          |    6|   0|    6|          0|
    |tmp_13_reg_2803          |    6|   0|    6|          0|
    |tmp_14_reg_2808          |    5|   0|    5|          0|
    |tmp_15_reg_2813          |    6|   0|    6|          0|
    |tmp_16_reg_2818          |    6|   0|    6|          0|
    |tmp_17_reg_2823          |    6|   0|    6|          0|
    |tmp_18_reg_2828          |    9|   0|    9|          0|
    |tmp_19_reg_2833          |    5|   0|    5|          0|
    |tmp_1_reg_2738           |    8|   0|    8|          0|
    |tmp_20_reg_2838          |    7|   0|    7|          0|
    |tmp_21_reg_2843          |    5|   0|    5|          0|
    |tmp_22_reg_2848          |    4|   0|    4|          0|
    |tmp_23_reg_2853          |    5|   0|    5|          0|
    |tmp_24_reg_2858          |    6|   0|    6|          0|
    |tmp_25_reg_2863          |    5|   0|    5|          0|
    |tmp_26_reg_2868          |    4|   0|    4|          0|
    |tmp_27_reg_2873          |    6|   0|    6|          0|
    |tmp_28_reg_2878          |    4|   0|    4|          0|
    |tmp_29_reg_2883          |    6|   0|    6|          0|
    |tmp_2_reg_2743           |   10|   0|   10|          0|
    |tmp_30_reg_2888          |    7|   0|    7|          0|
    |tmp_31_reg_2893          |    6|   0|    6|          0|
    |tmp_32_reg_2898          |    6|   0|    6|          0|
    |tmp_33_reg_2903          |    6|   0|    6|          0|
    |tmp_34_reg_2908          |    8|   0|    8|          0|
    |tmp_35_reg_2913          |    8|   0|    8|          0|
    |tmp_36_reg_2918          |    5|   0|    5|          0|
    |tmp_37_reg_2923          |    7|   0|    7|          0|
    |tmp_38_reg_2928          |    7|   0|    7|          0|
    |tmp_39_reg_2933          |    5|   0|    5|          0|
    |tmp_3_reg_2748           |    5|   0|    5|          0|
    |tmp_40_reg_2938          |    7|   0|    7|          0|
    |tmp_41_reg_2943          |    4|   0|    4|          0|
    |tmp_42_reg_2948          |    5|   0|    5|          0|
    |tmp_43_reg_2953          |    7|   0|    7|          0|
    |tmp_44_reg_2958          |    6|   0|    6|          0|
    |tmp_45_reg_2963          |    6|   0|    6|          0|
    |tmp_46_reg_2968          |    4|   0|    4|          0|
    |tmp_47_reg_2973          |    5|   0|    5|          0|
    |tmp_48_reg_2978          |    7|   0|    7|          0|
    |tmp_49_reg_2983          |    4|   0|    4|          0|
    |tmp_4_reg_2753           |    4|   0|    4|          0|
    |tmp_50_reg_2988          |    5|   0|    5|          0|
    |tmp_51_reg_2993          |    6|   0|    6|          0|
    |tmp_52_reg_2998          |    6|   0|    6|          0|
    |tmp_53_reg_3003          |    7|   0|    7|          0|
    |tmp_5_reg_2758           |   11|   0|   11|          0|
    |tmp_6_reg_2763           |    8|   0|    8|          0|
    |tmp_7_reg_2768           |    7|   0|    7|          0|
    |tmp_8_reg_2773           |    6|   0|    6|          0|
    |tmp_9_reg_2778           |    7|   0|    7|          0|
    |tmp_reg_2733             |    4|   0|    4|          0|
    |tmp_s_reg_2783           |    8|   0|    8|          0|
    +-------------------------+-----+----+-----+-----------+
    |Total                    |  726|   0|  726|          0|
    +-------------------------+-----+----+-----+-----------+



================================================================
== Interface
================================================================
* Summary: 
+----------------------+-----+-----+------------+---------------+--------------+
|       RTL Ports      | Dir | Bits|  Protocol  | Source Object |    C Type    |
+----------------------+-----+-----+------------+---------------+--------------+
|ap_clk                |   in|    1|  ap_ctrl_hs|      myproject|  return value|
|ap_rst                |   in|    1|  ap_ctrl_hs|      myproject|  return value|
|ap_start              |   in|    1|  ap_ctrl_hs|      myproject|  return value|
|ap_done               |  out|    1|  ap_ctrl_hs|      myproject|  return value|
|ap_idle               |  out|    1|  ap_ctrl_hs|      myproject|  return value|
|ap_ready              |  out|    1|  ap_ctrl_hs|      myproject|  return value|
|input_1_ap_vld        |   in|    1|      ap_vld|        input_1|       pointer|
|input_1               |   in|  256|      ap_vld|        input_1|       pointer|
|layer20_out_0         |  out|   16|      ap_vld|  layer20_out_0|       pointer|
|layer20_out_0_ap_vld  |  out|    1|      ap_vld|  layer20_out_0|       pointer|
|layer20_out_1         |  out|   16|      ap_vld|  layer20_out_1|       pointer|
|layer20_out_1_ap_vld  |  out|    1|      ap_vld|  layer20_out_1|       pointer|
|layer20_out_2         |  out|   16|      ap_vld|  layer20_out_2|       pointer|
|layer20_out_2_ap_vld  |  out|    1|      ap_vld|  layer20_out_2|       pointer|
|layer20_out_3         |  out|   16|      ap_vld|  layer20_out_3|       pointer|
|layer20_out_3_ap_vld  |  out|    1|      ap_vld|  layer20_out_3|       pointer|
|layer20_out_4         |  out|   16|      ap_vld|  layer20_out_4|       pointer|
|layer20_out_4_ap_vld  |  out|    1|      ap_vld|  layer20_out_4|       pointer|
+----------------------+-----+-----+------------+---------------+--------------+

============================================================
+ Verbose Summary: Synthesis Manager
============================================================
InlineROM: 1
ExposeGlobal: 0
============================================================
+ Verbose Summary: CDFG Model
============================================================
IsTopModel: 1
ResetActiveHigh: 1
IsCombinational: 2
IsDatapathOnly: 2
HasWiredReturn: 1
HasMFsm: 2
HasVarLatency: 0
IsPipeline: 1
IsRtlPipelined: 1
IsInstanceOverlapped: 0
IsDontTouch: 0
HasImplIP: 0
IsGatedGlobalClock: 0

+ Individual pipeline summary: 
  * Pipeline-0: initiation interval (II) = 1, depth = 9


============================================================
+ Verbose Summary: Schedule
============================================================
* Number of FSM states : 9
* Pipeline : 1
  Pipeline-0 : II = 1, D = 9, States = { 1 2 3 4 5 6 7 8 9 }
* Dataflow Pipeline: 0

* FSM state transitions: 
1 --> 2 
2 --> 3 
3 --> 4 
4 --> 5 
5 --> 6 
6 --> 7 
7 --> 8 
8 --> 9 
9 --> 

* FSM state operations: 

State 1 <SV = 0> <Delay = 0.74>
ST_1 : Operation 10 [1/1] (0.00ns)   --->   "%input_1_read = read i256 @_ssdm_op_Read.ap_vld.i256P0A, i256 %input_1" [firmware/nnet_utils/nnet_code_gen.h:30->firmware/myproject.cpp:40]   --->   Operation 10 'read' 'input_1_read' <Predicate = true> <Delay = 0.00>
ST_1 : Operation 11 [1/1] (0.00ns)   --->   "%trunc_ln30_1 = partselect i8 @_ssdm_op_PartSelect.i8.i256.i32.i32, i256 %input_1_read, i32 6, i32 13" [firmware/nnet_utils/nnet_code_gen.h:30->firmware/myproject.cpp:40]   --->   Operation 11 'partselect' 'trunc_ln30_1' <Predicate = true> <Delay = 0.00>
ST_1 : Operation 12 [1/1] (0.00ns)   --->   "%tmp_60 = bitselect i1 @_ssdm_op_BitSelect.i1.i256.i32, i256 %input_1_read, i32 5" [firmware/nnet_utils/nnet_code_gen.h:30->firmware/myproject.cpp:40]   --->   Operation 12 'bitselect' 'tmp_60' <Predicate = true> <Delay = 0.00>
ST_1 : Operation 13 [1/1] (0.00ns)   --->   "%zext_ln30 = zext i1 %tmp_60" [firmware/nnet_utils/nnet_code_gen.h:30->firmware/myproject.cpp:40]   --->   Operation 13 'zext' 'zext_ln30' <Predicate = true> <Delay = 0.00>
ST_1 : Operation 14 [1/1] (0.70ns)   --->   "%add_ln30 = add i8 %zext_ln30, i8 %trunc_ln30_1" [firmware/nnet_utils/nnet_code_gen.h:30->firmware/myproject.cpp:40]   --->   Operation 14 'add' 'add_ln30' <Predicate = true> <Delay = 0.70> <CoreInst = "Adder">   --->   Core 1 'Adder' <Latency = 0> <II = 1> <Delay = 0.70> <FuncUnit> <Opcode : 'add' 'sub'> <InPorts = 2> <OutPorts = 1>
ST_1 : Operation 15 [1/1] (0.00ns)   --->   "%trunc_ln = partselect i8 @_ssdm_op_PartSelect.i8.i256.i32.i32, i256 %input_1_read, i32 22, i32 29" [firmware/nnet_utils/nnet_code_gen.h:31->firmware/myproject.cpp:40]   --->   Operation 15 'partselect' 'trunc_ln' <Predicate = true> <Delay = 0.00>
ST_1 : Operation 16 [1/1] (0.00ns)   --->   "%tmp_61 = bitselect i1 @_ssdm_op_BitSelect.i1.i256.i256, i256 %input_1_read, i256 21" [firmware/nnet_utils/nnet_code_gen.h:31->firmware/myproject.cpp:40]   --->   Operation 16 'bitselect' 'tmp_61' <Predicate = true> <Delay = 0.00>
ST_1 : Operation 17 [1/1] (0.00ns)   --->   "%zext_ln31 = zext i1 %tmp_61" [firmware/nnet_utils/nnet_code_gen.h:31->firmware/myproject.cpp:40]   --->   Operation 17 'zext' 'zext_ln31' <Predicate = true> <Delay = 0.00>
ST_1 : Operation 18 [1/1] (0.70ns)   --->   "%add_ln31 = add i8 %zext_ln31, i8 %trunc_ln" [firmware/nnet_utils/nnet_code_gen.h:31->firmware/myproject.cpp:40]   --->   Operation 18 'add' 'add_ln31' <Predicate = true> <Delay = 0.70> <CoreInst = "Adder">   --->   Core 1 'Adder' <Latency = 0> <II = 1> <Delay = 0.70> <FuncUnit> <Opcode : 'add' 'sub'> <InPorts = 2> <OutPorts = 1>
ST_1 : Operation 19 [1/1] (0.00ns)   --->   "%trunc_ln1 = partselect i10 @_ssdm_op_PartSelect.i10.i256.i32.i32, i256 %input_1_read, i32 36, i32 45" [firmware/nnet_utils/nnet_code_gen.h:32->firmware/myproject.cpp:40]   --->   Operation 19 'partselect' 'trunc_ln1' <Predicate = true> <Delay = 0.00>
ST_1 : Operation 20 [1/1] (0.00ns)   --->   "%tmp_62 = bitselect i1 @_ssdm_op_BitSelect.i1.i256.i256, i256 %input_1_read, i256 35" [firmware/nnet_utils/nnet_code_gen.h:32->firmware/myproject.cpp:40]   --->   Operation 20 'bitselect' 'tmp_62' <Predicate = true> <Delay = 0.00>
ST_1 : Operation 21 [1/1] (0.00ns)   --->   "%zext_ln32 = zext i1 %tmp_62" [firmware/nnet_utils/nnet_code_gen.h:32->firmware/myproject.cpp:40]   --->   Operation 21 'zext' 'zext_ln32' <Predicate = true> <Delay = 0.00>
ST_1 : Operation 22 [1/1] (0.72ns)   --->   "%add_ln32 = add i10 %zext_ln32, i10 %trunc_ln1" [firmware/nnet_utils/nnet_code_gen.h:32->firmware/myproject.cpp:40]   --->   Operation 22 'add' 'add_ln32' <Predicate = true> <Delay = 0.72> <CoreInst = "Adder">   --->   Core 1 'Adder' <Latency = 0> <II = 1> <Delay = 0.72> <FuncUnit> <Opcode : 'add' 'sub'> <InPorts = 2> <OutPorts = 1>
ST_1 : Operation 23 [1/1] (0.00ns)   --->   "%trunc_ln2 = partselect i10 @_ssdm_op_PartSelect.i10.i256.i32.i32, i256 %input_1_read, i32 52, i32 61" [firmware/nnet_utils/nnet_code_gen.h:33->firmware/myproject.cpp:40]   --->   Operation 23 'partselect' 'trunc_ln2' <Predicate = true> <Delay = 0.00>
ST_1 : Operation 24 [1/1] (0.00ns)   --->   "%tmp_63 = bitselect i1 @_ssdm_op_BitSelect.i1.i256.i256, i256 %input_1_read, i256 51" [firmware/nnet_utils/nnet_code_gen.h:33->firmware/myproject.cpp:40]   --->   Operation 24 'bitselect' 'tmp_63' <Predicate = true> <Delay = 0.00>
ST_1 : Operation 25 [1/1] (0.00ns)   --->   "%zext_ln33 = zext i1 %tmp_63" [firmware/nnet_utils/nnet_code_gen.h:33->firmware/myproject.cpp:40]   --->   Operation 25 'zext' 'zext_ln33' <Predicate = true> <Delay = 0.00>
ST_1 : Operation 26 [1/1] (0.72ns)   --->   "%add_ln33 = add i10 %zext_ln33, i10 %trunc_ln2" [firmware/nnet_utils/nnet_code_gen.h:33->firmware/myproject.cpp:40]   --->   Operation 26 'add' 'add_ln33' <Predicate = true> <Delay = 0.72> <CoreInst = "Adder">   --->   Core 1 'Adder' <Latency = 0> <II = 1> <Delay = 0.72> <FuncUnit> <Opcode : 'add' 'sub'> <InPorts = 2> <OutPorts = 1>
ST_1 : Operation 27 [1/1] (0.00ns)   --->   "%trunc_ln3 = partselect i10 @_ssdm_op_PartSelect.i10.i256.i32.i32, i256 %input_1_read, i32 68, i32 77" [firmware/nnet_utils/nnet_code_gen.h:34->firmware/myproject.cpp:40]   --->   Operation 27 'partselect' 'trunc_ln3' <Predicate = true> <Delay = 0.00>
ST_1 : Operation 28 [1/1] (0.00ns)   --->   "%tmp_64 = bitselect i1 @_ssdm_op_BitSelect.i1.i256.i256, i256 %input_1_read, i256 67" [firmware/nnet_utils/nnet_code_gen.h:34->firmware/myproject.cpp:40]   --->   Operation 28 'bitselect' 'tmp_64' <Predicate = true> <Delay = 0.00>
ST_1 : Operation 29 [1/1] (0.00ns)   --->   "%zext_ln34 = zext i1 %tmp_64" [firmware/nnet_utils/nnet_code_gen.h:34->firmware/myproject.cpp:40]   --->   Operation 29 'zext' 'zext_ln34' <Predicate = true> <Delay = 0.00>
ST_1 : Operation 30 [1/1] (0.72ns)   --->   "%add_ln34 = add i10 %zext_ln34, i10 %trunc_ln3" [firmware/nnet_utils/nnet_code_gen.h:34->firmware/myproject.cpp:40]   --->   Operation 30 'add' 'add_ln34' <Predicate = true> <Delay = 0.72> <CoreInst = "Adder">   --->   Core 1 'Adder' <Latency = 0> <II = 1> <Delay = 0.72> <FuncUnit> <Opcode : 'add' 'sub'> <InPorts = 2> <OutPorts = 1>
ST_1 : Operation 31 [1/1] (0.00ns)   --->   "%trunc_ln4 = partselect i9 @_ssdm_op_PartSelect.i9.i256.i32.i32, i256 %input_1_read, i32 86, i32 94" [firmware/nnet_utils/nnet_code_gen.h:35->firmware/myproject.cpp:40]   --->   Operation 31 'partselect' 'trunc_ln4' <Predicate = true> <Delay = 0.00>
ST_1 : Operation 32 [1/1] (0.00ns)   --->   "%tmp_65 = bitselect i1 @_ssdm_op_BitSelect.i1.i256.i256, i256 %input_1_read, i256 85" [firmware/nnet_utils/nnet_code_gen.h:35->firmware/myproject.cpp:40]   --->   Operation 32 'bitselect' 'tmp_65' <Predicate = true> <Delay = 0.00>
ST_1 : Operation 33 [1/1] (0.00ns)   --->   "%zext_ln35 = zext i1 %tmp_65" [firmware/nnet_utils/nnet_code_gen.h:35->firmware/myproject.cpp:40]   --->   Operation 33 'zext' 'zext_ln35' <Predicate = true> <Delay = 0.00>
ST_1 : Operation 34 [1/1] (0.71ns)   --->   "%add_ln35 = add i9 %zext_ln35, i9 %trunc_ln4" [firmware/nnet_utils/nnet_code_gen.h:35->firmware/myproject.cpp:40]   --->   Operation 34 'add' 'add_ln35' <Predicate = true> <Delay = 0.71> <CoreInst = "Adder">   --->   Core 1 'Adder' <Latency = 0> <II = 1> <Delay = 0.71> <FuncUnit> <Opcode : 'add' 'sub'> <InPorts = 2> <OutPorts = 1>
ST_1 : Operation 35 [1/1] (0.00ns)   --->   "%trunc_ln5 = partselect i5 @_ssdm_op_PartSelect.i5.i256.i32.i32, i256 %input_1_read, i32 105, i32 109" [firmware/nnet_utils/nnet_code_gen.h:36->firmware/myproject.cpp:40]   --->   Operation 35 'partselect' 'trunc_ln5' <Predicate = true> <Delay = 0.00>
ST_1 : Operation 36 [1/1] (0.00ns)   --->   "%tmp_66 = bitselect i1 @_ssdm_op_BitSelect.i1.i256.i256, i256 %input_1_read, i256 104" [firmware/nnet_utils/nnet_code_gen.h:36->firmware/myproject.cpp:40]   --->   Operation 36 'bitselect' 'tmp_66' <Predicate = true> <Delay = 0.00>
ST_1 : Operation 37 [1/1] (0.00ns)   --->   "%zext_ln36 = zext i1 %tmp_66" [firmware/nnet_utils/nnet_code_gen.h:36->firmware/myproject.cpp:40]   --->   Operation 37 'zext' 'zext_ln36' <Predicate = true> <Delay = 0.00>
ST_1 : Operation 38 [1/1] (0.70ns)   --->   "%add_ln36 = add i5 %zext_ln36, i5 %trunc_ln5" [firmware/nnet_utils/nnet_code_gen.h:36->firmware/myproject.cpp:40]   --->   Operation 38 'add' 'add_ln36' <Predicate = true> <Delay = 0.70> <CoreInst = "Adder">   --->   Core 1 'Adder' <Latency = 0> <II = 1> <Delay = 0.70> <FuncUnit> <Opcode : 'add' 'sub'> <InPorts = 2> <OutPorts = 1>
ST_1 : Operation 39 [1/1] (0.00ns)   --->   "%trunc_ln6 = partselect i7 @_ssdm_op_PartSelect.i7.i256.i32.i32, i256 %input_1_read, i32 119, i32 125" [firmware/nnet_utils/nnet_code_gen.h:37->firmware/myproject.cpp:40]   --->   Operation 39 'partselect' 'trunc_ln6' <Predicate = true> <Delay = 0.00>
ST_1 : Operation 40 [1/1] (0.00ns)   --->   "%tmp_67 = bitselect i1 @_ssdm_op_BitSelect.i1.i256.i256, i256 %input_1_read, i256 118" [firmware/nnet_utils/nnet_code_gen.h:37->firmware/myproject.cpp:40]   --->   Operation 40 'bitselect' 'tmp_67' <Predicate = true> <Delay = 0.00>
ST_1 : Operation 41 [1/1] (0.00ns)   --->   "%zext_ln37 = zext i1 %tmp_67" [firmware/nnet_utils/nnet_code_gen.h:37->firmware/myproject.cpp:40]   --->   Operation 41 'zext' 'zext_ln37' <Predicate = true> <Delay = 0.00>
ST_1 : Operation 42 [1/1] (0.70ns)   --->   "%add_ln37 = add i7 %zext_ln37, i7 %trunc_ln6" [firmware/nnet_utils/nnet_code_gen.h:37->firmware/myproject.cpp:40]   --->   Operation 42 'add' 'add_ln37' <Predicate = true> <Delay = 0.70> <CoreInst = "Adder">   --->   Core 1 'Adder' <Latency = 0> <II = 1> <Delay = 0.70> <FuncUnit> <Opcode : 'add' 'sub'> <InPorts = 2> <OutPorts = 1>
ST_1 : Operation 43 [1/1] (0.00ns)   --->   "%trunc_ln7 = partselect i5 @_ssdm_op_PartSelect.i5.i256.i32.i32, i256 %input_1_read, i32 137, i32 141" [firmware/nnet_utils/nnet_code_gen.h:38->firmware/myproject.cpp:40]   --->   Operation 43 'partselect' 'trunc_ln7' <Predicate = true> <Delay = 0.00>
ST_1 : Operation 44 [1/1] (0.00ns)   --->   "%tmp_68 = bitselect i1 @_ssdm_op_BitSelect.i1.i256.i256, i256 %input_1_read, i256 136" [firmware/nnet_utils/nnet_code_gen.h:38->firmware/myproject.cpp:40]   --->   Operation 44 'bitselect' 'tmp_68' <Predicate = true> <Delay = 0.00>
ST_1 : Operation 45 [1/1] (0.00ns)   --->   "%zext_ln38 = zext i1 %tmp_68" [firmware/nnet_utils/nnet_code_gen.h:38->firmware/myproject.cpp:40]   --->   Operation 45 'zext' 'zext_ln38' <Predicate = true> <Delay = 0.00>
ST_1 : Operation 46 [1/1] (0.70ns)   --->   "%add_ln38 = add i5 %zext_ln38, i5 %trunc_ln7" [firmware/nnet_utils/nnet_code_gen.h:38->firmware/myproject.cpp:40]   --->   Operation 46 'add' 'add_ln38' <Predicate = true> <Delay = 0.70> <CoreInst = "Adder">   --->   Core 1 'Adder' <Latency = 0> <II = 1> <Delay = 0.70> <FuncUnit> <Opcode : 'add' 'sub'> <InPorts = 2> <OutPorts = 1>
ST_1 : Operation 47 [1/1] (0.00ns)   --->   "%trunc_ln8 = partselect i7 @_ssdm_op_PartSelect.i7.i256.i32.i32, i256 %input_1_read, i32 150, i32 156" [firmware/nnet_utils/nnet_code_gen.h:39->firmware/myproject.cpp:40]   --->   Operation 47 'partselect' 'trunc_ln8' <Predicate = true> <Delay = 0.00>
ST_1 : Operation 48 [1/1] (0.00ns)   --->   "%tmp_69 = bitselect i1 @_ssdm_op_BitSelect.i1.i256.i256, i256 %input_1_read, i256 149" [firmware/nnet_utils/nnet_code_gen.h:39->firmware/myproject.cpp:40]   --->   Operation 48 'bitselect' 'tmp_69' <Predicate = true> <Delay = 0.00>
ST_1 : Operation 49 [1/1] (0.00ns)   --->   "%zext_ln39 = zext i1 %tmp_69" [firmware/nnet_utils/nnet_code_gen.h:39->firmware/myproject.cpp:40]   --->   Operation 49 'zext' 'zext_ln39' <Predicate = true> <Delay = 0.00>
ST_1 : Operation 50 [1/1] (0.70ns)   --->   "%add_ln39 = add i7 %zext_ln39, i7 %trunc_ln8" [firmware/nnet_utils/nnet_code_gen.h:39->firmware/myproject.cpp:40]   --->   Operation 50 'add' 'add_ln39' <Predicate = true> <Delay = 0.70> <CoreInst = "Adder">   --->   Core 1 'Adder' <Latency = 0> <II = 1> <Delay = 0.70> <FuncUnit> <Opcode : 'add' 'sub'> <InPorts = 2> <OutPorts = 1>
ST_1 : Operation 51 [1/1] (0.00ns)   --->   "%trunc_ln9 = partselect i6 @_ssdm_op_PartSelect.i6.i256.i32.i32, i256 %input_1_read, i32 167, i32 172" [firmware/nnet_utils/nnet_code_gen.h:40->firmware/myproject.cpp:40]   --->   Operation 51 'partselect' 'trunc_ln9' <Predicate = true> <Delay = 0.00>
ST_1 : Operation 52 [1/1] (0.00ns)   --->   "%tmp_70 = bitselect i1 @_ssdm_op_BitSelect.i1.i256.i256, i256 %input_1_read, i256 166" [firmware/nnet_utils/nnet_code_gen.h:40->firmware/myproject.cpp:40]   --->   Operation 52 'bitselect' 'tmp_70' <Predicate = true> <Delay = 0.00>
ST_1 : Operation 53 [1/1] (0.00ns)   --->   "%zext_ln40 = zext i1 %tmp_70" [firmware/nnet_utils/nnet_code_gen.h:40->firmware/myproject.cpp:40]   --->   Operation 53 'zext' 'zext_ln40' <Predicate = true> <Delay = 0.00>
ST_1 : Operation 54 [1/1] (0.70ns)   --->   "%add_ln40 = add i6 %zext_ln40, i6 %trunc_ln9" [firmware/nnet_utils/nnet_code_gen.h:40->firmware/myproject.cpp:40]   --->   Operation 54 'add' 'add_ln40' <Predicate = true> <Delay = 0.70> <CoreInst = "Adder">   --->   Core 1 'Adder' <Latency = 0> <II = 1> <Delay = 0.70> <FuncUnit> <Opcode : 'add' 'sub'> <InPorts = 2> <OutPorts = 1>
ST_1 : Operation 55 [1/1] (0.00ns)   --->   "%trunc_ln10 = partselect i7 @_ssdm_op_PartSelect.i7.i256.i32.i32, i256 %input_1_read, i32 182, i32 188" [firmware/nnet_utils/nnet_code_gen.h:41->firmware/myproject.cpp:40]   --->   Operation 55 'partselect' 'trunc_ln10' <Predicate = true> <Delay = 0.00>
ST_1 : Operation 56 [1/1] (0.00ns)   --->   "%tmp_71 = bitselect i1 @_ssdm_op_BitSelect.i1.i256.i256, i256 %input_1_read, i256 181" [firmware/nnet_utils/nnet_code_gen.h:41->firmware/myproject.cpp:40]   --->   Operation 56 'bitselect' 'tmp_71' <Predicate = true> <Delay = 0.00>
ST_1 : Operation 57 [1/1] (0.00ns)   --->   "%zext_ln41 = zext i1 %tmp_71" [firmware/nnet_utils/nnet_code_gen.h:41->firmware/myproject.cpp:40]   --->   Operation 57 'zext' 'zext_ln41' <Predicate = true> <Delay = 0.00>
ST_1 : Operation 58 [1/1] (0.70ns)   --->   "%add_ln41 = add i7 %zext_ln41, i7 %trunc_ln10" [firmware/nnet_utils/nnet_code_gen.h:41->firmware/myproject.cpp:40]   --->   Operation 58 'add' 'add_ln41' <Predicate = true> <Delay = 0.70> <CoreInst = "Adder">   --->   Core 1 'Adder' <Latency = 0> <II = 1> <Delay = 0.70> <FuncUnit> <Opcode : 'add' 'sub'> <InPorts = 2> <OutPorts = 1>
ST_1 : Operation 59 [1/1] (0.00ns)   --->   "%trunc_ln11 = partselect i7 @_ssdm_op_PartSelect.i7.i256.i32.i32, i256 %input_1_read, i32 198, i32 204" [firmware/nnet_utils/nnet_code_gen.h:42->firmware/myproject.cpp:40]   --->   Operation 59 'partselect' 'trunc_ln11' <Predicate = true> <Delay = 0.00>
ST_1 : Operation 60 [1/1] (0.00ns)   --->   "%tmp_72 = bitselect i1 @_ssdm_op_BitSelect.i1.i256.i256, i256 %input_1_read, i256 197" [firmware/nnet_utils/nnet_code_gen.h:42->firmware/myproject.cpp:40]   --->   Operation 60 'bitselect' 'tmp_72' <Predicate = true> <Delay = 0.00>
ST_1 : Operation 61 [1/1] (0.00ns)   --->   "%zext_ln42 = zext i1 %tmp_72" [firmware/nnet_utils/nnet_code_gen.h:42->firmware/myproject.cpp:40]   --->   Operation 61 'zext' 'zext_ln42' <Predicate = true> <Delay = 0.00>
ST_1 : Operation 62 [1/1] (0.70ns)   --->   "%add_ln42 = add i7 %zext_ln42, i7 %trunc_ln11" [firmware/nnet_utils/nnet_code_gen.h:42->firmware/myproject.cpp:40]   --->   Operation 62 'add' 'add_ln42' <Predicate = true> <Delay = 0.70> <CoreInst = "Adder">   --->   Core 1 'Adder' <Latency = 0> <II = 1> <Delay = 0.70> <FuncUnit> <Opcode : 'add' 'sub'> <InPorts = 2> <OutPorts = 1>
ST_1 : Operation 63 [1/1] (0.00ns)   --->   "%trunc_ln12 = partselect i5 @_ssdm_op_PartSelect.i5.i256.i32.i32, i256 %input_1_read, i32 216, i32 220" [firmware/nnet_utils/nnet_code_gen.h:43->firmware/myproject.cpp:40]   --->   Operation 63 'partselect' 'trunc_ln12' <Predicate = true> <Delay = 0.00>
ST_1 : Operation 64 [1/1] (0.00ns)   --->   "%tmp_73 = bitselect i1 @_ssdm_op_BitSelect.i1.i256.i256, i256 %input_1_read, i256 215" [firmware/nnet_utils/nnet_code_gen.h:43->firmware/myproject.cpp:40]   --->   Operation 64 'bitselect' 'tmp_73' <Predicate = true> <Delay = 0.00>
ST_1 : Operation 65 [1/1] (0.00ns)   --->   "%zext_ln43 = zext i1 %tmp_73" [firmware/nnet_utils/nnet_code_gen.h:43->firmware/myproject.cpp:40]   --->   Operation 65 'zext' 'zext_ln43' <Predicate = true> <Delay = 0.00>
ST_1 : Operation 66 [1/1] (0.70ns)   --->   "%add_ln43 = add i5 %zext_ln43, i5 %trunc_ln12" [firmware/nnet_utils/nnet_code_gen.h:43->firmware/myproject.cpp:40]   --->   Operation 66 'add' 'add_ln43' <Predicate = true> <Delay = 0.70> <CoreInst = "Adder">   --->   Core 1 'Adder' <Latency = 0> <II = 1> <Delay = 0.70> <FuncUnit> <Opcode : 'add' 'sub'> <InPorts = 2> <OutPorts = 1>
ST_1 : Operation 67 [1/1] (0.00ns)   --->   "%trunc_ln13 = partselect i12 @_ssdm_op_PartSelect.i12.i256.i32.i32, i256 %input_1_read, i32 227, i32 238" [firmware/nnet_utils/nnet_code_gen.h:44->firmware/myproject.cpp:40]   --->   Operation 67 'partselect' 'trunc_ln13' <Predicate = true> <Delay = 0.00>
ST_1 : Operation 68 [1/1] (0.00ns)   --->   "%tmp_74 = bitselect i1 @_ssdm_op_BitSelect.i1.i256.i256, i256 %input_1_read, i256 226" [firmware/nnet_utils/nnet_code_gen.h:44->firmware/myproject.cpp:40]   --->   Operation 68 'bitselect' 'tmp_74' <Predicate = true> <Delay = 0.00>
ST_1 : Operation 69 [1/1] (0.00ns)   --->   "%zext_ln44 = zext i1 %tmp_74" [firmware/nnet_utils/nnet_code_gen.h:44->firmware/myproject.cpp:40]   --->   Operation 69 'zext' 'zext_ln44' <Predicate = true> <Delay = 0.00>
ST_1 : Operation 70 [1/1] (0.74ns)   --->   "%add_ln44 = add i12 %zext_ln44, i12 %trunc_ln13" [firmware/nnet_utils/nnet_code_gen.h:44->firmware/myproject.cpp:40]   --->   Operation 70 'add' 'add_ln44' <Predicate = true> <Delay = 0.74> <CoreInst = "Adder">   --->   Core 1 'Adder' <Latency = 0> <II = 1> <Delay = 0.74> <FuncUnit> <Opcode : 'add' 'sub'> <InPorts = 2> <OutPorts = 1>
ST_1 : Operation 71 [1/1] (0.00ns)   --->   "%trunc_ln14 = partselect i8 @_ssdm_op_PartSelect.i8.i256.i32.i32, i256 %input_1_read, i32 246, i32 253" [firmware/nnet_utils/nnet_code_gen.h:45->firmware/myproject.cpp:40]   --->   Operation 71 'partselect' 'trunc_ln14' <Predicate = true> <Delay = 0.00>
ST_1 : Operation 72 [1/1] (0.00ns)   --->   "%tmp_75 = bitselect i1 @_ssdm_op_BitSelect.i1.i256.i256, i256 %input_1_read, i256 245" [firmware/nnet_utils/nnet_code_gen.h:45->firmware/myproject.cpp:40]   --->   Operation 72 'bitselect' 'tmp_75' <Predicate = true> <Delay = 0.00>
ST_1 : Operation 73 [1/1] (0.00ns)   --->   "%zext_ln45 = zext i1 %tmp_75" [firmware/nnet_utils/nnet_code_gen.h:45->firmware/myproject.cpp:40]   --->   Operation 73 'zext' 'zext_ln45' <Predicate = true> <Delay = 0.00>
ST_1 : Operation 74 [1/1] (0.70ns)   --->   "%add_ln45 = add i8 %zext_ln45, i8 %trunc_ln14" [firmware/nnet_utils/nnet_code_gen.h:45->firmware/myproject.cpp:40]   --->   Operation 74 'add' 'add_ln45' <Predicate = true> <Delay = 0.70> <CoreInst = "Adder">   --->   Core 1 'Adder' <Latency = 0> <II = 1> <Delay = 0.70> <FuncUnit> <Opcode : 'add' 'sub'> <InPorts = 2> <OutPorts = 1>

State 2 <SV = 1> <Delay = 3.38>
ST_2 : Operation 75 [1/1] (0.00ns)   --->   "%layer2_out = bitconcatenate i14 @_ssdm_op_BitConcatenate.i14.i8.i6, i8 %add_ln30, i6 0" [firmware/nnet_utils/nnet_code_gen.h:30->firmware/myproject.cpp:40]   --->   Operation 75 'bitconcatenate' 'layer2_out' <Predicate = true> <Delay = 0.00>
ST_2 : Operation 76 [1/1] (0.00ns)   --->   "%layer2_out_1 = bitconcatenate i14 @_ssdm_op_BitConcatenate.i14.i8.i6, i8 %add_ln31, i6 0" [firmware/nnet_utils/nnet_code_gen.h:31->firmware/myproject.cpp:40]   --->   Operation 76 'bitconcatenate' 'layer2_out_1' <Predicate = true> <Delay = 0.00>
ST_2 : Operation 77 [1/1] (0.00ns)   --->   "%layer2_out_2 = bitconcatenate i14 @_ssdm_op_BitConcatenate.i14.i10.i4, i10 %add_ln32, i4 0" [firmware/nnet_utils/nnet_code_gen.h:32->firmware/myproject.cpp:40]   --->   Operation 77 'bitconcatenate' 'layer2_out_2' <Predicate = true> <Delay = 0.00>
ST_2 : Operation 78 [1/1] (0.00ns)   --->   "%layer2_out_3 = bitconcatenate i14 @_ssdm_op_BitConcatenate.i14.i10.i4, i10 %add_ln33, i4 0" [firmware/nnet_utils/nnet_code_gen.h:33->firmware/myproject.cpp:40]   --->   Operation 78 'bitconcatenate' 'layer2_out_3' <Predicate = true> <Delay = 0.00>
ST_2 : Operation 79 [1/1] (0.00ns)   --->   "%layer2_out_4 = bitconcatenate i14 @_ssdm_op_BitConcatenate.i14.i10.i4, i10 %add_ln34, i4 0" [firmware/nnet_utils/nnet_code_gen.h:34->firmware/myproject.cpp:40]   --->   Operation 79 'bitconcatenate' 'layer2_out_4' <Predicate = true> <Delay = 0.00>
ST_2 : Operation 80 [1/1] (0.00ns)   --->   "%layer2_out_5 = bitconcatenate i15 @_ssdm_op_BitConcatenate.i15.i9.i6, i9 %add_ln35, i6 0" [firmware/nnet_utils/nnet_code_gen.h:35->firmware/myproject.cpp:40]   --->   Operation 80 'bitconcatenate' 'layer2_out_5' <Predicate = true> <Delay = 0.00>
ST_2 : Operation 81 [1/1] (0.00ns)   --->   "%layer2_out_6 = bitconcatenate i14 @_ssdm_op_BitConcatenate.i14.i5.i9, i5 %add_ln36, i9 0" [firmware/nnet_utils/nnet_code_gen.h:36->firmware/myproject.cpp:40]   --->   Operation 81 'bitconcatenate' 'layer2_out_6' <Predicate = true> <Delay = 0.00>
ST_2 : Operation 82 [1/1] (0.00ns)   --->   "%layer2_out_7 = bitconcatenate i14 @_ssdm_op_BitConcatenate.i14.i7.i7, i7 %add_ln37, i7 0" [firmware/nnet_utils/nnet_code_gen.h:37->firmware/myproject.cpp:40]   --->   Operation 82 'bitconcatenate' 'layer2_out_7' <Predicate = true> <Delay = 0.00>
ST_2 : Operation 83 [1/1] (0.00ns)   --->   "%layer2_out_8 = bitconcatenate i14 @_ssdm_op_BitConcatenate.i14.i5.i9, i5 %add_ln38, i9 0" [firmware/nnet_utils/nnet_code_gen.h:38->firmware/myproject.cpp:40]   --->   Operation 83 'bitconcatenate' 'layer2_out_8' <Predicate = true> <Delay = 0.00>
ST_2 : Operation 84 [1/1] (0.00ns)   --->   "%layer2_out_9 = bitconcatenate i13 @_ssdm_op_BitConcatenate.i13.i7.i6, i7 %add_ln39, i6 0" [firmware/nnet_utils/nnet_code_gen.h:39->firmware/myproject.cpp:40]   --->   Operation 84 'bitconcatenate' 'layer2_out_9' <Predicate = true> <Delay = 0.00>
ST_2 : Operation 85 [1/1] (0.00ns)   --->   "%layer2_out_10 = bitconcatenate i13 @_ssdm_op_BitConcatenate.i13.i6.i7, i6 %add_ln40, i7 0" [firmware/nnet_utils/nnet_code_gen.h:40->firmware/myproject.cpp:40]   --->   Operation 85 'bitconcatenate' 'layer2_out_10' <Predicate = true> <Delay = 0.00>
ST_2 : Operation 86 [1/1] (0.00ns)   --->   "%layer2_out_11 = bitconcatenate i13 @_ssdm_op_BitConcatenate.i13.i7.i6, i7 %add_ln41, i6 0" [firmware/nnet_utils/nnet_code_gen.h:41->firmware/myproject.cpp:40]   --->   Operation 86 'bitconcatenate' 'layer2_out_11' <Predicate = true> <Delay = 0.00>
ST_2 : Operation 87 [1/1] (0.00ns)   --->   "%layer2_out_12 = bitconcatenate i13 @_ssdm_op_BitConcatenate.i13.i7.i6, i7 %add_ln42, i6 0" [firmware/nnet_utils/nnet_code_gen.h:42->firmware/myproject.cpp:40]   --->   Operation 87 'bitconcatenate' 'layer2_out_12' <Predicate = true> <Delay = 0.00>
ST_2 : Operation 88 [1/1] (0.00ns)   --->   "%layer2_out_13 = bitconcatenate i13 @_ssdm_op_BitConcatenate.i13.i5.i8, i5 %add_ln43, i8 0" [firmware/nnet_utils/nnet_code_gen.h:43->firmware/myproject.cpp:40]   --->   Operation 88 'bitconcatenate' 'layer2_out_13' <Predicate = true> <Delay = 0.00>
ST_2 : Operation 89 [1/1] (0.00ns)   --->   "%layer2_out_14 = bitconcatenate i15 @_ssdm_op_BitConcatenate.i15.i12.i3, i12 %add_ln44, i3 0" [firmware/nnet_utils/nnet_code_gen.h:44->firmware/myproject.cpp:40]   --->   Operation 89 'bitconcatenate' 'layer2_out_14' <Predicate = true> <Delay = 0.00>
ST_2 : Operation 90 [1/1] (0.00ns)   --->   "%layer2_out_15 = bitconcatenate i14 @_ssdm_op_BitConcatenate.i14.i8.i6, i8 %add_ln45, i6 0" [firmware/nnet_utils/nnet_code_gen.h:45->firmware/myproject.cpp:40]   --->   Operation 90 'bitconcatenate' 'layer2_out_15' <Predicate = true> <Delay = 0.00>
ST_2 : Operation 91 [2/2] (3.38ns)   --->   "%call_ret1 = call i448 @dense_latency<ap_fixed<16, 6, 5, 3, 0>, ap_fixed<16, 6, 5, 3, 0>, config3>, i14 %layer2_out, i14 %layer2_out_1, i14 %layer2_out_2, i14 %layer2_out_3, i14 %layer2_out_4, i15 %layer2_out_5, i14 %layer2_out_6, i14 %layer2_out_7, i14 %layer2_out_8, i13 %layer2_out_9, i13 %layer2_out_10, i13 %layer2_out_11, i13 %layer2_out_12, i13 %layer2_out_13, i15 %layer2_out_14, i14 %layer2_out_15" [firmware/nnet_utils/nnet_dense.h:54->firmware/nnet_utils/nnet_dense.h:45->firmware/myproject.cpp:44]   --->   Operation 91 'call' 'call_ret1' <Predicate = true> <Delay = 3.38> <CoreType = "Generic">   --->   Core 0 '' <Latency = 0> <II = 1> <Delay = 1.00> <Generic> <Opcode : >

State 3 <SV = 2> <Delay = 1.85>
ST_3 : Operation 92 [1/2] (0.77ns)   --->   "%call_ret1 = call i448 @dense_latency<ap_fixed<16, 6, 5, 3, 0>, ap_fixed<16, 6, 5, 3, 0>, config3>, i14 %layer2_out, i14 %layer2_out_1, i14 %layer2_out_2, i14 %layer2_out_3, i14 %layer2_out_4, i15 %layer2_out_5, i14 %layer2_out_6, i14 %layer2_out_7, i14 %layer2_out_8, i13 %layer2_out_9, i13 %layer2_out_10, i13 %layer2_out_11, i13 %layer2_out_12, i13 %layer2_out_13, i15 %layer2_out_14, i14 %layer2_out_15" [firmware/nnet_utils/nnet_dense.h:54->firmware/nnet_utils/nnet_dense.h:45->firmware/myproject.cpp:44]   --->   Operation 92 'call' 'call_ret1' <Predicate = true> <Delay = 0.77> <CoreType = "Generic">   --->   Core 0 '' <Latency = 0> <II = 1> <Delay = 1.00> <Generic> <Opcode : >
ST_3 : Operation 93 [1/1] (0.00ns)   --->   "%layer3_out = extractvalue i448 %call_ret1" [firmware/nnet_utils/nnet_dense.h:54->firmware/nnet_utils/nnet_dense.h:45->firmware/myproject.cpp:44]   --->   Operation 93 'extractvalue' 'layer3_out' <Predicate = true> <Delay = 0.00>
ST_3 : Operation 94 [1/1] (0.00ns)   --->   "%layer3_out_1 = extractvalue i448 %call_ret1" [firmware/nnet_utils/nnet_dense.h:54->firmware/nnet_utils/nnet_dense.h:45->firmware/myproject.cpp:44]   --->   Operation 94 'extractvalue' 'layer3_out_1' <Predicate = true> <Delay = 0.00>
ST_3 : Operation 95 [1/1] (0.00ns)   --->   "%layer3_out_2 = extractvalue i448 %call_ret1" [firmware/nnet_utils/nnet_dense.h:54->firmware/nnet_utils/nnet_dense.h:45->firmware/myproject.cpp:44]   --->   Operation 95 'extractvalue' 'layer3_out_2' <Predicate = true> <Delay = 0.00>
ST_3 : Operation 96 [1/1] (0.00ns)   --->   "%layer3_out_3 = extractvalue i448 %call_ret1" [firmware/nnet_utils/nnet_dense.h:54->firmware/nnet_utils/nnet_dense.h:45->firmware/myproject.cpp:44]   --->   Operation 96 'extractvalue' 'layer3_out_3' <Predicate = true> <Delay = 0.00>
ST_3 : Operation 97 [1/1] (0.00ns)   --->   "%layer3_out_4 = extractvalue i448 %call_ret1" [firmware/nnet_utils/nnet_dense.h:54->firmware/nnet_utils/nnet_dense.h:45->firmware/myproject.cpp:44]   --->   Operation 97 'extractvalue' 'layer3_out_4' <Predicate = true> <Delay = 0.00>
ST_3 : Operation 98 [1/1] (0.00ns)   --->   "%layer3_out_5 = extractvalue i448 %call_ret1" [firmware/nnet_utils/nnet_dense.h:54->firmware/nnet_utils/nnet_dense.h:45->firmware/myproject.cpp:44]   --->   Operation 98 'extractvalue' 'layer3_out_5' <Predicate = true> <Delay = 0.00>
ST_3 : Operation 99 [1/1] (0.00ns)   --->   "%layer3_out_6 = extractvalue i448 %call_ret1" [firmware/nnet_utils/nnet_dense.h:54->firmware/nnet_utils/nnet_dense.h:45->firmware/myproject.cpp:44]   --->   Operation 99 'extractvalue' 'layer3_out_6' <Predicate = true> <Delay = 0.00>
ST_3 : Operation 100 [1/1] (0.00ns)   --->   "%layer3_out_7 = extractvalue i448 %call_ret1" [firmware/nnet_utils/nnet_dense.h:54->firmware/nnet_utils/nnet_dense.h:45->firmware/myproject.cpp:44]   --->   Operation 100 'extractvalue' 'layer3_out_7' <Predicate = true> <Delay = 0.00>
ST_3 : Operation 101 [1/1] (0.00ns)   --->   "%layer3_out_8 = extractvalue i448 %call_ret1" [firmware/nnet_utils/nnet_dense.h:54->firmware/nnet_utils/nnet_dense.h:45->firmware/myproject.cpp:44]   --->   Operation 101 'extractvalue' 'layer3_out_8' <Predicate = true> <Delay = 0.00>
ST_3 : Operation 102 [1/1] (0.00ns)   --->   "%layer3_out_9 = extractvalue i448 %call_ret1" [firmware/nnet_utils/nnet_dense.h:54->firmware/nnet_utils/nnet_dense.h:45->firmware/myproject.cpp:44]   --->   Operation 102 'extractvalue' 'layer3_out_9' <Predicate = true> <Delay = 0.00>
ST_3 : Operation 103 [1/1] (0.00ns)   --->   "%layer3_out_27 = extractvalue i448 %call_ret1" [firmware/nnet_utils/nnet_dense.h:54->firmware/nnet_utils/nnet_dense.h:45->firmware/myproject.cpp:44]   --->   Operation 103 'extractvalue' 'layer3_out_27' <Predicate = true> <Delay = 0.00>
ST_3 : Operation 104 [1/1] (0.00ns)   --->   "%layer3_out_10 = extractvalue i448 %call_ret1" [firmware/nnet_utils/nnet_dense.h:54->firmware/nnet_utils/nnet_dense.h:45->firmware/myproject.cpp:44]   --->   Operation 104 'extractvalue' 'layer3_out_10' <Predicate = true> <Delay = 0.00>
ST_3 : Operation 105 [1/1] (0.00ns)   --->   "%layer3_out_11 = extractvalue i448 %call_ret1" [firmware/nnet_utils/nnet_dense.h:54->firmware/nnet_utils/nnet_dense.h:45->firmware/myproject.cpp:44]   --->   Operation 105 'extractvalue' 'layer3_out_11' <Predicate = true> <Delay = 0.00>
ST_3 : Operation 106 [1/1] (0.00ns)   --->   "%layer3_out_12 = extractvalue i448 %call_ret1" [firmware/nnet_utils/nnet_dense.h:54->firmware/nnet_utils/nnet_dense.h:45->firmware/myproject.cpp:44]   --->   Operation 106 'extractvalue' 'layer3_out_12' <Predicate = true> <Delay = 0.00>
ST_3 : Operation 107 [1/1] (0.00ns)   --->   "%layer3_out_13 = extractvalue i448 %call_ret1" [firmware/nnet_utils/nnet_dense.h:54->firmware/nnet_utils/nnet_dense.h:45->firmware/myproject.cpp:44]   --->   Operation 107 'extractvalue' 'layer3_out_13' <Predicate = true> <Delay = 0.00>
ST_3 : Operation 108 [1/1] (0.00ns)   --->   "%layer3_out_14 = extractvalue i448 %call_ret1" [firmware/nnet_utils/nnet_dense.h:54->firmware/nnet_utils/nnet_dense.h:45->firmware/myproject.cpp:44]   --->   Operation 108 'extractvalue' 'layer3_out_14' <Predicate = true> <Delay = 0.00>
ST_3 : Operation 109 [1/1] (0.00ns)   --->   "%layer3_out_15 = extractvalue i448 %call_ret1" [firmware/nnet_utils/nnet_dense.h:54->firmware/nnet_utils/nnet_dense.h:45->firmware/myproject.cpp:44]   --->   Operation 109 'extractvalue' 'layer3_out_15' <Predicate = true> <Delay = 0.00>
ST_3 : Operation 110 [1/1] (0.00ns)   --->   "%layer3_out_16 = extractvalue i448 %call_ret1" [firmware/nnet_utils/nnet_dense.h:54->firmware/nnet_utils/nnet_dense.h:45->firmware/myproject.cpp:44]   --->   Operation 110 'extractvalue' 'layer3_out_16' <Predicate = true> <Delay = 0.00>
ST_3 : Operation 111 [1/1] (0.00ns)   --->   "%layer3_out_17 = extractvalue i448 %call_ret1" [firmware/nnet_utils/nnet_dense.h:54->firmware/nnet_utils/nnet_dense.h:45->firmware/myproject.cpp:44]   --->   Operation 111 'extractvalue' 'layer3_out_17' <Predicate = true> <Delay = 0.00>
ST_3 : Operation 112 [1/1] (0.00ns)   --->   "%layer3_out_18 = extractvalue i448 %call_ret1" [firmware/nnet_utils/nnet_dense.h:54->firmware/nnet_utils/nnet_dense.h:45->firmware/myproject.cpp:44]   --->   Operation 112 'extractvalue' 'layer3_out_18' <Predicate = true> <Delay = 0.00>
ST_3 : Operation 113 [1/1] (0.00ns)   --->   "%layer3_out_19 = extractvalue i448 %call_ret1" [firmware/nnet_utils/nnet_dense.h:54->firmware/nnet_utils/nnet_dense.h:45->firmware/myproject.cpp:44]   --->   Operation 113 'extractvalue' 'layer3_out_19' <Predicate = true> <Delay = 0.00>
ST_3 : Operation 114 [1/1] (0.00ns)   --->   "%layer3_out_20 = extractvalue i448 %call_ret1" [firmware/nnet_utils/nnet_dense.h:54->firmware/nnet_utils/nnet_dense.h:45->firmware/myproject.cpp:44]   --->   Operation 114 'extractvalue' 'layer3_out_20' <Predicate = true> <Delay = 0.00>
ST_3 : Operation 115 [1/1] (0.00ns)   --->   "%layer3_out_21 = extractvalue i448 %call_ret1" [firmware/nnet_utils/nnet_dense.h:54->firmware/nnet_utils/nnet_dense.h:45->firmware/myproject.cpp:44]   --->   Operation 115 'extractvalue' 'layer3_out_21' <Predicate = true> <Delay = 0.00>
ST_3 : Operation 116 [1/1] (0.00ns)   --->   "%layer3_out_22 = extractvalue i448 %call_ret1" [firmware/nnet_utils/nnet_dense.h:54->firmware/nnet_utils/nnet_dense.h:45->firmware/myproject.cpp:44]   --->   Operation 116 'extractvalue' 'layer3_out_22' <Predicate = true> <Delay = 0.00>
ST_3 : Operation 117 [1/1] (0.00ns)   --->   "%layer3_out_23 = extractvalue i448 %call_ret1" [firmware/nnet_utils/nnet_dense.h:54->firmware/nnet_utils/nnet_dense.h:45->firmware/myproject.cpp:44]   --->   Operation 117 'extractvalue' 'layer3_out_23' <Predicate = true> <Delay = 0.00>
ST_3 : Operation 118 [1/1] (0.00ns)   --->   "%layer3_out_24 = extractvalue i448 %call_ret1" [firmware/nnet_utils/nnet_dense.h:54->firmware/nnet_utils/nnet_dense.h:45->firmware/myproject.cpp:44]   --->   Operation 118 'extractvalue' 'layer3_out_24' <Predicate = true> <Delay = 0.00>
ST_3 : Operation 119 [1/1] (0.00ns)   --->   "%layer3_out_25 = extractvalue i448 %call_ret1" [firmware/nnet_utils/nnet_dense.h:54->firmware/nnet_utils/nnet_dense.h:45->firmware/myproject.cpp:44]   --->   Operation 119 'extractvalue' 'layer3_out_25' <Predicate = true> <Delay = 0.00>
ST_3 : Operation 120 [1/1] (0.00ns)   --->   "%layer3_out_26 = extractvalue i448 %call_ret1" [firmware/nnet_utils/nnet_dense.h:54->firmware/nnet_utils/nnet_dense.h:45->firmware/myproject.cpp:44]   --->   Operation 120 'extractvalue' 'layer3_out_26' <Predicate = true> <Delay = 0.00>
ST_3 : Operation 121 [1/1] (1.07ns)   --->   "%call_ret = call i448 @relu<ap_fixed<16, 6, 5, 3, 0>, ap_fixed<16, 6, 5, 3, 0>, ReLU_config6>, i16 %layer3_out, i16 %layer3_out_1, i16 %layer3_out_2, i16 %layer3_out_3, i16 %layer3_out_4, i16 %layer3_out_5, i16 %layer3_out_6, i16 %layer3_out_7, i16 %layer3_out_8, i16 %layer3_out_9, i16 %layer3_out_27, i16 %layer3_out_10, i16 %layer3_out_11, i16 %layer3_out_12, i16 %layer3_out_13, i16 %layer3_out_14, i16 %layer3_out_15, i16 %layer3_out_16, i16 %layer3_out_17, i16 %layer3_out_18, i16 %layer3_out_19, i16 %layer3_out_20, i16 %layer3_out_21, i16 %layer3_out_22, i16 %layer3_out_23, i16 %layer3_out_24, i16 %layer3_out_25, i16 %layer3_out_26" [firmware/myproject.cpp:48]   --->   Operation 121 'call' 'call_ret' <Predicate = true> <Delay = 1.07> <CoreType = "Generic">   --->   Core 0 '' <Latency = 0> <II = 1> <Delay = 1.00> <Generic> <Opcode : >
ST_3 : Operation 122 [1/1] (0.00ns)   --->   "%layer6_out = extractvalue i448 %call_ret" [firmware/myproject.cpp:48]   --->   Operation 122 'extractvalue' 'layer6_out' <Predicate = true> <Delay = 0.00>
ST_3 : Operation 123 [1/1] (0.00ns)   --->   "%layer6_out_1 = extractvalue i448 %call_ret" [firmware/myproject.cpp:48]   --->   Operation 123 'extractvalue' 'layer6_out_1' <Predicate = true> <Delay = 0.00>
ST_3 : Operation 124 [1/1] (0.00ns)   --->   "%layer6_out_2 = extractvalue i448 %call_ret" [firmware/myproject.cpp:48]   --->   Operation 124 'extractvalue' 'layer6_out_2' <Predicate = true> <Delay = 0.00>
ST_3 : Operation 125 [1/1] (0.00ns)   --->   "%layer6_out_3 = extractvalue i448 %call_ret" [firmware/myproject.cpp:48]   --->   Operation 125 'extractvalue' 'layer6_out_3' <Predicate = true> <Delay = 0.00>
ST_3 : Operation 126 [1/1] (0.00ns)   --->   "%layer6_out_4 = extractvalue i448 %call_ret" [firmware/myproject.cpp:48]   --->   Operation 126 'extractvalue' 'layer6_out_4' <Predicate = true> <Delay = 0.00>
ST_3 : Operation 127 [1/1] (0.00ns)   --->   "%layer6_out_5 = extractvalue i448 %call_ret" [firmware/myproject.cpp:48]   --->   Operation 127 'extractvalue' 'layer6_out_5' <Predicate = true> <Delay = 0.00>
ST_3 : Operation 128 [1/1] (0.00ns)   --->   "%layer6_out_6 = extractvalue i448 %call_ret" [firmware/myproject.cpp:48]   --->   Operation 128 'extractvalue' 'layer6_out_6' <Predicate = true> <Delay = 0.00>
ST_3 : Operation 129 [1/1] (0.00ns)   --->   "%layer6_out_7 = extractvalue i448 %call_ret" [firmware/myproject.cpp:48]   --->   Operation 129 'extractvalue' 'layer6_out_7' <Predicate = true> <Delay = 0.00>
ST_3 : Operation 130 [1/1] (0.00ns)   --->   "%layer6_out_8 = extractvalue i448 %call_ret" [firmware/myproject.cpp:48]   --->   Operation 130 'extractvalue' 'layer6_out_8' <Predicate = true> <Delay = 0.00>
ST_3 : Operation 131 [1/1] (0.00ns)   --->   "%layer6_out_9 = extractvalue i448 %call_ret" [firmware/myproject.cpp:48]   --->   Operation 131 'extractvalue' 'layer6_out_9' <Predicate = true> <Delay = 0.00>
ST_3 : Operation 132 [1/1] (0.00ns)   --->   "%layer6_out_27 = extractvalue i448 %call_ret" [firmware/myproject.cpp:48]   --->   Operation 132 'extractvalue' 'layer6_out_27' <Predicate = true> <Delay = 0.00>
ST_3 : Operation 133 [1/1] (0.00ns)   --->   "%layer6_out_10 = extractvalue i448 %call_ret" [firmware/myproject.cpp:48]   --->   Operation 133 'extractvalue' 'layer6_out_10' <Predicate = true> <Delay = 0.00>
ST_3 : Operation 134 [1/1] (0.00ns)   --->   "%layer6_out_11 = extractvalue i448 %call_ret" [firmware/myproject.cpp:48]   --->   Operation 134 'extractvalue' 'layer6_out_11' <Predicate = true> <Delay = 0.00>
ST_3 : Operation 135 [1/1] (0.00ns)   --->   "%layer6_out_12 = extractvalue i448 %call_ret" [firmware/myproject.cpp:48]   --->   Operation 135 'extractvalue' 'layer6_out_12' <Predicate = true> <Delay = 0.00>
ST_3 : Operation 136 [1/1] (0.00ns)   --->   "%layer6_out_13 = extractvalue i448 %call_ret" [firmware/myproject.cpp:48]   --->   Operation 136 'extractvalue' 'layer6_out_13' <Predicate = true> <Delay = 0.00>
ST_3 : Operation 137 [1/1] (0.00ns)   --->   "%layer6_out_14 = extractvalue i448 %call_ret" [firmware/myproject.cpp:48]   --->   Operation 137 'extractvalue' 'layer6_out_14' <Predicate = true> <Delay = 0.00>
ST_3 : Operation 138 [1/1] (0.00ns)   --->   "%layer6_out_15 = extractvalue i448 %call_ret" [firmware/myproject.cpp:48]   --->   Operation 138 'extractvalue' 'layer6_out_15' <Predicate = true> <Delay = 0.00>
ST_3 : Operation 139 [1/1] (0.00ns)   --->   "%layer6_out_16 = extractvalue i448 %call_ret" [firmware/myproject.cpp:48]   --->   Operation 139 'extractvalue' 'layer6_out_16' <Predicate = true> <Delay = 0.00>
ST_3 : Operation 140 [1/1] (0.00ns)   --->   "%layer6_out_17 = extractvalue i448 %call_ret" [firmware/myproject.cpp:48]   --->   Operation 140 'extractvalue' 'layer6_out_17' <Predicate = true> <Delay = 0.00>
ST_3 : Operation 141 [1/1] (0.00ns)   --->   "%layer6_out_18 = extractvalue i448 %call_ret" [firmware/myproject.cpp:48]   --->   Operation 141 'extractvalue' 'layer6_out_18' <Predicate = true> <Delay = 0.00>
ST_3 : Operation 142 [1/1] (0.00ns)   --->   "%layer6_out_19 = extractvalue i448 %call_ret" [firmware/myproject.cpp:48]   --->   Operation 142 'extractvalue' 'layer6_out_19' <Predicate = true> <Delay = 0.00>
ST_3 : Operation 143 [1/1] (0.00ns)   --->   "%layer6_out_20 = extractvalue i448 %call_ret" [firmware/myproject.cpp:48]   --->   Operation 143 'extractvalue' 'layer6_out_20' <Predicate = true> <Delay = 0.00>
ST_3 : Operation 144 [1/1] (0.00ns)   --->   "%layer6_out_21 = extractvalue i448 %call_ret" [firmware/myproject.cpp:48]   --->   Operation 144 'extractvalue' 'layer6_out_21' <Predicate = true> <Delay = 0.00>
ST_3 : Operation 145 [1/1] (0.00ns)   --->   "%layer6_out_22 = extractvalue i448 %call_ret" [firmware/myproject.cpp:48]   --->   Operation 145 'extractvalue' 'layer6_out_22' <Predicate = true> <Delay = 0.00>
ST_3 : Operation 146 [1/1] (0.00ns)   --->   "%layer6_out_23 = extractvalue i448 %call_ret" [firmware/myproject.cpp:48]   --->   Operation 146 'extractvalue' 'layer6_out_23' <Predicate = true> <Delay = 0.00>
ST_3 : Operation 147 [1/1] (0.00ns)   --->   "%layer6_out_24 = extractvalue i448 %call_ret" [firmware/myproject.cpp:48]   --->   Operation 147 'extractvalue' 'layer6_out_24' <Predicate = true> <Delay = 0.00>
ST_3 : Operation 148 [1/1] (0.00ns)   --->   "%layer6_out_25 = extractvalue i448 %call_ret" [firmware/myproject.cpp:48]   --->   Operation 148 'extractvalue' 'layer6_out_25' <Predicate = true> <Delay = 0.00>
ST_3 : Operation 149 [1/1] (0.00ns)   --->   "%layer6_out_26 = extractvalue i448 %call_ret" [firmware/myproject.cpp:48]   --->   Operation 149 'extractvalue' 'layer6_out_26' <Predicate = true> <Delay = 0.00>
ST_3 : Operation 150 [1/1] (0.00ns)   --->   "%tmp = partselect i4 @_ssdm_op_PartSelect.i4.i16.i32.i32, i16 %layer6_out, i32 9, i32 12" [firmware/nnet_utils/nnet_code_gen.h:52->firmware/myproject.cpp:52]   --->   Operation 150 'partselect' 'tmp' <Predicate = true> <Delay = 0.00>
ST_3 : Operation 151 [1/1] (0.00ns)   --->   "%tmp_1 = partselect i8 @_ssdm_op_PartSelect.i8.i16.i32.i32, i16 %layer6_out_1, i32 6, i32 13" [firmware/nnet_utils/nnet_code_gen.h:53->firmware/myproject.cpp:52]   --->   Operation 151 'partselect' 'tmp_1' <Predicate = true> <Delay = 0.00>
ST_3 : Operation 152 [1/1] (0.00ns)   --->   "%tmp_2 = partselect i10 @_ssdm_op_PartSelect.i10.i16.i32.i32, i16 %layer6_out_2, i32 6, i32 15" [firmware/nnet_utils/nnet_code_gen.h:56->firmware/myproject.cpp:52]   --->   Operation 152 'partselect' 'tmp_2' <Predicate = true> <Delay = 0.00>
ST_3 : Operation 153 [1/1] (0.00ns)   --->   "%tmp_3 = partselect i5 @_ssdm_op_PartSelect.i5.i16.i32.i32, i16 %layer6_out_3, i32 8, i32 12" [firmware/nnet_utils/nnet_code_gen.h:57->firmware/myproject.cpp:52]   --->   Operation 153 'partselect' 'tmp_3' <Predicate = true> <Delay = 0.00>
ST_3 : Operation 154 [1/1] (0.00ns)   --->   "%tmp_4 = partselect i4 @_ssdm_op_PartSelect.i4.i16.i32.i32, i16 %layer6_out_4, i32 9, i32 12" [firmware/nnet_utils/nnet_code_gen.h:59->firmware/myproject.cpp:52]   --->   Operation 154 'partselect' 'tmp_4' <Predicate = true> <Delay = 0.00>
ST_3 : Operation 155 [1/1] (0.00ns)   --->   "%tmp_5 = partselect i11 @_ssdm_op_PartSelect.i11.i16.i32.i32, i16 %layer6_out_5, i32 5, i32 15" [firmware/nnet_utils/nnet_code_gen.h:60->firmware/myproject.cpp:52]   --->   Operation 155 'partselect' 'tmp_5' <Predicate = true> <Delay = 0.00>
ST_3 : Operation 156 [1/1] (0.00ns)   --->   "%tmp_6 = partselect i8 @_ssdm_op_PartSelect.i8.i16.i32.i32, i16 %layer6_out_6, i32 6, i32 13" [firmware/nnet_utils/nnet_code_gen.h:61->firmware/myproject.cpp:52]   --->   Operation 156 'partselect' 'tmp_6' <Predicate = true> <Delay = 0.00>
ST_3 : Operation 157 [1/1] (0.00ns)   --->   "%tmp_7 = partselect i7 @_ssdm_op_PartSelect.i7.i16.i32.i32, i16 %layer6_out_7, i32 7, i32 13" [firmware/nnet_utils/nnet_code_gen.h:68->firmware/myproject.cpp:52]   --->   Operation 157 'partselect' 'tmp_7' <Predicate = true> <Delay = 0.00>
ST_3 : Operation 158 [1/1] (0.00ns)   --->   "%tmp_8 = partselect i6 @_ssdm_op_PartSelect.i6.i16.i32.i32, i16 %layer6_out_8, i32 7, i32 12" [firmware/nnet_utils/nnet_code_gen.h:69->firmware/myproject.cpp:52]   --->   Operation 158 'partselect' 'tmp_8' <Predicate = true> <Delay = 0.00>
ST_3 : Operation 159 [1/1] (0.00ns)   --->   "%tmp_9 = partselect i7 @_ssdm_op_PartSelect.i7.i16.i32.i32, i16 %layer6_out_9, i32 7, i32 13" [firmware/nnet_utils/nnet_code_gen.h:72->firmware/myproject.cpp:52]   --->   Operation 159 'partselect' 'tmp_9' <Predicate = true> <Delay = 0.00>
ST_3 : Operation 160 [1/1] (0.00ns)   --->   "%tmp_s = partselect i8 @_ssdm_op_PartSelect.i8.i16.i32.i32, i16 %layer6_out_27, i32 7, i32 14" [firmware/nnet_utils/nnet_code_gen.h:77->firmware/myproject.cpp:52]   --->   Operation 160 'partselect' 'tmp_s' <Predicate = true> <Delay = 0.00>
ST_3 : Operation 161 [1/1] (0.00ns)   --->   "%tmp_10 = partselect i6 @_ssdm_op_PartSelect.i6.i16.i32.i32, i16 %layer6_out_10, i32 8, i32 13" [firmware/nnet_utils/nnet_code_gen.h:81->firmware/myproject.cpp:52]   --->   Operation 161 'partselect' 'tmp_10' <Predicate = true> <Delay = 0.00>
ST_3 : Operation 162 [1/1] (0.00ns)   --->   "%tmp_11 = partselect i7 @_ssdm_op_PartSelect.i7.i16.i32.i32, i16 %layer6_out_11, i32 8, i32 14" [firmware/nnet_utils/nnet_code_gen.h:82->firmware/myproject.cpp:52]   --->   Operation 162 'partselect' 'tmp_11' <Predicate = true> <Delay = 0.00>
ST_3 : Operation 163 [1/1] (0.00ns)   --->   "%tmp_12 = partselect i6 @_ssdm_op_PartSelect.i6.i16.i32.i32, i16 %layer6_out_12, i32 8, i32 13" [firmware/nnet_utils/nnet_code_gen.h:83->firmware/myproject.cpp:52]   --->   Operation 163 'partselect' 'tmp_12' <Predicate = true> <Delay = 0.00>
ST_3 : Operation 164 [1/1] (0.00ns)   --->   "%tmp_13 = partselect i6 @_ssdm_op_PartSelect.i6.i16.i32.i32, i16 %layer6_out_13, i32 8, i32 13" [firmware/nnet_utils/nnet_code_gen.h:87->firmware/myproject.cpp:52]   --->   Operation 164 'partselect' 'tmp_13' <Predicate = true> <Delay = 0.00>
ST_3 : Operation 165 [1/1] (0.00ns)   --->   "%tmp_14 = partselect i5 @_ssdm_op_PartSelect.i5.i16.i32.i32, i16 %layer6_out_14, i32 7, i32 11" [firmware/nnet_utils/nnet_code_gen.h:88->firmware/myproject.cpp:52]   --->   Operation 165 'partselect' 'tmp_14' <Predicate = true> <Delay = 0.00>
ST_3 : Operation 166 [1/1] (0.00ns)   --->   "%tmp_15 = partselect i6 @_ssdm_op_PartSelect.i6.i16.i32.i32, i16 %layer6_out_15, i32 8, i32 13" [firmware/nnet_utils/nnet_code_gen.h:98->firmware/myproject.cpp:52]   --->   Operation 166 'partselect' 'tmp_15' <Predicate = true> <Delay = 0.00>
ST_3 : Operation 167 [1/1] (0.00ns)   --->   "%tmp_16 = partselect i6 @_ssdm_op_PartSelect.i6.i16.i32.i32, i16 %layer6_out_16, i32 9, i32 14" [firmware/nnet_utils/nnet_code_gen.h:99->firmware/myproject.cpp:52]   --->   Operation 167 'partselect' 'tmp_16' <Predicate = true> <Delay = 0.00>
ST_3 : Operation 168 [1/1] (0.00ns)   --->   "%tmp_17 = partselect i6 @_ssdm_op_PartSelect.i6.i16.i32.i32, i16 %layer6_out_17, i32 9, i32 14" [firmware/nnet_utils/nnet_code_gen.h:100->firmware/myproject.cpp:52]   --->   Operation 168 'partselect' 'tmp_17' <Predicate = true> <Delay = 0.00>
ST_3 : Operation 169 [1/1] (0.00ns)   --->   "%tmp_18 = partselect i9 @_ssdm_op_PartSelect.i9.i16.i32.i32, i16 %layer6_out_18, i32 5, i32 13" [firmware/nnet_utils/nnet_code_gen.h:101->firmware/myproject.cpp:52]   --->   Operation 169 'partselect' 'tmp_18' <Predicate = true> <Delay = 0.00>
ST_3 : Operation 170 [1/1] (0.00ns)   --->   "%tmp_19 = partselect i5 @_ssdm_op_PartSelect.i5.i16.i32.i32, i16 %layer6_out_19, i32 7, i32 11" [firmware/nnet_utils/nnet_code_gen.h:103->firmware/myproject.cpp:52]   --->   Operation 170 'partselect' 'tmp_19' <Predicate = true> <Delay = 0.00>
ST_3 : Operation 171 [1/1] (0.00ns)   --->   "%tmp_20 = partselect i7 @_ssdm_op_PartSelect.i7.i16.i32.i32, i16 %layer6_out_20, i32 7, i32 13" [firmware/nnet_utils/nnet_code_gen.h:104->firmware/myproject.cpp:52]   --->   Operation 171 'partselect' 'tmp_20' <Predicate = true> <Delay = 0.00>
ST_3 : Operation 172 [1/1] (0.00ns)   --->   "%tmp_21 = partselect i5 @_ssdm_op_PartSelect.i5.i16.i32.i32, i16 %layer6_out_21, i32 8, i32 12" [firmware/nnet_utils/nnet_code_gen.h:106->firmware/myproject.cpp:52]   --->   Operation 172 'partselect' 'tmp_21' <Predicate = true> <Delay = 0.00>
ST_3 : Operation 173 [1/1] (0.00ns)   --->   "%tmp_22 = partselect i4 @_ssdm_op_PartSelect.i4.i16.i32.i32, i16 %layer6_out_22, i32 9, i32 12" [firmware/nnet_utils/nnet_code_gen.h:107->firmware/myproject.cpp:52]   --->   Operation 173 'partselect' 'tmp_22' <Predicate = true> <Delay = 0.00>
ST_3 : Operation 174 [1/1] (0.00ns)   --->   "%tmp_23 = partselect i5 @_ssdm_op_PartSelect.i5.i16.i32.i32, i16 %layer6_out_23, i32 9, i32 13" [firmware/nnet_utils/nnet_code_gen.h:108->firmware/myproject.cpp:52]   --->   Operation 174 'partselect' 'tmp_23' <Predicate = true> <Delay = 0.00>
ST_3 : Operation 175 [1/1] (0.00ns)   --->   "%tmp_24 = partselect i6 @_ssdm_op_PartSelect.i6.i16.i32.i32, i16 %layer6_out_24, i32 8, i32 13" [firmware/nnet_utils/nnet_code_gen.h:110->firmware/myproject.cpp:52]   --->   Operation 175 'partselect' 'tmp_24' <Predicate = true> <Delay = 0.00>
ST_3 : Operation 176 [1/1] (0.00ns)   --->   "%tmp_25 = partselect i5 @_ssdm_op_PartSelect.i5.i16.i32.i32, i16 %layer6_out_25, i32 9, i32 13" [firmware/nnet_utils/nnet_code_gen.h:111->firmware/myproject.cpp:52]   --->   Operation 176 'partselect' 'tmp_25' <Predicate = true> <Delay = 0.00>
ST_3 : Operation 177 [1/1] (0.00ns)   --->   "%tmp_26 = partselect i4 @_ssdm_op_PartSelect.i4.i16.i32.i32, i16 %layer6_out_26, i32 10, i32 13" [firmware/nnet_utils/nnet_code_gen.h:112->firmware/myproject.cpp:52]   --->   Operation 177 'partselect' 'tmp_26' <Predicate = true> <Delay = 0.00>

State 4 <SV = 3> <Delay = 3.61>
ST_4 : Operation 178 [1/1] (0.00ns)   --->   "%layer7_out = bitconcatenate i13 @_ssdm_op_BitConcatenate.i13.i4.i9, i4 %tmp, i9 0" [firmware/nnet_utils/nnet_code_gen.h:52->firmware/myproject.cpp:52]   --->   Operation 178 'bitconcatenate' 'layer7_out' <Predicate = true> <Delay = 0.00>
ST_4 : Operation 179 [1/1] (0.00ns)   --->   "%layer7_out_1 = bitconcatenate i14 @_ssdm_op_BitConcatenate.i14.i8.i6, i8 %tmp_1, i6 0" [firmware/nnet_utils/nnet_code_gen.h:53->firmware/myproject.cpp:52]   --->   Operation 179 'bitconcatenate' 'layer7_out_1' <Predicate = true> <Delay = 0.00>
ST_4 : Operation 180 [1/1] (0.00ns)   --->   "%layer7_out_2 = bitconcatenate i16 @_ssdm_op_BitConcatenate.i16.i10.i6, i10 %tmp_2, i6 0" [firmware/nnet_utils/nnet_code_gen.h:56->firmware/myproject.cpp:52]   --->   Operation 180 'bitconcatenate' 'layer7_out_2' <Predicate = true> <Delay = 0.00>
ST_4 : Operation 181 [1/1] (0.00ns)   --->   "%layer7_out_3 = bitconcatenate i13 @_ssdm_op_BitConcatenate.i13.i5.i8, i5 %tmp_3, i8 0" [firmware/nnet_utils/nnet_code_gen.h:57->firmware/myproject.cpp:52]   --->   Operation 181 'bitconcatenate' 'layer7_out_3' <Predicate = true> <Delay = 0.00>
ST_4 : Operation 182 [1/1] (0.00ns)   --->   "%layer7_out_4 = bitconcatenate i13 @_ssdm_op_BitConcatenate.i13.i4.i9, i4 %tmp_4, i9 0" [firmware/nnet_utils/nnet_code_gen.h:59->firmware/myproject.cpp:52]   --->   Operation 182 'bitconcatenate' 'layer7_out_4' <Predicate = true> <Delay = 0.00>
ST_4 : Operation 183 [1/1] (0.00ns)   --->   "%layer7_out_5 = bitconcatenate i16 @_ssdm_op_BitConcatenate.i16.i11.i5, i11 %tmp_5, i5 0" [firmware/nnet_utils/nnet_code_gen.h:60->firmware/myproject.cpp:52]   --->   Operation 183 'bitconcatenate' 'layer7_out_5' <Predicate = true> <Delay = 0.00>
ST_4 : Operation 184 [1/1] (0.00ns)   --->   "%layer7_out_6 = bitconcatenate i14 @_ssdm_op_BitConcatenate.i14.i8.i6, i8 %tmp_6, i6 0" [firmware/nnet_utils/nnet_code_gen.h:61->firmware/myproject.cpp:52]   --->   Operation 184 'bitconcatenate' 'layer7_out_6' <Predicate = true> <Delay = 0.00>
ST_4 : Operation 185 [1/1] (0.00ns)   --->   "%layer7_out_7 = bitconcatenate i14 @_ssdm_op_BitConcatenate.i14.i7.i7, i7 %tmp_7, i7 0" [firmware/nnet_utils/nnet_code_gen.h:68->firmware/myproject.cpp:52]   --->   Operation 185 'bitconcatenate' 'layer7_out_7' <Predicate = true> <Delay = 0.00>
ST_4 : Operation 186 [1/1] (0.00ns)   --->   "%layer7_out_8 = bitconcatenate i13 @_ssdm_op_BitConcatenate.i13.i6.i7, i6 %tmp_8, i7 0" [firmware/nnet_utils/nnet_code_gen.h:69->firmware/myproject.cpp:52]   --->   Operation 186 'bitconcatenate' 'layer7_out_8' <Predicate = true> <Delay = 0.00>
ST_4 : Operation 187 [1/1] (0.00ns)   --->   "%layer7_out_9 = bitconcatenate i14 @_ssdm_op_BitConcatenate.i14.i7.i7, i7 %tmp_9, i7 0" [firmware/nnet_utils/nnet_code_gen.h:72->firmware/myproject.cpp:52]   --->   Operation 187 'bitconcatenate' 'layer7_out_9' <Predicate = true> <Delay = 0.00>
ST_4 : Operation 188 [1/1] (0.00ns)   --->   "%layer7_out_10 = bitconcatenate i15 @_ssdm_op_BitConcatenate.i15.i8.i7, i8 %tmp_s, i7 0" [firmware/nnet_utils/nnet_code_gen.h:77->firmware/myproject.cpp:52]   --->   Operation 188 'bitconcatenate' 'layer7_out_10' <Predicate = true> <Delay = 0.00>
ST_4 : Operation 189 [1/1] (0.00ns)   --->   "%layer7_out_11 = bitconcatenate i14 @_ssdm_op_BitConcatenate.i14.i6.i8, i6 %tmp_10, i8 0" [firmware/nnet_utils/nnet_code_gen.h:81->firmware/myproject.cpp:52]   --->   Operation 189 'bitconcatenate' 'layer7_out_11' <Predicate = true> <Delay = 0.00>
ST_4 : Operation 190 [1/1] (0.00ns)   --->   "%layer7_out_12 = bitconcatenate i15 @_ssdm_op_BitConcatenate.i15.i7.i8, i7 %tmp_11, i8 0" [firmware/nnet_utils/nnet_code_gen.h:82->firmware/myproject.cpp:52]   --->   Operation 190 'bitconcatenate' 'layer7_out_12' <Predicate = true> <Delay = 0.00>
ST_4 : Operation 191 [1/1] (0.00ns)   --->   "%layer7_out_13 = bitconcatenate i14 @_ssdm_op_BitConcatenate.i14.i6.i8, i6 %tmp_12, i8 0" [firmware/nnet_utils/nnet_code_gen.h:83->firmware/myproject.cpp:52]   --->   Operation 191 'bitconcatenate' 'layer7_out_13' <Predicate = true> <Delay = 0.00>
ST_4 : Operation 192 [1/1] (0.00ns)   --->   "%layer7_out_14 = bitconcatenate i14 @_ssdm_op_BitConcatenate.i14.i6.i8, i6 %tmp_13, i8 0" [firmware/nnet_utils/nnet_code_gen.h:87->firmware/myproject.cpp:52]   --->   Operation 192 'bitconcatenate' 'layer7_out_14' <Predicate = true> <Delay = 0.00>
ST_4 : Operation 193 [1/1] (0.00ns)   --->   "%layer7_out_15 = bitconcatenate i12 @_ssdm_op_BitConcatenate.i12.i5.i7, i5 %tmp_14, i7 0" [firmware/nnet_utils/nnet_code_gen.h:88->firmware/myproject.cpp:52]   --->   Operation 193 'bitconcatenate' 'layer7_out_15' <Predicate = true> <Delay = 0.00>
ST_4 : Operation 194 [1/1] (0.00ns)   --->   "%layer7_out_16 = bitconcatenate i14 @_ssdm_op_BitConcatenate.i14.i6.i8, i6 %tmp_15, i8 0" [firmware/nnet_utils/nnet_code_gen.h:98->firmware/myproject.cpp:52]   --->   Operation 194 'bitconcatenate' 'layer7_out_16' <Predicate = true> <Delay = 0.00>
ST_4 : Operation 195 [1/1] (0.00ns)   --->   "%layer7_out_17 = bitconcatenate i15 @_ssdm_op_BitConcatenate.i15.i6.i9, i6 %tmp_16, i9 0" [firmware/nnet_utils/nnet_code_gen.h:99->firmware/myproject.cpp:52]   --->   Operation 195 'bitconcatenate' 'layer7_out_17' <Predicate = true> <Delay = 0.00>
ST_4 : Operation 196 [1/1] (0.00ns)   --->   "%layer7_out_18 = bitconcatenate i15 @_ssdm_op_BitConcatenate.i15.i6.i9, i6 %tmp_17, i9 0" [firmware/nnet_utils/nnet_code_gen.h:100->firmware/myproject.cpp:52]   --->   Operation 196 'bitconcatenate' 'layer7_out_18' <Predicate = true> <Delay = 0.00>
ST_4 : Operation 197 [1/1] (0.00ns)   --->   "%layer7_out_19 = bitconcatenate i14 @_ssdm_op_BitConcatenate.i14.i9.i5, i9 %tmp_18, i5 0" [firmware/nnet_utils/nnet_code_gen.h:101->firmware/myproject.cpp:52]   --->   Operation 197 'bitconcatenate' 'layer7_out_19' <Predicate = true> <Delay = 0.00>
ST_4 : Operation 198 [1/1] (0.00ns)   --->   "%layer7_out_20 = bitconcatenate i12 @_ssdm_op_BitConcatenate.i12.i5.i7, i5 %tmp_19, i7 0" [firmware/nnet_utils/nnet_code_gen.h:103->firmware/myproject.cpp:52]   --->   Operation 198 'bitconcatenate' 'layer7_out_20' <Predicate = true> <Delay = 0.00>
ST_4 : Operation 199 [1/1] (0.00ns)   --->   "%layer7_out_21 = bitconcatenate i14 @_ssdm_op_BitConcatenate.i14.i7.i7, i7 %tmp_20, i7 0" [firmware/nnet_utils/nnet_code_gen.h:104->firmware/myproject.cpp:52]   --->   Operation 199 'bitconcatenate' 'layer7_out_21' <Predicate = true> <Delay = 0.00>
ST_4 : Operation 200 [1/1] (0.00ns)   --->   "%layer7_out_22 = bitconcatenate i13 @_ssdm_op_BitConcatenate.i13.i5.i8, i5 %tmp_21, i8 0" [firmware/nnet_utils/nnet_code_gen.h:106->firmware/myproject.cpp:52]   --->   Operation 200 'bitconcatenate' 'layer7_out_22' <Predicate = true> <Delay = 0.00>
ST_4 : Operation 201 [1/1] (0.00ns)   --->   "%layer7_out_23 = bitconcatenate i13 @_ssdm_op_BitConcatenate.i13.i4.i9, i4 %tmp_22, i9 0" [firmware/nnet_utils/nnet_code_gen.h:107->firmware/myproject.cpp:52]   --->   Operation 201 'bitconcatenate' 'layer7_out_23' <Predicate = true> <Delay = 0.00>
ST_4 : Operation 202 [1/1] (0.00ns)   --->   "%layer7_out_24 = bitconcatenate i14 @_ssdm_op_BitConcatenate.i14.i5.i9, i5 %tmp_23, i9 0" [firmware/nnet_utils/nnet_code_gen.h:108->firmware/myproject.cpp:52]   --->   Operation 202 'bitconcatenate' 'layer7_out_24' <Predicate = true> <Delay = 0.00>
ST_4 : Operation 203 [1/1] (0.00ns)   --->   "%layer7_out_25 = bitconcatenate i14 @_ssdm_op_BitConcatenate.i14.i6.i8, i6 %tmp_24, i8 0" [firmware/nnet_utils/nnet_code_gen.h:110->firmware/myproject.cpp:52]   --->   Operation 203 'bitconcatenate' 'layer7_out_25' <Predicate = true> <Delay = 0.00>
ST_4 : Operation 204 [1/1] (0.00ns)   --->   "%layer7_out_26 = bitconcatenate i14 @_ssdm_op_BitConcatenate.i14.i5.i9, i5 %tmp_25, i9 0" [firmware/nnet_utils/nnet_code_gen.h:111->firmware/myproject.cpp:52]   --->   Operation 204 'bitconcatenate' 'layer7_out_26' <Predicate = true> <Delay = 0.00>
ST_4 : Operation 205 [1/1] (0.00ns)   --->   "%layer7_out_27 = bitconcatenate i14 @_ssdm_op_BitConcatenate.i14.i4.i10, i4 %tmp_26, i10 0" [firmware/nnet_utils/nnet_code_gen.h:112->firmware/myproject.cpp:52]   --->   Operation 205 'bitconcatenate' 'layer7_out_27' <Predicate = true> <Delay = 0.00>
ST_4 : Operation 206 [2/2] (3.61ns)   --->   "%call_ret2 = call i224 @dense_latency<ap_fixed<16, 6, 5, 3, 0>, ap_fixed<16, 6, 5, 3, 0>, config8>, i13 %layer7_out, i14 %layer7_out_1, i16 %layer7_out_2, i13 %layer7_out_3, i13 %layer7_out_4, i16 %layer7_out_5, i14 %layer7_out_6, i14 %layer7_out_7, i13 %layer7_out_8, i14 %layer7_out_9, i15 %layer7_out_10, i14 %layer7_out_11, i15 %layer7_out_12, i14 %layer7_out_13, i14 %layer7_out_14, i12 %layer7_out_15, i14 %layer7_out_16, i15 %layer7_out_17, i15 %layer7_out_18, i14 %layer7_out_19, i12 %layer7_out_20, i14 %layer7_out_21, i13 %layer7_out_22, i13 %layer7_out_23, i14 %layer7_out_24, i14 %layer7_out_25, i14 %layer7_out_26, i14 %layer7_out_27" [firmware/nnet_utils/nnet_dense.h:54->firmware/nnet_utils/nnet_dense.h:45->firmware/myproject.cpp:56]   --->   Operation 206 'call' 'call_ret2' <Predicate = true> <Delay = 3.61> <CoreType = "Generic">   --->   Core 0 '' <Latency = 0> <II = 1> <Delay = 1.00> <Generic> <Opcode : >

State 5 <SV = 4> <Delay = 1.75>
ST_5 : Operation 207 [1/2] (0.67ns)   --->   "%call_ret2 = call i224 @dense_latency<ap_fixed<16, 6, 5, 3, 0>, ap_fixed<16, 6, 5, 3, 0>, config8>, i13 %layer7_out, i14 %layer7_out_1, i16 %layer7_out_2, i13 %layer7_out_3, i13 %layer7_out_4, i16 %layer7_out_5, i14 %layer7_out_6, i14 %layer7_out_7, i13 %layer7_out_8, i14 %layer7_out_9, i15 %layer7_out_10, i14 %layer7_out_11, i15 %layer7_out_12, i14 %layer7_out_13, i14 %layer7_out_14, i12 %layer7_out_15, i14 %layer7_out_16, i15 %layer7_out_17, i15 %layer7_out_18, i14 %layer7_out_19, i12 %layer7_out_20, i14 %layer7_out_21, i13 %layer7_out_22, i13 %layer7_out_23, i14 %layer7_out_24, i14 %layer7_out_25, i14 %layer7_out_26, i14 %layer7_out_27" [firmware/nnet_utils/nnet_dense.h:54->firmware/nnet_utils/nnet_dense.h:45->firmware/myproject.cpp:56]   --->   Operation 207 'call' 'call_ret2' <Predicate = true> <Delay = 0.67> <CoreType = "Generic">   --->   Core 0 '' <Latency = 0> <II = 1> <Delay = 1.00> <Generic> <Opcode : >
ST_5 : Operation 208 [1/1] (0.00ns)   --->   "%layer8_out = extractvalue i224 %call_ret2" [firmware/nnet_utils/nnet_dense.h:54->firmware/nnet_utils/nnet_dense.h:45->firmware/myproject.cpp:56]   --->   Operation 208 'extractvalue' 'layer8_out' <Predicate = true> <Delay = 0.00>
ST_5 : Operation 209 [1/1] (0.00ns)   --->   "%layer8_out_1 = extractvalue i224 %call_ret2" [firmware/nnet_utils/nnet_dense.h:54->firmware/nnet_utils/nnet_dense.h:45->firmware/myproject.cpp:56]   --->   Operation 209 'extractvalue' 'layer8_out_1' <Predicate = true> <Delay = 0.00>
ST_5 : Operation 210 [1/1] (0.00ns)   --->   "%layer8_out_2 = extractvalue i224 %call_ret2" [firmware/nnet_utils/nnet_dense.h:54->firmware/nnet_utils/nnet_dense.h:45->firmware/myproject.cpp:56]   --->   Operation 210 'extractvalue' 'layer8_out_2' <Predicate = true> <Delay = 0.00>
ST_5 : Operation 211 [1/1] (0.00ns)   --->   "%layer8_out_3 = extractvalue i224 %call_ret2" [firmware/nnet_utils/nnet_dense.h:54->firmware/nnet_utils/nnet_dense.h:45->firmware/myproject.cpp:56]   --->   Operation 211 'extractvalue' 'layer8_out_3' <Predicate = true> <Delay = 0.00>
ST_5 : Operation 212 [1/1] (0.00ns)   --->   "%layer8_out_4 = extractvalue i224 %call_ret2" [firmware/nnet_utils/nnet_dense.h:54->firmware/nnet_utils/nnet_dense.h:45->firmware/myproject.cpp:56]   --->   Operation 212 'extractvalue' 'layer8_out_4' <Predicate = true> <Delay = 0.00>
ST_5 : Operation 213 [1/1] (0.00ns)   --->   "%layer8_out_5 = extractvalue i224 %call_ret2" [firmware/nnet_utils/nnet_dense.h:54->firmware/nnet_utils/nnet_dense.h:45->firmware/myproject.cpp:56]   --->   Operation 213 'extractvalue' 'layer8_out_5' <Predicate = true> <Delay = 0.00>
ST_5 : Operation 214 [1/1] (0.00ns)   --->   "%layer8_out_6 = extractvalue i224 %call_ret2" [firmware/nnet_utils/nnet_dense.h:54->firmware/nnet_utils/nnet_dense.h:45->firmware/myproject.cpp:56]   --->   Operation 214 'extractvalue' 'layer8_out_6' <Predicate = true> <Delay = 0.00>
ST_5 : Operation 215 [1/1] (0.00ns)   --->   "%layer8_out_7 = extractvalue i224 %call_ret2" [firmware/nnet_utils/nnet_dense.h:54->firmware/nnet_utils/nnet_dense.h:45->firmware/myproject.cpp:56]   --->   Operation 215 'extractvalue' 'layer8_out_7' <Predicate = true> <Delay = 0.00>
ST_5 : Operation 216 [1/1] (0.00ns)   --->   "%layer8_out_8 = extractvalue i224 %call_ret2" [firmware/nnet_utils/nnet_dense.h:54->firmware/nnet_utils/nnet_dense.h:45->firmware/myproject.cpp:56]   --->   Operation 216 'extractvalue' 'layer8_out_8' <Predicate = true> <Delay = 0.00>
ST_5 : Operation 217 [1/1] (0.00ns)   --->   "%layer8_out_9 = extractvalue i224 %call_ret2" [firmware/nnet_utils/nnet_dense.h:54->firmware/nnet_utils/nnet_dense.h:45->firmware/myproject.cpp:56]   --->   Operation 217 'extractvalue' 'layer8_out_9' <Predicate = true> <Delay = 0.00>
ST_5 : Operation 218 [1/1] (0.00ns)   --->   "%layer8_out_13 = extractvalue i224 %call_ret2" [firmware/nnet_utils/nnet_dense.h:54->firmware/nnet_utils/nnet_dense.h:45->firmware/myproject.cpp:56]   --->   Operation 218 'extractvalue' 'layer8_out_13' <Predicate = true> <Delay = 0.00>
ST_5 : Operation 219 [1/1] (0.00ns)   --->   "%layer8_out_10 = extractvalue i224 %call_ret2" [firmware/nnet_utils/nnet_dense.h:54->firmware/nnet_utils/nnet_dense.h:45->firmware/myproject.cpp:56]   --->   Operation 219 'extractvalue' 'layer8_out_10' <Predicate = true> <Delay = 0.00>
ST_5 : Operation 220 [1/1] (0.00ns)   --->   "%layer8_out_11 = extractvalue i224 %call_ret2" [firmware/nnet_utils/nnet_dense.h:54->firmware/nnet_utils/nnet_dense.h:45->firmware/myproject.cpp:56]   --->   Operation 220 'extractvalue' 'layer8_out_11' <Predicate = true> <Delay = 0.00>
ST_5 : Operation 221 [1/1] (0.00ns)   --->   "%layer8_out_12 = extractvalue i224 %call_ret2" [firmware/nnet_utils/nnet_dense.h:54->firmware/nnet_utils/nnet_dense.h:45->firmware/myproject.cpp:56]   --->   Operation 221 'extractvalue' 'layer8_out_12' <Predicate = true> <Delay = 0.00>
ST_5 : Operation 222 [1/1] (1.07ns)   --->   "%call_ret3 = call i224 @relu<ap_fixed<16, 6, 5, 3, 0>, ap_fixed<16, 6, 5, 3, 0>, ReLU_config11>, i16 %layer8_out, i16 %layer8_out_1, i16 %layer8_out_2, i16 %layer8_out_3, i16 %layer8_out_4, i16 %layer8_out_5, i16 %layer8_out_6, i16 %layer8_out_7, i16 %layer8_out_8, i16 %layer8_out_9, i16 %layer8_out_13, i16 %layer8_out_10, i16 %layer8_out_11, i16 %layer8_out_12" [firmware/myproject.cpp:60]   --->   Operation 222 'call' 'call_ret3' <Predicate = true> <Delay = 1.07> <CoreType = "Generic">   --->   Core 0 '' <Latency = 0> <II = 1> <Delay = 1.00> <Generic> <Opcode : >
ST_5 : Operation 223 [1/1] (0.00ns)   --->   "%layer11_out = extractvalue i224 %call_ret3" [firmware/myproject.cpp:60]   --->   Operation 223 'extractvalue' 'layer11_out' <Predicate = true> <Delay = 0.00>
ST_5 : Operation 224 [1/1] (0.00ns)   --->   "%layer11_out_1 = extractvalue i224 %call_ret3" [firmware/myproject.cpp:60]   --->   Operation 224 'extractvalue' 'layer11_out_1' <Predicate = true> <Delay = 0.00>
ST_5 : Operation 225 [1/1] (0.00ns)   --->   "%layer11_out_2 = extractvalue i224 %call_ret3" [firmware/myproject.cpp:60]   --->   Operation 225 'extractvalue' 'layer11_out_2' <Predicate = true> <Delay = 0.00>
ST_5 : Operation 226 [1/1] (0.00ns)   --->   "%layer11_out_3 = extractvalue i224 %call_ret3" [firmware/myproject.cpp:60]   --->   Operation 226 'extractvalue' 'layer11_out_3' <Predicate = true> <Delay = 0.00>
ST_5 : Operation 227 [1/1] (0.00ns)   --->   "%layer11_out_4 = extractvalue i224 %call_ret3" [firmware/myproject.cpp:60]   --->   Operation 227 'extractvalue' 'layer11_out_4' <Predicate = true> <Delay = 0.00>
ST_5 : Operation 228 [1/1] (0.00ns)   --->   "%layer11_out_5 = extractvalue i224 %call_ret3" [firmware/myproject.cpp:60]   --->   Operation 228 'extractvalue' 'layer11_out_5' <Predicate = true> <Delay = 0.00>
ST_5 : Operation 229 [1/1] (0.00ns)   --->   "%layer11_out_6 = extractvalue i224 %call_ret3" [firmware/myproject.cpp:60]   --->   Operation 229 'extractvalue' 'layer11_out_6' <Predicate = true> <Delay = 0.00>
ST_5 : Operation 230 [1/1] (0.00ns)   --->   "%layer11_out_7 = extractvalue i224 %call_ret3" [firmware/myproject.cpp:60]   --->   Operation 230 'extractvalue' 'layer11_out_7' <Predicate = true> <Delay = 0.00>
ST_5 : Operation 231 [1/1] (0.00ns)   --->   "%layer11_out_8 = extractvalue i224 %call_ret3" [firmware/myproject.cpp:60]   --->   Operation 231 'extractvalue' 'layer11_out_8' <Predicate = true> <Delay = 0.00>
ST_5 : Operation 232 [1/1] (0.00ns)   --->   "%layer11_out_9 = extractvalue i224 %call_ret3" [firmware/myproject.cpp:60]   --->   Operation 232 'extractvalue' 'layer11_out_9' <Predicate = true> <Delay = 0.00>
ST_5 : Operation 233 [1/1] (0.00ns)   --->   "%layer11_out_13 = extractvalue i224 %call_ret3" [firmware/myproject.cpp:60]   --->   Operation 233 'extractvalue' 'layer11_out_13' <Predicate = true> <Delay = 0.00>
ST_5 : Operation 234 [1/1] (0.00ns)   --->   "%layer11_out_10 = extractvalue i224 %call_ret3" [firmware/myproject.cpp:60]   --->   Operation 234 'extractvalue' 'layer11_out_10' <Predicate = true> <Delay = 0.00>
ST_5 : Operation 235 [1/1] (0.00ns)   --->   "%layer11_out_11 = extractvalue i224 %call_ret3" [firmware/myproject.cpp:60]   --->   Operation 235 'extractvalue' 'layer11_out_11' <Predicate = true> <Delay = 0.00>
ST_5 : Operation 236 [1/1] (0.00ns)   --->   "%layer11_out_12 = extractvalue i224 %call_ret3" [firmware/myproject.cpp:60]   --->   Operation 236 'extractvalue' 'layer11_out_12' <Predicate = true> <Delay = 0.00>
ST_5 : Operation 237 [1/1] (0.00ns)   --->   "%tmp_27 = partselect i6 @_ssdm_op_PartSelect.i6.i16.i32.i32, i16 %layer11_out, i32 10, i32 15" [firmware/nnet_utils/nnet_code_gen.h:123->firmware/myproject.cpp:64]   --->   Operation 237 'partselect' 'tmp_27' <Predicate = true> <Delay = 0.00>
ST_5 : Operation 238 [1/1] (0.00ns)   --->   "%tmp_28 = partselect i4 @_ssdm_op_PartSelect.i4.i16.i32.i32, i16 %layer11_out_1, i32 10, i32 13" [firmware/nnet_utils/nnet_code_gen.h:124->firmware/myproject.cpp:64]   --->   Operation 238 'partselect' 'tmp_28' <Predicate = true> <Delay = 0.00>
ST_5 : Operation 239 [1/1] (0.00ns)   --->   "%tmp_29 = partselect i6 @_ssdm_op_PartSelect.i6.i16.i32.i32, i16 %layer11_out_2, i32 8, i32 13" [firmware/nnet_utils/nnet_code_gen.h:126->firmware/myproject.cpp:64]   --->   Operation 239 'partselect' 'tmp_29' <Predicate = true> <Delay = 0.00>
ST_5 : Operation 240 [1/1] (0.00ns)   --->   "%tmp_30 = partselect i7 @_ssdm_op_PartSelect.i7.i16.i32.i32, i16 %layer11_out_3, i32 9, i32 15" [firmware/nnet_utils/nnet_code_gen.h:127->firmware/myproject.cpp:64]   --->   Operation 240 'partselect' 'tmp_30' <Predicate = true> <Delay = 0.00>
ST_5 : Operation 241 [1/1] (0.00ns)   --->   "%tmp_31 = partselect i6 @_ssdm_op_PartSelect.i6.i16.i32.i32, i16 %layer11_out_4, i32 10, i32 15" [firmware/nnet_utils/nnet_code_gen.h:128->firmware/myproject.cpp:64]   --->   Operation 241 'partselect' 'tmp_31' <Predicate = true> <Delay = 0.00>
ST_5 : Operation 242 [1/1] (0.00ns)   --->   "%tmp_32 = partselect i6 @_ssdm_op_PartSelect.i6.i16.i32.i32, i16 %layer11_out_5, i32 8, i32 13" [firmware/nnet_utils/nnet_code_gen.h:129->firmware/myproject.cpp:64]   --->   Operation 242 'partselect' 'tmp_32' <Predicate = true> <Delay = 0.00>
ST_5 : Operation 243 [1/1] (0.00ns)   --->   "%tmp_33 = partselect i6 @_ssdm_op_PartSelect.i6.i16.i32.i32, i16 %layer11_out_6, i32 10, i32 15" [firmware/nnet_utils/nnet_code_gen.h:130->firmware/myproject.cpp:64]   --->   Operation 243 'partselect' 'tmp_33' <Predicate = true> <Delay = 0.00>
ST_5 : Operation 244 [1/1] (0.00ns)   --->   "%tmp_34 = partselect i8 @_ssdm_op_PartSelect.i8.i16.i32.i32, i16 %layer11_out_7, i32 8, i32 15" [firmware/nnet_utils/nnet_code_gen.h:133->firmware/myproject.cpp:64]   --->   Operation 244 'partselect' 'tmp_34' <Predicate = true> <Delay = 0.00>
ST_5 : Operation 245 [1/1] (0.00ns)   --->   "%tmp_35 = partselect i8 @_ssdm_op_PartSelect.i8.i16.i32.i32, i16 %layer11_out_8, i32 8, i32 15" [firmware/nnet_utils/nnet_code_gen.h:135->firmware/myproject.cpp:64]   --->   Operation 245 'partselect' 'tmp_35' <Predicate = true> <Delay = 0.00>
ST_5 : Operation 246 [1/1] (0.00ns)   --->   "%tmp_36 = partselect i5 @_ssdm_op_PartSelect.i5.i16.i32.i32, i16 %layer11_out_9, i32 9, i32 13" [firmware/nnet_utils/nnet_code_gen.h:141->firmware/myproject.cpp:64]   --->   Operation 246 'partselect' 'tmp_36' <Predicate = true> <Delay = 0.00>
ST_5 : Operation 247 [1/1] (0.00ns)   --->   "%tmp_37 = partselect i7 @_ssdm_op_PartSelect.i7.i16.i32.i32, i16 %layer11_out_13, i32 8, i32 14" [firmware/nnet_utils/nnet_code_gen.h:142->firmware/myproject.cpp:64]   --->   Operation 247 'partselect' 'tmp_37' <Predicate = true> <Delay = 0.00>
ST_5 : Operation 248 [1/1] (0.00ns)   --->   "%tmp_38 = partselect i7 @_ssdm_op_PartSelect.i7.i16.i32.i32, i16 %layer11_out_10, i32 9, i32 15" [firmware/nnet_utils/nnet_code_gen.h:143->firmware/myproject.cpp:64]   --->   Operation 248 'partselect' 'tmp_38' <Predicate = true> <Delay = 0.00>
ST_5 : Operation 249 [1/1] (0.00ns)   --->   "%tmp_39 = partselect i5 @_ssdm_op_PartSelect.i5.i16.i32.i32, i16 %layer11_out_11, i32 10, i32 14" [firmware/nnet_utils/nnet_code_gen.h:148->firmware/myproject.cpp:64]   --->   Operation 249 'partselect' 'tmp_39' <Predicate = true> <Delay = 0.00>
ST_5 : Operation 250 [1/1] (0.00ns)   --->   "%tmp_40 = partselect i7 @_ssdm_op_PartSelect.i7.i16.i32.i32, i16 %layer11_out_12, i32 8, i32 14" [firmware/nnet_utils/nnet_code_gen.h:153->firmware/myproject.cpp:64]   --->   Operation 250 'partselect' 'tmp_40' <Predicate = true> <Delay = 0.00>

State 6 <SV = 5> <Delay = 3.14>
ST_6 : Operation 251 [1/1] (0.00ns)   --->   "%layer12_out = bitconcatenate i16 @_ssdm_op_BitConcatenate.i16.i6.i10, i6 %tmp_27, i10 0" [firmware/nnet_utils/nnet_code_gen.h:123->firmware/myproject.cpp:64]   --->   Operation 251 'bitconcatenate' 'layer12_out' <Predicate = true> <Delay = 0.00>
ST_6 : Operation 252 [1/1] (0.00ns)   --->   "%layer12_out_1 = bitconcatenate i14 @_ssdm_op_BitConcatenate.i14.i4.i10, i4 %tmp_28, i10 0" [firmware/nnet_utils/nnet_code_gen.h:124->firmware/myproject.cpp:64]   --->   Operation 252 'bitconcatenate' 'layer12_out_1' <Predicate = true> <Delay = 0.00>
ST_6 : Operation 253 [1/1] (0.00ns)   --->   "%layer12_out_2 = bitconcatenate i14 @_ssdm_op_BitConcatenate.i14.i6.i8, i6 %tmp_29, i8 0" [firmware/nnet_utils/nnet_code_gen.h:126->firmware/myproject.cpp:64]   --->   Operation 253 'bitconcatenate' 'layer12_out_2' <Predicate = true> <Delay = 0.00>
ST_6 : Operation 254 [1/1] (0.00ns)   --->   "%layer12_out_3 = bitconcatenate i16 @_ssdm_op_BitConcatenate.i16.i7.i9, i7 %tmp_30, i9 0" [firmware/nnet_utils/nnet_code_gen.h:127->firmware/myproject.cpp:64]   --->   Operation 254 'bitconcatenate' 'layer12_out_3' <Predicate = true> <Delay = 0.00>
ST_6 : Operation 255 [1/1] (0.00ns)   --->   "%layer12_out_4 = bitconcatenate i16 @_ssdm_op_BitConcatenate.i16.i6.i10, i6 %tmp_31, i10 0" [firmware/nnet_utils/nnet_code_gen.h:128->firmware/myproject.cpp:64]   --->   Operation 255 'bitconcatenate' 'layer12_out_4' <Predicate = true> <Delay = 0.00>
ST_6 : Operation 256 [1/1] (0.00ns)   --->   "%layer12_out_5 = bitconcatenate i14 @_ssdm_op_BitConcatenate.i14.i6.i8, i6 %tmp_32, i8 0" [firmware/nnet_utils/nnet_code_gen.h:129->firmware/myproject.cpp:64]   --->   Operation 256 'bitconcatenate' 'layer12_out_5' <Predicate = true> <Delay = 0.00>
ST_6 : Operation 257 [1/1] (0.00ns)   --->   "%layer12_out_6 = bitconcatenate i16 @_ssdm_op_BitConcatenate.i16.i6.i10, i6 %tmp_33, i10 0" [firmware/nnet_utils/nnet_code_gen.h:130->firmware/myproject.cpp:64]   --->   Operation 257 'bitconcatenate' 'layer12_out_6' <Predicate = true> <Delay = 0.00>
ST_6 : Operation 258 [1/1] (0.00ns)   --->   "%layer12_out_7 = bitconcatenate i16 @_ssdm_op_BitConcatenate.i16.i8.i8, i8 %tmp_34, i8 0" [firmware/nnet_utils/nnet_code_gen.h:133->firmware/myproject.cpp:64]   --->   Operation 258 'bitconcatenate' 'layer12_out_7' <Predicate = true> <Delay = 0.00>
ST_6 : Operation 259 [1/1] (0.00ns)   --->   "%layer12_out_8 = bitconcatenate i16 @_ssdm_op_BitConcatenate.i16.i8.i8, i8 %tmp_35, i8 0" [firmware/nnet_utils/nnet_code_gen.h:135->firmware/myproject.cpp:64]   --->   Operation 259 'bitconcatenate' 'layer12_out_8' <Predicate = true> <Delay = 0.00>
ST_6 : Operation 260 [1/1] (0.00ns)   --->   "%layer12_out_9 = bitconcatenate i14 @_ssdm_op_BitConcatenate.i14.i5.i9, i5 %tmp_36, i9 0" [firmware/nnet_utils/nnet_code_gen.h:141->firmware/myproject.cpp:64]   --->   Operation 260 'bitconcatenate' 'layer12_out_9' <Predicate = true> <Delay = 0.00>
ST_6 : Operation 261 [1/1] (0.00ns)   --->   "%layer12_out_10 = bitconcatenate i15 @_ssdm_op_BitConcatenate.i15.i7.i8, i7 %tmp_37, i8 0" [firmware/nnet_utils/nnet_code_gen.h:142->firmware/myproject.cpp:64]   --->   Operation 261 'bitconcatenate' 'layer12_out_10' <Predicate = true> <Delay = 0.00>
ST_6 : Operation 262 [1/1] (0.00ns)   --->   "%layer12_out_11 = bitconcatenate i16 @_ssdm_op_BitConcatenate.i16.i7.i9, i7 %tmp_38, i9 0" [firmware/nnet_utils/nnet_code_gen.h:143->firmware/myproject.cpp:64]   --->   Operation 262 'bitconcatenate' 'layer12_out_11' <Predicate = true> <Delay = 0.00>
ST_6 : Operation 263 [1/1] (0.00ns)   --->   "%layer12_out_12 = bitconcatenate i15 @_ssdm_op_BitConcatenate.i15.i5.i10, i5 %tmp_39, i10 0" [firmware/nnet_utils/nnet_code_gen.h:148->firmware/myproject.cpp:64]   --->   Operation 263 'bitconcatenate' 'layer12_out_12' <Predicate = true> <Delay = 0.00>
ST_6 : Operation 264 [1/1] (0.00ns)   --->   "%layer12_out_13 = bitconcatenate i15 @_ssdm_op_BitConcatenate.i15.i7.i8, i7 %tmp_40, i8 0" [firmware/nnet_utils/nnet_code_gen.h:153->firmware/myproject.cpp:64]   --->   Operation 264 'bitconcatenate' 'layer12_out_13' <Predicate = true> <Delay = 0.00>
ST_6 : Operation 265 [2/2] (3.14ns)   --->   "%call_ret4 = call i208 @dense_latency<ap_fixed<16, 6, 5, 3, 0>, ap_fixed<16, 6, 5, 3, 0>, config13>, i16 %layer12_out, i14 %layer12_out_1, i14 %layer12_out_2, i16 %layer12_out_3, i16 %layer12_out_4, i14 %layer12_out_5, i16 %layer12_out_6, i16 %layer12_out_7, i16 %layer12_out_8, i14 %layer12_out_9, i15 %layer12_out_10, i16 %layer12_out_11, i15 %layer12_out_12, i15 %layer12_out_13" [firmware/nnet_utils/nnet_dense.h:54->firmware/nnet_utils/nnet_dense.h:45->firmware/myproject.cpp:68]   --->   Operation 265 'call' 'call_ret4' <Predicate = true> <Delay = 3.14> <CoreType = "Generic">   --->   Core 0 '' <Latency = 0> <II = 1> <Delay = 1.00> <Generic> <Opcode : >

State 7 <SV = 6> <Delay = 1.75>
ST_7 : Operation 266 [1/2] (0.67ns)   --->   "%call_ret4 = call i208 @dense_latency<ap_fixed<16, 6, 5, 3, 0>, ap_fixed<16, 6, 5, 3, 0>, config13>, i16 %layer12_out, i14 %layer12_out_1, i14 %layer12_out_2, i16 %layer12_out_3, i16 %layer12_out_4, i14 %layer12_out_5, i16 %layer12_out_6, i16 %layer12_out_7, i16 %layer12_out_8, i14 %layer12_out_9, i15 %layer12_out_10, i16 %layer12_out_11, i15 %layer12_out_12, i15 %layer12_out_13" [firmware/nnet_utils/nnet_dense.h:54->firmware/nnet_utils/nnet_dense.h:45->firmware/myproject.cpp:68]   --->   Operation 266 'call' 'call_ret4' <Predicate = true> <Delay = 0.67> <CoreType = "Generic">   --->   Core 0 '' <Latency = 0> <II = 1> <Delay = 1.00> <Generic> <Opcode : >
ST_7 : Operation 267 [1/1] (0.00ns)   --->   "%layer13_out = extractvalue i208 %call_ret4" [firmware/nnet_utils/nnet_dense.h:54->firmware/nnet_utils/nnet_dense.h:45->firmware/myproject.cpp:68]   --->   Operation 267 'extractvalue' 'layer13_out' <Predicate = true> <Delay = 0.00>
ST_7 : Operation 268 [1/1] (0.00ns)   --->   "%layer13_out_1 = extractvalue i208 %call_ret4" [firmware/nnet_utils/nnet_dense.h:54->firmware/nnet_utils/nnet_dense.h:45->firmware/myproject.cpp:68]   --->   Operation 268 'extractvalue' 'layer13_out_1' <Predicate = true> <Delay = 0.00>
ST_7 : Operation 269 [1/1] (0.00ns)   --->   "%layer13_out_2 = extractvalue i208 %call_ret4" [firmware/nnet_utils/nnet_dense.h:54->firmware/nnet_utils/nnet_dense.h:45->firmware/myproject.cpp:68]   --->   Operation 269 'extractvalue' 'layer13_out_2' <Predicate = true> <Delay = 0.00>
ST_7 : Operation 270 [1/1] (0.00ns)   --->   "%layer13_out_3 = extractvalue i208 %call_ret4" [firmware/nnet_utils/nnet_dense.h:54->firmware/nnet_utils/nnet_dense.h:45->firmware/myproject.cpp:68]   --->   Operation 270 'extractvalue' 'layer13_out_3' <Predicate = true> <Delay = 0.00>
ST_7 : Operation 271 [1/1] (0.00ns)   --->   "%layer13_out_4 = extractvalue i208 %call_ret4" [firmware/nnet_utils/nnet_dense.h:54->firmware/nnet_utils/nnet_dense.h:45->firmware/myproject.cpp:68]   --->   Operation 271 'extractvalue' 'layer13_out_4' <Predicate = true> <Delay = 0.00>
ST_7 : Operation 272 [1/1] (0.00ns)   --->   "%layer13_out_5 = extractvalue i208 %call_ret4" [firmware/nnet_utils/nnet_dense.h:54->firmware/nnet_utils/nnet_dense.h:45->firmware/myproject.cpp:68]   --->   Operation 272 'extractvalue' 'layer13_out_5' <Predicate = true> <Delay = 0.00>
ST_7 : Operation 273 [1/1] (0.00ns)   --->   "%layer13_out_6 = extractvalue i208 %call_ret4" [firmware/nnet_utils/nnet_dense.h:54->firmware/nnet_utils/nnet_dense.h:45->firmware/myproject.cpp:68]   --->   Operation 273 'extractvalue' 'layer13_out_6' <Predicate = true> <Delay = 0.00>
ST_7 : Operation 274 [1/1] (0.00ns)   --->   "%layer13_out_7 = extractvalue i208 %call_ret4" [firmware/nnet_utils/nnet_dense.h:54->firmware/nnet_utils/nnet_dense.h:45->firmware/myproject.cpp:68]   --->   Operation 274 'extractvalue' 'layer13_out_7' <Predicate = true> <Delay = 0.00>
ST_7 : Operation 275 [1/1] (0.00ns)   --->   "%layer13_out_8 = extractvalue i208 %call_ret4" [firmware/nnet_utils/nnet_dense.h:54->firmware/nnet_utils/nnet_dense.h:45->firmware/myproject.cpp:68]   --->   Operation 275 'extractvalue' 'layer13_out_8' <Predicate = true> <Delay = 0.00>
ST_7 : Operation 276 [1/1] (0.00ns)   --->   "%layer13_out_9 = extractvalue i208 %call_ret4" [firmware/nnet_utils/nnet_dense.h:54->firmware/nnet_utils/nnet_dense.h:45->firmware/myproject.cpp:68]   --->   Operation 276 'extractvalue' 'layer13_out_9' <Predicate = true> <Delay = 0.00>
ST_7 : Operation 277 [1/1] (0.00ns)   --->   "%layer13_out_12 = extractvalue i208 %call_ret4" [firmware/nnet_utils/nnet_dense.h:54->firmware/nnet_utils/nnet_dense.h:45->firmware/myproject.cpp:68]   --->   Operation 277 'extractvalue' 'layer13_out_12' <Predicate = true> <Delay = 0.00>
ST_7 : Operation 278 [1/1] (0.00ns)   --->   "%layer13_out_10 = extractvalue i208 %call_ret4" [firmware/nnet_utils/nnet_dense.h:54->firmware/nnet_utils/nnet_dense.h:45->firmware/myproject.cpp:68]   --->   Operation 278 'extractvalue' 'layer13_out_10' <Predicate = true> <Delay = 0.00>
ST_7 : Operation 279 [1/1] (0.00ns)   --->   "%layer13_out_11 = extractvalue i208 %call_ret4" [firmware/nnet_utils/nnet_dense.h:54->firmware/nnet_utils/nnet_dense.h:45->firmware/myproject.cpp:68]   --->   Operation 279 'extractvalue' 'layer13_out_11' <Predicate = true> <Delay = 0.00>
ST_7 : Operation 280 [1/1] (1.07ns)   --->   "%call_ret5 = call i208 @relu<ap_fixed<16, 6, 5, 3, 0>, ap_fixed<16, 6, 5, 3, 0>, ReLU_config16>, i16 %layer13_out, i16 %layer13_out_1, i16 %layer13_out_2, i16 %layer13_out_3, i16 %layer13_out_4, i16 %layer13_out_5, i16 %layer13_out_6, i16 %layer13_out_7, i16 %layer13_out_8, i16 %layer13_out_9, i16 %layer13_out_12, i16 %layer13_out_10, i16 %layer13_out_11" [firmware/myproject.cpp:72]   --->   Operation 280 'call' 'call_ret5' <Predicate = true> <Delay = 1.07> <CoreType = "Generic">   --->   Core 0 '' <Latency = 0> <II = 1> <Delay = 1.00> <Generic> <Opcode : >
ST_7 : Operation 281 [1/1] (0.00ns)   --->   "%layer16_out = extractvalue i208 %call_ret5" [firmware/myproject.cpp:72]   --->   Operation 281 'extractvalue' 'layer16_out' <Predicate = true> <Delay = 0.00>
ST_7 : Operation 282 [1/1] (0.00ns)   --->   "%layer16_out_1 = extractvalue i208 %call_ret5" [firmware/myproject.cpp:72]   --->   Operation 282 'extractvalue' 'layer16_out_1' <Predicate = true> <Delay = 0.00>
ST_7 : Operation 283 [1/1] (0.00ns)   --->   "%layer16_out_2 = extractvalue i208 %call_ret5" [firmware/myproject.cpp:72]   --->   Operation 283 'extractvalue' 'layer16_out_2' <Predicate = true> <Delay = 0.00>
ST_7 : Operation 284 [1/1] (0.00ns)   --->   "%layer16_out_3 = extractvalue i208 %call_ret5" [firmware/myproject.cpp:72]   --->   Operation 284 'extractvalue' 'layer16_out_3' <Predicate = true> <Delay = 0.00>
ST_7 : Operation 285 [1/1] (0.00ns)   --->   "%layer16_out_4 = extractvalue i208 %call_ret5" [firmware/myproject.cpp:72]   --->   Operation 285 'extractvalue' 'layer16_out_4' <Predicate = true> <Delay = 0.00>
ST_7 : Operation 286 [1/1] (0.00ns)   --->   "%layer16_out_5 = extractvalue i208 %call_ret5" [firmware/myproject.cpp:72]   --->   Operation 286 'extractvalue' 'layer16_out_5' <Predicate = true> <Delay = 0.00>
ST_7 : Operation 287 [1/1] (0.00ns)   --->   "%layer16_out_6 = extractvalue i208 %call_ret5" [firmware/myproject.cpp:72]   --->   Operation 287 'extractvalue' 'layer16_out_6' <Predicate = true> <Delay = 0.00>
ST_7 : Operation 288 [1/1] (0.00ns)   --->   "%layer16_out_7 = extractvalue i208 %call_ret5" [firmware/myproject.cpp:72]   --->   Operation 288 'extractvalue' 'layer16_out_7' <Predicate = true> <Delay = 0.00>
ST_7 : Operation 289 [1/1] (0.00ns)   --->   "%layer16_out_8 = extractvalue i208 %call_ret5" [firmware/myproject.cpp:72]   --->   Operation 289 'extractvalue' 'layer16_out_8' <Predicate = true> <Delay = 0.00>
ST_7 : Operation 290 [1/1] (0.00ns)   --->   "%layer16_out_9 = extractvalue i208 %call_ret5" [firmware/myproject.cpp:72]   --->   Operation 290 'extractvalue' 'layer16_out_9' <Predicate = true> <Delay = 0.00>
ST_7 : Operation 291 [1/1] (0.00ns)   --->   "%layer16_out_12 = extractvalue i208 %call_ret5" [firmware/myproject.cpp:72]   --->   Operation 291 'extractvalue' 'layer16_out_12' <Predicate = true> <Delay = 0.00>
ST_7 : Operation 292 [1/1] (0.00ns)   --->   "%layer16_out_10 = extractvalue i208 %call_ret5" [firmware/myproject.cpp:72]   --->   Operation 292 'extractvalue' 'layer16_out_10' <Predicate = true> <Delay = 0.00>
ST_7 : Operation 293 [1/1] (0.00ns)   --->   "%layer16_out_11 = extractvalue i208 %call_ret5" [firmware/myproject.cpp:72]   --->   Operation 293 'extractvalue' 'layer16_out_11' <Predicate = true> <Delay = 0.00>
ST_7 : Operation 294 [1/1] (0.00ns)   --->   "%tmp_41 = partselect i4 @_ssdm_op_PartSelect.i4.i16.i32.i32, i16 %layer16_out, i32 9, i32 12" [firmware/nnet_utils/nnet_code_gen.h:161->firmware/myproject.cpp:76]   --->   Operation 294 'partselect' 'tmp_41' <Predicate = true> <Delay = 0.00>
ST_7 : Operation 295 [1/1] (0.00ns)   --->   "%tmp_42 = partselect i5 @_ssdm_op_PartSelect.i5.i16.i32.i32, i16 %layer16_out_1, i32 8, i32 12" [firmware/nnet_utils/nnet_code_gen.h:162->firmware/myproject.cpp:76]   --->   Operation 295 'partselect' 'tmp_42' <Predicate = true> <Delay = 0.00>
ST_7 : Operation 296 [1/1] (0.00ns)   --->   "%tmp_43 = partselect i7 @_ssdm_op_PartSelect.i7.i16.i32.i32, i16 %layer16_out_2, i32 8, i32 14" [firmware/nnet_utils/nnet_code_gen.h:163->firmware/myproject.cpp:76]   --->   Operation 296 'partselect' 'tmp_43' <Predicate = true> <Delay = 0.00>
ST_7 : Operation 297 [1/1] (0.00ns)   --->   "%tmp_44 = partselect i6 @_ssdm_op_PartSelect.i6.i16.i32.i32, i16 %layer16_out_3, i32 9, i32 14" [firmware/nnet_utils/nnet_code_gen.h:164->firmware/myproject.cpp:76]   --->   Operation 297 'partselect' 'tmp_44' <Predicate = true> <Delay = 0.00>
ST_7 : Operation 298 [1/1] (0.00ns)   --->   "%tmp_45 = partselect i6 @_ssdm_op_PartSelect.i6.i16.i32.i32, i16 %layer16_out_4, i32 8, i32 13" [firmware/nnet_utils/nnet_code_gen.h:165->firmware/myproject.cpp:76]   --->   Operation 298 'partselect' 'tmp_45' <Predicate = true> <Delay = 0.00>
ST_7 : Operation 299 [1/1] (0.00ns)   --->   "%tmp_46 = partselect i4 @_ssdm_op_PartSelect.i4.i16.i32.i32, i16 %layer16_out_5, i32 9, i32 12" [firmware/nnet_utils/nnet_code_gen.h:167->firmware/myproject.cpp:76]   --->   Operation 299 'partselect' 'tmp_46' <Predicate = true> <Delay = 0.00>
ST_7 : Operation 300 [1/1] (0.00ns)   --->   "%tmp_47 = partselect i5 @_ssdm_op_PartSelect.i5.i16.i32.i32, i16 %layer16_out_6, i32 9, i32 13" [firmware/nnet_utils/nnet_code_gen.h:169->firmware/myproject.cpp:76]   --->   Operation 300 'partselect' 'tmp_47' <Predicate = true> <Delay = 0.00>
ST_7 : Operation 301 [1/1] (0.00ns)   --->   "%tmp_48 = partselect i7 @_ssdm_op_PartSelect.i7.i16.i32.i32, i16 %layer16_out_7, i32 8, i32 14" [firmware/nnet_utils/nnet_code_gen.h:174->firmware/myproject.cpp:76]   --->   Operation 301 'partselect' 'tmp_48' <Predicate = true> <Delay = 0.00>
ST_7 : Operation 302 [1/1] (0.00ns)   --->   "%tmp_49 = partselect i4 @_ssdm_op_PartSelect.i4.i16.i32.i32, i16 %layer16_out_8, i32 10, i32 13" [firmware/nnet_utils/nnet_code_gen.h:182->firmware/myproject.cpp:76]   --->   Operation 302 'partselect' 'tmp_49' <Predicate = true> <Delay = 0.00>
ST_7 : Operation 303 [1/1] (0.00ns)   --->   "%tmp_50 = partselect i5 @_ssdm_op_PartSelect.i5.i16.i32.i32, i16 %layer16_out_9, i32 10, i32 14" [firmware/nnet_utils/nnet_code_gen.h:184->firmware/myproject.cpp:76]   --->   Operation 303 'partselect' 'tmp_50' <Predicate = true> <Delay = 0.00>
ST_7 : Operation 304 [1/1] (0.00ns)   --->   "%tmp_51 = partselect i6 @_ssdm_op_PartSelect.i6.i16.i32.i32, i16 %layer16_out_12, i32 8, i32 13" [firmware/nnet_utils/nnet_code_gen.h:185->firmware/myproject.cpp:76]   --->   Operation 304 'partselect' 'tmp_51' <Predicate = true> <Delay = 0.00>
ST_7 : Operation 305 [1/1] (0.00ns)   --->   "%tmp_52 = partselect i6 @_ssdm_op_PartSelect.i6.i16.i32.i32, i16 %layer16_out_10, i32 9, i32 14" [firmware/nnet_utils/nnet_code_gen.h:188->firmware/myproject.cpp:76]   --->   Operation 305 'partselect' 'tmp_52' <Predicate = true> <Delay = 0.00>
ST_7 : Operation 306 [1/1] (0.00ns)   --->   "%tmp_53 = partselect i7 @_ssdm_op_PartSelect.i7.i16.i32.i32, i16 %layer16_out_11, i32 9, i32 15" [firmware/nnet_utils/nnet_code_gen.h:189->firmware/myproject.cpp:76]   --->   Operation 306 'partselect' 'tmp_53' <Predicate = true> <Delay = 0.00>

State 8 <SV = 7> <Delay = 3.46>
ST_8 : Operation 307 [1/1] (0.00ns)   --->   "%layer17_out = bitconcatenate i13 @_ssdm_op_BitConcatenate.i13.i4.i9, i4 %tmp_41, i9 0" [firmware/nnet_utils/nnet_code_gen.h:161->firmware/myproject.cpp:76]   --->   Operation 307 'bitconcatenate' 'layer17_out' <Predicate = true> <Delay = 0.00>
ST_8 : Operation 308 [1/1] (0.00ns)   --->   "%layer17_out_1 = bitconcatenate i13 @_ssdm_op_BitConcatenate.i13.i5.i8, i5 %tmp_42, i8 0" [firmware/nnet_utils/nnet_code_gen.h:162->firmware/myproject.cpp:76]   --->   Operation 308 'bitconcatenate' 'layer17_out_1' <Predicate = true> <Delay = 0.00>
ST_8 : Operation 309 [1/1] (0.00ns)   --->   "%layer17_out_2 = bitconcatenate i15 @_ssdm_op_BitConcatenate.i15.i7.i8, i7 %tmp_43, i8 0" [firmware/nnet_utils/nnet_code_gen.h:163->firmware/myproject.cpp:76]   --->   Operation 309 'bitconcatenate' 'layer17_out_2' <Predicate = true> <Delay = 0.00>
ST_8 : Operation 310 [1/1] (0.00ns)   --->   "%layer17_out_3 = bitconcatenate i15 @_ssdm_op_BitConcatenate.i15.i6.i9, i6 %tmp_44, i9 0" [firmware/nnet_utils/nnet_code_gen.h:164->firmware/myproject.cpp:76]   --->   Operation 310 'bitconcatenate' 'layer17_out_3' <Predicate = true> <Delay = 0.00>
ST_8 : Operation 311 [1/1] (0.00ns)   --->   "%layer17_out_4 = bitconcatenate i14 @_ssdm_op_BitConcatenate.i14.i6.i8, i6 %tmp_45, i8 0" [firmware/nnet_utils/nnet_code_gen.h:165->firmware/myproject.cpp:76]   --->   Operation 311 'bitconcatenate' 'layer17_out_4' <Predicate = true> <Delay = 0.00>
ST_8 : Operation 312 [1/1] (0.00ns)   --->   "%layer17_out_5 = bitconcatenate i13 @_ssdm_op_BitConcatenate.i13.i4.i9, i4 %tmp_46, i9 0" [firmware/nnet_utils/nnet_code_gen.h:167->firmware/myproject.cpp:76]   --->   Operation 312 'bitconcatenate' 'layer17_out_5' <Predicate = true> <Delay = 0.00>
ST_8 : Operation 313 [1/1] (0.00ns)   --->   "%layer17_out_6 = bitconcatenate i14 @_ssdm_op_BitConcatenate.i14.i5.i9, i5 %tmp_47, i9 0" [firmware/nnet_utils/nnet_code_gen.h:169->firmware/myproject.cpp:76]   --->   Operation 313 'bitconcatenate' 'layer17_out_6' <Predicate = true> <Delay = 0.00>
ST_8 : Operation 314 [1/1] (0.00ns)   --->   "%layer17_out_7 = bitconcatenate i15 @_ssdm_op_BitConcatenate.i15.i7.i8, i7 %tmp_48, i8 0" [firmware/nnet_utils/nnet_code_gen.h:174->firmware/myproject.cpp:76]   --->   Operation 314 'bitconcatenate' 'layer17_out_7' <Predicate = true> <Delay = 0.00>
ST_8 : Operation 315 [1/1] (0.00ns)   --->   "%layer17_out_8 = bitconcatenate i14 @_ssdm_op_BitConcatenate.i14.i4.i10, i4 %tmp_49, i10 0" [firmware/nnet_utils/nnet_code_gen.h:182->firmware/myproject.cpp:76]   --->   Operation 315 'bitconcatenate' 'layer17_out_8' <Predicate = true> <Delay = 0.00>
ST_8 : Operation 316 [1/1] (0.00ns)   --->   "%layer17_out_9 = bitconcatenate i15 @_ssdm_op_BitConcatenate.i15.i5.i10, i5 %tmp_50, i10 0" [firmware/nnet_utils/nnet_code_gen.h:184->firmware/myproject.cpp:76]   --->   Operation 316 'bitconcatenate' 'layer17_out_9' <Predicate = true> <Delay = 0.00>
ST_8 : Operation 317 [1/1] (0.00ns)   --->   "%layer17_out_10 = bitconcatenate i14 @_ssdm_op_BitConcatenate.i14.i6.i8, i6 %tmp_51, i8 0" [firmware/nnet_utils/nnet_code_gen.h:185->firmware/myproject.cpp:76]   --->   Operation 317 'bitconcatenate' 'layer17_out_10' <Predicate = true> <Delay = 0.00>
ST_8 : Operation 318 [1/1] (0.00ns)   --->   "%layer17_out_11 = bitconcatenate i15 @_ssdm_op_BitConcatenate.i15.i6.i9, i6 %tmp_52, i9 0" [firmware/nnet_utils/nnet_code_gen.h:188->firmware/myproject.cpp:76]   --->   Operation 318 'bitconcatenate' 'layer17_out_11' <Predicate = true> <Delay = 0.00>
ST_8 : Operation 319 [1/1] (0.00ns)   --->   "%layer17_out_12 = bitconcatenate i16 @_ssdm_op_BitConcatenate.i16.i7.i9, i7 %tmp_53, i9 0" [firmware/nnet_utils/nnet_code_gen.h:189->firmware/myproject.cpp:76]   --->   Operation 319 'bitconcatenate' 'layer17_out_12' <Predicate = true> <Delay = 0.00>
ST_8 : Operation 320 [2/2] (3.46ns)   --->   "%call_ret6 = call i80 @dense_latency<ap_fixed<16, 6, 5, 3, 0>, ap_fixed<16, 6, 5, 3, 0>, config18>, i13 %layer17_out, i13 %layer17_out_1, i15 %layer17_out_2, i15 %layer17_out_3, i14 %layer17_out_4, i13 %layer17_out_5, i14 %layer17_out_6, i15 %layer17_out_7, i14 %layer17_out_8, i15 %layer17_out_9, i14 %layer17_out_10, i15 %layer17_out_11, i16 %layer17_out_12" [firmware/nnet_utils/nnet_dense.h:54->firmware/nnet_utils/nnet_dense.h:45->firmware/myproject.cpp:80]   --->   Operation 320 'call' 'call_ret6' <Predicate = true> <Delay = 3.46> <CoreType = "Generic">   --->   Core 0 '' <Latency = 0> <II = 1> <Delay = 1.00> <Generic> <Opcode : >

State 9 <SV = 8> <Delay = 3.27>
ST_9 : Operation 321 [1/1] (0.00ns)   --->   "%specpipeline_ln0 = specpipeline void @_ssdm_op_SpecPipeline, i32 4294967295, i32 0, i32 0, i32 0, void @empty_0"   --->   Operation 321 'specpipeline' 'specpipeline_ln0' <Predicate = true> <Delay = 0.00>
ST_9 : Operation 322 [1/1] (0.00ns)   --->   "%spectopmodule_ln0 = spectopmodule void @_ssdm_op_SpecTopModule, void @empty_2"   --->   Operation 322 'spectopmodule' 'spectopmodule_ln0' <Predicate = true> <Delay = 0.00>
ST_9 : Operation 323 [1/1] (0.00ns)   --->   "%specbitsmap_ln0 = specbitsmap void @_ssdm_op_SpecBitsMap, i256 %input_1"   --->   Operation 323 'specbitsmap' 'specbitsmap_ln0' <Predicate = true> <Delay = 0.00>
ST_9 : Operation 324 [1/1] (0.00ns)   --->   "%specinterface_ln0 = specinterface void @_ssdm_op_SpecInterface, i256 %input_1, void @empty, i32 0, i32 0, void @empty_0, i32 0, i32 0, void @empty_0, void @empty_0, void @empty_0, i32 0, i32 0, i32 0, i32 0, void @empty_0, void @empty_0, i32 4294967295, i32 0"   --->   Operation 324 'specinterface' 'specinterface_ln0' <Predicate = true> <Delay = 0.00>
ST_9 : Operation 325 [1/1] (0.00ns)   --->   "%specbitsmap_ln0 = specbitsmap void @_ssdm_op_SpecBitsMap, i16 %layer20_out_0"   --->   Operation 325 'specbitsmap' 'specbitsmap_ln0' <Predicate = true> <Delay = 0.00>
ST_9 : Operation 326 [1/1] (0.00ns)   --->   "%specinterface_ln0 = specinterface void @_ssdm_op_SpecInterface, i16 %layer20_out_0, void @empty, i32 0, i32 0, void @empty_0, i32 0, i32 0, void @empty_0, void @empty_0, void @empty_0, i32 0, i32 0, i32 0, i32 0, void @empty_0, void @empty_0, i32 4294967295, i32 0"   --->   Operation 326 'specinterface' 'specinterface_ln0' <Predicate = true> <Delay = 0.00>
ST_9 : Operation 327 [1/1] (0.00ns)   --->   "%specbitsmap_ln0 = specbitsmap void @_ssdm_op_SpecBitsMap, i16 %layer20_out_1"   --->   Operation 327 'specbitsmap' 'specbitsmap_ln0' <Predicate = true> <Delay = 0.00>
ST_9 : Operation 328 [1/1] (0.00ns)   --->   "%specinterface_ln0 = specinterface void @_ssdm_op_SpecInterface, i16 %layer20_out_1, void @empty, i32 0, i32 0, void @empty_0, i32 0, i32 0, void @empty_0, void @empty_0, void @empty_0, i32 0, i32 0, i32 0, i32 0, void @empty_0, void @empty_0, i32 4294967295, i32 0"   --->   Operation 328 'specinterface' 'specinterface_ln0' <Predicate = true> <Delay = 0.00>
ST_9 : Operation 329 [1/1] (0.00ns)   --->   "%specbitsmap_ln0 = specbitsmap void @_ssdm_op_SpecBitsMap, i16 %layer20_out_2"   --->   Operation 329 'specbitsmap' 'specbitsmap_ln0' <Predicate = true> <Delay = 0.00>
ST_9 : Operation 330 [1/1] (0.00ns)   --->   "%specinterface_ln0 = specinterface void @_ssdm_op_SpecInterface, i16 %layer20_out_2, void @empty, i32 0, i32 0, void @empty_0, i32 0, i32 0, void @empty_0, void @empty_0, void @empty_0, i32 0, i32 0, i32 0, i32 0, void @empty_0, void @empty_0, i32 4294967295, i32 0"   --->   Operation 330 'specinterface' 'specinterface_ln0' <Predicate = true> <Delay = 0.00>
ST_9 : Operation 331 [1/1] (0.00ns)   --->   "%specbitsmap_ln0 = specbitsmap void @_ssdm_op_SpecBitsMap, i16 %layer20_out_3"   --->   Operation 331 'specbitsmap' 'specbitsmap_ln0' <Predicate = true> <Delay = 0.00>
ST_9 : Operation 332 [1/1] (0.00ns)   --->   "%specinterface_ln0 = specinterface void @_ssdm_op_SpecInterface, i16 %layer20_out_3, void @empty, i32 0, i32 0, void @empty_0, i32 0, i32 0, void @empty_0, void @empty_0, void @empty_0, i32 0, i32 0, i32 0, i32 0, void @empty_0, void @empty_0, i32 4294967295, i32 0"   --->   Operation 332 'specinterface' 'specinterface_ln0' <Predicate = true> <Delay = 0.00>
ST_9 : Operation 333 [1/1] (0.00ns)   --->   "%specbitsmap_ln0 = specbitsmap void @_ssdm_op_SpecBitsMap, i16 %layer20_out_4"   --->   Operation 333 'specbitsmap' 'specbitsmap_ln0' <Predicate = true> <Delay = 0.00>
ST_9 : Operation 334 [1/1] (0.00ns)   --->   "%specinterface_ln0 = specinterface void @_ssdm_op_SpecInterface, i16 %layer20_out_4, void @empty, i32 0, i32 0, void @empty_0, i32 0, i32 0, void @empty_0, void @empty_0, void @empty_0, i32 0, i32 0, i32 0, i32 0, void @empty_0, void @empty_0, i32 4294967295, i32 0"   --->   Operation 334 'specinterface' 'specinterface_ln0' <Predicate = true> <Delay = 0.00>
ST_9 : Operation 335 [1/2] (3.27ns)   --->   "%call_ret6 = call i80 @dense_latency<ap_fixed<16, 6, 5, 3, 0>, ap_fixed<16, 6, 5, 3, 0>, config18>, i13 %layer17_out, i13 %layer17_out_1, i15 %layer17_out_2, i15 %layer17_out_3, i14 %layer17_out_4, i13 %layer17_out_5, i14 %layer17_out_6, i15 %layer17_out_7, i14 %layer17_out_8, i15 %layer17_out_9, i14 %layer17_out_10, i15 %layer17_out_11, i16 %layer17_out_12" [firmware/nnet_utils/nnet_dense.h:54->firmware/nnet_utils/nnet_dense.h:45->firmware/myproject.cpp:80]   --->   Operation 335 'call' 'call_ret6' <Predicate = true> <Delay = 3.27> <CoreType = "Generic">   --->   Core 0 '' <Latency = 0> <II = 1> <Delay = 1.00> <Generic> <Opcode : >
ST_9 : Operation 336 [1/1] (0.00ns)   --->   "%layer18_out = extractvalue i80 %call_ret6" [firmware/nnet_utils/nnet_dense.h:54->firmware/nnet_utils/nnet_dense.h:45->firmware/myproject.cpp:80]   --->   Operation 336 'extractvalue' 'layer18_out' <Predicate = true> <Delay = 0.00>
ST_9 : Operation 337 [1/1] (0.00ns)   --->   "%layer18_out_1 = extractvalue i80 %call_ret6" [firmware/nnet_utils/nnet_dense.h:54->firmware/nnet_utils/nnet_dense.h:45->firmware/myproject.cpp:80]   --->   Operation 337 'extractvalue' 'layer18_out_1' <Predicate = true> <Delay = 0.00>
ST_9 : Operation 338 [1/1] (0.00ns)   --->   "%layer18_out_2 = extractvalue i80 %call_ret6" [firmware/nnet_utils/nnet_dense.h:54->firmware/nnet_utils/nnet_dense.h:45->firmware/myproject.cpp:80]   --->   Operation 338 'extractvalue' 'layer18_out_2' <Predicate = true> <Delay = 0.00>
ST_9 : Operation 339 [1/1] (0.00ns)   --->   "%layer18_out_3 = extractvalue i80 %call_ret6" [firmware/nnet_utils/nnet_dense.h:54->firmware/nnet_utils/nnet_dense.h:45->firmware/myproject.cpp:80]   --->   Operation 339 'extractvalue' 'layer18_out_3' <Predicate = true> <Delay = 0.00>
ST_9 : Operation 340 [1/1] (0.00ns)   --->   "%layer18_out_4 = extractvalue i80 %call_ret6" [firmware/nnet_utils/nnet_dense.h:54->firmware/nnet_utils/nnet_dense.h:45->firmware/myproject.cpp:80]   --->   Operation 340 'extractvalue' 'layer18_out_4' <Predicate = true> <Delay = 0.00>
ST_9 : Operation 341 [1/1] (0.00ns)   --->   "%tmp_54 = partselect i10 @_ssdm_op_PartSelect.i10.i16.i32.i32, i16 %layer18_out, i32 5, i32 14" [firmware/nnet_utils/nnet_code_gen.h:198->firmware/myproject.cpp:82]   --->   Operation 341 'partselect' 'tmp_54' <Predicate = true> <Delay = 0.00>
ST_9 : Operation 342 [1/1] (0.00ns)   --->   "%shl_ln = bitconcatenate i15 @_ssdm_op_BitConcatenate.i15.i10.i5, i10 %tmp_54, i5 0" [firmware/nnet_utils/nnet_code_gen.h:198->firmware/myproject.cpp:82]   --->   Operation 342 'bitconcatenate' 'shl_ln' <Predicate = true> <Delay = 0.00>
ST_9 : Operation 343 [1/1] (0.00ns)   --->   "%sext_ln198 = sext i15 %shl_ln" [firmware/nnet_utils/nnet_code_gen.h:198->firmware/myproject.cpp:82]   --->   Operation 343 'sext' 'sext_ln198' <Predicate = true> <Delay = 0.00>
ST_9 : Operation 344 [1/1] (0.00ns)   --->   "%write_ln198 = write void @_ssdm_op_Write.ap_vld.i16P0A, i16 %layer20_out_0, i16 %sext_ln198" [firmware/nnet_utils/nnet_code_gen.h:198->firmware/myproject.cpp:82]   --->   Operation 344 'write' 'write_ln198' <Predicate = true> <Delay = 0.00>
ST_9 : Operation 345 [1/1] (0.00ns)   --->   "%tmp_55 = partselect i11 @_ssdm_op_PartSelect.i11.i16.i32.i32, i16 %layer18_out_1, i32 4, i32 14" [firmware/nnet_utils/nnet_code_gen.h:199->firmware/myproject.cpp:82]   --->   Operation 345 'partselect' 'tmp_55' <Predicate = true> <Delay = 0.00>
ST_9 : Operation 346 [1/1] (0.00ns)   --->   "%shl_ln1 = bitconcatenate i15 @_ssdm_op_BitConcatenate.i15.i11.i4, i11 %tmp_55, i4 0" [firmware/nnet_utils/nnet_code_gen.h:199->firmware/myproject.cpp:82]   --->   Operation 346 'bitconcatenate' 'shl_ln1' <Predicate = true> <Delay = 0.00>
ST_9 : Operation 347 [1/1] (0.00ns)   --->   "%sext_ln199 = sext i15 %shl_ln1" [firmware/nnet_utils/nnet_code_gen.h:199->firmware/myproject.cpp:82]   --->   Operation 347 'sext' 'sext_ln199' <Predicate = true> <Delay = 0.00>
ST_9 : Operation 348 [1/1] (0.00ns)   --->   "%write_ln199 = write void @_ssdm_op_Write.ap_vld.i16P0A, i16 %layer20_out_1, i16 %sext_ln199" [firmware/nnet_utils/nnet_code_gen.h:199->firmware/myproject.cpp:82]   --->   Operation 348 'write' 'write_ln199' <Predicate = true> <Delay = 0.00>
ST_9 : Operation 349 [1/1] (0.00ns)   --->   "%tmp_56 = partselect i10 @_ssdm_op_PartSelect.i10.i16.i32.i32, i16 %layer18_out_2, i32 5, i32 14" [firmware/nnet_utils/nnet_code_gen.h:200->firmware/myproject.cpp:82]   --->   Operation 349 'partselect' 'tmp_56' <Predicate = true> <Delay = 0.00>
ST_9 : Operation 350 [1/1] (0.00ns)   --->   "%shl_ln2 = bitconcatenate i15 @_ssdm_op_BitConcatenate.i15.i10.i5, i10 %tmp_56, i5 0" [firmware/nnet_utils/nnet_code_gen.h:200->firmware/myproject.cpp:82]   --->   Operation 350 'bitconcatenate' 'shl_ln2' <Predicate = true> <Delay = 0.00>
ST_9 : Operation 351 [1/1] (0.00ns)   --->   "%sext_ln200 = sext i15 %shl_ln2" [firmware/nnet_utils/nnet_code_gen.h:200->firmware/myproject.cpp:82]   --->   Operation 351 'sext' 'sext_ln200' <Predicate = true> <Delay = 0.00>
ST_9 : Operation 352 [1/1] (0.00ns)   --->   "%write_ln200 = write void @_ssdm_op_Write.ap_vld.i16P0A, i16 %layer20_out_2, i16 %sext_ln200" [firmware/nnet_utils/nnet_code_gen.h:200->firmware/myproject.cpp:82]   --->   Operation 352 'write' 'write_ln200' <Predicate = true> <Delay = 0.00>
ST_9 : Operation 353 [1/1] (0.00ns)   --->   "%tmp_57 = partselect i11 @_ssdm_op_PartSelect.i11.i16.i32.i32, i16 %layer18_out_3, i32 4, i32 14" [firmware/nnet_utils/nnet_code_gen.h:201->firmware/myproject.cpp:82]   --->   Operation 353 'partselect' 'tmp_57' <Predicate = true> <Delay = 0.00>
ST_9 : Operation 354 [1/1] (0.00ns)   --->   "%shl_ln3 = bitconcatenate i15 @_ssdm_op_BitConcatenate.i15.i11.i4, i11 %tmp_57, i4 0" [firmware/nnet_utils/nnet_code_gen.h:201->firmware/myproject.cpp:82]   --->   Operation 354 'bitconcatenate' 'shl_ln3' <Predicate = true> <Delay = 0.00>
ST_9 : Operation 355 [1/1] (0.00ns)   --->   "%sext_ln201 = sext i15 %shl_ln3" [firmware/nnet_utils/nnet_code_gen.h:201->firmware/myproject.cpp:82]   --->   Operation 355 'sext' 'sext_ln201' <Predicate = true> <Delay = 0.00>
ST_9 : Operation 356 [1/1] (0.00ns)   --->   "%write_ln201 = write void @_ssdm_op_Write.ap_vld.i16P0A, i16 %layer20_out_3, i16 %sext_ln201" [firmware/nnet_utils/nnet_code_gen.h:201->firmware/myproject.cpp:82]   --->   Operation 356 'write' 'write_ln201' <Predicate = true> <Delay = 0.00>
ST_9 : Operation 357 [1/1] (0.00ns)   --->   "%tmp_58 = partselect i10 @_ssdm_op_PartSelect.i10.i16.i32.i32, i16 %layer18_out_4, i32 5, i32 14" [firmware/nnet_utils/nnet_code_gen.h:202->firmware/myproject.cpp:82]   --->   Operation 357 'partselect' 'tmp_58' <Predicate = true> <Delay = 0.00>
ST_9 : Operation 358 [1/1] (0.00ns)   --->   "%shl_ln4 = bitconcatenate i15 @_ssdm_op_BitConcatenate.i15.i10.i5, i10 %tmp_58, i5 0" [firmware/nnet_utils/nnet_code_gen.h:202->firmware/myproject.cpp:82]   --->   Operation 358 'bitconcatenate' 'shl_ln4' <Predicate = true> <Delay = 0.00>
ST_9 : Operation 359 [1/1] (0.00ns)   --->   "%sext_ln202 = sext i15 %shl_ln4" [firmware/nnet_utils/nnet_code_gen.h:202->firmware/myproject.cpp:82]   --->   Operation 359 'sext' 'sext_ln202' <Predicate = true> <Delay = 0.00>
ST_9 : Operation 360 [1/1] (0.00ns)   --->   "%write_ln202 = write void @_ssdm_op_Write.ap_vld.i16P0A, i16 %layer20_out_4, i16 %sext_ln202" [firmware/nnet_utils/nnet_code_gen.h:202->firmware/myproject.cpp:82]   --->   Operation 360 'write' 'write_ln202' <Predicate = true> <Delay = 0.00>
ST_9 : Operation 361 [1/1] (0.00ns)   --->   "%ret_ln84 = ret" [firmware/myproject.cpp:84]   --->   Operation 361 'ret' 'ret_ln84' <Predicate = true> <Delay = 0.00>


============================================================
+ Verbose Summary: Binding
============================================================
STG Binding: 
---------------- STG Properties BEGIN ----------------
- Is combinational: 0
- Is one-state seq: 0
- Is datapath-only: 0
- Is pipelined: 1
- Is top level: 1
Port [ Return ] is wired: 1; IO mode=ap_ctrl_hs:ce=0
Port [ input_1]:  wired=1; compound=0; hidden=0; nouse=0; global=0; static=0; extern=0; dir=0; type=0; pingpong=0; private_global=0; IO mode=ap_vld:ce=0
Port [ layer20_out_0]:  wired=1; compound=0; hidden=0; nouse=0; global=0; static=0; extern=0; dir=1; type=0; pingpong=0; private_global=0; IO mode=ap_vld:ce=0
Port [ layer20_out_1]:  wired=1; compound=0; hidden=0; nouse=0; global=0; static=0; extern=0; dir=1; type=0; pingpong=0; private_global=0; IO mode=ap_vld:ce=0
Port [ layer20_out_2]:  wired=1; compound=0; hidden=0; nouse=0; global=0; static=0; extern=0; dir=1; type=0; pingpong=0; private_global=0; IO mode=ap_vld:ce=0
Port [ layer20_out_3]:  wired=1; compound=0; hidden=0; nouse=0; global=0; static=0; extern=0; dir=1; type=0; pingpong=0; private_global=0; IO mode=ap_vld:ce=0
Port [ layer20_out_4]:  wired=1; compound=0; hidden=0; nouse=0; global=0; static=0; extern=0; dir=1; type=0; pingpong=0; private_global=0; IO mode=ap_vld:ce=0
---------------- STG Properties END ------------------

---------------- Datapath Model BEGIN ----------------

<LifeTime>
<method=bitvector/>
input_1_read      (read          ) [ 0000000000]
trunc_ln30_1      (partselect    ) [ 0000000000]
tmp_60            (bitselect     ) [ 0000000000]
zext_ln30         (zext          ) [ 0000000000]
add_ln30          (add           ) [ 0110000000]
trunc_ln          (partselect    ) [ 0000000000]
tmp_61            (bitselect     ) [ 0000000000]
zext_ln31         (zext          ) [ 0000000000]
add_ln31          (add           ) [ 0110000000]
trunc_ln1         (partselect    ) [ 0000000000]
tmp_62            (bitselect     ) [ 0000000000]
zext_ln32         (zext          ) [ 0000000000]
add_ln32          (add           ) [ 0110000000]
trunc_ln2         (partselect    ) [ 0000000000]
tmp_63            (bitselect     ) [ 0000000000]
zext_ln33         (zext          ) [ 0000000000]
add_ln33          (add           ) [ 0110000000]
trunc_ln3         (partselect    ) [ 0000000000]
tmp_64            (bitselect     ) [ 0000000000]
zext_ln34         (zext          ) [ 0000000000]
add_ln34          (add           ) [ 0110000000]
trunc_ln4         (partselect    ) [ 0000000000]
tmp_65            (bitselect     ) [ 0000000000]
zext_ln35         (zext          ) [ 0000000000]
add_ln35          (add           ) [ 0110000000]
trunc_ln5         (partselect    ) [ 0000000000]
tmp_66            (bitselect     ) [ 0000000000]
zext_ln36         (zext          ) [ 0000000000]
add_ln36          (add           ) [ 0110000000]
trunc_ln6         (partselect    ) [ 0000000000]
tmp_67            (bitselect     ) [ 0000000000]
zext_ln37         (zext          ) [ 0000000000]
add_ln37          (add           ) [ 0110000000]
trunc_ln7         (partselect    ) [ 0000000000]
tmp_68            (bitselect     ) [ 0000000000]
zext_ln38         (zext          ) [ 0000000000]
add_ln38          (add           ) [ 0110000000]
trunc_ln8         (partselect    ) [ 0000000000]
tmp_69            (bitselect     ) [ 0000000000]
zext_ln39         (zext          ) [ 0000000000]
add_ln39          (add           ) [ 0110000000]
trunc_ln9         (partselect    ) [ 0000000000]
tmp_70            (bitselect     ) [ 0000000000]
zext_ln40         (zext          ) [ 0000000000]
add_ln40          (add           ) [ 0110000000]
trunc_ln10        (partselect    ) [ 0000000000]
tmp_71            (bitselect     ) [ 0000000000]
zext_ln41         (zext          ) [ 0000000000]
add_ln41          (add           ) [ 0110000000]
trunc_ln11        (partselect    ) [ 0000000000]
tmp_72            (bitselect     ) [ 0000000000]
zext_ln42         (zext          ) [ 0000000000]
add_ln42          (add           ) [ 0110000000]
trunc_ln12        (partselect    ) [ 0000000000]
tmp_73            (bitselect     ) [ 0000000000]
zext_ln43         (zext          ) [ 0000000000]
add_ln43          (add           ) [ 0110000000]
trunc_ln13        (partselect    ) [ 0000000000]
tmp_74            (bitselect     ) [ 0000000000]
zext_ln44         (zext          ) [ 0000000000]
add_ln44          (add           ) [ 0110000000]
trunc_ln14        (partselect    ) [ 0000000000]
tmp_75            (bitselect     ) [ 0000000000]
zext_ln45         (zext          ) [ 0000000000]
add_ln45          (add           ) [ 0110000000]
layer2_out        (bitconcatenate) [ 0000000000]
layer2_out_1      (bitconcatenate) [ 0000000000]
layer2_out_2      (bitconcatenate) [ 0000000000]
layer2_out_3      (bitconcatenate) [ 0000000000]
layer2_out_4      (bitconcatenate) [ 0000000000]
layer2_out_5      (bitconcatenate) [ 0000000000]
layer2_out_6      (bitconcatenate) [ 0000000000]
layer2_out_7      (bitconcatenate) [ 0000000000]
layer2_out_8      (bitconcatenate) [ 0000000000]
layer2_out_9      (bitconcatenate) [ 0000000000]
layer2_out_10     (bitconcatenate) [ 0000000000]
layer2_out_11     (bitconcatenate) [ 0000000000]
layer2_out_12     (bitconcatenate) [ 0000000000]
layer2_out_13     (bitconcatenate) [ 0000000000]
layer2_out_14     (bitconcatenate) [ 0000000000]
layer2_out_15     (bitconcatenate) [ 0000000000]
call_ret1         (call          ) [ 0000000000]
layer3_out        (extractvalue  ) [ 0000000000]
layer3_out_1      (extractvalue  ) [ 0000000000]
layer3_out_2      (extractvalue  ) [ 0000000000]
layer3_out_3      (extractvalue  ) [ 0000000000]
layer3_out_4      (extractvalue  ) [ 0000000000]
layer3_out_5      (extractvalue  ) [ 0000000000]
layer3_out_6      (extractvalue  ) [ 0000000000]
layer3_out_7      (extractvalue  ) [ 0000000000]
layer3_out_8      (extractvalue  ) [ 0000000000]
layer3_out_9      (extractvalue  ) [ 0000000000]
layer3_out_27     (extractvalue  ) [ 0000000000]
layer3_out_10     (extractvalue  ) [ 0000000000]
layer3_out_11     (extractvalue  ) [ 0000000000]
layer3_out_12     (extractvalue  ) [ 0000000000]
layer3_out_13     (extractvalue  ) [ 0000000000]
layer3_out_14     (extractvalue  ) [ 0000000000]
layer3_out_15     (extractvalue  ) [ 0000000000]
layer3_out_16     (extractvalue  ) [ 0000000000]
layer3_out_17     (extractvalue  ) [ 0000000000]
layer3_out_18     (extractvalue  ) [ 0000000000]
layer3_out_19     (extractvalue  ) [ 0000000000]
layer3_out_20     (extractvalue  ) [ 0000000000]
layer3_out_21     (extractvalue  ) [ 0000000000]
layer3_out_22     (extractvalue  ) [ 0000000000]
layer3_out_23     (extractvalue  ) [ 0000000000]
layer3_out_24     (extractvalue  ) [ 0000000000]
layer3_out_25     (extractvalue  ) [ 0000000000]
layer3_out_26     (extractvalue  ) [ 0000000000]
call_ret          (call          ) [ 0000000000]
layer6_out        (extractvalue  ) [ 0000000000]
layer6_out_1      (extractvalue  ) [ 0000000000]
layer6_out_2      (extractvalue  ) [ 0000000000]
layer6_out_3      (extractvalue  ) [ 0000000000]
layer6_out_4      (extractvalue  ) [ 0000000000]
layer6_out_5      (extractvalue  ) [ 0000000000]
layer6_out_6      (extractvalue  ) [ 0000000000]
layer6_out_7      (extractvalue  ) [ 0000000000]
layer6_out_8      (extractvalue  ) [ 0000000000]
layer6_out_9      (extractvalue  ) [ 0000000000]
layer6_out_27     (extractvalue  ) [ 0000000000]
layer6_out_10     (extractvalue  ) [ 0000000000]
layer6_out_11     (extractvalue  ) [ 0000000000]
layer6_out_12     (extractvalue  ) [ 0000000000]
layer6_out_13     (extractvalue  ) [ 0000000000]
layer6_out_14     (extractvalue  ) [ 0000000000]
layer6_out_15     (extractvalue  ) [ 0000000000]
layer6_out_16     (extractvalue  ) [ 0000000000]
layer6_out_17     (extractvalue  ) [ 0000000000]
layer6_out_18     (extractvalue  ) [ 0000000000]
layer6_out_19     (extractvalue  ) [ 0000000000]
layer6_out_20     (extractvalue  ) [ 0000000000]
layer6_out_21     (extractvalue  ) [ 0000000000]
layer6_out_22     (extractvalue  ) [ 0000000000]
layer6_out_23     (extractvalue  ) [ 0000000000]
layer6_out_24     (extractvalue  ) [ 0000000000]
layer6_out_25     (extractvalue  ) [ 0000000000]
layer6_out_26     (extractvalue  ) [ 0000000000]
tmp               (partselect    ) [ 0100100000]
tmp_1             (partselect    ) [ 0100100000]
tmp_2             (partselect    ) [ 0100100000]
tmp_3             (partselect    ) [ 0100100000]
tmp_4             (partselect    ) [ 0100100000]
tmp_5             (partselect    ) [ 0100100000]
tmp_6             (partselect    ) [ 0100100000]
tmp_7             (partselect    ) [ 0100100000]
tmp_8             (partselect    ) [ 0100100000]
tmp_9             (partselect    ) [ 0100100000]
tmp_s             (partselect    ) [ 0100100000]
tmp_10            (partselect    ) [ 0100100000]
tmp_11            (partselect    ) [ 0100100000]
tmp_12            (partselect    ) [ 0100100000]
tmp_13            (partselect    ) [ 0100100000]
tmp_14            (partselect    ) [ 0100100000]
tmp_15            (partselect    ) [ 0100100000]
tmp_16            (partselect    ) [ 0100100000]
tmp_17            (partselect    ) [ 0100100000]
tmp_18            (partselect    ) [ 0100100000]
tmp_19            (partselect    ) [ 0100100000]
tmp_20            (partselect    ) [ 0100100000]
tmp_21            (partselect    ) [ 0100100000]
tmp_22            (partselect    ) [ 0100100000]
tmp_23            (partselect    ) [ 0100100000]
tmp_24            (partselect    ) [ 0100100000]
tmp_25            (partselect    ) [ 0100100000]
tmp_26            (partselect    ) [ 0100100000]
layer7_out        (bitconcatenate) [ 0000000000]
layer7_out_1      (bitconcatenate) [ 0000000000]
layer7_out_2      (bitconcatenate) [ 0000000000]
layer7_out_3      (bitconcatenate) [ 0000000000]
layer7_out_4      (bitconcatenate) [ 0000000000]
layer7_out_5      (bitconcatenate) [ 0000000000]
layer7_out_6      (bitconcatenate) [ 0000000000]
layer7_out_7      (bitconcatenate) [ 0000000000]
layer7_out_8      (bitconcatenate) [ 0000000000]
layer7_out_9      (bitconcatenate) [ 0000000000]
layer7_out_10     (bitconcatenate) [ 0000000000]
layer7_out_11     (bitconcatenate) [ 0000000000]
layer7_out_12     (bitconcatenate) [ 0000000000]
layer7_out_13     (bitconcatenate) [ 0000000000]
layer7_out_14     (bitconcatenate) [ 0000000000]
layer7_out_15     (bitconcatenate) [ 0000000000]
layer7_out_16     (bitconcatenate) [ 0000000000]
layer7_out_17     (bitconcatenate) [ 0000000000]
layer7_out_18     (bitconcatenate) [ 0000000000]
layer7_out_19     (bitconcatenate) [ 0000000000]
layer7_out_20     (bitconcatenate) [ 0000000000]
layer7_out_21     (bitconcatenate) [ 0000000000]
layer7_out_22     (bitconcatenate) [ 0000000000]
layer7_out_23     (bitconcatenate) [ 0000000000]
layer7_out_24     (bitconcatenate) [ 0000000000]
layer7_out_25     (bitconcatenate) [ 0000000000]
layer7_out_26     (bitconcatenate) [ 0000000000]
layer7_out_27     (bitconcatenate) [ 0000000000]
call_ret2         (call          ) [ 0000000000]
layer8_out        (extractvalue  ) [ 0000000000]
layer8_out_1      (extractvalue  ) [ 0000000000]
layer8_out_2      (extractvalue  ) [ 0000000000]
layer8_out_3      (extractvalue  ) [ 0000000000]
layer8_out_4      (extractvalue  ) [ 0000000000]
layer8_out_5      (extractvalue  ) [ 0000000000]
layer8_out_6      (extractvalue  ) [ 0000000000]
layer8_out_7      (extractvalue  ) [ 0000000000]
layer8_out_8      (extractvalue  ) [ 0000000000]
layer8_out_9      (extractvalue  ) [ 0000000000]
layer8_out_13     (extractvalue  ) [ 0000000000]
layer8_out_10     (extractvalue  ) [ 0000000000]
layer8_out_11     (extractvalue  ) [ 0000000000]
layer8_out_12     (extractvalue  ) [ 0000000000]
call_ret3         (call          ) [ 0000000000]
layer11_out       (extractvalue  ) [ 0000000000]
layer11_out_1     (extractvalue  ) [ 0000000000]
layer11_out_2     (extractvalue  ) [ 0000000000]
layer11_out_3     (extractvalue  ) [ 0000000000]
layer11_out_4     (extractvalue  ) [ 0000000000]
layer11_out_5     (extractvalue  ) [ 0000000000]
layer11_out_6     (extractvalue  ) [ 0000000000]
layer11_out_7     (extractvalue  ) [ 0000000000]
layer11_out_8     (extractvalue  ) [ 0000000000]
layer11_out_9     (extractvalue  ) [ 0000000000]
layer11_out_13    (extractvalue  ) [ 0000000000]
layer11_out_10    (extractvalue  ) [ 0000000000]
layer11_out_11    (extractvalue  ) [ 0000000000]
layer11_out_12    (extractvalue  ) [ 0000000000]
tmp_27            (partselect    ) [ 0100001000]
tmp_28            (partselect    ) [ 0100001000]
tmp_29            (partselect    ) [ 0100001000]
tmp_30            (partselect    ) [ 0100001000]
tmp_31            (partselect    ) [ 0100001000]
tmp_32            (partselect    ) [ 0100001000]
tmp_33            (partselect    ) [ 0100001000]
tmp_34            (partselect    ) [ 0100001000]
tmp_35            (partselect    ) [ 0100001000]
tmp_36            (partselect    ) [ 0100001000]
tmp_37            (partselect    ) [ 0100001000]
tmp_38            (partselect    ) [ 0100001000]
tmp_39            (partselect    ) [ 0100001000]
tmp_40            (partselect    ) [ 0100001000]
layer12_out       (bitconcatenate) [ 0000000000]
layer12_out_1     (bitconcatenate) [ 0000000000]
layer12_out_2     (bitconcatenate) [ 0000000000]
layer12_out_3     (bitconcatenate) [ 0000000000]
layer12_out_4     (bitconcatenate) [ 0000000000]
layer12_out_5     (bitconcatenate) [ 0000000000]
layer12_out_6     (bitconcatenate) [ 0000000000]
layer12_out_7     (bitconcatenate) [ 0000000000]
layer12_out_8     (bitconcatenate) [ 0000000000]
layer12_out_9     (bitconcatenate) [ 0000000000]
layer12_out_10    (bitconcatenate) [ 0000000000]
layer12_out_11    (bitconcatenate) [ 0000000000]
layer12_out_12    (bitconcatenate) [ 0000000000]
layer12_out_13    (bitconcatenate) [ 0000000000]
call_ret4         (call          ) [ 0000000000]
layer13_out       (extractvalue  ) [ 0000000000]
layer13_out_1     (extractvalue  ) [ 0000000000]
layer13_out_2     (extractvalue  ) [ 0000000000]
layer13_out_3     (extractvalue  ) [ 0000000000]
layer13_out_4     (extractvalue  ) [ 0000000000]
layer13_out_5     (extractvalue  ) [ 0000000000]
layer13_out_6     (extractvalue  ) [ 0000000000]
layer13_out_7     (extractvalue  ) [ 0000000000]
layer13_out_8     (extractvalue  ) [ 0000000000]
layer13_out_9     (extractvalue  ) [ 0000000000]
layer13_out_12    (extractvalue  ) [ 0000000000]
layer13_out_10    (extractvalue  ) [ 0000000000]
layer13_out_11    (extractvalue  ) [ 0000000000]
call_ret5         (call          ) [ 0000000000]
layer16_out       (extractvalue  ) [ 0000000000]
layer16_out_1     (extractvalue  ) [ 0000000000]
layer16_out_2     (extractvalue  ) [ 0000000000]
layer16_out_3     (extractvalue  ) [ 0000000000]
layer16_out_4     (extractvalue  ) [ 0000000000]
layer16_out_5     (extractvalue  ) [ 0000000000]
layer16_out_6     (extractvalue  ) [ 0000000000]
layer16_out_7     (extractvalue  ) [ 0000000000]
layer16_out_8     (extractvalue  ) [ 0000000000]
layer16_out_9     (extractvalue  ) [ 0000000000]
layer16_out_12    (extractvalue  ) [ 0000000000]
layer16_out_10    (extractvalue  ) [ 0000000000]
layer16_out_11    (extractvalue  ) [ 0000000000]
tmp_41            (partselect    ) [ 0100000010]
tmp_42            (partselect    ) [ 0100000010]
tmp_43            (partselect    ) [ 0100000010]
tmp_44            (partselect    ) [ 0100000010]
tmp_45            (partselect    ) [ 0100000010]
tmp_46            (partselect    ) [ 0100000010]
tmp_47            (partselect    ) [ 0100000010]
tmp_48            (partselect    ) [ 0100000010]
tmp_49            (partselect    ) [ 0100000010]
tmp_50            (partselect    ) [ 0100000010]
tmp_51            (partselect    ) [ 0100000010]
tmp_52            (partselect    ) [ 0100000010]
tmp_53            (partselect    ) [ 0100000010]
layer17_out       (bitconcatenate) [ 0000000000]
layer17_out_1     (bitconcatenate) [ 0000000000]
layer17_out_2     (bitconcatenate) [ 0000000000]
layer17_out_3     (bitconcatenate) [ 0000000000]
layer17_out_4     (bitconcatenate) [ 0000000000]
layer17_out_5     (bitconcatenate) [ 0000000000]
layer17_out_6     (bitconcatenate) [ 0000000000]
layer17_out_7     (bitconcatenate) [ 0000000000]
layer17_out_8     (bitconcatenate) [ 0000000000]
layer17_out_9     (bitconcatenate) [ 0000000000]
layer17_out_10    (bitconcatenate) [ 0000000000]
layer17_out_11    (bitconcatenate) [ 0000000000]
layer17_out_12    (bitconcatenate) [ 0000000000]
specpipeline_ln0  (specpipeline  ) [ 0000000000]
spectopmodule_ln0 (spectopmodule ) [ 0000000000]
specbitsmap_ln0   (specbitsmap   ) [ 0000000000]
specinterface_ln0 (specinterface ) [ 0000000000]
specbitsmap_ln0   (specbitsmap   ) [ 0000000000]
specinterface_ln0 (specinterface ) [ 0000000000]
specbitsmap_ln0   (specbitsmap   ) [ 0000000000]
specinterface_ln0 (specinterface ) [ 0000000000]
specbitsmap_ln0   (specbitsmap   ) [ 0000000000]
specinterface_ln0 (specinterface ) [ 0000000000]
specbitsmap_ln0   (specbitsmap   ) [ 0000000000]
specinterface_ln0 (specinterface ) [ 0000000000]
specbitsmap_ln0   (specbitsmap   ) [ 0000000000]
specinterface_ln0 (specinterface ) [ 0000000000]
call_ret6         (call          ) [ 0000000000]
layer18_out       (extractvalue  ) [ 0000000000]
layer18_out_1     (extractvalue  ) [ 0000000000]
layer18_out_2     (extractvalue  ) [ 0000000000]
layer18_out_3     (extractvalue  ) [ 0000000000]
layer18_out_4     (extractvalue  ) [ 0000000000]
tmp_54            (partselect    ) [ 0000000000]
shl_ln            (bitconcatenate) [ 0000000000]
sext_ln198        (sext          ) [ 0000000000]
write_ln198       (write         ) [ 0000000000]
tmp_55            (partselect    ) [ 0000000000]
shl_ln1           (bitconcatenate) [ 0000000000]
sext_ln199        (sext          ) [ 0000000000]
write_ln199       (write         ) [ 0000000000]
tmp_56            (partselect    ) [ 0000000000]
shl_ln2           (bitconcatenate) [ 0000000000]
sext_ln200        (sext          ) [ 0000000000]
write_ln200       (write         ) [ 0000000000]
tmp_57            (partselect    ) [ 0000000000]
shl_ln3           (bitconcatenate) [ 0000000000]
sext_ln201        (sext          ) [ 0000000000]
write_ln201       (write         ) [ 0000000000]
tmp_58            (partselect    ) [ 0000000000]
shl_ln4           (bitconcatenate) [ 0000000000]
sext_ln202        (sext          ) [ 0000000000]
write_ln202       (write         ) [ 0000000000]
ret_ln84          (ret           ) [ 0000000000]
</LifeTime>

<model>

<comp_list>
<comp id="0" class="1000" name="input_1">
<pin_list>
<pin id="1" dir="1" index="0" bw="1" slack="0"/>
</pin_list>
<bind>
<StgValue><ssdm name="input_1"/></StgValue>
</bind>
</comp>

<comp id="2" class="1000" name="layer20_out_0">
<pin_list>
<pin id="3" dir="1" index="0" bw="1" slack="0"/>
</pin_list>
<bind>
<StgValue><ssdm name="layer20_out_0"/></StgValue>
</bind>
</comp>

<comp id="4" class="1000" name="layer20_out_1">
<pin_list>
<pin id="5" dir="1" index="0" bw="1" slack="0"/>
</pin_list>
<bind>
<StgValue><ssdm name="layer20_out_1"/></StgValue>
</bind>
</comp>

<comp id="6" class="1000" name="layer20_out_2">
<pin_list>
<pin id="7" dir="1" index="0" bw="1" slack="0"/>
</pin_list>
<bind>
<StgValue><ssdm name="layer20_out_2"/></StgValue>
</bind>
</comp>

<comp id="8" class="1000" name="layer20_out_3">
<pin_list>
<pin id="9" dir="1" index="0" bw="1" slack="0"/>
</pin_list>
<bind>
<StgValue><ssdm name="layer20_out_3"/></StgValue>
</bind>
</comp>

<comp id="10" class="1000" name="layer20_out_4">
<pin_list>
<pin id="11" dir="1" index="0" bw="1" slack="0"/>
</pin_list>
<bind>
<StgValue><ssdm name="layer20_out_4"/></StgValue>
</bind>
</comp>

<comp id="12" class="1001" name="const_12">
<pin_list>
<pin id="13" dir="1" index="0" bw="1" slack="0"/>
</pin_list>
<bind>
<StgValue><ssdm name="_ssdm_op_Read.ap_vld.i256P0A"/></StgValue>
</bind>
</comp>

<comp id="14" class="1001" name="const_14">
<pin_list>
<pin id="15" dir="1" index="0" bw="1" slack="0"/>
</pin_list>
<bind>
<StgValue><ssdm name="_ssdm_op_PartSelect.i8.i256.i32.i32"/></StgValue>
</bind>
</comp>

<comp id="16" class="1001" name="const_16">
<pin_list>
<pin id="17" dir="1" index="0" bw="1" slack="0"/>
</pin_list>
<bind>
<StgValue><ssdm name=""/></StgValue>
</bind>
</comp>

<comp id="18" class="1001" name="const_18">
<pin_list>
<pin id="19" dir="1" index="0" bw="1" slack="0"/>
</pin_list>
<bind>
<StgValue><ssdm name=""/></StgValue>
</bind>
</comp>

<comp id="20" class="1001" name="const_20">
<pin_list>
<pin id="21" dir="1" index="0" bw="1" slack="0"/>
</pin_list>
<bind>
<StgValue><ssdm name="_ssdm_op_BitSelect.i1.i256.i32"/></StgValue>
</bind>
</comp>

<comp id="22" class="1001" name="const_22">
<pin_list>
<pin id="23" dir="1" index="0" bw="1" slack="0"/>
</pin_list>
<bind>
<StgValue><ssdm name=""/></StgValue>
</bind>
</comp>

<comp id="24" class="1001" name="const_24">
<pin_list>
<pin id="25" dir="1" index="0" bw="1" slack="0"/>
</pin_list>
<bind>
<StgValue><ssdm name=""/></StgValue>
</bind>
</comp>

<comp id="26" class="1001" name="const_26">
<pin_list>
<pin id="27" dir="1" index="0" bw="1" slack="0"/>
</pin_list>
<bind>
<StgValue><ssdm name=""/></StgValue>
</bind>
</comp>

<comp id="28" class="1001" name="const_28">
<pin_list>
<pin id="29" dir="1" index="0" bw="1" slack="0"/>
</pin_list>
<bind>
<StgValue><ssdm name="_ssdm_op_BitSelect.i1.i256.i256"/></StgValue>
</bind>
</comp>

<comp id="30" class="1001" name="const_30">
<pin_list>
<pin id="31" dir="1" index="0" bw="1" slack="0"/>
</pin_list>
<bind>
<StgValue><ssdm name=""/></StgValue>
</bind>
</comp>

<comp id="32" class="1001" name="const_32">
<pin_list>
<pin id="33" dir="1" index="0" bw="1" slack="0"/>
</pin_list>
<bind>
<StgValue><ssdm name="_ssdm_op_PartSelect.i10.i256.i32.i32"/></StgValue>
</bind>
</comp>

<comp id="34" class="1001" name="const_34">
<pin_list>
<pin id="35" dir="1" index="0" bw="1" slack="0"/>
</pin_list>
<bind>
<StgValue><ssdm name=""/></StgValue>
</bind>
</comp>

<comp id="36" class="1001" name="const_36">
<pin_list>
<pin id="37" dir="1" index="0" bw="1" slack="0"/>
</pin_list>
<bind>
<StgValue><ssdm name=""/></StgValue>
</bind>
</comp>

<comp id="38" class="1001" name="const_38">
<pin_list>
<pin id="39" dir="1" index="0" bw="1" slack="0"/>
</pin_list>
<bind>
<StgValue><ssdm name=""/></StgValue>
</bind>
</comp>

<comp id="40" class="1001" name="const_40">
<pin_list>
<pin id="41" dir="1" index="0" bw="1" slack="0"/>
</pin_list>
<bind>
<StgValue><ssdm name=""/></StgValue>
</bind>
</comp>

<comp id="42" class="1001" name="const_42">
<pin_list>
<pin id="43" dir="1" index="0" bw="1" slack="0"/>
</pin_list>
<bind>
<StgValue><ssdm name=""/></StgValue>
</bind>
</comp>

<comp id="44" class="1001" name="const_44">
<pin_list>
<pin id="45" dir="1" index="0" bw="1" slack="0"/>
</pin_list>
<bind>
<StgValue><ssdm name=""/></StgValue>
</bind>
</comp>

<comp id="46" class="1001" name="const_46">
<pin_list>
<pin id="47" dir="1" index="0" bw="1" slack="0"/>
</pin_list>
<bind>
<StgValue><ssdm name=""/></StgValue>
</bind>
</comp>

<comp id="48" class="1001" name="const_48">
<pin_list>
<pin id="49" dir="1" index="0" bw="1" slack="0"/>
</pin_list>
<bind>
<StgValue><ssdm name=""/></StgValue>
</bind>
</comp>

<comp id="50" class="1001" name="const_50">
<pin_list>
<pin id="51" dir="1" index="0" bw="1" slack="0"/>
</pin_list>
<bind>
<StgValue><ssdm name=""/></StgValue>
</bind>
</comp>

<comp id="52" class="1001" name="const_52">
<pin_list>
<pin id="53" dir="1" index="0" bw="1" slack="0"/>
</pin_list>
<bind>
<StgValue><ssdm name="_ssdm_op_PartSelect.i9.i256.i32.i32"/></StgValue>
</bind>
</comp>

<comp id="54" class="1001" name="const_54">
<pin_list>
<pin id="55" dir="1" index="0" bw="1" slack="0"/>
</pin_list>
<bind>
<StgValue><ssdm name=""/></StgValue>
</bind>
</comp>

<comp id="56" class="1001" name="const_56">
<pin_list>
<pin id="57" dir="1" index="0" bw="1" slack="0"/>
</pin_list>
<bind>
<StgValue><ssdm name=""/></StgValue>
</bind>
</comp>

<comp id="58" class="1001" name="const_58">
<pin_list>
<pin id="59" dir="1" index="0" bw="1" slack="0"/>
</pin_list>
<bind>
<StgValue><ssdm name=""/></StgValue>
</bind>
</comp>

<comp id="60" class="1001" name="const_60">
<pin_list>
<pin id="61" dir="1" index="0" bw="1" slack="0"/>
</pin_list>
<bind>
<StgValue><ssdm name="_ssdm_op_PartSelect.i5.i256.i32.i32"/></StgValue>
</bind>
</comp>

<comp id="62" class="1001" name="const_62">
<pin_list>
<pin id="63" dir="1" index="0" bw="1" slack="0"/>
</pin_list>
<bind>
<StgValue><ssdm name=""/></StgValue>
</bind>
</comp>

<comp id="64" class="1001" name="const_64">
<pin_list>
<pin id="65" dir="1" index="0" bw="1" slack="0"/>
</pin_list>
<bind>
<StgValue><ssdm name=""/></StgValue>
</bind>
</comp>

<comp id="66" class="1001" name="const_66">
<pin_list>
<pin id="67" dir="1" index="0" bw="1" slack="0"/>
</pin_list>
<bind>
<StgValue><ssdm name=""/></StgValue>
</bind>
</comp>

<comp id="68" class="1001" name="const_68">
<pin_list>
<pin id="69" dir="1" index="0" bw="1" slack="0"/>
</pin_list>
<bind>
<StgValue><ssdm name="_ssdm_op_PartSelect.i7.i256.i32.i32"/></StgValue>
</bind>
</comp>

<comp id="70" class="1001" name="const_70">
<pin_list>
<pin id="71" dir="1" index="0" bw="1" slack="0"/>
</pin_list>
<bind>
<StgValue><ssdm name=""/></StgValue>
</bind>
</comp>

<comp id="72" class="1001" name="const_72">
<pin_list>
<pin id="73" dir="1" index="0" bw="1" slack="0"/>
</pin_list>
<bind>
<StgValue><ssdm name=""/></StgValue>
</bind>
</comp>

<comp id="74" class="1001" name="const_74">
<pin_list>
<pin id="75" dir="1" index="0" bw="1" slack="0"/>
</pin_list>
<bind>
<StgValue><ssdm name=""/></StgValue>
</bind>
</comp>

<comp id="76" class="1001" name="const_76">
<pin_list>
<pin id="77" dir="1" index="0" bw="1" slack="0"/>
</pin_list>
<bind>
<StgValue><ssdm name=""/></StgValue>
</bind>
</comp>

<comp id="78" class="1001" name="const_78">
<pin_list>
<pin id="79" dir="1" index="0" bw="1" slack="0"/>
</pin_list>
<bind>
<StgValue><ssdm name=""/></StgValue>
</bind>
</comp>

<comp id="80" class="1001" name="const_80">
<pin_list>
<pin id="81" dir="1" index="0" bw="1" slack="0"/>
</pin_list>
<bind>
<StgValue><ssdm name=""/></StgValue>
</bind>
</comp>

<comp id="82" class="1001" name="const_82">
<pin_list>
<pin id="83" dir="1" index="0" bw="1" slack="0"/>
</pin_list>
<bind>
<StgValue><ssdm name=""/></StgValue>
</bind>
</comp>

<comp id="84" class="1001" name="const_84">
<pin_list>
<pin id="85" dir="1" index="0" bw="1" slack="0"/>
</pin_list>
<bind>
<StgValue><ssdm name=""/></StgValue>
</bind>
</comp>

<comp id="86" class="1001" name="const_86">
<pin_list>
<pin id="87" dir="1" index="0" bw="1" slack="0"/>
</pin_list>
<bind>
<StgValue><ssdm name=""/></StgValue>
</bind>
</comp>

<comp id="88" class="1001" name="const_88">
<pin_list>
<pin id="89" dir="1" index="0" bw="1" slack="0"/>
</pin_list>
<bind>
<StgValue><ssdm name="_ssdm_op_PartSelect.i6.i256.i32.i32"/></StgValue>
</bind>
</comp>

<comp id="90" class="1001" name="const_90">
<pin_list>
<pin id="91" dir="1" index="0" bw="1" slack="0"/>
</pin_list>
<bind>
<StgValue><ssdm name=""/></StgValue>
</bind>
</comp>

<comp id="92" class="1001" name="const_92">
<pin_list>
<pin id="93" dir="1" index="0" bw="1" slack="0"/>
</pin_list>
<bind>
<StgValue><ssdm name=""/></StgValue>
</bind>
</comp>

<comp id="94" class="1001" name="const_94">
<pin_list>
<pin id="95" dir="1" index="0" bw="1" slack="0"/>
</pin_list>
<bind>
<StgValue><ssdm name=""/></StgValue>
</bind>
</comp>

<comp id="96" class="1001" name="const_96">
<pin_list>
<pin id="97" dir="1" index="0" bw="1" slack="0"/>
</pin_list>
<bind>
<StgValue><ssdm name=""/></StgValue>
</bind>
</comp>

<comp id="98" class="1001" name="const_98">
<pin_list>
<pin id="99" dir="1" index="0" bw="1" slack="0"/>
</pin_list>
<bind>
<StgValue><ssdm name=""/></StgValue>
</bind>
</comp>

<comp id="100" class="1001" name="const_100">
<pin_list>
<pin id="101" dir="1" index="0" bw="1" slack="0"/>
</pin_list>
<bind>
<StgValue><ssdm name=""/></StgValue>
</bind>
</comp>

<comp id="102" class="1001" name="const_102">
<pin_list>
<pin id="103" dir="1" index="0" bw="1" slack="0"/>
</pin_list>
<bind>
<StgValue><ssdm name=""/></StgValue>
</bind>
</comp>

<comp id="104" class="1001" name="const_104">
<pin_list>
<pin id="105" dir="1" index="0" bw="1" slack="0"/>
</pin_list>
<bind>
<StgValue><ssdm name=""/></StgValue>
</bind>
</comp>

<comp id="106" class="1001" name="const_106">
<pin_list>
<pin id="107" dir="1" index="0" bw="1" slack="0"/>
</pin_list>
<bind>
<StgValue><ssdm name=""/></StgValue>
</bind>
</comp>

<comp id="108" class="1001" name="const_108">
<pin_list>
<pin id="109" dir="1" index="0" bw="1" slack="0"/>
</pin_list>
<bind>
<StgValue><ssdm name=""/></StgValue>
</bind>
</comp>

<comp id="110" class="1001" name="const_110">
<pin_list>
<pin id="111" dir="1" index="0" bw="1" slack="0"/>
</pin_list>
<bind>
<StgValue><ssdm name=""/></StgValue>
</bind>
</comp>

<comp id="112" class="1001" name="const_112">
<pin_list>
<pin id="113" dir="1" index="0" bw="1" slack="0"/>
</pin_list>
<bind>
<StgValue><ssdm name=""/></StgValue>
</bind>
</comp>

<comp id="114" class="1001" name="const_114">
<pin_list>
<pin id="115" dir="1" index="0" bw="1" slack="0"/>
</pin_list>
<bind>
<StgValue><ssdm name="_ssdm_op_PartSelect.i12.i256.i32.i32"/></StgValue>
</bind>
</comp>

<comp id="116" class="1001" name="const_116">
<pin_list>
<pin id="117" dir="1" index="0" bw="1" slack="0"/>
</pin_list>
<bind>
<StgValue><ssdm name=""/></StgValue>
</bind>
</comp>

<comp id="118" class="1001" name="const_118">
<pin_list>
<pin id="119" dir="1" index="0" bw="1" slack="0"/>
</pin_list>
<bind>
<StgValue><ssdm name=""/></StgValue>
</bind>
</comp>

<comp id="120" class="1001" name="const_120">
<pin_list>
<pin id="121" dir="1" index="0" bw="1" slack="0"/>
</pin_list>
<bind>
<StgValue><ssdm name=""/></StgValue>
</bind>
</comp>

<comp id="122" class="1001" name="const_122">
<pin_list>
<pin id="123" dir="1" index="0" bw="1" slack="0"/>
</pin_list>
<bind>
<StgValue><ssdm name=""/></StgValue>
</bind>
</comp>

<comp id="124" class="1001" name="const_124">
<pin_list>
<pin id="125" dir="1" index="0" bw="1" slack="0"/>
</pin_list>
<bind>
<StgValue><ssdm name=""/></StgValue>
</bind>
</comp>

<comp id="126" class="1001" name="const_126">
<pin_list>
<pin id="127" dir="1" index="0" bw="1" slack="0"/>
</pin_list>
<bind>
<StgValue><ssdm name=""/></StgValue>
</bind>
</comp>

<comp id="128" class="1001" name="const_128">
<pin_list>
<pin id="129" dir="1" index="0" bw="1" slack="0"/>
</pin_list>
<bind>
<StgValue><ssdm name="_ssdm_op_BitConcatenate.i14.i8.i6"/></StgValue>
</bind>
</comp>

<comp id="130" class="1001" name="const_130">
<pin_list>
<pin id="131" dir="1" index="0" bw="1" slack="0"/>
</pin_list>
<bind>
<StgValue><ssdm name=""/></StgValue>
</bind>
</comp>

<comp id="132" class="1001" name="const_132">
<pin_list>
<pin id="133" dir="1" index="0" bw="1" slack="0"/>
</pin_list>
<bind>
<StgValue><ssdm name="_ssdm_op_BitConcatenate.i14.i10.i4"/></StgValue>
</bind>
</comp>

<comp id="134" class="1001" name="const_134">
<pin_list>
<pin id="135" dir="1" index="0" bw="1" slack="0"/>
</pin_list>
<bind>
<StgValue><ssdm name=""/></StgValue>
</bind>
</comp>

<comp id="136" class="1001" name="const_136">
<pin_list>
<pin id="137" dir="1" index="0" bw="1" slack="0"/>
</pin_list>
<bind>
<StgValue><ssdm name="_ssdm_op_BitConcatenate.i15.i9.i6"/></StgValue>
</bind>
</comp>

<comp id="138" class="1001" name="const_138">
<pin_list>
<pin id="139" dir="1" index="0" bw="1" slack="0"/>
</pin_list>
<bind>
<StgValue><ssdm name="_ssdm_op_BitConcatenate.i14.i5.i9"/></StgValue>
</bind>
</comp>

<comp id="140" class="1001" name="const_140">
<pin_list>
<pin id="141" dir="1" index="0" bw="1" slack="0"/>
</pin_list>
<bind>
<StgValue><ssdm name=""/></StgValue>
</bind>
</comp>

<comp id="142" class="1001" name="const_142">
<pin_list>
<pin id="143" dir="1" index="0" bw="1" slack="0"/>
</pin_list>
<bind>
<StgValue><ssdm name="_ssdm_op_BitConcatenate.i14.i7.i7"/></StgValue>
</bind>
</comp>

<comp id="144" class="1001" name="const_144">
<pin_list>
<pin id="145" dir="1" index="0" bw="1" slack="0"/>
</pin_list>
<bind>
<StgValue><ssdm name=""/></StgValue>
</bind>
</comp>

<comp id="146" class="1001" name="const_146">
<pin_list>
<pin id="147" dir="1" index="0" bw="1" slack="0"/>
</pin_list>
<bind>
<StgValue><ssdm name="_ssdm_op_BitConcatenate.i13.i7.i6"/></StgValue>
</bind>
</comp>

<comp id="148" class="1001" name="const_148">
<pin_list>
<pin id="149" dir="1" index="0" bw="1" slack="0"/>
</pin_list>
<bind>
<StgValue><ssdm name="_ssdm_op_BitConcatenate.i13.i6.i7"/></StgValue>
</bind>
</comp>

<comp id="150" class="1001" name="const_150">
<pin_list>
<pin id="151" dir="1" index="0" bw="1" slack="0"/>
</pin_list>
<bind>
<StgValue><ssdm name="_ssdm_op_BitConcatenate.i13.i5.i8"/></StgValue>
</bind>
</comp>

<comp id="152" class="1001" name="const_152">
<pin_list>
<pin id="153" dir="1" index="0" bw="1" slack="0"/>
</pin_list>
<bind>
<StgValue><ssdm name=""/></StgValue>
</bind>
</comp>

<comp id="154" class="1001" name="const_154">
<pin_list>
<pin id="155" dir="1" index="0" bw="1" slack="0"/>
</pin_list>
<bind>
<StgValue><ssdm name="_ssdm_op_BitConcatenate.i15.i12.i3"/></StgValue>
</bind>
</comp>

<comp id="156" class="1001" name="const_156">
<pin_list>
<pin id="157" dir="1" index="0" bw="1" slack="0"/>
</pin_list>
<bind>
<StgValue><ssdm name=""/></StgValue>
</bind>
</comp>

<comp id="158" class="1001" name="const_158">
<pin_list>
<pin id="159" dir="1" index="0" bw="1" slack="0"/>
</pin_list>
<bind>
<StgValue><ssdm name="dense_latency<ap_fixed<16, 6, 5, 3, 0>, ap_fixed<16, 6, 5, 3, 0>, config3>"/></StgValue>
</bind>
</comp>

<comp id="160" class="1001" name="const_160">
<pin_list>
<pin id="161" dir="1" index="0" bw="1" slack="0"/>
</pin_list>
<bind>
<StgValue><ssdm name="relu<ap_fixed<16, 6, 5, 3, 0>, ap_fixed<16, 6, 5, 3, 0>, ReLU_config6>"/></StgValue>
</bind>
</comp>

<comp id="162" class="1001" name="const_162">
<pin_list>
<pin id="163" dir="1" index="0" bw="1" slack="0"/>
</pin_list>
<bind>
<StgValue><ssdm name="_ssdm_op_PartSelect.i4.i16.i32.i32"/></StgValue>
</bind>
</comp>

<comp id="164" class="1001" name="const_164">
<pin_list>
<pin id="165" dir="1" index="0" bw="1" slack="0"/>
</pin_list>
<bind>
<StgValue><ssdm name=""/></StgValue>
</bind>
</comp>

<comp id="166" class="1001" name="const_166">
<pin_list>
<pin id="167" dir="1" index="0" bw="1" slack="0"/>
</pin_list>
<bind>
<StgValue><ssdm name=""/></StgValue>
</bind>
</comp>

<comp id="168" class="1001" name="const_168">
<pin_list>
<pin id="169" dir="1" index="0" bw="1" slack="0"/>
</pin_list>
<bind>
<StgValue><ssdm name="_ssdm_op_PartSelect.i8.i16.i32.i32"/></StgValue>
</bind>
</comp>

<comp id="170" class="1001" name="const_170">
<pin_list>
<pin id="171" dir="1" index="0" bw="1" slack="0"/>
</pin_list>
<bind>
<StgValue><ssdm name="_ssdm_op_PartSelect.i10.i16.i32.i32"/></StgValue>
</bind>
</comp>

<comp id="172" class="1001" name="const_172">
<pin_list>
<pin id="173" dir="1" index="0" bw="1" slack="0"/>
</pin_list>
<bind>
<StgValue><ssdm name=""/></StgValue>
</bind>
</comp>

<comp id="174" class="1001" name="const_174">
<pin_list>
<pin id="175" dir="1" index="0" bw="1" slack="0"/>
</pin_list>
<bind>
<StgValue><ssdm name="_ssdm_op_PartSelect.i5.i16.i32.i32"/></StgValue>
</bind>
</comp>

<comp id="176" class="1001" name="const_176">
<pin_list>
<pin id="177" dir="1" index="0" bw="1" slack="0"/>
</pin_list>
<bind>
<StgValue><ssdm name=""/></StgValue>
</bind>
</comp>

<comp id="178" class="1001" name="const_178">
<pin_list>
<pin id="179" dir="1" index="0" bw="1" slack="0"/>
</pin_list>
<bind>
<StgValue><ssdm name="_ssdm_op_PartSelect.i11.i16.i32.i32"/></StgValue>
</bind>
</comp>

<comp id="180" class="1001" name="const_180">
<pin_list>
<pin id="181" dir="1" index="0" bw="1" slack="0"/>
</pin_list>
<bind>
<StgValue><ssdm name="_ssdm_op_PartSelect.i7.i16.i32.i32"/></StgValue>
</bind>
</comp>

<comp id="182" class="1001" name="const_182">
<pin_list>
<pin id="183" dir="1" index="0" bw="1" slack="0"/>
</pin_list>
<bind>
<StgValue><ssdm name=""/></StgValue>
</bind>
</comp>

<comp id="184" class="1001" name="const_184">
<pin_list>
<pin id="185" dir="1" index="0" bw="1" slack="0"/>
</pin_list>
<bind>
<StgValue><ssdm name="_ssdm_op_PartSelect.i6.i16.i32.i32"/></StgValue>
</bind>
</comp>

<comp id="186" class="1001" name="const_186">
<pin_list>
<pin id="187" dir="1" index="0" bw="1" slack="0"/>
</pin_list>
<bind>
<StgValue><ssdm name=""/></StgValue>
</bind>
</comp>

<comp id="188" class="1001" name="const_188">
<pin_list>
<pin id="189" dir="1" index="0" bw="1" slack="0"/>
</pin_list>
<bind>
<StgValue><ssdm name=""/></StgValue>
</bind>
</comp>

<comp id="190" class="1001" name="const_190">
<pin_list>
<pin id="191" dir="1" index="0" bw="1" slack="0"/>
</pin_list>
<bind>
<StgValue><ssdm name="_ssdm_op_PartSelect.i9.i16.i32.i32"/></StgValue>
</bind>
</comp>

<comp id="192" class="1001" name="const_192">
<pin_list>
<pin id="193" dir="1" index="0" bw="1" slack="0"/>
</pin_list>
<bind>
<StgValue><ssdm name=""/></StgValue>
</bind>
</comp>

<comp id="194" class="1001" name="const_194">
<pin_list>
<pin id="195" dir="1" index="0" bw="1" slack="0"/>
</pin_list>
<bind>
<StgValue><ssdm name="_ssdm_op_BitConcatenate.i13.i4.i9"/></StgValue>
</bind>
</comp>

<comp id="196" class="1001" name="const_196">
<pin_list>
<pin id="197" dir="1" index="0" bw="1" slack="0"/>
</pin_list>
<bind>
<StgValue><ssdm name="_ssdm_op_BitConcatenate.i16.i10.i6"/></StgValue>
</bind>
</comp>

<comp id="198" class="1001" name="const_198">
<pin_list>
<pin id="199" dir="1" index="0" bw="1" slack="0"/>
</pin_list>
<bind>
<StgValue><ssdm name="_ssdm_op_BitConcatenate.i16.i11.i5"/></StgValue>
</bind>
</comp>

<comp id="200" class="1001" name="const_200">
<pin_list>
<pin id="201" dir="1" index="0" bw="1" slack="0"/>
</pin_list>
<bind>
<StgValue><ssdm name=""/></StgValue>
</bind>
</comp>

<comp id="202" class="1001" name="const_202">
<pin_list>
<pin id="203" dir="1" index="0" bw="1" slack="0"/>
</pin_list>
<bind>
<StgValue><ssdm name="_ssdm_op_BitConcatenate.i15.i8.i7"/></StgValue>
</bind>
</comp>

<comp id="204" class="1001" name="const_204">
<pin_list>
<pin id="205" dir="1" index="0" bw="1" slack="0"/>
</pin_list>
<bind>
<StgValue><ssdm name="_ssdm_op_BitConcatenate.i14.i6.i8"/></StgValue>
</bind>
</comp>

<comp id="206" class="1001" name="const_206">
<pin_list>
<pin id="207" dir="1" index="0" bw="1" slack="0"/>
</pin_list>
<bind>
<StgValue><ssdm name="_ssdm_op_BitConcatenate.i15.i7.i8"/></StgValue>
</bind>
</comp>

<comp id="208" class="1001" name="const_208">
<pin_list>
<pin id="209" dir="1" index="0" bw="1" slack="0"/>
</pin_list>
<bind>
<StgValue><ssdm name="_ssdm_op_BitConcatenate.i12.i5.i7"/></StgValue>
</bind>
</comp>

<comp id="210" class="1001" name="const_210">
<pin_list>
<pin id="211" dir="1" index="0" bw="1" slack="0"/>
</pin_list>
<bind>
<StgValue><ssdm name="_ssdm_op_BitConcatenate.i15.i6.i9"/></StgValue>
</bind>
</comp>

<comp id="212" class="1001" name="const_212">
<pin_list>
<pin id="213" dir="1" index="0" bw="1" slack="0"/>
</pin_list>
<bind>
<StgValue><ssdm name="_ssdm_op_BitConcatenate.i14.i9.i5"/></StgValue>
</bind>
</comp>

<comp id="214" class="1001" name="const_214">
<pin_list>
<pin id="215" dir="1" index="0" bw="1" slack="0"/>
</pin_list>
<bind>
<StgValue><ssdm name="_ssdm_op_BitConcatenate.i14.i4.i10"/></StgValue>
</bind>
</comp>

<comp id="216" class="1001" name="const_216">
<pin_list>
<pin id="217" dir="1" index="0" bw="1" slack="0"/>
</pin_list>
<bind>
<StgValue><ssdm name=""/></StgValue>
</bind>
</comp>

<comp id="218" class="1001" name="const_218">
<pin_list>
<pin id="219" dir="1" index="0" bw="1" slack="0"/>
</pin_list>
<bind>
<StgValue><ssdm name="dense_latency<ap_fixed<16, 6, 5, 3, 0>, ap_fixed<16, 6, 5, 3, 0>, config8>"/></StgValue>
</bind>
</comp>

<comp id="220" class="1001" name="const_220">
<pin_list>
<pin id="221" dir="1" index="0" bw="1" slack="0"/>
</pin_list>
<bind>
<StgValue><ssdm name="relu<ap_fixed<16, 6, 5, 3, 0>, ap_fixed<16, 6, 5, 3, 0>, ReLU_config11>"/></StgValue>
</bind>
</comp>

<comp id="222" class="1001" name="const_222">
<pin_list>
<pin id="223" dir="1" index="0" bw="1" slack="0"/>
</pin_list>
<bind>
<StgValue><ssdm name="_ssdm_op_BitConcatenate.i16.i6.i10"/></StgValue>
</bind>
</comp>

<comp id="224" class="1001" name="const_224">
<pin_list>
<pin id="225" dir="1" index="0" bw="1" slack="0"/>
</pin_list>
<bind>
<StgValue><ssdm name="_ssdm_op_BitConcatenate.i16.i7.i9"/></StgValue>
</bind>
</comp>

<comp id="226" class="1001" name="const_226">
<pin_list>
<pin id="227" dir="1" index="0" bw="1" slack="0"/>
</pin_list>
<bind>
<StgValue><ssdm name="_ssdm_op_BitConcatenate.i16.i8.i8"/></StgValue>
</bind>
</comp>

<comp id="228" class="1001" name="const_228">
<pin_list>
<pin id="229" dir="1" index="0" bw="1" slack="0"/>
</pin_list>
<bind>
<StgValue><ssdm name="_ssdm_op_BitConcatenate.i15.i5.i10"/></StgValue>
</bind>
</comp>

<comp id="230" class="1001" name="const_230">
<pin_list>
<pin id="231" dir="1" index="0" bw="1" slack="0"/>
</pin_list>
<bind>
<StgValue><ssdm name="dense_latency<ap_fixed<16, 6, 5, 3, 0>, ap_fixed<16, 6, 5, 3, 0>, config13>"/></StgValue>
</bind>
</comp>

<comp id="232" class="1001" name="const_232">
<pin_list>
<pin id="233" dir="1" index="0" bw="1" slack="0"/>
</pin_list>
<bind>
<StgValue><ssdm name="relu<ap_fixed<16, 6, 5, 3, 0>, ap_fixed<16, 6, 5, 3, 0>, ReLU_config16>"/></StgValue>
</bind>
</comp>

<comp id="234" class="1001" name="const_234">
<pin_list>
<pin id="235" dir="1" index="0" bw="1" slack="0"/>
</pin_list>
<bind>
<StgValue><ssdm name="dense_latency<ap_fixed<16, 6, 5, 3, 0>, ap_fixed<16, 6, 5, 3, 0>, config18>"/></StgValue>
</bind>
</comp>

<comp id="236" class="1001" name="const_236">
<pin_list>
<pin id="237" dir="1" index="0" bw="1" slack="2147483647"/>
</pin_list>
<bind>
<StgValue><ssdm name="_ssdm_op_SpecPipeline"/></StgValue>
</bind>
</comp>

<comp id="238" class="1001" name="const_238">
<pin_list>
<pin id="239" dir="1" index="0" bw="1" slack="2147483647"/>
</pin_list>
<bind>
<StgValue><ssdm name=""/></StgValue>
</bind>
</comp>

<comp id="240" class="1001" name="const_240">
<pin_list>
<pin id="241" dir="1" index="0" bw="1" slack="2147483647"/>
</pin_list>
<bind>
<StgValue><ssdm name=""/></StgValue>
</bind>
</comp>

<comp id="242" class="1001" name="const_242">
<pin_list>
<pin id="243" dir="1" index="0" bw="1" slack="2147483647"/>
</pin_list>
<bind>
<StgValue><ssdm name="empty_0"/></StgValue>
</bind>
</comp>

<comp id="244" class="1001" name="const_244">
<pin_list>
<pin id="245" dir="1" index="0" bw="1" slack="2147483647"/>
</pin_list>
<bind>
<StgValue><ssdm name="_ssdm_op_SpecTopModule"/></StgValue>
</bind>
</comp>

<comp id="246" class="1001" name="const_246">
<pin_list>
<pin id="247" dir="1" index="0" bw="1" slack="2147483647"/>
</pin_list>
<bind>
<StgValue><ssdm name="empty_2"/></StgValue>
</bind>
</comp>

<comp id="248" class="1001" name="const_248">
<pin_list>
<pin id="249" dir="1" index="0" bw="1" slack="2147483647"/>
</pin_list>
<bind>
<StgValue><ssdm name="_ssdm_op_SpecBitsMap"/></StgValue>
</bind>
</comp>

<comp id="250" class="1001" name="const_250">
<pin_list>
<pin id="251" dir="1" index="0" bw="1" slack="2147483647"/>
</pin_list>
<bind>
<StgValue><ssdm name="_ssdm_op_SpecInterface"/></StgValue>
</bind>
</comp>

<comp id="252" class="1001" name="const_252">
<pin_list>
<pin id="253" dir="1" index="0" bw="1" slack="2147483647"/>
</pin_list>
<bind>
<StgValue><ssdm name="empty"/></StgValue>
</bind>
</comp>

<comp id="254" class="1001" name="const_254">
<pin_list>
<pin id="255" dir="1" index="0" bw="1" slack="0"/>
</pin_list>
<bind>
<StgValue><ssdm name="_ssdm_op_BitConcatenate.i15.i10.i5"/></StgValue>
</bind>
</comp>

<comp id="256" class="1001" name="const_256">
<pin_list>
<pin id="257" dir="1" index="0" bw="1" slack="0"/>
</pin_list>
<bind>
<StgValue><ssdm name="_ssdm_op_Write.ap_vld.i16P0A"/></StgValue>
</bind>
</comp>

<comp id="258" class="1001" name="const_258">
<pin_list>
<pin id="259" dir="1" index="0" bw="1" slack="0"/>
</pin_list>
<bind>
<StgValue><ssdm name=""/></StgValue>
</bind>
</comp>

<comp id="260" class="1001" name="const_260">
<pin_list>
<pin id="261" dir="1" index="0" bw="1" slack="0"/>
</pin_list>
<bind>
<StgValue><ssdm name="_ssdm_op_BitConcatenate.i15.i11.i4"/></StgValue>
</bind>
</comp>

<comp id="262" class="1004" name="input_1_read_read_fu_262">
<pin_list>
<pin id="263" dir="0" index="0" bw="256" slack="0"/>
<pin id="264" dir="0" index="1" bw="256" slack="0"/>
<pin id="265" dir="1" index="2" bw="256" slack="0"/>
</pin_list>
<bind>
<opcode="read(1150) " fcode="read"/>
<opset="input_1_read/1 "/>
</bind>
</comp>

<comp id="268" class="1004" name="write_ln198_write_fu_268">
<pin_list>
<pin id="269" dir="0" index="0" bw="0" slack="0"/>
<pin id="270" dir="0" index="1" bw="16" slack="0"/>
<pin id="271" dir="0" index="2" bw="15" slack="0"/>
<pin id="272" dir="1" index="3" bw="0" slack="2147483647"/>
</pin_list>
<bind>
<opcode="write(1151) " fcode="write"/>
<opset="write_ln198/9 "/>
</bind>
</comp>

<comp id="275" class="1004" name="write_ln199_write_fu_275">
<pin_list>
<pin id="276" dir="0" index="0" bw="0" slack="0"/>
<pin id="277" dir="0" index="1" bw="16" slack="0"/>
<pin id="278" dir="0" index="2" bw="15" slack="0"/>
<pin id="279" dir="1" index="3" bw="0" slack="2147483647"/>
</pin_list>
<bind>
<opcode="write(1151) " fcode="write"/>
<opset="write_ln199/9 "/>
</bind>
</comp>

<comp id="282" class="1004" name="write_ln200_write_fu_282">
<pin_list>
<pin id="283" dir="0" index="0" bw="0" slack="0"/>
<pin id="284" dir="0" index="1" bw="16" slack="0"/>
<pin id="285" dir="0" index="2" bw="15" slack="0"/>
<pin id="286" dir="1" index="3" bw="0" slack="2147483647"/>
</pin_list>
<bind>
<opcode="write(1151) " fcode="write"/>
<opset="write_ln200/9 "/>
</bind>
</comp>

<comp id="289" class="1004" name="write_ln201_write_fu_289">
<pin_list>
<pin id="290" dir="0" index="0" bw="0" slack="0"/>
<pin id="291" dir="0" index="1" bw="16" slack="0"/>
<pin id="292" dir="0" index="2" bw="15" slack="0"/>
<pin id="293" dir="1" index="3" bw="0" slack="2147483647"/>
</pin_list>
<bind>
<opcode="write(1151) " fcode="write"/>
<opset="write_ln201/9 "/>
</bind>
</comp>

<comp id="296" class="1004" name="write_ln202_write_fu_296">
<pin_list>
<pin id="297" dir="0" index="0" bw="0" slack="0"/>
<pin id="298" dir="0" index="1" bw="16" slack="0"/>
<pin id="299" dir="0" index="2" bw="15" slack="0"/>
<pin id="300" dir="1" index="3" bw="0" slack="2147483647"/>
</pin_list>
<bind>
<opcode="write(1151) " fcode="write"/>
<opset="write_ln202/9 "/>
</bind>
</comp>

<comp id="303" class="1004" name="grp_dense_latency_ap_fixed_16_6_5_3_0_ap_fixed_16_6_5_3_0_config3_s_fu_303">
<pin_list>
<pin id="304" dir="0" index="0" bw="448" slack="0"/>
<pin id="305" dir="0" index="1" bw="14" slack="0"/>
<pin id="306" dir="0" index="2" bw="14" slack="0"/>
<pin id="307" dir="0" index="3" bw="14" slack="0"/>
<pin id="308" dir="0" index="4" bw="14" slack="0"/>
<pin id="309" dir="0" index="5" bw="14" slack="0"/>
<pin id="310" dir="0" index="6" bw="15" slack="0"/>
<pin id="311" dir="0" index="7" bw="14" slack="0"/>
<pin id="312" dir="0" index="8" bw="14" slack="0"/>
<pin id="313" dir="0" index="9" bw="14" slack="0"/>
<pin id="314" dir="0" index="10" bw="13" slack="0"/>
<pin id="315" dir="0" index="11" bw="13" slack="0"/>
<pin id="316" dir="0" index="12" bw="13" slack="0"/>
<pin id="317" dir="0" index="13" bw="13" slack="0"/>
<pin id="318" dir="0" index="14" bw="13" slack="0"/>
<pin id="319" dir="0" index="15" bw="15" slack="0"/>
<pin id="320" dir="0" index="16" bw="14" slack="0"/>
<pin id="321" dir="1" index="17" bw="448" slack="0"/>
</pin_list>
<bind>
<opcode="call(48) " fcode="call"/>
<opset="call_ret1/2 "/>
</bind>
</comp>

<comp id="323" class="1004" name="call_ret_relu_ap_fixed_16_6_5_3_0_ap_fixed_16_6_5_3_0_ReLU_config6_s_fu_323">
<pin_list>
<pin id="324" dir="0" index="0" bw="448" slack="0"/>
<pin id="325" dir="0" index="1" bw="16" slack="0"/>
<pin id="326" dir="0" index="2" bw="16" slack="0"/>
<pin id="327" dir="0" index="3" bw="16" slack="0"/>
<pin id="328" dir="0" index="4" bw="16" slack="0"/>
<pin id="329" dir="0" index="5" bw="16" slack="0"/>
<pin id="330" dir="0" index="6" bw="16" slack="0"/>
<pin id="331" dir="0" index="7" bw="16" slack="0"/>
<pin id="332" dir="0" index="8" bw="16" slack="0"/>
<pin id="333" dir="0" index="9" bw="16" slack="0"/>
<pin id="334" dir="0" index="10" bw="16" slack="0"/>
<pin id="335" dir="0" index="11" bw="16" slack="0"/>
<pin id="336" dir="0" index="12" bw="16" slack="0"/>
<pin id="337" dir="0" index="13" bw="16" slack="0"/>
<pin id="338" dir="0" index="14" bw="16" slack="0"/>
<pin id="339" dir="0" index="15" bw="16" slack="0"/>
<pin id="340" dir="0" index="16" bw="16" slack="0"/>
<pin id="341" dir="0" index="17" bw="16" slack="0"/>
<pin id="342" dir="0" index="18" bw="16" slack="0"/>
<pin id="343" dir="0" index="19" bw="16" slack="0"/>
<pin id="344" dir="0" index="20" bw="16" slack="0"/>
<pin id="345" dir="0" index="21" bw="16" slack="0"/>
<pin id="346" dir="0" index="22" bw="16" slack="0"/>
<pin id="347" dir="0" index="23" bw="16" slack="0"/>
<pin id="348" dir="0" index="24" bw="16" slack="0"/>
<pin id="349" dir="0" index="25" bw="16" slack="0"/>
<pin id="350" dir="0" index="26" bw="16" slack="0"/>
<pin id="351" dir="0" index="27" bw="16" slack="0"/>
<pin id="352" dir="0" index="28" bw="16" slack="0"/>
<pin id="353" dir="1" index="29" bw="448" slack="0"/>
</pin_list>
<bind>
<opcode="call(48) " fcode="call"/>
<opset="call_ret/3 "/>
</bind>
</comp>

<comp id="355" class="1004" name="grp_dense_latency_ap_fixed_16_6_5_3_0_ap_fixed_16_6_5_3_0_config8_s_fu_355">
<pin_list>
<pin id="356" dir="0" index="0" bw="224" slack="0"/>
<pin id="357" dir="0" index="1" bw="13" slack="0"/>
<pin id="358" dir="0" index="2" bw="14" slack="0"/>
<pin id="359" dir="0" index="3" bw="16" slack="0"/>
<pin id="360" dir="0" index="4" bw="13" slack="0"/>
<pin id="361" dir="0" index="5" bw="13" slack="0"/>
<pin id="362" dir="0" index="6" bw="16" slack="0"/>
<pin id="363" dir="0" index="7" bw="14" slack="0"/>
<pin id="364" dir="0" index="8" bw="14" slack="0"/>
<pin id="365" dir="0" index="9" bw="13" slack="0"/>
<pin id="366" dir="0" index="10" bw="14" slack="0"/>
<pin id="367" dir="0" index="11" bw="15" slack="0"/>
<pin id="368" dir="0" index="12" bw="14" slack="0"/>
<pin id="369" dir="0" index="13" bw="15" slack="0"/>
<pin id="370" dir="0" index="14" bw="14" slack="0"/>
<pin id="371" dir="0" index="15" bw="14" slack="0"/>
<pin id="372" dir="0" index="16" bw="12" slack="0"/>
<pin id="373" dir="0" index="17" bw="14" slack="0"/>
<pin id="374" dir="0" index="18" bw="15" slack="0"/>
<pin id="375" dir="0" index="19" bw="15" slack="0"/>
<pin id="376" dir="0" index="20" bw="14" slack="0"/>
<pin id="377" dir="0" index="21" bw="12" slack="0"/>
<pin id="378" dir="0" index="22" bw="14" slack="0"/>
<pin id="379" dir="0" index="23" bw="13" slack="0"/>
<pin id="380" dir="0" index="24" bw="13" slack="0"/>
<pin id="381" dir="0" index="25" bw="14" slack="0"/>
<pin id="382" dir="0" index="26" bw="14" slack="0"/>
<pin id="383" dir="0" index="27" bw="14" slack="0"/>
<pin id="384" dir="0" index="28" bw="14" slack="0"/>
<pin id="385" dir="1" index="29" bw="224" slack="0"/>
</pin_list>
<bind>
<opcode="call(48) " fcode="call"/>
<opset="call_ret2/4 "/>
</bind>
</comp>

<comp id="387" class="1004" name="call_ret3_relu_ap_fixed_16_6_5_3_0_ap_fixed_16_6_5_3_0_ReLU_config11_s_fu_387">
<pin_list>
<pin id="388" dir="0" index="0" bw="224" slack="0"/>
<pin id="389" dir="0" index="1" bw="16" slack="0"/>
<pin id="390" dir="0" index="2" bw="16" slack="0"/>
<pin id="391" dir="0" index="3" bw="16" slack="0"/>
<pin id="392" dir="0" index="4" bw="16" slack="0"/>
<pin id="393" dir="0" index="5" bw="16" slack="0"/>
<pin id="394" dir="0" index="6" bw="16" slack="0"/>
<pin id="395" dir="0" index="7" bw="16" slack="0"/>
<pin id="396" dir="0" index="8" bw="16" slack="0"/>
<pin id="397" dir="0" index="9" bw="16" slack="0"/>
<pin id="398" dir="0" index="10" bw="16" slack="0"/>
<pin id="399" dir="0" index="11" bw="16" slack="0"/>
<pin id="400" dir="0" index="12" bw="16" slack="0"/>
<pin id="401" dir="0" index="13" bw="16" slack="0"/>
<pin id="402" dir="0" index="14" bw="16" slack="0"/>
<pin id="403" dir="1" index="15" bw="224" slack="0"/>
</pin_list>
<bind>
<opcode="call(48) " fcode="call"/>
<opset="call_ret3/5 "/>
</bind>
</comp>

<comp id="405" class="1004" name="grp_dense_latency_ap_fixed_16_6_5_3_0_ap_fixed_16_6_5_3_0_config13_s_fu_405">
<pin_list>
<pin id="406" dir="0" index="0" bw="208" slack="0"/>
<pin id="407" dir="0" index="1" bw="16" slack="0"/>
<pin id="408" dir="0" index="2" bw="14" slack="0"/>
<pin id="409" dir="0" index="3" bw="14" slack="0"/>
<pin id="410" dir="0" index="4" bw="16" slack="0"/>
<pin id="411" dir="0" index="5" bw="16" slack="0"/>
<pin id="412" dir="0" index="6" bw="14" slack="0"/>
<pin id="413" dir="0" index="7" bw="16" slack="0"/>
<pin id="414" dir="0" index="8" bw="16" slack="0"/>
<pin id="415" dir="0" index="9" bw="16" slack="0"/>
<pin id="416" dir="0" index="10" bw="14" slack="0"/>
<pin id="417" dir="0" index="11" bw="15" slack="0"/>
<pin id="418" dir="0" index="12" bw="16" slack="0"/>
<pin id="419" dir="0" index="13" bw="15" slack="0"/>
<pin id="420" dir="0" index="14" bw="15" slack="0"/>
<pin id="421" dir="1" index="15" bw="208" slack="0"/>
</pin_list>
<bind>
<opcode="call(48) " fcode="call"/>
<opset="call_ret4/6 "/>
</bind>
</comp>

<comp id="423" class="1004" name="call_ret5_relu_ap_fixed_16_6_5_3_0_ap_fixed_16_6_5_3_0_ReLU_config16_s_fu_423">
<pin_list>
<pin id="424" dir="0" index="0" bw="208" slack="0"/>
<pin id="425" dir="0" index="1" bw="16" slack="0"/>
<pin id="426" dir="0" index="2" bw="16" slack="0"/>
<pin id="427" dir="0" index="3" bw="16" slack="0"/>
<pin id="428" dir="0" index="4" bw="16" slack="0"/>
<pin id="429" dir="0" index="5" bw="16" slack="0"/>
<pin id="430" dir="0" index="6" bw="16" slack="0"/>
<pin id="431" dir="0" index="7" bw="16" slack="0"/>
<pin id="432" dir="0" index="8" bw="16" slack="0"/>
<pin id="433" dir="0" index="9" bw="16" slack="0"/>
<pin id="434" dir="0" index="10" bw="16" slack="0"/>
<pin id="435" dir="0" index="11" bw="16" slack="0"/>
<pin id="436" dir="0" index="12" bw="16" slack="0"/>
<pin id="437" dir="0" index="13" bw="16" slack="0"/>
<pin id="438" dir="1" index="14" bw="208" slack="0"/>
</pin_list>
<bind>
<opcode="call(48) " fcode="call"/>
<opset="call_ret5/7 "/>
</bind>
</comp>

<comp id="440" class="1004" name="grp_dense_latency_ap_fixed_16_6_5_3_0_ap_fixed_16_6_5_3_0_config18_s_fu_440">
<pin_list>
<pin id="441" dir="0" index="0" bw="80" slack="0"/>
<pin id="442" dir="0" index="1" bw="13" slack="0"/>
<pin id="443" dir="0" index="2" bw="13" slack="0"/>
<pin id="444" dir="0" index="3" bw="15" slack="0"/>
<pin id="445" dir="0" index="4" bw="15" slack="0"/>
<pin id="446" dir="0" index="5" bw="14" slack="0"/>
<pin id="447" dir="0" index="6" bw="13" slack="0"/>
<pin id="448" dir="0" index="7" bw="14" slack="0"/>
<pin id="449" dir="0" index="8" bw="15" slack="0"/>
<pin id="450" dir="0" index="9" bw="14" slack="0"/>
<pin id="451" dir="0" index="10" bw="15" slack="0"/>
<pin id="452" dir="0" index="11" bw="14" slack="0"/>
<pin id="453" dir="0" index="12" bw="15" slack="0"/>
<pin id="454" dir="0" index="13" bw="16" slack="0"/>
<pin id="455" dir="1" index="14" bw="80" slack="0"/>
</pin_list>
<bind>
<opcode="call(48) " fcode="call"/>
<opset="call_ret6/8 "/>
</bind>
</comp>

<comp id="457" class="1004" name="trunc_ln30_1_fu_457">
<pin_list>
<pin id="458" dir="0" index="0" bw="8" slack="0"/>
<pin id="459" dir="0" index="1" bw="256" slack="0"/>
<pin id="460" dir="0" index="2" bw="4" slack="0"/>
<pin id="461" dir="0" index="3" bw="5" slack="0"/>
<pin id="462" dir="1" index="4" bw="8" slack="0"/>
</pin_list>
<bind>
<opcode="partselect(1002) " fcode="partselect"/>
<opset="trunc_ln30_1/1 "/>
</bind>
</comp>

<comp id="467" class="1004" name="tmp_60_fu_467">
<pin_list>
<pin id="468" dir="0" index="0" bw="1" slack="0"/>
<pin id="469" dir="0" index="1" bw="256" slack="0"/>
<pin id="470" dir="0" index="2" bw="4" slack="0"/>
<pin id="471" dir="1" index="3" bw="1" slack="0"/>
</pin_list>
<bind>
<opcode="bitselect(1000) " fcode="bitselect"/>
<opset="tmp_60/1 "/>
</bind>
</comp>

<comp id="475" class="1004" name="zext_ln30_fu_475">
<pin_list>
<pin id="476" dir="0" index="0" bw="1" slack="0"/>
<pin id="477" dir="1" index="1" bw="8" slack="0"/>
</pin_list>
<bind>
<opcode="zext(34) " fcode="zext"/>
<opset="zext_ln30/1 "/>
</bind>
</comp>

<comp id="479" class="1004" name="add_ln30_fu_479">
<pin_list>
<pin id="480" dir="0" index="0" bw="1" slack="0"/>
<pin id="481" dir="0" index="1" bw="8" slack="0"/>
<pin id="482" dir="1" index="2" bw="8" slack="1"/>
</pin_list>
<bind>
<opcode="add(8) " fcode="add"/>
<opset="add_ln30/1 "/>
</bind>
</comp>

<comp id="485" class="1004" name="trunc_ln_fu_485">
<pin_list>
<pin id="486" dir="0" index="0" bw="8" slack="0"/>
<pin id="487" dir="0" index="1" bw="256" slack="0"/>
<pin id="488" dir="0" index="2" bw="6" slack="0"/>
<pin id="489" dir="0" index="3" bw="6" slack="0"/>
<pin id="490" dir="1" index="4" bw="8" slack="0"/>
</pin_list>
<bind>
<opcode="partselect(1002) " fcode="partselect"/>
<opset="trunc_ln/1 "/>
</bind>
</comp>

<comp id="495" class="1004" name="tmp_61_fu_495">
<pin_list>
<pin id="496" dir="0" index="0" bw="1" slack="0"/>
<pin id="497" dir="0" index="1" bw="256" slack="0"/>
<pin id="498" dir="0" index="2" bw="6" slack="0"/>
<pin id="499" dir="1" index="3" bw="1" slack="0"/>
</pin_list>
<bind>
<opcode="bitselect(1000) " fcode="bitselect"/>
<opset="tmp_61/1 "/>
</bind>
</comp>

<comp id="503" class="1004" name="zext_ln31_fu_503">
<pin_list>
<pin id="504" dir="0" index="0" bw="1" slack="0"/>
<pin id="505" dir="1" index="1" bw="8" slack="0"/>
</pin_list>
<bind>
<opcode="zext(34) " fcode="zext"/>
<opset="zext_ln31/1 "/>
</bind>
</comp>

<comp id="507" class="1004" name="add_ln31_fu_507">
<pin_list>
<pin id="508" dir="0" index="0" bw="1" slack="0"/>
<pin id="509" dir="0" index="1" bw="8" slack="0"/>
<pin id="510" dir="1" index="2" bw="8" slack="1"/>
</pin_list>
<bind>
<opcode="add(8) " fcode="add"/>
<opset="add_ln31/1 "/>
</bind>
</comp>

<comp id="513" class="1004" name="trunc_ln1_fu_513">
<pin_list>
<pin id="514" dir="0" index="0" bw="10" slack="0"/>
<pin id="515" dir="0" index="1" bw="256" slack="0"/>
<pin id="516" dir="0" index="2" bw="7" slack="0"/>
<pin id="517" dir="0" index="3" bw="7" slack="0"/>
<pin id="518" dir="1" index="4" bw="10" slack="0"/>
</pin_list>
<bind>
<opcode="partselect(1002) " fcode="partselect"/>
<opset="trunc_ln1/1 "/>
</bind>
</comp>

<comp id="523" class="1004" name="tmp_62_fu_523">
<pin_list>
<pin id="524" dir="0" index="0" bw="1" slack="0"/>
<pin id="525" dir="0" index="1" bw="256" slack="0"/>
<pin id="526" dir="0" index="2" bw="7" slack="0"/>
<pin id="527" dir="1" index="3" bw="1" slack="0"/>
</pin_list>
<bind>
<opcode="bitselect(1000) " fcode="bitselect"/>
<opset="tmp_62/1 "/>
</bind>
</comp>

<comp id="531" class="1004" name="zext_ln32_fu_531">
<pin_list>
<pin id="532" dir="0" index="0" bw="1" slack="0"/>
<pin id="533" dir="1" index="1" bw="10" slack="0"/>
</pin_list>
<bind>
<opcode="zext(34) " fcode="zext"/>
<opset="zext_ln32/1 "/>
</bind>
</comp>

<comp id="535" class="1004" name="add_ln32_fu_535">
<pin_list>
<pin id="536" dir="0" index="0" bw="1" slack="0"/>
<pin id="537" dir="0" index="1" bw="10" slack="0"/>
<pin id="538" dir="1" index="2" bw="10" slack="1"/>
</pin_list>
<bind>
<opcode="add(8) " fcode="add"/>
<opset="add_ln32/1 "/>
</bind>
</comp>

<comp id="541" class="1004" name="trunc_ln2_fu_541">
<pin_list>
<pin id="542" dir="0" index="0" bw="10" slack="0"/>
<pin id="543" dir="0" index="1" bw="256" slack="0"/>
<pin id="544" dir="0" index="2" bw="7" slack="0"/>
<pin id="545" dir="0" index="3" bw="7" slack="0"/>
<pin id="546" dir="1" index="4" bw="10" slack="0"/>
</pin_list>
<bind>
<opcode="partselect(1002) " fcode="partselect"/>
<opset="trunc_ln2/1 "/>
</bind>
</comp>

<comp id="551" class="1004" name="tmp_63_fu_551">
<pin_list>
<pin id="552" dir="0" index="0" bw="1" slack="0"/>
<pin id="553" dir="0" index="1" bw="256" slack="0"/>
<pin id="554" dir="0" index="2" bw="7" slack="0"/>
<pin id="555" dir="1" index="3" bw="1" slack="0"/>
</pin_list>
<bind>
<opcode="bitselect(1000) " fcode="bitselect"/>
<opset="tmp_63/1 "/>
</bind>
</comp>

<comp id="559" class="1004" name="zext_ln33_fu_559">
<pin_list>
<pin id="560" dir="0" index="0" bw="1" slack="0"/>
<pin id="561" dir="1" index="1" bw="10" slack="0"/>
</pin_list>
<bind>
<opcode="zext(34) " fcode="zext"/>
<opset="zext_ln33/1 "/>
</bind>
</comp>

<comp id="563" class="1004" name="add_ln33_fu_563">
<pin_list>
<pin id="564" dir="0" index="0" bw="1" slack="0"/>
<pin id="565" dir="0" index="1" bw="10" slack="0"/>
<pin id="566" dir="1" index="2" bw="10" slack="1"/>
</pin_list>
<bind>
<opcode="add(8) " fcode="add"/>
<opset="add_ln33/1 "/>
</bind>
</comp>

<comp id="569" class="1004" name="trunc_ln3_fu_569">
<pin_list>
<pin id="570" dir="0" index="0" bw="10" slack="0"/>
<pin id="571" dir="0" index="1" bw="256" slack="0"/>
<pin id="572" dir="0" index="2" bw="8" slack="0"/>
<pin id="573" dir="0" index="3" bw="8" slack="0"/>
<pin id="574" dir="1" index="4" bw="10" slack="0"/>
</pin_list>
<bind>
<opcode="partselect(1002) " fcode="partselect"/>
<opset="trunc_ln3/1 "/>
</bind>
</comp>

<comp id="579" class="1004" name="tmp_64_fu_579">
<pin_list>
<pin id="580" dir="0" index="0" bw="1" slack="0"/>
<pin id="581" dir="0" index="1" bw="256" slack="0"/>
<pin id="582" dir="0" index="2" bw="8" slack="0"/>
<pin id="583" dir="1" index="3" bw="1" slack="0"/>
</pin_list>
<bind>
<opcode="bitselect(1000) " fcode="bitselect"/>
<opset="tmp_64/1 "/>
</bind>
</comp>

<comp id="587" class="1004" name="zext_ln34_fu_587">
<pin_list>
<pin id="588" dir="0" index="0" bw="1" slack="0"/>
<pin id="589" dir="1" index="1" bw="10" slack="0"/>
</pin_list>
<bind>
<opcode="zext(34) " fcode="zext"/>
<opset="zext_ln34/1 "/>
</bind>
</comp>

<comp id="591" class="1004" name="add_ln34_fu_591">
<pin_list>
<pin id="592" dir="0" index="0" bw="1" slack="0"/>
<pin id="593" dir="0" index="1" bw="10" slack="0"/>
<pin id="594" dir="1" index="2" bw="10" slack="1"/>
</pin_list>
<bind>
<opcode="add(8) " fcode="add"/>
<opset="add_ln34/1 "/>
</bind>
</comp>

<comp id="597" class="1004" name="trunc_ln4_fu_597">
<pin_list>
<pin id="598" dir="0" index="0" bw="9" slack="0"/>
<pin id="599" dir="0" index="1" bw="256" slack="0"/>
<pin id="600" dir="0" index="2" bw="8" slack="0"/>
<pin id="601" dir="0" index="3" bw="8" slack="0"/>
<pin id="602" dir="1" index="4" bw="9" slack="0"/>
</pin_list>
<bind>
<opcode="partselect(1002) " fcode="partselect"/>
<opset="trunc_ln4/1 "/>
</bind>
</comp>

<comp id="607" class="1004" name="tmp_65_fu_607">
<pin_list>
<pin id="608" dir="0" index="0" bw="1" slack="0"/>
<pin id="609" dir="0" index="1" bw="256" slack="0"/>
<pin id="610" dir="0" index="2" bw="8" slack="0"/>
<pin id="611" dir="1" index="3" bw="1" slack="0"/>
</pin_list>
<bind>
<opcode="bitselect(1000) " fcode="bitselect"/>
<opset="tmp_65/1 "/>
</bind>
</comp>

<comp id="615" class="1004" name="zext_ln35_fu_615">
<pin_list>
<pin id="616" dir="0" index="0" bw="1" slack="0"/>
<pin id="617" dir="1" index="1" bw="9" slack="0"/>
</pin_list>
<bind>
<opcode="zext(34) " fcode="zext"/>
<opset="zext_ln35/1 "/>
</bind>
</comp>

<comp id="619" class="1004" name="add_ln35_fu_619">
<pin_list>
<pin id="620" dir="0" index="0" bw="1" slack="0"/>
<pin id="621" dir="0" index="1" bw="9" slack="0"/>
<pin id="622" dir="1" index="2" bw="9" slack="1"/>
</pin_list>
<bind>
<opcode="add(8) " fcode="add"/>
<opset="add_ln35/1 "/>
</bind>
</comp>

<comp id="625" class="1004" name="trunc_ln5_fu_625">
<pin_list>
<pin id="626" dir="0" index="0" bw="5" slack="0"/>
<pin id="627" dir="0" index="1" bw="256" slack="0"/>
<pin id="628" dir="0" index="2" bw="8" slack="0"/>
<pin id="629" dir="0" index="3" bw="8" slack="0"/>
<pin id="630" dir="1" index="4" bw="5" slack="0"/>
</pin_list>
<bind>
<opcode="partselect(1002) " fcode="partselect"/>
<opset="trunc_ln5/1 "/>
</bind>
</comp>

<comp id="635" class="1004" name="tmp_66_fu_635">
<pin_list>
<pin id="636" dir="0" index="0" bw="1" slack="0"/>
<pin id="637" dir="0" index="1" bw="256" slack="0"/>
<pin id="638" dir="0" index="2" bw="8" slack="0"/>
<pin id="639" dir="1" index="3" bw="1" slack="0"/>
</pin_list>
<bind>
<opcode="bitselect(1000) " fcode="bitselect"/>
<opset="tmp_66/1 "/>
</bind>
</comp>

<comp id="643" class="1004" name="zext_ln36_fu_643">
<pin_list>
<pin id="644" dir="0" index="0" bw="1" slack="0"/>
<pin id="645" dir="1" index="1" bw="5" slack="0"/>
</pin_list>
<bind>
<opcode="zext(34) " fcode="zext"/>
<opset="zext_ln36/1 "/>
</bind>
</comp>

<comp id="647" class="1004" name="add_ln36_fu_647">
<pin_list>
<pin id="648" dir="0" index="0" bw="1" slack="0"/>
<pin id="649" dir="0" index="1" bw="5" slack="0"/>
<pin id="650" dir="1" index="2" bw="5" slack="1"/>
</pin_list>
<bind>
<opcode="add(8) " fcode="add"/>
<opset="add_ln36/1 "/>
</bind>
</comp>

<comp id="653" class="1004" name="trunc_ln6_fu_653">
<pin_list>
<pin id="654" dir="0" index="0" bw="7" slack="0"/>
<pin id="655" dir="0" index="1" bw="256" slack="0"/>
<pin id="656" dir="0" index="2" bw="8" slack="0"/>
<pin id="657" dir="0" index="3" bw="8" slack="0"/>
<pin id="658" dir="1" index="4" bw="7" slack="0"/>
</pin_list>
<bind>
<opcode="partselect(1002) " fcode="partselect"/>
<opset="trunc_ln6/1 "/>
</bind>
</comp>

<comp id="663" class="1004" name="tmp_67_fu_663">
<pin_list>
<pin id="664" dir="0" index="0" bw="1" slack="0"/>
<pin id="665" dir="0" index="1" bw="256" slack="0"/>
<pin id="666" dir="0" index="2" bw="8" slack="0"/>
<pin id="667" dir="1" index="3" bw="1" slack="0"/>
</pin_list>
<bind>
<opcode="bitselect(1000) " fcode="bitselect"/>
<opset="tmp_67/1 "/>
</bind>
</comp>

<comp id="671" class="1004" name="zext_ln37_fu_671">
<pin_list>
<pin id="672" dir="0" index="0" bw="1" slack="0"/>
<pin id="673" dir="1" index="1" bw="7" slack="0"/>
</pin_list>
<bind>
<opcode="zext(34) " fcode="zext"/>
<opset="zext_ln37/1 "/>
</bind>
</comp>

<comp id="675" class="1004" name="add_ln37_fu_675">
<pin_list>
<pin id="676" dir="0" index="0" bw="1" slack="0"/>
<pin id="677" dir="0" index="1" bw="7" slack="0"/>
<pin id="678" dir="1" index="2" bw="7" slack="1"/>
</pin_list>
<bind>
<opcode="add(8) " fcode="add"/>
<opset="add_ln37/1 "/>
</bind>
</comp>

<comp id="681" class="1004" name="trunc_ln7_fu_681">
<pin_list>
<pin id="682" dir="0" index="0" bw="5" slack="0"/>
<pin id="683" dir="0" index="1" bw="256" slack="0"/>
<pin id="684" dir="0" index="2" bw="9" slack="0"/>
<pin id="685" dir="0" index="3" bw="9" slack="0"/>
<pin id="686" dir="1" index="4" bw="5" slack="0"/>
</pin_list>
<bind>
<opcode="partselect(1002) " fcode="partselect"/>
<opset="trunc_ln7/1 "/>
</bind>
</comp>

<comp id="691" class="1004" name="tmp_68_fu_691">
<pin_list>
<pin id="692" dir="0" index="0" bw="1" slack="0"/>
<pin id="693" dir="0" index="1" bw="256" slack="0"/>
<pin id="694" dir="0" index="2" bw="9" slack="0"/>
<pin id="695" dir="1" index="3" bw="1" slack="0"/>
</pin_list>
<bind>
<opcode="bitselect(1000) " fcode="bitselect"/>
<opset="tmp_68/1 "/>
</bind>
</comp>

<comp id="699" class="1004" name="zext_ln38_fu_699">
<pin_list>
<pin id="700" dir="0" index="0" bw="1" slack="0"/>
<pin id="701" dir="1" index="1" bw="5" slack="0"/>
</pin_list>
<bind>
<opcode="zext(34) " fcode="zext"/>
<opset="zext_ln38/1 "/>
</bind>
</comp>

<comp id="703" class="1004" name="add_ln38_fu_703">
<pin_list>
<pin id="704" dir="0" index="0" bw="1" slack="0"/>
<pin id="705" dir="0" index="1" bw="5" slack="0"/>
<pin id="706" dir="1" index="2" bw="5" slack="1"/>
</pin_list>
<bind>
<opcode="add(8) " fcode="add"/>
<opset="add_ln38/1 "/>
</bind>
</comp>

<comp id="709" class="1004" name="trunc_ln8_fu_709">
<pin_list>
<pin id="710" dir="0" index="0" bw="7" slack="0"/>
<pin id="711" dir="0" index="1" bw="256" slack="0"/>
<pin id="712" dir="0" index="2" bw="9" slack="0"/>
<pin id="713" dir="0" index="3" bw="9" slack="0"/>
<pin id="714" dir="1" index="4" bw="7" slack="0"/>
</pin_list>
<bind>
<opcode="partselect(1002) " fcode="partselect"/>
<opset="trunc_ln8/1 "/>
</bind>
</comp>

<comp id="719" class="1004" name="tmp_69_fu_719">
<pin_list>
<pin id="720" dir="0" index="0" bw="1" slack="0"/>
<pin id="721" dir="0" index="1" bw="256" slack="0"/>
<pin id="722" dir="0" index="2" bw="9" slack="0"/>
<pin id="723" dir="1" index="3" bw="1" slack="0"/>
</pin_list>
<bind>
<opcode="bitselect(1000) " fcode="bitselect"/>
<opset="tmp_69/1 "/>
</bind>
</comp>

<comp id="727" class="1004" name="zext_ln39_fu_727">
<pin_list>
<pin id="728" dir="0" index="0" bw="1" slack="0"/>
<pin id="729" dir="1" index="1" bw="7" slack="0"/>
</pin_list>
<bind>
<opcode="zext(34) " fcode="zext"/>
<opset="zext_ln39/1 "/>
</bind>
</comp>

<comp id="731" class="1004" name="add_ln39_fu_731">
<pin_list>
<pin id="732" dir="0" index="0" bw="1" slack="0"/>
<pin id="733" dir="0" index="1" bw="7" slack="0"/>
<pin id="734" dir="1" index="2" bw="7" slack="1"/>
</pin_list>
<bind>
<opcode="add(8) " fcode="add"/>
<opset="add_ln39/1 "/>
</bind>
</comp>

<comp id="737" class="1004" name="trunc_ln9_fu_737">
<pin_list>
<pin id="738" dir="0" index="0" bw="6" slack="0"/>
<pin id="739" dir="0" index="1" bw="256" slack="0"/>
<pin id="740" dir="0" index="2" bw="9" slack="0"/>
<pin id="741" dir="0" index="3" bw="9" slack="0"/>
<pin id="742" dir="1" index="4" bw="6" slack="0"/>
</pin_list>
<bind>
<opcode="partselect(1002) " fcode="partselect"/>
<opset="trunc_ln9/1 "/>
</bind>
</comp>

<comp id="747" class="1004" name="tmp_70_fu_747">
<pin_list>
<pin id="748" dir="0" index="0" bw="1" slack="0"/>
<pin id="749" dir="0" index="1" bw="256" slack="0"/>
<pin id="750" dir="0" index="2" bw="9" slack="0"/>
<pin id="751" dir="1" index="3" bw="1" slack="0"/>
</pin_list>
<bind>
<opcode="bitselect(1000) " fcode="bitselect"/>
<opset="tmp_70/1 "/>
</bind>
</comp>

<comp id="755" class="1004" name="zext_ln40_fu_755">
<pin_list>
<pin id="756" dir="0" index="0" bw="1" slack="0"/>
<pin id="757" dir="1" index="1" bw="6" slack="0"/>
</pin_list>
<bind>
<opcode="zext(34) " fcode="zext"/>
<opset="zext_ln40/1 "/>
</bind>
</comp>

<comp id="759" class="1004" name="add_ln40_fu_759">
<pin_list>
<pin id="760" dir="0" index="0" bw="1" slack="0"/>
<pin id="761" dir="0" index="1" bw="6" slack="0"/>
<pin id="762" dir="1" index="2" bw="6" slack="1"/>
</pin_list>
<bind>
<opcode="add(8) " fcode="add"/>
<opset="add_ln40/1 "/>
</bind>
</comp>

<comp id="765" class="1004" name="trunc_ln10_fu_765">
<pin_list>
<pin id="766" dir="0" index="0" bw="7" slack="0"/>
<pin id="767" dir="0" index="1" bw="256" slack="0"/>
<pin id="768" dir="0" index="2" bw="9" slack="0"/>
<pin id="769" dir="0" index="3" bw="9" slack="0"/>
<pin id="770" dir="1" index="4" bw="7" slack="0"/>
</pin_list>
<bind>
<opcode="partselect(1002) " fcode="partselect"/>
<opset="trunc_ln10/1 "/>
</bind>
</comp>

<comp id="775" class="1004" name="tmp_71_fu_775">
<pin_list>
<pin id="776" dir="0" index="0" bw="1" slack="0"/>
<pin id="777" dir="0" index="1" bw="256" slack="0"/>
<pin id="778" dir="0" index="2" bw="9" slack="0"/>
<pin id="779" dir="1" index="3" bw="1" slack="0"/>
</pin_list>
<bind>
<opcode="bitselect(1000) " fcode="bitselect"/>
<opset="tmp_71/1 "/>
</bind>
</comp>

<comp id="783" class="1004" name="zext_ln41_fu_783">
<pin_list>
<pin id="784" dir="0" index="0" bw="1" slack="0"/>
<pin id="785" dir="1" index="1" bw="7" slack="0"/>
</pin_list>
<bind>
<opcode="zext(34) " fcode="zext"/>
<opset="zext_ln41/1 "/>
</bind>
</comp>

<comp id="787" class="1004" name="add_ln41_fu_787">
<pin_list>
<pin id="788" dir="0" index="0" bw="1" slack="0"/>
<pin id="789" dir="0" index="1" bw="7" slack="0"/>
<pin id="790" dir="1" index="2" bw="7" slack="1"/>
</pin_list>
<bind>
<opcode="add(8) " fcode="add"/>
<opset="add_ln41/1 "/>
</bind>
</comp>

<comp id="793" class="1004" name="trunc_ln11_fu_793">
<pin_list>
<pin id="794" dir="0" index="0" bw="7" slack="0"/>
<pin id="795" dir="0" index="1" bw="256" slack="0"/>
<pin id="796" dir="0" index="2" bw="9" slack="0"/>
<pin id="797" dir="0" index="3" bw="9" slack="0"/>
<pin id="798" dir="1" index="4" bw="7" slack="0"/>
</pin_list>
<bind>
<opcode="partselect(1002) " fcode="partselect"/>
<opset="trunc_ln11/1 "/>
</bind>
</comp>

<comp id="803" class="1004" name="tmp_72_fu_803">
<pin_list>
<pin id="804" dir="0" index="0" bw="1" slack="0"/>
<pin id="805" dir="0" index="1" bw="256" slack="0"/>
<pin id="806" dir="0" index="2" bw="9" slack="0"/>
<pin id="807" dir="1" index="3" bw="1" slack="0"/>
</pin_list>
<bind>
<opcode="bitselect(1000) " fcode="bitselect"/>
<opset="tmp_72/1 "/>
</bind>
</comp>

<comp id="811" class="1004" name="zext_ln42_fu_811">
<pin_list>
<pin id="812" dir="0" index="0" bw="1" slack="0"/>
<pin id="813" dir="1" index="1" bw="7" slack="0"/>
</pin_list>
<bind>
<opcode="zext(34) " fcode="zext"/>
<opset="zext_ln42/1 "/>
</bind>
</comp>

<comp id="815" class="1004" name="add_ln42_fu_815">
<pin_list>
<pin id="816" dir="0" index="0" bw="1" slack="0"/>
<pin id="817" dir="0" index="1" bw="7" slack="0"/>
<pin id="818" dir="1" index="2" bw="7" slack="1"/>
</pin_list>
<bind>
<opcode="add(8) " fcode="add"/>
<opset="add_ln42/1 "/>
</bind>
</comp>

<comp id="821" class="1004" name="trunc_ln12_fu_821">
<pin_list>
<pin id="822" dir="0" index="0" bw="5" slack="0"/>
<pin id="823" dir="0" index="1" bw="256" slack="0"/>
<pin id="824" dir="0" index="2" bw="9" slack="0"/>
<pin id="825" dir="0" index="3" bw="9" slack="0"/>
<pin id="826" dir="1" index="4" bw="5" slack="0"/>
</pin_list>
<bind>
<opcode="partselect(1002) " fcode="partselect"/>
<opset="trunc_ln12/1 "/>
</bind>
</comp>

<comp id="831" class="1004" name="tmp_73_fu_831">
<pin_list>
<pin id="832" dir="0" index="0" bw="1" slack="0"/>
<pin id="833" dir="0" index="1" bw="256" slack="0"/>
<pin id="834" dir="0" index="2" bw="9" slack="0"/>
<pin id="835" dir="1" index="3" bw="1" slack="0"/>
</pin_list>
<bind>
<opcode="bitselect(1000) " fcode="bitselect"/>
<opset="tmp_73/1 "/>
</bind>
</comp>

<comp id="839" class="1004" name="zext_ln43_fu_839">
<pin_list>
<pin id="840" dir="0" index="0" bw="1" slack="0"/>
<pin id="841" dir="1" index="1" bw="5" slack="0"/>
</pin_list>
<bind>
<opcode="zext(34) " fcode="zext"/>
<opset="zext_ln43/1 "/>
</bind>
</comp>

<comp id="843" class="1004" name="add_ln43_fu_843">
<pin_list>
<pin id="844" dir="0" index="0" bw="1" slack="0"/>
<pin id="845" dir="0" index="1" bw="5" slack="0"/>
<pin id="846" dir="1" index="2" bw="5" slack="1"/>
</pin_list>
<bind>
<opcode="add(8) " fcode="add"/>
<opset="add_ln43/1 "/>
</bind>
</comp>

<comp id="849" class="1004" name="trunc_ln13_fu_849">
<pin_list>
<pin id="850" dir="0" index="0" bw="12" slack="0"/>
<pin id="851" dir="0" index="1" bw="256" slack="0"/>
<pin id="852" dir="0" index="2" bw="9" slack="0"/>
<pin id="853" dir="0" index="3" bw="9" slack="0"/>
<pin id="854" dir="1" index="4" bw="12" slack="0"/>
</pin_list>
<bind>
<opcode="partselect(1002) " fcode="partselect"/>
<opset="trunc_ln13/1 "/>
</bind>
</comp>

<comp id="859" class="1004" name="tmp_74_fu_859">
<pin_list>
<pin id="860" dir="0" index="0" bw="1" slack="0"/>
<pin id="861" dir="0" index="1" bw="256" slack="0"/>
<pin id="862" dir="0" index="2" bw="9" slack="0"/>
<pin id="863" dir="1" index="3" bw="1" slack="0"/>
</pin_list>
<bind>
<opcode="bitselect(1000) " fcode="bitselect"/>
<opset="tmp_74/1 "/>
</bind>
</comp>

<comp id="867" class="1004" name="zext_ln44_fu_867">
<pin_list>
<pin id="868" dir="0" index="0" bw="1" slack="0"/>
<pin id="869" dir="1" index="1" bw="12" slack="0"/>
</pin_list>
<bind>
<opcode="zext(34) " fcode="zext"/>
<opset="zext_ln44/1 "/>
</bind>
</comp>

<comp id="871" class="1004" name="add_ln44_fu_871">
<pin_list>
<pin id="872" dir="0" index="0" bw="1" slack="0"/>
<pin id="873" dir="0" index="1" bw="12" slack="0"/>
<pin id="874" dir="1" index="2" bw="12" slack="1"/>
</pin_list>
<bind>
<opcode="add(8) " fcode="add"/>
<opset="add_ln44/1 "/>
</bind>
</comp>

<comp id="877" class="1004" name="trunc_ln14_fu_877">
<pin_list>
<pin id="878" dir="0" index="0" bw="8" slack="0"/>
<pin id="879" dir="0" index="1" bw="256" slack="0"/>
<pin id="880" dir="0" index="2" bw="9" slack="0"/>
<pin id="881" dir="0" index="3" bw="9" slack="0"/>
<pin id="882" dir="1" index="4" bw="8" slack="0"/>
</pin_list>
<bind>
<opcode="partselect(1002) " fcode="partselect"/>
<opset="trunc_ln14/1 "/>
</bind>
</comp>

<comp id="887" class="1004" name="tmp_75_fu_887">
<pin_list>
<pin id="888" dir="0" index="0" bw="1" slack="0"/>
<pin id="889" dir="0" index="1" bw="256" slack="0"/>
<pin id="890" dir="0" index="2" bw="9" slack="0"/>
<pin id="891" dir="1" index="3" bw="1" slack="0"/>
</pin_list>
<bind>
<opcode="bitselect(1000) " fcode="bitselect"/>
<opset="tmp_75/1 "/>
</bind>
</comp>

<comp id="895" class="1004" name="zext_ln45_fu_895">
<pin_list>
<pin id="896" dir="0" index="0" bw="1" slack="0"/>
<pin id="897" dir="1" index="1" bw="8" slack="0"/>
</pin_list>
<bind>
<opcode="zext(34) " fcode="zext"/>
<opset="zext_ln45/1 "/>
</bind>
</comp>

<comp id="899" class="1004" name="add_ln45_fu_899">
<pin_list>
<pin id="900" dir="0" index="0" bw="1" slack="0"/>
<pin id="901" dir="0" index="1" bw="8" slack="0"/>
<pin id="902" dir="1" index="2" bw="8" slack="1"/>
</pin_list>
<bind>
<opcode="add(8) " fcode="add"/>
<opset="add_ln45/1 "/>
</bind>
</comp>

<comp id="905" class="1004" name="layer2_out_fu_905">
<pin_list>
<pin id="906" dir="0" index="0" bw="14" slack="0"/>
<pin id="907" dir="0" index="1" bw="8" slack="1"/>
<pin id="908" dir="0" index="2" bw="1" slack="0"/>
<pin id="909" dir="1" index="3" bw="14" slack="0"/>
</pin_list>
<bind>
<opcode="bitconcatenate(1004) " fcode="bitconcatenate"/>
<opset="layer2_out/2 "/>
</bind>
</comp>

<comp id="913" class="1004" name="layer2_out_1_fu_913">
<pin_list>
<pin id="914" dir="0" index="0" bw="14" slack="0"/>
<pin id="915" dir="0" index="1" bw="8" slack="1"/>
<pin id="916" dir="0" index="2" bw="1" slack="0"/>
<pin id="917" dir="1" index="3" bw="14" slack="0"/>
</pin_list>
<bind>
<opcode="bitconcatenate(1004) " fcode="bitconcatenate"/>
<opset="layer2_out_1/2 "/>
</bind>
</comp>

<comp id="921" class="1004" name="layer2_out_2_fu_921">
<pin_list>
<pin id="922" dir="0" index="0" bw="14" slack="0"/>
<pin id="923" dir="0" index="1" bw="10" slack="1"/>
<pin id="924" dir="0" index="2" bw="1" slack="0"/>
<pin id="925" dir="1" index="3" bw="14" slack="0"/>
</pin_list>
<bind>
<opcode="bitconcatenate(1004) " fcode="bitconcatenate"/>
<opset="layer2_out_2/2 "/>
</bind>
</comp>

<comp id="929" class="1004" name="layer2_out_3_fu_929">
<pin_list>
<pin id="930" dir="0" index="0" bw="14" slack="0"/>
<pin id="931" dir="0" index="1" bw="10" slack="1"/>
<pin id="932" dir="0" index="2" bw="1" slack="0"/>
<pin id="933" dir="1" index="3" bw="14" slack="0"/>
</pin_list>
<bind>
<opcode="bitconcatenate(1004) " fcode="bitconcatenate"/>
<opset="layer2_out_3/2 "/>
</bind>
</comp>

<comp id="937" class="1004" name="layer2_out_4_fu_937">
<pin_list>
<pin id="938" dir="0" index="0" bw="14" slack="0"/>
<pin id="939" dir="0" index="1" bw="10" slack="1"/>
<pin id="940" dir="0" index="2" bw="1" slack="0"/>
<pin id="941" dir="1" index="3" bw="14" slack="0"/>
</pin_list>
<bind>
<opcode="bitconcatenate(1004) " fcode="bitconcatenate"/>
<opset="layer2_out_4/2 "/>
</bind>
</comp>

<comp id="945" class="1004" name="layer2_out_5_fu_945">
<pin_list>
<pin id="946" dir="0" index="0" bw="15" slack="0"/>
<pin id="947" dir="0" index="1" bw="9" slack="1"/>
<pin id="948" dir="0" index="2" bw="1" slack="0"/>
<pin id="949" dir="1" index="3" bw="15" slack="0"/>
</pin_list>
<bind>
<opcode="bitconcatenate(1004) " fcode="bitconcatenate"/>
<opset="layer2_out_5/2 "/>
</bind>
</comp>

<comp id="953" class="1004" name="layer2_out_6_fu_953">
<pin_list>
<pin id="954" dir="0" index="0" bw="14" slack="0"/>
<pin id="955" dir="0" index="1" bw="5" slack="1"/>
<pin id="956" dir="0" index="2" bw="1" slack="0"/>
<pin id="957" dir="1" index="3" bw="14" slack="0"/>
</pin_list>
<bind>
<opcode="bitconcatenate(1004) " fcode="bitconcatenate"/>
<opset="layer2_out_6/2 "/>
</bind>
</comp>

<comp id="961" class="1004" name="layer2_out_7_fu_961">
<pin_list>
<pin id="962" dir="0" index="0" bw="14" slack="0"/>
<pin id="963" dir="0" index="1" bw="7" slack="1"/>
<pin id="964" dir="0" index="2" bw="1" slack="0"/>
<pin id="965" dir="1" index="3" bw="14" slack="0"/>
</pin_list>
<bind>
<opcode="bitconcatenate(1004) " fcode="bitconcatenate"/>
<opset="layer2_out_7/2 "/>
</bind>
</comp>

<comp id="969" class="1004" name="layer2_out_8_fu_969">
<pin_list>
<pin id="970" dir="0" index="0" bw="14" slack="0"/>
<pin id="971" dir="0" index="1" bw="5" slack="1"/>
<pin id="972" dir="0" index="2" bw="1" slack="0"/>
<pin id="973" dir="1" index="3" bw="14" slack="0"/>
</pin_list>
<bind>
<opcode="bitconcatenate(1004) " fcode="bitconcatenate"/>
<opset="layer2_out_8/2 "/>
</bind>
</comp>

<comp id="977" class="1004" name="layer2_out_9_fu_977">
<pin_list>
<pin id="978" dir="0" index="0" bw="13" slack="0"/>
<pin id="979" dir="0" index="1" bw="7" slack="1"/>
<pin id="980" dir="0" index="2" bw="1" slack="0"/>
<pin id="981" dir="1" index="3" bw="13" slack="0"/>
</pin_list>
<bind>
<opcode="bitconcatenate(1004) " fcode="bitconcatenate"/>
<opset="layer2_out_9/2 "/>
</bind>
</comp>

<comp id="985" class="1004" name="layer2_out_10_fu_985">
<pin_list>
<pin id="986" dir="0" index="0" bw="13" slack="0"/>
<pin id="987" dir="0" index="1" bw="6" slack="1"/>
<pin id="988" dir="0" index="2" bw="1" slack="0"/>
<pin id="989" dir="1" index="3" bw="13" slack="0"/>
</pin_list>
<bind>
<opcode="bitconcatenate(1004) " fcode="bitconcatenate"/>
<opset="layer2_out_10/2 "/>
</bind>
</comp>

<comp id="993" class="1004" name="layer2_out_11_fu_993">
<pin_list>
<pin id="994" dir="0" index="0" bw="13" slack="0"/>
<pin id="995" dir="0" index="1" bw="7" slack="1"/>
<pin id="996" dir="0" index="2" bw="1" slack="0"/>
<pin id="997" dir="1" index="3" bw="13" slack="0"/>
</pin_list>
<bind>
<opcode="bitconcatenate(1004) " fcode="bitconcatenate"/>
<opset="layer2_out_11/2 "/>
</bind>
</comp>

<comp id="1001" class="1004" name="layer2_out_12_fu_1001">
<pin_list>
<pin id="1002" dir="0" index="0" bw="13" slack="0"/>
<pin id="1003" dir="0" index="1" bw="7" slack="1"/>
<pin id="1004" dir="0" index="2" bw="1" slack="0"/>
<pin id="1005" dir="1" index="3" bw="13" slack="0"/>
</pin_list>
<bind>
<opcode="bitconcatenate(1004) " fcode="bitconcatenate"/>
<opset="layer2_out_12/2 "/>
</bind>
</comp>

<comp id="1009" class="1004" name="layer2_out_13_fu_1009">
<pin_list>
<pin id="1010" dir="0" index="0" bw="13" slack="0"/>
<pin id="1011" dir="0" index="1" bw="5" slack="1"/>
<pin id="1012" dir="0" index="2" bw="1" slack="0"/>
<pin id="1013" dir="1" index="3" bw="13" slack="0"/>
</pin_list>
<bind>
<opcode="bitconcatenate(1004) " fcode="bitconcatenate"/>
<opset="layer2_out_13/2 "/>
</bind>
</comp>

<comp id="1017" class="1004" name="layer2_out_14_fu_1017">
<pin_list>
<pin id="1018" dir="0" index="0" bw="15" slack="0"/>
<pin id="1019" dir="0" index="1" bw="12" slack="1"/>
<pin id="1020" dir="0" index="2" bw="1" slack="0"/>
<pin id="1021" dir="1" index="3" bw="15" slack="0"/>
</pin_list>
<bind>
<opcode="bitconcatenate(1004) " fcode="bitconcatenate"/>
<opset="layer2_out_14/2 "/>
</bind>
</comp>

<comp id="1025" class="1004" name="layer2_out_15_fu_1025">
<pin_list>
<pin id="1026" dir="0" index="0" bw="14" slack="0"/>
<pin id="1027" dir="0" index="1" bw="8" slack="1"/>
<pin id="1028" dir="0" index="2" bw="1" slack="0"/>
<pin id="1029" dir="1" index="3" bw="14" slack="0"/>
</pin_list>
<bind>
<opcode="bitconcatenate(1004) " fcode="bitconcatenate"/>
<opset="layer2_out_15/2 "/>
</bind>
</comp>

<comp id="1033" class="1004" name="layer3_out_fu_1033">
<pin_list>
<pin id="1034" dir="0" index="0" bw="448" slack="0"/>
<pin id="1035" dir="1" index="1" bw="16" slack="0"/>
</pin_list>
<bind>
<opcode="extractvalue(56) " fcode="extractvalue"/>
<opset="layer3_out/3 "/>
</bind>
</comp>

<comp id="1038" class="1004" name="layer3_out_1_fu_1038">
<pin_list>
<pin id="1039" dir="0" index="0" bw="448" slack="0"/>
<pin id="1040" dir="1" index="1" bw="16" slack="0"/>
</pin_list>
<bind>
<opcode="extractvalue(56) " fcode="extractvalue"/>
<opset="layer3_out_1/3 "/>
</bind>
</comp>

<comp id="1043" class="1004" name="layer3_out_2_fu_1043">
<pin_list>
<pin id="1044" dir="0" index="0" bw="448" slack="0"/>
<pin id="1045" dir="1" index="1" bw="16" slack="0"/>
</pin_list>
<bind>
<opcode="extractvalue(56) " fcode="extractvalue"/>
<opset="layer3_out_2/3 "/>
</bind>
</comp>

<comp id="1048" class="1004" name="layer3_out_3_fu_1048">
<pin_list>
<pin id="1049" dir="0" index="0" bw="448" slack="0"/>
<pin id="1050" dir="1" index="1" bw="16" slack="0"/>
</pin_list>
<bind>
<opcode="extractvalue(56) " fcode="extractvalue"/>
<opset="layer3_out_3/3 "/>
</bind>
</comp>

<comp id="1053" class="1004" name="layer3_out_4_fu_1053">
<pin_list>
<pin id="1054" dir="0" index="0" bw="448" slack="0"/>
<pin id="1055" dir="1" index="1" bw="16" slack="0"/>
</pin_list>
<bind>
<opcode="extractvalue(56) " fcode="extractvalue"/>
<opset="layer3_out_4/3 "/>
</bind>
</comp>

<comp id="1058" class="1004" name="layer3_out_5_fu_1058">
<pin_list>
<pin id="1059" dir="0" index="0" bw="448" slack="0"/>
<pin id="1060" dir="1" index="1" bw="16" slack="0"/>
</pin_list>
<bind>
<opcode="extractvalue(56) " fcode="extractvalue"/>
<opset="layer3_out_5/3 "/>
</bind>
</comp>

<comp id="1063" class="1004" name="layer3_out_6_fu_1063">
<pin_list>
<pin id="1064" dir="0" index="0" bw="448" slack="0"/>
<pin id="1065" dir="1" index="1" bw="16" slack="0"/>
</pin_list>
<bind>
<opcode="extractvalue(56) " fcode="extractvalue"/>
<opset="layer3_out_6/3 "/>
</bind>
</comp>

<comp id="1068" class="1004" name="layer3_out_7_fu_1068">
<pin_list>
<pin id="1069" dir="0" index="0" bw="448" slack="0"/>
<pin id="1070" dir="1" index="1" bw="16" slack="0"/>
</pin_list>
<bind>
<opcode="extractvalue(56) " fcode="extractvalue"/>
<opset="layer3_out_7/3 "/>
</bind>
</comp>

<comp id="1073" class="1004" name="layer3_out_8_fu_1073">
<pin_list>
<pin id="1074" dir="0" index="0" bw="448" slack="0"/>
<pin id="1075" dir="1" index="1" bw="16" slack="0"/>
</pin_list>
<bind>
<opcode="extractvalue(56) " fcode="extractvalue"/>
<opset="layer3_out_8/3 "/>
</bind>
</comp>

<comp id="1078" class="1004" name="layer3_out_9_fu_1078">
<pin_list>
<pin id="1079" dir="0" index="0" bw="448" slack="0"/>
<pin id="1080" dir="1" index="1" bw="16" slack="0"/>
</pin_list>
<bind>
<opcode="extractvalue(56) " fcode="extractvalue"/>
<opset="layer3_out_9/3 "/>
</bind>
</comp>

<comp id="1083" class="1004" name="layer3_out_27_fu_1083">
<pin_list>
<pin id="1084" dir="0" index="0" bw="448" slack="0"/>
<pin id="1085" dir="1" index="1" bw="16" slack="0"/>
</pin_list>
<bind>
<opcode="extractvalue(56) " fcode="extractvalue"/>
<opset="layer3_out_27/3 "/>
</bind>
</comp>

<comp id="1088" class="1004" name="layer3_out_10_fu_1088">
<pin_list>
<pin id="1089" dir="0" index="0" bw="448" slack="0"/>
<pin id="1090" dir="1" index="1" bw="16" slack="0"/>
</pin_list>
<bind>
<opcode="extractvalue(56) " fcode="extractvalue"/>
<opset="layer3_out_10/3 "/>
</bind>
</comp>

<comp id="1093" class="1004" name="layer3_out_11_fu_1093">
<pin_list>
<pin id="1094" dir="0" index="0" bw="448" slack="0"/>
<pin id="1095" dir="1" index="1" bw="16" slack="0"/>
</pin_list>
<bind>
<opcode="extractvalue(56) " fcode="extractvalue"/>
<opset="layer3_out_11/3 "/>
</bind>
</comp>

<comp id="1098" class="1004" name="layer3_out_12_fu_1098">
<pin_list>
<pin id="1099" dir="0" index="0" bw="448" slack="0"/>
<pin id="1100" dir="1" index="1" bw="16" slack="0"/>
</pin_list>
<bind>
<opcode="extractvalue(56) " fcode="extractvalue"/>
<opset="layer3_out_12/3 "/>
</bind>
</comp>

<comp id="1103" class="1004" name="layer3_out_13_fu_1103">
<pin_list>
<pin id="1104" dir="0" index="0" bw="448" slack="0"/>
<pin id="1105" dir="1" index="1" bw="16" slack="0"/>
</pin_list>
<bind>
<opcode="extractvalue(56) " fcode="extractvalue"/>
<opset="layer3_out_13/3 "/>
</bind>
</comp>

<comp id="1108" class="1004" name="layer3_out_14_fu_1108">
<pin_list>
<pin id="1109" dir="0" index="0" bw="448" slack="0"/>
<pin id="1110" dir="1" index="1" bw="16" slack="0"/>
</pin_list>
<bind>
<opcode="extractvalue(56) " fcode="extractvalue"/>
<opset="layer3_out_14/3 "/>
</bind>
</comp>

<comp id="1113" class="1004" name="layer3_out_15_fu_1113">
<pin_list>
<pin id="1114" dir="0" index="0" bw="448" slack="0"/>
<pin id="1115" dir="1" index="1" bw="16" slack="0"/>
</pin_list>
<bind>
<opcode="extractvalue(56) " fcode="extractvalue"/>
<opset="layer3_out_15/3 "/>
</bind>
</comp>

<comp id="1118" class="1004" name="layer3_out_16_fu_1118">
<pin_list>
<pin id="1119" dir="0" index="0" bw="448" slack="0"/>
<pin id="1120" dir="1" index="1" bw="16" slack="0"/>
</pin_list>
<bind>
<opcode="extractvalue(56) " fcode="extractvalue"/>
<opset="layer3_out_16/3 "/>
</bind>
</comp>

<comp id="1123" class="1004" name="layer3_out_17_fu_1123">
<pin_list>
<pin id="1124" dir="0" index="0" bw="448" slack="0"/>
<pin id="1125" dir="1" index="1" bw="16" slack="0"/>
</pin_list>
<bind>
<opcode="extractvalue(56) " fcode="extractvalue"/>
<opset="layer3_out_17/3 "/>
</bind>
</comp>

<comp id="1128" class="1004" name="layer3_out_18_fu_1128">
<pin_list>
<pin id="1129" dir="0" index="0" bw="448" slack="0"/>
<pin id="1130" dir="1" index="1" bw="16" slack="0"/>
</pin_list>
<bind>
<opcode="extractvalue(56) " fcode="extractvalue"/>
<opset="layer3_out_18/3 "/>
</bind>
</comp>

<comp id="1133" class="1004" name="layer3_out_19_fu_1133">
<pin_list>
<pin id="1134" dir="0" index="0" bw="448" slack="0"/>
<pin id="1135" dir="1" index="1" bw="16" slack="0"/>
</pin_list>
<bind>
<opcode="extractvalue(56) " fcode="extractvalue"/>
<opset="layer3_out_19/3 "/>
</bind>
</comp>

<comp id="1138" class="1004" name="layer3_out_20_fu_1138">
<pin_list>
<pin id="1139" dir="0" index="0" bw="448" slack="0"/>
<pin id="1140" dir="1" index="1" bw="16" slack="0"/>
</pin_list>
<bind>
<opcode="extractvalue(56) " fcode="extractvalue"/>
<opset="layer3_out_20/3 "/>
</bind>
</comp>

<comp id="1143" class="1004" name="layer3_out_21_fu_1143">
<pin_list>
<pin id="1144" dir="0" index="0" bw="448" slack="0"/>
<pin id="1145" dir="1" index="1" bw="16" slack="0"/>
</pin_list>
<bind>
<opcode="extractvalue(56) " fcode="extractvalue"/>
<opset="layer3_out_21/3 "/>
</bind>
</comp>

<comp id="1148" class="1004" name="layer3_out_22_fu_1148">
<pin_list>
<pin id="1149" dir="0" index="0" bw="448" slack="0"/>
<pin id="1150" dir="1" index="1" bw="16" slack="0"/>
</pin_list>
<bind>
<opcode="extractvalue(56) " fcode="extractvalue"/>
<opset="layer3_out_22/3 "/>
</bind>
</comp>

<comp id="1153" class="1004" name="layer3_out_23_fu_1153">
<pin_list>
<pin id="1154" dir="0" index="0" bw="448" slack="0"/>
<pin id="1155" dir="1" index="1" bw="16" slack="0"/>
</pin_list>
<bind>
<opcode="extractvalue(56) " fcode="extractvalue"/>
<opset="layer3_out_23/3 "/>
</bind>
</comp>

<comp id="1158" class="1004" name="layer3_out_24_fu_1158">
<pin_list>
<pin id="1159" dir="0" index="0" bw="448" slack="0"/>
<pin id="1160" dir="1" index="1" bw="16" slack="0"/>
</pin_list>
<bind>
<opcode="extractvalue(56) " fcode="extractvalue"/>
<opset="layer3_out_24/3 "/>
</bind>
</comp>

<comp id="1163" class="1004" name="layer3_out_25_fu_1163">
<pin_list>
<pin id="1164" dir="0" index="0" bw="448" slack="0"/>
<pin id="1165" dir="1" index="1" bw="16" slack="0"/>
</pin_list>
<bind>
<opcode="extractvalue(56) " fcode="extractvalue"/>
<opset="layer3_out_25/3 "/>
</bind>
</comp>

<comp id="1168" class="1004" name="layer3_out_26_fu_1168">
<pin_list>
<pin id="1169" dir="0" index="0" bw="448" slack="0"/>
<pin id="1170" dir="1" index="1" bw="16" slack="0"/>
</pin_list>
<bind>
<opcode="extractvalue(56) " fcode="extractvalue"/>
<opset="layer3_out_26/3 "/>
</bind>
</comp>

<comp id="1173" class="1004" name="layer6_out_fu_1173">
<pin_list>
<pin id="1174" dir="0" index="0" bw="448" slack="0"/>
<pin id="1175" dir="1" index="1" bw="16" slack="0"/>
</pin_list>
<bind>
<opcode="extractvalue(56) " fcode="extractvalue"/>
<opset="layer6_out/3 "/>
</bind>
</comp>

<comp id="1177" class="1004" name="layer6_out_1_fu_1177">
<pin_list>
<pin id="1178" dir="0" index="0" bw="448" slack="0"/>
<pin id="1179" dir="1" index="1" bw="16" slack="0"/>
</pin_list>
<bind>
<opcode="extractvalue(56) " fcode="extractvalue"/>
<opset="layer6_out_1/3 "/>
</bind>
</comp>

<comp id="1181" class="1004" name="layer6_out_2_fu_1181">
<pin_list>
<pin id="1182" dir="0" index="0" bw="448" slack="0"/>
<pin id="1183" dir="1" index="1" bw="16" slack="0"/>
</pin_list>
<bind>
<opcode="extractvalue(56) " fcode="extractvalue"/>
<opset="layer6_out_2/3 "/>
</bind>
</comp>

<comp id="1185" class="1004" name="layer6_out_3_fu_1185">
<pin_list>
<pin id="1186" dir="0" index="0" bw="448" slack="0"/>
<pin id="1187" dir="1" index="1" bw="16" slack="0"/>
</pin_list>
<bind>
<opcode="extractvalue(56) " fcode="extractvalue"/>
<opset="layer6_out_3/3 "/>
</bind>
</comp>

<comp id="1189" class="1004" name="layer6_out_4_fu_1189">
<pin_list>
<pin id="1190" dir="0" index="0" bw="448" slack="0"/>
<pin id="1191" dir="1" index="1" bw="16" slack="0"/>
</pin_list>
<bind>
<opcode="extractvalue(56) " fcode="extractvalue"/>
<opset="layer6_out_4/3 "/>
</bind>
</comp>

<comp id="1193" class="1004" name="layer6_out_5_fu_1193">
<pin_list>
<pin id="1194" dir="0" index="0" bw="448" slack="0"/>
<pin id="1195" dir="1" index="1" bw="16" slack="0"/>
</pin_list>
<bind>
<opcode="extractvalue(56) " fcode="extractvalue"/>
<opset="layer6_out_5/3 "/>
</bind>
</comp>

<comp id="1197" class="1004" name="layer6_out_6_fu_1197">
<pin_list>
<pin id="1198" dir="0" index="0" bw="448" slack="0"/>
<pin id="1199" dir="1" index="1" bw="16" slack="0"/>
</pin_list>
<bind>
<opcode="extractvalue(56) " fcode="extractvalue"/>
<opset="layer6_out_6/3 "/>
</bind>
</comp>

<comp id="1201" class="1004" name="layer6_out_7_fu_1201">
<pin_list>
<pin id="1202" dir="0" index="0" bw="448" slack="0"/>
<pin id="1203" dir="1" index="1" bw="16" slack="0"/>
</pin_list>
<bind>
<opcode="extractvalue(56) " fcode="extractvalue"/>
<opset="layer6_out_7/3 "/>
</bind>
</comp>

<comp id="1205" class="1004" name="layer6_out_8_fu_1205">
<pin_list>
<pin id="1206" dir="0" index="0" bw="448" slack="0"/>
<pin id="1207" dir="1" index="1" bw="16" slack="0"/>
</pin_list>
<bind>
<opcode="extractvalue(56) " fcode="extractvalue"/>
<opset="layer6_out_8/3 "/>
</bind>
</comp>

<comp id="1209" class="1004" name="layer6_out_9_fu_1209">
<pin_list>
<pin id="1210" dir="0" index="0" bw="448" slack="0"/>
<pin id="1211" dir="1" index="1" bw="16" slack="0"/>
</pin_list>
<bind>
<opcode="extractvalue(56) " fcode="extractvalue"/>
<opset="layer6_out_9/3 "/>
</bind>
</comp>

<comp id="1213" class="1004" name="layer6_out_27_fu_1213">
<pin_list>
<pin id="1214" dir="0" index="0" bw="448" slack="0"/>
<pin id="1215" dir="1" index="1" bw="16" slack="0"/>
</pin_list>
<bind>
<opcode="extractvalue(56) " fcode="extractvalue"/>
<opset="layer6_out_27/3 "/>
</bind>
</comp>

<comp id="1217" class="1004" name="layer6_out_10_fu_1217">
<pin_list>
<pin id="1218" dir="0" index="0" bw="448" slack="0"/>
<pin id="1219" dir="1" index="1" bw="16" slack="0"/>
</pin_list>
<bind>
<opcode="extractvalue(56) " fcode="extractvalue"/>
<opset="layer6_out_10/3 "/>
</bind>
</comp>

<comp id="1221" class="1004" name="layer6_out_11_fu_1221">
<pin_list>
<pin id="1222" dir="0" index="0" bw="448" slack="0"/>
<pin id="1223" dir="1" index="1" bw="16" slack="0"/>
</pin_list>
<bind>
<opcode="extractvalue(56) " fcode="extractvalue"/>
<opset="layer6_out_11/3 "/>
</bind>
</comp>

<comp id="1225" class="1004" name="layer6_out_12_fu_1225">
<pin_list>
<pin id="1226" dir="0" index="0" bw="448" slack="0"/>
<pin id="1227" dir="1" index="1" bw="16" slack="0"/>
</pin_list>
<bind>
<opcode="extractvalue(56) " fcode="extractvalue"/>
<opset="layer6_out_12/3 "/>
</bind>
</comp>

<comp id="1229" class="1004" name="layer6_out_13_fu_1229">
<pin_list>
<pin id="1230" dir="0" index="0" bw="448" slack="0"/>
<pin id="1231" dir="1" index="1" bw="16" slack="0"/>
</pin_list>
<bind>
<opcode="extractvalue(56) " fcode="extractvalue"/>
<opset="layer6_out_13/3 "/>
</bind>
</comp>

<comp id="1233" class="1004" name="layer6_out_14_fu_1233">
<pin_list>
<pin id="1234" dir="0" index="0" bw="448" slack="0"/>
<pin id="1235" dir="1" index="1" bw="16" slack="0"/>
</pin_list>
<bind>
<opcode="extractvalue(56) " fcode="extractvalue"/>
<opset="layer6_out_14/3 "/>
</bind>
</comp>

<comp id="1237" class="1004" name="layer6_out_15_fu_1237">
<pin_list>
<pin id="1238" dir="0" index="0" bw="448" slack="0"/>
<pin id="1239" dir="1" index="1" bw="16" slack="0"/>
</pin_list>
<bind>
<opcode="extractvalue(56) " fcode="extractvalue"/>
<opset="layer6_out_15/3 "/>
</bind>
</comp>

<comp id="1241" class="1004" name="layer6_out_16_fu_1241">
<pin_list>
<pin id="1242" dir="0" index="0" bw="448" slack="0"/>
<pin id="1243" dir="1" index="1" bw="16" slack="0"/>
</pin_list>
<bind>
<opcode="extractvalue(56) " fcode="extractvalue"/>
<opset="layer6_out_16/3 "/>
</bind>
</comp>

<comp id="1245" class="1004" name="layer6_out_17_fu_1245">
<pin_list>
<pin id="1246" dir="0" index="0" bw="448" slack="0"/>
<pin id="1247" dir="1" index="1" bw="16" slack="0"/>
</pin_list>
<bind>
<opcode="extractvalue(56) " fcode="extractvalue"/>
<opset="layer6_out_17/3 "/>
</bind>
</comp>

<comp id="1249" class="1004" name="layer6_out_18_fu_1249">
<pin_list>
<pin id="1250" dir="0" index="0" bw="448" slack="0"/>
<pin id="1251" dir="1" index="1" bw="16" slack="0"/>
</pin_list>
<bind>
<opcode="extractvalue(56) " fcode="extractvalue"/>
<opset="layer6_out_18/3 "/>
</bind>
</comp>

<comp id="1253" class="1004" name="layer6_out_19_fu_1253">
<pin_list>
<pin id="1254" dir="0" index="0" bw="448" slack="0"/>
<pin id="1255" dir="1" index="1" bw="16" slack="0"/>
</pin_list>
<bind>
<opcode="extractvalue(56) " fcode="extractvalue"/>
<opset="layer6_out_19/3 "/>
</bind>
</comp>

<comp id="1257" class="1004" name="layer6_out_20_fu_1257">
<pin_list>
<pin id="1258" dir="0" index="0" bw="448" slack="0"/>
<pin id="1259" dir="1" index="1" bw="16" slack="0"/>
</pin_list>
<bind>
<opcode="extractvalue(56) " fcode="extractvalue"/>
<opset="layer6_out_20/3 "/>
</bind>
</comp>

<comp id="1261" class="1004" name="layer6_out_21_fu_1261">
<pin_list>
<pin id="1262" dir="0" index="0" bw="448" slack="0"/>
<pin id="1263" dir="1" index="1" bw="16" slack="0"/>
</pin_list>
<bind>
<opcode="extractvalue(56) " fcode="extractvalue"/>
<opset="layer6_out_21/3 "/>
</bind>
</comp>

<comp id="1265" class="1004" name="layer6_out_22_fu_1265">
<pin_list>
<pin id="1266" dir="0" index="0" bw="448" slack="0"/>
<pin id="1267" dir="1" index="1" bw="16" slack="0"/>
</pin_list>
<bind>
<opcode="extractvalue(56) " fcode="extractvalue"/>
<opset="layer6_out_22/3 "/>
</bind>
</comp>

<comp id="1269" class="1004" name="layer6_out_23_fu_1269">
<pin_list>
<pin id="1270" dir="0" index="0" bw="448" slack="0"/>
<pin id="1271" dir="1" index="1" bw="16" slack="0"/>
</pin_list>
<bind>
<opcode="extractvalue(56) " fcode="extractvalue"/>
<opset="layer6_out_23/3 "/>
</bind>
</comp>

<comp id="1273" class="1004" name="layer6_out_24_fu_1273">
<pin_list>
<pin id="1274" dir="0" index="0" bw="448" slack="0"/>
<pin id="1275" dir="1" index="1" bw="16" slack="0"/>
</pin_list>
<bind>
<opcode="extractvalue(56) " fcode="extractvalue"/>
<opset="layer6_out_24/3 "/>
</bind>
</comp>

<comp id="1277" class="1004" name="layer6_out_25_fu_1277">
<pin_list>
<pin id="1278" dir="0" index="0" bw="448" slack="0"/>
<pin id="1279" dir="1" index="1" bw="16" slack="0"/>
</pin_list>
<bind>
<opcode="extractvalue(56) " fcode="extractvalue"/>
<opset="layer6_out_25/3 "/>
</bind>
</comp>

<comp id="1281" class="1004" name="layer6_out_26_fu_1281">
<pin_list>
<pin id="1282" dir="0" index="0" bw="448" slack="0"/>
<pin id="1283" dir="1" index="1" bw="16" slack="0"/>
</pin_list>
<bind>
<opcode="extractvalue(56) " fcode="extractvalue"/>
<opset="layer6_out_26/3 "/>
</bind>
</comp>

<comp id="1285" class="1004" name="tmp_fu_1285">
<pin_list>
<pin id="1286" dir="0" index="0" bw="4" slack="0"/>
<pin id="1287" dir="0" index="1" bw="16" slack="0"/>
<pin id="1288" dir="0" index="2" bw="5" slack="0"/>
<pin id="1289" dir="0" index="3" bw="5" slack="0"/>
<pin id="1290" dir="1" index="4" bw="4" slack="1"/>
</pin_list>
<bind>
<opcode="partselect(1002) " fcode="partselect"/>
<opset="tmp/3 "/>
</bind>
</comp>

<comp id="1295" class="1004" name="tmp_1_fu_1295">
<pin_list>
<pin id="1296" dir="0" index="0" bw="8" slack="0"/>
<pin id="1297" dir="0" index="1" bw="16" slack="0"/>
<pin id="1298" dir="0" index="2" bw="4" slack="0"/>
<pin id="1299" dir="0" index="3" bw="5" slack="0"/>
<pin id="1300" dir="1" index="4" bw="8" slack="1"/>
</pin_list>
<bind>
<opcode="partselect(1002) " fcode="partselect"/>
<opset="tmp_1/3 "/>
</bind>
</comp>

<comp id="1305" class="1004" name="tmp_2_fu_1305">
<pin_list>
<pin id="1306" dir="0" index="0" bw="10" slack="0"/>
<pin id="1307" dir="0" index="1" bw="16" slack="0"/>
<pin id="1308" dir="0" index="2" bw="4" slack="0"/>
<pin id="1309" dir="0" index="3" bw="5" slack="0"/>
<pin id="1310" dir="1" index="4" bw="10" slack="1"/>
</pin_list>
<bind>
<opcode="partselect(1002) " fcode="partselect"/>
<opset="tmp_2/3 "/>
</bind>
</comp>

<comp id="1315" class="1004" name="tmp_3_fu_1315">
<pin_list>
<pin id="1316" dir="0" index="0" bw="5" slack="0"/>
<pin id="1317" dir="0" index="1" bw="16" slack="0"/>
<pin id="1318" dir="0" index="2" bw="5" slack="0"/>
<pin id="1319" dir="0" index="3" bw="5" slack="0"/>
<pin id="1320" dir="1" index="4" bw="5" slack="1"/>
</pin_list>
<bind>
<opcode="partselect(1002) " fcode="partselect"/>
<opset="tmp_3/3 "/>
</bind>
</comp>

<comp id="1325" class="1004" name="tmp_4_fu_1325">
<pin_list>
<pin id="1326" dir="0" index="0" bw="4" slack="0"/>
<pin id="1327" dir="0" index="1" bw="16" slack="0"/>
<pin id="1328" dir="0" index="2" bw="5" slack="0"/>
<pin id="1329" dir="0" index="3" bw="5" slack="0"/>
<pin id="1330" dir="1" index="4" bw="4" slack="1"/>
</pin_list>
<bind>
<opcode="partselect(1002) " fcode="partselect"/>
<opset="tmp_4/3 "/>
</bind>
</comp>

<comp id="1335" class="1004" name="tmp_5_fu_1335">
<pin_list>
<pin id="1336" dir="0" index="0" bw="11" slack="0"/>
<pin id="1337" dir="0" index="1" bw="16" slack="0"/>
<pin id="1338" dir="0" index="2" bw="4" slack="0"/>
<pin id="1339" dir="0" index="3" bw="5" slack="0"/>
<pin id="1340" dir="1" index="4" bw="11" slack="1"/>
</pin_list>
<bind>
<opcode="partselect(1002) " fcode="partselect"/>
<opset="tmp_5/3 "/>
</bind>
</comp>

<comp id="1345" class="1004" name="tmp_6_fu_1345">
<pin_list>
<pin id="1346" dir="0" index="0" bw="8" slack="0"/>
<pin id="1347" dir="0" index="1" bw="16" slack="0"/>
<pin id="1348" dir="0" index="2" bw="4" slack="0"/>
<pin id="1349" dir="0" index="3" bw="5" slack="0"/>
<pin id="1350" dir="1" index="4" bw="8" slack="1"/>
</pin_list>
<bind>
<opcode="partselect(1002) " fcode="partselect"/>
<opset="tmp_6/3 "/>
</bind>
</comp>

<comp id="1355" class="1004" name="tmp_7_fu_1355">
<pin_list>
<pin id="1356" dir="0" index="0" bw="7" slack="0"/>
<pin id="1357" dir="0" index="1" bw="16" slack="0"/>
<pin id="1358" dir="0" index="2" bw="4" slack="0"/>
<pin id="1359" dir="0" index="3" bw="5" slack="0"/>
<pin id="1360" dir="1" index="4" bw="7" slack="1"/>
</pin_list>
<bind>
<opcode="partselect(1002) " fcode="partselect"/>
<opset="tmp_7/3 "/>
</bind>
</comp>

<comp id="1365" class="1004" name="tmp_8_fu_1365">
<pin_list>
<pin id="1366" dir="0" index="0" bw="6" slack="0"/>
<pin id="1367" dir="0" index="1" bw="16" slack="0"/>
<pin id="1368" dir="0" index="2" bw="4" slack="0"/>
<pin id="1369" dir="0" index="3" bw="5" slack="0"/>
<pin id="1370" dir="1" index="4" bw="6" slack="1"/>
</pin_list>
<bind>
<opcode="partselect(1002) " fcode="partselect"/>
<opset="tmp_8/3 "/>
</bind>
</comp>

<comp id="1375" class="1004" name="tmp_9_fu_1375">
<pin_list>
<pin id="1376" dir="0" index="0" bw="7" slack="0"/>
<pin id="1377" dir="0" index="1" bw="16" slack="0"/>
<pin id="1378" dir="0" index="2" bw="4" slack="0"/>
<pin id="1379" dir="0" index="3" bw="5" slack="0"/>
<pin id="1380" dir="1" index="4" bw="7" slack="1"/>
</pin_list>
<bind>
<opcode="partselect(1002) " fcode="partselect"/>
<opset="tmp_9/3 "/>
</bind>
</comp>

<comp id="1385" class="1004" name="tmp_s_fu_1385">
<pin_list>
<pin id="1386" dir="0" index="0" bw="8" slack="0"/>
<pin id="1387" dir="0" index="1" bw="16" slack="0"/>
<pin id="1388" dir="0" index="2" bw="4" slack="0"/>
<pin id="1389" dir="0" index="3" bw="5" slack="0"/>
<pin id="1390" dir="1" index="4" bw="8" slack="1"/>
</pin_list>
<bind>
<opcode="partselect(1002) " fcode="partselect"/>
<opset="tmp_s/3 "/>
</bind>
</comp>

<comp id="1395" class="1004" name="tmp_10_fu_1395">
<pin_list>
<pin id="1396" dir="0" index="0" bw="6" slack="0"/>
<pin id="1397" dir="0" index="1" bw="16" slack="0"/>
<pin id="1398" dir="0" index="2" bw="5" slack="0"/>
<pin id="1399" dir="0" index="3" bw="5" slack="0"/>
<pin id="1400" dir="1" index="4" bw="6" slack="1"/>
</pin_list>
<bind>
<opcode="partselect(1002) " fcode="partselect"/>
<opset="tmp_10/3 "/>
</bind>
</comp>

<comp id="1405" class="1004" name="tmp_11_fu_1405">
<pin_list>
<pin id="1406" dir="0" index="0" bw="7" slack="0"/>
<pin id="1407" dir="0" index="1" bw="16" slack="0"/>
<pin id="1408" dir="0" index="2" bw="5" slack="0"/>
<pin id="1409" dir="0" index="3" bw="5" slack="0"/>
<pin id="1410" dir="1" index="4" bw="7" slack="1"/>
</pin_list>
<bind>
<opcode="partselect(1002) " fcode="partselect"/>
<opset="tmp_11/3 "/>
</bind>
</comp>

<comp id="1415" class="1004" name="tmp_12_fu_1415">
<pin_list>
<pin id="1416" dir="0" index="0" bw="6" slack="0"/>
<pin id="1417" dir="0" index="1" bw="16" slack="0"/>
<pin id="1418" dir="0" index="2" bw="5" slack="0"/>
<pin id="1419" dir="0" index="3" bw="5" slack="0"/>
<pin id="1420" dir="1" index="4" bw="6" slack="1"/>
</pin_list>
<bind>
<opcode="partselect(1002) " fcode="partselect"/>
<opset="tmp_12/3 "/>
</bind>
</comp>

<comp id="1425" class="1004" name="tmp_13_fu_1425">
<pin_list>
<pin id="1426" dir="0" index="0" bw="6" slack="0"/>
<pin id="1427" dir="0" index="1" bw="16" slack="0"/>
<pin id="1428" dir="0" index="2" bw="5" slack="0"/>
<pin id="1429" dir="0" index="3" bw="5" slack="0"/>
<pin id="1430" dir="1" index="4" bw="6" slack="1"/>
</pin_list>
<bind>
<opcode="partselect(1002) " fcode="partselect"/>
<opset="tmp_13/3 "/>
</bind>
</comp>

<comp id="1435" class="1004" name="tmp_14_fu_1435">
<pin_list>
<pin id="1436" dir="0" index="0" bw="5" slack="0"/>
<pin id="1437" dir="0" index="1" bw="16" slack="0"/>
<pin id="1438" dir="0" index="2" bw="4" slack="0"/>
<pin id="1439" dir="0" index="3" bw="5" slack="0"/>
<pin id="1440" dir="1" index="4" bw="5" slack="1"/>
</pin_list>
<bind>
<opcode="partselect(1002) " fcode="partselect"/>
<opset="tmp_14/3 "/>
</bind>
</comp>

<comp id="1445" class="1004" name="tmp_15_fu_1445">
<pin_list>
<pin id="1446" dir="0" index="0" bw="6" slack="0"/>
<pin id="1447" dir="0" index="1" bw="16" slack="0"/>
<pin id="1448" dir="0" index="2" bw="5" slack="0"/>
<pin id="1449" dir="0" index="3" bw="5" slack="0"/>
<pin id="1450" dir="1" index="4" bw="6" slack="1"/>
</pin_list>
<bind>
<opcode="partselect(1002) " fcode="partselect"/>
<opset="tmp_15/3 "/>
</bind>
</comp>

<comp id="1455" class="1004" name="tmp_16_fu_1455">
<pin_list>
<pin id="1456" dir="0" index="0" bw="6" slack="0"/>
<pin id="1457" dir="0" index="1" bw="16" slack="0"/>
<pin id="1458" dir="0" index="2" bw="5" slack="0"/>
<pin id="1459" dir="0" index="3" bw="5" slack="0"/>
<pin id="1460" dir="1" index="4" bw="6" slack="1"/>
</pin_list>
<bind>
<opcode="partselect(1002) " fcode="partselect"/>
<opset="tmp_16/3 "/>
</bind>
</comp>

<comp id="1465" class="1004" name="tmp_17_fu_1465">
<pin_list>
<pin id="1466" dir="0" index="0" bw="6" slack="0"/>
<pin id="1467" dir="0" index="1" bw="16" slack="0"/>
<pin id="1468" dir="0" index="2" bw="5" slack="0"/>
<pin id="1469" dir="0" index="3" bw="5" slack="0"/>
<pin id="1470" dir="1" index="4" bw="6" slack="1"/>
</pin_list>
<bind>
<opcode="partselect(1002) " fcode="partselect"/>
<opset="tmp_17/3 "/>
</bind>
</comp>

<comp id="1475" class="1004" name="tmp_18_fu_1475">
<pin_list>
<pin id="1476" dir="0" index="0" bw="9" slack="0"/>
<pin id="1477" dir="0" index="1" bw="16" slack="0"/>
<pin id="1478" dir="0" index="2" bw="4" slack="0"/>
<pin id="1479" dir="0" index="3" bw="5" slack="0"/>
<pin id="1480" dir="1" index="4" bw="9" slack="1"/>
</pin_list>
<bind>
<opcode="partselect(1002) " fcode="partselect"/>
<opset="tmp_18/3 "/>
</bind>
</comp>

<comp id="1485" class="1004" name="tmp_19_fu_1485">
<pin_list>
<pin id="1486" dir="0" index="0" bw="5" slack="0"/>
<pin id="1487" dir="0" index="1" bw="16" slack="0"/>
<pin id="1488" dir="0" index="2" bw="4" slack="0"/>
<pin id="1489" dir="0" index="3" bw="5" slack="0"/>
<pin id="1490" dir="1" index="4" bw="5" slack="1"/>
</pin_list>
<bind>
<opcode="partselect(1002) " fcode="partselect"/>
<opset="tmp_19/3 "/>
</bind>
</comp>

<comp id="1495" class="1004" name="tmp_20_fu_1495">
<pin_list>
<pin id="1496" dir="0" index="0" bw="7" slack="0"/>
<pin id="1497" dir="0" index="1" bw="16" slack="0"/>
<pin id="1498" dir="0" index="2" bw="4" slack="0"/>
<pin id="1499" dir="0" index="3" bw="5" slack="0"/>
<pin id="1500" dir="1" index="4" bw="7" slack="1"/>
</pin_list>
<bind>
<opcode="partselect(1002) " fcode="partselect"/>
<opset="tmp_20/3 "/>
</bind>
</comp>

<comp id="1505" class="1004" name="tmp_21_fu_1505">
<pin_list>
<pin id="1506" dir="0" index="0" bw="5" slack="0"/>
<pin id="1507" dir="0" index="1" bw="16" slack="0"/>
<pin id="1508" dir="0" index="2" bw="5" slack="0"/>
<pin id="1509" dir="0" index="3" bw="5" slack="0"/>
<pin id="1510" dir="1" index="4" bw="5" slack="1"/>
</pin_list>
<bind>
<opcode="partselect(1002) " fcode="partselect"/>
<opset="tmp_21/3 "/>
</bind>
</comp>

<comp id="1515" class="1004" name="tmp_22_fu_1515">
<pin_list>
<pin id="1516" dir="0" index="0" bw="4" slack="0"/>
<pin id="1517" dir="0" index="1" bw="16" slack="0"/>
<pin id="1518" dir="0" index="2" bw="5" slack="0"/>
<pin id="1519" dir="0" index="3" bw="5" slack="0"/>
<pin id="1520" dir="1" index="4" bw="4" slack="1"/>
</pin_list>
<bind>
<opcode="partselect(1002) " fcode="partselect"/>
<opset="tmp_22/3 "/>
</bind>
</comp>

<comp id="1525" class="1004" name="tmp_23_fu_1525">
<pin_list>
<pin id="1526" dir="0" index="0" bw="5" slack="0"/>
<pin id="1527" dir="0" index="1" bw="16" slack="0"/>
<pin id="1528" dir="0" index="2" bw="5" slack="0"/>
<pin id="1529" dir="0" index="3" bw="5" slack="0"/>
<pin id="1530" dir="1" index="4" bw="5" slack="1"/>
</pin_list>
<bind>
<opcode="partselect(1002) " fcode="partselect"/>
<opset="tmp_23/3 "/>
</bind>
</comp>

<comp id="1535" class="1004" name="tmp_24_fu_1535">
<pin_list>
<pin id="1536" dir="0" index="0" bw="6" slack="0"/>
<pin id="1537" dir="0" index="1" bw="16" slack="0"/>
<pin id="1538" dir="0" index="2" bw="5" slack="0"/>
<pin id="1539" dir="0" index="3" bw="5" slack="0"/>
<pin id="1540" dir="1" index="4" bw="6" slack="1"/>
</pin_list>
<bind>
<opcode="partselect(1002) " fcode="partselect"/>
<opset="tmp_24/3 "/>
</bind>
</comp>

<comp id="1545" class="1004" name="tmp_25_fu_1545">
<pin_list>
<pin id="1546" dir="0" index="0" bw="5" slack="0"/>
<pin id="1547" dir="0" index="1" bw="16" slack="0"/>
<pin id="1548" dir="0" index="2" bw="5" slack="0"/>
<pin id="1549" dir="0" index="3" bw="5" slack="0"/>
<pin id="1550" dir="1" index="4" bw="5" slack="1"/>
</pin_list>
<bind>
<opcode="partselect(1002) " fcode="partselect"/>
<opset="tmp_25/3 "/>
</bind>
</comp>

<comp id="1555" class="1004" name="tmp_26_fu_1555">
<pin_list>
<pin id="1556" dir="0" index="0" bw="4" slack="0"/>
<pin id="1557" dir="0" index="1" bw="16" slack="0"/>
<pin id="1558" dir="0" index="2" bw="5" slack="0"/>
<pin id="1559" dir="0" index="3" bw="5" slack="0"/>
<pin id="1560" dir="1" index="4" bw="4" slack="1"/>
</pin_list>
<bind>
<opcode="partselect(1002) " fcode="partselect"/>
<opset="tmp_26/3 "/>
</bind>
</comp>

<comp id="1565" class="1004" name="layer7_out_fu_1565">
<pin_list>
<pin id="1566" dir="0" index="0" bw="13" slack="0"/>
<pin id="1567" dir="0" index="1" bw="4" slack="1"/>
<pin id="1568" dir="0" index="2" bw="1" slack="0"/>
<pin id="1569" dir="1" index="3" bw="13" slack="0"/>
</pin_list>
<bind>
<opcode="bitconcatenate(1004) " fcode="bitconcatenate"/>
<opset="layer7_out/4 "/>
</bind>
</comp>

<comp id="1573" class="1004" name="layer7_out_1_fu_1573">
<pin_list>
<pin id="1574" dir="0" index="0" bw="14" slack="0"/>
<pin id="1575" dir="0" index="1" bw="8" slack="1"/>
<pin id="1576" dir="0" index="2" bw="1" slack="0"/>
<pin id="1577" dir="1" index="3" bw="14" slack="0"/>
</pin_list>
<bind>
<opcode="bitconcatenate(1004) " fcode="bitconcatenate"/>
<opset="layer7_out_1/4 "/>
</bind>
</comp>

<comp id="1581" class="1004" name="layer7_out_2_fu_1581">
<pin_list>
<pin id="1582" dir="0" index="0" bw="16" slack="0"/>
<pin id="1583" dir="0" index="1" bw="10" slack="1"/>
<pin id="1584" dir="0" index="2" bw="1" slack="0"/>
<pin id="1585" dir="1" index="3" bw="16" slack="0"/>
</pin_list>
<bind>
<opcode="bitconcatenate(1004) " fcode="bitconcatenate"/>
<opset="layer7_out_2/4 "/>
</bind>
</comp>

<comp id="1589" class="1004" name="layer7_out_3_fu_1589">
<pin_list>
<pin id="1590" dir="0" index="0" bw="13" slack="0"/>
<pin id="1591" dir="0" index="1" bw="5" slack="1"/>
<pin id="1592" dir="0" index="2" bw="1" slack="0"/>
<pin id="1593" dir="1" index="3" bw="13" slack="0"/>
</pin_list>
<bind>
<opcode="bitconcatenate(1004) " fcode="bitconcatenate"/>
<opset="layer7_out_3/4 "/>
</bind>
</comp>

<comp id="1597" class="1004" name="layer7_out_4_fu_1597">
<pin_list>
<pin id="1598" dir="0" index="0" bw="13" slack="0"/>
<pin id="1599" dir="0" index="1" bw="4" slack="1"/>
<pin id="1600" dir="0" index="2" bw="1" slack="0"/>
<pin id="1601" dir="1" index="3" bw="13" slack="0"/>
</pin_list>
<bind>
<opcode="bitconcatenate(1004) " fcode="bitconcatenate"/>
<opset="layer7_out_4/4 "/>
</bind>
</comp>

<comp id="1605" class="1004" name="layer7_out_5_fu_1605">
<pin_list>
<pin id="1606" dir="0" index="0" bw="16" slack="0"/>
<pin id="1607" dir="0" index="1" bw="11" slack="1"/>
<pin id="1608" dir="0" index="2" bw="1" slack="0"/>
<pin id="1609" dir="1" index="3" bw="16" slack="0"/>
</pin_list>
<bind>
<opcode="bitconcatenate(1004) " fcode="bitconcatenate"/>
<opset="layer7_out_5/4 "/>
</bind>
</comp>

<comp id="1613" class="1004" name="layer7_out_6_fu_1613">
<pin_list>
<pin id="1614" dir="0" index="0" bw="14" slack="0"/>
<pin id="1615" dir="0" index="1" bw="8" slack="1"/>
<pin id="1616" dir="0" index="2" bw="1" slack="0"/>
<pin id="1617" dir="1" index="3" bw="14" slack="0"/>
</pin_list>
<bind>
<opcode="bitconcatenate(1004) " fcode="bitconcatenate"/>
<opset="layer7_out_6/4 "/>
</bind>
</comp>

<comp id="1621" class="1004" name="layer7_out_7_fu_1621">
<pin_list>
<pin id="1622" dir="0" index="0" bw="14" slack="0"/>
<pin id="1623" dir="0" index="1" bw="7" slack="1"/>
<pin id="1624" dir="0" index="2" bw="1" slack="0"/>
<pin id="1625" dir="1" index="3" bw="14" slack="0"/>
</pin_list>
<bind>
<opcode="bitconcatenate(1004) " fcode="bitconcatenate"/>
<opset="layer7_out_7/4 "/>
</bind>
</comp>

<comp id="1629" class="1004" name="layer7_out_8_fu_1629">
<pin_list>
<pin id="1630" dir="0" index="0" bw="13" slack="0"/>
<pin id="1631" dir="0" index="1" bw="6" slack="1"/>
<pin id="1632" dir="0" index="2" bw="1" slack="0"/>
<pin id="1633" dir="1" index="3" bw="13" slack="0"/>
</pin_list>
<bind>
<opcode="bitconcatenate(1004) " fcode="bitconcatenate"/>
<opset="layer7_out_8/4 "/>
</bind>
</comp>

<comp id="1637" class="1004" name="layer7_out_9_fu_1637">
<pin_list>
<pin id="1638" dir="0" index="0" bw="14" slack="0"/>
<pin id="1639" dir="0" index="1" bw="7" slack="1"/>
<pin id="1640" dir="0" index="2" bw="1" slack="0"/>
<pin id="1641" dir="1" index="3" bw="14" slack="0"/>
</pin_list>
<bind>
<opcode="bitconcatenate(1004) " fcode="bitconcatenate"/>
<opset="layer7_out_9/4 "/>
</bind>
</comp>

<comp id="1645" class="1004" name="layer7_out_10_fu_1645">
<pin_list>
<pin id="1646" dir="0" index="0" bw="15" slack="0"/>
<pin id="1647" dir="0" index="1" bw="8" slack="1"/>
<pin id="1648" dir="0" index="2" bw="1" slack="0"/>
<pin id="1649" dir="1" index="3" bw="15" slack="0"/>
</pin_list>
<bind>
<opcode="bitconcatenate(1004) " fcode="bitconcatenate"/>
<opset="layer7_out_10/4 "/>
</bind>
</comp>

<comp id="1653" class="1004" name="layer7_out_11_fu_1653">
<pin_list>
<pin id="1654" dir="0" index="0" bw="14" slack="0"/>
<pin id="1655" dir="0" index="1" bw="6" slack="1"/>
<pin id="1656" dir="0" index="2" bw="1" slack="0"/>
<pin id="1657" dir="1" index="3" bw="14" slack="0"/>
</pin_list>
<bind>
<opcode="bitconcatenate(1004) " fcode="bitconcatenate"/>
<opset="layer7_out_11/4 "/>
</bind>
</comp>

<comp id="1661" class="1004" name="layer7_out_12_fu_1661">
<pin_list>
<pin id="1662" dir="0" index="0" bw="15" slack="0"/>
<pin id="1663" dir="0" index="1" bw="7" slack="1"/>
<pin id="1664" dir="0" index="2" bw="1" slack="0"/>
<pin id="1665" dir="1" index="3" bw="15" slack="0"/>
</pin_list>
<bind>
<opcode="bitconcatenate(1004) " fcode="bitconcatenate"/>
<opset="layer7_out_12/4 "/>
</bind>
</comp>

<comp id="1669" class="1004" name="layer7_out_13_fu_1669">
<pin_list>
<pin id="1670" dir="0" index="0" bw="14" slack="0"/>
<pin id="1671" dir="0" index="1" bw="6" slack="1"/>
<pin id="1672" dir="0" index="2" bw="1" slack="0"/>
<pin id="1673" dir="1" index="3" bw="14" slack="0"/>
</pin_list>
<bind>
<opcode="bitconcatenate(1004) " fcode="bitconcatenate"/>
<opset="layer7_out_13/4 "/>
</bind>
</comp>

<comp id="1677" class="1004" name="layer7_out_14_fu_1677">
<pin_list>
<pin id="1678" dir="0" index="0" bw="14" slack="0"/>
<pin id="1679" dir="0" index="1" bw="6" slack="1"/>
<pin id="1680" dir="0" index="2" bw="1" slack="0"/>
<pin id="1681" dir="1" index="3" bw="14" slack="0"/>
</pin_list>
<bind>
<opcode="bitconcatenate(1004) " fcode="bitconcatenate"/>
<opset="layer7_out_14/4 "/>
</bind>
</comp>

<comp id="1685" class="1004" name="layer7_out_15_fu_1685">
<pin_list>
<pin id="1686" dir="0" index="0" bw="12" slack="0"/>
<pin id="1687" dir="0" index="1" bw="5" slack="1"/>
<pin id="1688" dir="0" index="2" bw="1" slack="0"/>
<pin id="1689" dir="1" index="3" bw="12" slack="0"/>
</pin_list>
<bind>
<opcode="bitconcatenate(1004) " fcode="bitconcatenate"/>
<opset="layer7_out_15/4 "/>
</bind>
</comp>

<comp id="1693" class="1004" name="layer7_out_16_fu_1693">
<pin_list>
<pin id="1694" dir="0" index="0" bw="14" slack="0"/>
<pin id="1695" dir="0" index="1" bw="6" slack="1"/>
<pin id="1696" dir="0" index="2" bw="1" slack="0"/>
<pin id="1697" dir="1" index="3" bw="14" slack="0"/>
</pin_list>
<bind>
<opcode="bitconcatenate(1004) " fcode="bitconcatenate"/>
<opset="layer7_out_16/4 "/>
</bind>
</comp>

<comp id="1701" class="1004" name="layer7_out_17_fu_1701">
<pin_list>
<pin id="1702" dir="0" index="0" bw="15" slack="0"/>
<pin id="1703" dir="0" index="1" bw="6" slack="1"/>
<pin id="1704" dir="0" index="2" bw="1" slack="0"/>
<pin id="1705" dir="1" index="3" bw="15" slack="0"/>
</pin_list>
<bind>
<opcode="bitconcatenate(1004) " fcode="bitconcatenate"/>
<opset="layer7_out_17/4 "/>
</bind>
</comp>

<comp id="1709" class="1004" name="layer7_out_18_fu_1709">
<pin_list>
<pin id="1710" dir="0" index="0" bw="15" slack="0"/>
<pin id="1711" dir="0" index="1" bw="6" slack="1"/>
<pin id="1712" dir="0" index="2" bw="1" slack="0"/>
<pin id="1713" dir="1" index="3" bw="15" slack="0"/>
</pin_list>
<bind>
<opcode="bitconcatenate(1004) " fcode="bitconcatenate"/>
<opset="layer7_out_18/4 "/>
</bind>
</comp>

<comp id="1717" class="1004" name="layer7_out_19_fu_1717">
<pin_list>
<pin id="1718" dir="0" index="0" bw="14" slack="0"/>
<pin id="1719" dir="0" index="1" bw="9" slack="1"/>
<pin id="1720" dir="0" index="2" bw="1" slack="0"/>
<pin id="1721" dir="1" index="3" bw="14" slack="0"/>
</pin_list>
<bind>
<opcode="bitconcatenate(1004) " fcode="bitconcatenate"/>
<opset="layer7_out_19/4 "/>
</bind>
</comp>

<comp id="1725" class="1004" name="layer7_out_20_fu_1725">
<pin_list>
<pin id="1726" dir="0" index="0" bw="12" slack="0"/>
<pin id="1727" dir="0" index="1" bw="5" slack="1"/>
<pin id="1728" dir="0" index="2" bw="1" slack="0"/>
<pin id="1729" dir="1" index="3" bw="12" slack="0"/>
</pin_list>
<bind>
<opcode="bitconcatenate(1004) " fcode="bitconcatenate"/>
<opset="layer7_out_20/4 "/>
</bind>
</comp>

<comp id="1733" class="1004" name="layer7_out_21_fu_1733">
<pin_list>
<pin id="1734" dir="0" index="0" bw="14" slack="0"/>
<pin id="1735" dir="0" index="1" bw="7" slack="1"/>
<pin id="1736" dir="0" index="2" bw="1" slack="0"/>
<pin id="1737" dir="1" index="3" bw="14" slack="0"/>
</pin_list>
<bind>
<opcode="bitconcatenate(1004) " fcode="bitconcatenate"/>
<opset="layer7_out_21/4 "/>
</bind>
</comp>

<comp id="1741" class="1004" name="layer7_out_22_fu_1741">
<pin_list>
<pin id="1742" dir="0" index="0" bw="13" slack="0"/>
<pin id="1743" dir="0" index="1" bw="5" slack="1"/>
<pin id="1744" dir="0" index="2" bw="1" slack="0"/>
<pin id="1745" dir="1" index="3" bw="13" slack="0"/>
</pin_list>
<bind>
<opcode="bitconcatenate(1004) " fcode="bitconcatenate"/>
<opset="layer7_out_22/4 "/>
</bind>
</comp>

<comp id="1749" class="1004" name="layer7_out_23_fu_1749">
<pin_list>
<pin id="1750" dir="0" index="0" bw="13" slack="0"/>
<pin id="1751" dir="0" index="1" bw="4" slack="1"/>
<pin id="1752" dir="0" index="2" bw="1" slack="0"/>
<pin id="1753" dir="1" index="3" bw="13" slack="0"/>
</pin_list>
<bind>
<opcode="bitconcatenate(1004) " fcode="bitconcatenate"/>
<opset="layer7_out_23/4 "/>
</bind>
</comp>

<comp id="1757" class="1004" name="layer7_out_24_fu_1757">
<pin_list>
<pin id="1758" dir="0" index="0" bw="14" slack="0"/>
<pin id="1759" dir="0" index="1" bw="5" slack="1"/>
<pin id="1760" dir="0" index="2" bw="1" slack="0"/>
<pin id="1761" dir="1" index="3" bw="14" slack="0"/>
</pin_list>
<bind>
<opcode="bitconcatenate(1004) " fcode="bitconcatenate"/>
<opset="layer7_out_24/4 "/>
</bind>
</comp>

<comp id="1765" class="1004" name="layer7_out_25_fu_1765">
<pin_list>
<pin id="1766" dir="0" index="0" bw="14" slack="0"/>
<pin id="1767" dir="0" index="1" bw="6" slack="1"/>
<pin id="1768" dir="0" index="2" bw="1" slack="0"/>
<pin id="1769" dir="1" index="3" bw="14" slack="0"/>
</pin_list>
<bind>
<opcode="bitconcatenate(1004) " fcode="bitconcatenate"/>
<opset="layer7_out_25/4 "/>
</bind>
</comp>

<comp id="1773" class="1004" name="layer7_out_26_fu_1773">
<pin_list>
<pin id="1774" dir="0" index="0" bw="14" slack="0"/>
<pin id="1775" dir="0" index="1" bw="5" slack="1"/>
<pin id="1776" dir="0" index="2" bw="1" slack="0"/>
<pin id="1777" dir="1" index="3" bw="14" slack="0"/>
</pin_list>
<bind>
<opcode="bitconcatenate(1004) " fcode="bitconcatenate"/>
<opset="layer7_out_26/4 "/>
</bind>
</comp>

<comp id="1781" class="1004" name="layer7_out_27_fu_1781">
<pin_list>
<pin id="1782" dir="0" index="0" bw="14" slack="0"/>
<pin id="1783" dir="0" index="1" bw="4" slack="1"/>
<pin id="1784" dir="0" index="2" bw="1" slack="0"/>
<pin id="1785" dir="1" index="3" bw="14" slack="0"/>
</pin_list>
<bind>
<opcode="bitconcatenate(1004) " fcode="bitconcatenate"/>
<opset="layer7_out_27/4 "/>
</bind>
</comp>

<comp id="1789" class="1004" name="layer8_out_fu_1789">
<pin_list>
<pin id="1790" dir="0" index="0" bw="224" slack="0"/>
<pin id="1791" dir="1" index="1" bw="16" slack="0"/>
</pin_list>
<bind>
<opcode="extractvalue(56) " fcode="extractvalue"/>
<opset="layer8_out/5 "/>
</bind>
</comp>

<comp id="1794" class="1004" name="layer8_out_1_fu_1794">
<pin_list>
<pin id="1795" dir="0" index="0" bw="224" slack="0"/>
<pin id="1796" dir="1" index="1" bw="16" slack="0"/>
</pin_list>
<bind>
<opcode="extractvalue(56) " fcode="extractvalue"/>
<opset="layer8_out_1/5 "/>
</bind>
</comp>

<comp id="1799" class="1004" name="layer8_out_2_fu_1799">
<pin_list>
<pin id="1800" dir="0" index="0" bw="224" slack="0"/>
<pin id="1801" dir="1" index="1" bw="16" slack="0"/>
</pin_list>
<bind>
<opcode="extractvalue(56) " fcode="extractvalue"/>
<opset="layer8_out_2/5 "/>
</bind>
</comp>

<comp id="1804" class="1004" name="layer8_out_3_fu_1804">
<pin_list>
<pin id="1805" dir="0" index="0" bw="224" slack="0"/>
<pin id="1806" dir="1" index="1" bw="16" slack="0"/>
</pin_list>
<bind>
<opcode="extractvalue(56) " fcode="extractvalue"/>
<opset="layer8_out_3/5 "/>
</bind>
</comp>

<comp id="1809" class="1004" name="layer8_out_4_fu_1809">
<pin_list>
<pin id="1810" dir="0" index="0" bw="224" slack="0"/>
<pin id="1811" dir="1" index="1" bw="16" slack="0"/>
</pin_list>
<bind>
<opcode="extractvalue(56) " fcode="extractvalue"/>
<opset="layer8_out_4/5 "/>
</bind>
</comp>

<comp id="1814" class="1004" name="layer8_out_5_fu_1814">
<pin_list>
<pin id="1815" dir="0" index="0" bw="224" slack="0"/>
<pin id="1816" dir="1" index="1" bw="16" slack="0"/>
</pin_list>
<bind>
<opcode="extractvalue(56) " fcode="extractvalue"/>
<opset="layer8_out_5/5 "/>
</bind>
</comp>

<comp id="1819" class="1004" name="layer8_out_6_fu_1819">
<pin_list>
<pin id="1820" dir="0" index="0" bw="224" slack="0"/>
<pin id="1821" dir="1" index="1" bw="16" slack="0"/>
</pin_list>
<bind>
<opcode="extractvalue(56) " fcode="extractvalue"/>
<opset="layer8_out_6/5 "/>
</bind>
</comp>

<comp id="1824" class="1004" name="layer8_out_7_fu_1824">
<pin_list>
<pin id="1825" dir="0" index="0" bw="224" slack="0"/>
<pin id="1826" dir="1" index="1" bw="16" slack="0"/>
</pin_list>
<bind>
<opcode="extractvalue(56) " fcode="extractvalue"/>
<opset="layer8_out_7/5 "/>
</bind>
</comp>

<comp id="1829" class="1004" name="layer8_out_8_fu_1829">
<pin_list>
<pin id="1830" dir="0" index="0" bw="224" slack="0"/>
<pin id="1831" dir="1" index="1" bw="16" slack="0"/>
</pin_list>
<bind>
<opcode="extractvalue(56) " fcode="extractvalue"/>
<opset="layer8_out_8/5 "/>
</bind>
</comp>

<comp id="1834" class="1004" name="layer8_out_9_fu_1834">
<pin_list>
<pin id="1835" dir="0" index="0" bw="224" slack="0"/>
<pin id="1836" dir="1" index="1" bw="16" slack="0"/>
</pin_list>
<bind>
<opcode="extractvalue(56) " fcode="extractvalue"/>
<opset="layer8_out_9/5 "/>
</bind>
</comp>

<comp id="1839" class="1004" name="layer8_out_13_fu_1839">
<pin_list>
<pin id="1840" dir="0" index="0" bw="224" slack="0"/>
<pin id="1841" dir="1" index="1" bw="16" slack="0"/>
</pin_list>
<bind>
<opcode="extractvalue(56) " fcode="extractvalue"/>
<opset="layer8_out_13/5 "/>
</bind>
</comp>

<comp id="1844" class="1004" name="layer8_out_10_fu_1844">
<pin_list>
<pin id="1845" dir="0" index="0" bw="224" slack="0"/>
<pin id="1846" dir="1" index="1" bw="16" slack="0"/>
</pin_list>
<bind>
<opcode="extractvalue(56) " fcode="extractvalue"/>
<opset="layer8_out_10/5 "/>
</bind>
</comp>

<comp id="1849" class="1004" name="layer8_out_11_fu_1849">
<pin_list>
<pin id="1850" dir="0" index="0" bw="224" slack="0"/>
<pin id="1851" dir="1" index="1" bw="16" slack="0"/>
</pin_list>
<bind>
<opcode="extractvalue(56) " fcode="extractvalue"/>
<opset="layer8_out_11/5 "/>
</bind>
</comp>

<comp id="1854" class="1004" name="layer8_out_12_fu_1854">
<pin_list>
<pin id="1855" dir="0" index="0" bw="224" slack="0"/>
<pin id="1856" dir="1" index="1" bw="16" slack="0"/>
</pin_list>
<bind>
<opcode="extractvalue(56) " fcode="extractvalue"/>
<opset="layer8_out_12/5 "/>
</bind>
</comp>

<comp id="1859" class="1004" name="layer11_out_fu_1859">
<pin_list>
<pin id="1860" dir="0" index="0" bw="224" slack="0"/>
<pin id="1861" dir="1" index="1" bw="16" slack="0"/>
</pin_list>
<bind>
<opcode="extractvalue(56) " fcode="extractvalue"/>
<opset="layer11_out/5 "/>
</bind>
</comp>

<comp id="1863" class="1004" name="layer11_out_1_fu_1863">
<pin_list>
<pin id="1864" dir="0" index="0" bw="224" slack="0"/>
<pin id="1865" dir="1" index="1" bw="16" slack="0"/>
</pin_list>
<bind>
<opcode="extractvalue(56) " fcode="extractvalue"/>
<opset="layer11_out_1/5 "/>
</bind>
</comp>

<comp id="1867" class="1004" name="layer11_out_2_fu_1867">
<pin_list>
<pin id="1868" dir="0" index="0" bw="224" slack="0"/>
<pin id="1869" dir="1" index="1" bw="16" slack="0"/>
</pin_list>
<bind>
<opcode="extractvalue(56) " fcode="extractvalue"/>
<opset="layer11_out_2/5 "/>
</bind>
</comp>

<comp id="1871" class="1004" name="layer11_out_3_fu_1871">
<pin_list>
<pin id="1872" dir="0" index="0" bw="224" slack="0"/>
<pin id="1873" dir="1" index="1" bw="16" slack="0"/>
</pin_list>
<bind>
<opcode="extractvalue(56) " fcode="extractvalue"/>
<opset="layer11_out_3/5 "/>
</bind>
</comp>

<comp id="1875" class="1004" name="layer11_out_4_fu_1875">
<pin_list>
<pin id="1876" dir="0" index="0" bw="224" slack="0"/>
<pin id="1877" dir="1" index="1" bw="16" slack="0"/>
</pin_list>
<bind>
<opcode="extractvalue(56) " fcode="extractvalue"/>
<opset="layer11_out_4/5 "/>
</bind>
</comp>

<comp id="1879" class="1004" name="layer11_out_5_fu_1879">
<pin_list>
<pin id="1880" dir="0" index="0" bw="224" slack="0"/>
<pin id="1881" dir="1" index="1" bw="16" slack="0"/>
</pin_list>
<bind>
<opcode="extractvalue(56) " fcode="extractvalue"/>
<opset="layer11_out_5/5 "/>
</bind>
</comp>

<comp id="1883" class="1004" name="layer11_out_6_fu_1883">
<pin_list>
<pin id="1884" dir="0" index="0" bw="224" slack="0"/>
<pin id="1885" dir="1" index="1" bw="16" slack="0"/>
</pin_list>
<bind>
<opcode="extractvalue(56) " fcode="extractvalue"/>
<opset="layer11_out_6/5 "/>
</bind>
</comp>

<comp id="1887" class="1004" name="layer11_out_7_fu_1887">
<pin_list>
<pin id="1888" dir="0" index="0" bw="224" slack="0"/>
<pin id="1889" dir="1" index="1" bw="16" slack="0"/>
</pin_list>
<bind>
<opcode="extractvalue(56) " fcode="extractvalue"/>
<opset="layer11_out_7/5 "/>
</bind>
</comp>

<comp id="1891" class="1004" name="layer11_out_8_fu_1891">
<pin_list>
<pin id="1892" dir="0" index="0" bw="224" slack="0"/>
<pin id="1893" dir="1" index="1" bw="16" slack="0"/>
</pin_list>
<bind>
<opcode="extractvalue(56) " fcode="extractvalue"/>
<opset="layer11_out_8/5 "/>
</bind>
</comp>

<comp id="1895" class="1004" name="layer11_out_9_fu_1895">
<pin_list>
<pin id="1896" dir="0" index="0" bw="224" slack="0"/>
<pin id="1897" dir="1" index="1" bw="16" slack="0"/>
</pin_list>
<bind>
<opcode="extractvalue(56) " fcode="extractvalue"/>
<opset="layer11_out_9/5 "/>
</bind>
</comp>

<comp id="1899" class="1004" name="layer11_out_13_fu_1899">
<pin_list>
<pin id="1900" dir="0" index="0" bw="224" slack="0"/>
<pin id="1901" dir="1" index="1" bw="16" slack="0"/>
</pin_list>
<bind>
<opcode="extractvalue(56) " fcode="extractvalue"/>
<opset="layer11_out_13/5 "/>
</bind>
</comp>

<comp id="1903" class="1004" name="layer11_out_10_fu_1903">
<pin_list>
<pin id="1904" dir="0" index="0" bw="224" slack="0"/>
<pin id="1905" dir="1" index="1" bw="16" slack="0"/>
</pin_list>
<bind>
<opcode="extractvalue(56) " fcode="extractvalue"/>
<opset="layer11_out_10/5 "/>
</bind>
</comp>

<comp id="1907" class="1004" name="layer11_out_11_fu_1907">
<pin_list>
<pin id="1908" dir="0" index="0" bw="224" slack="0"/>
<pin id="1909" dir="1" index="1" bw="16" slack="0"/>
</pin_list>
<bind>
<opcode="extractvalue(56) " fcode="extractvalue"/>
<opset="layer11_out_11/5 "/>
</bind>
</comp>

<comp id="1911" class="1004" name="layer11_out_12_fu_1911">
<pin_list>
<pin id="1912" dir="0" index="0" bw="224" slack="0"/>
<pin id="1913" dir="1" index="1" bw="16" slack="0"/>
</pin_list>
<bind>
<opcode="extractvalue(56) " fcode="extractvalue"/>
<opset="layer11_out_12/5 "/>
</bind>
</comp>

<comp id="1915" class="1004" name="tmp_27_fu_1915">
<pin_list>
<pin id="1916" dir="0" index="0" bw="6" slack="0"/>
<pin id="1917" dir="0" index="1" bw="16" slack="0"/>
<pin id="1918" dir="0" index="2" bw="5" slack="0"/>
<pin id="1919" dir="0" index="3" bw="5" slack="0"/>
<pin id="1920" dir="1" index="4" bw="6" slack="1"/>
</pin_list>
<bind>
<opcode="partselect(1002) " fcode="partselect"/>
<opset="tmp_27/5 "/>
</bind>
</comp>

<comp id="1925" class="1004" name="tmp_28_fu_1925">
<pin_list>
<pin id="1926" dir="0" index="0" bw="4" slack="0"/>
<pin id="1927" dir="0" index="1" bw="16" slack="0"/>
<pin id="1928" dir="0" index="2" bw="5" slack="0"/>
<pin id="1929" dir="0" index="3" bw="5" slack="0"/>
<pin id="1930" dir="1" index="4" bw="4" slack="1"/>
</pin_list>
<bind>
<opcode="partselect(1002) " fcode="partselect"/>
<opset="tmp_28/5 "/>
</bind>
</comp>

<comp id="1935" class="1004" name="tmp_29_fu_1935">
<pin_list>
<pin id="1936" dir="0" index="0" bw="6" slack="0"/>
<pin id="1937" dir="0" index="1" bw="16" slack="0"/>
<pin id="1938" dir="0" index="2" bw="5" slack="0"/>
<pin id="1939" dir="0" index="3" bw="5" slack="0"/>
<pin id="1940" dir="1" index="4" bw="6" slack="1"/>
</pin_list>
<bind>
<opcode="partselect(1002) " fcode="partselect"/>
<opset="tmp_29/5 "/>
</bind>
</comp>

<comp id="1945" class="1004" name="tmp_30_fu_1945">
<pin_list>
<pin id="1946" dir="0" index="0" bw="7" slack="0"/>
<pin id="1947" dir="0" index="1" bw="16" slack="0"/>
<pin id="1948" dir="0" index="2" bw="5" slack="0"/>
<pin id="1949" dir="0" index="3" bw="5" slack="0"/>
<pin id="1950" dir="1" index="4" bw="7" slack="1"/>
</pin_list>
<bind>
<opcode="partselect(1002) " fcode="partselect"/>
<opset="tmp_30/5 "/>
</bind>
</comp>

<comp id="1955" class="1004" name="tmp_31_fu_1955">
<pin_list>
<pin id="1956" dir="0" index="0" bw="6" slack="0"/>
<pin id="1957" dir="0" index="1" bw="16" slack="0"/>
<pin id="1958" dir="0" index="2" bw="5" slack="0"/>
<pin id="1959" dir="0" index="3" bw="5" slack="0"/>
<pin id="1960" dir="1" index="4" bw="6" slack="1"/>
</pin_list>
<bind>
<opcode="partselect(1002) " fcode="partselect"/>
<opset="tmp_31/5 "/>
</bind>
</comp>

<comp id="1965" class="1004" name="tmp_32_fu_1965">
<pin_list>
<pin id="1966" dir="0" index="0" bw="6" slack="0"/>
<pin id="1967" dir="0" index="1" bw="16" slack="0"/>
<pin id="1968" dir="0" index="2" bw="5" slack="0"/>
<pin id="1969" dir="0" index="3" bw="5" slack="0"/>
<pin id="1970" dir="1" index="4" bw="6" slack="1"/>
</pin_list>
<bind>
<opcode="partselect(1002) " fcode="partselect"/>
<opset="tmp_32/5 "/>
</bind>
</comp>

<comp id="1975" class="1004" name="tmp_33_fu_1975">
<pin_list>
<pin id="1976" dir="0" index="0" bw="6" slack="0"/>
<pin id="1977" dir="0" index="1" bw="16" slack="0"/>
<pin id="1978" dir="0" index="2" bw="5" slack="0"/>
<pin id="1979" dir="0" index="3" bw="5" slack="0"/>
<pin id="1980" dir="1" index="4" bw="6" slack="1"/>
</pin_list>
<bind>
<opcode="partselect(1002) " fcode="partselect"/>
<opset="tmp_33/5 "/>
</bind>
</comp>

<comp id="1985" class="1004" name="tmp_34_fu_1985">
<pin_list>
<pin id="1986" dir="0" index="0" bw="8" slack="0"/>
<pin id="1987" dir="0" index="1" bw="16" slack="0"/>
<pin id="1988" dir="0" index="2" bw="5" slack="0"/>
<pin id="1989" dir="0" index="3" bw="5" slack="0"/>
<pin id="1990" dir="1" index="4" bw="8" slack="1"/>
</pin_list>
<bind>
<opcode="partselect(1002) " fcode="partselect"/>
<opset="tmp_34/5 "/>
</bind>
</comp>

<comp id="1995" class="1004" name="tmp_35_fu_1995">
<pin_list>
<pin id="1996" dir="0" index="0" bw="8" slack="0"/>
<pin id="1997" dir="0" index="1" bw="16" slack="0"/>
<pin id="1998" dir="0" index="2" bw="5" slack="0"/>
<pin id="1999" dir="0" index="3" bw="5" slack="0"/>
<pin id="2000" dir="1" index="4" bw="8" slack="1"/>
</pin_list>
<bind>
<opcode="partselect(1002) " fcode="partselect"/>
<opset="tmp_35/5 "/>
</bind>
</comp>

<comp id="2005" class="1004" name="tmp_36_fu_2005">
<pin_list>
<pin id="2006" dir="0" index="0" bw="5" slack="0"/>
<pin id="2007" dir="0" index="1" bw="16" slack="0"/>
<pin id="2008" dir="0" index="2" bw="5" slack="0"/>
<pin id="2009" dir="0" index="3" bw="5" slack="0"/>
<pin id="2010" dir="1" index="4" bw="5" slack="1"/>
</pin_list>
<bind>
<opcode="partselect(1002) " fcode="partselect"/>
<opset="tmp_36/5 "/>
</bind>
</comp>

<comp id="2015" class="1004" name="tmp_37_fu_2015">
<pin_list>
<pin id="2016" dir="0" index="0" bw="7" slack="0"/>
<pin id="2017" dir="0" index="1" bw="16" slack="0"/>
<pin id="2018" dir="0" index="2" bw="5" slack="0"/>
<pin id="2019" dir="0" index="3" bw="5" slack="0"/>
<pin id="2020" dir="1" index="4" bw="7" slack="1"/>
</pin_list>
<bind>
<opcode="partselect(1002) " fcode="partselect"/>
<opset="tmp_37/5 "/>
</bind>
</comp>

<comp id="2025" class="1004" name="tmp_38_fu_2025">
<pin_list>
<pin id="2026" dir="0" index="0" bw="7" slack="0"/>
<pin id="2027" dir="0" index="1" bw="16" slack="0"/>
<pin id="2028" dir="0" index="2" bw="5" slack="0"/>
<pin id="2029" dir="0" index="3" bw="5" slack="0"/>
<pin id="2030" dir="1" index="4" bw="7" slack="1"/>
</pin_list>
<bind>
<opcode="partselect(1002) " fcode="partselect"/>
<opset="tmp_38/5 "/>
</bind>
</comp>

<comp id="2035" class="1004" name="tmp_39_fu_2035">
<pin_list>
<pin id="2036" dir="0" index="0" bw="5" slack="0"/>
<pin id="2037" dir="0" index="1" bw="16" slack="0"/>
<pin id="2038" dir="0" index="2" bw="5" slack="0"/>
<pin id="2039" dir="0" index="3" bw="5" slack="0"/>
<pin id="2040" dir="1" index="4" bw="5" slack="1"/>
</pin_list>
<bind>
<opcode="partselect(1002) " fcode="partselect"/>
<opset="tmp_39/5 "/>
</bind>
</comp>

<comp id="2045" class="1004" name="tmp_40_fu_2045">
<pin_list>
<pin id="2046" dir="0" index="0" bw="7" slack="0"/>
<pin id="2047" dir="0" index="1" bw="16" slack="0"/>
<pin id="2048" dir="0" index="2" bw="5" slack="0"/>
<pin id="2049" dir="0" index="3" bw="5" slack="0"/>
<pin id="2050" dir="1" index="4" bw="7" slack="1"/>
</pin_list>
<bind>
<opcode="partselect(1002) " fcode="partselect"/>
<opset="tmp_40/5 "/>
</bind>
</comp>

<comp id="2055" class="1004" name="layer12_out_fu_2055">
<pin_list>
<pin id="2056" dir="0" index="0" bw="16" slack="0"/>
<pin id="2057" dir="0" index="1" bw="6" slack="1"/>
<pin id="2058" dir="0" index="2" bw="1" slack="0"/>
<pin id="2059" dir="1" index="3" bw="16" slack="0"/>
</pin_list>
<bind>
<opcode="bitconcatenate(1004) " fcode="bitconcatenate"/>
<opset="layer12_out/6 "/>
</bind>
</comp>

<comp id="2063" class="1004" name="layer12_out_1_fu_2063">
<pin_list>
<pin id="2064" dir="0" index="0" bw="14" slack="0"/>
<pin id="2065" dir="0" index="1" bw="4" slack="1"/>
<pin id="2066" dir="0" index="2" bw="1" slack="0"/>
<pin id="2067" dir="1" index="3" bw="14" slack="0"/>
</pin_list>
<bind>
<opcode="bitconcatenate(1004) " fcode="bitconcatenate"/>
<opset="layer12_out_1/6 "/>
</bind>
</comp>

<comp id="2071" class="1004" name="layer12_out_2_fu_2071">
<pin_list>
<pin id="2072" dir="0" index="0" bw="14" slack="0"/>
<pin id="2073" dir="0" index="1" bw="6" slack="1"/>
<pin id="2074" dir="0" index="2" bw="1" slack="0"/>
<pin id="2075" dir="1" index="3" bw="14" slack="0"/>
</pin_list>
<bind>
<opcode="bitconcatenate(1004) " fcode="bitconcatenate"/>
<opset="layer12_out_2/6 "/>
</bind>
</comp>

<comp id="2079" class="1004" name="layer12_out_3_fu_2079">
<pin_list>
<pin id="2080" dir="0" index="0" bw="16" slack="0"/>
<pin id="2081" dir="0" index="1" bw="7" slack="1"/>
<pin id="2082" dir="0" index="2" bw="1" slack="0"/>
<pin id="2083" dir="1" index="3" bw="16" slack="0"/>
</pin_list>
<bind>
<opcode="bitconcatenate(1004) " fcode="bitconcatenate"/>
<opset="layer12_out_3/6 "/>
</bind>
</comp>

<comp id="2087" class="1004" name="layer12_out_4_fu_2087">
<pin_list>
<pin id="2088" dir="0" index="0" bw="16" slack="0"/>
<pin id="2089" dir="0" index="1" bw="6" slack="1"/>
<pin id="2090" dir="0" index="2" bw="1" slack="0"/>
<pin id="2091" dir="1" index="3" bw="16" slack="0"/>
</pin_list>
<bind>
<opcode="bitconcatenate(1004) " fcode="bitconcatenate"/>
<opset="layer12_out_4/6 "/>
</bind>
</comp>

<comp id="2095" class="1004" name="layer12_out_5_fu_2095">
<pin_list>
<pin id="2096" dir="0" index="0" bw="14" slack="0"/>
<pin id="2097" dir="0" index="1" bw="6" slack="1"/>
<pin id="2098" dir="0" index="2" bw="1" slack="0"/>
<pin id="2099" dir="1" index="3" bw="14" slack="0"/>
</pin_list>
<bind>
<opcode="bitconcatenate(1004) " fcode="bitconcatenate"/>
<opset="layer12_out_5/6 "/>
</bind>
</comp>

<comp id="2103" class="1004" name="layer12_out_6_fu_2103">
<pin_list>
<pin id="2104" dir="0" index="0" bw="16" slack="0"/>
<pin id="2105" dir="0" index="1" bw="6" slack="1"/>
<pin id="2106" dir="0" index="2" bw="1" slack="0"/>
<pin id="2107" dir="1" index="3" bw="16" slack="0"/>
</pin_list>
<bind>
<opcode="bitconcatenate(1004) " fcode="bitconcatenate"/>
<opset="layer12_out_6/6 "/>
</bind>
</comp>

<comp id="2111" class="1004" name="layer12_out_7_fu_2111">
<pin_list>
<pin id="2112" dir="0" index="0" bw="16" slack="0"/>
<pin id="2113" dir="0" index="1" bw="8" slack="1"/>
<pin id="2114" dir="0" index="2" bw="1" slack="0"/>
<pin id="2115" dir="1" index="3" bw="16" slack="0"/>
</pin_list>
<bind>
<opcode="bitconcatenate(1004) " fcode="bitconcatenate"/>
<opset="layer12_out_7/6 "/>
</bind>
</comp>

<comp id="2119" class="1004" name="layer12_out_8_fu_2119">
<pin_list>
<pin id="2120" dir="0" index="0" bw="16" slack="0"/>
<pin id="2121" dir="0" index="1" bw="8" slack="1"/>
<pin id="2122" dir="0" index="2" bw="1" slack="0"/>
<pin id="2123" dir="1" index="3" bw="16" slack="0"/>
</pin_list>
<bind>
<opcode="bitconcatenate(1004) " fcode="bitconcatenate"/>
<opset="layer12_out_8/6 "/>
</bind>
</comp>

<comp id="2127" class="1004" name="layer12_out_9_fu_2127">
<pin_list>
<pin id="2128" dir="0" index="0" bw="14" slack="0"/>
<pin id="2129" dir="0" index="1" bw="5" slack="1"/>
<pin id="2130" dir="0" index="2" bw="1" slack="0"/>
<pin id="2131" dir="1" index="3" bw="14" slack="0"/>
</pin_list>
<bind>
<opcode="bitconcatenate(1004) " fcode="bitconcatenate"/>
<opset="layer12_out_9/6 "/>
</bind>
</comp>

<comp id="2135" class="1004" name="layer12_out_10_fu_2135">
<pin_list>
<pin id="2136" dir="0" index="0" bw="15" slack="0"/>
<pin id="2137" dir="0" index="1" bw="7" slack="1"/>
<pin id="2138" dir="0" index="2" bw="1" slack="0"/>
<pin id="2139" dir="1" index="3" bw="15" slack="0"/>
</pin_list>
<bind>
<opcode="bitconcatenate(1004) " fcode="bitconcatenate"/>
<opset="layer12_out_10/6 "/>
</bind>
</comp>

<comp id="2143" class="1004" name="layer12_out_11_fu_2143">
<pin_list>
<pin id="2144" dir="0" index="0" bw="16" slack="0"/>
<pin id="2145" dir="0" index="1" bw="7" slack="1"/>
<pin id="2146" dir="0" index="2" bw="1" slack="0"/>
<pin id="2147" dir="1" index="3" bw="16" slack="0"/>
</pin_list>
<bind>
<opcode="bitconcatenate(1004) " fcode="bitconcatenate"/>
<opset="layer12_out_11/6 "/>
</bind>
</comp>

<comp id="2151" class="1004" name="layer12_out_12_fu_2151">
<pin_list>
<pin id="2152" dir="0" index="0" bw="15" slack="0"/>
<pin id="2153" dir="0" index="1" bw="5" slack="1"/>
<pin id="2154" dir="0" index="2" bw="1" slack="0"/>
<pin id="2155" dir="1" index="3" bw="15" slack="0"/>
</pin_list>
<bind>
<opcode="bitconcatenate(1004) " fcode="bitconcatenate"/>
<opset="layer12_out_12/6 "/>
</bind>
</comp>

<comp id="2159" class="1004" name="layer12_out_13_fu_2159">
<pin_list>
<pin id="2160" dir="0" index="0" bw="15" slack="0"/>
<pin id="2161" dir="0" index="1" bw="7" slack="1"/>
<pin id="2162" dir="0" index="2" bw="1" slack="0"/>
<pin id="2163" dir="1" index="3" bw="15" slack="0"/>
</pin_list>
<bind>
<opcode="bitconcatenate(1004) " fcode="bitconcatenate"/>
<opset="layer12_out_13/6 "/>
</bind>
</comp>

<comp id="2167" class="1004" name="layer13_out_fu_2167">
<pin_list>
<pin id="2168" dir="0" index="0" bw="208" slack="0"/>
<pin id="2169" dir="1" index="1" bw="16" slack="0"/>
</pin_list>
<bind>
<opcode="extractvalue(56) " fcode="extractvalue"/>
<opset="layer13_out/7 "/>
</bind>
</comp>

<comp id="2172" class="1004" name="layer13_out_1_fu_2172">
<pin_list>
<pin id="2173" dir="0" index="0" bw="208" slack="0"/>
<pin id="2174" dir="1" index="1" bw="16" slack="0"/>
</pin_list>
<bind>
<opcode="extractvalue(56) " fcode="extractvalue"/>
<opset="layer13_out_1/7 "/>
</bind>
</comp>

<comp id="2177" class="1004" name="layer13_out_2_fu_2177">
<pin_list>
<pin id="2178" dir="0" index="0" bw="208" slack="0"/>
<pin id="2179" dir="1" index="1" bw="16" slack="0"/>
</pin_list>
<bind>
<opcode="extractvalue(56) " fcode="extractvalue"/>
<opset="layer13_out_2/7 "/>
</bind>
</comp>

<comp id="2182" class="1004" name="layer13_out_3_fu_2182">
<pin_list>
<pin id="2183" dir="0" index="0" bw="208" slack="0"/>
<pin id="2184" dir="1" index="1" bw="16" slack="0"/>
</pin_list>
<bind>
<opcode="extractvalue(56) " fcode="extractvalue"/>
<opset="layer13_out_3/7 "/>
</bind>
</comp>

<comp id="2187" class="1004" name="layer13_out_4_fu_2187">
<pin_list>
<pin id="2188" dir="0" index="0" bw="208" slack="0"/>
<pin id="2189" dir="1" index="1" bw="16" slack="0"/>
</pin_list>
<bind>
<opcode="extractvalue(56) " fcode="extractvalue"/>
<opset="layer13_out_4/7 "/>
</bind>
</comp>

<comp id="2192" class="1004" name="layer13_out_5_fu_2192">
<pin_list>
<pin id="2193" dir="0" index="0" bw="208" slack="0"/>
<pin id="2194" dir="1" index="1" bw="16" slack="0"/>
</pin_list>
<bind>
<opcode="extractvalue(56) " fcode="extractvalue"/>
<opset="layer13_out_5/7 "/>
</bind>
</comp>

<comp id="2197" class="1004" name="layer13_out_6_fu_2197">
<pin_list>
<pin id="2198" dir="0" index="0" bw="208" slack="0"/>
<pin id="2199" dir="1" index="1" bw="16" slack="0"/>
</pin_list>
<bind>
<opcode="extractvalue(56) " fcode="extractvalue"/>
<opset="layer13_out_6/7 "/>
</bind>
</comp>

<comp id="2202" class="1004" name="layer13_out_7_fu_2202">
<pin_list>
<pin id="2203" dir="0" index="0" bw="208" slack="0"/>
<pin id="2204" dir="1" index="1" bw="16" slack="0"/>
</pin_list>
<bind>
<opcode="extractvalue(56) " fcode="extractvalue"/>
<opset="layer13_out_7/7 "/>
</bind>
</comp>

<comp id="2207" class="1004" name="layer13_out_8_fu_2207">
<pin_list>
<pin id="2208" dir="0" index="0" bw="208" slack="0"/>
<pin id="2209" dir="1" index="1" bw="16" slack="0"/>
</pin_list>
<bind>
<opcode="extractvalue(56) " fcode="extractvalue"/>
<opset="layer13_out_8/7 "/>
</bind>
</comp>

<comp id="2212" class="1004" name="layer13_out_9_fu_2212">
<pin_list>
<pin id="2213" dir="0" index="0" bw="208" slack="0"/>
<pin id="2214" dir="1" index="1" bw="16" slack="0"/>
</pin_list>
<bind>
<opcode="extractvalue(56) " fcode="extractvalue"/>
<opset="layer13_out_9/7 "/>
</bind>
</comp>

<comp id="2217" class="1004" name="layer13_out_12_fu_2217">
<pin_list>
<pin id="2218" dir="0" index="0" bw="208" slack="0"/>
<pin id="2219" dir="1" index="1" bw="16" slack="0"/>
</pin_list>
<bind>
<opcode="extractvalue(56) " fcode="extractvalue"/>
<opset="layer13_out_12/7 "/>
</bind>
</comp>

<comp id="2222" class="1004" name="layer13_out_10_fu_2222">
<pin_list>
<pin id="2223" dir="0" index="0" bw="208" slack="0"/>
<pin id="2224" dir="1" index="1" bw="16" slack="0"/>
</pin_list>
<bind>
<opcode="extractvalue(56) " fcode="extractvalue"/>
<opset="layer13_out_10/7 "/>
</bind>
</comp>

<comp id="2227" class="1004" name="layer13_out_11_fu_2227">
<pin_list>
<pin id="2228" dir="0" index="0" bw="208" slack="0"/>
<pin id="2229" dir="1" index="1" bw="16" slack="0"/>
</pin_list>
<bind>
<opcode="extractvalue(56) " fcode="extractvalue"/>
<opset="layer13_out_11/7 "/>
</bind>
</comp>

<comp id="2232" class="1004" name="layer16_out_fu_2232">
<pin_list>
<pin id="2233" dir="0" index="0" bw="208" slack="0"/>
<pin id="2234" dir="1" index="1" bw="16" slack="0"/>
</pin_list>
<bind>
<opcode="extractvalue(56) " fcode="extractvalue"/>
<opset="layer16_out/7 "/>
</bind>
</comp>

<comp id="2236" class="1004" name="layer16_out_1_fu_2236">
<pin_list>
<pin id="2237" dir="0" index="0" bw="208" slack="0"/>
<pin id="2238" dir="1" index="1" bw="16" slack="0"/>
</pin_list>
<bind>
<opcode="extractvalue(56) " fcode="extractvalue"/>
<opset="layer16_out_1/7 "/>
</bind>
</comp>

<comp id="2240" class="1004" name="layer16_out_2_fu_2240">
<pin_list>
<pin id="2241" dir="0" index="0" bw="208" slack="0"/>
<pin id="2242" dir="1" index="1" bw="16" slack="0"/>
</pin_list>
<bind>
<opcode="extractvalue(56) " fcode="extractvalue"/>
<opset="layer16_out_2/7 "/>
</bind>
</comp>

<comp id="2244" class="1004" name="layer16_out_3_fu_2244">
<pin_list>
<pin id="2245" dir="0" index="0" bw="208" slack="0"/>
<pin id="2246" dir="1" index="1" bw="16" slack="0"/>
</pin_list>
<bind>
<opcode="extractvalue(56) " fcode="extractvalue"/>
<opset="layer16_out_3/7 "/>
</bind>
</comp>

<comp id="2248" class="1004" name="layer16_out_4_fu_2248">
<pin_list>
<pin id="2249" dir="0" index="0" bw="208" slack="0"/>
<pin id="2250" dir="1" index="1" bw="16" slack="0"/>
</pin_list>
<bind>
<opcode="extractvalue(56) " fcode="extractvalue"/>
<opset="layer16_out_4/7 "/>
</bind>
</comp>

<comp id="2252" class="1004" name="layer16_out_5_fu_2252">
<pin_list>
<pin id="2253" dir="0" index="0" bw="208" slack="0"/>
<pin id="2254" dir="1" index="1" bw="16" slack="0"/>
</pin_list>
<bind>
<opcode="extractvalue(56) " fcode="extractvalue"/>
<opset="layer16_out_5/7 "/>
</bind>
</comp>

<comp id="2256" class="1004" name="layer16_out_6_fu_2256">
<pin_list>
<pin id="2257" dir="0" index="0" bw="208" slack="0"/>
<pin id="2258" dir="1" index="1" bw="16" slack="0"/>
</pin_list>
<bind>
<opcode="extractvalue(56) " fcode="extractvalue"/>
<opset="layer16_out_6/7 "/>
</bind>
</comp>

<comp id="2260" class="1004" name="layer16_out_7_fu_2260">
<pin_list>
<pin id="2261" dir="0" index="0" bw="208" slack="0"/>
<pin id="2262" dir="1" index="1" bw="16" slack="0"/>
</pin_list>
<bind>
<opcode="extractvalue(56) " fcode="extractvalue"/>
<opset="layer16_out_7/7 "/>
</bind>
</comp>

<comp id="2264" class="1004" name="layer16_out_8_fu_2264">
<pin_list>
<pin id="2265" dir="0" index="0" bw="208" slack="0"/>
<pin id="2266" dir="1" index="1" bw="16" slack="0"/>
</pin_list>
<bind>
<opcode="extractvalue(56) " fcode="extractvalue"/>
<opset="layer16_out_8/7 "/>
</bind>
</comp>

<comp id="2268" class="1004" name="layer16_out_9_fu_2268">
<pin_list>
<pin id="2269" dir="0" index="0" bw="208" slack="0"/>
<pin id="2270" dir="1" index="1" bw="16" slack="0"/>
</pin_list>
<bind>
<opcode="extractvalue(56) " fcode="extractvalue"/>
<opset="layer16_out_9/7 "/>
</bind>
</comp>

<comp id="2272" class="1004" name="layer16_out_12_fu_2272">
<pin_list>
<pin id="2273" dir="0" index="0" bw="208" slack="0"/>
<pin id="2274" dir="1" index="1" bw="16" slack="0"/>
</pin_list>
<bind>
<opcode="extractvalue(56) " fcode="extractvalue"/>
<opset="layer16_out_12/7 "/>
</bind>
</comp>

<comp id="2276" class="1004" name="layer16_out_10_fu_2276">
<pin_list>
<pin id="2277" dir="0" index="0" bw="208" slack="0"/>
<pin id="2278" dir="1" index="1" bw="16" slack="0"/>
</pin_list>
<bind>
<opcode="extractvalue(56) " fcode="extractvalue"/>
<opset="layer16_out_10/7 "/>
</bind>
</comp>

<comp id="2280" class="1004" name="layer16_out_11_fu_2280">
<pin_list>
<pin id="2281" dir="0" index="0" bw="208" slack="0"/>
<pin id="2282" dir="1" index="1" bw="16" slack="0"/>
</pin_list>
<bind>
<opcode="extractvalue(56) " fcode="extractvalue"/>
<opset="layer16_out_11/7 "/>
</bind>
</comp>

<comp id="2284" class="1004" name="tmp_41_fu_2284">
<pin_list>
<pin id="2285" dir="0" index="0" bw="4" slack="0"/>
<pin id="2286" dir="0" index="1" bw="16" slack="0"/>
<pin id="2287" dir="0" index="2" bw="5" slack="0"/>
<pin id="2288" dir="0" index="3" bw="5" slack="0"/>
<pin id="2289" dir="1" index="4" bw="4" slack="1"/>
</pin_list>
<bind>
<opcode="partselect(1002) " fcode="partselect"/>
<opset="tmp_41/7 "/>
</bind>
</comp>

<comp id="2294" class="1004" name="tmp_42_fu_2294">
<pin_list>
<pin id="2295" dir="0" index="0" bw="5" slack="0"/>
<pin id="2296" dir="0" index="1" bw="16" slack="0"/>
<pin id="2297" dir="0" index="2" bw="5" slack="0"/>
<pin id="2298" dir="0" index="3" bw="5" slack="0"/>
<pin id="2299" dir="1" index="4" bw="5" slack="1"/>
</pin_list>
<bind>
<opcode="partselect(1002) " fcode="partselect"/>
<opset="tmp_42/7 "/>
</bind>
</comp>

<comp id="2304" class="1004" name="tmp_43_fu_2304">
<pin_list>
<pin id="2305" dir="0" index="0" bw="7" slack="0"/>
<pin id="2306" dir="0" index="1" bw="16" slack="0"/>
<pin id="2307" dir="0" index="2" bw="5" slack="0"/>
<pin id="2308" dir="0" index="3" bw="5" slack="0"/>
<pin id="2309" dir="1" index="4" bw="7" slack="1"/>
</pin_list>
<bind>
<opcode="partselect(1002) " fcode="partselect"/>
<opset="tmp_43/7 "/>
</bind>
</comp>

<comp id="2314" class="1004" name="tmp_44_fu_2314">
<pin_list>
<pin id="2315" dir="0" index="0" bw="6" slack="0"/>
<pin id="2316" dir="0" index="1" bw="16" slack="0"/>
<pin id="2317" dir="0" index="2" bw="5" slack="0"/>
<pin id="2318" dir="0" index="3" bw="5" slack="0"/>
<pin id="2319" dir="1" index="4" bw="6" slack="1"/>
</pin_list>
<bind>
<opcode="partselect(1002) " fcode="partselect"/>
<opset="tmp_44/7 "/>
</bind>
</comp>

<comp id="2324" class="1004" name="tmp_45_fu_2324">
<pin_list>
<pin id="2325" dir="0" index="0" bw="6" slack="0"/>
<pin id="2326" dir="0" index="1" bw="16" slack="0"/>
<pin id="2327" dir="0" index="2" bw="5" slack="0"/>
<pin id="2328" dir="0" index="3" bw="5" slack="0"/>
<pin id="2329" dir="1" index="4" bw="6" slack="1"/>
</pin_list>
<bind>
<opcode="partselect(1002) " fcode="partselect"/>
<opset="tmp_45/7 "/>
</bind>
</comp>

<comp id="2334" class="1004" name="tmp_46_fu_2334">
<pin_list>
<pin id="2335" dir="0" index="0" bw="4" slack="0"/>
<pin id="2336" dir="0" index="1" bw="16" slack="0"/>
<pin id="2337" dir="0" index="2" bw="5" slack="0"/>
<pin id="2338" dir="0" index="3" bw="5" slack="0"/>
<pin id="2339" dir="1" index="4" bw="4" slack="1"/>
</pin_list>
<bind>
<opcode="partselect(1002) " fcode="partselect"/>
<opset="tmp_46/7 "/>
</bind>
</comp>

<comp id="2344" class="1004" name="tmp_47_fu_2344">
<pin_list>
<pin id="2345" dir="0" index="0" bw="5" slack="0"/>
<pin id="2346" dir="0" index="1" bw="16" slack="0"/>
<pin id="2347" dir="0" index="2" bw="5" slack="0"/>
<pin id="2348" dir="0" index="3" bw="5" slack="0"/>
<pin id="2349" dir="1" index="4" bw="5" slack="1"/>
</pin_list>
<bind>
<opcode="partselect(1002) " fcode="partselect"/>
<opset="tmp_47/7 "/>
</bind>
</comp>

<comp id="2354" class="1004" name="tmp_48_fu_2354">
<pin_list>
<pin id="2355" dir="0" index="0" bw="7" slack="0"/>
<pin id="2356" dir="0" index="1" bw="16" slack="0"/>
<pin id="2357" dir="0" index="2" bw="5" slack="0"/>
<pin id="2358" dir="0" index="3" bw="5" slack="0"/>
<pin id="2359" dir="1" index="4" bw="7" slack="1"/>
</pin_list>
<bind>
<opcode="partselect(1002) " fcode="partselect"/>
<opset="tmp_48/7 "/>
</bind>
</comp>

<comp id="2364" class="1004" name="tmp_49_fu_2364">
<pin_list>
<pin id="2365" dir="0" index="0" bw="4" slack="0"/>
<pin id="2366" dir="0" index="1" bw="16" slack="0"/>
<pin id="2367" dir="0" index="2" bw="5" slack="0"/>
<pin id="2368" dir="0" index="3" bw="5" slack="0"/>
<pin id="2369" dir="1" index="4" bw="4" slack="1"/>
</pin_list>
<bind>
<opcode="partselect(1002) " fcode="partselect"/>
<opset="tmp_49/7 "/>
</bind>
</comp>

<comp id="2374" class="1004" name="tmp_50_fu_2374">
<pin_list>
<pin id="2375" dir="0" index="0" bw="5" slack="0"/>
<pin id="2376" dir="0" index="1" bw="16" slack="0"/>
<pin id="2377" dir="0" index="2" bw="5" slack="0"/>
<pin id="2378" dir="0" index="3" bw="5" slack="0"/>
<pin id="2379" dir="1" index="4" bw="5" slack="1"/>
</pin_list>
<bind>
<opcode="partselect(1002) " fcode="partselect"/>
<opset="tmp_50/7 "/>
</bind>
</comp>

<comp id="2384" class="1004" name="tmp_51_fu_2384">
<pin_list>
<pin id="2385" dir="0" index="0" bw="6" slack="0"/>
<pin id="2386" dir="0" index="1" bw="16" slack="0"/>
<pin id="2387" dir="0" index="2" bw="5" slack="0"/>
<pin id="2388" dir="0" index="3" bw="5" slack="0"/>
<pin id="2389" dir="1" index="4" bw="6" slack="1"/>
</pin_list>
<bind>
<opcode="partselect(1002) " fcode="partselect"/>
<opset="tmp_51/7 "/>
</bind>
</comp>

<comp id="2394" class="1004" name="tmp_52_fu_2394">
<pin_list>
<pin id="2395" dir="0" index="0" bw="6" slack="0"/>
<pin id="2396" dir="0" index="1" bw="16" slack="0"/>
<pin id="2397" dir="0" index="2" bw="5" slack="0"/>
<pin id="2398" dir="0" index="3" bw="5" slack="0"/>
<pin id="2399" dir="1" index="4" bw="6" slack="1"/>
</pin_list>
<bind>
<opcode="partselect(1002) " fcode="partselect"/>
<opset="tmp_52/7 "/>
</bind>
</comp>

<comp id="2404" class="1004" name="tmp_53_fu_2404">
<pin_list>
<pin id="2405" dir="0" index="0" bw="7" slack="0"/>
<pin id="2406" dir="0" index="1" bw="16" slack="0"/>
<pin id="2407" dir="0" index="2" bw="5" slack="0"/>
<pin id="2408" dir="0" index="3" bw="5" slack="0"/>
<pin id="2409" dir="1" index="4" bw="7" slack="1"/>
</pin_list>
<bind>
<opcode="partselect(1002) " fcode="partselect"/>
<opset="tmp_53/7 "/>
</bind>
</comp>

<comp id="2414" class="1004" name="layer17_out_fu_2414">
<pin_list>
<pin id="2415" dir="0" index="0" bw="13" slack="0"/>
<pin id="2416" dir="0" index="1" bw="4" slack="1"/>
<pin id="2417" dir="0" index="2" bw="1" slack="0"/>
<pin id="2418" dir="1" index="3" bw="13" slack="0"/>
</pin_list>
<bind>
<opcode="bitconcatenate(1004) " fcode="bitconcatenate"/>
<opset="layer17_out/8 "/>
</bind>
</comp>

<comp id="2422" class="1004" name="layer17_out_1_fu_2422">
<pin_list>
<pin id="2423" dir="0" index="0" bw="13" slack="0"/>
<pin id="2424" dir="0" index="1" bw="5" slack="1"/>
<pin id="2425" dir="0" index="2" bw="1" slack="0"/>
<pin id="2426" dir="1" index="3" bw="13" slack="0"/>
</pin_list>
<bind>
<opcode="bitconcatenate(1004) " fcode="bitconcatenate"/>
<opset="layer17_out_1/8 "/>
</bind>
</comp>

<comp id="2430" class="1004" name="layer17_out_2_fu_2430">
<pin_list>
<pin id="2431" dir="0" index="0" bw="15" slack="0"/>
<pin id="2432" dir="0" index="1" bw="7" slack="1"/>
<pin id="2433" dir="0" index="2" bw="1" slack="0"/>
<pin id="2434" dir="1" index="3" bw="15" slack="0"/>
</pin_list>
<bind>
<opcode="bitconcatenate(1004) " fcode="bitconcatenate"/>
<opset="layer17_out_2/8 "/>
</bind>
</comp>

<comp id="2438" class="1004" name="layer17_out_3_fu_2438">
<pin_list>
<pin id="2439" dir="0" index="0" bw="15" slack="0"/>
<pin id="2440" dir="0" index="1" bw="6" slack="1"/>
<pin id="2441" dir="0" index="2" bw="1" slack="0"/>
<pin id="2442" dir="1" index="3" bw="15" slack="0"/>
</pin_list>
<bind>
<opcode="bitconcatenate(1004) " fcode="bitconcatenate"/>
<opset="layer17_out_3/8 "/>
</bind>
</comp>

<comp id="2446" class="1004" name="layer17_out_4_fu_2446">
<pin_list>
<pin id="2447" dir="0" index="0" bw="14" slack="0"/>
<pin id="2448" dir="0" index="1" bw="6" slack="1"/>
<pin id="2449" dir="0" index="2" bw="1" slack="0"/>
<pin id="2450" dir="1" index="3" bw="14" slack="0"/>
</pin_list>
<bind>
<opcode="bitconcatenate(1004) " fcode="bitconcatenate"/>
<opset="layer17_out_4/8 "/>
</bind>
</comp>

<comp id="2454" class="1004" name="layer17_out_5_fu_2454">
<pin_list>
<pin id="2455" dir="0" index="0" bw="13" slack="0"/>
<pin id="2456" dir="0" index="1" bw="4" slack="1"/>
<pin id="2457" dir="0" index="2" bw="1" slack="0"/>
<pin id="2458" dir="1" index="3" bw="13" slack="0"/>
</pin_list>
<bind>
<opcode="bitconcatenate(1004) " fcode="bitconcatenate"/>
<opset="layer17_out_5/8 "/>
</bind>
</comp>

<comp id="2462" class="1004" name="layer17_out_6_fu_2462">
<pin_list>
<pin id="2463" dir="0" index="0" bw="14" slack="0"/>
<pin id="2464" dir="0" index="1" bw="5" slack="1"/>
<pin id="2465" dir="0" index="2" bw="1" slack="0"/>
<pin id="2466" dir="1" index="3" bw="14" slack="0"/>
</pin_list>
<bind>
<opcode="bitconcatenate(1004) " fcode="bitconcatenate"/>
<opset="layer17_out_6/8 "/>
</bind>
</comp>

<comp id="2470" class="1004" name="layer17_out_7_fu_2470">
<pin_list>
<pin id="2471" dir="0" index="0" bw="15" slack="0"/>
<pin id="2472" dir="0" index="1" bw="7" slack="1"/>
<pin id="2473" dir="0" index="2" bw="1" slack="0"/>
<pin id="2474" dir="1" index="3" bw="15" slack="0"/>
</pin_list>
<bind>
<opcode="bitconcatenate(1004) " fcode="bitconcatenate"/>
<opset="layer17_out_7/8 "/>
</bind>
</comp>

<comp id="2478" class="1004" name="layer17_out_8_fu_2478">
<pin_list>
<pin id="2479" dir="0" index="0" bw="14" slack="0"/>
<pin id="2480" dir="0" index="1" bw="4" slack="1"/>
<pin id="2481" dir="0" index="2" bw="1" slack="0"/>
<pin id="2482" dir="1" index="3" bw="14" slack="0"/>
</pin_list>
<bind>
<opcode="bitconcatenate(1004) " fcode="bitconcatenate"/>
<opset="layer17_out_8/8 "/>
</bind>
</comp>

<comp id="2486" class="1004" name="layer17_out_9_fu_2486">
<pin_list>
<pin id="2487" dir="0" index="0" bw="15" slack="0"/>
<pin id="2488" dir="0" index="1" bw="5" slack="1"/>
<pin id="2489" dir="0" index="2" bw="1" slack="0"/>
<pin id="2490" dir="1" index="3" bw="15" slack="0"/>
</pin_list>
<bind>
<opcode="bitconcatenate(1004) " fcode="bitconcatenate"/>
<opset="layer17_out_9/8 "/>
</bind>
</comp>

<comp id="2494" class="1004" name="layer17_out_10_fu_2494">
<pin_list>
<pin id="2495" dir="0" index="0" bw="14" slack="0"/>
<pin id="2496" dir="0" index="1" bw="6" slack="1"/>
<pin id="2497" dir="0" index="2" bw="1" slack="0"/>
<pin id="2498" dir="1" index="3" bw="14" slack="0"/>
</pin_list>
<bind>
<opcode="bitconcatenate(1004) " fcode="bitconcatenate"/>
<opset="layer17_out_10/8 "/>
</bind>
</comp>

<comp id="2502" class="1004" name="layer17_out_11_fu_2502">
<pin_list>
<pin id="2503" dir="0" index="0" bw="15" slack="0"/>
<pin id="2504" dir="0" index="1" bw="6" slack="1"/>
<pin id="2505" dir="0" index="2" bw="1" slack="0"/>
<pin id="2506" dir="1" index="3" bw="15" slack="0"/>
</pin_list>
<bind>
<opcode="bitconcatenate(1004) " fcode="bitconcatenate"/>
<opset="layer17_out_11/8 "/>
</bind>
</comp>

<comp id="2510" class="1004" name="layer17_out_12_fu_2510">
<pin_list>
<pin id="2511" dir="0" index="0" bw="16" slack="0"/>
<pin id="2512" dir="0" index="1" bw="7" slack="1"/>
<pin id="2513" dir="0" index="2" bw="1" slack="0"/>
<pin id="2514" dir="1" index="3" bw="16" slack="0"/>
</pin_list>
<bind>
<opcode="bitconcatenate(1004) " fcode="bitconcatenate"/>
<opset="layer17_out_12/8 "/>
</bind>
</comp>

<comp id="2518" class="1004" name="layer18_out_fu_2518">
<pin_list>
<pin id="2519" dir="0" index="0" bw="80" slack="0"/>
<pin id="2520" dir="1" index="1" bw="16" slack="0"/>
</pin_list>
<bind>
<opcode="extractvalue(56) " fcode="extractvalue"/>
<opset="layer18_out/9 "/>
</bind>
</comp>

<comp id="2522" class="1004" name="layer18_out_1_fu_2522">
<pin_list>
<pin id="2523" dir="0" index="0" bw="80" slack="0"/>
<pin id="2524" dir="1" index="1" bw="16" slack="0"/>
</pin_list>
<bind>
<opcode="extractvalue(56) " fcode="extractvalue"/>
<opset="layer18_out_1/9 "/>
</bind>
</comp>

<comp id="2526" class="1004" name="layer18_out_2_fu_2526">
<pin_list>
<pin id="2527" dir="0" index="0" bw="80" slack="0"/>
<pin id="2528" dir="1" index="1" bw="16" slack="0"/>
</pin_list>
<bind>
<opcode="extractvalue(56) " fcode="extractvalue"/>
<opset="layer18_out_2/9 "/>
</bind>
</comp>

<comp id="2530" class="1004" name="layer18_out_3_fu_2530">
<pin_list>
<pin id="2531" dir="0" index="0" bw="80" slack="0"/>
<pin id="2532" dir="1" index="1" bw="16" slack="0"/>
</pin_list>
<bind>
<opcode="extractvalue(56) " fcode="extractvalue"/>
<opset="layer18_out_3/9 "/>
</bind>
</comp>

<comp id="2534" class="1004" name="layer18_out_4_fu_2534">
<pin_list>
<pin id="2535" dir="0" index="0" bw="80" slack="0"/>
<pin id="2536" dir="1" index="1" bw="16" slack="0"/>
</pin_list>
<bind>
<opcode="extractvalue(56) " fcode="extractvalue"/>
<opset="layer18_out_4/9 "/>
</bind>
</comp>

<comp id="2538" class="1004" name="tmp_54_fu_2538">
<pin_list>
<pin id="2539" dir="0" index="0" bw="10" slack="0"/>
<pin id="2540" dir="0" index="1" bw="16" slack="0"/>
<pin id="2541" dir="0" index="2" bw="4" slack="0"/>
<pin id="2542" dir="0" index="3" bw="5" slack="0"/>
<pin id="2543" dir="1" index="4" bw="10" slack="0"/>
</pin_list>
<bind>
<opcode="partselect(1002) " fcode="partselect"/>
<opset="tmp_54/9 "/>
</bind>
</comp>

<comp id="2548" class="1004" name="shl_ln_fu_2548">
<pin_list>
<pin id="2549" dir="0" index="0" bw="15" slack="0"/>
<pin id="2550" dir="0" index="1" bw="10" slack="0"/>
<pin id="2551" dir="0" index="2" bw="1" slack="0"/>
<pin id="2552" dir="1" index="3" bw="15" slack="0"/>
</pin_list>
<bind>
<opcode="bitconcatenate(1004) " fcode="bitconcatenate"/>
<opset="shl_ln/9 "/>
</bind>
</comp>

<comp id="2556" class="1004" name="sext_ln198_fu_2556">
<pin_list>
<pin id="2557" dir="0" index="0" bw="15" slack="0"/>
<pin id="2558" dir="1" index="1" bw="16" slack="0"/>
</pin_list>
<bind>
<opcode="sext(35) " fcode="sext"/>
<opset="sext_ln198/9 "/>
</bind>
</comp>

<comp id="2561" class="1004" name="tmp_55_fu_2561">
<pin_list>
<pin id="2562" dir="0" index="0" bw="11" slack="0"/>
<pin id="2563" dir="0" index="1" bw="16" slack="0"/>
<pin id="2564" dir="0" index="2" bw="4" slack="0"/>
<pin id="2565" dir="0" index="3" bw="5" slack="0"/>
<pin id="2566" dir="1" index="4" bw="11" slack="0"/>
</pin_list>
<bind>
<opcode="partselect(1002) " fcode="partselect"/>
<opset="tmp_55/9 "/>
</bind>
</comp>

<comp id="2571" class="1004" name="shl_ln1_fu_2571">
<pin_list>
<pin id="2572" dir="0" index="0" bw="15" slack="0"/>
<pin id="2573" dir="0" index="1" bw="11" slack="0"/>
<pin id="2574" dir="0" index="2" bw="1" slack="0"/>
<pin id="2575" dir="1" index="3" bw="15" slack="0"/>
</pin_list>
<bind>
<opcode="bitconcatenate(1004) " fcode="bitconcatenate"/>
<opset="shl_ln1/9 "/>
</bind>
</comp>

<comp id="2579" class="1004" name="sext_ln199_fu_2579">
<pin_list>
<pin id="2580" dir="0" index="0" bw="15" slack="0"/>
<pin id="2581" dir="1" index="1" bw="16" slack="0"/>
</pin_list>
<bind>
<opcode="sext(35) " fcode="sext"/>
<opset="sext_ln199/9 "/>
</bind>
</comp>

<comp id="2584" class="1004" name="tmp_56_fu_2584">
<pin_list>
<pin id="2585" dir="0" index="0" bw="10" slack="0"/>
<pin id="2586" dir="0" index="1" bw="16" slack="0"/>
<pin id="2587" dir="0" index="2" bw="4" slack="0"/>
<pin id="2588" dir="0" index="3" bw="5" slack="0"/>
<pin id="2589" dir="1" index="4" bw="10" slack="0"/>
</pin_list>
<bind>
<opcode="partselect(1002) " fcode="partselect"/>
<opset="tmp_56/9 "/>
</bind>
</comp>

<comp id="2594" class="1004" name="shl_ln2_fu_2594">
<pin_list>
<pin id="2595" dir="0" index="0" bw="15" slack="0"/>
<pin id="2596" dir="0" index="1" bw="10" slack="0"/>
<pin id="2597" dir="0" index="2" bw="1" slack="0"/>
<pin id="2598" dir="1" index="3" bw="15" slack="0"/>
</pin_list>
<bind>
<opcode="bitconcatenate(1004) " fcode="bitconcatenate"/>
<opset="shl_ln2/9 "/>
</bind>
</comp>

<comp id="2602" class="1004" name="sext_ln200_fu_2602">
<pin_list>
<pin id="2603" dir="0" index="0" bw="15" slack="0"/>
<pin id="2604" dir="1" index="1" bw="16" slack="0"/>
</pin_list>
<bind>
<opcode="sext(35) " fcode="sext"/>
<opset="sext_ln200/9 "/>
</bind>
</comp>

<comp id="2607" class="1004" name="tmp_57_fu_2607">
<pin_list>
<pin id="2608" dir="0" index="0" bw="11" slack="0"/>
<pin id="2609" dir="0" index="1" bw="16" slack="0"/>
<pin id="2610" dir="0" index="2" bw="4" slack="0"/>
<pin id="2611" dir="0" index="3" bw="5" slack="0"/>
<pin id="2612" dir="1" index="4" bw="11" slack="0"/>
</pin_list>
<bind>
<opcode="partselect(1002) " fcode="partselect"/>
<opset="tmp_57/9 "/>
</bind>
</comp>

<comp id="2617" class="1004" name="shl_ln3_fu_2617">
<pin_list>
<pin id="2618" dir="0" index="0" bw="15" slack="0"/>
<pin id="2619" dir="0" index="1" bw="11" slack="0"/>
<pin id="2620" dir="0" index="2" bw="1" slack="0"/>
<pin id="2621" dir="1" index="3" bw="15" slack="0"/>
</pin_list>
<bind>
<opcode="bitconcatenate(1004) " fcode="bitconcatenate"/>
<opset="shl_ln3/9 "/>
</bind>
</comp>

<comp id="2625" class="1004" name="sext_ln201_fu_2625">
<pin_list>
<pin id="2626" dir="0" index="0" bw="15" slack="0"/>
<pin id="2627" dir="1" index="1" bw="16" slack="0"/>
</pin_list>
<bind>
<opcode="sext(35) " fcode="sext"/>
<opset="sext_ln201/9 "/>
</bind>
</comp>

<comp id="2630" class="1004" name="tmp_58_fu_2630">
<pin_list>
<pin id="2631" dir="0" index="0" bw="10" slack="0"/>
<pin id="2632" dir="0" index="1" bw="16" slack="0"/>
<pin id="2633" dir="0" index="2" bw="4" slack="0"/>
<pin id="2634" dir="0" index="3" bw="5" slack="0"/>
<pin id="2635" dir="1" index="4" bw="10" slack="0"/>
</pin_list>
<bind>
<opcode="partselect(1002) " fcode="partselect"/>
<opset="tmp_58/9 "/>
</bind>
</comp>

<comp id="2640" class="1004" name="shl_ln4_fu_2640">
<pin_list>
<pin id="2641" dir="0" index="0" bw="15" slack="0"/>
<pin id="2642" dir="0" index="1" bw="10" slack="0"/>
<pin id="2643" dir="0" index="2" bw="1" slack="0"/>
<pin id="2644" dir="1" index="3" bw="15" slack="0"/>
</pin_list>
<bind>
<opcode="bitconcatenate(1004) " fcode="bitconcatenate"/>
<opset="shl_ln4/9 "/>
</bind>
</comp>

<comp id="2648" class="1004" name="sext_ln202_fu_2648">
<pin_list>
<pin id="2649" dir="0" index="0" bw="15" slack="0"/>
<pin id="2650" dir="1" index="1" bw="16" slack="0"/>
</pin_list>
<bind>
<opcode="sext(35) " fcode="sext"/>
<opset="sext_ln202/9 "/>
</bind>
</comp>

<comp id="2653" class="1005" name="add_ln30_reg_2653">
<pin_list>
<pin id="2654" dir="0" index="0" bw="8" slack="1"/>
<pin id="2655" dir="1" index="1" bw="8" slack="1"/>
</pin_list>
<bind>
<opset="add_ln30 "/>
</bind>
</comp>

<comp id="2658" class="1005" name="add_ln31_reg_2658">
<pin_list>
<pin id="2659" dir="0" index="0" bw="8" slack="1"/>
<pin id="2660" dir="1" index="1" bw="8" slack="1"/>
</pin_list>
<bind>
<opset="add_ln31 "/>
</bind>
</comp>

<comp id="2663" class="1005" name="add_ln32_reg_2663">
<pin_list>
<pin id="2664" dir="0" index="0" bw="10" slack="1"/>
<pin id="2665" dir="1" index="1" bw="10" slack="1"/>
</pin_list>
<bind>
<opset="add_ln32 "/>
</bind>
</comp>

<comp id="2668" class="1005" name="add_ln33_reg_2668">
<pin_list>
<pin id="2669" dir="0" index="0" bw="10" slack="1"/>
<pin id="2670" dir="1" index="1" bw="10" slack="1"/>
</pin_list>
<bind>
<opset="add_ln33 "/>
</bind>
</comp>

<comp id="2673" class="1005" name="add_ln34_reg_2673">
<pin_list>
<pin id="2674" dir="0" index="0" bw="10" slack="1"/>
<pin id="2675" dir="1" index="1" bw="10" slack="1"/>
</pin_list>
<bind>
<opset="add_ln34 "/>
</bind>
</comp>

<comp id="2678" class="1005" name="add_ln35_reg_2678">
<pin_list>
<pin id="2679" dir="0" index="0" bw="9" slack="1"/>
<pin id="2680" dir="1" index="1" bw="9" slack="1"/>
</pin_list>
<bind>
<opset="add_ln35 "/>
</bind>
</comp>

<comp id="2683" class="1005" name="add_ln36_reg_2683">
<pin_list>
<pin id="2684" dir="0" index="0" bw="5" slack="1"/>
<pin id="2685" dir="1" index="1" bw="5" slack="1"/>
</pin_list>
<bind>
<opset="add_ln36 "/>
</bind>
</comp>

<comp id="2688" class="1005" name="add_ln37_reg_2688">
<pin_list>
<pin id="2689" dir="0" index="0" bw="7" slack="1"/>
<pin id="2690" dir="1" index="1" bw="7" slack="1"/>
</pin_list>
<bind>
<opset="add_ln37 "/>
</bind>
</comp>

<comp id="2693" class="1005" name="add_ln38_reg_2693">
<pin_list>
<pin id="2694" dir="0" index="0" bw="5" slack="1"/>
<pin id="2695" dir="1" index="1" bw="5" slack="1"/>
</pin_list>
<bind>
<opset="add_ln38 "/>
</bind>
</comp>

<comp id="2698" class="1005" name="add_ln39_reg_2698">
<pin_list>
<pin id="2699" dir="0" index="0" bw="7" slack="1"/>
<pin id="2700" dir="1" index="1" bw="7" slack="1"/>
</pin_list>
<bind>
<opset="add_ln39 "/>
</bind>
</comp>

<comp id="2703" class="1005" name="add_ln40_reg_2703">
<pin_list>
<pin id="2704" dir="0" index="0" bw="6" slack="1"/>
<pin id="2705" dir="1" index="1" bw="6" slack="1"/>
</pin_list>
<bind>
<opset="add_ln40 "/>
</bind>
</comp>

<comp id="2708" class="1005" name="add_ln41_reg_2708">
<pin_list>
<pin id="2709" dir="0" index="0" bw="7" slack="1"/>
<pin id="2710" dir="1" index="1" bw="7" slack="1"/>
</pin_list>
<bind>
<opset="add_ln41 "/>
</bind>
</comp>

<comp id="2713" class="1005" name="add_ln42_reg_2713">
<pin_list>
<pin id="2714" dir="0" index="0" bw="7" slack="1"/>
<pin id="2715" dir="1" index="1" bw="7" slack="1"/>
</pin_list>
<bind>
<opset="add_ln42 "/>
</bind>
</comp>

<comp id="2718" class="1005" name="add_ln43_reg_2718">
<pin_list>
<pin id="2719" dir="0" index="0" bw="5" slack="1"/>
<pin id="2720" dir="1" index="1" bw="5" slack="1"/>
</pin_list>
<bind>
<opset="add_ln43 "/>
</bind>
</comp>

<comp id="2723" class="1005" name="add_ln44_reg_2723">
<pin_list>
<pin id="2724" dir="0" index="0" bw="12" slack="1"/>
<pin id="2725" dir="1" index="1" bw="12" slack="1"/>
</pin_list>
<bind>
<opset="add_ln44 "/>
</bind>
</comp>

<comp id="2728" class="1005" name="add_ln45_reg_2728">
<pin_list>
<pin id="2729" dir="0" index="0" bw="8" slack="1"/>
<pin id="2730" dir="1" index="1" bw="8" slack="1"/>
</pin_list>
<bind>
<opset="add_ln45 "/>
</bind>
</comp>

<comp id="2733" class="1005" name="tmp_reg_2733">
<pin_list>
<pin id="2734" dir="0" index="0" bw="4" slack="1"/>
<pin id="2735" dir="1" index="1" bw="4" slack="1"/>
</pin_list>
<bind>
<opset="tmp "/>
</bind>
</comp>

<comp id="2738" class="1005" name="tmp_1_reg_2738">
<pin_list>
<pin id="2739" dir="0" index="0" bw="8" slack="1"/>
<pin id="2740" dir="1" index="1" bw="8" slack="1"/>
</pin_list>
<bind>
<opset="tmp_1 "/>
</bind>
</comp>

<comp id="2743" class="1005" name="tmp_2_reg_2743">
<pin_list>
<pin id="2744" dir="0" index="0" bw="10" slack="1"/>
<pin id="2745" dir="1" index="1" bw="10" slack="1"/>
</pin_list>
<bind>
<opset="tmp_2 "/>
</bind>
</comp>

<comp id="2748" class="1005" name="tmp_3_reg_2748">
<pin_list>
<pin id="2749" dir="0" index="0" bw="5" slack="1"/>
<pin id="2750" dir="1" index="1" bw="5" slack="1"/>
</pin_list>
<bind>
<opset="tmp_3 "/>
</bind>
</comp>

<comp id="2753" class="1005" name="tmp_4_reg_2753">
<pin_list>
<pin id="2754" dir="0" index="0" bw="4" slack="1"/>
<pin id="2755" dir="1" index="1" bw="4" slack="1"/>
</pin_list>
<bind>
<opset="tmp_4 "/>
</bind>
</comp>

<comp id="2758" class="1005" name="tmp_5_reg_2758">
<pin_list>
<pin id="2759" dir="0" index="0" bw="11" slack="1"/>
<pin id="2760" dir="1" index="1" bw="11" slack="1"/>
</pin_list>
<bind>
<opset="tmp_5 "/>
</bind>
</comp>

<comp id="2763" class="1005" name="tmp_6_reg_2763">
<pin_list>
<pin id="2764" dir="0" index="0" bw="8" slack="1"/>
<pin id="2765" dir="1" index="1" bw="8" slack="1"/>
</pin_list>
<bind>
<opset="tmp_6 "/>
</bind>
</comp>

<comp id="2768" class="1005" name="tmp_7_reg_2768">
<pin_list>
<pin id="2769" dir="0" index="0" bw="7" slack="1"/>
<pin id="2770" dir="1" index="1" bw="7" slack="1"/>
</pin_list>
<bind>
<opset="tmp_7 "/>
</bind>
</comp>

<comp id="2773" class="1005" name="tmp_8_reg_2773">
<pin_list>
<pin id="2774" dir="0" index="0" bw="6" slack="1"/>
<pin id="2775" dir="1" index="1" bw="6" slack="1"/>
</pin_list>
<bind>
<opset="tmp_8 "/>
</bind>
</comp>

<comp id="2778" class="1005" name="tmp_9_reg_2778">
<pin_list>
<pin id="2779" dir="0" index="0" bw="7" slack="1"/>
<pin id="2780" dir="1" index="1" bw="7" slack="1"/>
</pin_list>
<bind>
<opset="tmp_9 "/>
</bind>
</comp>

<comp id="2783" class="1005" name="tmp_s_reg_2783">
<pin_list>
<pin id="2784" dir="0" index="0" bw="8" slack="1"/>
<pin id="2785" dir="1" index="1" bw="8" slack="1"/>
</pin_list>
<bind>
<opset="tmp_s "/>
</bind>
</comp>

<comp id="2788" class="1005" name="tmp_10_reg_2788">
<pin_list>
<pin id="2789" dir="0" index="0" bw="6" slack="1"/>
<pin id="2790" dir="1" index="1" bw="6" slack="1"/>
</pin_list>
<bind>
<opset="tmp_10 "/>
</bind>
</comp>

<comp id="2793" class="1005" name="tmp_11_reg_2793">
<pin_list>
<pin id="2794" dir="0" index="0" bw="7" slack="1"/>
<pin id="2795" dir="1" index="1" bw="7" slack="1"/>
</pin_list>
<bind>
<opset="tmp_11 "/>
</bind>
</comp>

<comp id="2798" class="1005" name="tmp_12_reg_2798">
<pin_list>
<pin id="2799" dir="0" index="0" bw="6" slack="1"/>
<pin id="2800" dir="1" index="1" bw="6" slack="1"/>
</pin_list>
<bind>
<opset="tmp_12 "/>
</bind>
</comp>

<comp id="2803" class="1005" name="tmp_13_reg_2803">
<pin_list>
<pin id="2804" dir="0" index="0" bw="6" slack="1"/>
<pin id="2805" dir="1" index="1" bw="6" slack="1"/>
</pin_list>
<bind>
<opset="tmp_13 "/>
</bind>
</comp>

<comp id="2808" class="1005" name="tmp_14_reg_2808">
<pin_list>
<pin id="2809" dir="0" index="0" bw="5" slack="1"/>
<pin id="2810" dir="1" index="1" bw="5" slack="1"/>
</pin_list>
<bind>
<opset="tmp_14 "/>
</bind>
</comp>

<comp id="2813" class="1005" name="tmp_15_reg_2813">
<pin_list>
<pin id="2814" dir="0" index="0" bw="6" slack="1"/>
<pin id="2815" dir="1" index="1" bw="6" slack="1"/>
</pin_list>
<bind>
<opset="tmp_15 "/>
</bind>
</comp>

<comp id="2818" class="1005" name="tmp_16_reg_2818">
<pin_list>
<pin id="2819" dir="0" index="0" bw="6" slack="1"/>
<pin id="2820" dir="1" index="1" bw="6" slack="1"/>
</pin_list>
<bind>
<opset="tmp_16 "/>
</bind>
</comp>

<comp id="2823" class="1005" name="tmp_17_reg_2823">
<pin_list>
<pin id="2824" dir="0" index="0" bw="6" slack="1"/>
<pin id="2825" dir="1" index="1" bw="6" slack="1"/>
</pin_list>
<bind>
<opset="tmp_17 "/>
</bind>
</comp>

<comp id="2828" class="1005" name="tmp_18_reg_2828">
<pin_list>
<pin id="2829" dir="0" index="0" bw="9" slack="1"/>
<pin id="2830" dir="1" index="1" bw="9" slack="1"/>
</pin_list>
<bind>
<opset="tmp_18 "/>
</bind>
</comp>

<comp id="2833" class="1005" name="tmp_19_reg_2833">
<pin_list>
<pin id="2834" dir="0" index="0" bw="5" slack="1"/>
<pin id="2835" dir="1" index="1" bw="5" slack="1"/>
</pin_list>
<bind>
<opset="tmp_19 "/>
</bind>
</comp>

<comp id="2838" class="1005" name="tmp_20_reg_2838">
<pin_list>
<pin id="2839" dir="0" index="0" bw="7" slack="1"/>
<pin id="2840" dir="1" index="1" bw="7" slack="1"/>
</pin_list>
<bind>
<opset="tmp_20 "/>
</bind>
</comp>

<comp id="2843" class="1005" name="tmp_21_reg_2843">
<pin_list>
<pin id="2844" dir="0" index="0" bw="5" slack="1"/>
<pin id="2845" dir="1" index="1" bw="5" slack="1"/>
</pin_list>
<bind>
<opset="tmp_21 "/>
</bind>
</comp>

<comp id="2848" class="1005" name="tmp_22_reg_2848">
<pin_list>
<pin id="2849" dir="0" index="0" bw="4" slack="1"/>
<pin id="2850" dir="1" index="1" bw="4" slack="1"/>
</pin_list>
<bind>
<opset="tmp_22 "/>
</bind>
</comp>

<comp id="2853" class="1005" name="tmp_23_reg_2853">
<pin_list>
<pin id="2854" dir="0" index="0" bw="5" slack="1"/>
<pin id="2855" dir="1" index="1" bw="5" slack="1"/>
</pin_list>
<bind>
<opset="tmp_23 "/>
</bind>
</comp>

<comp id="2858" class="1005" name="tmp_24_reg_2858">
<pin_list>
<pin id="2859" dir="0" index="0" bw="6" slack="1"/>
<pin id="2860" dir="1" index="1" bw="6" slack="1"/>
</pin_list>
<bind>
<opset="tmp_24 "/>
</bind>
</comp>

<comp id="2863" class="1005" name="tmp_25_reg_2863">
<pin_list>
<pin id="2864" dir="0" index="0" bw="5" slack="1"/>
<pin id="2865" dir="1" index="1" bw="5" slack="1"/>
</pin_list>
<bind>
<opset="tmp_25 "/>
</bind>
</comp>

<comp id="2868" class="1005" name="tmp_26_reg_2868">
<pin_list>
<pin id="2869" dir="0" index="0" bw="4" slack="1"/>
<pin id="2870" dir="1" index="1" bw="4" slack="1"/>
</pin_list>
<bind>
<opset="tmp_26 "/>
</bind>
</comp>

<comp id="2873" class="1005" name="tmp_27_reg_2873">
<pin_list>
<pin id="2874" dir="0" index="0" bw="6" slack="1"/>
<pin id="2875" dir="1" index="1" bw="6" slack="1"/>
</pin_list>
<bind>
<opset="tmp_27 "/>
</bind>
</comp>

<comp id="2878" class="1005" name="tmp_28_reg_2878">
<pin_list>
<pin id="2879" dir="0" index="0" bw="4" slack="1"/>
<pin id="2880" dir="1" index="1" bw="4" slack="1"/>
</pin_list>
<bind>
<opset="tmp_28 "/>
</bind>
</comp>

<comp id="2883" class="1005" name="tmp_29_reg_2883">
<pin_list>
<pin id="2884" dir="0" index="0" bw="6" slack="1"/>
<pin id="2885" dir="1" index="1" bw="6" slack="1"/>
</pin_list>
<bind>
<opset="tmp_29 "/>
</bind>
</comp>

<comp id="2888" class="1005" name="tmp_30_reg_2888">
<pin_list>
<pin id="2889" dir="0" index="0" bw="7" slack="1"/>
<pin id="2890" dir="1" index="1" bw="7" slack="1"/>
</pin_list>
<bind>
<opset="tmp_30 "/>
</bind>
</comp>

<comp id="2893" class="1005" name="tmp_31_reg_2893">
<pin_list>
<pin id="2894" dir="0" index="0" bw="6" slack="1"/>
<pin id="2895" dir="1" index="1" bw="6" slack="1"/>
</pin_list>
<bind>
<opset="tmp_31 "/>
</bind>
</comp>

<comp id="2898" class="1005" name="tmp_32_reg_2898">
<pin_list>
<pin id="2899" dir="0" index="0" bw="6" slack="1"/>
<pin id="2900" dir="1" index="1" bw="6" slack="1"/>
</pin_list>
<bind>
<opset="tmp_32 "/>
</bind>
</comp>

<comp id="2903" class="1005" name="tmp_33_reg_2903">
<pin_list>
<pin id="2904" dir="0" index="0" bw="6" slack="1"/>
<pin id="2905" dir="1" index="1" bw="6" slack="1"/>
</pin_list>
<bind>
<opset="tmp_33 "/>
</bind>
</comp>

<comp id="2908" class="1005" name="tmp_34_reg_2908">
<pin_list>
<pin id="2909" dir="0" index="0" bw="8" slack="1"/>
<pin id="2910" dir="1" index="1" bw="8" slack="1"/>
</pin_list>
<bind>
<opset="tmp_34 "/>
</bind>
</comp>

<comp id="2913" class="1005" name="tmp_35_reg_2913">
<pin_list>
<pin id="2914" dir="0" index="0" bw="8" slack="1"/>
<pin id="2915" dir="1" index="1" bw="8" slack="1"/>
</pin_list>
<bind>
<opset="tmp_35 "/>
</bind>
</comp>

<comp id="2918" class="1005" name="tmp_36_reg_2918">
<pin_list>
<pin id="2919" dir="0" index="0" bw="5" slack="1"/>
<pin id="2920" dir="1" index="1" bw="5" slack="1"/>
</pin_list>
<bind>
<opset="tmp_36 "/>
</bind>
</comp>

<comp id="2923" class="1005" name="tmp_37_reg_2923">
<pin_list>
<pin id="2924" dir="0" index="0" bw="7" slack="1"/>
<pin id="2925" dir="1" index="1" bw="7" slack="1"/>
</pin_list>
<bind>
<opset="tmp_37 "/>
</bind>
</comp>

<comp id="2928" class="1005" name="tmp_38_reg_2928">
<pin_list>
<pin id="2929" dir="0" index="0" bw="7" slack="1"/>
<pin id="2930" dir="1" index="1" bw="7" slack="1"/>
</pin_list>
<bind>
<opset="tmp_38 "/>
</bind>
</comp>

<comp id="2933" class="1005" name="tmp_39_reg_2933">
<pin_list>
<pin id="2934" dir="0" index="0" bw="5" slack="1"/>
<pin id="2935" dir="1" index="1" bw="5" slack="1"/>
</pin_list>
<bind>
<opset="tmp_39 "/>
</bind>
</comp>

<comp id="2938" class="1005" name="tmp_40_reg_2938">
<pin_list>
<pin id="2939" dir="0" index="0" bw="7" slack="1"/>
<pin id="2940" dir="1" index="1" bw="7" slack="1"/>
</pin_list>
<bind>
<opset="tmp_40 "/>
</bind>
</comp>

<comp id="2943" class="1005" name="tmp_41_reg_2943">
<pin_list>
<pin id="2944" dir="0" index="0" bw="4" slack="1"/>
<pin id="2945" dir="1" index="1" bw="4" slack="1"/>
</pin_list>
<bind>
<opset="tmp_41 "/>
</bind>
</comp>

<comp id="2948" class="1005" name="tmp_42_reg_2948">
<pin_list>
<pin id="2949" dir="0" index="0" bw="5" slack="1"/>
<pin id="2950" dir="1" index="1" bw="5" slack="1"/>
</pin_list>
<bind>
<opset="tmp_42 "/>
</bind>
</comp>

<comp id="2953" class="1005" name="tmp_43_reg_2953">
<pin_list>
<pin id="2954" dir="0" index="0" bw="7" slack="1"/>
<pin id="2955" dir="1" index="1" bw="7" slack="1"/>
</pin_list>
<bind>
<opset="tmp_43 "/>
</bind>
</comp>

<comp id="2958" class="1005" name="tmp_44_reg_2958">
<pin_list>
<pin id="2959" dir="0" index="0" bw="6" slack="1"/>
<pin id="2960" dir="1" index="1" bw="6" slack="1"/>
</pin_list>
<bind>
<opset="tmp_44 "/>
</bind>
</comp>

<comp id="2963" class="1005" name="tmp_45_reg_2963">
<pin_list>
<pin id="2964" dir="0" index="0" bw="6" slack="1"/>
<pin id="2965" dir="1" index="1" bw="6" slack="1"/>
</pin_list>
<bind>
<opset="tmp_45 "/>
</bind>
</comp>

<comp id="2968" class="1005" name="tmp_46_reg_2968">
<pin_list>
<pin id="2969" dir="0" index="0" bw="4" slack="1"/>
<pin id="2970" dir="1" index="1" bw="4" slack="1"/>
</pin_list>
<bind>
<opset="tmp_46 "/>
</bind>
</comp>

<comp id="2973" class="1005" name="tmp_47_reg_2973">
<pin_list>
<pin id="2974" dir="0" index="0" bw="5" slack="1"/>
<pin id="2975" dir="1" index="1" bw="5" slack="1"/>
</pin_list>
<bind>
<opset="tmp_47 "/>
</bind>
</comp>

<comp id="2978" class="1005" name="tmp_48_reg_2978">
<pin_list>
<pin id="2979" dir="0" index="0" bw="7" slack="1"/>
<pin id="2980" dir="1" index="1" bw="7" slack="1"/>
</pin_list>
<bind>
<opset="tmp_48 "/>
</bind>
</comp>

<comp id="2983" class="1005" name="tmp_49_reg_2983">
<pin_list>
<pin id="2984" dir="0" index="0" bw="4" slack="1"/>
<pin id="2985" dir="1" index="1" bw="4" slack="1"/>
</pin_list>
<bind>
<opset="tmp_49 "/>
</bind>
</comp>

<comp id="2988" class="1005" name="tmp_50_reg_2988">
<pin_list>
<pin id="2989" dir="0" index="0" bw="5" slack="1"/>
<pin id="2990" dir="1" index="1" bw="5" slack="1"/>
</pin_list>
<bind>
<opset="tmp_50 "/>
</bind>
</comp>

<comp id="2993" class="1005" name="tmp_51_reg_2993">
<pin_list>
<pin id="2994" dir="0" index="0" bw="6" slack="1"/>
<pin id="2995" dir="1" index="1" bw="6" slack="1"/>
</pin_list>
<bind>
<opset="tmp_51 "/>
</bind>
</comp>

<comp id="2998" class="1005" name="tmp_52_reg_2998">
<pin_list>
<pin id="2999" dir="0" index="0" bw="6" slack="1"/>
<pin id="3000" dir="1" index="1" bw="6" slack="1"/>
</pin_list>
<bind>
<opset="tmp_52 "/>
</bind>
</comp>

<comp id="3003" class="1005" name="tmp_53_reg_3003">
<pin_list>
<pin id="3004" dir="0" index="0" bw="7" slack="1"/>
<pin id="3005" dir="1" index="1" bw="7" slack="1"/>
</pin_list>
<bind>
<opset="tmp_53 "/>
</bind>
</comp>

</comp_list>

<net_list>
<net id="266"><net_src comp="12" pin="0"/><net_sink comp="262" pin=0"/></net>

<net id="267"><net_src comp="0" pin="0"/><net_sink comp="262" pin=1"/></net>

<net id="273"><net_src comp="256" pin="0"/><net_sink comp="268" pin=0"/></net>

<net id="274"><net_src comp="2" pin="0"/><net_sink comp="268" pin=1"/></net>

<net id="280"><net_src comp="256" pin="0"/><net_sink comp="275" pin=0"/></net>

<net id="281"><net_src comp="4" pin="0"/><net_sink comp="275" pin=1"/></net>

<net id="287"><net_src comp="256" pin="0"/><net_sink comp="282" pin=0"/></net>

<net id="288"><net_src comp="6" pin="0"/><net_sink comp="282" pin=1"/></net>

<net id="294"><net_src comp="256" pin="0"/><net_sink comp="289" pin=0"/></net>

<net id="295"><net_src comp="8" pin="0"/><net_sink comp="289" pin=1"/></net>

<net id="301"><net_src comp="256" pin="0"/><net_sink comp="296" pin=0"/></net>

<net id="302"><net_src comp="10" pin="0"/><net_sink comp="296" pin=1"/></net>

<net id="322"><net_src comp="158" pin="0"/><net_sink comp="303" pin=0"/></net>

<net id="354"><net_src comp="160" pin="0"/><net_sink comp="323" pin=0"/></net>

<net id="386"><net_src comp="218" pin="0"/><net_sink comp="355" pin=0"/></net>

<net id="404"><net_src comp="220" pin="0"/><net_sink comp="387" pin=0"/></net>

<net id="422"><net_src comp="230" pin="0"/><net_sink comp="405" pin=0"/></net>

<net id="439"><net_src comp="232" pin="0"/><net_sink comp="423" pin=0"/></net>

<net id="456"><net_src comp="234" pin="0"/><net_sink comp="440" pin=0"/></net>

<net id="463"><net_src comp="14" pin="0"/><net_sink comp="457" pin=0"/></net>

<net id="464"><net_src comp="262" pin="2"/><net_sink comp="457" pin=1"/></net>

<net id="465"><net_src comp="16" pin="0"/><net_sink comp="457" pin=2"/></net>

<net id="466"><net_src comp="18" pin="0"/><net_sink comp="457" pin=3"/></net>

<net id="472"><net_src comp="20" pin="0"/><net_sink comp="467" pin=0"/></net>

<net id="473"><net_src comp="262" pin="2"/><net_sink comp="467" pin=1"/></net>

<net id="474"><net_src comp="22" pin="0"/><net_sink comp="467" pin=2"/></net>

<net id="478"><net_src comp="467" pin="3"/><net_sink comp="475" pin=0"/></net>

<net id="483"><net_src comp="475" pin="1"/><net_sink comp="479" pin=0"/></net>

<net id="484"><net_src comp="457" pin="4"/><net_sink comp="479" pin=1"/></net>

<net id="491"><net_src comp="14" pin="0"/><net_sink comp="485" pin=0"/></net>

<net id="492"><net_src comp="262" pin="2"/><net_sink comp="485" pin=1"/></net>

<net id="493"><net_src comp="24" pin="0"/><net_sink comp="485" pin=2"/></net>

<net id="494"><net_src comp="26" pin="0"/><net_sink comp="485" pin=3"/></net>

<net id="500"><net_src comp="28" pin="0"/><net_sink comp="495" pin=0"/></net>

<net id="501"><net_src comp="262" pin="2"/><net_sink comp="495" pin=1"/></net>

<net id="502"><net_src comp="30" pin="0"/><net_sink comp="495" pin=2"/></net>

<net id="506"><net_src comp="495" pin="3"/><net_sink comp="503" pin=0"/></net>

<net id="511"><net_src comp="503" pin="1"/><net_sink comp="507" pin=0"/></net>

<net id="512"><net_src comp="485" pin="4"/><net_sink comp="507" pin=1"/></net>

<net id="519"><net_src comp="32" pin="0"/><net_sink comp="513" pin=0"/></net>

<net id="520"><net_src comp="262" pin="2"/><net_sink comp="513" pin=1"/></net>

<net id="521"><net_src comp="34" pin="0"/><net_sink comp="513" pin=2"/></net>

<net id="522"><net_src comp="36" pin="0"/><net_sink comp="513" pin=3"/></net>

<net id="528"><net_src comp="28" pin="0"/><net_sink comp="523" pin=0"/></net>

<net id="529"><net_src comp="262" pin="2"/><net_sink comp="523" pin=1"/></net>

<net id="530"><net_src comp="38" pin="0"/><net_sink comp="523" pin=2"/></net>

<net id="534"><net_src comp="523" pin="3"/><net_sink comp="531" pin=0"/></net>

<net id="539"><net_src comp="531" pin="1"/><net_sink comp="535" pin=0"/></net>

<net id="540"><net_src comp="513" pin="4"/><net_sink comp="535" pin=1"/></net>

<net id="547"><net_src comp="32" pin="0"/><net_sink comp="541" pin=0"/></net>

<net id="548"><net_src comp="262" pin="2"/><net_sink comp="541" pin=1"/></net>

<net id="549"><net_src comp="40" pin="0"/><net_sink comp="541" pin=2"/></net>

<net id="550"><net_src comp="42" pin="0"/><net_sink comp="541" pin=3"/></net>

<net id="556"><net_src comp="28" pin="0"/><net_sink comp="551" pin=0"/></net>

<net id="557"><net_src comp="262" pin="2"/><net_sink comp="551" pin=1"/></net>

<net id="558"><net_src comp="44" pin="0"/><net_sink comp="551" pin=2"/></net>

<net id="562"><net_src comp="551" pin="3"/><net_sink comp="559" pin=0"/></net>

<net id="567"><net_src comp="559" pin="1"/><net_sink comp="563" pin=0"/></net>

<net id="568"><net_src comp="541" pin="4"/><net_sink comp="563" pin=1"/></net>

<net id="575"><net_src comp="32" pin="0"/><net_sink comp="569" pin=0"/></net>

<net id="576"><net_src comp="262" pin="2"/><net_sink comp="569" pin=1"/></net>

<net id="577"><net_src comp="46" pin="0"/><net_sink comp="569" pin=2"/></net>

<net id="578"><net_src comp="48" pin="0"/><net_sink comp="569" pin=3"/></net>

<net id="584"><net_src comp="28" pin="0"/><net_sink comp="579" pin=0"/></net>

<net id="585"><net_src comp="262" pin="2"/><net_sink comp="579" pin=1"/></net>

<net id="586"><net_src comp="50" pin="0"/><net_sink comp="579" pin=2"/></net>

<net id="590"><net_src comp="579" pin="3"/><net_sink comp="587" pin=0"/></net>

<net id="595"><net_src comp="587" pin="1"/><net_sink comp="591" pin=0"/></net>

<net id="596"><net_src comp="569" pin="4"/><net_sink comp="591" pin=1"/></net>

<net id="603"><net_src comp="52" pin="0"/><net_sink comp="597" pin=0"/></net>

<net id="604"><net_src comp="262" pin="2"/><net_sink comp="597" pin=1"/></net>

<net id="605"><net_src comp="54" pin="0"/><net_sink comp="597" pin=2"/></net>

<net id="606"><net_src comp="56" pin="0"/><net_sink comp="597" pin=3"/></net>

<net id="612"><net_src comp="28" pin="0"/><net_sink comp="607" pin=0"/></net>

<net id="613"><net_src comp="262" pin="2"/><net_sink comp="607" pin=1"/></net>

<net id="614"><net_src comp="58" pin="0"/><net_sink comp="607" pin=2"/></net>

<net id="618"><net_src comp="607" pin="3"/><net_sink comp="615" pin=0"/></net>

<net id="623"><net_src comp="615" pin="1"/><net_sink comp="619" pin=0"/></net>

<net id="624"><net_src comp="597" pin="4"/><net_sink comp="619" pin=1"/></net>

<net id="631"><net_src comp="60" pin="0"/><net_sink comp="625" pin=0"/></net>

<net id="632"><net_src comp="262" pin="2"/><net_sink comp="625" pin=1"/></net>

<net id="633"><net_src comp="62" pin="0"/><net_sink comp="625" pin=2"/></net>

<net id="634"><net_src comp="64" pin="0"/><net_sink comp="625" pin=3"/></net>

<net id="640"><net_src comp="28" pin="0"/><net_sink comp="635" pin=0"/></net>

<net id="641"><net_src comp="262" pin="2"/><net_sink comp="635" pin=1"/></net>

<net id="642"><net_src comp="66" pin="0"/><net_sink comp="635" pin=2"/></net>

<net id="646"><net_src comp="635" pin="3"/><net_sink comp="643" pin=0"/></net>

<net id="651"><net_src comp="643" pin="1"/><net_sink comp="647" pin=0"/></net>

<net id="652"><net_src comp="625" pin="4"/><net_sink comp="647" pin=1"/></net>

<net id="659"><net_src comp="68" pin="0"/><net_sink comp="653" pin=0"/></net>

<net id="660"><net_src comp="262" pin="2"/><net_sink comp="653" pin=1"/></net>

<net id="661"><net_src comp="70" pin="0"/><net_sink comp="653" pin=2"/></net>

<net id="662"><net_src comp="72" pin="0"/><net_sink comp="653" pin=3"/></net>

<net id="668"><net_src comp="28" pin="0"/><net_sink comp="663" pin=0"/></net>

<net id="669"><net_src comp="262" pin="2"/><net_sink comp="663" pin=1"/></net>

<net id="670"><net_src comp="74" pin="0"/><net_sink comp="663" pin=2"/></net>

<net id="674"><net_src comp="663" pin="3"/><net_sink comp="671" pin=0"/></net>

<net id="679"><net_src comp="671" pin="1"/><net_sink comp="675" pin=0"/></net>

<net id="680"><net_src comp="653" pin="4"/><net_sink comp="675" pin=1"/></net>

<net id="687"><net_src comp="60" pin="0"/><net_sink comp="681" pin=0"/></net>

<net id="688"><net_src comp="262" pin="2"/><net_sink comp="681" pin=1"/></net>

<net id="689"><net_src comp="76" pin="0"/><net_sink comp="681" pin=2"/></net>

<net id="690"><net_src comp="78" pin="0"/><net_sink comp="681" pin=3"/></net>

<net id="696"><net_src comp="28" pin="0"/><net_sink comp="691" pin=0"/></net>

<net id="697"><net_src comp="262" pin="2"/><net_sink comp="691" pin=1"/></net>

<net id="698"><net_src comp="80" pin="0"/><net_sink comp="691" pin=2"/></net>

<net id="702"><net_src comp="691" pin="3"/><net_sink comp="699" pin=0"/></net>

<net id="707"><net_src comp="699" pin="1"/><net_sink comp="703" pin=0"/></net>

<net id="708"><net_src comp="681" pin="4"/><net_sink comp="703" pin=1"/></net>

<net id="715"><net_src comp="68" pin="0"/><net_sink comp="709" pin=0"/></net>

<net id="716"><net_src comp="262" pin="2"/><net_sink comp="709" pin=1"/></net>

<net id="717"><net_src comp="82" pin="0"/><net_sink comp="709" pin=2"/></net>

<net id="718"><net_src comp="84" pin="0"/><net_sink comp="709" pin=3"/></net>

<net id="724"><net_src comp="28" pin="0"/><net_sink comp="719" pin=0"/></net>

<net id="725"><net_src comp="262" pin="2"/><net_sink comp="719" pin=1"/></net>

<net id="726"><net_src comp="86" pin="0"/><net_sink comp="719" pin=2"/></net>

<net id="730"><net_src comp="719" pin="3"/><net_sink comp="727" pin=0"/></net>

<net id="735"><net_src comp="727" pin="1"/><net_sink comp="731" pin=0"/></net>

<net id="736"><net_src comp="709" pin="4"/><net_sink comp="731" pin=1"/></net>

<net id="743"><net_src comp="88" pin="0"/><net_sink comp="737" pin=0"/></net>

<net id="744"><net_src comp="262" pin="2"/><net_sink comp="737" pin=1"/></net>

<net id="745"><net_src comp="90" pin="0"/><net_sink comp="737" pin=2"/></net>

<net id="746"><net_src comp="92" pin="0"/><net_sink comp="737" pin=3"/></net>

<net id="752"><net_src comp="28" pin="0"/><net_sink comp="747" pin=0"/></net>

<net id="753"><net_src comp="262" pin="2"/><net_sink comp="747" pin=1"/></net>

<net id="754"><net_src comp="94" pin="0"/><net_sink comp="747" pin=2"/></net>

<net id="758"><net_src comp="747" pin="3"/><net_sink comp="755" pin=0"/></net>

<net id="763"><net_src comp="755" pin="1"/><net_sink comp="759" pin=0"/></net>

<net id="764"><net_src comp="737" pin="4"/><net_sink comp="759" pin=1"/></net>

<net id="771"><net_src comp="68" pin="0"/><net_sink comp="765" pin=0"/></net>

<net id="772"><net_src comp="262" pin="2"/><net_sink comp="765" pin=1"/></net>

<net id="773"><net_src comp="96" pin="0"/><net_sink comp="765" pin=2"/></net>

<net id="774"><net_src comp="98" pin="0"/><net_sink comp="765" pin=3"/></net>

<net id="780"><net_src comp="28" pin="0"/><net_sink comp="775" pin=0"/></net>

<net id="781"><net_src comp="262" pin="2"/><net_sink comp="775" pin=1"/></net>

<net id="782"><net_src comp="100" pin="0"/><net_sink comp="775" pin=2"/></net>

<net id="786"><net_src comp="775" pin="3"/><net_sink comp="783" pin=0"/></net>

<net id="791"><net_src comp="783" pin="1"/><net_sink comp="787" pin=0"/></net>

<net id="792"><net_src comp="765" pin="4"/><net_sink comp="787" pin=1"/></net>

<net id="799"><net_src comp="68" pin="0"/><net_sink comp="793" pin=0"/></net>

<net id="800"><net_src comp="262" pin="2"/><net_sink comp="793" pin=1"/></net>

<net id="801"><net_src comp="102" pin="0"/><net_sink comp="793" pin=2"/></net>

<net id="802"><net_src comp="104" pin="0"/><net_sink comp="793" pin=3"/></net>

<net id="808"><net_src comp="28" pin="0"/><net_sink comp="803" pin=0"/></net>

<net id="809"><net_src comp="262" pin="2"/><net_sink comp="803" pin=1"/></net>

<net id="810"><net_src comp="106" pin="0"/><net_sink comp="803" pin=2"/></net>

<net id="814"><net_src comp="803" pin="3"/><net_sink comp="811" pin=0"/></net>

<net id="819"><net_src comp="811" pin="1"/><net_sink comp="815" pin=0"/></net>

<net id="820"><net_src comp="793" pin="4"/><net_sink comp="815" pin=1"/></net>

<net id="827"><net_src comp="60" pin="0"/><net_sink comp="821" pin=0"/></net>

<net id="828"><net_src comp="262" pin="2"/><net_sink comp="821" pin=1"/></net>

<net id="829"><net_src comp="108" pin="0"/><net_sink comp="821" pin=2"/></net>

<net id="830"><net_src comp="110" pin="0"/><net_sink comp="821" pin=3"/></net>

<net id="836"><net_src comp="28" pin="0"/><net_sink comp="831" pin=0"/></net>

<net id="837"><net_src comp="262" pin="2"/><net_sink comp="831" pin=1"/></net>

<net id="838"><net_src comp="112" pin="0"/><net_sink comp="831" pin=2"/></net>

<net id="842"><net_src comp="831" pin="3"/><net_sink comp="839" pin=0"/></net>

<net id="847"><net_src comp="839" pin="1"/><net_sink comp="843" pin=0"/></net>

<net id="848"><net_src comp="821" pin="4"/><net_sink comp="843" pin=1"/></net>

<net id="855"><net_src comp="114" pin="0"/><net_sink comp="849" pin=0"/></net>

<net id="856"><net_src comp="262" pin="2"/><net_sink comp="849" pin=1"/></net>

<net id="857"><net_src comp="116" pin="0"/><net_sink comp="849" pin=2"/></net>

<net id="858"><net_src comp="118" pin="0"/><net_sink comp="849" pin=3"/></net>

<net id="864"><net_src comp="28" pin="0"/><net_sink comp="859" pin=0"/></net>

<net id="865"><net_src comp="262" pin="2"/><net_sink comp="859" pin=1"/></net>

<net id="866"><net_src comp="120" pin="0"/><net_sink comp="859" pin=2"/></net>

<net id="870"><net_src comp="859" pin="3"/><net_sink comp="867" pin=0"/></net>

<net id="875"><net_src comp="867" pin="1"/><net_sink comp="871" pin=0"/></net>

<net id="876"><net_src comp="849" pin="4"/><net_sink comp="871" pin=1"/></net>

<net id="883"><net_src comp="14" pin="0"/><net_sink comp="877" pin=0"/></net>

<net id="884"><net_src comp="262" pin="2"/><net_sink comp="877" pin=1"/></net>

<net id="885"><net_src comp="122" pin="0"/><net_sink comp="877" pin=2"/></net>

<net id="886"><net_src comp="124" pin="0"/><net_sink comp="877" pin=3"/></net>

<net id="892"><net_src comp="28" pin="0"/><net_sink comp="887" pin=0"/></net>

<net id="893"><net_src comp="262" pin="2"/><net_sink comp="887" pin=1"/></net>

<net id="894"><net_src comp="126" pin="0"/><net_sink comp="887" pin=2"/></net>

<net id="898"><net_src comp="887" pin="3"/><net_sink comp="895" pin=0"/></net>

<net id="903"><net_src comp="895" pin="1"/><net_sink comp="899" pin=0"/></net>

<net id="904"><net_src comp="877" pin="4"/><net_sink comp="899" pin=1"/></net>

<net id="910"><net_src comp="128" pin="0"/><net_sink comp="905" pin=0"/></net>

<net id="911"><net_src comp="130" pin="0"/><net_sink comp="905" pin=2"/></net>

<net id="912"><net_src comp="905" pin="3"/><net_sink comp="303" pin=1"/></net>

<net id="918"><net_src comp="128" pin="0"/><net_sink comp="913" pin=0"/></net>

<net id="919"><net_src comp="130" pin="0"/><net_sink comp="913" pin=2"/></net>

<net id="920"><net_src comp="913" pin="3"/><net_sink comp="303" pin=2"/></net>

<net id="926"><net_src comp="132" pin="0"/><net_sink comp="921" pin=0"/></net>

<net id="927"><net_src comp="134" pin="0"/><net_sink comp="921" pin=2"/></net>

<net id="928"><net_src comp="921" pin="3"/><net_sink comp="303" pin=3"/></net>

<net id="934"><net_src comp="132" pin="0"/><net_sink comp="929" pin=0"/></net>

<net id="935"><net_src comp="134" pin="0"/><net_sink comp="929" pin=2"/></net>

<net id="936"><net_src comp="929" pin="3"/><net_sink comp="303" pin=4"/></net>

<net id="942"><net_src comp="132" pin="0"/><net_sink comp="937" pin=0"/></net>

<net id="943"><net_src comp="134" pin="0"/><net_sink comp="937" pin=2"/></net>

<net id="944"><net_src comp="937" pin="3"/><net_sink comp="303" pin=5"/></net>

<net id="950"><net_src comp="136" pin="0"/><net_sink comp="945" pin=0"/></net>

<net id="951"><net_src comp="130" pin="0"/><net_sink comp="945" pin=2"/></net>

<net id="952"><net_src comp="945" pin="3"/><net_sink comp="303" pin=6"/></net>

<net id="958"><net_src comp="138" pin="0"/><net_sink comp="953" pin=0"/></net>

<net id="959"><net_src comp="140" pin="0"/><net_sink comp="953" pin=2"/></net>

<net id="960"><net_src comp="953" pin="3"/><net_sink comp="303" pin=7"/></net>

<net id="966"><net_src comp="142" pin="0"/><net_sink comp="961" pin=0"/></net>

<net id="967"><net_src comp="144" pin="0"/><net_sink comp="961" pin=2"/></net>

<net id="968"><net_src comp="961" pin="3"/><net_sink comp="303" pin=8"/></net>

<net id="974"><net_src comp="138" pin="0"/><net_sink comp="969" pin=0"/></net>

<net id="975"><net_src comp="140" pin="0"/><net_sink comp="969" pin=2"/></net>

<net id="976"><net_src comp="969" pin="3"/><net_sink comp="303" pin=9"/></net>

<net id="982"><net_src comp="146" pin="0"/><net_sink comp="977" pin=0"/></net>

<net id="983"><net_src comp="130" pin="0"/><net_sink comp="977" pin=2"/></net>

<net id="984"><net_src comp="977" pin="3"/><net_sink comp="303" pin=10"/></net>

<net id="990"><net_src comp="148" pin="0"/><net_sink comp="985" pin=0"/></net>

<net id="991"><net_src comp="144" pin="0"/><net_sink comp="985" pin=2"/></net>

<net id="992"><net_src comp="985" pin="3"/><net_sink comp="303" pin=11"/></net>

<net id="998"><net_src comp="146" pin="0"/><net_sink comp="993" pin=0"/></net>

<net id="999"><net_src comp="130" pin="0"/><net_sink comp="993" pin=2"/></net>

<net id="1000"><net_src comp="993" pin="3"/><net_sink comp="303" pin=12"/></net>

<net id="1006"><net_src comp="146" pin="0"/><net_sink comp="1001" pin=0"/></net>

<net id="1007"><net_src comp="130" pin="0"/><net_sink comp="1001" pin=2"/></net>

<net id="1008"><net_src comp="1001" pin="3"/><net_sink comp="303" pin=13"/></net>

<net id="1014"><net_src comp="150" pin="0"/><net_sink comp="1009" pin=0"/></net>

<net id="1015"><net_src comp="152" pin="0"/><net_sink comp="1009" pin=2"/></net>

<net id="1016"><net_src comp="1009" pin="3"/><net_sink comp="303" pin=14"/></net>

<net id="1022"><net_src comp="154" pin="0"/><net_sink comp="1017" pin=0"/></net>

<net id="1023"><net_src comp="156" pin="0"/><net_sink comp="1017" pin=2"/></net>

<net id="1024"><net_src comp="1017" pin="3"/><net_sink comp="303" pin=15"/></net>

<net id="1030"><net_src comp="128" pin="0"/><net_sink comp="1025" pin=0"/></net>

<net id="1031"><net_src comp="130" pin="0"/><net_sink comp="1025" pin=2"/></net>

<net id="1032"><net_src comp="1025" pin="3"/><net_sink comp="303" pin=16"/></net>

<net id="1036"><net_src comp="303" pin="17"/><net_sink comp="1033" pin=0"/></net>

<net id="1037"><net_src comp="1033" pin="1"/><net_sink comp="323" pin=1"/></net>

<net id="1041"><net_src comp="303" pin="17"/><net_sink comp="1038" pin=0"/></net>

<net id="1042"><net_src comp="1038" pin="1"/><net_sink comp="323" pin=2"/></net>

<net id="1046"><net_src comp="303" pin="17"/><net_sink comp="1043" pin=0"/></net>

<net id="1047"><net_src comp="1043" pin="1"/><net_sink comp="323" pin=3"/></net>

<net id="1051"><net_src comp="303" pin="17"/><net_sink comp="1048" pin=0"/></net>

<net id="1052"><net_src comp="1048" pin="1"/><net_sink comp="323" pin=4"/></net>

<net id="1056"><net_src comp="303" pin="17"/><net_sink comp="1053" pin=0"/></net>

<net id="1057"><net_src comp="1053" pin="1"/><net_sink comp="323" pin=5"/></net>

<net id="1061"><net_src comp="303" pin="17"/><net_sink comp="1058" pin=0"/></net>

<net id="1062"><net_src comp="1058" pin="1"/><net_sink comp="323" pin=6"/></net>

<net id="1066"><net_src comp="303" pin="17"/><net_sink comp="1063" pin=0"/></net>

<net id="1067"><net_src comp="1063" pin="1"/><net_sink comp="323" pin=7"/></net>

<net id="1071"><net_src comp="303" pin="17"/><net_sink comp="1068" pin=0"/></net>

<net id="1072"><net_src comp="1068" pin="1"/><net_sink comp="323" pin=8"/></net>

<net id="1076"><net_src comp="303" pin="17"/><net_sink comp="1073" pin=0"/></net>

<net id="1077"><net_src comp="1073" pin="1"/><net_sink comp="323" pin=9"/></net>

<net id="1081"><net_src comp="303" pin="17"/><net_sink comp="1078" pin=0"/></net>

<net id="1082"><net_src comp="1078" pin="1"/><net_sink comp="323" pin=10"/></net>

<net id="1086"><net_src comp="303" pin="17"/><net_sink comp="1083" pin=0"/></net>

<net id="1087"><net_src comp="1083" pin="1"/><net_sink comp="323" pin=11"/></net>

<net id="1091"><net_src comp="303" pin="17"/><net_sink comp="1088" pin=0"/></net>

<net id="1092"><net_src comp="1088" pin="1"/><net_sink comp="323" pin=12"/></net>

<net id="1096"><net_src comp="303" pin="17"/><net_sink comp="1093" pin=0"/></net>

<net id="1097"><net_src comp="1093" pin="1"/><net_sink comp="323" pin=13"/></net>

<net id="1101"><net_src comp="303" pin="17"/><net_sink comp="1098" pin=0"/></net>

<net id="1102"><net_src comp="1098" pin="1"/><net_sink comp="323" pin=14"/></net>

<net id="1106"><net_src comp="303" pin="17"/><net_sink comp="1103" pin=0"/></net>

<net id="1107"><net_src comp="1103" pin="1"/><net_sink comp="323" pin=15"/></net>

<net id="1111"><net_src comp="303" pin="17"/><net_sink comp="1108" pin=0"/></net>

<net id="1112"><net_src comp="1108" pin="1"/><net_sink comp="323" pin=16"/></net>

<net id="1116"><net_src comp="303" pin="17"/><net_sink comp="1113" pin=0"/></net>

<net id="1117"><net_src comp="1113" pin="1"/><net_sink comp="323" pin=17"/></net>

<net id="1121"><net_src comp="303" pin="17"/><net_sink comp="1118" pin=0"/></net>

<net id="1122"><net_src comp="1118" pin="1"/><net_sink comp="323" pin=18"/></net>

<net id="1126"><net_src comp="303" pin="17"/><net_sink comp="1123" pin=0"/></net>

<net id="1127"><net_src comp="1123" pin="1"/><net_sink comp="323" pin=19"/></net>

<net id="1131"><net_src comp="303" pin="17"/><net_sink comp="1128" pin=0"/></net>

<net id="1132"><net_src comp="1128" pin="1"/><net_sink comp="323" pin=20"/></net>

<net id="1136"><net_src comp="303" pin="17"/><net_sink comp="1133" pin=0"/></net>

<net id="1137"><net_src comp="1133" pin="1"/><net_sink comp="323" pin=21"/></net>

<net id="1141"><net_src comp="303" pin="17"/><net_sink comp="1138" pin=0"/></net>

<net id="1142"><net_src comp="1138" pin="1"/><net_sink comp="323" pin=22"/></net>

<net id="1146"><net_src comp="303" pin="17"/><net_sink comp="1143" pin=0"/></net>

<net id="1147"><net_src comp="1143" pin="1"/><net_sink comp="323" pin=23"/></net>

<net id="1151"><net_src comp="303" pin="17"/><net_sink comp="1148" pin=0"/></net>

<net id="1152"><net_src comp="1148" pin="1"/><net_sink comp="323" pin=24"/></net>

<net id="1156"><net_src comp="303" pin="17"/><net_sink comp="1153" pin=0"/></net>

<net id="1157"><net_src comp="1153" pin="1"/><net_sink comp="323" pin=25"/></net>

<net id="1161"><net_src comp="303" pin="17"/><net_sink comp="1158" pin=0"/></net>

<net id="1162"><net_src comp="1158" pin="1"/><net_sink comp="323" pin=26"/></net>

<net id="1166"><net_src comp="303" pin="17"/><net_sink comp="1163" pin=0"/></net>

<net id="1167"><net_src comp="1163" pin="1"/><net_sink comp="323" pin=27"/></net>

<net id="1171"><net_src comp="303" pin="17"/><net_sink comp="1168" pin=0"/></net>

<net id="1172"><net_src comp="1168" pin="1"/><net_sink comp="323" pin=28"/></net>

<net id="1176"><net_src comp="323" pin="29"/><net_sink comp="1173" pin=0"/></net>

<net id="1180"><net_src comp="323" pin="29"/><net_sink comp="1177" pin=0"/></net>

<net id="1184"><net_src comp="323" pin="29"/><net_sink comp="1181" pin=0"/></net>

<net id="1188"><net_src comp="323" pin="29"/><net_sink comp="1185" pin=0"/></net>

<net id="1192"><net_src comp="323" pin="29"/><net_sink comp="1189" pin=0"/></net>

<net id="1196"><net_src comp="323" pin="29"/><net_sink comp="1193" pin=0"/></net>

<net id="1200"><net_src comp="323" pin="29"/><net_sink comp="1197" pin=0"/></net>

<net id="1204"><net_src comp="323" pin="29"/><net_sink comp="1201" pin=0"/></net>

<net id="1208"><net_src comp="323" pin="29"/><net_sink comp="1205" pin=0"/></net>

<net id="1212"><net_src comp="323" pin="29"/><net_sink comp="1209" pin=0"/></net>

<net id="1216"><net_src comp="323" pin="29"/><net_sink comp="1213" pin=0"/></net>

<net id="1220"><net_src comp="323" pin="29"/><net_sink comp="1217" pin=0"/></net>

<net id="1224"><net_src comp="323" pin="29"/><net_sink comp="1221" pin=0"/></net>

<net id="1228"><net_src comp="323" pin="29"/><net_sink comp="1225" pin=0"/></net>

<net id="1232"><net_src comp="323" pin="29"/><net_sink comp="1229" pin=0"/></net>

<net id="1236"><net_src comp="323" pin="29"/><net_sink comp="1233" pin=0"/></net>

<net id="1240"><net_src comp="323" pin="29"/><net_sink comp="1237" pin=0"/></net>

<net id="1244"><net_src comp="323" pin="29"/><net_sink comp="1241" pin=0"/></net>

<net id="1248"><net_src comp="323" pin="29"/><net_sink comp="1245" pin=0"/></net>

<net id="1252"><net_src comp="323" pin="29"/><net_sink comp="1249" pin=0"/></net>

<net id="1256"><net_src comp="323" pin="29"/><net_sink comp="1253" pin=0"/></net>

<net id="1260"><net_src comp="323" pin="29"/><net_sink comp="1257" pin=0"/></net>

<net id="1264"><net_src comp="323" pin="29"/><net_sink comp="1261" pin=0"/></net>

<net id="1268"><net_src comp="323" pin="29"/><net_sink comp="1265" pin=0"/></net>

<net id="1272"><net_src comp="323" pin="29"/><net_sink comp="1269" pin=0"/></net>

<net id="1276"><net_src comp="323" pin="29"/><net_sink comp="1273" pin=0"/></net>

<net id="1280"><net_src comp="323" pin="29"/><net_sink comp="1277" pin=0"/></net>

<net id="1284"><net_src comp="323" pin="29"/><net_sink comp="1281" pin=0"/></net>

<net id="1291"><net_src comp="162" pin="0"/><net_sink comp="1285" pin=0"/></net>

<net id="1292"><net_src comp="1173" pin="1"/><net_sink comp="1285" pin=1"/></net>

<net id="1293"><net_src comp="164" pin="0"/><net_sink comp="1285" pin=2"/></net>

<net id="1294"><net_src comp="166" pin="0"/><net_sink comp="1285" pin=3"/></net>

<net id="1301"><net_src comp="168" pin="0"/><net_sink comp="1295" pin=0"/></net>

<net id="1302"><net_src comp="1177" pin="1"/><net_sink comp="1295" pin=1"/></net>

<net id="1303"><net_src comp="16" pin="0"/><net_sink comp="1295" pin=2"/></net>

<net id="1304"><net_src comp="18" pin="0"/><net_sink comp="1295" pin=3"/></net>

<net id="1311"><net_src comp="170" pin="0"/><net_sink comp="1305" pin=0"/></net>

<net id="1312"><net_src comp="1181" pin="1"/><net_sink comp="1305" pin=1"/></net>

<net id="1313"><net_src comp="16" pin="0"/><net_sink comp="1305" pin=2"/></net>

<net id="1314"><net_src comp="172" pin="0"/><net_sink comp="1305" pin=3"/></net>

<net id="1321"><net_src comp="174" pin="0"/><net_sink comp="1315" pin=0"/></net>

<net id="1322"><net_src comp="1185" pin="1"/><net_sink comp="1315" pin=1"/></net>

<net id="1323"><net_src comp="176" pin="0"/><net_sink comp="1315" pin=2"/></net>

<net id="1324"><net_src comp="166" pin="0"/><net_sink comp="1315" pin=3"/></net>

<net id="1331"><net_src comp="162" pin="0"/><net_sink comp="1325" pin=0"/></net>

<net id="1332"><net_src comp="1189" pin="1"/><net_sink comp="1325" pin=1"/></net>

<net id="1333"><net_src comp="164" pin="0"/><net_sink comp="1325" pin=2"/></net>

<net id="1334"><net_src comp="166" pin="0"/><net_sink comp="1325" pin=3"/></net>

<net id="1341"><net_src comp="178" pin="0"/><net_sink comp="1335" pin=0"/></net>

<net id="1342"><net_src comp="1193" pin="1"/><net_sink comp="1335" pin=1"/></net>

<net id="1343"><net_src comp="22" pin="0"/><net_sink comp="1335" pin=2"/></net>

<net id="1344"><net_src comp="172" pin="0"/><net_sink comp="1335" pin=3"/></net>

<net id="1351"><net_src comp="168" pin="0"/><net_sink comp="1345" pin=0"/></net>

<net id="1352"><net_src comp="1197" pin="1"/><net_sink comp="1345" pin=1"/></net>

<net id="1353"><net_src comp="16" pin="0"/><net_sink comp="1345" pin=2"/></net>

<net id="1354"><net_src comp="18" pin="0"/><net_sink comp="1345" pin=3"/></net>

<net id="1361"><net_src comp="180" pin="0"/><net_sink comp="1355" pin=0"/></net>

<net id="1362"><net_src comp="1201" pin="1"/><net_sink comp="1355" pin=1"/></net>

<net id="1363"><net_src comp="182" pin="0"/><net_sink comp="1355" pin=2"/></net>

<net id="1364"><net_src comp="18" pin="0"/><net_sink comp="1355" pin=3"/></net>

<net id="1371"><net_src comp="184" pin="0"/><net_sink comp="1365" pin=0"/></net>

<net id="1372"><net_src comp="1205" pin="1"/><net_sink comp="1365" pin=1"/></net>

<net id="1373"><net_src comp="182" pin="0"/><net_sink comp="1365" pin=2"/></net>

<net id="1374"><net_src comp="166" pin="0"/><net_sink comp="1365" pin=3"/></net>

<net id="1381"><net_src comp="180" pin="0"/><net_sink comp="1375" pin=0"/></net>

<net id="1382"><net_src comp="1209" pin="1"/><net_sink comp="1375" pin=1"/></net>

<net id="1383"><net_src comp="182" pin="0"/><net_sink comp="1375" pin=2"/></net>

<net id="1384"><net_src comp="18" pin="0"/><net_sink comp="1375" pin=3"/></net>

<net id="1391"><net_src comp="168" pin="0"/><net_sink comp="1385" pin=0"/></net>

<net id="1392"><net_src comp="1213" pin="1"/><net_sink comp="1385" pin=1"/></net>

<net id="1393"><net_src comp="182" pin="0"/><net_sink comp="1385" pin=2"/></net>

<net id="1394"><net_src comp="186" pin="0"/><net_sink comp="1385" pin=3"/></net>

<net id="1401"><net_src comp="184" pin="0"/><net_sink comp="1395" pin=0"/></net>

<net id="1402"><net_src comp="1217" pin="1"/><net_sink comp="1395" pin=1"/></net>

<net id="1403"><net_src comp="176" pin="0"/><net_sink comp="1395" pin=2"/></net>

<net id="1404"><net_src comp="18" pin="0"/><net_sink comp="1395" pin=3"/></net>

<net id="1411"><net_src comp="180" pin="0"/><net_sink comp="1405" pin=0"/></net>

<net id="1412"><net_src comp="1221" pin="1"/><net_sink comp="1405" pin=1"/></net>

<net id="1413"><net_src comp="176" pin="0"/><net_sink comp="1405" pin=2"/></net>

<net id="1414"><net_src comp="186" pin="0"/><net_sink comp="1405" pin=3"/></net>

<net id="1421"><net_src comp="184" pin="0"/><net_sink comp="1415" pin=0"/></net>

<net id="1422"><net_src comp="1225" pin="1"/><net_sink comp="1415" pin=1"/></net>

<net id="1423"><net_src comp="176" pin="0"/><net_sink comp="1415" pin=2"/></net>

<net id="1424"><net_src comp="18" pin="0"/><net_sink comp="1415" pin=3"/></net>

<net id="1431"><net_src comp="184" pin="0"/><net_sink comp="1425" pin=0"/></net>

<net id="1432"><net_src comp="1229" pin="1"/><net_sink comp="1425" pin=1"/></net>

<net id="1433"><net_src comp="176" pin="0"/><net_sink comp="1425" pin=2"/></net>

<net id="1434"><net_src comp="18" pin="0"/><net_sink comp="1425" pin=3"/></net>

<net id="1441"><net_src comp="174" pin="0"/><net_sink comp="1435" pin=0"/></net>

<net id="1442"><net_src comp="1233" pin="1"/><net_sink comp="1435" pin=1"/></net>

<net id="1443"><net_src comp="182" pin="0"/><net_sink comp="1435" pin=2"/></net>

<net id="1444"><net_src comp="188" pin="0"/><net_sink comp="1435" pin=3"/></net>

<net id="1451"><net_src comp="184" pin="0"/><net_sink comp="1445" pin=0"/></net>

<net id="1452"><net_src comp="1237" pin="1"/><net_sink comp="1445" pin=1"/></net>

<net id="1453"><net_src comp="176" pin="0"/><net_sink comp="1445" pin=2"/></net>

<net id="1454"><net_src comp="18" pin="0"/><net_sink comp="1445" pin=3"/></net>

<net id="1461"><net_src comp="184" pin="0"/><net_sink comp="1455" pin=0"/></net>

<net id="1462"><net_src comp="1241" pin="1"/><net_sink comp="1455" pin=1"/></net>

<net id="1463"><net_src comp="164" pin="0"/><net_sink comp="1455" pin=2"/></net>

<net id="1464"><net_src comp="186" pin="0"/><net_sink comp="1455" pin=3"/></net>

<net id="1471"><net_src comp="184" pin="0"/><net_sink comp="1465" pin=0"/></net>

<net id="1472"><net_src comp="1245" pin="1"/><net_sink comp="1465" pin=1"/></net>

<net id="1473"><net_src comp="164" pin="0"/><net_sink comp="1465" pin=2"/></net>

<net id="1474"><net_src comp="186" pin="0"/><net_sink comp="1465" pin=3"/></net>

<net id="1481"><net_src comp="190" pin="0"/><net_sink comp="1475" pin=0"/></net>

<net id="1482"><net_src comp="1249" pin="1"/><net_sink comp="1475" pin=1"/></net>

<net id="1483"><net_src comp="22" pin="0"/><net_sink comp="1475" pin=2"/></net>

<net id="1484"><net_src comp="18" pin="0"/><net_sink comp="1475" pin=3"/></net>

<net id="1491"><net_src comp="174" pin="0"/><net_sink comp="1485" pin=0"/></net>

<net id="1492"><net_src comp="1253" pin="1"/><net_sink comp="1485" pin=1"/></net>

<net id="1493"><net_src comp="182" pin="0"/><net_sink comp="1485" pin=2"/></net>

<net id="1494"><net_src comp="188" pin="0"/><net_sink comp="1485" pin=3"/></net>

<net id="1501"><net_src comp="180" pin="0"/><net_sink comp="1495" pin=0"/></net>

<net id="1502"><net_src comp="1257" pin="1"/><net_sink comp="1495" pin=1"/></net>

<net id="1503"><net_src comp="182" pin="0"/><net_sink comp="1495" pin=2"/></net>

<net id="1504"><net_src comp="18" pin="0"/><net_sink comp="1495" pin=3"/></net>

<net id="1511"><net_src comp="174" pin="0"/><net_sink comp="1505" pin=0"/></net>

<net id="1512"><net_src comp="1261" pin="1"/><net_sink comp="1505" pin=1"/></net>

<net id="1513"><net_src comp="176" pin="0"/><net_sink comp="1505" pin=2"/></net>

<net id="1514"><net_src comp="166" pin="0"/><net_sink comp="1505" pin=3"/></net>

<net id="1521"><net_src comp="162" pin="0"/><net_sink comp="1515" pin=0"/></net>

<net id="1522"><net_src comp="1265" pin="1"/><net_sink comp="1515" pin=1"/></net>

<net id="1523"><net_src comp="164" pin="0"/><net_sink comp="1515" pin=2"/></net>

<net id="1524"><net_src comp="166" pin="0"/><net_sink comp="1515" pin=3"/></net>

<net id="1531"><net_src comp="174" pin="0"/><net_sink comp="1525" pin=0"/></net>

<net id="1532"><net_src comp="1269" pin="1"/><net_sink comp="1525" pin=1"/></net>

<net id="1533"><net_src comp="164" pin="0"/><net_sink comp="1525" pin=2"/></net>

<net id="1534"><net_src comp="18" pin="0"/><net_sink comp="1525" pin=3"/></net>

<net id="1541"><net_src comp="184" pin="0"/><net_sink comp="1535" pin=0"/></net>

<net id="1542"><net_src comp="1273" pin="1"/><net_sink comp="1535" pin=1"/></net>

<net id="1543"><net_src comp="176" pin="0"/><net_sink comp="1535" pin=2"/></net>

<net id="1544"><net_src comp="18" pin="0"/><net_sink comp="1535" pin=3"/></net>

<net id="1551"><net_src comp="174" pin="0"/><net_sink comp="1545" pin=0"/></net>

<net id="1552"><net_src comp="1277" pin="1"/><net_sink comp="1545" pin=1"/></net>

<net id="1553"><net_src comp="164" pin="0"/><net_sink comp="1545" pin=2"/></net>

<net id="1554"><net_src comp="18" pin="0"/><net_sink comp="1545" pin=3"/></net>

<net id="1561"><net_src comp="162" pin="0"/><net_sink comp="1555" pin=0"/></net>

<net id="1562"><net_src comp="1281" pin="1"/><net_sink comp="1555" pin=1"/></net>

<net id="1563"><net_src comp="192" pin="0"/><net_sink comp="1555" pin=2"/></net>

<net id="1564"><net_src comp="18" pin="0"/><net_sink comp="1555" pin=3"/></net>

<net id="1570"><net_src comp="194" pin="0"/><net_sink comp="1565" pin=0"/></net>

<net id="1571"><net_src comp="140" pin="0"/><net_sink comp="1565" pin=2"/></net>

<net id="1572"><net_src comp="1565" pin="3"/><net_sink comp="355" pin=1"/></net>

<net id="1578"><net_src comp="128" pin="0"/><net_sink comp="1573" pin=0"/></net>

<net id="1579"><net_src comp="130" pin="0"/><net_sink comp="1573" pin=2"/></net>

<net id="1580"><net_src comp="1573" pin="3"/><net_sink comp="355" pin=2"/></net>

<net id="1586"><net_src comp="196" pin="0"/><net_sink comp="1581" pin=0"/></net>

<net id="1587"><net_src comp="130" pin="0"/><net_sink comp="1581" pin=2"/></net>

<net id="1588"><net_src comp="1581" pin="3"/><net_sink comp="355" pin=3"/></net>

<net id="1594"><net_src comp="150" pin="0"/><net_sink comp="1589" pin=0"/></net>

<net id="1595"><net_src comp="152" pin="0"/><net_sink comp="1589" pin=2"/></net>

<net id="1596"><net_src comp="1589" pin="3"/><net_sink comp="355" pin=4"/></net>

<net id="1602"><net_src comp="194" pin="0"/><net_sink comp="1597" pin=0"/></net>

<net id="1603"><net_src comp="140" pin="0"/><net_sink comp="1597" pin=2"/></net>

<net id="1604"><net_src comp="1597" pin="3"/><net_sink comp="355" pin=5"/></net>

<net id="1610"><net_src comp="198" pin="0"/><net_sink comp="1605" pin=0"/></net>

<net id="1611"><net_src comp="200" pin="0"/><net_sink comp="1605" pin=2"/></net>

<net id="1612"><net_src comp="1605" pin="3"/><net_sink comp="355" pin=6"/></net>

<net id="1618"><net_src comp="128" pin="0"/><net_sink comp="1613" pin=0"/></net>

<net id="1619"><net_src comp="130" pin="0"/><net_sink comp="1613" pin=2"/></net>

<net id="1620"><net_src comp="1613" pin="3"/><net_sink comp="355" pin=7"/></net>

<net id="1626"><net_src comp="142" pin="0"/><net_sink comp="1621" pin=0"/></net>

<net id="1627"><net_src comp="144" pin="0"/><net_sink comp="1621" pin=2"/></net>

<net id="1628"><net_src comp="1621" pin="3"/><net_sink comp="355" pin=8"/></net>

<net id="1634"><net_src comp="148" pin="0"/><net_sink comp="1629" pin=0"/></net>

<net id="1635"><net_src comp="144" pin="0"/><net_sink comp="1629" pin=2"/></net>

<net id="1636"><net_src comp="1629" pin="3"/><net_sink comp="355" pin=9"/></net>

<net id="1642"><net_src comp="142" pin="0"/><net_sink comp="1637" pin=0"/></net>

<net id="1643"><net_src comp="144" pin="0"/><net_sink comp="1637" pin=2"/></net>

<net id="1644"><net_src comp="1637" pin="3"/><net_sink comp="355" pin=10"/></net>

<net id="1650"><net_src comp="202" pin="0"/><net_sink comp="1645" pin=0"/></net>

<net id="1651"><net_src comp="144" pin="0"/><net_sink comp="1645" pin=2"/></net>

<net id="1652"><net_src comp="1645" pin="3"/><net_sink comp="355" pin=11"/></net>

<net id="1658"><net_src comp="204" pin="0"/><net_sink comp="1653" pin=0"/></net>

<net id="1659"><net_src comp="152" pin="0"/><net_sink comp="1653" pin=2"/></net>

<net id="1660"><net_src comp="1653" pin="3"/><net_sink comp="355" pin=12"/></net>

<net id="1666"><net_src comp="206" pin="0"/><net_sink comp="1661" pin=0"/></net>

<net id="1667"><net_src comp="152" pin="0"/><net_sink comp="1661" pin=2"/></net>

<net id="1668"><net_src comp="1661" pin="3"/><net_sink comp="355" pin=13"/></net>

<net id="1674"><net_src comp="204" pin="0"/><net_sink comp="1669" pin=0"/></net>

<net id="1675"><net_src comp="152" pin="0"/><net_sink comp="1669" pin=2"/></net>

<net id="1676"><net_src comp="1669" pin="3"/><net_sink comp="355" pin=14"/></net>

<net id="1682"><net_src comp="204" pin="0"/><net_sink comp="1677" pin=0"/></net>

<net id="1683"><net_src comp="152" pin="0"/><net_sink comp="1677" pin=2"/></net>

<net id="1684"><net_src comp="1677" pin="3"/><net_sink comp="355" pin=15"/></net>

<net id="1690"><net_src comp="208" pin="0"/><net_sink comp="1685" pin=0"/></net>

<net id="1691"><net_src comp="144" pin="0"/><net_sink comp="1685" pin=2"/></net>

<net id="1692"><net_src comp="1685" pin="3"/><net_sink comp="355" pin=16"/></net>

<net id="1698"><net_src comp="204" pin="0"/><net_sink comp="1693" pin=0"/></net>

<net id="1699"><net_src comp="152" pin="0"/><net_sink comp="1693" pin=2"/></net>

<net id="1700"><net_src comp="1693" pin="3"/><net_sink comp="355" pin=17"/></net>

<net id="1706"><net_src comp="210" pin="0"/><net_sink comp="1701" pin=0"/></net>

<net id="1707"><net_src comp="140" pin="0"/><net_sink comp="1701" pin=2"/></net>

<net id="1708"><net_src comp="1701" pin="3"/><net_sink comp="355" pin=18"/></net>

<net id="1714"><net_src comp="210" pin="0"/><net_sink comp="1709" pin=0"/></net>

<net id="1715"><net_src comp="140" pin="0"/><net_sink comp="1709" pin=2"/></net>

<net id="1716"><net_src comp="1709" pin="3"/><net_sink comp="355" pin=19"/></net>

<net id="1722"><net_src comp="212" pin="0"/><net_sink comp="1717" pin=0"/></net>

<net id="1723"><net_src comp="200" pin="0"/><net_sink comp="1717" pin=2"/></net>

<net id="1724"><net_src comp="1717" pin="3"/><net_sink comp="355" pin=20"/></net>

<net id="1730"><net_src comp="208" pin="0"/><net_sink comp="1725" pin=0"/></net>

<net id="1731"><net_src comp="144" pin="0"/><net_sink comp="1725" pin=2"/></net>

<net id="1732"><net_src comp="1725" pin="3"/><net_sink comp="355" pin=21"/></net>

<net id="1738"><net_src comp="142" pin="0"/><net_sink comp="1733" pin=0"/></net>

<net id="1739"><net_src comp="144" pin="0"/><net_sink comp="1733" pin=2"/></net>

<net id="1740"><net_src comp="1733" pin="3"/><net_sink comp="355" pin=22"/></net>

<net id="1746"><net_src comp="150" pin="0"/><net_sink comp="1741" pin=0"/></net>

<net id="1747"><net_src comp="152" pin="0"/><net_sink comp="1741" pin=2"/></net>

<net id="1748"><net_src comp="1741" pin="3"/><net_sink comp="355" pin=23"/></net>

<net id="1754"><net_src comp="194" pin="0"/><net_sink comp="1749" pin=0"/></net>

<net id="1755"><net_src comp="140" pin="0"/><net_sink comp="1749" pin=2"/></net>

<net id="1756"><net_src comp="1749" pin="3"/><net_sink comp="355" pin=24"/></net>

<net id="1762"><net_src comp="138" pin="0"/><net_sink comp="1757" pin=0"/></net>

<net id="1763"><net_src comp="140" pin="0"/><net_sink comp="1757" pin=2"/></net>

<net id="1764"><net_src comp="1757" pin="3"/><net_sink comp="355" pin=25"/></net>

<net id="1770"><net_src comp="204" pin="0"/><net_sink comp="1765" pin=0"/></net>

<net id="1771"><net_src comp="152" pin="0"/><net_sink comp="1765" pin=2"/></net>

<net id="1772"><net_src comp="1765" pin="3"/><net_sink comp="355" pin=26"/></net>

<net id="1778"><net_src comp="138" pin="0"/><net_sink comp="1773" pin=0"/></net>

<net id="1779"><net_src comp="140" pin="0"/><net_sink comp="1773" pin=2"/></net>

<net id="1780"><net_src comp="1773" pin="3"/><net_sink comp="355" pin=27"/></net>

<net id="1786"><net_src comp="214" pin="0"/><net_sink comp="1781" pin=0"/></net>

<net id="1787"><net_src comp="216" pin="0"/><net_sink comp="1781" pin=2"/></net>

<net id="1788"><net_src comp="1781" pin="3"/><net_sink comp="355" pin=28"/></net>

<net id="1792"><net_src comp="355" pin="29"/><net_sink comp="1789" pin=0"/></net>

<net id="1793"><net_src comp="1789" pin="1"/><net_sink comp="387" pin=1"/></net>

<net id="1797"><net_src comp="355" pin="29"/><net_sink comp="1794" pin=0"/></net>

<net id="1798"><net_src comp="1794" pin="1"/><net_sink comp="387" pin=2"/></net>

<net id="1802"><net_src comp="355" pin="29"/><net_sink comp="1799" pin=0"/></net>

<net id="1803"><net_src comp="1799" pin="1"/><net_sink comp="387" pin=3"/></net>

<net id="1807"><net_src comp="355" pin="29"/><net_sink comp="1804" pin=0"/></net>

<net id="1808"><net_src comp="1804" pin="1"/><net_sink comp="387" pin=4"/></net>

<net id="1812"><net_src comp="355" pin="29"/><net_sink comp="1809" pin=0"/></net>

<net id="1813"><net_src comp="1809" pin="1"/><net_sink comp="387" pin=5"/></net>

<net id="1817"><net_src comp="355" pin="29"/><net_sink comp="1814" pin=0"/></net>

<net id="1818"><net_src comp="1814" pin="1"/><net_sink comp="387" pin=6"/></net>

<net id="1822"><net_src comp="355" pin="29"/><net_sink comp="1819" pin=0"/></net>

<net id="1823"><net_src comp="1819" pin="1"/><net_sink comp="387" pin=7"/></net>

<net id="1827"><net_src comp="355" pin="29"/><net_sink comp="1824" pin=0"/></net>

<net id="1828"><net_src comp="1824" pin="1"/><net_sink comp="387" pin=8"/></net>

<net id="1832"><net_src comp="355" pin="29"/><net_sink comp="1829" pin=0"/></net>

<net id="1833"><net_src comp="1829" pin="1"/><net_sink comp="387" pin=9"/></net>

<net id="1837"><net_src comp="355" pin="29"/><net_sink comp="1834" pin=0"/></net>

<net id="1838"><net_src comp="1834" pin="1"/><net_sink comp="387" pin=10"/></net>

<net id="1842"><net_src comp="355" pin="29"/><net_sink comp="1839" pin=0"/></net>

<net id="1843"><net_src comp="1839" pin="1"/><net_sink comp="387" pin=11"/></net>

<net id="1847"><net_src comp="355" pin="29"/><net_sink comp="1844" pin=0"/></net>

<net id="1848"><net_src comp="1844" pin="1"/><net_sink comp="387" pin=12"/></net>

<net id="1852"><net_src comp="355" pin="29"/><net_sink comp="1849" pin=0"/></net>

<net id="1853"><net_src comp="1849" pin="1"/><net_sink comp="387" pin=13"/></net>

<net id="1857"><net_src comp="355" pin="29"/><net_sink comp="1854" pin=0"/></net>

<net id="1858"><net_src comp="1854" pin="1"/><net_sink comp="387" pin=14"/></net>

<net id="1862"><net_src comp="387" pin="15"/><net_sink comp="1859" pin=0"/></net>

<net id="1866"><net_src comp="387" pin="15"/><net_sink comp="1863" pin=0"/></net>

<net id="1870"><net_src comp="387" pin="15"/><net_sink comp="1867" pin=0"/></net>

<net id="1874"><net_src comp="387" pin="15"/><net_sink comp="1871" pin=0"/></net>

<net id="1878"><net_src comp="387" pin="15"/><net_sink comp="1875" pin=0"/></net>

<net id="1882"><net_src comp="387" pin="15"/><net_sink comp="1879" pin=0"/></net>

<net id="1886"><net_src comp="387" pin="15"/><net_sink comp="1883" pin=0"/></net>

<net id="1890"><net_src comp="387" pin="15"/><net_sink comp="1887" pin=0"/></net>

<net id="1894"><net_src comp="387" pin="15"/><net_sink comp="1891" pin=0"/></net>

<net id="1898"><net_src comp="387" pin="15"/><net_sink comp="1895" pin=0"/></net>

<net id="1902"><net_src comp="387" pin="15"/><net_sink comp="1899" pin=0"/></net>

<net id="1906"><net_src comp="387" pin="15"/><net_sink comp="1903" pin=0"/></net>

<net id="1910"><net_src comp="387" pin="15"/><net_sink comp="1907" pin=0"/></net>

<net id="1914"><net_src comp="387" pin="15"/><net_sink comp="1911" pin=0"/></net>

<net id="1921"><net_src comp="184" pin="0"/><net_sink comp="1915" pin=0"/></net>

<net id="1922"><net_src comp="1859" pin="1"/><net_sink comp="1915" pin=1"/></net>

<net id="1923"><net_src comp="192" pin="0"/><net_sink comp="1915" pin=2"/></net>

<net id="1924"><net_src comp="172" pin="0"/><net_sink comp="1915" pin=3"/></net>

<net id="1931"><net_src comp="162" pin="0"/><net_sink comp="1925" pin=0"/></net>

<net id="1932"><net_src comp="1863" pin="1"/><net_sink comp="1925" pin=1"/></net>

<net id="1933"><net_src comp="192" pin="0"/><net_sink comp="1925" pin=2"/></net>

<net id="1934"><net_src comp="18" pin="0"/><net_sink comp="1925" pin=3"/></net>

<net id="1941"><net_src comp="184" pin="0"/><net_sink comp="1935" pin=0"/></net>

<net id="1942"><net_src comp="1867" pin="1"/><net_sink comp="1935" pin=1"/></net>

<net id="1943"><net_src comp="176" pin="0"/><net_sink comp="1935" pin=2"/></net>

<net id="1944"><net_src comp="18" pin="0"/><net_sink comp="1935" pin=3"/></net>

<net id="1951"><net_src comp="180" pin="0"/><net_sink comp="1945" pin=0"/></net>

<net id="1952"><net_src comp="1871" pin="1"/><net_sink comp="1945" pin=1"/></net>

<net id="1953"><net_src comp="164" pin="0"/><net_sink comp="1945" pin=2"/></net>

<net id="1954"><net_src comp="172" pin="0"/><net_sink comp="1945" pin=3"/></net>

<net id="1961"><net_src comp="184" pin="0"/><net_sink comp="1955" pin=0"/></net>

<net id="1962"><net_src comp="1875" pin="1"/><net_sink comp="1955" pin=1"/></net>

<net id="1963"><net_src comp="192" pin="0"/><net_sink comp="1955" pin=2"/></net>

<net id="1964"><net_src comp="172" pin="0"/><net_sink comp="1955" pin=3"/></net>

<net id="1971"><net_src comp="184" pin="0"/><net_sink comp="1965" pin=0"/></net>

<net id="1972"><net_src comp="1879" pin="1"/><net_sink comp="1965" pin=1"/></net>

<net id="1973"><net_src comp="176" pin="0"/><net_sink comp="1965" pin=2"/></net>

<net id="1974"><net_src comp="18" pin="0"/><net_sink comp="1965" pin=3"/></net>

<net id="1981"><net_src comp="184" pin="0"/><net_sink comp="1975" pin=0"/></net>

<net id="1982"><net_src comp="1883" pin="1"/><net_sink comp="1975" pin=1"/></net>

<net id="1983"><net_src comp="192" pin="0"/><net_sink comp="1975" pin=2"/></net>

<net id="1984"><net_src comp="172" pin="0"/><net_sink comp="1975" pin=3"/></net>

<net id="1991"><net_src comp="168" pin="0"/><net_sink comp="1985" pin=0"/></net>

<net id="1992"><net_src comp="1887" pin="1"/><net_sink comp="1985" pin=1"/></net>

<net id="1993"><net_src comp="176" pin="0"/><net_sink comp="1985" pin=2"/></net>

<net id="1994"><net_src comp="172" pin="0"/><net_sink comp="1985" pin=3"/></net>

<net id="2001"><net_src comp="168" pin="0"/><net_sink comp="1995" pin=0"/></net>

<net id="2002"><net_src comp="1891" pin="1"/><net_sink comp="1995" pin=1"/></net>

<net id="2003"><net_src comp="176" pin="0"/><net_sink comp="1995" pin=2"/></net>

<net id="2004"><net_src comp="172" pin="0"/><net_sink comp="1995" pin=3"/></net>

<net id="2011"><net_src comp="174" pin="0"/><net_sink comp="2005" pin=0"/></net>

<net id="2012"><net_src comp="1895" pin="1"/><net_sink comp="2005" pin=1"/></net>

<net id="2013"><net_src comp="164" pin="0"/><net_sink comp="2005" pin=2"/></net>

<net id="2014"><net_src comp="18" pin="0"/><net_sink comp="2005" pin=3"/></net>

<net id="2021"><net_src comp="180" pin="0"/><net_sink comp="2015" pin=0"/></net>

<net id="2022"><net_src comp="1899" pin="1"/><net_sink comp="2015" pin=1"/></net>

<net id="2023"><net_src comp="176" pin="0"/><net_sink comp="2015" pin=2"/></net>

<net id="2024"><net_src comp="186" pin="0"/><net_sink comp="2015" pin=3"/></net>

<net id="2031"><net_src comp="180" pin="0"/><net_sink comp="2025" pin=0"/></net>

<net id="2032"><net_src comp="1903" pin="1"/><net_sink comp="2025" pin=1"/></net>

<net id="2033"><net_src comp="164" pin="0"/><net_sink comp="2025" pin=2"/></net>

<net id="2034"><net_src comp="172" pin="0"/><net_sink comp="2025" pin=3"/></net>

<net id="2041"><net_src comp="174" pin="0"/><net_sink comp="2035" pin=0"/></net>

<net id="2042"><net_src comp="1907" pin="1"/><net_sink comp="2035" pin=1"/></net>

<net id="2043"><net_src comp="192" pin="0"/><net_sink comp="2035" pin=2"/></net>

<net id="2044"><net_src comp="186" pin="0"/><net_sink comp="2035" pin=3"/></net>

<net id="2051"><net_src comp="180" pin="0"/><net_sink comp="2045" pin=0"/></net>

<net id="2052"><net_src comp="1911" pin="1"/><net_sink comp="2045" pin=1"/></net>

<net id="2053"><net_src comp="176" pin="0"/><net_sink comp="2045" pin=2"/></net>

<net id="2054"><net_src comp="186" pin="0"/><net_sink comp="2045" pin=3"/></net>

<net id="2060"><net_src comp="222" pin="0"/><net_sink comp="2055" pin=0"/></net>

<net id="2061"><net_src comp="216" pin="0"/><net_sink comp="2055" pin=2"/></net>

<net id="2062"><net_src comp="2055" pin="3"/><net_sink comp="405" pin=1"/></net>

<net id="2068"><net_src comp="214" pin="0"/><net_sink comp="2063" pin=0"/></net>

<net id="2069"><net_src comp="216" pin="0"/><net_sink comp="2063" pin=2"/></net>

<net id="2070"><net_src comp="2063" pin="3"/><net_sink comp="405" pin=2"/></net>

<net id="2076"><net_src comp="204" pin="0"/><net_sink comp="2071" pin=0"/></net>

<net id="2077"><net_src comp="152" pin="0"/><net_sink comp="2071" pin=2"/></net>

<net id="2078"><net_src comp="2071" pin="3"/><net_sink comp="405" pin=3"/></net>

<net id="2084"><net_src comp="224" pin="0"/><net_sink comp="2079" pin=0"/></net>

<net id="2085"><net_src comp="140" pin="0"/><net_sink comp="2079" pin=2"/></net>

<net id="2086"><net_src comp="2079" pin="3"/><net_sink comp="405" pin=4"/></net>

<net id="2092"><net_src comp="222" pin="0"/><net_sink comp="2087" pin=0"/></net>

<net id="2093"><net_src comp="216" pin="0"/><net_sink comp="2087" pin=2"/></net>

<net id="2094"><net_src comp="2087" pin="3"/><net_sink comp="405" pin=5"/></net>

<net id="2100"><net_src comp="204" pin="0"/><net_sink comp="2095" pin=0"/></net>

<net id="2101"><net_src comp="152" pin="0"/><net_sink comp="2095" pin=2"/></net>

<net id="2102"><net_src comp="2095" pin="3"/><net_sink comp="405" pin=6"/></net>

<net id="2108"><net_src comp="222" pin="0"/><net_sink comp="2103" pin=0"/></net>

<net id="2109"><net_src comp="216" pin="0"/><net_sink comp="2103" pin=2"/></net>

<net id="2110"><net_src comp="2103" pin="3"/><net_sink comp="405" pin=7"/></net>

<net id="2116"><net_src comp="226" pin="0"/><net_sink comp="2111" pin=0"/></net>

<net id="2117"><net_src comp="152" pin="0"/><net_sink comp="2111" pin=2"/></net>

<net id="2118"><net_src comp="2111" pin="3"/><net_sink comp="405" pin=8"/></net>

<net id="2124"><net_src comp="226" pin="0"/><net_sink comp="2119" pin=0"/></net>

<net id="2125"><net_src comp="152" pin="0"/><net_sink comp="2119" pin=2"/></net>

<net id="2126"><net_src comp="2119" pin="3"/><net_sink comp="405" pin=9"/></net>

<net id="2132"><net_src comp="138" pin="0"/><net_sink comp="2127" pin=0"/></net>

<net id="2133"><net_src comp="140" pin="0"/><net_sink comp="2127" pin=2"/></net>

<net id="2134"><net_src comp="2127" pin="3"/><net_sink comp="405" pin=10"/></net>

<net id="2140"><net_src comp="206" pin="0"/><net_sink comp="2135" pin=0"/></net>

<net id="2141"><net_src comp="152" pin="0"/><net_sink comp="2135" pin=2"/></net>

<net id="2142"><net_src comp="2135" pin="3"/><net_sink comp="405" pin=11"/></net>

<net id="2148"><net_src comp="224" pin="0"/><net_sink comp="2143" pin=0"/></net>

<net id="2149"><net_src comp="140" pin="0"/><net_sink comp="2143" pin=2"/></net>

<net id="2150"><net_src comp="2143" pin="3"/><net_sink comp="405" pin=12"/></net>

<net id="2156"><net_src comp="228" pin="0"/><net_sink comp="2151" pin=0"/></net>

<net id="2157"><net_src comp="216" pin="0"/><net_sink comp="2151" pin=2"/></net>

<net id="2158"><net_src comp="2151" pin="3"/><net_sink comp="405" pin=13"/></net>

<net id="2164"><net_src comp="206" pin="0"/><net_sink comp="2159" pin=0"/></net>

<net id="2165"><net_src comp="152" pin="0"/><net_sink comp="2159" pin=2"/></net>

<net id="2166"><net_src comp="2159" pin="3"/><net_sink comp="405" pin=14"/></net>

<net id="2170"><net_src comp="405" pin="15"/><net_sink comp="2167" pin=0"/></net>

<net id="2171"><net_src comp="2167" pin="1"/><net_sink comp="423" pin=1"/></net>

<net id="2175"><net_src comp="405" pin="15"/><net_sink comp="2172" pin=0"/></net>

<net id="2176"><net_src comp="2172" pin="1"/><net_sink comp="423" pin=2"/></net>

<net id="2180"><net_src comp="405" pin="15"/><net_sink comp="2177" pin=0"/></net>

<net id="2181"><net_src comp="2177" pin="1"/><net_sink comp="423" pin=3"/></net>

<net id="2185"><net_src comp="405" pin="15"/><net_sink comp="2182" pin=0"/></net>

<net id="2186"><net_src comp="2182" pin="1"/><net_sink comp="423" pin=4"/></net>

<net id="2190"><net_src comp="405" pin="15"/><net_sink comp="2187" pin=0"/></net>

<net id="2191"><net_src comp="2187" pin="1"/><net_sink comp="423" pin=5"/></net>

<net id="2195"><net_src comp="405" pin="15"/><net_sink comp="2192" pin=0"/></net>

<net id="2196"><net_src comp="2192" pin="1"/><net_sink comp="423" pin=6"/></net>

<net id="2200"><net_src comp="405" pin="15"/><net_sink comp="2197" pin=0"/></net>

<net id="2201"><net_src comp="2197" pin="1"/><net_sink comp="423" pin=7"/></net>

<net id="2205"><net_src comp="405" pin="15"/><net_sink comp="2202" pin=0"/></net>

<net id="2206"><net_src comp="2202" pin="1"/><net_sink comp="423" pin=8"/></net>

<net id="2210"><net_src comp="405" pin="15"/><net_sink comp="2207" pin=0"/></net>

<net id="2211"><net_src comp="2207" pin="1"/><net_sink comp="423" pin=9"/></net>

<net id="2215"><net_src comp="405" pin="15"/><net_sink comp="2212" pin=0"/></net>

<net id="2216"><net_src comp="2212" pin="1"/><net_sink comp="423" pin=10"/></net>

<net id="2220"><net_src comp="405" pin="15"/><net_sink comp="2217" pin=0"/></net>

<net id="2221"><net_src comp="2217" pin="1"/><net_sink comp="423" pin=11"/></net>

<net id="2225"><net_src comp="405" pin="15"/><net_sink comp="2222" pin=0"/></net>

<net id="2226"><net_src comp="2222" pin="1"/><net_sink comp="423" pin=12"/></net>

<net id="2230"><net_src comp="405" pin="15"/><net_sink comp="2227" pin=0"/></net>

<net id="2231"><net_src comp="2227" pin="1"/><net_sink comp="423" pin=13"/></net>

<net id="2235"><net_src comp="423" pin="14"/><net_sink comp="2232" pin=0"/></net>

<net id="2239"><net_src comp="423" pin="14"/><net_sink comp="2236" pin=0"/></net>

<net id="2243"><net_src comp="423" pin="14"/><net_sink comp="2240" pin=0"/></net>

<net id="2247"><net_src comp="423" pin="14"/><net_sink comp="2244" pin=0"/></net>

<net id="2251"><net_src comp="423" pin="14"/><net_sink comp="2248" pin=0"/></net>

<net id="2255"><net_src comp="423" pin="14"/><net_sink comp="2252" pin=0"/></net>

<net id="2259"><net_src comp="423" pin="14"/><net_sink comp="2256" pin=0"/></net>

<net id="2263"><net_src comp="423" pin="14"/><net_sink comp="2260" pin=0"/></net>

<net id="2267"><net_src comp="423" pin="14"/><net_sink comp="2264" pin=0"/></net>

<net id="2271"><net_src comp="423" pin="14"/><net_sink comp="2268" pin=0"/></net>

<net id="2275"><net_src comp="423" pin="14"/><net_sink comp="2272" pin=0"/></net>

<net id="2279"><net_src comp="423" pin="14"/><net_sink comp="2276" pin=0"/></net>

<net id="2283"><net_src comp="423" pin="14"/><net_sink comp="2280" pin=0"/></net>

<net id="2290"><net_src comp="162" pin="0"/><net_sink comp="2284" pin=0"/></net>

<net id="2291"><net_src comp="2232" pin="1"/><net_sink comp="2284" pin=1"/></net>

<net id="2292"><net_src comp="164" pin="0"/><net_sink comp="2284" pin=2"/></net>

<net id="2293"><net_src comp="166" pin="0"/><net_sink comp="2284" pin=3"/></net>

<net id="2300"><net_src comp="174" pin="0"/><net_sink comp="2294" pin=0"/></net>

<net id="2301"><net_src comp="2236" pin="1"/><net_sink comp="2294" pin=1"/></net>

<net id="2302"><net_src comp="176" pin="0"/><net_sink comp="2294" pin=2"/></net>

<net id="2303"><net_src comp="166" pin="0"/><net_sink comp="2294" pin=3"/></net>

<net id="2310"><net_src comp="180" pin="0"/><net_sink comp="2304" pin=0"/></net>

<net id="2311"><net_src comp="2240" pin="1"/><net_sink comp="2304" pin=1"/></net>

<net id="2312"><net_src comp="176" pin="0"/><net_sink comp="2304" pin=2"/></net>

<net id="2313"><net_src comp="186" pin="0"/><net_sink comp="2304" pin=3"/></net>

<net id="2320"><net_src comp="184" pin="0"/><net_sink comp="2314" pin=0"/></net>

<net id="2321"><net_src comp="2244" pin="1"/><net_sink comp="2314" pin=1"/></net>

<net id="2322"><net_src comp="164" pin="0"/><net_sink comp="2314" pin=2"/></net>

<net id="2323"><net_src comp="186" pin="0"/><net_sink comp="2314" pin=3"/></net>

<net id="2330"><net_src comp="184" pin="0"/><net_sink comp="2324" pin=0"/></net>

<net id="2331"><net_src comp="2248" pin="1"/><net_sink comp="2324" pin=1"/></net>

<net id="2332"><net_src comp="176" pin="0"/><net_sink comp="2324" pin=2"/></net>

<net id="2333"><net_src comp="18" pin="0"/><net_sink comp="2324" pin=3"/></net>

<net id="2340"><net_src comp="162" pin="0"/><net_sink comp="2334" pin=0"/></net>

<net id="2341"><net_src comp="2252" pin="1"/><net_sink comp="2334" pin=1"/></net>

<net id="2342"><net_src comp="164" pin="0"/><net_sink comp="2334" pin=2"/></net>

<net id="2343"><net_src comp="166" pin="0"/><net_sink comp="2334" pin=3"/></net>

<net id="2350"><net_src comp="174" pin="0"/><net_sink comp="2344" pin=0"/></net>

<net id="2351"><net_src comp="2256" pin="1"/><net_sink comp="2344" pin=1"/></net>

<net id="2352"><net_src comp="164" pin="0"/><net_sink comp="2344" pin=2"/></net>

<net id="2353"><net_src comp="18" pin="0"/><net_sink comp="2344" pin=3"/></net>

<net id="2360"><net_src comp="180" pin="0"/><net_sink comp="2354" pin=0"/></net>

<net id="2361"><net_src comp="2260" pin="1"/><net_sink comp="2354" pin=1"/></net>

<net id="2362"><net_src comp="176" pin="0"/><net_sink comp="2354" pin=2"/></net>

<net id="2363"><net_src comp="186" pin="0"/><net_sink comp="2354" pin=3"/></net>

<net id="2370"><net_src comp="162" pin="0"/><net_sink comp="2364" pin=0"/></net>

<net id="2371"><net_src comp="2264" pin="1"/><net_sink comp="2364" pin=1"/></net>

<net id="2372"><net_src comp="192" pin="0"/><net_sink comp="2364" pin=2"/></net>

<net id="2373"><net_src comp="18" pin="0"/><net_sink comp="2364" pin=3"/></net>

<net id="2380"><net_src comp="174" pin="0"/><net_sink comp="2374" pin=0"/></net>

<net id="2381"><net_src comp="2268" pin="1"/><net_sink comp="2374" pin=1"/></net>

<net id="2382"><net_src comp="192" pin="0"/><net_sink comp="2374" pin=2"/></net>

<net id="2383"><net_src comp="186" pin="0"/><net_sink comp="2374" pin=3"/></net>

<net id="2390"><net_src comp="184" pin="0"/><net_sink comp="2384" pin=0"/></net>

<net id="2391"><net_src comp="2272" pin="1"/><net_sink comp="2384" pin=1"/></net>

<net id="2392"><net_src comp="176" pin="0"/><net_sink comp="2384" pin=2"/></net>

<net id="2393"><net_src comp="18" pin="0"/><net_sink comp="2384" pin=3"/></net>

<net id="2400"><net_src comp="184" pin="0"/><net_sink comp="2394" pin=0"/></net>

<net id="2401"><net_src comp="2276" pin="1"/><net_sink comp="2394" pin=1"/></net>

<net id="2402"><net_src comp="164" pin="0"/><net_sink comp="2394" pin=2"/></net>

<net id="2403"><net_src comp="186" pin="0"/><net_sink comp="2394" pin=3"/></net>

<net id="2410"><net_src comp="180" pin="0"/><net_sink comp="2404" pin=0"/></net>

<net id="2411"><net_src comp="2280" pin="1"/><net_sink comp="2404" pin=1"/></net>

<net id="2412"><net_src comp="164" pin="0"/><net_sink comp="2404" pin=2"/></net>

<net id="2413"><net_src comp="172" pin="0"/><net_sink comp="2404" pin=3"/></net>

<net id="2419"><net_src comp="194" pin="0"/><net_sink comp="2414" pin=0"/></net>

<net id="2420"><net_src comp="140" pin="0"/><net_sink comp="2414" pin=2"/></net>

<net id="2421"><net_src comp="2414" pin="3"/><net_sink comp="440" pin=1"/></net>

<net id="2427"><net_src comp="150" pin="0"/><net_sink comp="2422" pin=0"/></net>

<net id="2428"><net_src comp="152" pin="0"/><net_sink comp="2422" pin=2"/></net>

<net id="2429"><net_src comp="2422" pin="3"/><net_sink comp="440" pin=2"/></net>

<net id="2435"><net_src comp="206" pin="0"/><net_sink comp="2430" pin=0"/></net>

<net id="2436"><net_src comp="152" pin="0"/><net_sink comp="2430" pin=2"/></net>

<net id="2437"><net_src comp="2430" pin="3"/><net_sink comp="440" pin=3"/></net>

<net id="2443"><net_src comp="210" pin="0"/><net_sink comp="2438" pin=0"/></net>

<net id="2444"><net_src comp="140" pin="0"/><net_sink comp="2438" pin=2"/></net>

<net id="2445"><net_src comp="2438" pin="3"/><net_sink comp="440" pin=4"/></net>

<net id="2451"><net_src comp="204" pin="0"/><net_sink comp="2446" pin=0"/></net>

<net id="2452"><net_src comp="152" pin="0"/><net_sink comp="2446" pin=2"/></net>

<net id="2453"><net_src comp="2446" pin="3"/><net_sink comp="440" pin=5"/></net>

<net id="2459"><net_src comp="194" pin="0"/><net_sink comp="2454" pin=0"/></net>

<net id="2460"><net_src comp="140" pin="0"/><net_sink comp="2454" pin=2"/></net>

<net id="2461"><net_src comp="2454" pin="3"/><net_sink comp="440" pin=6"/></net>

<net id="2467"><net_src comp="138" pin="0"/><net_sink comp="2462" pin=0"/></net>

<net id="2468"><net_src comp="140" pin="0"/><net_sink comp="2462" pin=2"/></net>

<net id="2469"><net_src comp="2462" pin="3"/><net_sink comp="440" pin=7"/></net>

<net id="2475"><net_src comp="206" pin="0"/><net_sink comp="2470" pin=0"/></net>

<net id="2476"><net_src comp="152" pin="0"/><net_sink comp="2470" pin=2"/></net>

<net id="2477"><net_src comp="2470" pin="3"/><net_sink comp="440" pin=8"/></net>

<net id="2483"><net_src comp="214" pin="0"/><net_sink comp="2478" pin=0"/></net>

<net id="2484"><net_src comp="216" pin="0"/><net_sink comp="2478" pin=2"/></net>

<net id="2485"><net_src comp="2478" pin="3"/><net_sink comp="440" pin=9"/></net>

<net id="2491"><net_src comp="228" pin="0"/><net_sink comp="2486" pin=0"/></net>

<net id="2492"><net_src comp="216" pin="0"/><net_sink comp="2486" pin=2"/></net>

<net id="2493"><net_src comp="2486" pin="3"/><net_sink comp="440" pin=10"/></net>

<net id="2499"><net_src comp="204" pin="0"/><net_sink comp="2494" pin=0"/></net>

<net id="2500"><net_src comp="152" pin="0"/><net_sink comp="2494" pin=2"/></net>

<net id="2501"><net_src comp="2494" pin="3"/><net_sink comp="440" pin=11"/></net>

<net id="2507"><net_src comp="210" pin="0"/><net_sink comp="2502" pin=0"/></net>

<net id="2508"><net_src comp="140" pin="0"/><net_sink comp="2502" pin=2"/></net>

<net id="2509"><net_src comp="2502" pin="3"/><net_sink comp="440" pin=12"/></net>

<net id="2515"><net_src comp="224" pin="0"/><net_sink comp="2510" pin=0"/></net>

<net id="2516"><net_src comp="140" pin="0"/><net_sink comp="2510" pin=2"/></net>

<net id="2517"><net_src comp="2510" pin="3"/><net_sink comp="440" pin=13"/></net>

<net id="2521"><net_src comp="440" pin="14"/><net_sink comp="2518" pin=0"/></net>

<net id="2525"><net_src comp="440" pin="14"/><net_sink comp="2522" pin=0"/></net>

<net id="2529"><net_src comp="440" pin="14"/><net_sink comp="2526" pin=0"/></net>

<net id="2533"><net_src comp="440" pin="14"/><net_sink comp="2530" pin=0"/></net>

<net id="2537"><net_src comp="440" pin="14"/><net_sink comp="2534" pin=0"/></net>

<net id="2544"><net_src comp="170" pin="0"/><net_sink comp="2538" pin=0"/></net>

<net id="2545"><net_src comp="2518" pin="1"/><net_sink comp="2538" pin=1"/></net>

<net id="2546"><net_src comp="22" pin="0"/><net_sink comp="2538" pin=2"/></net>

<net id="2547"><net_src comp="186" pin="0"/><net_sink comp="2538" pin=3"/></net>

<net id="2553"><net_src comp="254" pin="0"/><net_sink comp="2548" pin=0"/></net>

<net id="2554"><net_src comp="2538" pin="4"/><net_sink comp="2548" pin=1"/></net>

<net id="2555"><net_src comp="200" pin="0"/><net_sink comp="2548" pin=2"/></net>

<net id="2559"><net_src comp="2548" pin="3"/><net_sink comp="2556" pin=0"/></net>

<net id="2560"><net_src comp="2556" pin="1"/><net_sink comp="268" pin=2"/></net>

<net id="2567"><net_src comp="178" pin="0"/><net_sink comp="2561" pin=0"/></net>

<net id="2568"><net_src comp="2522" pin="1"/><net_sink comp="2561" pin=1"/></net>

<net id="2569"><net_src comp="258" pin="0"/><net_sink comp="2561" pin=2"/></net>

<net id="2570"><net_src comp="186" pin="0"/><net_sink comp="2561" pin=3"/></net>

<net id="2576"><net_src comp="260" pin="0"/><net_sink comp="2571" pin=0"/></net>

<net id="2577"><net_src comp="2561" pin="4"/><net_sink comp="2571" pin=1"/></net>

<net id="2578"><net_src comp="134" pin="0"/><net_sink comp="2571" pin=2"/></net>

<net id="2582"><net_src comp="2571" pin="3"/><net_sink comp="2579" pin=0"/></net>

<net id="2583"><net_src comp="2579" pin="1"/><net_sink comp="275" pin=2"/></net>

<net id="2590"><net_src comp="170" pin="0"/><net_sink comp="2584" pin=0"/></net>

<net id="2591"><net_src comp="2526" pin="1"/><net_sink comp="2584" pin=1"/></net>

<net id="2592"><net_src comp="22" pin="0"/><net_sink comp="2584" pin=2"/></net>

<net id="2593"><net_src comp="186" pin="0"/><net_sink comp="2584" pin=3"/></net>

<net id="2599"><net_src comp="254" pin="0"/><net_sink comp="2594" pin=0"/></net>

<net id="2600"><net_src comp="2584" pin="4"/><net_sink comp="2594" pin=1"/></net>

<net id="2601"><net_src comp="200" pin="0"/><net_sink comp="2594" pin=2"/></net>

<net id="2605"><net_src comp="2594" pin="3"/><net_sink comp="2602" pin=0"/></net>

<net id="2606"><net_src comp="2602" pin="1"/><net_sink comp="282" pin=2"/></net>

<net id="2613"><net_src comp="178" pin="0"/><net_sink comp="2607" pin=0"/></net>

<net id="2614"><net_src comp="2530" pin="1"/><net_sink comp="2607" pin=1"/></net>

<net id="2615"><net_src comp="258" pin="0"/><net_sink comp="2607" pin=2"/></net>

<net id="2616"><net_src comp="186" pin="0"/><net_sink comp="2607" pin=3"/></net>

<net id="2622"><net_src comp="260" pin="0"/><net_sink comp="2617" pin=0"/></net>

<net id="2623"><net_src comp="2607" pin="4"/><net_sink comp="2617" pin=1"/></net>

<net id="2624"><net_src comp="134" pin="0"/><net_sink comp="2617" pin=2"/></net>

<net id="2628"><net_src comp="2617" pin="3"/><net_sink comp="2625" pin=0"/></net>

<net id="2629"><net_src comp="2625" pin="1"/><net_sink comp="289" pin=2"/></net>

<net id="2636"><net_src comp="170" pin="0"/><net_sink comp="2630" pin=0"/></net>

<net id="2637"><net_src comp="2534" pin="1"/><net_sink comp="2630" pin=1"/></net>

<net id="2638"><net_src comp="22" pin="0"/><net_sink comp="2630" pin=2"/></net>

<net id="2639"><net_src comp="186" pin="0"/><net_sink comp="2630" pin=3"/></net>

<net id="2645"><net_src comp="254" pin="0"/><net_sink comp="2640" pin=0"/></net>

<net id="2646"><net_src comp="2630" pin="4"/><net_sink comp="2640" pin=1"/></net>

<net id="2647"><net_src comp="200" pin="0"/><net_sink comp="2640" pin=2"/></net>

<net id="2651"><net_src comp="2640" pin="3"/><net_sink comp="2648" pin=0"/></net>

<net id="2652"><net_src comp="2648" pin="1"/><net_sink comp="296" pin=2"/></net>

<net id="2656"><net_src comp="479" pin="2"/><net_sink comp="2653" pin=0"/></net>

<net id="2657"><net_src comp="2653" pin="1"/><net_sink comp="905" pin=1"/></net>

<net id="2661"><net_src comp="507" pin="2"/><net_sink comp="2658" pin=0"/></net>

<net id="2662"><net_src comp="2658" pin="1"/><net_sink comp="913" pin=1"/></net>

<net id="2666"><net_src comp="535" pin="2"/><net_sink comp="2663" pin=0"/></net>

<net id="2667"><net_src comp="2663" pin="1"/><net_sink comp="921" pin=1"/></net>

<net id="2671"><net_src comp="563" pin="2"/><net_sink comp="2668" pin=0"/></net>

<net id="2672"><net_src comp="2668" pin="1"/><net_sink comp="929" pin=1"/></net>

<net id="2676"><net_src comp="591" pin="2"/><net_sink comp="2673" pin=0"/></net>

<net id="2677"><net_src comp="2673" pin="1"/><net_sink comp="937" pin=1"/></net>

<net id="2681"><net_src comp="619" pin="2"/><net_sink comp="2678" pin=0"/></net>

<net id="2682"><net_src comp="2678" pin="1"/><net_sink comp="945" pin=1"/></net>

<net id="2686"><net_src comp="647" pin="2"/><net_sink comp="2683" pin=0"/></net>

<net id="2687"><net_src comp="2683" pin="1"/><net_sink comp="953" pin=1"/></net>

<net id="2691"><net_src comp="675" pin="2"/><net_sink comp="2688" pin=0"/></net>

<net id="2692"><net_src comp="2688" pin="1"/><net_sink comp="961" pin=1"/></net>

<net id="2696"><net_src comp="703" pin="2"/><net_sink comp="2693" pin=0"/></net>

<net id="2697"><net_src comp="2693" pin="1"/><net_sink comp="969" pin=1"/></net>

<net id="2701"><net_src comp="731" pin="2"/><net_sink comp="2698" pin=0"/></net>

<net id="2702"><net_src comp="2698" pin="1"/><net_sink comp="977" pin=1"/></net>

<net id="2706"><net_src comp="759" pin="2"/><net_sink comp="2703" pin=0"/></net>

<net id="2707"><net_src comp="2703" pin="1"/><net_sink comp="985" pin=1"/></net>

<net id="2711"><net_src comp="787" pin="2"/><net_sink comp="2708" pin=0"/></net>

<net id="2712"><net_src comp="2708" pin="1"/><net_sink comp="993" pin=1"/></net>

<net id="2716"><net_src comp="815" pin="2"/><net_sink comp="2713" pin=0"/></net>

<net id="2717"><net_src comp="2713" pin="1"/><net_sink comp="1001" pin=1"/></net>

<net id="2721"><net_src comp="843" pin="2"/><net_sink comp="2718" pin=0"/></net>

<net id="2722"><net_src comp="2718" pin="1"/><net_sink comp="1009" pin=1"/></net>

<net id="2726"><net_src comp="871" pin="2"/><net_sink comp="2723" pin=0"/></net>

<net id="2727"><net_src comp="2723" pin="1"/><net_sink comp="1017" pin=1"/></net>

<net id="2731"><net_src comp="899" pin="2"/><net_sink comp="2728" pin=0"/></net>

<net id="2732"><net_src comp="2728" pin="1"/><net_sink comp="1025" pin=1"/></net>

<net id="2736"><net_src comp="1285" pin="4"/><net_sink comp="2733" pin=0"/></net>

<net id="2737"><net_src comp="2733" pin="1"/><net_sink comp="1565" pin=1"/></net>

<net id="2741"><net_src comp="1295" pin="4"/><net_sink comp="2738" pin=0"/></net>

<net id="2742"><net_src comp="2738" pin="1"/><net_sink comp="1573" pin=1"/></net>

<net id="2746"><net_src comp="1305" pin="4"/><net_sink comp="2743" pin=0"/></net>

<net id="2747"><net_src comp="2743" pin="1"/><net_sink comp="1581" pin=1"/></net>

<net id="2751"><net_src comp="1315" pin="4"/><net_sink comp="2748" pin=0"/></net>

<net id="2752"><net_src comp="2748" pin="1"/><net_sink comp="1589" pin=1"/></net>

<net id="2756"><net_src comp="1325" pin="4"/><net_sink comp="2753" pin=0"/></net>

<net id="2757"><net_src comp="2753" pin="1"/><net_sink comp="1597" pin=1"/></net>

<net id="2761"><net_src comp="1335" pin="4"/><net_sink comp="2758" pin=0"/></net>

<net id="2762"><net_src comp="2758" pin="1"/><net_sink comp="1605" pin=1"/></net>

<net id="2766"><net_src comp="1345" pin="4"/><net_sink comp="2763" pin=0"/></net>

<net id="2767"><net_src comp="2763" pin="1"/><net_sink comp="1613" pin=1"/></net>

<net id="2771"><net_src comp="1355" pin="4"/><net_sink comp="2768" pin=0"/></net>

<net id="2772"><net_src comp="2768" pin="1"/><net_sink comp="1621" pin=1"/></net>

<net id="2776"><net_src comp="1365" pin="4"/><net_sink comp="2773" pin=0"/></net>

<net id="2777"><net_src comp="2773" pin="1"/><net_sink comp="1629" pin=1"/></net>

<net id="2781"><net_src comp="1375" pin="4"/><net_sink comp="2778" pin=0"/></net>

<net id="2782"><net_src comp="2778" pin="1"/><net_sink comp="1637" pin=1"/></net>

<net id="2786"><net_src comp="1385" pin="4"/><net_sink comp="2783" pin=0"/></net>

<net id="2787"><net_src comp="2783" pin="1"/><net_sink comp="1645" pin=1"/></net>

<net id="2791"><net_src comp="1395" pin="4"/><net_sink comp="2788" pin=0"/></net>

<net id="2792"><net_src comp="2788" pin="1"/><net_sink comp="1653" pin=1"/></net>

<net id="2796"><net_src comp="1405" pin="4"/><net_sink comp="2793" pin=0"/></net>

<net id="2797"><net_src comp="2793" pin="1"/><net_sink comp="1661" pin=1"/></net>

<net id="2801"><net_src comp="1415" pin="4"/><net_sink comp="2798" pin=0"/></net>

<net id="2802"><net_src comp="2798" pin="1"/><net_sink comp="1669" pin=1"/></net>

<net id="2806"><net_src comp="1425" pin="4"/><net_sink comp="2803" pin=0"/></net>

<net id="2807"><net_src comp="2803" pin="1"/><net_sink comp="1677" pin=1"/></net>

<net id="2811"><net_src comp="1435" pin="4"/><net_sink comp="2808" pin=0"/></net>

<net id="2812"><net_src comp="2808" pin="1"/><net_sink comp="1685" pin=1"/></net>

<net id="2816"><net_src comp="1445" pin="4"/><net_sink comp="2813" pin=0"/></net>

<net id="2817"><net_src comp="2813" pin="1"/><net_sink comp="1693" pin=1"/></net>

<net id="2821"><net_src comp="1455" pin="4"/><net_sink comp="2818" pin=0"/></net>

<net id="2822"><net_src comp="2818" pin="1"/><net_sink comp="1701" pin=1"/></net>

<net id="2826"><net_src comp="1465" pin="4"/><net_sink comp="2823" pin=0"/></net>

<net id="2827"><net_src comp="2823" pin="1"/><net_sink comp="1709" pin=1"/></net>

<net id="2831"><net_src comp="1475" pin="4"/><net_sink comp="2828" pin=0"/></net>

<net id="2832"><net_src comp="2828" pin="1"/><net_sink comp="1717" pin=1"/></net>

<net id="2836"><net_src comp="1485" pin="4"/><net_sink comp="2833" pin=0"/></net>

<net id="2837"><net_src comp="2833" pin="1"/><net_sink comp="1725" pin=1"/></net>

<net id="2841"><net_src comp="1495" pin="4"/><net_sink comp="2838" pin=0"/></net>

<net id="2842"><net_src comp="2838" pin="1"/><net_sink comp="1733" pin=1"/></net>

<net id="2846"><net_src comp="1505" pin="4"/><net_sink comp="2843" pin=0"/></net>

<net id="2847"><net_src comp="2843" pin="1"/><net_sink comp="1741" pin=1"/></net>

<net id="2851"><net_src comp="1515" pin="4"/><net_sink comp="2848" pin=0"/></net>

<net id="2852"><net_src comp="2848" pin="1"/><net_sink comp="1749" pin=1"/></net>

<net id="2856"><net_src comp="1525" pin="4"/><net_sink comp="2853" pin=0"/></net>

<net id="2857"><net_src comp="2853" pin="1"/><net_sink comp="1757" pin=1"/></net>

<net id="2861"><net_src comp="1535" pin="4"/><net_sink comp="2858" pin=0"/></net>

<net id="2862"><net_src comp="2858" pin="1"/><net_sink comp="1765" pin=1"/></net>

<net id="2866"><net_src comp="1545" pin="4"/><net_sink comp="2863" pin=0"/></net>

<net id="2867"><net_src comp="2863" pin="1"/><net_sink comp="1773" pin=1"/></net>

<net id="2871"><net_src comp="1555" pin="4"/><net_sink comp="2868" pin=0"/></net>

<net id="2872"><net_src comp="2868" pin="1"/><net_sink comp="1781" pin=1"/></net>

<net id="2876"><net_src comp="1915" pin="4"/><net_sink comp="2873" pin=0"/></net>

<net id="2877"><net_src comp="2873" pin="1"/><net_sink comp="2055" pin=1"/></net>

<net id="2881"><net_src comp="1925" pin="4"/><net_sink comp="2878" pin=0"/></net>

<net id="2882"><net_src comp="2878" pin="1"/><net_sink comp="2063" pin=1"/></net>

<net id="2886"><net_src comp="1935" pin="4"/><net_sink comp="2883" pin=0"/></net>

<net id="2887"><net_src comp="2883" pin="1"/><net_sink comp="2071" pin=1"/></net>

<net id="2891"><net_src comp="1945" pin="4"/><net_sink comp="2888" pin=0"/></net>

<net id="2892"><net_src comp="2888" pin="1"/><net_sink comp="2079" pin=1"/></net>

<net id="2896"><net_src comp="1955" pin="4"/><net_sink comp="2893" pin=0"/></net>

<net id="2897"><net_src comp="2893" pin="1"/><net_sink comp="2087" pin=1"/></net>

<net id="2901"><net_src comp="1965" pin="4"/><net_sink comp="2898" pin=0"/></net>

<net id="2902"><net_src comp="2898" pin="1"/><net_sink comp="2095" pin=1"/></net>

<net id="2906"><net_src comp="1975" pin="4"/><net_sink comp="2903" pin=0"/></net>

<net id="2907"><net_src comp="2903" pin="1"/><net_sink comp="2103" pin=1"/></net>

<net id="2911"><net_src comp="1985" pin="4"/><net_sink comp="2908" pin=0"/></net>

<net id="2912"><net_src comp="2908" pin="1"/><net_sink comp="2111" pin=1"/></net>

<net id="2916"><net_src comp="1995" pin="4"/><net_sink comp="2913" pin=0"/></net>

<net id="2917"><net_src comp="2913" pin="1"/><net_sink comp="2119" pin=1"/></net>

<net id="2921"><net_src comp="2005" pin="4"/><net_sink comp="2918" pin=0"/></net>

<net id="2922"><net_src comp="2918" pin="1"/><net_sink comp="2127" pin=1"/></net>

<net id="2926"><net_src comp="2015" pin="4"/><net_sink comp="2923" pin=0"/></net>

<net id="2927"><net_src comp="2923" pin="1"/><net_sink comp="2135" pin=1"/></net>

<net id="2931"><net_src comp="2025" pin="4"/><net_sink comp="2928" pin=0"/></net>

<net id="2932"><net_src comp="2928" pin="1"/><net_sink comp="2143" pin=1"/></net>

<net id="2936"><net_src comp="2035" pin="4"/><net_sink comp="2933" pin=0"/></net>

<net id="2937"><net_src comp="2933" pin="1"/><net_sink comp="2151" pin=1"/></net>

<net id="2941"><net_src comp="2045" pin="4"/><net_sink comp="2938" pin=0"/></net>

<net id="2942"><net_src comp="2938" pin="1"/><net_sink comp="2159" pin=1"/></net>

<net id="2946"><net_src comp="2284" pin="4"/><net_sink comp="2943" pin=0"/></net>

<net id="2947"><net_src comp="2943" pin="1"/><net_sink comp="2414" pin=1"/></net>

<net id="2951"><net_src comp="2294" pin="4"/><net_sink comp="2948" pin=0"/></net>

<net id="2952"><net_src comp="2948" pin="1"/><net_sink comp="2422" pin=1"/></net>

<net id="2956"><net_src comp="2304" pin="4"/><net_sink comp="2953" pin=0"/></net>

<net id="2957"><net_src comp="2953" pin="1"/><net_sink comp="2430" pin=1"/></net>

<net id="2961"><net_src comp="2314" pin="4"/><net_sink comp="2958" pin=0"/></net>

<net id="2962"><net_src comp="2958" pin="1"/><net_sink comp="2438" pin=1"/></net>

<net id="2966"><net_src comp="2324" pin="4"/><net_sink comp="2963" pin=0"/></net>

<net id="2967"><net_src comp="2963" pin="1"/><net_sink comp="2446" pin=1"/></net>

<net id="2971"><net_src comp="2334" pin="4"/><net_sink comp="2968" pin=0"/></net>

<net id="2972"><net_src comp="2968" pin="1"/><net_sink comp="2454" pin=1"/></net>

<net id="2976"><net_src comp="2344" pin="4"/><net_sink comp="2973" pin=0"/></net>

<net id="2977"><net_src comp="2973" pin="1"/><net_sink comp="2462" pin=1"/></net>

<net id="2981"><net_src comp="2354" pin="4"/><net_sink comp="2978" pin=0"/></net>

<net id="2982"><net_src comp="2978" pin="1"/><net_sink comp="2470" pin=1"/></net>

<net id="2986"><net_src comp="2364" pin="4"/><net_sink comp="2983" pin=0"/></net>

<net id="2987"><net_src comp="2983" pin="1"/><net_sink comp="2478" pin=1"/></net>

<net id="2991"><net_src comp="2374" pin="4"/><net_sink comp="2988" pin=0"/></net>

<net id="2992"><net_src comp="2988" pin="1"/><net_sink comp="2486" pin=1"/></net>

<net id="2996"><net_src comp="2384" pin="4"/><net_sink comp="2993" pin=0"/></net>

<net id="2997"><net_src comp="2993" pin="1"/><net_sink comp="2494" pin=1"/></net>

<net id="3001"><net_src comp="2394" pin="4"/><net_sink comp="2998" pin=0"/></net>

<net id="3002"><net_src comp="2998" pin="1"/><net_sink comp="2502" pin=1"/></net>

<net id="3006"><net_src comp="2404" pin="4"/><net_sink comp="3003" pin=0"/></net>

<net id="3007"><net_src comp="3003" pin="1"/><net_sink comp="2510" pin=1"/></net>

</net_list>

</model> 
---------------- Datapath Model END ------------------

* FSMD analyzer results:
  - Output states:
	Port: layer20_out_0 | {9 }
	Port: layer20_out_1 | {9 }
	Port: layer20_out_2 | {9 }
	Port: layer20_out_3 | {9 }
	Port: layer20_out_4 | {9 }
 - Input state : 
	Port: myproject : input_1 | {1 }
  - Chain level:
	State 1
		zext_ln30 : 1
		add_ln30 : 2
		zext_ln31 : 1
		add_ln31 : 2
		zext_ln32 : 1
		add_ln32 : 2
		zext_ln33 : 1
		add_ln33 : 2
		zext_ln34 : 1
		add_ln34 : 2
		zext_ln35 : 1
		add_ln35 : 2
		zext_ln36 : 1
		add_ln36 : 2
		zext_ln37 : 1
		add_ln37 : 2
		zext_ln38 : 1
		add_ln38 : 2
		zext_ln39 : 1
		add_ln39 : 2
		zext_ln40 : 1
		add_ln40 : 2
		zext_ln41 : 1
		add_ln41 : 2
		zext_ln42 : 1
		add_ln42 : 2
		zext_ln43 : 1
		add_ln43 : 2
		zext_ln44 : 1
		add_ln44 : 2
		zext_ln45 : 1
		add_ln45 : 2
	State 2
		call_ret1 : 1
	State 3
		layer3_out : 1
		layer3_out_1 : 1
		layer3_out_2 : 1
		layer3_out_3 : 1
		layer3_out_4 : 1
		layer3_out_5 : 1
		layer3_out_6 : 1
		layer3_out_7 : 1
		layer3_out_8 : 1
		layer3_out_9 : 1
		layer3_out_27 : 1
		layer3_out_10 : 1
		layer3_out_11 : 1
		layer3_out_12 : 1
		layer3_out_13 : 1
		layer3_out_14 : 1
		layer3_out_15 : 1
		layer3_out_16 : 1
		layer3_out_17 : 1
		layer3_out_18 : 1
		layer3_out_19 : 1
		layer3_out_20 : 1
		layer3_out_21 : 1
		layer3_out_22 : 1
		layer3_out_23 : 1
		layer3_out_24 : 1
		layer3_out_25 : 1
		layer3_out_26 : 1
		call_ret : 2
		layer6_out : 3
		layer6_out_1 : 3
		layer6_out_2 : 3
		layer6_out_3 : 3
		layer6_out_4 : 3
		layer6_out_5 : 3
		layer6_out_6 : 3
		layer6_out_7 : 3
		layer6_out_8 : 3
		layer6_out_9 : 3
		layer6_out_27 : 3
		layer6_out_10 : 3
		layer6_out_11 : 3
		layer6_out_12 : 3
		layer6_out_13 : 3
		layer6_out_14 : 3
		layer6_out_15 : 3
		layer6_out_16 : 3
		layer6_out_17 : 3
		layer6_out_18 : 3
		layer6_out_19 : 3
		layer6_out_20 : 3
		layer6_out_21 : 3
		layer6_out_22 : 3
		layer6_out_23 : 3
		layer6_out_24 : 3
		layer6_out_25 : 3
		layer6_out_26 : 3
		tmp : 4
		tmp_1 : 4
		tmp_2 : 4
		tmp_3 : 4
		tmp_4 : 4
		tmp_5 : 4
		tmp_6 : 4
		tmp_7 : 4
		tmp_8 : 4
		tmp_9 : 4
		tmp_s : 4
		tmp_10 : 4
		tmp_11 : 4
		tmp_12 : 4
		tmp_13 : 4
		tmp_14 : 4
		tmp_15 : 4
		tmp_16 : 4
		tmp_17 : 4
		tmp_18 : 4
		tmp_19 : 4
		tmp_20 : 4
		tmp_21 : 4
		tmp_22 : 4
		tmp_23 : 4
		tmp_24 : 4
		tmp_25 : 4
		tmp_26 : 4
	State 4
		call_ret2 : 1
	State 5
		layer8_out : 1
		layer8_out_1 : 1
		layer8_out_2 : 1
		layer8_out_3 : 1
		layer8_out_4 : 1
		layer8_out_5 : 1
		layer8_out_6 : 1
		layer8_out_7 : 1
		layer8_out_8 : 1
		layer8_out_9 : 1
		layer8_out_13 : 1
		layer8_out_10 : 1
		layer8_out_11 : 1
		layer8_out_12 : 1
		call_ret3 : 2
		layer11_out : 3
		layer11_out_1 : 3
		layer11_out_2 : 3
		layer11_out_3 : 3
		layer11_out_4 : 3
		layer11_out_5 : 3
		layer11_out_6 : 3
		layer11_out_7 : 3
		layer11_out_8 : 3
		layer11_out_9 : 3
		layer11_out_13 : 3
		layer11_out_10 : 3
		layer11_out_11 : 3
		layer11_out_12 : 3
		tmp_27 : 4
		tmp_28 : 4
		tmp_29 : 4
		tmp_30 : 4
		tmp_31 : 4
		tmp_32 : 4
		tmp_33 : 4
		tmp_34 : 4
		tmp_35 : 4
		tmp_36 : 4
		tmp_37 : 4
		tmp_38 : 4
		tmp_39 : 4
		tmp_40 : 4
	State 6
		call_ret4 : 1
	State 7
		layer13_out : 1
		layer13_out_1 : 1
		layer13_out_2 : 1
		layer13_out_3 : 1
		layer13_out_4 : 1
		layer13_out_5 : 1
		layer13_out_6 : 1
		layer13_out_7 : 1
		layer13_out_8 : 1
		layer13_out_9 : 1
		layer13_out_12 : 1
		layer13_out_10 : 1
		layer13_out_11 : 1
		call_ret5 : 2
		layer16_out : 3
		layer16_out_1 : 3
		layer16_out_2 : 3
		layer16_out_3 : 3
		layer16_out_4 : 3
		layer16_out_5 : 3
		layer16_out_6 : 3
		layer16_out_7 : 3
		layer16_out_8 : 3
		layer16_out_9 : 3
		layer16_out_12 : 3
		layer16_out_10 : 3
		layer16_out_11 : 3
		tmp_41 : 4
		tmp_42 : 4
		tmp_43 : 4
		tmp_44 : 4
		tmp_45 : 4
		tmp_46 : 4
		tmp_47 : 4
		tmp_48 : 4
		tmp_49 : 4
		tmp_50 : 4
		tmp_51 : 4
		tmp_52 : 4
		tmp_53 : 4
	State 8
		call_ret6 : 1
	State 9
		layer18_out : 1
		layer18_out_1 : 1
		layer18_out_2 : 1
		layer18_out_3 : 1
		layer18_out_4 : 1
		tmp_54 : 2
		shl_ln : 3
		sext_ln198 : 4
		write_ln198 : 5
		tmp_55 : 2
		shl_ln1 : 3
		sext_ln199 : 4
		write_ln199 : 5
		tmp_56 : 2
		shl_ln2 : 3
		sext_ln200 : 4
		write_ln200 : 5
		tmp_57 : 2
		shl_ln3 : 3
		sext_ln201 : 4
		write_ln201 : 5
		tmp_58 : 2
		shl_ln4 : 3
		sext_ln202 : 4
		write_ln202 : 5


============================================================
+ Verbose Summary: Datapath Resource usage 
============================================================

* Functional unit list:
|----------|-------------------------------------------------------------------------------|---------|---------|---------|
| Operation|                                Functional Unit                                |   DSP   |    FF   |   LUT   |
|----------|-------------------------------------------------------------------------------|---------|---------|---------|
|          |   grp_dense_latency_ap_fixed_16_6_5_3_0_ap_fixed_16_6_5_3_0_config3_s_fu_303  |    3    |   542   |   8511  |
|          |  call_ret_relu_ap_fixed_16_6_5_3_0_ap_fixed_16_6_5_3_0_ReLU_config6_s_fu_323  |    0    |    0    |   1064  |
|          |   grp_dense_latency_ap_fixed_16_6_5_3_0_ap_fixed_16_6_5_3_0_config8_s_fu_355  |    0    |   352   |   7193  |
|   call   | call_ret3_relu_ap_fixed_16_6_5_3_0_ap_fixed_16_6_5_3_0_ReLU_config11_s_fu_387 |    0    |    0    |   532   |
|          |  grp_dense_latency_ap_fixed_16_6_5_3_0_ap_fixed_16_6_5_3_0_config13_s_fu_405  |    1    |   272   |   4625  |
|          | call_ret5_relu_ap_fixed_16_6_5_3_0_ap_fixed_16_6_5_3_0_ReLU_config16_s_fu_423 |    0    |    0    |   494   |
|          |  grp_dense_latency_ap_fixed_16_6_5_3_0_ap_fixed_16_6_5_3_0_config18_s_fu_440  |    4    |   200   |   2073  |
|----------|-------------------------------------------------------------------------------|---------|---------|---------|
|          |                                add_ln30_fu_479                                |    0    |    0    |    15   |
|          |                                add_ln31_fu_507                                |    0    |    0    |    15   |
|          |                                add_ln32_fu_535                                |    0    |    0    |    17   |
|          |                                add_ln33_fu_563                                |    0    |    0    |    17   |
|          |                                add_ln34_fu_591                                |    0    |    0    |    17   |
|          |                                add_ln35_fu_619                                |    0    |    0    |    16   |
|          |                                add_ln36_fu_647                                |    0    |    0    |    12   |
|    add   |                                add_ln37_fu_675                                |    0    |    0    |    14   |
|          |                                add_ln38_fu_703                                |    0    |    0    |    12   |
|          |                                add_ln39_fu_731                                |    0    |    0    |    14   |
|          |                                add_ln40_fu_759                                |    0    |    0    |    13   |
|          |                                add_ln41_fu_787                                |    0    |    0    |    14   |
|          |                                add_ln42_fu_815                                |    0    |    0    |    14   |
|          |                                add_ln43_fu_843                                |    0    |    0    |    12   |
|          |                                add_ln44_fu_871                                |    0    |    0    |    19   |
|          |                                add_ln45_fu_899                                |    0    |    0    |    15   |
|----------|-------------------------------------------------------------------------------|---------|---------|---------|
|   read   |                            input_1_read_read_fu_262                           |    0    |    0    |    0    |
|----------|-------------------------------------------------------------------------------|---------|---------|---------|
|          |                            write_ln198_write_fu_268                           |    0    |    0    |    0    |
|          |                            write_ln199_write_fu_275                           |    0    |    0    |    0    |
|   write  |                            write_ln200_write_fu_282                           |    0    |    0    |    0    |
|          |                            write_ln201_write_fu_289                           |    0    |    0    |    0    |
|          |                            write_ln202_write_fu_296                           |    0    |    0    |    0    |
|----------|-------------------------------------------------------------------------------|---------|---------|---------|
|          |                              trunc_ln30_1_fu_457                              |    0    |    0    |    0    |
|          |                                trunc_ln_fu_485                                |    0    |    0    |    0    |
|          |                                trunc_ln1_fu_513                               |    0    |    0    |    0    |
|          |                                trunc_ln2_fu_541                               |    0    |    0    |    0    |
|          |                                trunc_ln3_fu_569                               |    0    |    0    |    0    |
|          |                                trunc_ln4_fu_597                               |    0    |    0    |    0    |
|          |                                trunc_ln5_fu_625                               |    0    |    0    |    0    |
|          |                                trunc_ln6_fu_653                               |    0    |    0    |    0    |
|          |                                trunc_ln7_fu_681                               |    0    |    0    |    0    |
|          |                                trunc_ln8_fu_709                               |    0    |    0    |    0    |
|          |                                trunc_ln9_fu_737                               |    0    |    0    |    0    |
|          |                               trunc_ln10_fu_765                               |    0    |    0    |    0    |
|          |                               trunc_ln11_fu_793                               |    0    |    0    |    0    |
|          |                               trunc_ln12_fu_821                               |    0    |    0    |    0    |
|          |                               trunc_ln13_fu_849                               |    0    |    0    |    0    |
|          |                               trunc_ln14_fu_877                               |    0    |    0    |    0    |
|          |                                  tmp_fu_1285                                  |    0    |    0    |    0    |
|          |                                 tmp_1_fu_1295                                 |    0    |    0    |    0    |
|          |                                 tmp_2_fu_1305                                 |    0    |    0    |    0    |
|          |                                 tmp_3_fu_1315                                 |    0    |    0    |    0    |
|          |                                 tmp_4_fu_1325                                 |    0    |    0    |    0    |
|          |                                 tmp_5_fu_1335                                 |    0    |    0    |    0    |
|          |                                 tmp_6_fu_1345                                 |    0    |    0    |    0    |
|          |                                 tmp_7_fu_1355                                 |    0    |    0    |    0    |
|          |                                 tmp_8_fu_1365                                 |    0    |    0    |    0    |
|          |                                 tmp_9_fu_1375                                 |    0    |    0    |    0    |
|          |                                 tmp_s_fu_1385                                 |    0    |    0    |    0    |
|          |                                 tmp_10_fu_1395                                |    0    |    0    |    0    |
|          |                                 tmp_11_fu_1405                                |    0    |    0    |    0    |
|          |                                 tmp_12_fu_1415                                |    0    |    0    |    0    |
|          |                                 tmp_13_fu_1425                                |    0    |    0    |    0    |
|          |                                 tmp_14_fu_1435                                |    0    |    0    |    0    |
|          |                                 tmp_15_fu_1445                                |    0    |    0    |    0    |
|          |                                 tmp_16_fu_1455                                |    0    |    0    |    0    |
|          |                                 tmp_17_fu_1465                                |    0    |    0    |    0    |
|          |                                 tmp_18_fu_1475                                |    0    |    0    |    0    |
|          |                                 tmp_19_fu_1485                                |    0    |    0    |    0    |
|partselect|                                 tmp_20_fu_1495                                |    0    |    0    |    0    |
|          |                                 tmp_21_fu_1505                                |    0    |    0    |    0    |
|          |                                 tmp_22_fu_1515                                |    0    |    0    |    0    |
|          |                                 tmp_23_fu_1525                                |    0    |    0    |    0    |
|          |                                 tmp_24_fu_1535                                |    0    |    0    |    0    |
|          |                                 tmp_25_fu_1545                                |    0    |    0    |    0    |
|          |                                 tmp_26_fu_1555                                |    0    |    0    |    0    |
|          |                                 tmp_27_fu_1915                                |    0    |    0    |    0    |
|          |                                 tmp_28_fu_1925                                |    0    |    0    |    0    |
|          |                                 tmp_29_fu_1935                                |    0    |    0    |    0    |
|          |                                 tmp_30_fu_1945                                |    0    |    0    |    0    |
|          |                                 tmp_31_fu_1955                                |    0    |    0    |    0    |
|          |                                 tmp_32_fu_1965                                |    0    |    0    |    0    |
|          |                                 tmp_33_fu_1975                                |    0    |    0    |    0    |
|          |                                 tmp_34_fu_1985                                |    0    |    0    |    0    |
|          |                                 tmp_35_fu_1995                                |    0    |    0    |    0    |
|          |                                 tmp_36_fu_2005                                |    0    |    0    |    0    |
|          |                                 tmp_37_fu_2015                                |    0    |    0    |    0    |
|          |                                 tmp_38_fu_2025                                |    0    |    0    |    0    |
|          |                                 tmp_39_fu_2035                                |    0    |    0    |    0    |
|          |                                 tmp_40_fu_2045                                |    0    |    0    |    0    |
|          |                                 tmp_41_fu_2284                                |    0    |    0    |    0    |
|          |                                 tmp_42_fu_2294                                |    0    |    0    |    0    |
|          |                                 tmp_43_fu_2304                                |    0    |    0    |    0    |
|          |                                 tmp_44_fu_2314                                |    0    |    0    |    0    |
|          |                                 tmp_45_fu_2324                                |    0    |    0    |    0    |
|          |                                 tmp_46_fu_2334                                |    0    |    0    |    0    |
|          |                                 tmp_47_fu_2344                                |    0    |    0    |    0    |
|          |                                 tmp_48_fu_2354                                |    0    |    0    |    0    |
|          |                                 tmp_49_fu_2364                                |    0    |    0    |    0    |
|          |                                 tmp_50_fu_2374                                |    0    |    0    |    0    |
|          |                                 tmp_51_fu_2384                                |    0    |    0    |    0    |
|          |                                 tmp_52_fu_2394                                |    0    |    0    |    0    |
|          |                                 tmp_53_fu_2404                                |    0    |    0    |    0    |
|          |                                 tmp_54_fu_2538                                |    0    |    0    |    0    |
|          |                                 tmp_55_fu_2561                                |    0    |    0    |    0    |
|          |                                 tmp_56_fu_2584                                |    0    |    0    |    0    |
|          |                                 tmp_57_fu_2607                                |    0    |    0    |    0    |
|          |                                 tmp_58_fu_2630                                |    0    |    0    |    0    |
|----------|-------------------------------------------------------------------------------|---------|---------|---------|
|          |                                 tmp_60_fu_467                                 |    0    |    0    |    0    |
|          |                                 tmp_61_fu_495                                 |    0    |    0    |    0    |
|          |                                 tmp_62_fu_523                                 |    0    |    0    |    0    |
|          |                                 tmp_63_fu_551                                 |    0    |    0    |    0    |
|          |                                 tmp_64_fu_579                                 |    0    |    0    |    0    |
|          |                                 tmp_65_fu_607                                 |    0    |    0    |    0    |
|          |                                 tmp_66_fu_635                                 |    0    |    0    |    0    |
| bitselect|                                 tmp_67_fu_663                                 |    0    |    0    |    0    |
|          |                                 tmp_68_fu_691                                 |    0    |    0    |    0    |
|          |                                 tmp_69_fu_719                                 |    0    |    0    |    0    |
|          |                                 tmp_70_fu_747                                 |    0    |    0    |    0    |
|          |                                 tmp_71_fu_775                                 |    0    |    0    |    0    |
|          |                                 tmp_72_fu_803                                 |    0    |    0    |    0    |
|          |                                 tmp_73_fu_831                                 |    0    |    0    |    0    |
|          |                                 tmp_74_fu_859                                 |    0    |    0    |    0    |
|          |                                 tmp_75_fu_887                                 |    0    |    0    |    0    |
|----------|-------------------------------------------------------------------------------|---------|---------|---------|
|          |                                zext_ln30_fu_475                               |    0    |    0    |    0    |
|          |                                zext_ln31_fu_503                               |    0    |    0    |    0    |
|          |                                zext_ln32_fu_531                               |    0    |    0    |    0    |
|          |                                zext_ln33_fu_559                               |    0    |    0    |    0    |
|          |                                zext_ln34_fu_587                               |    0    |    0    |    0    |
|          |                                zext_ln35_fu_615                               |    0    |    0    |    0    |
|          |                                zext_ln36_fu_643                               |    0    |    0    |    0    |
|   zext   |                                zext_ln37_fu_671                               |    0    |    0    |    0    |
|          |                                zext_ln38_fu_699                               |    0    |    0    |    0    |
|          |                                zext_ln39_fu_727                               |    0    |    0    |    0    |
|          |                                zext_ln40_fu_755                               |    0    |    0    |    0    |
|          |                                zext_ln41_fu_783                               |    0    |    0    |    0    |
|          |                                zext_ln42_fu_811                               |    0    |    0    |    0    |
|          |                                zext_ln43_fu_839                               |    0    |    0    |    0    |
|          |                                zext_ln44_fu_867                               |    0    |    0    |    0    |
|          |                                zext_ln45_fu_895                               |    0    |    0    |    0    |
|----------|-------------------------------------------------------------------------------|---------|---------|---------|
|          |                               layer2_out_fu_905                               |    0    |    0    |    0    |
|          |                              layer2_out_1_fu_913                              |    0    |    0    |    0    |
|          |                              layer2_out_2_fu_921                              |    0    |    0    |    0    |
|          |                              layer2_out_3_fu_929                              |    0    |    0    |    0    |
|          |                              layer2_out_4_fu_937                              |    0    |    0    |    0    |
|          |                              layer2_out_5_fu_945                              |    0    |    0    |    0    |
|          |                              layer2_out_6_fu_953                              |    0    |    0    |    0    |
|          |                              layer2_out_7_fu_961                              |    0    |    0    |    0    |
|          |                              layer2_out_8_fu_969                              |    0    |    0    |    0    |
|          |                              layer2_out_9_fu_977                              |    0    |    0    |    0    |
|          |                              layer2_out_10_fu_985                             |    0    |    0    |    0    |
|          |                              layer2_out_11_fu_993                             |    0    |    0    |    0    |
|          |                             layer2_out_12_fu_1001                             |    0    |    0    |    0    |
|          |                             layer2_out_13_fu_1009                             |    0    |    0    |    0    |
|          |                             layer2_out_14_fu_1017                             |    0    |    0    |    0    |
|          |                             layer2_out_15_fu_1025                             |    0    |    0    |    0    |
|          |                               layer7_out_fu_1565                              |    0    |    0    |    0    |
|          |                              layer7_out_1_fu_1573                             |    0    |    0    |    0    |
|          |                              layer7_out_2_fu_1581                             |    0    |    0    |    0    |
|          |                              layer7_out_3_fu_1589                             |    0    |    0    |    0    |
|          |                              layer7_out_4_fu_1597                             |    0    |    0    |    0    |
|          |                              layer7_out_5_fu_1605                             |    0    |    0    |    0    |
|          |                              layer7_out_6_fu_1613                             |    0    |    0    |    0    |
|          |                              layer7_out_7_fu_1621                             |    0    |    0    |    0    |
|          |                              layer7_out_8_fu_1629                             |    0    |    0    |    0    |
|          |                              layer7_out_9_fu_1637                             |    0    |    0    |    0    |
|          |                             layer7_out_10_fu_1645                             |    0    |    0    |    0    |
|          |                             layer7_out_11_fu_1653                             |    0    |    0    |    0    |
|          |                             layer7_out_12_fu_1661                             |    0    |    0    |    0    |
|          |                             layer7_out_13_fu_1669                             |    0    |    0    |    0    |
|          |                             layer7_out_14_fu_1677                             |    0    |    0    |    0    |
|          |                             layer7_out_15_fu_1685                             |    0    |    0    |    0    |
|          |                             layer7_out_16_fu_1693                             |    0    |    0    |    0    |
|          |                             layer7_out_17_fu_1701                             |    0    |    0    |    0    |
|          |                             layer7_out_18_fu_1709                             |    0    |    0    |    0    |
|          |                             layer7_out_19_fu_1717                             |    0    |    0    |    0    |
|          |                             layer7_out_20_fu_1725                             |    0    |    0    |    0    |
|bitconcatenate|                             layer7_out_21_fu_1733                             |    0    |    0    |    0    |
|          |                             layer7_out_22_fu_1741                             |    0    |    0    |    0    |
|          |                             layer7_out_23_fu_1749                             |    0    |    0    |    0    |
|          |                             layer7_out_24_fu_1757                             |    0    |    0    |    0    |
|          |                             layer7_out_25_fu_1765                             |    0    |    0    |    0    |
|          |                             layer7_out_26_fu_1773                             |    0    |    0    |    0    |
|          |                             layer7_out_27_fu_1781                             |    0    |    0    |    0    |
|          |                              layer12_out_fu_2055                              |    0    |    0    |    0    |
|          |                             layer12_out_1_fu_2063                             |    0    |    0    |    0    |
|          |                             layer12_out_2_fu_2071                             |    0    |    0    |    0    |
|          |                             layer12_out_3_fu_2079                             |    0    |    0    |    0    |
|          |                             layer12_out_4_fu_2087                             |    0    |    0    |    0    |
|          |                             layer12_out_5_fu_2095                             |    0    |    0    |    0    |
|          |                             layer12_out_6_fu_2103                             |    0    |    0    |    0    |
|          |                             layer12_out_7_fu_2111                             |    0    |    0    |    0    |
|          |                             layer12_out_8_fu_2119                             |    0    |    0    |    0    |
|          |                             layer12_out_9_fu_2127                             |    0    |    0    |    0    |
|          |                             layer12_out_10_fu_2135                            |    0    |    0    |    0    |
|          |                             layer12_out_11_fu_2143                            |    0    |    0    |    0    |
|          |                             layer12_out_12_fu_2151                            |    0    |    0    |    0    |
|          |                             layer12_out_13_fu_2159                            |    0    |    0    |    0    |
|          |                              layer17_out_fu_2414                              |    0    |    0    |    0    |
|          |                             layer17_out_1_fu_2422                             |    0    |    0    |    0    |
|          |                             layer17_out_2_fu_2430                             |    0    |    0    |    0    |
|          |                             layer17_out_3_fu_2438                             |    0    |    0    |    0    |
|          |                             layer17_out_4_fu_2446                             |    0    |    0    |    0    |
|          |                             layer17_out_5_fu_2454                             |    0    |    0    |    0    |
|          |                             layer17_out_6_fu_2462                             |    0    |    0    |    0    |
|          |                             layer17_out_7_fu_2470                             |    0    |    0    |    0    |
|          |                             layer17_out_8_fu_2478                             |    0    |    0    |    0    |
|          |                             layer17_out_9_fu_2486                             |    0    |    0    |    0    |
|          |                             layer17_out_10_fu_2494                            |    0    |    0    |    0    |
|          |                             layer17_out_11_fu_2502                            |    0    |    0    |    0    |
|          |                             layer17_out_12_fu_2510                            |    0    |    0    |    0    |
|          |                                 shl_ln_fu_2548                                |    0    |    0    |    0    |
|          |                                shl_ln1_fu_2571                                |    0    |    0    |    0    |
|          |                                shl_ln2_fu_2594                                |    0    |    0    |    0    |
|          |                                shl_ln3_fu_2617                                |    0    |    0    |    0    |
|          |                                shl_ln4_fu_2640                                |    0    |    0    |    0    |
|----------|-------------------------------------------------------------------------------|---------|---------|---------|
|          |                               layer3_out_fu_1033                              |    0    |    0    |    0    |
|          |                              layer3_out_1_fu_1038                             |    0    |    0    |    0    |
|          |                              layer3_out_2_fu_1043                             |    0    |    0    |    0    |
|          |                              layer3_out_3_fu_1048                             |    0    |    0    |    0    |
|          |                              layer3_out_4_fu_1053                             |    0    |    0    |    0    |
|          |                              layer3_out_5_fu_1058                             |    0    |    0    |    0    |
|          |                              layer3_out_6_fu_1063                             |    0    |    0    |    0    |
|          |                              layer3_out_7_fu_1068                             |    0    |    0    |    0    |
|          |                              layer3_out_8_fu_1073                             |    0    |    0    |    0    |
|          |                              layer3_out_9_fu_1078                             |    0    |    0    |    0    |
|          |                             layer3_out_27_fu_1083                             |    0    |    0    |    0    |
|          |                             layer3_out_10_fu_1088                             |    0    |    0    |    0    |
|          |                             layer3_out_11_fu_1093                             |    0    |    0    |    0    |
|          |                             layer3_out_12_fu_1098                             |    0    |    0    |    0    |
|          |                             layer3_out_13_fu_1103                             |    0    |    0    |    0    |
|          |                             layer3_out_14_fu_1108                             |    0    |    0    |    0    |
|          |                             layer3_out_15_fu_1113                             |    0    |    0    |    0    |
|          |                             layer3_out_16_fu_1118                             |    0    |    0    |    0    |
|          |                             layer3_out_17_fu_1123                             |    0    |    0    |    0    |
|          |                             layer3_out_18_fu_1128                             |    0    |    0    |    0    |
|          |                             layer3_out_19_fu_1133                             |    0    |    0    |    0    |
|          |                             layer3_out_20_fu_1138                             |    0    |    0    |    0    |
|          |                             layer3_out_21_fu_1143                             |    0    |    0    |    0    |
|          |                             layer3_out_22_fu_1148                             |    0    |    0    |    0    |
|          |                             layer3_out_23_fu_1153                             |    0    |    0    |    0    |
|          |                             layer3_out_24_fu_1158                             |    0    |    0    |    0    |
|          |                             layer3_out_25_fu_1163                             |    0    |    0    |    0    |
|          |                             layer3_out_26_fu_1168                             |    0    |    0    |    0    |
|          |                               layer6_out_fu_1173                              |    0    |    0    |    0    |
|          |                              layer6_out_1_fu_1177                             |    0    |    0    |    0    |
|          |                              layer6_out_2_fu_1181                             |    0    |    0    |    0    |
|          |                              layer6_out_3_fu_1185                             |    0    |    0    |    0    |
|          |                              layer6_out_4_fu_1189                             |    0    |    0    |    0    |
|          |                              layer6_out_5_fu_1193                             |    0    |    0    |    0    |
|          |                              layer6_out_6_fu_1197                             |    0    |    0    |    0    |
|          |                              layer6_out_7_fu_1201                             |    0    |    0    |    0    |
|          |                              layer6_out_8_fu_1205                             |    0    |    0    |    0    |
|          |                              layer6_out_9_fu_1209                             |    0    |    0    |    0    |
|          |                             layer6_out_27_fu_1213                             |    0    |    0    |    0    |
|          |                             layer6_out_10_fu_1217                             |    0    |    0    |    0    |
|          |                             layer6_out_11_fu_1221                             |    0    |    0    |    0    |
|          |                             layer6_out_12_fu_1225                             |    0    |    0    |    0    |
|          |                             layer6_out_13_fu_1229                             |    0    |    0    |    0    |
|          |                             layer6_out_14_fu_1233                             |    0    |    0    |    0    |
|          |                             layer6_out_15_fu_1237                             |    0    |    0    |    0    |
|          |                             layer6_out_16_fu_1241                             |    0    |    0    |    0    |
|          |                             layer6_out_17_fu_1245                             |    0    |    0    |    0    |
|          |                             layer6_out_18_fu_1249                             |    0    |    0    |    0    |
|          |                             layer6_out_19_fu_1253                             |    0    |    0    |    0    |
|          |                             layer6_out_20_fu_1257                             |    0    |    0    |    0    |
|          |                             layer6_out_21_fu_1261                             |    0    |    0    |    0    |
|          |                             layer6_out_22_fu_1265                             |    0    |    0    |    0    |
|          |                             layer6_out_23_fu_1269                             |    0    |    0    |    0    |
|          |                             layer6_out_24_fu_1273                             |    0    |    0    |    0    |
|          |                             layer6_out_25_fu_1277                             |    0    |    0    |    0    |
|          |                             layer6_out_26_fu_1281                             |    0    |    0    |    0    |
|          |                               layer8_out_fu_1789                              |    0    |    0    |    0    |
|extractvalue|                              layer8_out_1_fu_1794                             |    0    |    0    |    0    |
|          |                              layer8_out_2_fu_1799                             |    0    |    0    |    0    |
|          |                              layer8_out_3_fu_1804                             |    0    |    0    |    0    |
|          |                              layer8_out_4_fu_1809                             |    0    |    0    |    0    |
|          |                              layer8_out_5_fu_1814                             |    0    |    0    |    0    |
|          |                              layer8_out_6_fu_1819                             |    0    |    0    |    0    |
|          |                              layer8_out_7_fu_1824                             |    0    |    0    |    0    |
|          |                              layer8_out_8_fu_1829                             |    0    |    0    |    0    |
|          |                              layer8_out_9_fu_1834                             |    0    |    0    |    0    |
|          |                             layer8_out_13_fu_1839                             |    0    |    0    |    0    |
|          |                             layer8_out_10_fu_1844                             |    0    |    0    |    0    |
|          |                             layer8_out_11_fu_1849                             |    0    |    0    |    0    |
|          |                             layer8_out_12_fu_1854                             |    0    |    0    |    0    |
|          |                              layer11_out_fu_1859                              |    0    |    0    |    0    |
|          |                             layer11_out_1_fu_1863                             |    0    |    0    |    0    |
|          |                             layer11_out_2_fu_1867                             |    0    |    0    |    0    |
|          |                             layer11_out_3_fu_1871                             |    0    |    0    |    0    |
|          |                             layer11_out_4_fu_1875                             |    0    |    0    |    0    |
|          |                             layer11_out_5_fu_1879                             |    0    |    0    |    0    |
|          |                             layer11_out_6_fu_1883                             |    0    |    0    |    0    |
|          |                             layer11_out_7_fu_1887                             |    0    |    0    |    0    |
|          |                             layer11_out_8_fu_1891                             |    0    |    0    |    0    |
|          |                             layer11_out_9_fu_1895                             |    0    |    0    |    0    |
|          |                             layer11_out_13_fu_1899                            |    0    |    0    |    0    |
|          |                             layer11_out_10_fu_1903                            |    0    |    0    |    0    |
|          |                             layer11_out_11_fu_1907                            |    0    |    0    |    0    |
|          |                             layer11_out_12_fu_1911                            |    0    |    0    |    0    |
|          |                              layer13_out_fu_2167                              |    0    |    0    |    0    |
|          |                             layer13_out_1_fu_2172                             |    0    |    0    |    0    |
|          |                             layer13_out_2_fu_2177                             |    0    |    0    |    0    |
|          |                             layer13_out_3_fu_2182                             |    0    |    0    |    0    |
|          |                             layer13_out_4_fu_2187                             |    0    |    0    |    0    |
|          |                             layer13_out_5_fu_2192                             |    0    |    0    |    0    |
|          |                             layer13_out_6_fu_2197                             |    0    |    0    |    0    |
|          |                             layer13_out_7_fu_2202                             |    0    |    0    |    0    |
|          |                             layer13_out_8_fu_2207                             |    0    |    0    |    0    |
|          |                             layer13_out_9_fu_2212                             |    0    |    0    |    0    |
|          |                             layer13_out_12_fu_2217                            |    0    |    0    |    0    |
|          |                             layer13_out_10_fu_2222                            |    0    |    0    |    0    |
|          |                             layer13_out_11_fu_2227                            |    0    |    0    |    0    |
|          |                              layer16_out_fu_2232                              |    0    |    0    |    0    |
|          |                             layer16_out_1_fu_2236                             |    0    |    0    |    0    |
|          |                             layer16_out_2_fu_2240                             |    0    |    0    |    0    |
|          |                             layer16_out_3_fu_2244                             |    0    |    0    |    0    |
|          |                             layer16_out_4_fu_2248                             |    0    |    0    |    0    |
|          |                             layer16_out_5_fu_2252                             |    0    |    0    |    0    |
|          |                             layer16_out_6_fu_2256                             |    0    |    0    |    0    |
|          |                             layer16_out_7_fu_2260                             |    0    |    0    |    0    |
|          |                             layer16_out_8_fu_2264                             |    0    |    0    |    0    |
|          |                             layer16_out_9_fu_2268                             |    0    |    0    |    0    |
|          |                             layer16_out_12_fu_2272                            |    0    |    0    |    0    |
|          |                             layer16_out_10_fu_2276                            |    0    |    0    |    0    |
|          |                             layer16_out_11_fu_2280                            |    0    |    0    |    0    |
|          |                              layer18_out_fu_2518                              |    0    |    0    |    0    |
|          |                             layer18_out_1_fu_2522                             |    0    |    0    |    0    |
|          |                             layer18_out_2_fu_2526                             |    0    |    0    |    0    |
|          |                             layer18_out_3_fu_2530                             |    0    |    0    |    0    |
|          |                             layer18_out_4_fu_2534                             |    0    |    0    |    0    |
|----------|-------------------------------------------------------------------------------|---------|---------|---------|
|          |                               sext_ln198_fu_2556                              |    0    |    0    |    0    |
|          |                               sext_ln199_fu_2579                              |    0    |    0    |    0    |
|   sext   |                               sext_ln200_fu_2602                              |    0    |    0    |    0    |
|          |                               sext_ln201_fu_2625                              |    0    |    0    |    0    |
|          |                               sext_ln202_fu_2648                              |    0    |    0    |    0    |
|----------|-------------------------------------------------------------------------------|---------|---------|---------|
|   Total  |                                                                               |    8    |   1366  |  24728  |
|----------|-------------------------------------------------------------------------------|---------|---------|---------|

Memories:
N/A

* Register list:
+-----------------+--------+
|                 |   FF   |
+-----------------+--------+
|add_ln30_reg_2653|    8   |
|add_ln31_reg_2658|    8   |
|add_ln32_reg_2663|   10   |
|add_ln33_reg_2668|   10   |
|add_ln34_reg_2673|   10   |
|add_ln35_reg_2678|    9   |
|add_ln36_reg_2683|    5   |
|add_ln37_reg_2688|    7   |
|add_ln38_reg_2693|    5   |
|add_ln39_reg_2698|    7   |
|add_ln40_reg_2703|    6   |
|add_ln41_reg_2708|    7   |
|add_ln42_reg_2713|    7   |
|add_ln43_reg_2718|    5   |
|add_ln44_reg_2723|   12   |
|add_ln45_reg_2728|    8   |
| tmp_10_reg_2788 |    6   |
| tmp_11_reg_2793 |    7   |
| tmp_12_reg_2798 |    6   |
| tmp_13_reg_2803 |    6   |
| tmp_14_reg_2808 |    5   |
| tmp_15_reg_2813 |    6   |
| tmp_16_reg_2818 |    6   |
| tmp_17_reg_2823 |    6   |
| tmp_18_reg_2828 |    9   |
| tmp_19_reg_2833 |    5   |
|  tmp_1_reg_2738 |    8   |
| tmp_20_reg_2838 |    7   |
| tmp_21_reg_2843 |    5   |
| tmp_22_reg_2848 |    4   |
| tmp_23_reg_2853 |    5   |
| tmp_24_reg_2858 |    6   |
| tmp_25_reg_2863 |    5   |
| tmp_26_reg_2868 |    4   |
| tmp_27_reg_2873 |    6   |
| tmp_28_reg_2878 |    4   |
| tmp_29_reg_2883 |    6   |
|  tmp_2_reg_2743 |   10   |
| tmp_30_reg_2888 |    7   |
| tmp_31_reg_2893 |    6   |
| tmp_32_reg_2898 |    6   |
| tmp_33_reg_2903 |    6   |
| tmp_34_reg_2908 |    8   |
| tmp_35_reg_2913 |    8   |
| tmp_36_reg_2918 |    5   |
| tmp_37_reg_2923 |    7   |
| tmp_38_reg_2928 |    7   |
| tmp_39_reg_2933 |    5   |
|  tmp_3_reg_2748 |    5   |
| tmp_40_reg_2938 |    7   |
| tmp_41_reg_2943 |    4   |
| tmp_42_reg_2948 |    5   |
| tmp_43_reg_2953 |    7   |
| tmp_44_reg_2958 |    6   |
| tmp_45_reg_2963 |    6   |
| tmp_46_reg_2968 |    4   |
| tmp_47_reg_2973 |    5   |
| tmp_48_reg_2978 |    7   |
| tmp_49_reg_2983 |    4   |
|  tmp_4_reg_2753 |    4   |
| tmp_50_reg_2988 |    5   |
| tmp_51_reg_2993 |    6   |
| tmp_52_reg_2998 |    6   |
| tmp_53_reg_3003 |    7   |
|  tmp_5_reg_2758 |   11   |
|  tmp_6_reg_2763 |    8   |
|  tmp_7_reg_2768 |    7   |
|  tmp_8_reg_2773 |    6   |
|  tmp_9_reg_2778 |    7   |
|   tmp_reg_2733  |    4   |
|  tmp_s_reg_2783 |    8   |
+-----------------+--------+
|      Total      |   460  |
+-----------------+--------+

* Multiplexer (MUX) list: 
|--------|------|------|------|--------|
|  Comp  |  Pin | Size |  BW  | S x BW |
|--------|------|------|------|--------|
|  Total |      |      |      |    0   |
|--------|------|------|------|--------|



* Summary:
+-----------+--------+--------+--------+
|           |   DSP  |   FF   |   LUT  |
+-----------+--------+--------+--------+
|  Function |    8   |  1366  |  24728 |
|   Memory  |    -   |    -   |    -   |
|Multiplexer|    -   |    -   |    -   |
|  Register |    -   |   460  |    -   |
+-----------+--------+--------+--------+
|   Total   |    8   |  1826  |  24728 |
+-----------+--------+--------+--------+
