

================================================================
== Synthesis Summary Report of 'myproject'
================================================================
+ General Information: 
    * Date:           Fri Oct 17 12:08:08 2025
    * Version:        2023.2 (Build 4023990 on Oct 11 2023)
    * Project:        myproject_prj
    * Solution:       solution1 (Vivado IP Flow Target)
    * Product family: virtexuplus
    * Target device:  xcu250-figd2104-2L-e
    

+ Performance & Resource Estimates: 
    
    PS: '+' for module; 'o' for loop; '*' for dataflow
    +---------------------------------------------------------------------+------+------+---------+--------+----------+---------+------+----------+------+---------+------------+------------+-----+
    |                               Modules                               | Issue|      | Latency | Latency| Iteration|         | Trip |          |      |         |            |            |     |
    |                               & Loops                               | Type | Slack| (cycles)|  (ns)  |  Latency | Interval| Count| Pipelined| BRAM |   DSP   |     FF     |     LUT    | URAM|
    +---------------------------------------------------------------------+------+------+---------+--------+----------+---------+------+----------+------+---------+------------+------------+-----+
    |+ myproject                                                          |    II|  0.03|        8|  40.000|         -|        1|     -|       yes|     -|  8 (~0%)|  3055 (~0%)|  26092 (1%)|    -|
    | + dense_latency_ap_fixed_16_6_5_3_0_ap_fixed_16_6_5_3_0_config3_s   |     -|  0.27|        1|   5.000|         -|        1|     -|       yes|     -|  3 (~0%)|   990 (~0%)|  9093 (~0%)|    -|
    | + relu_ap_fixed_16_6_5_3_0_ap_fixed_16_6_5_3_0_ReLU_config6_s       |    II|  2.57|        0|   0.000|         -|        1|     -|       yes|     -|        -|           -|  1064 (~0%)|    -|
    | + dense_latency_ap_fixed_16_6_5_3_0_ap_fixed_16_6_5_3_0_config8_s   |     -|  0.03|        1|   5.000|         -|        1|     -|       yes|     -|        -|   577 (~0%)|  7528 (~0%)|    -|
    | + relu_ap_fixed_16_6_5_3_0_ap_fixed_16_6_5_3_0_ReLU_config11_s      |    II|  2.57|        0|   0.000|         -|        1|     -|       yes|     -|        -|           -|   532 (~0%)|    -|
    | + dense_latency_ap_fixed_16_6_5_3_0_ap_fixed_16_6_5_3_0_config13_s  |     -|  0.50|        1|   5.000|         -|        1|     -|       yes|     -|  1 (~0%)|   481 (~0%)|  4891 (~0%)|    -|
    | + relu_ap_fixed_16_6_5_3_0_ap_fixed_16_6_5_3_0_ReLU_config16_s      |    II|  2.57|        0|   0.000|         -|        1|     -|       yes|     -|        -|           -|   494 (~0%)|    -|
    | + dense_latency_ap_fixed_16_6_5_3_0_ap_fixed_16_6_5_3_0_config18_s  |     -|  0.19|        1|   5.000|         -|        1|     -|       yes|     -|  4 (~0%)|   281 (~0%)|  2206 (~0%)|    -|
    +---------------------------------------------------------------------+------+------+---------+--------+----------+---------+------+----------+------+---------+------------+------------+-----+


================================================================
== HW Interfaces
================================================================
* Other Ports
+---------------+--------+-----------+----------+
| Port          | Mode   | Direction | Bitwidth |
+---------------+--------+-----------+----------+
| input_1       | ap_vld | in        | 256      |
| layer20_out_0 | ap_vld | out       | 16       |
| layer20_out_1 | ap_vld | out       | 16       |
| layer20_out_2 | ap_vld | out       | 16       |
| layer20_out_3 | ap_vld | out       | 16       |
| layer20_out_4 | ap_vld | out       | 16       |
+---------------+--------+-----------+----------+

* TOP LEVEL CONTROL
+-----------+------------+-----------------------------------+
| Interface | Type       | Ports                             |
+-----------+------------+-----------------------------------+
| ap_clk    | clock      | ap_clk                            |
| ap_rst    | reset      | ap_rst                            |
| ap_ctrl   | ap_ctrl_hs | ap_done ap_idle ap_ready ap_start |
+-----------+------------+-----------------------------------+


================================================================
== SW I/O Information
================================================================
* Top Function Arguments
+-------------+-----------+--------------------------------------+
| Argument    | Direction | Datatype                             |
+-------------+-----------+--------------------------------------+
| input_1     | in        | ap_fixed<16, 6, AP_TRN, AP_WRAP, 0>* |
| layer20_out | out       | ap_fixed<16, 6, AP_TRN, AP_WRAP, 0>* |
+-------------+-----------+--------------------------------------+

* SW-to-HW Mapping
+-------------+----------------------+---------+
| Argument    | HW Interface         | HW Type |
+-------------+----------------------+---------+
| input_1     | input_1_ap_vld       | port    |
| input_1     | input_1              | port    |
| layer20_out | layer20_out_0        | port    |
| layer20_out | layer20_out_0_ap_vld | port    |
| layer20_out | layer20_out_1        | port    |
| layer20_out | layer20_out_1_ap_vld | port    |
| layer20_out | layer20_out_2        | port    |
| layer20_out | layer20_out_2_ap_vld | port    |
| layer20_out | layer20_out_3        | port    |
| layer20_out | layer20_out_3_ap_vld | port    |
| layer20_out | layer20_out_4        | port    |
| layer20_out | layer20_out_4_ap_vld | port    |
+-------------+----------------------+---------+


================================================================
== Bind Op Report
================================================================
+---------------------------------------------------------------------+-----+--------+--------------+-----+--------+---------+
| Name                                                                | DSP | Pragma | Variable     | Op  | Impl   | Latency |
+---------------------------------------------------------------------+-----+--------+--------------+-----+--------+---------+
| + myproject                                                         | 8   |        |              |     |        |         |
|   add_ln30_fu_479_p2                                                |     |        | add_ln30     | add | fabric | 0       |
|   add_ln31_fu_507_p2                                                |     |        | add_ln31     | add | fabric | 0       |
|   add_ln32_fu_535_p2                                                |     |        | add_ln32     | add | fabric | 0       |
|   add_ln33_fu_563_p2                                                |     |        | add_ln33     | add | fabric | 0       |
|   add_ln34_fu_591_p2                                                |     |        | add_ln34     | add | fabric | 0       |
|   add_ln35_fu_619_p2                                                |     |        | add_ln35     | add | fabric | 0       |
|   add_ln36_fu_647_p2                                                |     |        | add_ln36     | add | fabric | 0       |
|   add_ln37_fu_675_p2                                                |     |        | add_ln37     | add | fabric | 0       |
|   add_ln38_fu_703_p2                                                |     |        | add_ln38     | add | fabric | 0       |
|   add_ln39_fu_731_p2                                                |     |        | add_ln39     | add | fabric | 0       |
|   add_ln40_fu_759_p2                                                |     |        | add_ln40     | add | fabric | 0       |
|   add_ln41_fu_787_p2                                                |     |        | add_ln41     | add | fabric | 0       |
|   add_ln42_fu_815_p2                                                |     |        | add_ln42     | add | fabric | 0       |
|   add_ln43_fu_843_p2                                                |     |        | add_ln43     | add | fabric | 0       |
|   add_ln44_fu_871_p2                                                |     |        | add_ln44     | add | fabric | 0       |
|   add_ln45_fu_899_p2                                                |     |        | add_ln45     | add | fabric | 0       |
|  + dense_latency_ap_fixed_16_6_5_3_0_ap_fixed_16_6_5_3_0_config3_s  | 3   |        |              |     |        |         |
|    sub_ln73_fu_4465_p2                                              |     |        | sub_ln73     | sub | fabric | 0       |
|    sub_ln73_87_fu_4497_p2                                           |     |        | sub_ln73_87  | sub | fabric | 0       |
|    sub_ln73_88_fu_4555_p2                                           |     |        | sub_ln73_88  | sub | fabric | 0       |
|    add_ln73_fu_4589_p2                                              |     |        | add_ln73     | add | fabric | 0       |
|    sub_ln73_89_fu_4609_p2                                           |     |        | sub_ln73_89  | sub | fabric | 0       |
|    sub_ln73_90_fu_4641_p2                                           |     |        | sub_ln73_90  | sub | fabric | 0       |
|    add_ln73_6_fu_4673_p2                                            |     |        | add_ln73_6   | add | fabric | 0       |
|    mul_14s_11ns_25_1_0_U1                                           | 1   |        | mul_ln73     | mul | auto   | 0       |
|    sub_ln73_91_fu_4703_p2                                           |     |        | sub_ln73_91  | sub | fabric | 0       |
|    sub_ln73_92_fu_4723_p2                                           |     |        | sub_ln73_92  | sub | fabric | 0       |
|    sub_ln73_93_fu_4755_p2                                           |     |        | sub_ln73_93  | sub | fabric | 0       |
|    sub_ln73_94_fu_4791_p2                                           |     |        | sub_ln73_94  | sub | fabric | 0       |
|    sub_ln73_95_fu_4859_p2                                           |     |        | sub_ln73_95  | sub | fabric | 0       |
|    sub_ln73_96_fu_4891_p2                                           |     |        | sub_ln73_96  | sub | fabric | 0       |
|    sub_ln73_97_fu_4971_p2                                           |     |        | sub_ln73_97  | sub | fabric | 0       |
|    add_ln73_7_fu_4999_p2                                            |     |        | add_ln73_7   | add | fabric | 0       |
|    sub_ln73_98_fu_5027_p2                                           |     |        | sub_ln73_98  | sub | fabric | 0       |
|    sub_ln73_99_fu_5047_p2                                           |     |        | sub_ln73_99  | sub | fabric | 0       |
|    sub_ln73_100_fu_5067_p2                                          |     |        | sub_ln73_100 | sub | fabric | 0       |
|    sub_ln73_101_fu_5111_p2                                          |     |        | sub_ln73_101 | sub | fabric | 0       |
|    sub_ln73_102_fu_5161_p2                                          |     |        | sub_ln73_102 | sub | fabric | 0       |
|    sub_ln73_103_fu_5185_p2                                          |     |        | sub_ln73_103 | sub | fabric | 0       |
|    sub_ln73_104_fu_5201_p2                                          |     |        | sub_ln73_104 | sub | fabric | 0       |
|    sub_ln73_105_fu_5229_p2                                          |     |        | sub_ln73_105 | sub | fabric | 0       |
|    add_ln73_8_fu_5249_p2                                            |     |        | add_ln73_8   | add | fabric | 0       |
|    sub_ln73_106_fu_5277_p2                                          |     |        | sub_ln73_106 | sub | fabric | 0       |
|    sub_ln73_107_fu_5317_p2                                          |     |        | sub_ln73_107 | sub | fabric | 0       |
|    sub_ln73_108_fu_5375_p2                                          |     |        | sub_ln73_108 | sub | fabric | 0       |
|    sub_ln73_109_fu_5395_p2                                          |     |        | sub_ln73_109 | sub | fabric | 0       |
|    sub_ln73_110_fu_5446_p2                                          |     |        | sub_ln73_110 | sub | fabric | 0       |
|    sub_ln73_111_fu_5490_p2                                          |     |        | sub_ln73_111 | sub | fabric | 0       |
|    sub_ln73_112_fu_5506_p2                                          |     |        | sub_ln73_112 | sub | fabric | 0       |
|    sub_ln73_113_fu_5522_p2                                          |     |        | sub_ln73_113 | sub | fabric | 0       |
|    sub_ln73_114_fu_5564_p2                                          |     |        | sub_ln73_114 | sub | fabric | 0       |
|    sub_ln73_115_fu_5584_p2                                          |     |        | sub_ln73_115 | sub | fabric | 0       |
|    mul_14s_12ns_26_1_0_U3                                           | 1   |        | mul_ln73_1   | mul | auto   | 0       |
|    sub_ln73_116_fu_5626_p2                                          |     |        | sub_ln73_116 | sub | fabric | 0       |
|    sub_ln73_117_fu_5676_p2                                          |     |        | sub_ln73_117 | sub | fabric | 0       |
|    sub_ln73_118_fu_5708_p2                                          |     |        | sub_ln73_118 | sub | fabric | 0       |
|    sub_ln73_119_fu_5740_p2                                          |     |        | sub_ln73_119 | sub | fabric | 0       |
|    sub_ln73_120_fu_5786_p2                                          |     |        | sub_ln73_120 | sub | fabric | 0       |
|    sub_ln73_121_fu_5802_p2                                          |     |        | sub_ln73_121 | sub | fabric | 0       |
|    sub_ln73_122_fu_5830_p2                                          |     |        | sub_ln73_122 | sub | fabric | 0       |
|    sub_ln73_123_fu_5866_p2                                          |     |        | sub_ln73_123 | sub | fabric | 0       |
|    sub_ln73_124_fu_5898_p2                                          |     |        | sub_ln73_124 | sub | fabric | 0       |
|    sub_ln73_125_fu_5944_p2                                          |     |        | sub_ln73_125 | sub | fabric | 0       |
|    sub_ln73_126_fu_6008_p2                                          |     |        | sub_ln73_126 | sub | fabric | 0       |
|    sub_ln73_127_fu_6072_p2                                          |     |        | sub_ln73_127 | sub | fabric | 0       |
|    sub_ln73_128_fu_6108_p2                                          |     |        | sub_ln73_128 | sub | fabric | 0       |
|    sub_ln73_129_fu_6144_p2                                          |     |        | sub_ln73_129 | sub | fabric | 0       |
|    sub_ln73_130_fu_6172_p2                                          |     |        | sub_ln73_130 | sub | fabric | 0       |
|    sub_ln73_131_fu_6232_p2                                          |     |        | sub_ln73_131 | sub | fabric | 0       |
|    sub_ln73_132_fu_6280_p2                                          |     |        | sub_ln73_132 | sub | fabric | 0       |
|    sub_ln73_133_fu_6326_p2                                          |     |        | sub_ln73_133 | sub | fabric | 0       |
|    sub_ln73_134_fu_6358_p2                                          |     |        | sub_ln73_134 | sub | fabric | 0       |
|    sub_ln73_135_fu_6396_p2                                          |     |        | sub_ln73_135 | sub | fabric | 0       |
|    sub_ln73_136_fu_6416_p2                                          |     |        | sub_ln73_136 | sub | fabric | 0       |
|    sub_ln73_137_fu_6484_p2                                          |     |        | sub_ln73_137 | sub | fabric | 0       |
|    sub_ln73_138_fu_6532_p2                                          |     |        | sub_ln73_138 | sub | fabric | 0       |
|    sub_ln73_139_fu_6582_p2                                          |     |        | sub_ln73_139 | sub | fabric | 0       |
|    sub_ln73_140_fu_6620_p2                                          |     |        | sub_ln73_140 | sub | fabric | 0       |
|    sub_ln73_141_fu_6700_p2                                          |     |        | sub_ln73_141 | sub | fabric | 0       |
|    sub_ln73_142_fu_6736_p2                                          |     |        | sub_ln73_142 | sub | fabric | 0       |
|    sub_ln73_143_fu_6794_p2                                          |     |        | sub_ln73_143 | sub | fabric | 0       |
|    sub_ln73_144_fu_6814_p2                                          |     |        | sub_ln73_144 | sub | fabric | 0       |
|    sub_ln73_145_fu_6860_p2                                          |     |        | sub_ln73_145 | sub | fabric | 0       |
|    sub_ln73_146_fu_6880_p2                                          |     |        | sub_ln73_146 | sub | fabric | 0       |
|    sub_ln73_147_fu_6912_p2                                          |     |        | sub_ln73_147 | sub | fabric | 0       |
|    sub_ln73_148_fu_6996_p2                                          |     |        | sub_ln73_148 | sub | fabric | 0       |
|    sub_ln73_149_fu_7028_p2                                          |     |        | sub_ln73_149 | sub | fabric | 0       |
|    sub_ln73_150_fu_7082_p2                                          |     |        | sub_ln73_150 | sub | fabric | 0       |
|    sub_ln73_151_fu_7102_p2                                          |     |        | sub_ln73_151 | sub | fabric | 0       |
|    sub_ln73_152_fu_7122_p2                                          |     |        | sub_ln73_152 | sub | fabric | 0       |
|    sub_ln73_153_fu_7154_p2                                          |     |        | sub_ln73_153 | sub | fabric | 0       |
|    sub_ln73_154_fu_7174_p2                                          |     |        | sub_ln73_154 | sub | fabric | 0       |
|    sub_ln73_155_fu_7206_p2                                          |     |        | sub_ln73_155 | sub | fabric | 0       |
|    sub_ln73_156_fu_7242_p2                                          |     |        | sub_ln73_156 | sub | fabric | 0       |
|    sub_ln73_157_fu_7306_p2                                          |     |        | sub_ln73_157 | sub | fabric | 0       |
|    sub_ln73_158_fu_7338_p2                                          |     |        | sub_ln73_158 | sub | fabric | 0       |
|    sub_ln73_159_fu_7370_p2                                          |     |        | sub_ln73_159 | sub | fabric | 0       |
|    sub_ln73_160_fu_7420_p2                                          |     |        | sub_ln73_160 | sub | fabric | 0       |
|    sub_ln73_161_fu_7466_p2                                          |     |        | sub_ln73_161 | sub | fabric | 0       |
|    sub_ln73_162_fu_7548_p2                                          |     |        | sub_ln73_162 | sub | fabric | 0       |
|    sub_ln73_163_fu_7584_p2                                          |     |        | sub_ln73_163 | sub | fabric | 0       |
|    sub_ln73_164_fu_7630_p2                                          |     |        | sub_ln73_164 | sub | fabric | 0       |
|    sub_ln73_165_fu_7667_p2                                          |     |        | sub_ln73_165 | sub | fabric | 0       |
|    sub_ln73_166_fu_7695_p2                                          |     |        | sub_ln73_166 | sub | fabric | 0       |
|    add_ln73_9_fu_7711_p2                                            |     |        | add_ln73_9   | add | fabric | 0       |
|    sub_ln73_167_fu_7735_p2                                          |     |        | sub_ln73_167 | sub | fabric | 0       |
|    add_ln73_10_fu_7763_p2                                           |     |        | add_ln73_10  | add | fabric | 0       |
|    sub_ln73_168_fu_7779_p2                                          |     |        | sub_ln73_168 | sub | fabric | 0       |
|    sub_ln73_169_fu_7795_p2                                          |     |        | sub_ln73_169 | sub | fabric | 0       |
|    sub_ln73_170_fu_7819_p2                                          |     |        | sub_ln73_170 | sub | fabric | 0       |
|    mul_15s_14s_26_1_0_U2                                            | 1   |        | mul_ln42     | mul | auto   | 0       |
|    sub_ln73_171_fu_7867_p2                                          |     |        | sub_ln73_171 | sub | fabric | 0       |
|    sub_ln73_172_fu_7899_p2                                          |     |        | sub_ln73_172 | sub | fabric | 0       |
|    sub_ln73_173_fu_7935_p2                                          |     |        | sub_ln73_173 | sub | fabric | 0       |
|    sub_ln73_174_fu_7989_p2                                          |     |        | sub_ln73_174 | sub | fabric | 0       |
|    sub_ln73_175_fu_8035_p2                                          |     |        | sub_ln73_175 | sub | fabric | 0       |
|    sub_ln73_176_fu_8051_p2                                          |     |        | sub_ln73_176 | sub | fabric | 0       |
|    sub_ln73_177_fu_8091_p2                                          |     |        | sub_ln73_177 | sub | fabric | 0       |
|    sub_ln73_178_fu_8121_p2                                          |     |        | sub_ln73_178 | sub | fabric | 0       |
|    sub_ln73_179_fu_8141_p2                                          |     |        | sub_ln73_179 | sub | fabric | 0       |
|    sub_ln73_180_fu_8157_p2                                          |     |        | sub_ln73_180 | sub | fabric | 0       |
|    add_ln58_fu_10412_p2                                             |     |        | add_ln58     | add | fabric | 0       |
|    add_ln58_244_fu_8207_p2                                          |     |        | add_ln58_244 | add | fabric | 0       |
|    add_ln58_247_fu_8223_p2                                          |     |        | add_ln58_247 | add | fabric | 0       |
|    add_ln58_248_fu_8233_p2                                          |     |        | add_ln58_248 | add | fabric | 0       |
|    add_ln58_249_fu_8243_p2                                          |     |        | add_ln58_249 | add | fabric | 0       |
|    add_ln58_250_fu_8253_p2                                          |     |        | add_ln58_250 | add | fabric | 0       |
|    add_ln58_251_fu_8263_p2                                          |     |        | add_ln58_251 | add | fabric | 0       |
|    add_ln58_252_fu_8273_p2                                          |     |        | add_ln58_252 | add | fabric | 0       |
|    add_ln58_254_fu_8279_p2                                          |     |        | add_ln58_254 | add | fabric | 0       |
|    add_ln58_255_fu_8289_p2                                          |     |        | add_ln58_255 | add | fabric | 0       |
|    add_ln58_259_fu_8313_p2                                          |     |        | add_ln58_259 | add | fabric | 0       |
|    add_ln58_261_fu_8329_p2                                          |     |        | add_ln58_261 | add | fabric | 0       |
|    add_ln58_262_fu_8339_p2                                          |     |        | add_ln58_262 | add | fabric | 0       |
|    add_ln58_270_fu_8395_p2                                          |     |        | add_ln58_270 | add | fabric | 0       |
|    add_ln58_273_fu_8413_p2                                          |     |        | add_ln58_273 | add | fabric | 0       |
|    add_ln58_279_fu_8457_p2                                          |     |        | add_ln58_279 | add | fabric | 0       |
|    add_ln58_280_fu_8467_p2                                          |     |        | add_ln58_280 | add | fabric | 0       |
|    add_ln58_282_fu_8479_p2                                          |     |        | add_ln58_282 | add | fabric | 0       |
|    add_ln58_284_fu_8491_p2                                          |     |        | add_ln58_284 | add | fabric | 0       |
|    add_ln58_285_fu_8501_p2                                          |     |        | add_ln58_285 | add | fabric | 0       |
|    add_ln58_289_fu_8529_p2                                          |     |        | add_ln58_289 | add | fabric | 0       |
|    add_ln58_296_fu_8575_p2                                          |     |        | add_ln58_296 | add | fabric | 0       |
|    add_ln58_299_fu_8597_p2                                          |     |        | add_ln58_299 | add | fabric | 0       |
|    add_ln58_303_fu_8625_p2                                          |     |        | add_ln58_303 | add | fabric | 0       |
|    add_ln58_304_fu_8635_p2                                          |     |        | add_ln58_304 | add | fabric | 0       |
|    add_ln58_307_fu_8657_p2                                          |     |        | add_ln58_307 | add | fabric | 0       |
|    add_ln58_308_fu_8667_p2                                          |     |        | add_ln58_308 | add | fabric | 0       |
|    add_ln58_314_fu_8707_p2                                          |     |        | add_ln58_314 | add | fabric | 0       |
|    add_ln58_317_fu_8729_p2                                          |     |        | add_ln58_317 | add | fabric | 0       |
|    add_ln58_318_fu_8735_p2                                          |     |        | add_ln58_318 | add | fabric | 0       |
|    add_ln58_320_fu_8751_p2                                          |     |        | add_ln58_320 | add | fabric | 0       |
|    add_ln58_321_fu_8761_p2                                          |     |        | add_ln58_321 | add | fabric | 0       |
|    add_ln58_322_fu_8771_p2                                          |     |        | add_ln58_322 | add | fabric | 0       |
|    add_ln58_327_fu_8805_p2                                          |     |        | add_ln58_327 | add | fabric | 0       |
|    add_ln58_331_fu_8833_p2                                          |     |        | add_ln58_331 | add | fabric | 0       |
|    add_ln58_332_fu_8843_p2                                          |     |        | add_ln58_332 | add | fabric | 0       |
|    add_ln58_333_fu_8853_p2                                          |     |        | add_ln58_333 | add | fabric | 0       |
|    add_ln58_335_fu_8869_p2                                          |     |        | add_ln58_335 | add | fabric | 0       |
|    add_ln58_337_fu_8889_p2                                          |     |        | add_ln58_337 | add | fabric | 0       |
|    add_ln58_344_fu_8935_p2                                          |     |        | add_ln58_344 | add | fabric | 0       |
|    add_ln58_345_fu_8945_p2                                          |     |        | add_ln58_345 | add | fabric | 0       |
|    add_ln58_346_fu_8955_p2                                          |     |        | add_ln58_346 | add | fabric | 0       |
|    add_ln58_347_fu_8965_p2                                          |     |        | add_ln58_347 | add | fabric | 0       |
|    add_ln58_348_fu_8975_p2                                          |     |        | add_ln58_348 | add | fabric | 0       |
|    add_ln58_350_fu_8991_p2                                          |     |        | add_ln58_350 | add | fabric | 0       |
|    add_ln58_351_fu_9001_p2                                          |     |        | add_ln58_351 | add | fabric | 0       |
|    add_ln58_354_fu_9023_p2                                          |     |        | add_ln58_354 | add | fabric | 0       |
|    add_ln58_358_fu_9051_p2                                          |     |        | add_ln58_358 | add | fabric | 0       |
|    add_ln58_360_fu_9063_p2                                          |     |        | add_ln58_360 | add | fabric | 0       |
|    add_ln58_361_fu_9073_p2                                          |     |        | add_ln58_361 | add | fabric | 0       |
|    add_ln58_362_fu_9083_p2                                          |     |        | add_ln58_362 | add | fabric | 0       |
|    add_ln58_364_fu_9099_p2                                          |     |        | add_ln58_364 | add | fabric | 0       |
|    add_ln58_365_fu_9105_p2                                          |     |        | add_ln58_365 | add | fabric | 0       |
|    add_ln58_368_fu_9127_p2                                          |     |        | add_ln58_368 | add | fabric | 0       |
|    add_ln58_375_fu_9177_p2                                          |     |        | add_ln58_375 | add | fabric | 0       |
|    add_ln58_378_fu_9195_p2                                          |     |        | add_ln58_378 | add | fabric | 0       |
|    add_ln58_380_fu_9207_p2                                          |     |        | add_ln58_380 | add | fabric | 0       |
|    add_ln58_381_fu_9217_p2                                          |     |        | add_ln58_381 | add | fabric | 0       |
|    add_ln58_382_fu_9227_p2                                          |     |        | add_ln58_382 | add | fabric | 0       |
|    add_ln58_387_fu_9261_p2                                          |     |        | add_ln58_387 | add | fabric | 0       |
|    add_ln58_388_fu_9271_p2                                          |     |        | add_ln58_388 | add | fabric | 0       |
|    add_ln58_389_fu_9281_p2                                          |     |        | add_ln58_389 | add | fabric | 0       |
|    add_ln58_391_fu_9293_p2                                          |     |        | add_ln58_391 | add | fabric | 0       |
|    add_ln58_393_fu_9309_p2                                          |     |        | add_ln58_393 | add | fabric | 0       |
|    add_ln58_394_fu_9319_p2                                          |     |        | add_ln58_394 | add | fabric | 0       |
|    add_ln58_395_fu_9329_p2                                          |     |        | add_ln58_395 | add | fabric | 0       |
|    add_ln58_399_fu_9357_p2                                          |     |        | add_ln58_399 | add | fabric | 0       |
|    add_ln58_401_fu_9369_p2                                          |     |        | add_ln58_401 | add | fabric | 0       |
|    add_ln58_402_fu_9379_p2                                          |     |        | add_ln58_402 | add | fabric | 0       |
|    add_ln58_403_fu_9389_p2                                          |     |        | add_ln58_403 | add | fabric | 0       |
|    add_ln58_405_fu_9401_p2                                          |     |        | add_ln58_405 | add | fabric | 0       |
|    add_ln58_406_fu_9407_p2                                          |     |        | add_ln58_406 | add | fabric | 0       |
|    add_ln58_408_fu_9419_p2                                          |     |        | add_ln58_408 | add | fabric | 0       |
|    add_ln58_409_fu_9429_p2                                          |     |        | add_ln58_409 | add | fabric | 0       |
|    add_ln58_410_fu_9439_p2                                          |     |        | add_ln58_410 | add | fabric | 0       |
|    add_ln58_413_fu_9461_p2                                          |     |        | add_ln58_413 | add | fabric | 0       |
|    add_ln58_414_fu_9471_p2                                          |     |        | add_ln58_414 | add | fabric | 0       |
|    add_ln58_417_fu_9489_p2                                          |     |        | add_ln58_417 | add | fabric | 0       |
|    add_ln58_418_fu_9499_p2                                          |     |        | add_ln58_418 | add | fabric | 0       |
|    add_ln58_426_fu_9551_p2                                          |     |        | add_ln58_426 | add | fabric | 0       |
|    add_ln58_428_fu_9563_p2                                          |     |        | add_ln58_428 | add | fabric | 0       |
|    add_ln58_429_fu_9573_p2                                          |     |        | add_ln58_429 | add | fabric | 0       |
|    add_ln58_430_fu_9583_p2                                          |     |        | add_ln58_430 | add | fabric | 0       |
|    add_ln58_434_fu_9611_p2                                          |     |        | add_ln58_434 | add | fabric | 0       |
|    add_ln58_437_fu_9629_p2                                          |     |        | add_ln58_437 | add | fabric | 0       |
|    add_ln58_441_fu_9657_p2                                          |     |        | add_ln58_441 | add | fabric | 0       |
|    add_ln58_443_fu_9677_p2                                          |     |        | add_ln58_443 | add | fabric | 0       |
|    add_ln58_444_fu_9687_p2                                          |     |        | add_ln58_444 | add | fabric | 0       |
|    add_ln58_445_fu_9697_p2                                          |     |        | add_ln58_445 | add | fabric | 0       |
|    add_ln58_446_fu_9707_p2                                          |     |        | add_ln58_446 | add | fabric | 0       |
|    add_ln58_453_fu_9749_p2                                          |     |        | add_ln58_453 | add | fabric | 0       |
|    add_ln58_455_fu_9761_p2                                          |     |        | add_ln58_455 | add | fabric | 0       |
|    add_ln58_456_fu_9771_p2                                          |     |        | add_ln58_456 | add | fabric | 0       |
|    add_ln58_464_fu_9823_p2                                          |     |        | add_ln58_464 | add | fabric | 0       |
|    add_ln58_466_fu_9835_p2                                          |     |        | add_ln58_466 | add | fabric | 0       |
|    add_ln58_467_fu_9845_p2                                          |     |        | add_ln58_467 | add | fabric | 0       |
|    add_ln58_471_fu_9869_p2                                          |     |        | add_ln58_471 | add | fabric | 0       |
|    add_ln58_474_fu_9887_p2                                          |     |        | add_ln58_474 | add | fabric | 0       |
|    add_ln58_477_fu_9903_p2                                          |     |        | add_ln58_477 | add | fabric | 0       |
|    add_ln58_478_fu_9913_p2                                          |     |        | add_ln58_478 | add | fabric | 0       |
|    add_ln58_480_fu_9925_p2                                          |     |        | add_ln58_480 | add | fabric | 0       |
|    add_ln58_481_fu_9935_p2                                          |     |        | add_ln58_481 | add | fabric | 0       |
|    add_ln58_482_fu_9945_p2                                          |     |        | add_ln58_482 | add | fabric | 0       |
|    add_ln58_487_fu_9973_p2                                          |     |        | add_ln58_487 | add | fabric | 0       |
|    add_ln58_488_fu_9983_p2                                          |     |        | add_ln58_488 | add | fabric | 0       |
|    add_ln58_490_fu_9999_p2                                          |     |        | add_ln58_490 | add | fabric | 0       |
|    add_ln58_493_fu_10017_p2                                         |     |        | add_ln58_493 | add | fabric | 0       |
|    add_ln58_497_fu_10049_p2                                         |     |        | add_ln58_497 | add | fabric | 0       |
|    add_ln58_498_fu_10059_p2                                         |     |        | add_ln58_498 | add | fabric | 0       |
|    add_ln58_502_fu_10077_p2                                         |     |        | add_ln58_502 | add | fabric | 0       |
|    add_ln58_503_fu_10087_p2                                         |     |        | add_ln58_503 | add | fabric | 0       |
|    add_ln58_505_fu_10099_p2                                         |     |        | add_ln58_505 | add | fabric | 0       |
|    add_ln58_506_fu_10109_p2                                         |     |        | add_ln58_506 | add | fabric | 0       |
|    add_ln58_507_fu_10119_p2                                         |     |        | add_ln58_507 | add | fabric | 0       |
|    add_ln58_515_fu_10165_p2                                         |     |        | add_ln58_515 | add | fabric | 0       |
|    add_ln58_521_fu_10209_p2                                         |     |        | add_ln58_521 | add | fabric | 0       |
|    add_ln58_525_fu_10233_p2                                         |     |        | add_ln58_525 | add | fabric | 0       |
|    add_ln58_527_fu_10249_p2                                         |     |        | add_ln58_527 | add | fabric | 0       |
|    add_ln58_528_fu_10259_p2                                         |     |        | add_ln58_528 | add | fabric | 0       |
|    add_ln58_531_fu_10285_p2                                         |     |        | add_ln58_531 | add | fabric | 0       |
|    add_ln58_532_fu_10291_p2                                         |     |        | add_ln58_532 | add | fabric | 0       |
|    add_ln58_535_fu_10309_p2                                         |     |        | add_ln58_535 | add | fabric | 0       |
|    add_ln58_538_fu_10331_p2                                         |     |        | add_ln58_538 | add | fabric | 0       |
|    add_ln58_542_fu_10355_p2                                         |     |        | add_ln58_542 | add | fabric | 0       |
|    add_ln58_543_fu_10365_p2                                         |     |        | add_ln58_543 | add | fabric | 0       |
|    add_ln58_544_fu_10375_p2                                         |     |        | add_ln58_544 | add | fabric | 0       |
|    add_ln58_545_fu_10385_p2                                         |     |        | add_ln58_545 | add | fabric | 0       |
|  + dense_latency_ap_fixed_16_6_5_3_0_ap_fixed_16_6_5_3_0_config8_s  | 0   |        |              |     |        |         |
|    sub_ln73_fu_520_p2                                               |     |        | sub_ln73     | sub | fabric | 0       |
|    sub_ln73_1_fu_552_p2                                             |     |        | sub_ln73_1   | sub | fabric | 0       |
|    sub_ln73_2_fu_584_p2                                             |     |        | sub_ln73_2   | sub | fabric | 0       |
|    sub_ln73_3_fu_616_p2                                             |     |        | sub_ln73_3   | sub | fabric | 0       |
|    sub_ln73_4_fu_664_p2                                             |     |        | sub_ln73_4   | sub | fabric | 0       |
|    sub_ln73_5_fu_700_p2                                             |     |        | sub_ln73_5   | sub | fabric | 0       |
|    sub_ln73_6_fu_730_p2                                             |     |        | sub_ln73_6   | sub | fabric | 0       |
|    sub_ln73_7_fu_758_p2                                             |     |        | sub_ln73_7   | sub | fabric | 0       |
|    sub_ln73_8_fu_786_p2                                             |     |        | sub_ln73_8   | sub | fabric | 0       |
|    sub_ln73_9_fu_824_p2                                             |     |        | sub_ln73_9   | sub | fabric | 0       |
|    sub_ln73_10_fu_852_p2                                            |     |        | sub_ln73_10  | sub | fabric | 0       |
|    sub_ln73_11_fu_880_p2                                            |     |        | sub_ln73_11  | sub | fabric | 0       |
|    sub_ln73_12_fu_908_p2                                            |     |        | sub_ln73_12  | sub | fabric | 0       |
|    sub_ln73_13_fu_944_p2                                            |     |        | sub_ln73_13  | sub | fabric | 0       |
|    sub_ln73_14_fu_1008_p2                                           |     |        | sub_ln73_14  | sub | fabric | 0       |
|    sub_ln73_15_fu_1040_p2                                           |     |        | sub_ln73_15  | sub | fabric | 0       |
|    sub_ln73_16_fu_1068_p2                                           |     |        | sub_ln73_16  | sub | fabric | 0       |
|    sub_ln73_17_fu_1114_p2                                           |     |        | sub_ln73_17  | sub | fabric | 0       |
|    sub_ln73_18_fu_1142_p2                                           |     |        | sub_ln73_18  | sub | fabric | 0       |
|    sub_ln73_19_fu_1192_p2                                           |     |        | sub_ln73_19  | sub | fabric | 0       |
|    sub_ln73_20_fu_1220_p2                                           |     |        | sub_ln73_20  | sub | fabric | 0       |
|    sub_ln73_21_fu_1240_p2                                           |     |        | sub_ln73_21  | sub | fabric | 0       |
|    sub_ln73_22_fu_1268_p2                                           |     |        | sub_ln73_22  | sub | fabric | 0       |
|    sub_ln73_23_fu_1300_p2                                           |     |        | sub_ln73_23  | sub | fabric | 0       |
|    sub_ln73_24_fu_1320_p2                                           |     |        | sub_ln73_24  | sub | fabric | 0       |
|    sub_ln73_25_fu_1348_p2                                           |     |        | sub_ln73_25  | sub | fabric | 0       |
|    sub_ln73_26_fu_1394_p2                                           |     |        | sub_ln73_26  | sub | fabric | 0       |
|    sub_ln73_27_fu_1426_p2                                           |     |        | sub_ln73_27  | sub | fabric | 0       |
|    sub_ln73_28_fu_1442_p2                                           |     |        | sub_ln73_28  | sub | fabric | 0       |
|    sub_ln73_29_fu_1470_p2                                           |     |        | sub_ln73_29  | sub | fabric | 0       |
|    sub_ln73_30_fu_1498_p2                                           |     |        | sub_ln73_30  | sub | fabric | 0       |
|    sub_ln73_31_fu_1540_p2                                           |     |        | sub_ln73_31  | sub | fabric | 0       |
|    add_ln73_fu_1608_p2                                              |     |        | add_ln73     | add | fabric | 0       |
|    sub_ln73_32_fu_1640_p2                                           |     |        | sub_ln73_32  | sub | fabric | 0       |
|    sub_ln73_33_fu_1686_p2                                           |     |        | sub_ln73_33  | sub | fabric | 0       |
|    add_ln73_1_fu_1730_p2                                            |     |        | add_ln73_1   | add | fabric | 0       |
|    sub_ln73_34_fu_1750_p2                                           |     |        | sub_ln73_34  | sub | fabric | 0       |
|    sub_ln73_35_fu_1796_p2                                           |     |        | sub_ln73_35  | sub | fabric | 0       |
|    sub_ln73_36_fu_1842_p2                                           |     |        | sub_ln73_36  | sub | fabric | 0       |
|    add_ln73_2_fu_1898_p2                                            |     |        | add_ln73_2   | add | fabric | 0       |
|    sub_ln73_37_fu_1930_p2                                           |     |        | sub_ln73_37  | sub | fabric | 0       |
|    sub_ln73_38_fu_1954_p2                                           |     |        | sub_ln73_38  | sub | fabric | 0       |
|    sub_ln73_39_fu_1974_p2                                           |     |        | sub_ln73_39  | sub | fabric | 0       |
|    add_ln73_3_fu_2068_p2                                            |     |        | add_ln73_3   | add | fabric | 0       |
|    sub_ln73_40_fu_2084_p2                                           |     |        | sub_ln73_40  | sub | fabric | 0       |
|    sub_ln73_41_fu_2112_p2                                           |     |        | sub_ln73_41  | sub | fabric | 0       |
|    sub_ln73_42_fu_2132_p2                                           |     |        | sub_ln73_42  | sub | fabric | 0       |
|    sub_ln73_43_fu_2180_p2                                           |     |        | sub_ln73_43  | sub | fabric | 0       |
|    sub_ln73_44_fu_2196_p2                                           |     |        | sub_ln73_44  | sub | fabric | 0       |
|    sub_ln73_45_fu_2230_p2                                           |     |        | sub_ln73_45  | sub | fabric | 0       |
|    sub_ln73_46_fu_2290_p2                                           |     |        | sub_ln73_46  | sub | fabric | 0       |
|    sub_ln73_47_fu_2310_p2                                           |     |        | sub_ln73_47  | sub | fabric | 0       |
|    sub_ln73_48_fu_2350_p2                                           |     |        | sub_ln73_48  | sub | fabric | 0       |
|    sub_ln73_49_fu_2378_p2                                           |     |        | sub_ln73_49  | sub | fabric | 0       |
|    sub_ln73_50_fu_2418_p2                                           |     |        | sub_ln73_50  | sub | fabric | 0       |
|    sub_ln73_51_fu_2468_p2                                           |     |        | sub_ln73_51  | sub | fabric | 0       |
|    sub_ln73_52_fu_2500_p2                                           |     |        | sub_ln73_52  | sub | fabric | 0       |
|    sub_ln73_53_fu_2550_p2                                           |     |        | sub_ln73_53  | sub | fabric | 0       |
|    sub_ln73_54_fu_2582_p2                                           |     |        | sub_ln73_54  | sub | fabric | 0       |
|    sub_ln73_55_fu_2618_p2                                           |     |        | sub_ln73_55  | sub | fabric | 0       |
|    add_ln73_4_fu_2664_p2                                            |     |        | add_ln73_4   | add | fabric | 0       |
|    sub_ln73_56_fu_2696_p2                                           |     |        | sub_ln73_56  | sub | fabric | 0       |
|    sub_ln73_57_fu_2746_p2                                           |     |        | sub_ln73_57  | sub | fabric | 0       |
|    sub_ln73_58_fu_2792_p2                                           |     |        | sub_ln73_58  | sub | fabric | 0       |
|    sub_ln73_59_fu_2842_p2                                           |     |        | sub_ln73_59  | sub | fabric | 0       |
|    sub_ln73_60_fu_2870_p2                                           |     |        | sub_ln73_60  | sub | fabric | 0       |
|    sub_ln73_61_fu_2902_p2                                           |     |        | sub_ln73_61  | sub | fabric | 0       |
|    sub_ln73_62_fu_2930_p2                                           |     |        | sub_ln73_62  | sub | fabric | 0       |
|    sub_ln73_63_fu_2966_p2                                           |     |        | sub_ln73_63  | sub | fabric | 0       |
|    sub_ln73_64_fu_2994_p2                                           |     |        | sub_ln73_64  | sub | fabric | 0       |
|    sub_ln73_65_fu_3040_p2                                           |     |        | sub_ln73_65  | sub | fabric | 0       |
|    sub_ln73_66_fu_3080_p2                                           |     |        | sub_ln73_66  | sub | fabric | 0       |
|    sub_ln73_67_fu_3126_p2                                           |     |        | sub_ln73_67  | sub | fabric | 0       |
|    sub_ln73_68_fu_3162_p2                                           |     |        | sub_ln73_68  | sub | fabric | 0       |
|    add_ln73_5_fu_3206_p2                                            |     |        | add_ln73_5   | add | fabric | 0       |
|    sub_ln73_69_fu_3226_p2                                           |     |        | sub_ln73_69  | sub | fabric | 0       |
|    sub_ln73_70_fu_3258_p2                                           |     |        | sub_ln73_70  | sub | fabric | 0       |
|    sub_ln73_71_fu_3286_p2                                           |     |        | sub_ln73_71  | sub | fabric | 0       |
|    sub_ln73_72_fu_3314_p2                                           |     |        | sub_ln73_72  | sub | fabric | 0       |
|    sub_ln73_73_fu_3382_p2                                           |     |        | sub_ln73_73  | sub | fabric | 0       |
|    sub_ln73_74_fu_3414_p2                                           |     |        | sub_ln73_74  | sub | fabric | 0       |
|    sub_ln73_75_fu_3504_p2                                           |     |        | sub_ln73_75  | sub | fabric | 0       |
|    sub_ln73_76_fu_3524_p2                                           |     |        | sub_ln73_76  | sub | fabric | 0       |
|    sub_ln73_77_fu_3560_p2                                           |     |        | sub_ln73_77  | sub | fabric | 0       |
|    sub_ln73_78_fu_3606_p2                                           |     |        | sub_ln73_78  | sub | fabric | 0       |
|    sub_ln73_79_fu_3638_p2                                           |     |        | sub_ln73_79  | sub | fabric | 0       |
|    sub_ln73_80_fu_3674_p2                                           |     |        | sub_ln73_80  | sub | fabric | 0       |
|    sub_ln73_81_fu_3718_p2                                           |     |        | sub_ln73_81  | sub | fabric | 0       |
|    sub_ln73_82_fu_3750_p2                                           |     |        | sub_ln73_82  | sub | fabric | 0       |
|    sub_ln73_83_fu_3778_p2                                           |     |        | sub_ln73_83  | sub | fabric | 0       |
|    sub_ln73_84_fu_3806_p2                                           |     |        | sub_ln73_84  | sub | fabric | 0       |
|    sub_ln73_85_fu_3834_p2                                           |     |        | sub_ln73_85  | sub | fabric | 0       |
|    sub_ln73_86_fu_3866_p2                                           |     |        | sub_ln73_86  | sub | fabric | 0       |
|    add_ln58_5_fu_3948_p2                                            |     |        | add_ln58_5   | add | fabric | 0       |
|    add_ln58_7_fu_3960_p2                                            |     |        | add_ln58_7   | add | fabric | 0       |
|    add_ln58_8_fu_3970_p2                                            |     |        | add_ln58_8   | add | fabric | 0       |
|    add_ln58_11_fu_3992_p2                                           |     |        | add_ln58_11  | add | fabric | 0       |
|    add_ln58_12_fu_4002_p2                                           |     |        | add_ln58_12  | add | fabric | 0       |
|    add_ln58_15_fu_4020_p2                                           |     |        | add_ln58_15  | add | fabric | 0       |
|    add_ln58_21_fu_4050_p2                                           |     |        | add_ln58_21  | add | fabric | 0       |
|    add_ln58_22_fu_4056_p2                                           |     |        | add_ln58_22  | add | fabric | 0       |
|    add_ln58_23_fu_4066_p2                                           |     |        | add_ln58_23  | add | fabric | 0       |
|    add_ln58_25_fu_4078_p2                                           |     |        | add_ln58_25  | add | fabric | 0       |
|    add_ln58_27_fu_4094_p2                                           |     |        | add_ln58_27  | add | fabric | 0       |
|    add_ln58_28_fu_4104_p2                                           |     |        | add_ln58_28  | add | fabric | 0       |
|    add_ln58_33_fu_4136_p2                                           |     |        | add_ln58_33  | add | fabric | 0       |
|    add_ln58_36_fu_4154_p2                                           |     |        | add_ln58_36  | add | fabric | 0       |
|    add_ln58_39_fu_4176_p2                                           |     |        | add_ln58_39  | add | fabric | 0       |
|    add_ln58_40_fu_4182_p2                                           |     |        | add_ln58_40  | add | fabric | 0       |
|    add_ln58_42_fu_4198_p2                                           |     |        | add_ln58_42  | add | fabric | 0       |
|    add_ln58_43_fu_4208_p2                                           |     |        | add_ln58_43  | add | fabric | 0       |
|    add_ln58_44_fu_4218_p2                                           |     |        | add_ln58_44  | add | fabric | 0       |
|    add_ln58_45_fu_4228_p2                                           |     |        | add_ln58_45  | add | fabric | 0       |
|    add_ln58_48_fu_4250_p2                                           |     |        | add_ln58_48  | add | fabric | 0       |
|    add_ln58_53_fu_4280_p2                                           |     |        | add_ln58_53  | add | fabric | 0       |
|    add_ln58_61_fu_4322_p2                                           |     |        | add_ln58_61  | add | fabric | 0       |
|    add_ln58_62_fu_4332_p2                                           |     |        | add_ln58_62  | add | fabric | 0       |
|    add_ln58_64_fu_4344_p2                                           |     |        | add_ln58_64  | add | fabric | 0       |
|    add_ln58_66_fu_4356_p2                                           |     |        | add_ln58_66  | add | fabric | 0       |
|    add_ln58_67_fu_4366_p2                                           |     |        | add_ln58_67  | add | fabric | 0       |
|    add_ln58_68_fu_4376_p2                                           |     |        | add_ln58_68  | add | fabric | 0       |
|    tmp34_fu_4406_p2                                                 |     |        | tmp34        | add | fabric | 0       |
|    add_ln58_77_fu_4454_p2                                           |     |        | add_ln58_77  | add | fabric | 0       |
|    add_ln58_79_fu_4466_p2                                           |     |        | add_ln58_79  | add | fabric | 0       |
|    add_ln58_80_fu_4476_p2                                           |     |        | add_ln58_80  | add | fabric | 0       |
|    add_ln58_86_fu_4512_p2                                           |     |        | add_ln58_86  | add | fabric | 0       |
|    add_ln58_89_fu_4530_p2                                           |     |        | add_ln58_89  | add | fabric | 0       |
|    add_ln58_90_fu_4536_p2                                           |     |        | add_ln58_90  | add | fabric | 0       |
|    add_ln58_93_fu_4554_p2                                           |     |        | add_ln58_93  | add | fabric | 0       |
|    add_ln58_97_fu_4578_p2                                           |     |        | add_ln58_97  | add | fabric | 0       |
|    add_ln58_98_fu_4584_p2                                           |     |        | add_ln58_98  | add | fabric | 0       |
|    add_ln58_99_fu_4594_p2                                           |     |        | add_ln58_99  | add | fabric | 0       |
|    add_ln58_101_fu_4606_p2                                          |     |        | add_ln58_101 | add | fabric | 0       |
|    add_ln58_104_fu_4624_p2                                          |     |        | add_ln58_104 | add | fabric | 0       |
|    add_ln58_105_fu_4630_p2                                          |     |        | add_ln58_105 | add | fabric | 0       |
|    add_ln58_108_fu_4652_p2                                          |     |        | add_ln58_108 | add | fabric | 0       |
|    add_ln58_112_fu_4680_p2                                          |     |        | add_ln58_112 | add | fabric | 0       |
|    add_ln58_113_fu_4690_p2                                          |     |        | add_ln58_113 | add | fabric | 0       |
|    add_ln58_116_fu_4708_p2                                          |     |        | add_ln58_116 | add | fabric | 0       |
|    add_ln58_122_fu_4738_p2                                          |     |        | add_ln58_122 | add | fabric | 0       |
|    add_ln58_123_fu_4744_p2                                          |     |        | add_ln58_123 | add | fabric | 0       |
|    add_ln58_124_fu_4754_p2                                          |     |        | add_ln58_124 | add | fabric | 0       |
|    add_ln58_128_fu_4786_p2                                          |     |        | add_ln58_128 | add | fabric | 0       |
|    add_ln58_129_fu_4796_p2                                          |     |        | add_ln58_129 | add | fabric | 0       |
|    add_ln58_130_fu_4806_p2                                          |     |        | add_ln58_130 | add | fabric | 0       |
|    add_ln58_133_fu_4822_p2                                          |     |        | add_ln58_133 | add | fabric | 0       |
|    add_ln58_134_fu_4832_p2                                          |     |        | add_ln58_134 | add | fabric | 0       |
|    add_ln58_142_fu_4880_p2                                          |     |        | add_ln58_142 | add | fabric | 0       |
|    add_ln58_146_fu_4904_p2                                          |     |        | add_ln58_146 | add | fabric | 0       |
|    add_ln58_149_fu_4930_p2                                          |     |        | add_ln58_149 | add | fabric | 0       |
|    tmp61132_fu_4956_p2                                              |     |        | tmp61132     | add | fabric | 0       |
|    add_ln58_157_fu_5000_p2                                          |     |        | add_ln58_157 | add | fabric | 0       |
|    add_ln58_159_fu_5012_p2                                          |     |        | add_ln58_159 | add | fabric | 0       |
|    add_ln58_160_fu_5022_p2                                          |     |        | add_ln58_160 | add | fabric | 0       |
|    add_ln58_164_fu_5046_p2                                          |     |        | add_ln58_164 | add | fabric | 0       |
|    add_ln58_166_fu_5058_p2                                          |     |        | add_ln58_166 | add | fabric | 0       |
|    add_ln58_167_fu_5068_p2                                          |     |        | add_ln58_167 | add | fabric | 0       |
|    add_ln58_171_fu_5092_p2                                          |     |        | add_ln58_171 | add | fabric | 0       |
|    add_ln58_175_fu_5116_p2                                          |     |        | add_ln58_175 | add | fabric | 0       |
|    add_ln58_178_fu_5142_p2                                          |     |        | add_ln58_178 | add | fabric | 0       |
|    add_ln58_188_fu_5206_p2                                          |     |        | add_ln58_188 | add | fabric | 0       |
|    add_ln58_192_fu_5230_p2                                          |     |        | add_ln58_192 | add | fabric | 0       |
|    add_ln58_193_fu_5240_p2                                          |     |        | add_ln58_193 | add | fabric | 0       |
|    add_ln58_194_fu_5250_p2                                          |     |        | add_ln58_194 | add | fabric | 0       |
|    add_ln58_195_fu_5260_p2                                          |     |        | add_ln58_195 | add | fabric | 0       |
|    add_ln58_207_fu_5336_p2                                          |     |        | add_ln58_207 | add | fabric | 0       |
|    add_ln58_211_fu_5360_p2                                          |     |        | add_ln58_211 | add | fabric | 0       |
|    add_ln58_212_fu_5370_p2                                          |     |        | add_ln58_212 | add | fabric | 0       |
|    add_ln58_213_fu_5380_p2                                          |     |        | add_ln58_213 | add | fabric | 0       |
|    add_ln58_214_fu_5390_p2                                          |     |        | add_ln58_214 | add | fabric | 0       |
|    add_ln58_217_fu_5408_p2                                          |     |        | add_ln58_217 | add | fabric | 0       |
|    add_ln58_222_fu_5438_p2                                          |     |        | add_ln58_222 | add | fabric | 0       |
|    add_ln58_228_fu_5468_p2                                          |     |        | add_ln58_228 | add | fabric | 0       |
|    add_ln58_229_fu_5478_p2                                          |     |        | add_ln58_229 | add | fabric | 0       |
|    add_ln58_233_fu_5506_p2                                          |     |        | add_ln58_233 | add | fabric | 0       |
|    add_ln58_234_fu_5516_p2                                          |     |        | add_ln58_234 | add | fabric | 0       |
|    add_ln58_235_fu_5526_p2                                          |     |        | add_ln58_235 | add | fabric | 0       |
|    add_ln58_236_fu_5536_p2                                          |     |        | add_ln58_236 | add | fabric | 0       |
|    add_ln58_237_fu_5546_p2                                          |     |        | add_ln58_237 | add | fabric | 0       |
|    add_ln58_238_fu_5556_p2                                          |     |        | add_ln58_238 | add | fabric | 0       |
|  + dense_latency_ap_fixed_16_6_5_3_0_ap_fixed_16_6_5_3_0_config13_s | 1   |        |              |     |        |         |
|    add_ln73_fu_1043_p2                                              |     |        | add_ln73     | add | fabric | 0       |
|    sub_ln73_fu_1063_p2                                              |     |        | sub_ln73     | sub | fabric | 0       |
|    sub_ln73_210_fu_1095_p2                                          |     |        | sub_ln73_210 | sub | fabric | 0       |
|    sub_ln73_211_fu_1127_p2                                          |     |        | sub_ln73_211 | sub | fabric | 0       |
|    add_ln73_13_fu_1171_p2                                           |     |        | add_ln73_13  | add | fabric | 0       |
|    sub_ln73_212_fu_1217_p2                                          |     |        | sub_ln73_212 | sub | fabric | 0       |
|    sub_ln73_213_fu_1263_p2                                          |     |        | sub_ln73_213 | sub | fabric | 0       |
|    sub_ln73_214_fu_1283_p2                                          |     |        | sub_ln73_214 | sub | fabric | 0       |
|    sub_ln73_215_fu_1315_p2                                          |     |        | sub_ln73_215 | sub | fabric | 0       |
|    sub_ln73_216_fu_1373_p2                                          |     |        | sub_ln73_216 | sub | fabric | 0       |
|    sub_ln73_217_fu_1405_p2                                          |     |        | sub_ln73_217 | sub | fabric | 0       |
|    sub_ln73_218_fu_1425_p2                                          |     |        | sub_ln73_218 | sub | fabric | 0       |
|    sub_ln73_219_fu_1445_p2                                          |     |        | sub_ln73_219 | sub | fabric | 0       |
|    sub_ln73_220_fu_1505_p2                                          |     |        | sub_ln73_220 | sub | fabric | 0       |
|    sub_ln73_221_fu_1525_p2                                          |     |        | sub_ln73_221 | sub | fabric | 0       |
|    sub_ln73_222_fu_1549_p2                                          |     |        | sub_ln73_222 | sub | fabric | 0       |
|    sub_ln73_223_fu_1565_p2                                          |     |        | sub_ln73_223 | sub | fabric | 0       |
|    sub_ln73_224_fu_1609_p2                                          |     |        | sub_ln73_224 | sub | fabric | 0       |
|    sub_ln73_225_fu_1645_p2                                          |     |        | sub_ln73_225 | sub | fabric | 0       |
|    sub_ln73_226_fu_1691_p2                                          |     |        | sub_ln73_226 | sub | fabric | 0       |
|    sub_ln73_227_fu_1715_p2                                          |     |        | sub_ln73_227 | sub | fabric | 0       |
|    sub_ln73_228_fu_1731_p2                                          |     |        | sub_ln73_228 | sub | fabric | 0       |
|    add_ln73_14_fu_1763_p2                                           |     |        | add_ln73_14  | add | fabric | 0       |
|    sub_ln73_229_fu_1787_p2                                          |     |        | sub_ln73_229 | sub | fabric | 0       |
|    sub_ln73_230_fu_1815_p2                                          |     |        | sub_ln73_230 | sub | fabric | 0       |
|    sub_ln73_231_fu_1843_p2                                          |     |        | sub_ln73_231 | sub | fabric | 0       |
|    sub_ln73_232_fu_1901_p2                                          |     |        | sub_ln73_232 | sub | fabric | 0       |
|    sub_ln73_233_fu_1921_p2                                          |     |        | sub_ln73_233 | sub | fabric | 0       |
|    add_ln73_15_fu_1983_p2                                           |     |        | add_ln73_15  | add | fabric | 0       |
|    sub_ln73_234_fu_2003_p2                                          |     |        | sub_ln73_234 | sub | fabric | 0       |
|    add_ln73_16_fu_2049_p2                                           |     |        | add_ln73_16  | add | fabric | 0       |
|    sub_ln73_235_fu_2069_p2                                          |     |        | sub_ln73_235 | sub | fabric | 0       |
|    sub_ln73_236_fu_2101_p2                                          |     |        | sub_ln73_236 | sub | fabric | 0       |
|    sub_ln73_237_fu_2125_p2                                          |     |        | sub_ln73_237 | sub | fabric | 0       |
|    sub_ln73_238_fu_2153_p2                                          |     |        | sub_ln73_238 | sub | fabric | 0       |
|    sub_ln73_239_fu_2195_p2                                          |     |        | sub_ln73_239 | sub | fabric | 0       |
|    sub_ln73_240_fu_2223_p2                                          |     |        | sub_ln73_240 | sub | fabric | 0       |
|    add_ln73_17_fu_2263_p2                                           |     |        | add_ln73_17  | add | fabric | 0       |
|    sub_ln73_241_fu_2279_p2                                          |     |        | sub_ln73_241 | sub | fabric | 0       |
|    sub_ln73_242_fu_2325_p2                                          |     |        | sub_ln73_242 | sub | fabric | 0       |
|    sub_ln73_243_fu_2357_p2                                          |     |        | sub_ln73_243 | sub | fabric | 0       |
|    sub_ln73_244_fu_2385_p2                                          |     |        | sub_ln73_244 | sub | fabric | 0       |
|    add_ln73_18_fu_2401_p2                                           |     |        | add_ln73_18  | add | fabric | 0       |
|    sub_ln73_245_fu_2417_p2                                          |     |        | sub_ln73_245 | sub | fabric | 0       |
|    sub_ln73_246_fu_2454_p2                                          |     |        | sub_ln73_246 | sub | fabric | 0       |
|    sub_ln73_247_fu_2482_p2                                          |     |        | sub_ln73_247 | sub | fabric | 0       |
|    mul_16s_10ns_26_1_0_U93                                          | 1   |        | mul_ln73     | mul | auto   | 0       |
|    sub_ln73_248_fu_2508_p2                                          |     |        | sub_ln73_248 | sub | fabric | 0       |
|    sub_ln73_249_fu_2532_p2                                          |     |        | sub_ln73_249 | sub | fabric | 0       |
|    sub_ln73_250_fu_2560_p2                                          |     |        | sub_ln73_250 | sub | fabric | 0       |
|    sub_ln73_251_fu_2624_p2                                          |     |        | sub_ln73_251 | sub | fabric | 0       |
|    sub_ln73_252_fu_2656_p2                                          |     |        | sub_ln73_252 | sub | fabric | 0       |
|    sub_ln73_253_fu_2688_p2                                          |     |        | sub_ln73_253 | sub | fabric | 0       |
|    sub_ln73_254_fu_2720_p2                                          |     |        | sub_ln73_254 | sub | fabric | 0       |
|    sub_ln73_255_fu_2752_p2                                          |     |        | sub_ln73_255 | sub | fabric | 0       |
|    sub_ln73_256_fu_2798_p2                                          |     |        | sub_ln73_256 | sub | fabric | 0       |
|    sub_ln73_257_fu_2840_p2                                          |     |        | sub_ln73_257 | sub | fabric | 0       |
|    sub_ln73_258_fu_2868_p2                                          |     |        | sub_ln73_258 | sub | fabric | 0       |
|    sub_ln73_259_fu_2884_p2                                          |     |        | sub_ln73_259 | sub | fabric | 0       |
|    sub_ln73_260_fu_2912_p2                                          |     |        | sub_ln73_260 | sub | fabric | 0       |
|    sub_ln73_261_fu_2944_p2                                          |     |        | sub_ln73_261 | sub | fabric | 0       |
|    sub_ln73_262_fu_2972_p2                                          |     |        | sub_ln73_262 | sub | fabric | 0       |
|    sub_ln73_263_fu_3000_p2                                          |     |        | sub_ln73_263 | sub | fabric | 0       |
|    sub_ln73_264_fu_3042_p2                                          |     |        | sub_ln73_264 | sub | fabric | 0       |
|    sub_ln73_265_fu_3098_p2                                          |     |        | sub_ln73_265 | sub | fabric | 0       |
|    sub_ln73_266_fu_3130_p2                                          |     |        | sub_ln73_266 | sub | fabric | 0       |
|    sub_ln73_267_fu_3172_p2                                          |     |        | sub_ln73_267 | sub | fabric | 0       |
|    sub_ln73_268_fu_3218_p2                                          |     |        | sub_ln73_268 | sub | fabric | 0       |
|    sub_ln73_269_fu_3270_p2                                          |     |        | sub_ln73_269 | sub | fabric | 0       |
|    sub_ln73_270_fu_3306_p2                                          |     |        | sub_ln73_270 | sub | fabric | 0       |
|    sub_ln73_271_fu_3322_p2                                          |     |        | sub_ln73_271 | sub | fabric | 0       |
|    sub_ln73_272_fu_3358_p2                                          |     |        | sub_ln73_272 | sub | fabric | 0       |
|    sub_ln73_273_fu_3374_p2                                          |     |        | sub_ln73_273 | sub | fabric | 0       |
|    sub_ln73_274_fu_3394_p2                                          |     |        | sub_ln73_274 | sub | fabric | 0       |
|    sub_ln73_275_fu_3444_p2                                          |     |        | sub_ln73_275 | sub | fabric | 0       |
|    add_ln58_fu_3460_p2                                              |     |        | add_ln58     | add | fabric | 0       |
|    add_ln58_610_fu_3484_p2                                          |     |        | add_ln58_610 | add | fabric | 0       |
|    add_ln58_612_fu_3496_p2                                          |     |        | add_ln58_612 | add | fabric | 0       |
|    add_ln58_613_fu_3506_p2                                          |     |        | add_ln58_613 | add | fabric | 0       |
|    add_ln58_616_fu_3528_p2                                          |     |        | add_ln58_616 | add | fabric | 0       |
|    add_ln58_617_fu_3534_p2                                          |     |        | add_ln58_617 | add | fabric | 0       |
|    add_ln58_620_fu_3552_p2                                          |     |        | add_ln58_620 | add | fabric | 0       |
|    add_ln58_621_fu_3562_p2                                          |     |        | add_ln58_621 | add | fabric | 0       |
|    add_ln58_624_fu_3580_p2                                          |     |        | add_ln58_624 | add | fabric | 0       |
|    add_ln58_628_fu_3604_p2                                          |     |        | add_ln58_628 | add | fabric | 0       |
|    add_ln58_630_fu_3616_p2                                          |     |        | add_ln58_630 | add | fabric | 0       |
|    add_ln58_631_fu_3626_p2                                          |     |        | add_ln58_631 | add | fabric | 0       |
|    add_ln58_639_fu_3678_p2                                          |     |        | add_ln58_639 | add | fabric | 0       |
|    add_ln58_641_fu_3694_p2                                          |     |        | add_ln58_641 | add | fabric | 0       |
|    add_ln58_642_fu_3704_p2                                          |     |        | add_ln58_642 | add | fabric | 0       |
|    add_ln58_648_fu_3744_p2                                          |     |        | add_ln58_648 | add | fabric | 0       |
|    add_ln58_651_fu_3756_p2                                          |     |        | add_ln58_651 | add | fabric | 0       |
|    add_ln58_653_fu_3768_p2                                          |     |        | add_ln58_653 | add | fabric | 0       |
|    add_ln58_654_fu_3778_p2                                          |     |        | add_ln58_654 | add | fabric | 0       |
|    add_ln58_655_fu_3788_p2                                          |     |        | add_ln58_655 | add | fabric | 0       |
|    add_ln58_658_fu_3800_p2                                          |     |        | add_ln58_658 | add | fabric | 0       |
|    add_ln58_659_fu_3806_p2                                          |     |        | add_ln58_659 | add | fabric | 0       |
|    add_ln58_662_fu_3824_p2                                          |     |        | add_ln58_662 | add | fabric | 0       |
|    add_ln58_663_fu_3834_p2                                          |     |        | add_ln58_663 | add | fabric | 0       |
|    add_ln58_666_fu_3852_p2                                          |     |        | add_ln58_666 | add | fabric | 0       |
|    add_ln58_669_fu_3870_p2                                          |     |        | add_ln58_669 | add | fabric | 0       |
|    add_ln58_677_fu_3918_p2                                          |     |        | add_ln58_677 | add | fabric | 0       |
|    add_ln58_679_fu_3930_p2                                          |     |        | add_ln58_679 | add | fabric | 0       |
|    add_ln58_680_fu_3940_p2                                          |     |        | add_ln58_680 | add | fabric | 0       |
|    add_ln58_681_fu_3950_p2                                          |     |        | add_ln58_681 | add | fabric | 0       |
|    add_ln58_687_fu_3986_p2                                          |     |        | add_ln58_687 | add | fabric | 0       |
|    add_ln58_690_fu_3998_p2                                          |     |        | add_ln58_690 | add | fabric | 0       |
|    add_ln58_693_fu_4016_p2                                          |     |        | add_ln58_693 | add | fabric | 0       |
|    add_ln58_702_fu_4068_p2                                          |     |        | add_ln58_702 | add | fabric | 0       |
|    add_ln58_708_fu_4108_p2                                          |     |        | add_ln58_708 | add | fabric | 0       |
|    add_ln58_709_fu_4114_p2                                          |     |        | add_ln58_709 | add | fabric | 0       |
|    add_ln58_716_fu_4156_p2                                          |     |        | add_ln58_716 | add | fabric | 0       |
|    add_ln58_721_fu_4190_p2                                          |     |        | add_ln58_721 | add | fabric | 0       |
|    add_ln58_722_fu_4200_p2                                          |     |        | add_ln58_722 | add | fabric | 0       |
|    add_ln58_730_fu_4248_p2                                          |     |        | add_ln58_730 | add | fabric | 0       |
|    add_ln58_732_fu_4260_p2                                          |     |        | add_ln58_732 | add | fabric | 0       |
|    add_ln58_733_fu_4270_p2                                          |     |        | add_ln58_733 | add | fabric | 0       |
|  + dense_latency_ap_fixed_16_6_5_3_0_ap_fixed_16_6_5_3_0_config18_s | 4   |        |              |     |        |         |
|    sub_ln73_fu_3144_p2                                              |     |        | sub_ln73     | sub | fabric | 0       |
|    sub_ln73_181_fu_3175_p2                                          |     |        | sub_ln73_181 | sub | fabric | 0       |
|    sub_ln73_182_fu_3206_p2                                          |     |        | sub_ln73_182 | sub | fabric | 0       |
|    sub_ln73_183_fu_3252_p2                                          |     |        | sub_ln73_183 | sub | fabric | 0       |
|    sub_ln73_184_fu_3287_p2                                          |     |        | sub_ln73_184 | sub | fabric | 0       |
|    sub_ln73_185_fu_3318_p2                                          |     |        | sub_ln73_185 | sub | fabric | 0       |
|    add_ln73_fu_3338_p2                                              |     |        | add_ln73     | add | fabric | 0       |
|    mul_15ns_10s_25_1_0_U125                                         | 1   |        | mul_ln73     | mul | auto   | 0       |
|    sub_ln73_186_fu_1742_p2                                          |     |        | sub_ln73_186 | sub | fabric | 0       |
|    sub_ln73_187_fu_3402_p2                                          |     |        | sub_ln73_187 | sub | fabric | 0       |
|    mul_15ns_9ns_23_1_0_U122                                         | 1   |        | mul_ln73_2   | mul | auto   | 0       |
|    mul_15ns_9s_24_1_0_U124                                          | 1   |        | mul_ln73_3   | mul | auto   | 0       |
|    sub_ln73_188_fu_1802_p2                                          |     |        | sub_ln73_188 | sub | fabric | 0       |
|    sub_ln73_189_fu_1834_p2                                          |     |        | sub_ln73_189 | sub | fabric | 0       |
|    sub_ln73_190_fu_1902_p2                                          |     |        | sub_ln73_190 | sub | fabric | 0       |
|    sub_ln73_191_fu_1934_p2                                          |     |        | sub_ln73_191 | sub | fabric | 0       |
|    sub_ln73_192_fu_1956_p2                                          |     |        | sub_ln73_192 | sub | fabric | 0       |
|    sub_ln73_193_fu_2028_p2                                          |     |        | sub_ln73_193 | sub | fabric | 0       |
|    sub_ln73_194_fu_2078_p2                                          |     |        | sub_ln73_194 | sub | fabric | 0       |
|    sub_ln73_195_fu_2122_p2                                          |     |        | sub_ln73_195 | sub | fabric | 0       |
|    add_ln73_11_fu_2170_p2                                           |     |        | add_ln73_11  | add | fabric | 0       |
|    sub_ln73_196_fu_2190_p2                                          |     |        | sub_ln73_196 | sub | fabric | 0       |
|    sub_ln73_197_fu_2210_p2                                          |     |        | sub_ln73_197 | sub | fabric | 0       |
|    sub_ln73_198_fu_2274_p2                                          |     |        | sub_ln73_198 | sub | fabric | 0       |
|    sub_ln73_199_fu_2350_p2                                          |     |        | sub_ln73_199 | sub | fabric | 0       |
|    sub_ln73_200_fu_2370_p2                                          |     |        | sub_ln73_200 | sub | fabric | 0       |
|    sub_ln73_201_fu_2430_p2                                          |     |        | sub_ln73_201 | sub | fabric | 0       |
|    sub_ln73_202_fu_2462_p2                                          |     |        | sub_ln73_202 | sub | fabric | 0       |
|    sub_ln73_203_fu_2484_p2                                          |     |        | sub_ln73_203 | sub | fabric | 0       |
|    sub_ln73_204_fu_2516_p2                                          |     |        | sub_ln73_204 | sub | fabric | 0       |
|    mul_15ns_10ns_24_1_0_U123                                        | 1   |        | mul_ln73_4   | mul | auto   | 0       |
|    sub_ln73_205_fu_2579_p2                                          |     |        | sub_ln73_205 | sub | fabric | 0       |
|    sub_ln73_206_fu_2611_p2                                          |     |        | sub_ln73_206 | sub | fabric | 0       |
|    add_ln73_12_fu_2659_p2                                           |     |        | add_ln73_12  | add | fabric | 0       |
|    sub_ln73_207_fu_2693_p2                                          |     |        | sub_ln73_207 | sub | fabric | 0       |
|    sub_ln73_208_fu_2713_p2                                          |     |        | sub_ln73_208 | sub | fabric | 0       |
|    sub_ln73_209_fu_2745_p2                                          |     |        | sub_ln73_209 | sub | fabric | 0       |
|    add_ln58_548_fu_2765_p2                                          |     |        | add_ln58_548 | add | fabric | 0       |
|    add_ln58_549_fu_2775_p2                                          |     |        | add_ln58_549 | add | fabric | 0       |
|    add_ln58_551_fu_2781_p2                                          |     |        | add_ln58_551 | add | fabric | 0       |
|    add_ln58_554_fu_2803_p2                                          |     |        | add_ln58_554 | add | fabric | 0       |
|    add_ln58_558_fu_2829_p2                                          |     |        | add_ln58_558 | add | fabric | 0       |
|    add_ln58_559_fu_2839_p2                                          |     |        | add_ln58_559 | add | fabric | 0       |
|    add_ln58_560_fu_2845_p2                                          |     |        | add_ln58_560 | add | fabric | 0       |
|    add_ln58_561_fu_2855_p2                                          |     |        | add_ln58_561 | add | fabric | 0       |
|    add_ln58_563_fu_2867_p2                                          |     |        | add_ln58_563 | add | fabric | 0       |
|    add_ln58_565_fu_2879_p2                                          |     |        | add_ln58_565 | add | fabric | 0       |
|    add_ln58_566_fu_2889_p2                                          |     |        | add_ln58_566 | add | fabric | 0       |
|    add_ln58_569_fu_3458_p2                                          |     |        | add_ln58_569 | add | fabric | 0       |
|    add_ln58_570_fu_3468_p2                                          |     |        | add_ln58_570 | add | fabric | 0       |
|    add_ln58_574_fu_2927_p2                                          |     |        | add_ln58_574 | add | fabric | 0       |
|    add_ln58_577_fu_2949_p2                                          |     |        | add_ln58_577 | add | fabric | 0       |
|    add_ln58_583_fu_2971_p2                                          |     |        | add_ln58_583 | add | fabric | 0       |
|    add_ln58_584_fu_2981_p2                                          |     |        | add_ln58_584 | add | fabric | 0       |
|    add_ln58_585_fu_2991_p2                                          |     |        | add_ln58_585 | add | fabric | 0       |
|    add_ln58_589_fu_3013_p2                                          |     |        | add_ln58_589 | add | fabric | 0       |
|    add_ln58_590_fu_3023_p2                                          |     |        | add_ln58_590 | add | fabric | 0       |
|    add_ln58_591_fu_3033_p2                                          |     |        | add_ln58_591 | add | fabric | 0       |
|    add_ln58_592_fu_3043_p2                                          |     |        | add_ln58_592 | add | fabric | 0       |
|    add_ln58_594_fu_3049_p2                                          |     |        | add_ln58_594 | add | fabric | 0       |
|    add_ln58_595_fu_3517_p2                                          |     |        | add_ln58_595 | add | fabric | 0       |
|    add_ln58_596_fu_3055_p2                                          |     |        | add_ln58_596 | add | fabric | 0       |
|    add_ln58_597_fu_3065_p2                                          |     |        | add_ln58_597 | add | fabric | 0       |
|    add_ln58_598_fu_3075_p2                                          |     |        | add_ln58_598 | add | fabric | 0       |
|    add_ln58_602_fu_3097_p2                                          |     |        | add_ln58_602 | add | fabric | 0       |
|    add_ln58_603_fu_3107_p2                                          |     |        | add_ln58_603 | add | fabric | 0       |
|    add_ln58_604_fu_3117_p2                                          |     |        | add_ln58_604 | add | fabric | 0       |
|    add_ln58_605_fu_3127_p2                                          |     |        | add_ln58_605 | add | fabric | 0       |
+---------------------------------------------------------------------+-----+--------+--------------+-----+--------+---------+


================================================================
== Storage Report
================================================================
  No bind storage info in design

================================================================
== Pragma Report
================================================================
* Pragmas with Warnings
+----------+-----------------------------------+-----------------------------------------------------------------------------------------+----------------------------------------------------------------------------+
| Type     | Options                           | Location                                                                                | Messages                                                                   |
+----------+-----------------------------------+-----------------------------------------------------------------------------------------+----------------------------------------------------------------------------+
| resource | variable=weights core=ROM_nP_BRAM | firmware/nnet_utils/nnet_dense_resource.h:33 in dense_resource_rf_leq_nin, weights      | 'Resource pragma' is deprecated, use 'bind_op/bind_storage pragma' instead |
| resource | variable=weights core=ROM_nP_BRAM | firmware/nnet_utils/nnet_dense_resource.h:107 in dense_resource_rf_gt_nin_rem0, weights | 'Resource pragma' is deprecated, use 'bind_op/bind_storage pragma' instead |
| resource | variable=weights core=ROM_nP_BRAM | firmware/nnet_utils/nnet_dense_resource.h:189 in dense_resource_rf_gt_nin, weights      | 'Resource pragma' is deprecated, use 'bind_op/bind_storage pragma' instead |
+----------+-----------------------------------+-----------------------------------------------------------------------------------------+----------------------------------------------------------------------------+

* Valid Pragma Syntax
+----------------------+-----------------------------------------------------------------------+------------------------------------------------------------------------------------------------+
| Type                 | Options                                                               | Location                                                                                       |
+----------------------+-----------------------------------------------------------------------+------------------------------------------------------------------------------------------------+
| array_reshape        | variable=input_1 complete dim=0                                       | firmware/myproject.cpp:13 in myproject, input_1                                                |
| array_partition      | variable=layer20_out complete dim=0                                   | firmware/myproject.cpp:14 in myproject, layer20_out                                            |
| interface            | ap_vld port=input_1,layer20_out                                       | firmware/myproject.cpp:15 in myproject, input_1,layer20_out                                    |
| pipeline             |                                                                       | firmware/myproject.cpp:16 in myproject                                                         |
| array_partition      | variable=layer2_out complete dim=0                                    | firmware/myproject.cpp:39 in myproject, layer2_out                                             |
| array_partition      | variable=layer3_out complete dim=0                                    | firmware/myproject.cpp:43 in myproject, layer3_out                                             |
| array_partition      | variable=layer6_out complete dim=0                                    | firmware/myproject.cpp:47 in myproject, layer6_out                                             |
| array_partition      | variable=layer7_out complete dim=0                                    | firmware/myproject.cpp:51 in myproject, layer7_out                                             |
| array_partition      | variable=layer8_out complete dim=0                                    | firmware/myproject.cpp:55 in myproject, layer8_out                                             |
| array_partition      | variable=layer11_out complete dim=0                                   | firmware/myproject.cpp:59 in myproject, layer11_out                                            |
| array_partition      | variable=layer12_out complete dim=0                                   | firmware/myproject.cpp:63 in myproject, layer12_out                                            |
| array_partition      | variable=layer13_out complete dim=0                                   | firmware/myproject.cpp:67 in myproject, layer13_out                                            |
| array_partition      | variable=layer16_out complete dim=0                                   | firmware/myproject.cpp:71 in myproject, layer16_out                                            |
| array_partition      | variable=layer17_out complete dim=0                                   | firmware/myproject.cpp:75 in myproject, layer17_out                                            |
| array_partition      | variable=layer18_out complete dim=0                                   | firmware/myproject.cpp:79 in myproject, layer18_out                                            |
| pipeline             |                                                                       | firmware/nnet_utils/nnet_activation.h:29 in linear                                             |
| pipeline             |                                                                       | firmware/nnet_utils/nnet_activation.h:40 in relu                                               |
| pipeline             |                                                                       | firmware/nnet_utils/nnet_activation.h:54 in relu_max                                           |
| pipeline             |                                                                       | firmware/nnet_utils/nnet_activation.h:109 in sigmoid                                           |
| pipeline             |                                                                       | firmware/nnet_utils/nnet_activation.h:171 in softmax_latency                                   |
| array_partition      | variable=exp_res complete                                             | firmware/nnet_utils/nnet_activation.h:193 in softmax_latency, exp_res                          |
| unroll               |                                                                       | firmware/nnet_utils/nnet_activation.h:196 in softmax_latency                                   |
| unroll               |                                                                       | firmware/nnet_utils/nnet_activation.h:210 in softmax_latency                                   |
| pipeline             |                                                                       | firmware/nnet_utils/nnet_activation.h:217 in softmax_stable                                    |
| unroll               |                                                                       | firmware/nnet_utils/nnet_activation.h:244 in softmax_stable                                    |
| array_partition      | variable=exp_res complete                                             | firmware/nnet_utils/nnet_activation.h:250 in softmax_stable, exp_res                           |
| unroll               |                                                                       | firmware/nnet_utils/nnet_activation.h:253 in softmax_stable                                    |
| unroll               |                                                                       | firmware/nnet_utils/nnet_activation.h:267 in softmax_stable                                    |
| pipeline             |                                                                       | firmware/nnet_utils/nnet_activation.h:315 in softmax_legacy                                    |
| unroll               |                                                                       | firmware/nnet_utils/nnet_activation.h:360 in softmax_argmax                                    |
| pipeline             |                                                                       | firmware/nnet_utils/nnet_activation.h:368 in softmax_argmax                                    |
| inline               |                                                                       | firmware/nnet_utils/nnet_activation.h:380 in softmax                                           |
| pipeline             |                                                                       | firmware/nnet_utils/nnet_activation.h:427 in tanh                                              |
| function_instantiate | variable=table                                                        | firmware/nnet_utils/nnet_activation.h:456 in unary_lut, table                                  |
| array_partition      | variable=table                                                        | firmware/nnet_utils/nnet_activation.h:457 in unary_lut, table                                  |
| unroll               |                                                                       | firmware/nnet_utils/nnet_activation.h:460 in unary_lut                                         |
| pipeline             |                                                                       | firmware/nnet_utils/nnet_activation.h:471 in hard_sigmoid                                      |
| pipeline             |                                                                       | firmware/nnet_utils/nnet_activation.h:486 in hard_tanh                                         |
| pipeline             |                                                                       | firmware/nnet_utils/nnet_activation.h:504 in leaky_relu                                        |
| pipeline             |                                                                       | firmware/nnet_utils/nnet_activation.h:521 in thresholded_relu                                  |
| pipeline             |                                                                       | firmware/nnet_utils/nnet_activation.h:566 in softplus                                          |
| pipeline             |                                                                       | firmware/nnet_utils/nnet_activation.h:615 in softsign                                          |
| pipeline             |                                                                       | firmware/nnet_utils/nnet_activation.h:664 in elu                                               |
| pipeline             |                                                                       | firmware/nnet_utils/nnet_activation.h:720 in selu                                              |
| pipeline             |                                                                       | firmware/nnet_utils/nnet_activation.h:743 in prelu                                             |
| pipeline             |                                                                       | firmware/nnet_utils/nnet_activation.h:760 in binary_tanh                                       |
| pipeline             |                                                                       | firmware/nnet_utils/nnet_activation.h:780 in ternary_tanh                                      |
| pipeline             |                                                                       | firmware/nnet_utils/nnet_activation_stream.h:20 in linear                                      |
| unroll               |                                                                       | firmware/nnet_utils/nnet_activation_stream.h:28 in linear                                      |
| pipeline             |                                                                       | firmware/nnet_utils/nnet_activation_stream.h:42 in relu                                        |
| unroll               |                                                                       | firmware/nnet_utils/nnet_activation_stream.h:50 in relu                                        |
| pipeline             |                                                                       | firmware/nnet_utils/nnet_activation_stream.h:81 in sigmoid                                     |
| unroll               |                                                                       | firmware/nnet_utils/nnet_activation_stream.h:89 in sigmoid                                     |
| array_partition      | variable=exp_res complete                                             | firmware/nnet_utils/nnet_activation_stream.h:133 in softmax_latency, exp_res                   |
| pipeline             | II=ii                                                                 | firmware/nnet_utils/nnet_activation_stream.h:137 in softmax_latency                            |
| unroll               |                                                                       | firmware/nnet_utils/nnet_activation_stream.h:142 in softmax_latency                            |
| unroll               |                                                                       | firmware/nnet_utils/nnet_activation_stream.h:161 in softmax_latency                            |
| allocation           | operation instances=mul limit=multiplier_limit                        | firmware/nnet_utils/nnet_activation_stream.h:162 in softmax_latency                            |
| array_partition      | variable=data_array complete                                          | firmware/nnet_utils/nnet_activation_stream.h:194 in softmax_stable, data_array                 |
| pipeline             | II=ii                                                                 | firmware/nnet_utils/nnet_activation_stream.h:197 in softmax_stable                             |
| unroll               |                                                                       | firmware/nnet_utils/nnet_activation_stream.h:202 in softmax_stable                             |
| unroll               |                                                                       | firmware/nnet_utils/nnet_activation_stream.h:214 in softmax_stable                             |
| array_partition      | variable=exp_res complete                                             | firmware/nnet_utils/nnet_activation_stream.h:220 in softmax_stable, exp_res                    |
| unroll               |                                                                       | firmware/nnet_utils/nnet_activation_stream.h:223 in softmax_stable                             |
| unroll               |                                                                       | firmware/nnet_utils/nnet_activation_stream.h:242 in softmax_stable                             |
| allocation           | operation instances=mul limit=multiplier_limit                        | firmware/nnet_utils/nnet_activation_stream.h:243 in softmax_stable                             |
| pipeline             |                                                                       | firmware/nnet_utils/nnet_activation_stream.h:275 in softmax_legacy                             |
| unroll               |                                                                       | firmware/nnet_utils/nnet_activation_stream.h:279 in softmax_legacy                             |
| unroll               |                                                                       | firmware/nnet_utils/nnet_activation_stream.h:286 in softmax_legacy                             |
| unroll               |                                                                       | firmware/nnet_utils/nnet_activation_stream.h:289 in softmax_legacy                             |
| unroll               |                                                                       | firmware/nnet_utils/nnet_activation_stream.h:312 in softmax_legacy                             |
| pipeline             |                                                                       | firmware/nnet_utils/nnet_activation_stream.h:329 in softmax_argmax                             |
| unroll               |                                                                       | firmware/nnet_utils/nnet_activation_stream.h:334 in softmax_argmax                             |
| pipeline             |                                                                       | firmware/nnet_utils/nnet_activation_stream.h:342 in softmax_argmax                             |
| pipeline             |                                                                       | firmware/nnet_utils/nnet_activation_stream.h:393 in tanh                                       |
| unroll               |                                                                       | firmware/nnet_utils/nnet_activation_stream.h:401 in tanh                                       |
| function_instantiate | variable=table                                                        | firmware/nnet_utils/nnet_activation_stream.h:421 in unary_lut, table                           |
| array_partition      | variable=table complete                                               | firmware/nnet_utils/nnet_activation_stream.h:422 in unary_lut, table                           |
| pipeline             | II=CONFIG_T::reuse_factor rewind                                      | firmware/nnet_utils/nnet_activation_stream.h:426 in unary_lut                                  |
| unroll               |                                                                       | firmware/nnet_utils/nnet_activation_stream.h:434 in unary_lut                                  |
| pipeline             |                                                                       | firmware/nnet_utils/nnet_activation_stream.h:452 in hard_sigmoid                               |
| unroll               |                                                                       | firmware/nnet_utils/nnet_activation_stream.h:460 in hard_sigmoid                               |
| pipeline             |                                                                       | firmware/nnet_utils/nnet_activation_stream.h:477 in hard_tanh                                  |
| unroll               |                                                                       | firmware/nnet_utils/nnet_activation_stream.h:485 in hard_tanh                                  |
| pipeline             |                                                                       | firmware/nnet_utils/nnet_activation_stream.h:506 in leaky_relu                                 |
| unroll               |                                                                       | firmware/nnet_utils/nnet_activation_stream.h:514 in leaky_relu                                 |
| pipeline             |                                                                       | firmware/nnet_utils/nnet_activation_stream.h:532 in thresholded_relu                           |
| unroll               |                                                                       | firmware/nnet_utils/nnet_activation_stream.h:540 in thresholded_relu                           |
| pipeline             |                                                                       | firmware/nnet_utils/nnet_activation_stream.h:571 in softplus                                   |
| unroll               |                                                                       | firmware/nnet_utils/nnet_activation_stream.h:579 in softplus                                   |
| pipeline             |                                                                       | firmware/nnet_utils/nnet_activation_stream.h:612 in softsign                                   |
| unroll               |                                                                       | firmware/nnet_utils/nnet_activation_stream.h:620 in softsign                                   |
| pipeline             |                                                                       | firmware/nnet_utils/nnet_activation_stream.h:653 in elu                                        |
| unroll               |                                                                       | firmware/nnet_utils/nnet_activation_stream.h:661 in elu                                        |
| pipeline             |                                                                       | firmware/nnet_utils/nnet_activation_stream.h:701 in selu                                       |
| unroll               |                                                                       | firmware/nnet_utils/nnet_activation_stream.h:709 in selu                                       |
| pipeline             |                                                                       | firmware/nnet_utils/nnet_activation_stream.h:733 in prelu                                      |
| unroll               |                                                                       | firmware/nnet_utils/nnet_activation_stream.h:741 in prelu                                      |
| pipeline             |                                                                       | firmware/nnet_utils/nnet_activation_stream.h:758 in binary_tanh                                |
| unroll               |                                                                       | firmware/nnet_utils/nnet_activation_stream.h:766 in binary_tanh                                |
| pipeline             |                                                                       | firmware/nnet_utils/nnet_activation_stream.h:783 in ternary_tanh                               |
| unroll               |                                                                       | firmware/nnet_utils/nnet_activation_stream.h:791 in ternary_tanh                               |
| inline               |                                                                       | firmware/nnet_utils/nnet_code_gen.h:28 in h_quantize                                           |
| inline               |                                                                       | firmware/nnet_utils/nnet_code_gen.h:50 in h_dense_relu_quantizer                               |
| inline               |                                                                       | firmware/nnet_utils/nnet_code_gen.h:120 in h_dense_1_relu_quantizer                            |
| inline               |                                                                       | firmware/nnet_utils/nnet_code_gen.h:158 in h_dense_2_relu_quantizer                            |
| inline               |                                                                       | firmware/nnet_utils/nnet_code_gen.h:196 in h_dense_3_quantizer                                 |
| array_partition      | variable=data_buf complete dim=0                                      | firmware/nnet_utils/nnet_conv1d_latency.h:19 in conv_1d_latency_cl, data_buf                   |
| array_partition      | variable=mult complete                                                | firmware/nnet_utils/nnet_conv1d_latency.h:22 in conv_1d_latency_cl, mult                       |
| array_partition      | variable=acc complete                                                 | firmware/nnet_utils/nnet_conv1d_latency.h:25 in conv_1d_latency_cl, acc                        |
| array_partition      | variable=weights complete                                             | firmware/nnet_utils/nnet_conv1d_latency.h:27 in conv_1d_latency_cl, weights                    |
| array_partition      | variable=biases complete                                              | firmware/nnet_utils/nnet_conv1d_latency.h:28 in conv_1d_latency_cl, biases                     |
| allocation           | operation instances=mul limit=CONFIG_T::mult_config::multiplier_limit | firmware/nnet_utils/nnet_conv1d_latency.h:31 in conv_1d_latency_cl                             |
| pipeline             | II=CONFIG_T::reuse_factor rewind                                      | firmware/nnet_utils/nnet_conv1d_latency.h:35 in conv_1d_latency_cl                             |
| unroll               |                                                                       | firmware/nnet_utils/nnet_conv1d_latency.h:41 in conv_1d_latency_cl                             |
| unroll               |                                                                       | firmware/nnet_utils/nnet_conv1d_latency.h:48 in conv_1d_latency_cl                             |
| unroll               |                                                                       | firmware/nnet_utils/nnet_conv1d_latency.h:52 in conv_1d_latency_cl                             |
| unroll               |                                                                       | firmware/nnet_utils/nnet_conv1d_latency.h:62 in conv_1d_latency_cl                             |
| unroll               |                                                                       | firmware/nnet_utils/nnet_conv1d_latency.h:69 in conv_1d_latency_cl                             |
| unroll               |                                                                       | firmware/nnet_utils/nnet_conv1d_latency.h:72 in conv_1d_latency_cl                             |
| unroll               |                                                                       | firmware/nnet_utils/nnet_conv1d_latency.h:80 in conv_1d_latency_cl                             |
| array_partition      | variable=mult complete dim=0                                          | firmware/nnet_utils/nnet_conv1d_latency.h:98 in pointwise_conv_1d_latency_cl, mult             |
| array_partition      | variable=acc complete dim=0                                           | firmware/nnet_utils/nnet_conv1d_latency.h:99 in pointwise_conv_1d_latency_cl, acc              |
| function_instantiate | variable=weights,biases                                               | firmware/nnet_utils/nnet_conv1d_latency.h:102 in pointwise_conv_1d_latency_cl, weights,biases  |
| pipeline             | II=CONFIG_T::reuse_factor                                             | firmware/nnet_utils/nnet_conv1d_latency.h:105 in pointwise_conv_1d_latency_cl                  |
| array_partition      | variable=weights complete dim=0                                       | firmware/nnet_utils/nnet_conv1d_latency.h:106 in pointwise_conv_1d_latency_cl, weights         |
| array_partition      | variable=biases complete dim=0                                        | firmware/nnet_utils/nnet_conv1d_latency.h:107 in pointwise_conv_1d_latency_cl, biases          |
| allocation           | operation instances=mul limit=CONFIG_T::mult_config::multiplier_limit | firmware/nnet_utils/nnet_conv1d_latency.h:110 in pointwise_conv_1d_latency_cl                  |
| unroll               |                                                                       | firmware/nnet_utils/nnet_conv1d_latency.h:119 in pointwise_conv_1d_latency_cl                  |
| unroll               |                                                                       | firmware/nnet_utils/nnet_conv1d_latency.h:138 in pointwise_conv_1d_latency_cl                  |
| unroll               |                                                                       | firmware/nnet_utils/nnet_conv1d_latency.h:160 in pointwise_conv_1d_latency_cl                  |
| inline               |                                                                       | firmware/nnet_utils/nnet_dense.h:44 in dense                                                   |
| inline               |                                                                       | firmware/nnet_utils/nnet_dense.h:53 in dense                                                   |
| inline               |                                                                       | firmware/nnet_utils/nnet_dense.h:64 in dense                                                   |
| inline               |                                                                       | firmware/nnet_utils/nnet_dense.h:75 in dense                                                   |
| unroll               |                                                                       | firmware/nnet_utils/nnet_dense_compressed.h:15 in fill_mult                                    |
| array_partition      | variable=acc complete                                                 | firmware/nnet_utils/nnet_dense_compressed.h:29 in dense_compressed, acc                        |
| array_partition      | variable=biases complete                                              | firmware/nnet_utils/nnet_dense_compressed.h:30 in dense_compressed, biases                     |
| array_reshape        | variable=weights block factor=multiplier_limit                        | firmware/nnet_utils/nnet_dense_compressed.h:31 in dense_compressed, weights                    |
| aggregate            | variable=weights                                                      | firmware/nnet_utils/nnet_dense_compressed.h:34 in dense_compressed, weights                    |
| unroll               |                                                                       | firmware/nnet_utils/nnet_dense_compressed.h:41 in dense_compressed                             |
| pipeline             | II=1 rewind                                                           | firmware/nnet_utils/nnet_dense_compressed.h:49 in dense_compressed                             |
| array_partition      | variable=mult complete                                                | firmware/nnet_utils/nnet_dense_compressed.h:52 in dense_compressed, mult                       |
| unroll               |                                                                       | firmware/nnet_utils/nnet_dense_compressed.h:56 in dense_compressed                             |
| unroll               |                                                                       | firmware/nnet_utils/nnet_dense_compressed.h:62 in dense_compressed                             |
| unroll               |                                                                       | firmware/nnet_utils/nnet_dense_compressed.h:82 in dense_compressed                             |
| function_instantiate | variable=weights,biases                                               | firmware/nnet_utils/nnet_dense_latency.h:21 in dense_latency, weights,biases                   |
| pipeline             | II=CONFIG_T::reuse_factor                                             | firmware/nnet_utils/nnet_dense_latency.h:26 in dense_latency                                   |
| array_partition      | variable=biases complete                                              | firmware/nnet_utils/nnet_dense_latency.h:29 in dense_latency, biases                           |
| array_partition      | variable=mult complete                                                | firmware/nnet_utils/nnet_dense_latency.h:30 in dense_latency, mult                             |
| array_partition      | variable=acc complete                                                 | firmware/nnet_utils/nnet_dense_latency.h:31 in dense_latency, acc                              |
| allocation           | operation instances=mul limit=CONFIG_T::multiplier_limit              | firmware/nnet_utils/nnet_dense_latency.h:33 in dense_latency                                   |
| function_instantiate | variable=weights,biases                                               | firmware/nnet_utils/nnet_dense_resource.h:28 in dense_resource_rf_leq_nin, weights,biases      |
| array_reshape        | variable=weights block factor=block_factor                            | firmware/nnet_utils/nnet_dense_resource.h:29 in dense_resource_rf_leq_nin, weights             |
| array_partition      | variable=biases complete                                              | firmware/nnet_utils/nnet_dense_resource.h:30 in dense_resource_rf_leq_nin, biases              |
| array_partition      | variable=acc complete                                                 | firmware/nnet_utils/nnet_dense_resource.h:37 in dense_resource_rf_leq_nin, acc                 |
| unroll               |                                                                       | firmware/nnet_utils/nnet_dense_resource.h:41 in dense_resource_rf_leq_nin                      |
| pipeline             | II=1 rewind                                                           | firmware/nnet_utils/nnet_dense_resource.h:47 in dense_resource_rf_leq_nin                      |
| unroll               |                                                                       | firmware/nnet_utils/nnet_dense_resource.h:56 in dense_resource_rf_leq_nin                      |
| unroll               |                                                                       | firmware/nnet_utils/nnet_dense_resource.h:81 in dense_resource_rf_leq_nin                      |
| function_instantiate | variable=weights,biases                                               | firmware/nnet_utils/nnet_dense_resource.h:102 in dense_resource_rf_gt_nin_rem0, weights,biases |
| array_reshape        | variable=weights block factor=block_factor                            | firmware/nnet_utils/nnet_dense_resource.h:103 in dense_resource_rf_gt_nin_rem0, weights        |
| array_partition      | variable=biases complete                                              | firmware/nnet_utils/nnet_dense_resource.h:104 in dense_resource_rf_gt_nin_rem0, biases         |
| array_partition      | variable=acc complete                                                 | firmware/nnet_utils/nnet_dense_resource.h:111 in dense_resource_rf_gt_nin_rem0, acc            |
| unroll               |                                                                       | firmware/nnet_utils/nnet_dense_resource.h:115 in dense_resource_rf_gt_nin_rem0                 |
| pipeline             | II=1 rewind                                                           | firmware/nnet_utils/nnet_dense_resource.h:136 in dense_resource_rf_gt_nin_rem0                 |
| unroll               |                                                                       | firmware/nnet_utils/nnet_dense_resource.h:143 in dense_resource_rf_gt_nin_rem0                 |
| unroll               |                                                                       | firmware/nnet_utils/nnet_dense_resource.h:163 in dense_resource_rf_gt_nin_rem0                 |
| function_instantiate | variable=weights,biases                                               | firmware/nnet_utils/nnet_dense_resource.h:184 in dense_resource_rf_gt_nin, weights,biases      |
| array_reshape        | variable=weights block factor=block_factor                            | firmware/nnet_utils/nnet_dense_resource.h:185 in dense_resource_rf_gt_nin, weights             |
| array_partition      | variable=biases complete                                              | firmware/nnet_utils/nnet_dense_resource.h:186 in dense_resource_rf_gt_nin, biases              |
| array_partition      | variable=acc complete                                                 | firmware/nnet_utils/nnet_dense_resource.h:193 in dense_resource_rf_gt_nin, acc                 |
| unroll               |                                                                       | firmware/nnet_utils/nnet_dense_resource.h:197 in dense_resource_rf_gt_nin                      |
| pipeline             | II=1 rewind                                                           | firmware/nnet_utils/nnet_dense_resource.h:203 in dense_resource_rf_gt_nin                      |
| array_partition      | variable=tmpmult complete                                             | firmware/nnet_utils/nnet_dense_resource.h:205 in dense_resource_rf_gt_nin, tmpmult             |
| unroll               |                                                                       | firmware/nnet_utils/nnet_dense_resource.h:209 in dense_resource_rf_gt_nin                      |
| array_partition      | variable=mult complete                                                | firmware/nnet_utils/nnet_dense_resource.h:219 in dense_resource_rf_gt_nin, mult                |
| unroll               |                                                                       | firmware/nnet_utils/nnet_dense_resource.h:223 in dense_resource_rf_gt_nin                      |
| unroll               |                                                                       | firmware/nnet_utils/nnet_dense_resource.h:229 in dense_resource_rf_gt_nin                      |
| unroll               |                                                                       | firmware/nnet_utils/nnet_dense_resource.h:239 in dense_resource_rf_gt_nin                      |
| unroll               |                                                                       | firmware/nnet_utils/nnet_dense_resource.h:249 in dense_resource_rf_gt_nin                      |
| inline               | recursive                                                             | firmware/nnet_utils/nnet_dense_resource.h:259 in dense_resource                                |
| pipeline             | II=CONFIG_T::reuse_factor                                             | firmware/nnet_utils/nnet_dense_stream.h:16 in dense_latency_wrapper                            |
| inline               |                                                                       | firmware/nnet_utils/nnet_dense_stream.h:29 in data_prepare                                     |
| pipeline             |                                                                       | firmware/nnet_utils/nnet_dense_stream.h:34 in data_prepare                                     |
| unroll               |                                                                       | firmware/nnet_utils/nnet_dense_stream.h:38 in data_prepare                                     |
| unroll               |                                                                       | firmware/nnet_utils/nnet_dense_stream.h:46 in data_prepare                                     |
| inline               |                                                                       | firmware/nnet_utils/nnet_dense_stream.h:54 in res_write                                        |
| pipeline             |                                                                       | firmware/nnet_utils/nnet_dense_stream.h:59 in res_write                                        |
| unroll               |                                                                       | firmware/nnet_utils/nnet_dense_stream.h:64 in res_write                                        |
| unroll               |                                                                       | firmware/nnet_utils/nnet_dense_stream.h:74 in res_write                                        |
| inline               | recursive                                                             | firmware/nnet_utils/nnet_dense_stream.h:85 in dense                                            |
| array_partition      | variable=data complete                                                | firmware/nnet_utils/nnet_dense_stream.h:88 in dense, data                                      |
| array_partition      | variable=res complete                                                 | firmware/nnet_utils/nnet_dense_stream.h:91 in dense, res                                       |
| inline               |                                                                       | firmware/nnet_utils/nnet_mult.h:25 in product                                                  |
| inline               |                                                                       | firmware/nnet_utils/nnet_mult.h:34 in product                                                  |
| inline               |                                                                       | firmware/nnet_utils/nnet_mult.h:46 in product                                                  |
| inline               |                                                                       | firmware/nnet_utils/nnet_mult.h:58 in product                                                  |
| inline               |                                                                       | firmware/nnet_utils/nnet_mult.h:72 in product                                                  |
| inline               |                                                                       | firmware/nnet_utils/nnet_mult.h:82 in product                                                  |
| pipeline             |                                                                       | firmware/nnet_utils/nnet_stream.h:23 in clone_stream                                           |
| unroll               |                                                                       | firmware/nnet_utils/nnet_stream.h:33 in clone_stream                                           |
| pipeline             |                                                                       | firmware/nnet_utils/nnet_stream.h:47 in clone_stream                                           |
| unroll               |                                                                       | firmware/nnet_utils/nnet_stream.h:59 in clone_stream                                           |
| pipeline             |                                                                       | firmware/nnet_utils/nnet_stream.h:74 in repack_stream                                          |
| unroll               |                                                                       | firmware/nnet_utils/nnet_stream.h:81 in repack_stream                                          |
| pipeline             |                                                                       | firmware/nnet_utils/nnet_stream.h:91 in repack_stream                                          |
| pipeline             |                                                                       | firmware/nnet_utils/nnet_stream.h:99 in repack_stream                                          |
| unroll               |                                                                       | firmware/nnet_utils/nnet_stream.h:103 in repack_stream                                         |
| pipeline             |                                                                       | firmware/nnet_utils/nnet_stream.h:114 in repack_stream                                         |
| unroll               |                                                                       | firmware/nnet_utils/nnet_stream.h:118 in repack_stream                                         |
| pipeline             |                                                                       | firmware/nnet_utils/nnet_stream.h:139 in broadcast_stream_1x1xc                                |
| pipeline             |                                                                       | firmware/nnet_utils/nnet_stream.h:142 in broadcast_stream_1x1xc                                |
| unroll               |                                                                       | firmware/nnet_utils/nnet_stream.h:146 in broadcast_stream_1x1xc                                |
| pipeline             |                                                                       | firmware/nnet_utils/nnet_stream.h:160 in broadcast_stream_hxwx1                                |
| unroll               |                                                                       | firmware/nnet_utils/nnet_stream.h:165 in broadcast_stream_hxwx1                                |
| unroll               |                                                                       | firmware/nnet_utils/nnet_types.h:28 in operator=                                               |
+----------------------+-----------------------------------------------------------------------+------------------------------------------------------------------------------------------------+


